# time_fs vacf
0.000000000000000000e+00 8.466141994949390236e-05
1.000000000000000000e+00 8.449783790228543887e-05
2.000000000000000000e+00 8.400795839853849299e-05
3.000000000000000000e+00 8.319523895535529143e-05
4.000000000000000000e+00 8.206538911626021725e-05
5.000000000000000000e+00 8.062628758665800282e-05
6.000000000000000000e+00 7.888787006741384655e-05
7.000000000000000000e+00 7.686199165168418389e-05
8.000000000000000000e+00 7.456226785146375529e-05
9.000000000000000000e+00 7.200389904120189921e-05
1.000000000000000000e+01 6.920348291181425049e-05
1.100000000000000000e+01 6.617881950873276810e-05
1.200000000000000000e+01 6.294871310098962898e-05
1.300000000000000000e+01 5.953277482097747773e-05
1.400000000000000000e+01 5.595122917288816581e-05
1.500000000000000000e+01 5.222472722403128558e-05
1.600000000000000000e+01 4.837416869952390868e-05
1.700000000000000000e+01 4.442053458821010298e-05
1.800000000000000000e+01 4.038473124845136315e-05
1.900000000000000000e+01 3.628744674263444250e-05
2.000000000000000000e+01 3.214901962724321720e-05
2.100000000000000000e+01 2.798932014514783474e-05
2.200000000000000000e+01 2.382764361731404051e-05
2.300000000000000000e+01 1.968261563845407700e-05
2.400000000000000000e+01 1.557210859655259731e-05
2.500000000000000000e+01 1.151316910854981534e-05
2.600000000000000000e+01 7.521955736566544434e-06
2.700000000000000000e+01 3.613686564697542840e-06
2.800000000000000000e+01 -1.974040025266595095e-07
2.900000000000000000e+01 -3.898099619898643081e-06
3.000000000000000000e+01 -7.476228202926637223e-06
3.100000000000000000e+01 -1.092068043456498227e-05
3.200000000000000000e+01 -1.422142102173404196e-05
3.300000000000000000e+01 -1.736949325683974040e-05
3.400000000000000000e+01 -2.035701727796000932e-05
3.500000000000000000e+01 -2.317718258858628459e-05
3.600000000000000000e+01 -2.582423528494531386e-05
3.700000000000000000e+01 -2.829346037839386300e-05
3.800000000000000000e+01 -3.058115961548282243e-05
3.900000000000000000e+01 -3.268462522511273832e-05
4.000000000000000000e+01 -3.460211005521614589e-05
4.100000000000000000e+01 -3.633279433334344238e-05
4.200000000000000000e+01 -3.787674953453091235e-05
4.300000000000000000e+01 -3.923489965877890231e-05
4.400000000000000000e+01 -4.040898027831510170e-05
4.500000000000000000e+01 -4.140149573436930459e-05
4.600000000000000000e+01 -4.221567480324059027e-05
4.700000000000000000e+01 -4.285542498505091007e-05
4.800000000000000000e+01 -4.332528587317094305e-05
4.900000000000000000e+01 -4.363038176053430479e-05
5.000000000000000000e+01 -4.377637379298045722e-05
5.100000000000000000e+01 -4.376941184201892370e-05
5.200000000000000000e+01 -4.361608627047930994e-05
5.300000000000000000e+01 -4.332337985096673276e-05
5.400000000000000000e+01 -4.289861998331240495e-05
5.500000000000000000e+01 -4.234943138082693085e-05
5.600000000000000000e+01 -4.168368942614793254e-05
5.700000000000000000e+01 -4.090947430561709113e-05
5.800000000000000000e+01 -4.003502600164939322e-05
5.900000000000000000e+01 -3.906870030819837328e-05
6.000000000000000000e+01 -3.801892594847183549e-05
6.100000000000000000e+01 -3.689416280709396071e-05
6.200000000000000000e+01 -3.570286144938788201e-05
6.300000000000000000e+01 -3.445342398265191497e-05
6.400000000000000000e+01 -3.315416636498788827e-05
6.500000000000000000e+01 -3.181328215747291835e-05
6.600000000000000000e+01 -3.043880787972195429e-05
6.700000000000000000e+01 -2.903859008060570110e-05
6.800000000000000000e+01 -2.762025411245073677e-05
6.900000000000000000e+01 -2.619117471896548885e-05
7.000000000000000000e+01 -2.475844856055833528e-05
7.100000000000000000e+01 -2.332886861525805338e-05
7.200000000000000000e+01 -2.190890062205698788e-05
7.300000000000000000e+01 -2.050466162485498582e-05
7.400000000000000000e+01 -1.912190066471736969e-05
7.500000000000000000e+01 -1.776598156642839461e-05
7.600000000000000000e+01 -1.644186810154329062e-05
7.700000000000000000e+01 -1.515411132712323101e-05
7.800000000000000000e+01 -1.390683934074601195e-05
7.900000000000000000e+01 -1.270374935603318836e-05
8.000000000000000000e+01 -1.154810226643199187e-05
8.100000000000000000e+01 -1.044271965023281707e-05
8.200000000000000000e+01 -9.389983258824564477e-06
8.300000000000000000e+01 -8.391836936729494425e-06
8.400000000000000000e+01 -7.449791035273110530e-06
8.500000000000000000e+01 -6.564929287211014189e-06
8.600000000000000000e+01 -5.737917971581684435e-06
8.700000000000000000e+01 -4.969017362785706354e-06
8.800000000000000000e+01 -4.258095426756713901e-06
8.900000000000000000e+01 -3.604643596474957140e-06
9.000000000000000000e+01 -3.007794466709148970e-06
9.100000000000000000e+01 -2.466341355387972628e-06
9.200000000000000000e+01 -1.978759502574125561e-06
9.300000000000000000e+01 -1.543228820343226687e-06
9.400000000000000000e+01 -1.157657928297077542e-06
9.500000000000000000e+01 -8.197093849501257655e-07
9.600000000000000000e+01 -5.268258133993460893e-07
9.700000000000000000e+01 -2.762567810504838880e-07
9.800000000000000000e+01 -6.508622950972973841e-08
9.900000000000000000e+01 1.097397299852961320e-07
1.000000000000000000e+02 2.513849490164584038e-07
1.010000000000000000e+02 3.630953885933837045e-07
1.020000000000000000e+02 4.481715322970947624e-07
1.030000000000000000e+02 5.099412552444832739e-07
1.040000000000000000e+02 5.517333266059109627e-07
1.050000000000000000e+02 5.768516861437812043e-07
1.060000000000000000e+02 5.885506607511873821e-07
1.070000000000000000e+02 5.900113395922603794e-07
1.080000000000000000e+02 5.843191083535688377e-07
1.090000000000000000e+02 5.744426098198777479e-07
1.100000000000000000e+02 5.632141312114363399e-07
1.110000000000000000e+02 5.533115929843603615e-07
1.120000000000000000e+02 5.472421464672731612e-07
1.130000000000000000e+02 5.473275755512834621e-07
1.140000000000000000e+02 5.556914387535470823e-07
1.150000000000000000e+02 5.742480467223272009e-07
1.160000000000000000e+02 6.046933499261148242e-07
1.170000000000000000e+02 6.484976839377555520e-07
1.180000000000000000e+02 7.069004469194550983e-07
1.190000000000000000e+02 7.809066365024510991e-07
1.200000000000000000e+02 8.712852797165531226e-07
1.210000000000000000e+02 9.785696150022095253e-07
1.220000000000000000e+02 1.103059174190581143e-06
1.230000000000000000e+02 1.244823479799041615e-06
1.240000000000000000e+02 1.403707389975981450e-06
1.250000000000000000e+02 1.579337999515668947e-06
1.260000000000000000e+02 1.771132974551937514e-06
1.270000000000000000e+02 1.978310217183156347e-06
1.280000000000000000e+02 2.199898763315767700e-06
1.290000000000000000e+02 2.434750838654093384e-06
1.300000000000000000e+02 2.681554864899979325e-06
1.310000000000000000e+02 2.938849314040710185e-06
1.320000000000000000e+02 3.205037441210731203e-06
1.330000000000000000e+02 3.478402558856004066e-06
1.340000000000000000e+02 3.757123902677592565e-06
1.350000000000000000e+02 4.039292952588958388e-06
1.360000000000000000e+02 4.322930062400968177e-06
1.370000000000000000e+02 4.606001281867221467e-06
1.380000000000000000e+02 4.886435389753402635e-06
1.390000000000000000e+02 5.162140866045396623e-06
1.400000000000000000e+02 5.431022792323647748e-06
1.410000000000000000e+02 5.690999516132722185e-06
1.420000000000000000e+02 5.940019066023629898e-06
1.430000000000000000e+02 6.176075134076857066e-06
1.440000000000000000e+02 6.397222515944318033e-06
1.450000000000000000e+02 6.601592001308394242e-06
1.460000000000000000e+02 6.787404546516135916e-06
1.470000000000000000e+02 6.952984722149322191e-06
1.480000000000000000e+02 7.096773252851944393e-06
1.490000000000000000e+02 7.217338624227735659e-06
1.500000000000000000e+02 7.313387705834070712e-06
1.510000000000000000e+02 7.383775289023457701e-06
1.520000000000000000e+02 7.427512454870544997e-06
1.530000000000000000e+02 7.443773787148685288e-06
1.540000000000000000e+02 7.431903331687434427e-06
1.550000000000000000e+02 7.391419268684639036e-06
1.560000000000000000e+02 7.322017303775683265e-06
1.570000000000000000e+02 7.223572729168175252e-06
1.580000000000000000e+02 7.096141248488972891e-06
1.590000000000000000e+02 6.939958545061208629e-06
1.600000000000000000e+02 6.755438615890886958e-06
1.610000000000000000e+02 6.543170867584370334e-06
1.620000000000000000e+02 6.303916131150482257e-06
1.630000000000000000e+02 6.038601559800459183e-06
1.640000000000000000e+02 5.748314425425739728e-06
1.650000000000000000e+02 5.434295027210779559e-06
1.660000000000000000e+02 5.097928555643535256e-06
1.670000000000000000e+02 4.740736159993215344e-06
1.680000000000000000e+02 4.364365155548030322e-06
1.690000000000000000e+02 3.970578524605366998e-06
1.700000000000000000e+02 3.561243700785912333e-06
1.710000000000000000e+02 3.138320737419766057e-06
1.720000000000000000e+02 2.703849983548553359e-06
1.730000000000000000e+02 2.259939326166049681e-06
1.740000000000000000e+02 1.808751117757534780e-06
1.750000000000000000e+02 1.352488826653407660e-06
1.760000000000000000e+02 8.933835406161631061e-07
1.770000000000000000e+02 4.336803941002207823e-07
1.780000000000000000e+02 -2.437493756494071556e-08
1.790000000000000000e+02 -4.785496961832830168e-07
1.800000000000000000e+02 -9.266372596124320328e-07
1.810000000000000000e+02 -1.366470134094021335e-06
1.820000000000000000e+02 -1.795932589229348553e-06
1.830000000000000000e+02 -2.212972899188356705e-06
1.840000000000000000e+02 -2.615615081890234131e-06
1.850000000000000000e+02 -3.001970078105364015e-06
1.860000000000000000e+02 -3.370246303869892119e-06
1.870000000000000000e+02 -3.718759446523935125e-06
1.880000000000000000e+02 -4.045941563434710632e-06
1.890000000000000000e+02 -4.350349338436809513e-06
1.900000000000000000e+02 -4.630671492414956265e-06
1.910000000000000000e+02 -4.885735245864647344e-06
1.920000000000000000e+02 -5.114511941090553668e-06
1.930000000000000000e+02 -5.316121683736911680e-06
1.940000000000000000e+02 -5.489837082035627886e-06
1.950000000000000000e+02 -5.635086066210553451e-06
1.960000000000000000e+02 -5.751453765233326032e-06
1.970000000000000000e+02 -5.838683461565080809e-06
1.980000000000000000e+02 -5.896676644198927588e-06
1.990000000000000000e+02 -5.925492159483450295e-06
2.000000000000000000e+02 -5.925344522702096482e-06
2.010000000000000000e+02 -5.896601321145151412e-06
2.020000000000000000e+02 -5.839779790227312446e-06
2.030000000000000000e+02 -5.755542543133881233e-06
2.040000000000000000e+02 -5.644692578101298686e-06
2.050000000000000000e+02 -5.508167518053399669e-06
2.060000000000000000e+02 -5.347033084815501253e-06
2.070000000000000000e+02 -5.162476006762515695e-06
2.080000000000000000e+02 -4.955796233340875962e-06
2.090000000000000000e+02 -4.728398578306046601e-06
2.100000000000000000e+02 -4.481783951893969511e-06
2.110000000000000000e+02 -4.217540048878723276e-06
2.120000000000000000e+02 -3.937331611411639358e-06
2.130000000000000000e+02 -3.642890372746658806e-06
2.140000000000000000e+02 -3.336004762677522626e-06
2.150000000000000000e+02 -3.018509301585045392e-06
2.160000000000000000e+02 -2.692273888869482896e-06
2.170000000000000000e+02 -2.359192973141784451e-06
2.180000000000000000e+02 -2.021174720600382043e-06
2.190000000000000000e+02 -1.680130201673485622e-06
2.200000000000000000e+02 -1.337962685819941019e-06
2.210000000000000000e+02 -9.965570756507878562e-07
2.220000000000000000e+02 -6.577695848566883481e-07
2.230000000000000000e+02 -3.234176778843365008e-07
2.240000000000000000e+02 4.729684570814102925e-09
2.250000000000000000e+02 3.249613476485717864e-07
2.260000000000000000e+02 6.356328561791206464e-07
2.270000000000000000e+02 9.351747945995416744e-07
2.280000000000000000e+02 1.222100637594771076e-06
2.290000000000000000e+02 1.495013970395867352e-06
2.300000000000000000e+02 1.752615006097857263e-06
2.310000000000000000e+02 1.993706504267296017e-06
2.320000000000000000e+02 2.217199007289689105e-06
2.330000000000000000e+02 2.422115300545896730e-06
2.340000000000000000e+02 2.607594226776327979e-06
2.350000000000000000e+02 2.772893713923575204e-06
2.360000000000000000e+02 2.917393043600841207e-06
2.370000000000000000e+02 3.040594452012419986e-06
2.380000000000000000e+02 3.142123996858329155e-06
2.390000000000000000e+02 3.221731723562206671e-06
2.400000000000000000e+02 3.279291075563346380e-06
2.410000000000000000e+02 3.314797724397435282e-06
2.420000000000000000e+02 3.328367751063778814e-06
2.430000000000000000e+02 3.320235187203249627e-06
2.440000000000000000e+02 3.290749007059772680e-06
2.450000000000000000e+02 3.240369567009474237e-06
2.460000000000000000e+02 3.169664429837338596e-06
2.470000000000000000e+02 3.079303803616518678e-06
2.480000000000000000e+02 2.970055441413475944e-06
2.490000000000000000e+02 2.842779001931365319e-06
2.500000000000000000e+02 2.698420038400951858e-06
2.510000000000000000e+02 2.538003577438366067e-06
2.520000000000000000e+02 2.362627413899677170e-06
2.530000000000000000e+02 2.173455092949811679e-06
2.540000000000000000e+02 1.971708662959585820e-06
2.550000000000000000e+02 1.758661300807854501e-06
2.560000000000000000e+02 1.535629778244362635e-06
2.570000000000000000e+02 1.303966814792689463e-06
2.580000000000000000e+02 1.065053457774592166e-06
2.590000000000000000e+02 8.202913216659653308e-07
2.600000000000000000e+02 5.710949901766165964e-07
2.610000000000000000e+02 3.188843645183256213e-07
2.620000000000000000e+02 6.507713980572514455e-08
2.630000000000000000e+02 -1.889186026353156704e-07
2.640000000000000000e+02 -4.417115929087107703e-07
2.650000000000000000e+02 -6.919344152327201884e-07
2.660000000000000000e+02 -9.382502955416476974e-07
2.670000000000000000e+02 -1.179359534047956727e-06
2.680000000000000000e+02 -1.414005714657498219e-06
2.690000000000000000e+02 -1.640981503620116388e-06
2.700000000000000000e+02 -1.859134126545170347e-06
2.710000000000000000e+02 -2.067370449715493128e-06
2.720000000000000000e+02 -2.264661645102116376e-06
2.730000000000000000e+02 -2.450047475003273992e-06
2.740000000000000000e+02 -2.622640142437374168e-06
2.750000000000000000e+02 -2.781627694142487095e-06
2.760000000000000000e+02 -2.926276996467797904e-06
2.770000000000000000e+02 -3.055936258003753479e-06
2.780000000000000000e+02 -3.170037052057432516e-06
2.790000000000000000e+02 -3.268095937407166700e-06
2.800000000000000000e+02 -3.349715534028958475e-06
2.810000000000000000e+02 -3.414585213665025821e-06
2.820000000000000000e+02 -3.462481297880848315e-06
2.830000000000000000e+02 -3.493266778876298416e-06
2.840000000000000000e+02 -3.506890635709772799e-06
2.850000000000000000e+02 -3.503386644142468012e-06
2.860000000000000000e+02 -3.482871752973287610e-06
2.870000000000000000e+02 -3.445544126577775215e-06
2.880000000000000000e+02 -3.391680753237518228e-06
2.890000000000000000e+02 -3.321634700120307664e-06
2.900000000000000000e+02 -3.235832027670495855e-06
2.910000000000000000e+02 -3.134768308930530764e-06
2.920000000000000000e+02 -3.019004939533757008e-06
2.930000000000000000e+02 -2.889165156400141362e-06
2.940000000000000000e+02 -2.745929803136447742e-06
2.950000000000000000e+02 -2.590032828045302128e-06
2.960000000000000000e+02 -2.422256619120661488e-06
2.970000000000000000e+02 -2.243427190810088907e-06
2.980000000000000000e+02 -2.054409216807430927e-06
2.990000000000000000e+02 -1.856100957294784282e-06
3.000000000000000000e+02 -1.649429058693164321e-06
3.010000000000000000e+02 -1.435343347495627199e-06
3.020000000000000000e+02 -1.214811547114147917e-06
3.030000000000000000e+02 -9.888139771532472641e-07
3.040000000000000000e+02 -7.583383331853642015e-07
3.050000000000000000e+02 -5.243744723375510461e-07
3.060000000000000000e+02 -2.879092942301716431e-07
3.070000000000000000e+02 -4.992167346568603564e-08
3.080000000000000000e+02 1.886223870679858099e-07
3.090000000000000000e+02 4.267744747100798224e-07
3.100000000000000000e+02 6.636082855733135857e-07
3.110000000000000000e+02 8.982238660146679641e-07
3.120000000000000000e+02 1.129751662245584030e-06
3.130000000000000000e+02 1.357356237962699407e-06
3.140000000000000000e+02 1.580239668533823914e-06
3.150000000000000000e+02 1.797644643085485321e-06
3.160000000000000000e+02 2.008857228326454339e-06
3.170000000000000000e+02 2.213209281367253517e-06
3.180000000000000000e+02 2.410080462801485101e-06
3.190000000000000000e+02 2.598899930573919213e-06
3.200000000000000000e+02 2.779147596778279351e-06
3.210000000000000000e+02 2.950355185630423449e-06
3.220000000000000000e+02 3.112106887949830053e-06
3.230000000000000000e+02 3.264039625351478929e-06
3.240000000000000000e+02 3.405843073521291962e-06
3.250000000000000000e+02 3.537259353178403601e-06
3.260000000000000000e+02 3.658082397364282358e-06
3.270000000000000000e+02 3.768157057727213949e-06
3.280000000000000000e+02 3.867377923246594248e-06
3.290000000000000000e+02 3.955687879727461391e-06
3.300000000000000000e+02 4.033076563092935799e-06
3.310000000000000000e+02 4.099578605501087640e-06
3.320000000000000000e+02 4.155271731620960592e-06
3.330000000000000000e+02 4.200274794307105437e-06
3.340000000000000000e+02 4.234745728021029446e-06
3.350000000000000000e+02 4.258879470003502759e-06
3.360000000000000000e+02 4.272905843119254099e-06
3.370000000000000000e+02 4.277087421590976682e-06
3.380000000000000000e+02 4.271717350000489321e-06
3.390000000000000000e+02 4.257117202293261237e-06
3.400000000000000000e+02 4.233634847730629755e-06
3.410000000000000000e+02 4.201642245165188755e-06
3.420000000000000000e+02 4.161533269211705054e-06
3.430000000000000000e+02 4.113721449214938298e-06
3.440000000000000000e+02 4.058637753205649045e-06
3.450000000000000000e+02 3.996728318436562279e-06
3.460000000000000000e+02 3.928452161861846871e-06
3.470000000000000000e+02 3.854278760811090503e-06
3.480000000000000000e+02 3.774685673375577857e-06
3.490000000000000000e+02 3.690156135510981161e-06
3.500000000000000000e+02 3.601176582122790448e-06
3.510000000000000000e+02 3.508234201273214297e-06
3.520000000000000000e+02 3.411814491917653302e-06
3.530000000000000000e+02 3.312398844468236296e-06
3.540000000000000000e+02 3.210462167296580635e-06
3.550000000000000000e+02 3.106470539182114406e-06
3.560000000000000000e+02 3.000878896706898156e-06
3.570000000000000000e+02 2.894128782317090984e-06
3.580000000000000000e+02 2.786646279903897641e-06
3.590000000000000000e+02 2.678839984733729022e-06
3.600000000000000000e+02 2.571099166728971357e-06
3.610000000000000000e+02 2.463792092561428823e-06
3.620000000000000000e+02 2.357264577755209076e-06
3.630000000000000000e+02 2.251838790129500410e-06
3.640000000000000000e+02 2.147812279620014322e-06
3.650000000000000000e+02 2.045457243380723686e-06
3.660000000000000000e+02 1.945020091501052329e-06
3.670000000000000000e+02 1.846721176154623098e-06
3.680000000000000000e+02 1.750754796299234463e-06
3.690000000000000000e+02 1.657289385215501201e-06
3.700000000000000000e+02 1.566467903785609387e-06
3.710000000000000000e+02 1.478408380663497016e-06
3.720000000000000000e+02 1.393204566550540818e-06
3.730000000000000000e+02 1.310926722336929980e-06
3.740000000000000000e+02 1.231622500469235159e-06
3.750000000000000000e+02 1.155317989192583008e-06
3.760000000000000000e+02 1.082018727873306888e-06
3.770000000000000000e+02 1.011710912661055612e-06
3.780000000000000000e+02 9.443625717240168463e-07
3.790000000000000000e+02 8.799248086535311602e-07
3.800000000000000000e+02 8.183331261745068463e-07
3.810000000000000000e+02 7.595087375824763152e-07
3.820000000000000000e+02 7.033599228332578635e-07
3.830000000000000000e+02 6.497834395517190065e-07
3.840000000000000000e+02 5.986659215081211155e-07
3.850000000000000000e+02 5.498852495004829497e-07
3.860000000000000000e+02 5.033120038746601295e-07
3.870000000000000000e+02 4.588109414294670281e-07
3.880000000000000000e+02 4.162423350437626720e-07
3.890000000000000000e+02 3.754633719482249569e-07
3.900000000000000000e+02 3.363295040697805284e-07
3.910000000000000000e+02 2.986957563474506435e-07
3.920000000000000000e+02 2.624179767571630229e-07
3.930000000000000000e+02 2.273540585945547769e-07
3.940000000000000000e+02 1.933650190718402532e-07
3.950000000000000000e+02 1.603160836802321763e-07
3.960000000000000000e+02 1.280776144322661584e-07
3.970000000000000000e+02 9.652592402225182270e-08
3.980000000000000000e+02 6.554401753934168114e-08
3.990000000000000000e+02 3.502219147312899879e-08
4.000000000000000000e+02 4.858511693758524126e-09
4.010000000000000000e+02 -2.504085524650605200e-08
4.020000000000000000e+02 -5.476149559563660469e-08
4.030000000000000000e+02 -8.438064735638564135e-08
4.040000000000000000e+02 -1.139672605248374108e-07
4.050000000000000000e+02 -1.435822271525988066e-07
4.060000000000000000e+02 -1.732786494323113457e-07
4.070000000000000000e+02 -2.031022686549265702e-07
4.080000000000000000e+02 -2.330919523975229564e-07
4.090000000000000000e+02 -2.632802521033604924e-07
4.100000000000000000e+02 -2.936940022421952970e-07
4.110000000000000000e+02 -3.243549580189678750e-07
4.120000000000000000e+02 -3.552804791199060695e-07
4.130000000000000000e+02 -3.864841919389199413e-07
4.140000000000000000e+02 -4.179766366012281824e-07
4.150000000000000000e+02 -4.497658838540421759e-07
4.160000000000000000e+02 -4.818580987357521251e-07
4.170000000000000000e+02 -5.142580614272809076e-07
4.180000000000000000e+02 -5.469696012792300909e-07
4.190000000000000000e+02 -5.799959376641277603e-07
4.200000000000000000e+02 -6.133399962966475053e-07
4.210000000000000000e+02 -6.470045481210992323e-07
4.220000000000000000e+02 -6.809923080919957916e-07
4.230000000000000000e+02 -7.153059786250882253e-07
4.240000000000000000e+02 -7.499481133319329943e-07
4.250000000000000000e+02 -7.849209106652708295e-07
4.260000000000000000e+02 -8.202259694174165349e-07
4.270000000000000000e+02 -8.558638973531046797e-07
4.280000000000000000e+02 -8.918339040519566168e-07
4.290000000000000000e+02 -9.281333103772185822e-07
4.300000000000000000e+02 -9.647570925481440879e-07
4.310000000000000000e+02 -1.001697402139342401e-06
4.320000000000000000e+02 -1.038943145845025305e-06
4.330000000000000000e+02 -1.076479578532183409e-06
4.340000000000000000e+02 -1.114288052297931698e-06
4.350000000000000000e+02 -1.152345802179061161e-06
4.360000000000000000e+02 -1.190625802828339651e-06
4.370000000000000000e+02 -1.229096742506978284e-06
4.380000000000000000e+02 -1.267723143797074247e-06
4.390000000000000000e+02 -1.306465531249183236e-06
4.400000000000000000e+02 -1.345280689122757306e-06
4.410000000000000000e+02 -1.384121953858238266e-06
4.420000000000000000e+02 -1.422939583835592369e-06
4.430000000000000000e+02 -1.461681158759579722e-06
4.440000000000000000e+02 -1.500292040144595920e-06
4.450000000000000000e+02 -1.538715747743872415e-06
4.460000000000000000e+02 -1.576894455903522416e-06
4.470000000000000000e+02 -1.614769401810419363e-06
4.480000000000000000e+02 -1.652281281838266590e-06
4.490000000000000000e+02 -1.689370693705239174e-06
4.500000000000000000e+02 -1.725978464225243518e-06
4.510000000000000000e+02 -1.762045984721260806e-06
4.520000000000000000e+02 -1.797515492445762547e-06
4.530000000000000000e+02 -1.832330301295884838e-06
4.540000000000000000e+02 -1.866434890160245473e-06
4.550000000000000000e+02 -1.899775011359334977e-06
4.560000000000000000e+02 -1.932297733022805773e-06
4.570000000000000000e+02 -1.963951341948965475e-06
4.580000000000000000e+02 -1.994685208760388528e-06
4.590000000000000000e+02 -2.024449656888106179e-06
4.600000000000000000e+02 -2.053195716061009043e-06
4.610000000000000000e+02 -2.080874838522545052e-06
4.620000000000000000e+02 -2.107438583042491221e-06
4.630000000000000000e+02 -2.132838227098545090e-06
4.640000000000000000e+02 -2.157024393788354874e-06
4.650000000000000000e+02 -2.179946605822605842e-06
4.660000000000000000e+02 -2.201552870137296575e-06
4.670000000000000000e+02 -2.221789254143132301e-06
4.680000000000000000e+02 -2.240599429369124391e-06
4.690000000000000000e+02 -2.257924312510224811e-06
4.700000000000000000e+02 -2.273701637521799235e-06
4.710000000000000000e+02 -2.287865679093855758e-06
4.720000000000000000e+02 -2.300346947419496420e-06
4.730000000000000000e+02 -2.311071944985572881e-06
4.740000000000000000e+02 -2.319962992019118199e-06
4.750000000000000000e+02 -2.326938076823532613e-06
4.760000000000000000e+02 -2.331910762864677847e-06
4.770000000000000000e+02 -2.334790144637067777e-06
4.780000000000000000e+02 -2.335480920364145553e-06
4.790000000000000000e+02 -2.333883481754048965e-06
4.800000000000000000e+02 -2.329894101864585178e-06
4.810000000000000000e+02 -2.323405198239859053e-06
4.820000000000000000e+02 -2.314305732525952037e-06
4.830000000000000000e+02 -2.302481627575514346e-06
4.840000000000000000e+02 -2.287816369954147376e-06
4.850000000000000000e+02 -2.270191645898631613e-06
4.860000000000000000e+02 -2.249488152122209518e-06
4.870000000000000000e+02 -2.225586464762548131e-06
4.880000000000000000e+02 -2.198368048317511277e-06
4.890000000000000000e+02 -2.167716387728958944e-06
4.900000000000000000e+02 -2.133518204805932744e-06
4.910000000000000000e+02 -2.095664732061609867e-06
4.920000000000000000e+02 -2.054053044338215469e-06
4.930000000000000000e+02 -2.008587375253026710e-06
4.940000000000000000e+02 -1.959180513471880102e-06
4.950000000000000000e+02 -1.905755188166196865e-06
4.960000000000000000e+02 -1.848245407966235905e-06
4.970000000000000000e+02 -1.786597735649871748e-06
4.980000000000000000e+02 -1.720772540654057267e-06
4.990000000000000000e+02 -1.650745103676545496e-06
5.000000000000000000e+02 -1.576506703920434206e-06
5.010000000000000000e+02 -1.498065551835344079e-06
5.020000000000000000e+02 -1.415447584415287823e-06
5.030000000000000000e+02 -1.328697138732377589e-06
5.040000000000000000e+02 -1.237877525899083902e-06
5.050000000000000000e+02 -1.143071420997359902e-06
5.060000000000000000e+02 -1.044381052136142325e-06
5.070000000000000000e+02 -9.419282139661024803e-07
5.080000000000000000e+02 -8.358541190371991688e-07
5.090000000000000000e+02 -7.263191302881379262e-07
5.100000000000000000e+02 -6.135022406139718389e-07
5.110000000000000000e+02 -4.976004340052309528e-07
5.120000000000000000e+02 -3.788278627703511983e-07
5.130000000000000000e+02 -2.574149135042900198e-07
5.140000000000000000e+02 -1.336071686633798068e-07
5.150000000000000000e+02 -7.664285818418213742e-09
5.160000000000000000e+02 1.201412732093569526e-07
5.170000000000000000e+02 2.495254740747628650e-07
5.180000000000000000e+02 3.801939813468031416e-07
5.190000000000000000e+02 5.118435233336182505e-07
5.200000000000000000e+02 6.441631328470472391e-07
5.210000000000000000e+02 7.768354065790144889e-07
5.220000000000000000e+02 9.095376451035411064e-07
5.230000000000000000e+02 1.041942988099940370e-06
5.240000000000000000e+02 1.173721472052790531e-06
5.250000000000000000e+02 1.304540947367054476e-06
5.260000000000000000e+02 1.434067961349279215e-06
5.270000000000000000e+02 1.561968477348702220e-06
5.280000000000000000e+02 1.687908526887565358e-06
5.290000000000000000e+02 1.811554806479476879e-06
5.300000000000000000e+02 1.932575136499343230e-06
5.310000000000000000e+02 2.050638941280694457e-06
5.320000000000000000e+02 2.165417610284804435e-06
5.330000000000000000e+02 2.276584840856576046e-06
5.340000000000000000e+02 2.383816938973682773e-06
5.350000000000000000e+02 2.486793144528603370e-06
5.360000000000000000e+02 2.585195974946568472e-06
5.370000000000000000e+02 2.678711552019050037e-06
5.380000000000000000e+02 2.767030026419869372e-06
5.390000000000000000e+02 2.849846016431962099e-06
5.400000000000000000e+02 2.926859155665672655e-06
5.410000000000000000e+02 2.997774689175084567e-06
5.420000000000000000e+02 3.062304165432817808e-06
5.430000000000000000e+02 3.120166264589513140e-06
5.440000000000000000e+02 3.171087637847032901e-06
5.450000000000000000e+02 3.214803870776420863e-06
5.460000000000000000e+02 3.251060480633563165e-06
5.470000000000000000e+02 3.279614074628053680e-06
5.480000000000000000e+02 3.300233555919223485e-06
5.490000000000000000e+02 3.312701412880468829e-06
5.500000000000000000e+02 3.316815099842884584e-06
5.510000000000000000e+02 3.312388387738526493e-06
5.520000000000000000e+02 3.299252819938393883e-06
5.530000000000000000e+02 3.277259191333191669e-06
5.540000000000000000e+02 3.246279001917000097e-06
5.550000000000000000e+02 3.206205926170166808e-06
5.560000000000000000e+02 3.156957182684726098e-06
5.570000000000000000e+02 3.098474857941422720e-06
5.580000000000000000e+02 3.030727120343630430e-06
5.590000000000000000e+02 2.953709309555723049e-06
5.600000000000000000e+02 2.867444896096228109e-06
5.610000000000000000e+02 2.771986316139129197e-06
5.620000000000000000e+02 2.667415690971822104e-06
5.630000000000000000e+02 2.553845356314091891e-06
5.640000000000000000e+02 2.431418295072000877e-06
5.650000000000000000e+02 2.300308425229380956e-06
5.660000000000000000e+02 2.160720787969873514e-06
5.670000000000000000e+02 2.012891564338606214e-06
5.680000000000000000e+02 1.857087962870325222e-06
5.690000000000000000e+02 1.693608028565350105e-06
5.700000000000000000e+02 1.522780277525550043e-06
5.710000000000000000e+02 1.344963136201353855e-06
5.720000000000000000e+02 1.160544342354278163e-06
5.730000000000000000e+02 9.699400836791034230e-07
5.740000000000000000e+02 7.735940417960288335e-07
5.750000000000000000e+02 5.719762634437540632e-07
5.760000000000000000e+02 3.655818421046936761e-07
5.770000000000000000e+02 1.549294995645769540e-07
5.780000000000000000e+02 -5.943998042517950548e-08
5.790000000000000000e+02 -2.769654432337893101e-07
5.800000000000000000e+02 -4.970672342425472642e-07
5.810000000000000000e+02 -7.191491635341764168e-07
5.820000000000000000e+02 -9.426005189165041110e-07
5.830000000000000000e+02 -1.166798235032414729e-06
5.840000000000000000e+02 -1.391109057308190861e-06
5.850000000000000000e+02 -1.614891788336185528e-06
5.860000000000000000e+02 -1.837499581752335562e-06
5.870000000000000000e+02 -2.058282220347220548e-06
5.880000000000000000e+02 -2.276588460106975607e-06
5.890000000000000000e+02 -2.491768318296649643e-06
5.900000000000000000e+02 -2.703175417087912585e-06
5.910000000000000000e+02 -2.910169309436750570e-06
5.920000000000000000e+02 -3.112117755337009799e-06
5.930000000000000000e+02 -3.308399000248336644e-06
5.940000000000000000e+02 -3.498404040655785273e-06
5.950000000000000000e+02 -3.681538803956968582e-06
5.960000000000000000e+02 -3.857226265477078583e-06
5.970000000000000000e+02 -4.024908505232237836e-06
5.980000000000000000e+02 -4.184048637034063662e-06
5.990000000000000000e+02 -4.334132598863235437e-06
6.000000000000000000e+02 -4.474670859063449516e-06
6.010000000000000000e+02 -4.605199980075116474e-06
6.020000000000000000e+02 -4.725284075097425130e-06
6.030000000000000000e+02 -4.834516139982855778e-06
6.040000000000000000e+02 -4.932519286395871512e-06
6.050000000000000000e+02 -5.018947897103188016e-06
6.060000000000000000e+02 -5.093488701436122028e-06
6.070000000000000000e+02 -5.155861793210783989e-06
6.080000000000000000e+02 -5.205821572965320353e-06
6.090000000000000000e+02 -5.243157642974554098e-06
6.100000000000000000e+02 -5.267695666234394910e-06
6.110000000000000000e+02 -5.279298133684934037e-06
6.120000000000000000e+02 -5.277865054436639955e-06
6.130000000000000000e+02 -5.263334625617738372e-06
6.140000000000000000e+02 -5.235683782495113995e-06
6.150000000000000000e+02 -5.194928664217442485e-06
6.160000000000000000e+02 -5.141124972462435260e-06
6.170000000000000000e+02 -5.074368156156348058e-06
6.180000000000000000e+02 -4.994793484709416026e-06
6.190000000000000000e+02 -4.902575964716772754e-06
6.200000000000000000e+02 -4.797930047079790174e-06
6.210000000000000000e+02 -4.681109111614729580e-06
6.220000000000000000e+02 -4.552404784854179593e-06
6.230000000000000000e+02 -4.412146005288611640e-06
6.240000000000000000e+02 -4.260697898737890556e-06
6.250000000000000000e+02 -4.098460361738266624e-06
6.260000000000000000e+02 -3.925866477027902344e-06
6.270000000000000000e+02 -3.743380740661999061e-06
6.280000000000000000e+02 -3.551497108617933295e-06
6.290000000000000000e+02 -3.350736946251996469e-06
6.300000000000000000e+02 -3.141646845780220803e-06
6.310000000000000000e+02 -2.924796353205088002e-06
6.320000000000000000e+02 -2.700775693695917043e-06
6.330000000000000000e+02 -2.470193425330210132e-06
6.340000000000000000e+02 -2.233674058199164994e-06
6.350000000000000000e+02 -1.991855712060046807e-06
6.360000000000000000e+02 -1.745387724189093954e-06
6.370000000000000000e+02 -1.494928281006008287e-06
6.380000000000000000e+02 -1.241142028620207959e-06
6.390000000000000000e+02 -9.846976768088460650e-07
6.400000000000000000e+02 -7.262656514785008277e-07
6.410000000000000000e+02 -4.665157121216325357e-07
6.420000000000000000e+02 -2.061146121228670111e-07
6.430000000000000000e+02 5.427609003378383432e-08
6.440000000000000000e+02 3.140022733743596768e-07
6.450000000000000000e+02 5.724193706905491995e-07
6.460000000000000000e+02 8.288943706924243704e-07
6.470000000000000000e+02 1.082807685739966142e-06
6.480000000000000000e+02 1.333554955699026647e-06
6.490000000000000000e+02 1.580548724077066742e-06
6.500000000000000000e+02 1.823219987020143445e-06
6.510000000000000000e+02 2.061019637067378316e-06
6.520000000000000000e+02 2.293419766471463889e-06
6.530000000000000000e+02 2.519914894763060465e-06
6.540000000000000000e+02 2.740023044259646275e-06
6.550000000000000000e+02 2.953286707311112994e-06
6.560000000000000000e+02 3.159273693145502203e-06
6.570000000000000000e+02 3.357577881418602375e-06
6.580000000000000000e+02 3.547819918511306126e-06
6.590000000000000000e+02 3.729647750032425731e-06
6.600000000000000000e+02 3.902737125062532014e-06
6.610000000000000000e+02 4.066791949035203627e-06
6.620000000000000000e+02 4.221544614158831803e-06
6.630000000000000000e+02 4.366756226364353428e-06
6.640000000000000000e+02 4.502216756996944302e-06
6.650000000000000000e+02 4.627745104351495696e-06
6.660000000000000000e+02 4.743188998775311990e-06
6.670000000000000000e+02 4.848424882969323622e-06
6.680000000000000000e+02 4.943357670144592701e-06
6.690000000000000000e+02 5.027920327119891910e-06
6.700000000000000000e+02 5.102073359285065822e-06
6.710000000000000000e+02 5.165804137610830848e-06
6.720000000000000000e+02 5.219126170217662473e-06
6.730000000000000000e+02 5.262078227467490918e-06
6.740000000000000000e+02 5.294723344219170067e-06
6.750000000000000000e+02 5.317147719445245702e-06
6.760000000000000000e+02 5.329459579917062647e-06
6.770000000000000000e+02 5.331788045570240443e-06
6.780000000000000000e+02 5.324281931706643792e-06
6.790000000000000000e+02 5.307108560609353919e-06
6.800000000000000000e+02 5.280452589576661255e-06
6.810000000000000000e+02 5.244514957178784387e-06
6.820000000000000000e+02 5.199511861574186354e-06
6.830000000000000000e+02 5.145673768614747134e-06
6.840000000000000000e+02 5.083244495606710253e-06
6.850000000000000000e+02 5.012480414130860841e-06
6.860000000000000000e+02 4.933649660947468834e-06
6.870000000000000000e+02 4.847031429897460109e-06
6.880000000000000000e+02 4.752915313317292418e-06
6.890000000000000000e+02 4.651600686858943729e-06
6.900000000000000000e+02 4.543396087452791924e-06
6.910000000000000000e+02 4.428618703899945422e-06
6.920000000000000000e+02 4.307593802699899323e-06
6.930000000000000000e+02 4.180654196264720585e-06
6.940000000000000000e+02 4.048139670858529254e-06
6.950000000000000000e+02 3.910396433655844853e-06
6.960000000000000000e+02 3.767776552968853880e-06
6.970000000000000000e+02 3.620637363083807786e-06
6.980000000000000000e+02 3.469340841829549971e-06
6.990000000000000000e+02 3.314252931765651093e-06
7.000000000000000000e+02 3.155742835183525968e-06
7.010000000000000000e+02 2.994182216295702517e-06
7.020000000000000000e+02 2.829944357532800741e-06
7.030000000000000000e+02 2.663403263365874894e-06
7.040000000000000000e+02 2.494932775201089879e-06
7.050000000000000000e+02 2.324905651813689738e-06
7.060000000000000000e+02 2.153692648854233820e-06
7.070000000000000000e+02 1.981661548176002728e-06
7.080000000000000000e+02 1.809176249232677307e-06
7.090000000000000000e+02 1.636595816352615786e-06
7.100000000000000000e+02 1.464273477703944024e-06
7.110000000000000000e+02 1.292555701768585465e-06
7.120000000000000000e+02 1.121781241411828086e-06
7.130000000000000000e+02 9.522802827579847095e-07
7.140000000000000000e+02 7.843735715659218881e-07
7.150000000000000000e+02 6.183716154543048835e-07
7.160000000000000000e+02 4.545740111451326549e-07
7.170000000000000000e+02 2.932688179525759276e-07
7.180000000000000000e+02 1.347320657704288915e-07
7.190000000000000000e+02 -2.077257457475764411e-08
7.200000000000000000e+02 -1.729941500194894161e-07
7.210000000000000000e+02 -3.216945917859840485e-07
7.220000000000000000e+02 -4.666489176650922308e-07
7.230000000000000000e+02 -6.076453363145939002e-07
7.240000000000000000e+02 -7.444853489359032512e-07
7.250000000000000000e+02 -8.769837973103910062e-07
7.260000000000000000e+02 -1.004968812911080560e-06
7.270000000000000000e+02 -1.128281798239715300e-06
7.280000000000000000e+02 -1.246777429342153072e-06
7.290000000000000000e+02 -1.360323564726624308e-06
7.300000000000000000e+02 -1.468801103199997291e-06
7.310000000000000000e+02 -1.572103890694256240e-06
7.320000000000000000e+02 -1.670138583755092808e-06
7.330000000000000000e+02 -1.762824470440941974e-06
7.340000000000000000e+02 -1.850093333032607313e-06
7.350000000000000000e+02 -1.931889216428421997e-06
7.360000000000000000e+02 -2.008168290211794718e-06
7.370000000000000000e+02 -2.078898688388192678e-06
7.380000000000000000e+02 -2.144060278019191701e-06
7.390000000000000000e+02 -2.203644518876328305e-06
7.400000000000000000e+02 -2.257654325905510635e-06
7.410000000000000000e+02 -2.306103938851414147e-06
7.420000000000000000e+02 -2.349018794839491462e-06
7.430000000000000000e+02 -2.386435422163821774e-06
7.440000000000000000e+02 -2.418401323018108543e-06
7.450000000000000000e+02 -2.444974868034582859e-06
7.460000000000000000e+02 -2.466225187295862454e-06
7.470000000000000000e+02 -2.482232000835534226e-06
7.480000000000000000e+02 -2.493085466567565341e-06
7.490000000000000000e+02 -2.498885954789066663e-06
7.500000000000000000e+02 -2.499743779213363853e-06
7.510000000000000000e+02 -2.495778887825058436e-06
7.520000000000000000e+02 -2.487120471964528395e-06
7.530000000000000000e+02 -2.473906532712483161e-06
7.540000000000000000e+02 -2.456283411607781034e-06
7.550000000000000000e+02 -2.434405209711132106e-06
7.560000000000000000e+02 -2.408433273724819634e-06
7.570000000000000000e+02 -2.378535556299194048e-06
7.580000000000000000e+02 -2.344885964457824378e-06
7.590000000000000000e+02 -2.307663744150493755e-06
7.600000000000000000e+02 -2.267052886620589966e-06
7.610000000000000000e+02 -2.223241568157512306e-06
7.620000000000000000e+02 -2.176421505563395928e-06
7.630000000000000000e+02 -2.126787437403551664e-06
7.640000000000000000e+02 -2.074536614929360995e-06
7.650000000000000000e+02 -2.019868183089858569e-06
7.660000000000000000e+02 -1.962982649419745211e-06
7.670000000000000000e+02 -1.904081266511511048e-06
7.680000000000000000e+02 -1.843365454772933494e-06
7.690000000000000000e+02 -1.781036170935143322e-06
7.700000000000000000e+02 -1.717293279715330471e-06
7.710000000000000000e+02 -1.652334972947784403e-06
7.720000000000000000e+02 -1.586357075378202966e-06
7.730000000000000000e+02 -1.519552364389713742e-06
7.740000000000000000e+02 -1.452109972225322836e-06
7.750000000000000000e+02 -1.384214689896741123e-06
7.760000000000000000e+02 -1.316046311782276796e-06
7.770000000000000000e+02 -1.247778991691315747e-06
7.780000000000000000e+02 -1.179580638138404088e-06
7.790000000000000000e+02 -1.111612348210172359e-06
7.800000000000000000e+02 -1.044027898422090345e-06
7.810000000000000000e+02 -9.769733486125297726e-07
7.820000000000000000e+02 -9.105866815528920550e-07
7.830000000000000000e+02 -8.449975464059109481e-07
7.840000000000000000e+02 -7.803271817207136448e-07
7.850000000000000000e+02 -7.166883528777601772e-07
7.860000000000000000e+02 -6.541854350226186591e-07
7.870000000000000000e+02 -5.929146371911799080e-07
7.880000000000000000e+02 -5.329642666670216038e-07
7.890000000000000000e+02 -4.744150875213696915e-07
7.900000000000000000e+02 -4.173406684673129918e-07
7.910000000000000000e+02 -3.618078158467703640e-07
7.920000000000000000e+02 -3.078769487489338476e-07
7.930000000000000000e+02 -2.556025215697622429e-07
7.940000000000000000e+02 -2.050333394180274810e-07
7.950000000000000000e+02 -1.562128359574004743e-07
7.960000000000000000e+02 -1.091792541860999241e-07
7.970000000000000000e+02 -6.396578997886218467e-08
7.980000000000000000e+02 -2.060069839544009089e-08
7.990000000000000000e+02 2.089267103499880074e-08
8.000000000000000000e+02 6.049599471392197696e-08
8.010000000000000000e+02 9.819608596878045229e-08
8.020000000000000000e+02 1.339850497225161236e-07
8.030000000000000000e+02 1.678605033620045113e-07
8.040000000000000000e+02 1.998257867011871848e-07
8.050000000000000000e+02 2.298901355159265399e-07
8.060000000000000000e+02 2.580688432967422891e-07
8.070000000000000000e+02 2.843833986392583600e-07
8.080000000000000000e+02 3.088615685580029630e-07
8.090000000000000000e+02 3.315373498864534187e-07
8.100000000000000000e+02 3.524508790880898599e-07
8.110000000000000000e+02 3.716483104559653860e-07
8.120000000000000000e+02 3.891815458161172912e-07
8.130000000000000000e+02 4.051079256837947126e-07
8.140000000000000000e+02 4.194898005754908822e-07
8.150000000000000000e+02 4.323940533746498798e-07
8.160000000000000000e+02 4.438915467687117641e-07
8.170000000000000000e+02 4.540565876705060249e-07
8.180000000000000000e+02 4.629662885920454348e-07
8.190000000000000000e+02 4.706998764995000668e-07
8.200000000000000000e+02 4.773380325511741519e-07
8.210000000000000000e+02 4.829622083963284040e-07
8.220000000000000000e+02 4.876539774061833502e-07
8.230000000000000000e+02 4.914943447595674756e-07
8.240000000000000000e+02 4.945630882379717173e-07
8.250000000000000000e+02 4.969381386751771855e-07
8.260000000000000000e+02 4.986949609292682198e-07
8.270000000000000000e+02 4.999059155951101411e-07
8.280000000000000000e+02 5.006397615788487056e-07
8.290000000000000000e+02 5.009611286545622556e-07
8.300000000000000000e+02 5.009300443097475349e-07
8.310000000000000000e+02 5.006015651494968503e-07
8.320000000000000000e+02 5.000254267023169340e-07
8.330000000000000000e+02 4.992457643141287463e-07
8.340000000000000000e+02 4.983008744322324981e-07
8.350000000000000000e+02 4.972230776096171755e-07
8.360000000000000000e+02 4.960385625657898565e-07
8.370000000000000000e+02 4.947673552082897063e-07
8.380000000000000000e+02 4.934233083787448163e-07
8.390000000000000000e+02 4.920141345552699446e-07
8.400000000000000000e+02 4.905415164109529012e-07
8.410000000000000000e+02 4.890011747349345109e-07
8.420000000000000000e+02 4.873830794507949707e-07
8.430000000000000000e+02 4.856717354679348031e-07
8.440000000000000000e+02 4.838464862291448517e-07
8.450000000000000000e+02 4.818818713022520426e-07
8.460000000000000000e+02 4.797480710514230874e-07
8.470000000000000000e+02 4.774114239654803522e-07
8.480000000000000000e+02 4.748349829681182566e-07
8.490000000000000000e+02 4.719790959977926567e-07
8.500000000000000000e+02 4.688020520820396356e-07
8.510000000000000000e+02 4.652606863304917407e-07
8.520000000000000000e+02 4.613110638599643189e-07
8.530000000000000000e+02 4.569091639465077697e-07
8.540000000000000000e+02 4.520114535006566233e-07
8.550000000000000000e+02 4.465755302009893813e-07
8.560000000000000000e+02 4.405606744879104912e-07
8.570000000000000000e+02 4.339283136548389382e-07
8.580000000000000000e+02 4.266424563456193297e-07
8.590000000000000000e+02 4.186700757744878413e-07
8.600000000000000000e+02 4.099813289306512149e-07
8.610000000000000000e+02 4.005497864187114026e-07
8.620000000000000000e+02 3.903525030798927549e-07
8.630000000000000000e+02 3.793700760224247202e-07
8.640000000000000000e+02 3.675865744311751184e-07
8.650000000000000000e+02 3.549894088656970015e-07
8.660000000000000000e+02 3.415692191795254368e-07
8.670000000000000000e+02 3.273196385002440590e-07
8.680000000000000000e+02 3.122370579941633778e-07
8.690000000000000000e+02 2.963203251116136474e-07
8.700000000000000000e+02 2.795704281967842548e-07
8.710000000000000000e+02 2.619902021414825307e-07
8.720000000000000000e+02 2.435839855417858488e-07
8.730000000000000000e+02 2.243573503889250519e-07
8.740000000000000000e+02 2.043168901788481353e-07
8.750000000000000000e+02 1.834700664658561457e-07
8.760000000000000000e+02 1.618251371833281604e-07
8.770000000000000000e+02 1.393910110595417781e-07
8.780000000000000000e+02 1.161772310754581149e-07
8.790000000000000000e+02 9.219405314595384053e-08
8.800000000000000000e+02 6.745253472815288450e-08
8.810000000000000000e+02 4.196464576423534586e-08
8.820000000000000000e+02 1.574339939011710315e-08
8.830000000000000000e+02 -1.119697866467398381e-08
8.840000000000000000e+02 -3.884086627759020706e-08
8.850000000000000000e+02 -6.717103947860687012e-08
8.860000000000000000e+02 -9.616844296251227741e-08
8.870000000000000000e+02 -1.258119595231442759e-07
8.880000000000000000e+02 -1.560781660768734774e-07
8.890000000000000000e+02 -1.869410559707511558e-07
8.900000000000000000e+02 -2.183717634072170770e-07
8.910000000000000000e+02 -2.503382592710537075e-07
8.920000000000000000e+02 -2.828049815561477851e-07
8.930000000000000000e+02 -3.157325724079827843e-07
8.940000000000000000e+02 -3.490775321313872448e-07
8.950000000000000000e+02 -3.827919612464150878e-07
8.960000000000000000e+02 -4.168232730432020790e-07
8.970000000000000000e+02 -4.511140461820136493e-07
8.980000000000000000e+02 -4.856018804567915254e-07
8.990000000000000000e+02 -5.202193385710535886e-07
9.000000000000000000e+02 -5.548939636020679389e-07
9.010000000000000000e+02 -5.895483936359541655e-07
9.020000000000000000e+02 -6.241004741268040175e-07
9.030000000000000000e+02 -6.584634940715540116e-07
9.040000000000000000e+02 -6.925464386675417294e-07
9.050000000000000000e+02 -7.262543111471393665e-07
9.060000000000000000e+02 -7.594884649370480585e-07
9.070000000000000000e+02 -7.921470495137466567e-07
9.080000000000000000e+02 -8.241255380077410033e-07
9.090000000000000000e+02 -8.553172040454381633e-07
9.100000000000000000e+02 -8.856137469813770679e-07
9.110000000000000000e+02 -9.149059206815948142e-07
9.120000000000000000e+02 -9.430841881015180070e-07
9.130000000000000000e+02 -9.700394685531887991e-07
9.140000000000000000e+02 -9.956638830083519701e-07
9.150000000000000000e+02 -1.019851551721133442e-06
9.160000000000000000e+02 -1.042499286276279835e-06
9.170000000000000000e+02 -1.063507409877312836e-06
9.180000000000000000e+02 -1.082780456883804208e-06
9.190000000000000000e+02 -1.100227910610394270e-06
9.200000000000000000e+02 -1.115764897169419304e-06
9.210000000000000000e+02 -1.129312810356320312e-06
9.220000000000000000e+02 -1.140799948694811566e-06
9.230000000000000000e+02 -1.150162111571959108e-06
9.240000000000000000e+02 -1.157343088324781381e-06
9.250000000000000000e+02 -1.162295200714478886e-06
9.260000000000000000e+02 -1.164979697094309925e-06
9.270000000000000000e+02 -1.165367146634447512e-06
9.280000000000000000e+02 -1.163437723341152995e-06
9.290000000000000000e+02 -1.159181466429393987e-06
9.300000000000000000e+02 -1.152598427387755056e-06
9.310000000000000000e+02 -1.143698809917992045e-06
9.320000000000000000e+02 -1.132502949188778617e-06
9.330000000000000000e+02 -1.119041284101595083e-06
9.340000000000000000e+02 -1.103354279657417794e-06
9.350000000000000000e+02 -1.085492211110261072e-06
9.360000000000000000e+02 -1.065514920336882920e-06
9.370000000000000000e+02 -1.043491428027468088e-06
9.380000000000000000e+02 -1.019499452333362589e-06
9.390000000000000000e+02 -9.936249070167430210e-07
9.400000000000000000e+02 -9.659612788506276284e-07
9.410000000000000000e+02 -9.366089563062377131e-07
9.420000000000000000e+02 -9.056744815126210956e-07
9.430000000000000000e+02 -8.732697307487002146e-07
9.440000000000000000e+02 -8.395111106965704956e-07
9.450000000000000000e+02 -8.045186183486171318e-07
9.460000000000000000e+02 -7.684149630357261428e-07
9.470000000000000000e+02 -7.313246961592441013e-07
9.480000000000000000e+02 -6.933733157831531921e-07
9.490000000000000000e+02 -6.546863198390014694e-07
9.500000000000000000e+02 -6.153882942649019961e-07
9.510000000000000000e+02 -5.756020030541011647e-07
9.520000000000000000e+02 -5.354475086641281004e-07
9.530000000000000000e+02 -4.950413332325363083e-07
9.540000000000000000e+02 -4.544955991271664031e-07
9.550000000000000000e+02 -4.139172862833906403e-07
9.560000000000000000e+02 -3.734074569115726123e-07
9.570000000000000000e+02 -3.330605397454796681e-07
9.580000000000000000e+02 -2.929637142255007874e-07
9.590000000000000000e+02 -2.531963733868053669e-07
9.600000000000000000e+02 -2.138296971930758025e-07
9.610000000000000000e+02 -1.749263305386337504e-07
9.620000000000000000e+02 -1.365401356852133812e-07
9.630000000000000000e+02 -9.871609474707155060e-08
9.640000000000000000e+02 -6.149031965726896232e-08
9.650000000000000000e+02 -2.489021412789989907e-08
9.660000000000000000e+02 1.106522913646837528e-08
9.670000000000000000e+02 4.636508762369075059e-08
9.680000000000000000e+02 8.100600538264149172e-08
9.690000000000000000e+02 1.149916458021493308e-07
9.700000000000000000e+02 1.483319951654482881e-07
9.710000000000000000e+02 1.810426266871851066e-07
9.720000000000000000e+02 2.131439070870715454e-07
9.730000000000000000e+02 2.446601643767717770e-07
9.740000000000000000e+02 2.756188526975618014e-07
9.750000000000000000e+02 3.060496349026743431e-07
9.760000000000000000e+02 3.359834630216008592e-07
9.770000000000000000e+02 3.654517389712384026e-07
9.780000000000000000e+02 3.944854205162702771e-07
9.790000000000000000e+02 4.231142150104288535e-07
9.800000000000000000e+02 4.513657869244889863e-07
9.810000000000000000e+02 4.792651010878557855e-07
9.820000000000000000e+02 5.068337952783151691e-07
9.830000000000000000e+02 5.340896218060626403e-07
9.840000000000000000e+02 5.610459720546099191e-07
9.850000000000000000e+02 5.877114216395398715e-07
9.860000000000000000e+02 6.140894507871505023e-07
9.870000000000000000e+02 6.401781136496821484e-07
9.880000000000000000e+02 6.659697850947142065e-07
9.890000000000000000e+02 6.914509760108421353e-07
9.900000000000000000e+02 7.166022621548421732e-07
9.910000000000000000e+02 7.413981403216982802e-07
9.920000000000000000e+02 7.658069753580666993e-07
9.930000000000000000e+02 7.897909453594271222e-07
9.940000000000000000e+02 8.133060852350611266e-07
9.950000000000000000e+02 8.363023056537710922e-07
9.960000000000000000e+02 8.587235585954782887e-07
9.970000000000000000e+02 8.805080459952880023e-07
9.980000000000000000e+02 9.015885519178245199e-07
9.990000000000000000e+02 9.218927997809432485e-07
1.000000000000000000e+03 9.413438996346530869e-07
1.001000000000000000e+03 9.598609577552230967e-07
1.002000000000000000e+03 9.773597507695489718e-07
1.003000000000000000e+03 9.937534121389046191e-07
1.004000000000000000e+03 1.008953277763235998e-06
1.005000000000000000e+03 1.022869654920398086e-06
1.006000000000000000e+03 1.035412704789999883e-06
1.007000000000000000e+03 1.046493352887400081e-06
1.008000000000000000e+03 1.056024162792465721e-06
1.009000000000000000e+03 1.063920209762775646e-06
1.010000000000000000e+03 1.070099941681732804e-06
1.011000000000000000e+03 1.074486062887485855e-06
1.012000000000000000e+03 1.077006372913177805e-06
1.013000000000000000e+03 1.077594531758980089e-06
1.014000000000000000e+03 1.076190854909732263e-06
1.015000000000000000e+03 1.072743108106499577e-06
1.016000000000000000e+03 1.067207111514257407e-06
1.017000000000000000e+03 1.059547405734937128e-06
1.018000000000000000e+03 1.049737824651196888e-06
1.019000000000000000e+03 1.037761983441939748e-06
1.020000000000000000e+03 1.023613674985933306e-06
1.021000000000000000e+03 1.007297205808734352e-06
1.022000000000000000e+03 9.888276140341999823e-07
1.023000000000000000e+03 9.682308108236970393e-07
1.024000000000000000e+03 9.455436415761070315e-07
1.025000000000000000e+03 9.208137907581819259e-07
1.026000000000000000e+03 8.940996362394284694e-07
1.027000000000000000e+03 8.654700365892332337e-07
1.028000000000000000e+03 8.350040319273314163e-07
1.029000000000000000e+03 8.027904382609954197e-07
1.030000000000000000e+03 7.689273905491389762e-07
1.031000000000000000e+03 7.335218710426765679e-07
1.032000000000000000e+03 6.966891615403354468e-07
1.033000000000000000e+03 6.585523226950689730e-07
1.034000000000000000e+03 6.192415982267344722e-07
1.035000000000000000e+03 5.788938183990640059e-07
1.036000000000000000e+03 5.376518305901364516e-07
1.037000000000000000e+03 4.956639458739236456e-07
1.038000000000000000e+03 4.530833673970646034e-07
1.039000000000000000e+03 4.100676579180507202e-07
1.040000000000000000e+03 3.667782207879312840e-07
1.041000000000000000e+03 3.233797358996634646e-07
1.042000000000000000e+03 2.800396720644065717e-07
1.043000000000000000e+03 2.369276661841139618e-07
1.044000000000000000e+03 1.942148884833408884e-07
1.045000000000000000e+03 1.520733518522938331e-07
1.046000000000000000e+03 1.106751266785451211e-07
1.047000000000000000e+03 7.019149595216690692e-08
1.048000000000000000e+03 3.079209905932487456e-08
1.049000000000000000e+03 -7.355991616615444246e-09
1.050000000000000000e+03 -4.408925703154998987e-08
1.051000000000000000e+03 -7.924866562550480697e-08
1.052000000000000000e+03 -1.126807483343120201e-07
1.053000000000000000e+03 -1.442386018279781807e-07
1.054000000000000000e+03 -1.737829235114295736e-07
1.055000000000000000e+03 -2.011829597461060524e-07
1.056000000000000000e+03 -2.263174717137283468e-07
1.057000000000000000e+03 -2.490755803381315935e-07
1.058000000000000000e+03 -2.693574704275866841e-07
1.059000000000000000e+03 -2.870749406805179319e-07
1.060000000000000000e+03 -3.021518625509599593e-07
1.061000000000000000e+03 -3.145244332049116962e-07
1.062000000000000000e+03 -3.241412997631342709e-07
1.063000000000000000e+03 -3.309635884476523458e-07
1.064000000000000000e+03 -3.349649329387013147e-07
1.065000000000000000e+03 -3.361314189781765587e-07
1.066000000000000000e+03 -3.344614164363444633e-07
1.067000000000000000e+03 -3.299654660676273222e-07
1.068000000000000000e+03 -3.226661457795617525e-07
1.069000000000000000e+03 -3.125979549766403400e-07
1.070000000000000000e+03 -2.998072033817034344e-07
1.071000000000000000e+03 -2.843518592066579823e-07
1.072000000000000000e+03 -2.663014707361526099e-07
1.073000000000000000e+03 -2.457370978485874445e-07
1.074000000000000000e+03 -2.227511811882240637e-07
1.075000000000000000e+03 -1.974473951232894154e-07
1.076000000000000000e+03 -1.699404932507960663e-07
1.077000000000000000e+03 -1.403561490528024995e-07
1.078000000000000000e+03 -1.088307544277827383e-07
1.079000000000000000e+03 -7.551107146072158830e-08
1.080000000000000000e+03 -4.055388462839843390e-08
1.081000000000000000e+03 -4.125487860234364637e-09
1.082000000000000000e+03 3.359877436016862921e-08
1.083000000000000000e+03 7.243512391297755513e-08
1.084000000000000000e+03 1.121920242064904040e-07
1.085000000000000000e+03 1.526709681719766139e-07
1.086000000000000000e+03 1.936673250533019544e-07
1.087000000000000000e+03 2.349712972704693583e-07
1.088000000000000000e+03 2.763689194864126689e-07
1.089000000000000000e+03 3.176431484447721981e-07
1.090000000000000000e+03 3.585749347456643506e-07
1.091000000000000000e+03 3.989444406734959705e-07
1.092000000000000000e+03 4.385322886792497872e-07
1.093000000000000000e+03 4.771208085310195060e-07
1.094000000000000000e+03 5.144952585119305785e-07
1.095000000000000000e+03 5.504450892315410439e-07
1.096000000000000000e+03 5.847651437276441544e-07
1.097000000000000000e+03 6.172568228330815428e-07
1.098000000000000000e+03 6.477293393698016427e-07
1.099000000000000000e+03 6.760008053670022502e-07
1.100000000000000000e+03 7.018992896352677954e-07
1.101000000000000000e+03 7.252638051061180438e-07
1.102000000000000000e+03 7.459452562623136919e-07
1.103000000000000000e+03 7.638072385234589446e-07
1.104000000000000000e+03 7.787267694436313535e-07
1.105000000000000000e+03 7.905949243593055614e-07
1.106000000000000000e+03 7.993173692472604831e-07
1.107000000000000000e+03 8.048147979677678610e-07
1.108000000000000000e+03 8.070232428303278601e-07
1.109000000000000000e+03 8.058943492864297220e-07
1.110000000000000000e+03 8.013955452721978514e-07
1.111000000000000000e+03 7.935101217697694392e-07
1.112000000000000000e+03 7.822372413560740090e-07
1.113000000000000000e+03 7.675918955957950326e-07
1.114000000000000000e+03 7.496048159055600505e-07
1.115000000000000000e+03 7.283222880214152571e-07
1.116000000000000000e+03 7.038059425532397785e-07
1.117000000000000000e+03 6.761324309575690334e-07
1.118000000000000000e+03 6.453930776594363010e-07
1.119000000000000000e+03 6.116934472387140582e-07
1.120000000000000000e+03 5.751528562861258194e-07
1.121000000000000000e+03 5.359037245169383681e-07
1.122000000000000000e+03 4.940908653164865157e-07
1.123000000000000000e+03 4.498707105185327376e-07
1.124000000000000000e+03 4.034104979157869691e-07
1.125000000000000000e+03 3.548872614031863467e-07
1.126000000000000000e+03 3.044867708689472562e-07
1.127000000000000000e+03 2.524024296151698345e-07
1.128000000000000000e+03 1.988341234298941702e-07
1.129000000000000000e+03 1.439870290502341394e-07
1.130000000000000000e+03 8.807043663067001485e-08
1.131000000000000000e+03 3.129649125481360855e-08
1.132000000000000000e+03 -2.612096226678969334e-08
1.133000000000000000e+03 -8.396749871967937973e-08
1.134000000000000000e+03 -1.420292093838142903e-07
1.135000000000000000e+03 -2.000937219547711031e-07
1.136000000000000000e+03 -2.579512496919377022e-07
1.137000000000000000e+03 -3.153955656805156246e-07
1.138000000000000000e+03 -3.722248599855794043e-07
1.139000000000000000e+03 -4.282426312508366214e-07
1.140000000000000000e+03 -4.832585088627102980e-07
1.141000000000000000e+03 -5.370889449229348629e-07
1.142000000000000000e+03 -5.895578834214590736e-07
1.143000000000000000e+03 -6.404973852755138657e-07
1.144000000000000000e+03 -6.897481378824722340e-07
1.145000000000000000e+03 -7.371599285224595782e-07
1.146000000000000000e+03 -7.825920347352288747e-07
1.147000000000000000e+03 -8.259135738431065320e-07
1.148000000000000000e+03 -8.670038666415752222e-07
1.149000000000000000e+03 -9.057526355948928353e-07
1.150000000000000000e+03 -9.420602352172645980e-07
1.151000000000000000e+03 -9.758378200819737460e-07
1.152000000000000000e+03 -1.007007438148067010e-06
1.153000000000000000e+03 -1.035502047487720501e-06
1.154000000000000000e+03 -1.061265559507924164e-06
1.155000000000000000e+03 -1.084252729242831731e-06
1.156000000000000000e+03 -1.104429030147530083e-06
1.157000000000000000e+03 -1.121770552527702277e-06
1.158000000000000000e+03 -1.136263741890351380e-06
1.159000000000000000e+03 -1.147905211514093100e-06
1.160000000000000000e+03 -1.156701485180305854e-06
1.161000000000000000e+03 -1.162668723999668544e-06
1.162000000000000000e+03 -1.165832445140468324e-06
1.163000000000000000e+03 -1.166227240345381577e-06
1.164000000000000000e+03 -1.163896513077572273e-06
1.165000000000000000e+03 -1.158892161351826014e-06
1.166000000000000000e+03 -1.151274339182309100e-06
1.167000000000000000e+03 -1.141111163591985095e-06
1.168000000000000000e+03 -1.128478465316232546e-06
1.169000000000000000e+03 -1.113459530585503857e-06
1.170000000000000000e+03 -1.096144735649940812e-06
1.171000000000000000e+03 -1.076631269061297892e-06
1.172000000000000000e+03 -1.055022769722133670e-06
1.173000000000000000e+03 -1.031428874513937569e-06
1.174000000000000000e+03 -1.005964771961615526e-06
1.175000000000000000e+03 -9.787506596396501726e-07
1.176000000000000000e+03 -9.499111263852693582e-07
1.177000000000000000e+03 -9.195744689255389020e-07
1.178000000000000000e+03 -8.878719772952552446e-07
1.179000000000000000e+03 -8.549370517669630294e-07
1.180000000000000000e+03 -8.209044035667252168e-07
1.181000000000000000e+03 -7.859092183724586477e-07
1.182000000000000000e+03 -7.500863071025313391e-07
1.183000000000000000e+03 -7.135692497337661981e-07
1.184000000000000000e+03 -6.764895483060300321e-07
1.185000000000000000e+03 -6.389758858170365693e-07
1.186000000000000000e+03 -6.011533575922569323e-07
1.187000000000000000e+03 -5.631427685271254190e-07
1.188000000000000000e+03 -5.250600156367143152e-07
1.189000000000000000e+03 -4.870155185029472233e-07
1.190000000000000000e+03 -4.491136992773256286e-07
1.191000000000000000e+03 -4.114526023616384510e-07
1.192000000000000000e+03 -3.741235819375316788e-07
1.193000000000000000e+03 -3.372110728011336191e-07
1.194000000000000000e+03 -3.007924858494470939e-07
1.195000000000000000e+03 -2.649382238574165667e-07
1.196000000000000000e+03 -2.297117724452428746e-07
1.197000000000000000e+03 -1.951698633218116123e-07
1.198000000000000000e+03 -1.613627551855086312e-07
1.199000000000000000e+03 -1.283346207490935868e-07
1.200000000000000000e+03 -9.612395239503800065e-08
1.201000000000000000e+03 -6.476407983493538991e-08
1.202000000000000000e+03 -3.428375509651382166e-08
1.203000000000000000e+03 -4.707685417087282175e-09
1.204000000000000000e+03 2.394284033223183879e-08
1.205000000000000000e+03 5.164936863812843688e-08
1.206000000000000000e+03 7.839576161601911303e-08
1.207000000000000000e+03 1.041676831642708020e-07
1.208000000000000000e+03 1.289522307257473214e-07
1.209000000000000000e+03 1.527375306066494073e-07
1.210000000000000000e+03 1.755124669921150929e-07
1.211000000000000000e+03 1.972664817915901001e-07
1.212000000000000000e+03 2.179894872698160195e-07
1.213000000000000000e+03 2.376718119965567237e-07
1.214000000000000000e+03 2.563042115517123305e-07
1.215000000000000000e+03 2.738779962682164216e-07
1.216000000000000000e+03 2.903852325530719732e-07
1.217000000000000000e+03 3.058189740767617309e-07
1.218000000000000000e+03 3.201735675103406427e-07
1.219000000000000000e+03 3.334450126676221803e-07
1.220000000000000000e+03 3.456312987354542521e-07
1.221000000000000000e+03 3.567327579382971350e-07
1.222000000000000000e+03 3.667524007538109322e-07
1.223000000000000000e+03 3.756961973867205993e-07
1.224000000000000000e+03 3.835732872371956406e-07
1.225000000000000000e+03 3.903961508728479295e-07
1.226000000000000000e+03 3.961806990407571996e-07
1.227000000000000000e+03 4.009462930869085449e-07
1.228000000000000000e+03 4.047156841182157307e-07
1.229000000000000000e+03 4.075148395460887634e-07
1.230000000000000000e+03 4.093727419137587180e-07
1.231000000000000000e+03 4.103211509803798885e-07
1.232000000000000000e+03 4.103943431050704556e-07
1.233000000000000000e+03 4.096287437712094056e-07
1.234000000000000000e+03 4.080626525735338444e-07
1.235000000000000000e+03 4.057359077522866024e-07
1.236000000000000000e+03 4.026896260807832606e-07
1.237000000000000000e+03 3.989659858551407192e-07
1.238000000000000000e+03 3.946080737817716616e-07
1.239000000000000000e+03 3.896597426531166921e-07
1.240000000000000000e+03 3.841655188961171555e-07
1.241000000000000000e+03 3.781706031542071336e-07
1.242000000000000000e+03 3.717208334429436509e-07
1.243000000000000000e+03 3.648627279268611358e-07
1.244000000000000000e+03 3.576434786642477191e-07
1.245000000000000000e+03 3.501110346415990241e-07
1.246000000000000000e+03 3.423141258617844833e-07
1.247000000000000000e+03 3.343022593594226663e-07
1.248000000000000000e+03 3.261257479738523085e-07
1.249000000000000000e+03 3.178356603393137477e-07
1.250000000000000000e+03 3.094837425932356290e-07
1.251000000000000000e+03 3.011222391350047779e-07
1.252000000000000000e+03 2.928036623224642493e-07
1.253000000000000000e+03 2.845805816871292877e-07
1.254000000000000000e+03 2.765052698297812384e-07
1.255000000000000000e+03 2.686293072180670091e-07
1.256000000000000000e+03 2.610030820201010225e-07
1.257000000000000000e+03 2.536751799799754177e-07
1.258000000000000000e+03 2.466918185432381994e-07
1.259000000000000000e+03 2.400961363191802771e-07
1.260000000000000000e+03 2.339275210534467051e-07
1.261000000000000000e+03 2.282209950846952721e-07
1.262000000000000000e+03 2.230065990026504795e-07
1.263000000000000000e+03 2.183088916431081783e-07
1.264000000000000000e+03 2.141466192016837719e-07
1.265000000000000000e+03 2.105323839021796445e-07
1.266000000000000000e+03 2.074724751349617257e-07
1.267000000000000000e+03 2.049666973767117335e-07
1.268000000000000000e+03 2.030083080129595703e-07
1.269000000000000000e+03 2.015840455791353964e-07
1.270000000000000000e+03 2.006741311096314607e-07
1.271000000000000000e+03 2.002523956335001390e-07
1.272000000000000000e+03 2.002864631155782905e-07
1.273000000000000000e+03 2.007379731485916434e-07
1.274000000000000000e+03 2.015628455211928290e-07
1.275000000000000000e+03 2.027115968318947075e-07
1.276000000000000000e+03 2.041297110857097280e-07
1.277000000000000000e+03 2.057581589503156972e-07
1.278000000000000000e+03 2.075339362279719464e-07
1.279000000000000000e+03 2.093907247160117239e-07
1.280000000000000000e+03 2.112595947905523239e-07
1.281000000000000000e+03 2.130698270318672548e-07
1.282000000000000000e+03 2.147497647257295490e-07
1.283000000000000000e+03 2.162276533761160674e-07
1.284000000000000000e+03 2.174325700775609946e-07
1.285000000000000000e+03 2.182953565370101051e-07
1.286000000000000000e+03 2.187493931573343236e-07
1.287000000000000000e+03 2.187313886499477361e-07
1.288000000000000000e+03 2.181820726112816925e-07
1.289000000000000000e+03 2.170468275294031681e-07
1.290000000000000000e+03 2.152762352808635326e-07
1.291000000000000000e+03 2.128265375070577105e-07
1.292000000000000000e+03 2.096599801490225228e-07
1.293000000000000000e+03 2.057451492246714442e-07
1.294000000000000000e+03 2.010572592029344943e-07
1.295000000000000000e+03 1.955782610337049761e-07
1.296000000000000000e+03 1.892970029207320779e-07
1.297000000000000000e+03 1.822092952874869514e-07
1.298000000000000000e+03 1.743179120072798624e-07
1.299000000000000000e+03 1.656325229794950546e-07
1.300000000000000000e+03 1.561695742063854188e-07
1.301000000000000000e+03 1.459521488812993638e-07
1.302000000000000000e+03 1.350097040345914500e-07
1.303000000000000000e+03 1.233777984889257507e-07
1.304000000000000000e+03 1.110977573856112317e-07
1.305000000000000000e+03 9.821628821874534208e-08
1.306000000000000000e+03 8.478509095777428302e-08
1.307000000000000000e+03 7.086044662245105890e-08
1.308000000000000000e+03 5.650281689859122802e-08
1.309000000000000000e+03 4.177642948668246420e-08
1.310000000000000000e+03 2.674886816176846765e-08
1.311000000000000000e+03 1.149068750372249120e-08
1.312000000000000000e+03 -3.924975923967112565e-09
1.313000000000000000e+03 -1.942277298880312281e-08
1.314000000000000000e+03 -3.492555506858457368e-08
1.315000000000000000e+03 -5.035472533815300765e-08
1.316000000000000000e+03 -6.563069433555236900e-08
1.317000000000000000e+03 -8.067332715319049325e-08
1.318000000000000000e+03 -9.540236685383823538e-08
1.319000000000000000e+03 -1.097379589682248261e-07
1.320000000000000000e+03 -1.236011658842855745e-07
1.321000000000000000e+03 -1.369145243874600803e-07
1.322000000000000000e+03 -1.496026062635348924e-07
1.323000000000000000e+03 -1.615925396859364443e-07
1.324000000000000000e+03 -1.728146088160982023e-07
1.325000000000000000e+03 -1.832028445689980279e-07
1.326000000000000000e+03 -1.926956341426410791e-07
1.327000000000000000e+03 -2.012362549888131446e-07
1.328000000000000000e+03 -2.087735057457659149e-07
1.329000000000000000e+03 -2.152623121305741049e-07
1.330000000000000000e+03 -2.206643673512960666e-07
1.331000000000000000e+03 -2.249487072500772735e-07
1.332000000000000000e+03 -2.280922400060825161e-07
1.333000000000000000e+03 -2.300803597083461896e-07
1.334000000000000000e+03 -2.309075120831090153e-07
1.335000000000000000e+03 -2.305776888762832928e-07
1.336000000000000000e+03 -2.291049105559400993e-07
1.337000000000000000e+03 -2.265135774259311397e-07
1.338000000000000000e+03 -2.228388492109195246e-07
1.339000000000000000e+03 -2.181268629894824558e-07
1.340000000000000000e+03 -2.124348159850362402e-07
1.341000000000000000e+03 -2.058310110104807875e-07
1.342000000000000000e+03 -1.983946766721051985e-07
1.343000000000000000e+03 -1.902156782468491548e-07
1.344000000000000000e+03 -1.813940655703964737e-07
1.345000000000000000e+03 -1.720394877115402493e-07
1.346000000000000000e+03 -1.622703603066202016e-07
1.347000000000000000e+03 -1.522129115598329626e-07
1.348000000000000000e+03 -1.420000952706476746e-07
1.349000000000000000e+03 -1.317703937980039978e-07
1.350000000000000000e+03 -1.216664685971252226e-07
1.351000000000000000e+03 -1.118337043108595091e-07
1.352000000000000000e+03 -1.024187535886846718e-07
1.353000000000000000e+03 -9.356797904914938892e-08
1.354000000000000000e+03 -8.542590588768826515e-08
1.355000000000000000e+03 -7.813374062281865409e-08
1.356000000000000000e+03 -7.182785668854509569e-08
1.357000000000000000e+03 -6.663838559342418681e-08
1.358000000000000000e+03 -6.268786888186330884e-08
1.359000000000000000e+03 -6.008999291752099245e-08
1.360000000000000000e+03 -5.894850350121999830e-08
1.361000000000000000e+03 -5.935621071084828671e-08
1.362000000000000000e+03 -6.139416387249156412e-08
1.363000000000000000e+03 -6.513089596814220010e-08
1.364000000000000000e+03 -7.062188670632218506e-08
1.365000000000000000e+03 -7.790906755324112249e-08
1.366000000000000000e+03 -8.702048063778541056e-08
1.367000000000000000e+03 -9.797006275632775875e-08
1.368000000000000000e+03 -1.107575731581693915e-07
1.369000000000000000e+03 -1.253685218058876058e-07
1.370000000000000000e+03 -1.417741975883207454e-07
1.371000000000000000e+03 -1.599317977543471186e-07
1.372000000000000000e+03 -1.797845367231129825e-07
1.373000000000000000e+03 -2.012619260994742412e-07
1.374000000000000000e+03 -2.242800814714979486e-07
1.375000000000000000e+03 -2.487420546922689391e-07
1.376000000000000000e+03 -2.745383093328899062e-07
1.377000000000000000e+03 -3.015472774260311747e-07
1.378000000000000000e+03 -3.296359079792340459e-07
1.379000000000000000e+03 -3.586603460058391222e-07
1.380000000000000000e+03 -3.884667673724613597e-07
1.381000000000000000e+03 -4.188922457515634983e-07
1.382000000000000000e+03 -4.497657428488711106e-07
1.383000000000000000e+03 -4.809091400806195770e-07
1.384000000000000000e+03 -5.121383505334542849e-07
1.385000000000000000e+03 -5.432644590200609008e-07
1.386000000000000000e+03 -5.740949008622661610e-07
1.387000000000000000e+03 -6.044346520158230061e-07
1.388000000000000000e+03 -6.340874171199706589e-07
1.389000000000000000e+03 -6.628567798519602008e-07
1.390000000000000000e+03 -6.905473547992876420e-07
1.391000000000000000e+03 -7.169658310791343823e-07
1.392000000000000000e+03 -7.419220008680885100e-07
1.393000000000000000e+03 -7.652296848582399301e-07
1.394000000000000000e+03 -7.867077404490242778e-07
1.395000000000000000e+03 -8.061809784960773764e-07
1.396000000000000000e+03 -8.234810995690114046e-07
1.397000000000000000e+03 -8.384475931027928983e-07
1.398000000000000000e+03 -8.509286668570892287e-07
1.399000000000000000e+03 -8.607821589409688503e-07
1.400000000000000000e+03 -8.678764206469240573e-07
1.401000000000000000e+03 -8.720912349748942106e-07
1.402000000000000000e+03 -8.733187166301930308e-07
1.403000000000000000e+03 -8.714642664953744206e-07
1.404000000000000000e+03 -8.664474212239073840e-07
1.405000000000000000e+03 -8.582027272518367002e-07
1.406000000000000000e+03 -8.466805817278620276e-07
1.407000000000000000e+03 -8.318480121874339014e-07
1.408000000000000000e+03 -8.136894121151735714e-07
1.409000000000000000e+03 -7.922071693281521828e-07
1.410000000000000000e+03 -7.674221938300348885e-07
1.411000000000000000e+03 -7.393743048036840557e-07
1.412000000000000000e+03 -7.081225021086470509e-07
1.413000000000000000e+03 -6.737450323446644685e-07
1.414000000000000000e+03 -6.363393451610868718e-07
1.415000000000000000e+03 -5.960218124399455458e-07
1.416000000000000000e+03 -5.529272207104814846e-07
1.417000000000000000e+03 -5.072080695047864627e-07
1.418000000000000000e+03 -4.590336225184801545e-07
1.419000000000000000e+03 -4.085887806475690259e-07
1.420000000000000000e+03 -3.560727779312049935e-07
1.421000000000000000e+03 -3.016976919877674683e-07
1.422000000000000000e+03 -2.456868258189214015e-07
1.423000000000000000e+03 -1.882729610514969549e-07
1.424000000000000000e+03 -1.296966671291973892e-07
1.425000000000000000e+03 -7.020450806372685564e-08
1.426000000000000000e+03 -1.004720214820148070e-08
1.427000000000000000e+03 5.052207634181671648e-08
1.428000000000000000e+03 1.112494030692555034e-07
1.429000000000000000e+03 1.718817199977406126e-07
1.430000000000000000e+03 2.321683333512599923e-07
1.431000000000000000e+03 2.918623042593954897e-07
1.432000000000000000e+03 3.507217312211310128e-07
1.433000000000000000e+03 4.085108794525998880e-07
1.434000000000000000e+03 4.650011930942689251e-07
1.435000000000000000e+03 5.199722752582722146e-07
1.436000000000000000e+03 5.732126619151283084e-07
1.437000000000000000e+03 6.245206280479638609e-07
1.438000000000000000e+03 6.737048072528852577e-07
1.439000000000000000e+03 7.205848346966914516e-07
1.440000000000000000e+03 7.649919942150610863e-07
1.441000000000000000e+03 8.067697695029969365e-07
1.442000000000000000e+03 8.457743664539083247e-07
1.443000000000000000e+03 8.818752516814546136e-07
1.444000000000000000e+03 9.149556659064144366e-07
1.445000000000000000e+03 9.449130783203167890e-07
1.446000000000000000e+03 9.716596241798166436e-07
1.447000000000000000e+03 9.951224583745691419e-07
1.448000000000000000e+03 1.015244029233942858e-06
1.449000000000000000e+03 1.031982361972562696e-06
1.450000000000000000e+03 1.045311176104421440e-06
1.451000000000000000e+03 1.055219945079854992e-06
1.452000000000000000e+03 1.061713893813682331e-06
1.453000000000000000e+03 1.064813891408014550e-06
1.454000000000000000e+03 1.064556246002055153e-06
1.455000000000000000e+03 1.060992446949644430e-06
1.456000000000000000e+03 1.054188874467751800e-06
1.457000000000000000e+03 1.044226438374561645e-06
1.458000000000000000e+03 1.031200147078978384e-06
1.459000000000000000e+03 1.015218643600257106e-06
1.460000000000000000e+03 9.964036845485632313e-07
1.461000000000000000e+03 9.748895958180701675e-07
1.462000000000000000e+03 9.508226118796219396e-07
1.463000000000000000e+03 9.243601788095275564e-07
1.464000000000000000e+03 8.956702054733360681e-07
1.465000000000000000e+03 8.649301550033333755e-07
1.466000000000000000e+03 8.323260849344539719e-07
1.467000000000000000e+03 7.980515351601776218e-07
1.468000000000000000e+03 7.623064029473794841e-07
1.469000000000000000e+03 7.252957030065016592e-07
1.470000000000000000e+03 6.872282831053005540e-07
1.471000000000000000e+03 6.483155522170951626e-07
1.472000000000000000e+03 6.087701308247171888e-07
1.473000000000000000e+03 5.688044760889720185e-07
1.474000000000000000e+03 5.286295530822230326e-07
1.475000000000000000e+03 4.884535170908154935e-07
1.476000000000000000e+03 4.484803857587384149e-07
1.477000000000000000e+03 4.089087679541182414e-07
1.478000000000000000e+03 3.699306632981894795e-07
1.479000000000000000e+03 3.317302294610155785e-07
1.480000000000000000e+03 2.944826698936265035e-07
1.481000000000000000e+03 2.583531598369272669e-07
1.482000000000000000e+03 2.234958217453164043e-07
1.483000000000000000e+03 1.900528420785386920e-07
1.484000000000000000e+03 1.581536557554291336e-07
1.485000000000000000e+03 1.279142206138605996e-07
1.486000000000000000e+03 9.943638887782597881e-08
1.487000000000000000e+03 7.280745212349272837e-08
1.488000000000000000e+03 4.809984830620577054e-08
1.489000000000000000e+03 2.537098010851866125e-08
1.490000000000000000e+03 4.663175931617030032e-09
1.491000000000000000e+03 -1.399614364269054443e-08
1.492000000000000000e+03 -3.059416771886812018e-08
1.493000000000000000e+03 -4.513227168071683074e-08
1.494000000000000000e+03 -5.762551485213989409e-08
1.495000000000000000e+03 -6.810192415768533318e-08
1.496000000000000000e+03 -7.660175165597619236e-08
1.497000000000000000e+03 -8.317658912015734993e-08
1.498000000000000000e+03 -8.788844427057372495e-08
1.499000000000000000e+03 -9.080874030689579878e-08
1.500000000000000000e+03 -9.201727224844605614e-08
1.501000000000000000e+03 -9.160115786791523553e-08
1.502000000000000000e+03 -8.965375973408318418e-08
1.503000000000000000e+03 -8.627359407617128249e-08
1.504000000000000000e+03 -8.156327665311721710e-08
1.505000000000000000e+03 -7.562847560983494592e-08
1.506000000000000000e+03 -6.857694123714348697e-08
1.507000000000000000e+03 -6.051757500356085357e-08
1.508000000000000000e+03 -5.155954538805790463e-08
1.509000000000000000e+03 -4.181150734449722241e-08
1.510000000000000000e+03 -3.138084353832024332e-08
1.511000000000000000e+03 -2.037299766716318701e-08
1.512000000000000000e+03 -8.890903996916959728e-09
1.513000000000000000e+03 2.965551760629376027e-09
1.514000000000000000e+03 1.510005509729750060e-08
1.515000000000000000e+03 2.742028680048007127e-08
1.516000000000000000e+03 3.983834907268980446e-08
1.517000000000000000e+03 5.227116340929682963e-08
1.518000000000000000e+03 6.464078484886288276e-08
1.519000000000000000e+03 7.687468981255093936e-08
1.520000000000000000e+03 8.890604646192368403e-08
1.521000000000000000e+03 1.006739087998445193e-07
1.522000000000000000e+03 1.121233199744113732e-07
1.523000000000000000e+03 1.232053780266307078e-07
1.524000000000000000e+03 1.338771724331448727e-07
1.525000000000000000e+03 1.441017097620636631e-07
1.526000000000000000e+03 1.538478151534398393e-07
1.527000000000000000e+03 1.630899435544819732e-07
1.528000000000000000e+03 1.718079829312695399e-07
1.529000000000000000e+03 1.799870705852894414e-07
1.530000000000000000e+03 1.876174007746555174e-07
1.531000000000000000e+03 1.946939434705915088e-07
1.532000000000000000e+03 2.012163063567858597e-07
1.533000000000000000e+03 2.071885412988518776e-07
1.534000000000000000e+03 2.126189094990086494e-07
1.535000000000000000e+03 2.175195889263721603e-07
1.536000000000000000e+03 2.219064345435100607e-07
1.537000000000000000e+03 2.257986454457247826e-07
1.538000000000000000e+03 2.292184679906593294e-07
1.539000000000000000e+03 2.321908179658807115e-07
1.540000000000000000e+03 2.347429084140127476e-07
1.541000000000000000e+03 2.369038690763192199e-07
1.542000000000000000e+03 2.387045156175965041e-07
1.543000000000000000e+03 2.401769318400945911e-07
1.544000000000000000e+03 2.413540714693432569e-07
1.545000000000000000e+03 2.422694302235299386e-07
1.546000000000000000e+03 2.429565657066409751e-07
1.547000000000000000e+03 2.434485810634183763e-07
1.548000000000000000e+03 2.437776920235585492e-07
1.549000000000000000e+03 2.439746769739912765e-07
1.550000000000000000e+03 2.440683542145937317e-07
1.551000000000000000e+03 2.440851154268136273e-07
1.552000000000000000e+03 2.440484170507085206e-07
1.553000000000000000e+03 2.439783595913093806e-07
1.554000000000000000e+03 2.438912919166905215e-07
1.555000000000000000e+03 2.437995329562332247e-07
1.556000000000000000e+03 2.437111874976845523e-07
1.557000000000000000e+03 2.436299943717899151e-07
1.558000000000000000e+03 2.435553051185112457e-07
1.559000000000000000e+03 2.434822119522502489e-07
1.560000000000000000e+03 2.434016633270923272e-07
1.561000000000000000e+03 2.433007363427665310e-07
1.562000000000000000e+03 2.431630245556220343e-07
1.563000000000000000e+03 2.429690145458554882e-07
1.564000000000000000e+03 2.426965321562802678e-07
1.565000000000000000e+03 2.423212702438741956e-07
1.566000000000000000e+03 2.418172595336831543e-07
1.567000000000000000e+03 2.411573797085890038e-07
1.568000000000000000e+03 2.403138425780782545e-07
1.569000000000000000e+03 2.392586518742599907e-07
1.570000000000000000e+03 2.379639930767459764e-07
1.571000000000000000e+03 2.364026178530565853e-07
1.572000000000000000e+03 2.345481426126629567e-07
1.573000000000000000e+03 2.323754109803209331e-07
1.574000000000000000e+03 2.298607332643787098e-07
1.575000000000000000e+03 2.269820642180932304e-07
1.576000000000000000e+03 2.237191857826209116e-07
1.577000000000000000e+03 2.200539160173296648e-07
1.578000000000000000e+03 2.159701883569886941e-07
1.579000000000000000e+03 2.114540954413150803e-07
1.580000000000000000e+03 2.064938908871965173e-07
1.581000000000000000e+03 2.010799973084041273e-07
1.582000000000000000e+03 1.952049375048552639e-07
1.583000000000000000e+03 1.888632076385006337e-07
1.584000000000000000e+03 1.820510492217293623e-07
1.585000000000000000e+03 1.747662812829347909e-07
1.586000000000000000e+03 1.670081260232831782e-07
1.587000000000000000e+03 1.587769872104507079e-07
1.588000000000000000e+03 1.500741831291656156e-07
1.589000000000000000e+03 1.409017983117253119e-07
1.590000000000000000e+03 1.312624881507670978e-07
1.591000000000000000e+03 1.211593649715656668e-07
1.592000000000000000e+03 1.105957368179701897e-07
1.593000000000000000e+03 9.957492542709857185e-08
1.594000000000000000e+03 8.810008286732234542e-08
1.595000000000000000e+03 7.617398543595054958e-08
1.596000000000000000e+03 6.379883923540673433e-08
1.597000000000000000e+03 5.097604224726524202e-08
1.598000000000000000e+03 3.770596545899523515e-08
1.599000000000000000e+03 2.398774112466136226e-08
1.600000000000000000e+03 9.819086319463076236e-09
1.601000000000000000e+03 -4.803872775891387957e-09
1.602000000000000000e+03 -1.988680056031522988e-08
1.603000000000000000e+03 -3.543726507092213159e-08
1.604000000000000000e+03 -5.146478500213830049e-08
1.605000000000000000e+03 -6.798089495380152075e-08
1.606000000000000000e+03 -8.499908872619216369e-08
1.607000000000000000e+03 -1.025346755475540563e-07
1.608000000000000000e+03 -1.206045101095298400e-07
1.609000000000000000e+03 -1.392266540479104289e-07
1.610000000000000000e+03 -1.584198595616730562e-07
1.611000000000000000e+03 -1.782030300966984995e-07
1.612000000000000000e+03 -1.985945951491727450e-07
1.613000000000000000e+03 -2.196117648094325316e-07
1.614000000000000000e+03 -2.412698040484300811e-07
1.615000000000000000e+03 -2.635812719096188750e-07
1.616000000000000000e+03 -2.865552129361250791e-07
1.617000000000000000e+03 -3.101964361475071354e-07
1.618000000000000000e+03 -3.345047687014923271e-07
1.619000000000000000e+03 -3.594743350378211636e-07
1.620000000000000000e+03 -3.850930125175974652e-07
1.621000000000000000e+03 -4.113418807865649259e-07
1.622000000000000000e+03 -4.381947533260436986e-07
1.623000000000000000e+03 -4.656178367166142204e-07
1.624000000000000000e+03 -4.935694383957007766e-07
1.625000000000000000e+03 -5.219998087324361466e-07
1.626000000000000000e+03 -5.508510916076214402e-07
1.627000000000000000e+03 -5.800574080940255690e-07
1.628000000000000000e+03 -6.095450232496291862e-07
1.629000000000000000e+03 -6.392326276848828237e-07
1.630000000000000000e+03 -6.690317474997177153e-07
1.631000000000000000e+03 -6.988472595617034378e-07
1.632000000000000000e+03 -7.285780803169276475e-07
1.633000000000000000e+03 -7.581178648226514173e-07
1.634000000000000000e+03 -7.873558467685451771e-07
1.635000000000000000e+03 -8.161777136552518327e-07
1.636000000000000000e+03 -8.444665718552091374e-07
1.637000000000000000e+03 -8.721038791270657116e-07
1.638000000000000000e+03 -8.989703786965259959e-07
1.639000000000000000e+03 -9.249469788465381512e-07
1.640000000000000000e+03 -9.499155355199663432e-07
1.641000000000000000e+03 -9.737596802994582907e-07
1.642000000000000000e+03 -9.963655073706925623e-07
1.643000000000000000e+03 -1.017622138512436566e-06
1.644000000000000000e+03 -1.037422301039144056e-06
1.645000000000000000e+03 -1.055662862512872808e-06
1.646000000000000000e+03 -1.072245268470317343e-06
1.647000000000000000e+03 -1.087075996044506815e-06
1.648000000000000000e+03 -1.100066923705662128e-06
1.649000000000000000e+03 -1.111135714043135364e-06
1.650000000000000000e+03 -1.120206132061041106e-06
1.651000000000000000e+03 -1.127208369785777172e-06
1.652000000000000000e+03 -1.132079314360607399e-06
1.653000000000000000e+03 -1.134762808051887650e-06
1.654000000000000000e+03 -1.135209914193659172e-06
1.655000000000000000e+03 -1.133379195149248098e-06
1.656000000000000000e+03 -1.129236934330884382e-06
1.657000000000000000e+03 -1.122757403998368121e-06
1.658000000000000000e+03 -1.113923199214885928e-06
1.659000000000000000e+03 -1.102725516867753347e-06
1.660000000000000000e+03 -1.089164450455637117e-06
1.661000000000000000e+03 -1.073249243925288586e-06
1.662000000000000000e+03 -1.054998577360415573e-06
1.663000000000000000e+03 -1.034440732277403871e-06
1.664000000000000000e+03 -1.011613775256357988e-06
1.665000000000000000e+03 -9.865657340110628948e-07
1.666000000000000000e+03 -9.593546336209331147e-07
1.667000000000000000e+03 -9.300485133427281644e-07
1.668000000000000000e+03 -8.987254453497872802e-07
1.669000000000000000e+03 -8.654734486672625333e-07
1.670000000000000000e+03 -8.303903601460990968e-07
1.671000000000000000e+03 -7.935836484403067721e-07
1.672000000000000000e+03 -7.551700663497505246e-07
1.673000000000000000e+03 -7.152752605035402234e-07
1.674000000000000000e+03 -6.740332575910047092e-07
1.675000000000000000e+03 -6.315858600596400895e-07
1.676000000000000000e+03 -5.880819480310878906e-07
1.677000000000000000e+03 -5.436767296142250432e-07
1.678000000000000000e+03 -4.985308401002283840e-07
1.679000000000000000e+03 -4.528094506413158085e-07
1.680000000000000000e+03 -4.066813070591781843e-07
1.681000000000000000e+03 -3.603177943385512122e-07
1.682000000000000000e+03 -3.138918952546500849e-07
1.683000000000000000e+03 -2.675772078491150577e-07
1.684000000000000000e+03 -2.215469171428165926e-07
1.685000000000000000e+03 -1.759727576768383546e-07
1.686000000000000000e+03 -1.310239400369395733e-07
1.687000000000000000e+03 -8.686607601649935759e-08
1.688000000000000000e+03 -4.366016283252677404e-08
1.689000000000000000e+03 -1.561582358074526469e-09
1.690000000000000000e+03 3.928102647261437562e-08
1.691000000000000000e+03 7.872675146562971844e-08
1.692000000000000000e+03 1.166433611679263268e-07
1.693000000000000000e+03 1.529082389788061258e-07
1.694000000000000000e+03 1.874092434540729115e-07
1.695000000000000000e+03 2.200455125397408426e-07
1.696000000000000000e+03 2.507282135204861276e-07
1.697000000000000000e+03 2.793811999452362128e-07
1.698000000000000000e+03 3.059416067369904511e-07
1.699000000000000000e+03 3.303603313427918361e-07
1.700000000000000000e+03 3.526024518819650803e-07
1.701000000000000000e+03 3.726475426043074198e-07
1.702000000000000000e+03 3.904898556168484100e-07
1.703000000000000000e+03 4.061384273340017876e-07
1.704000000000000000e+03 4.196169672982363872e-07
1.705000000000000000e+03 4.309636084937338120e-07
1.706000000000000000e+03 4.402305104851507358e-07
1.707000000000000000e+03 4.474833259205022808e-07
1.708000000000000000e+03 4.528004409160740595e-07
1.709000000000000000e+03 4.562721322251515748e-07
1.710000000000000000e+03 4.579995799785196251e-07
1.711000000000000000e+03 4.580938205839397836e-07
1.712000000000000000e+03 4.566746003861923204e-07
1.713000000000000000e+03 4.538691253598766940e-07
1.714000000000000000e+03 4.498108276576296682e-07
1.715000000000000000e+03 4.446380759927607256e-07
1.716000000000000000e+03 4.384928872340124341e-07
1.717000000000000000e+03 4.315196714288352712e-07
1.718000000000000000e+03 4.238639634403645026e-07
1.719000000000000000e+03 4.156712306907025124e-07
1.720000000000000000e+03 4.070856834289339753e-07
1.721000000000000000e+03 3.982491479506148978e-07
1.722000000000000000e+03 3.892999962328249626e-07
1.723000000000000000e+03 3.803721778997945433e-07
1.724000000000000000e+03 3.715942728448046081e-07
1.725000000000000000e+03 3.630885710262534241e-07
1.726000000000000000e+03 3.549702977548639309e-07
1.727000000000000000e+03 3.473468974714222387e-07
1.728000000000000000e+03 3.403173218152005912e-07
1.729000000000000000e+03 3.339714657676084008e-07
1.730000000000000000e+03 3.283896216401263491e-07
1.731000000000000000e+03 3.236420666486876708e-07
1.732000000000000000e+03 3.197887315544480565e-07
1.733000000000000000e+03 3.168789563662276524e-07
1.734000000000000000e+03 3.149513918506532335e-07
1.735000000000000000e+03 3.140339878789893536e-07
1.736000000000000000e+03 3.141440792314790225e-07
1.737000000000000000e+03 3.152885299416486158e-07
1.738000000000000000e+03 3.174640396064920798e-07
1.739000000000000000e+03 3.206575086738713288e-07
1.740000000000000000e+03 3.248464998326323874e-07
1.741000000000000000e+03 3.299996963583267792e-07
1.742000000000000000e+03 3.360774197660292115e-07
1.743000000000000000e+03 3.430323178427847156e-07
1.744000000000000000e+03 3.508100192321890607e-07
1.745000000000000000e+03 3.593498378323687318e-07
1.746000000000000000e+03 3.685855015278422186e-07
1.747000000000000000e+03 3.784460230563229564e-07
1.748000000000000000e+03 3.888564638438031412e-07
1.749000000000000000e+03 3.997387232447679360e-07
1.750000000000000000e+03 4.110123921812577655e-07
1.751000000000000000e+03 4.225955254544792388e-07
1.752000000000000000e+03 4.344052924398741670e-07
1.753000000000000000e+03 4.463586185037352029e-07
1.754000000000000000e+03 4.583726410297761652e-07
1.755000000000000000e+03 4.703651744211137185e-07
1.756000000000000000e+03 4.822550603053334129e-07
1.757000000000000000e+03 4.939623548477773569e-07
1.758000000000000000e+03 5.054085809321505020e-07
1.759000000000000000e+03 5.165168613974983917e-07
1.760000000000000000e+03 5.272119738132918440e-07
1.761000000000000000e+03 5.374204920203085037e-07
1.762000000000000000e+03 5.470709093424489121e-07
1.763000000000000000e+03 5.560937536729923005e-07
1.764000000000000000e+03 5.644218308004944578e-07
1.765000000000000000e+03 5.719904184834777866e-07
1.766000000000000000e+03 5.787375396625532734e-07
1.767000000000000000e+03 5.846043356801660099e-07
1.768000000000000000e+03 5.895354824852503452e-07
1.769000000000000000e+03 5.934796295065941222e-07
1.770000000000000000e+03 5.963897667880542088e-07
1.771000000000000000e+03 5.982236498507560486e-07
1.772000000000000000e+03 5.989442597429279719e-07
1.773000000000000000e+03 5.985201600937475287e-07
1.774000000000000000e+03 5.969258380160106985e-07
1.775000000000000000e+03 5.941419960859216849e-07
1.776000000000000000e+03 5.901557380577223670e-07
1.777000000000000000e+03 5.849607440317166364e-07
1.778000000000000000e+03 5.785572986922848514e-07
1.779000000000000000e+03 5.709522124211435018e-07
1.780000000000000000e+03 5.621587644276600685e-07
1.781000000000000000e+03 5.521964569896916557e-07
1.782000000000000000e+03 5.410908055378528902e-07
1.783000000000000000e+03 5.288729932131984061e-07
1.784000000000000000e+03 5.155795270095181554e-07
1.785000000000000000e+03 5.012518483617922285e-07
1.786000000000000000e+03 4.859358197586326677e-07
1.787000000000000000e+03 4.696812746949020945e-07
1.788000000000000000e+03 4.525415021077641870e-07
1.789000000000000000e+03 4.345726597529688964e-07
1.790000000000000000e+03 4.158333186416912009e-07
1.791000000000000000e+03 3.963838859691990442e-07
1.792000000000000000e+03 3.762861042308502986e-07
1.793000000000000000e+03 3.556025303411497197e-07
1.794000000000000000e+03 3.343960599363823511e-07
1.795000000000000000e+03 3.127295026288156229e-07
1.796000000000000000e+03 2.906651660287882501e-07
1.797000000000000000e+03 2.682644841175151885e-07
1.798000000000000000e+03 2.455876586632152490e-07
1.799000000000000000e+03 2.226933596464628242e-07
1.800000000000000000e+03 1.996384672391746856e-07
1.801000000000000000e+03 1.764778770584665593e-07
1.802000000000000000e+03 1.532642481899370681e-07
1.803000000000000000e+03 1.300478496602204221e-07
1.804000000000000000e+03 1.068764151666436674e-07
1.805000000000000000e+03 8.379496688796636964e-08
1.806000000000000000e+03 6.084568786136302800e-08
1.807000000000000000e+03 3.806781901127771333e-08
1.808000000000000000e+03 1.549754796163506446e-08
1.809000000000000000e+03 -6.832028320863246508e-09
1.810000000000000000e+03 -2.889100624853132421e-08
1.811000000000000000e+03 -5.065263583526748405e-08
1.812000000000000000e+03 -7.209334689587728103e-08
1.813000000000000000e+03 -9.319261684557099762e-08
1.814000000000000000e+03 -1.139328169524339679e-07
1.815000000000000000e+03 -1.342990152559589358e-07
1.816000000000000000e+03 -1.542786682647577382e-07
1.817000000000000000e+03 -1.738612982645807664e-07
1.818000000000000000e+03 -1.930380479129708586e-07
1.819000000000000000e+03 -2.118012634143948614e-07
1.820000000000000000e+03 -2.301440477683532060e-07
1.821000000000000000e+03 -2.480597178636455843e-07
1.822000000000000000e+03 -2.655413186512052271e-07
1.823000000000000000e+03 -2.825811540855061070e-07
1.824000000000000000e+03 -2.991703547262543193e-07
1.825000000000000000e+03 -3.152984385600389373e-07
1.826000000000000000e+03 -3.309529265169973145e-07
1.827000000000000000e+03 -3.461190245261701286e-07
1.828000000000000000e+03 -3.607793608349402679e-07
1.829000000000000000e+03 -3.749137516241257597e-07
1.830000000000000000e+03 -3.884990980279544447e-07
1.831000000000000000e+03 -4.015092806248806456e-07
1.832000000000000000e+03 -4.139151839124765521e-07
1.833000000000000000e+03 -4.256847380854290620e-07
1.834000000000000000e+03 -4.367830401528004428e-07
1.835000000000000000e+03 -4.471725584842574327e-07
1.836000000000000000e+03 -4.568133452948951921e-07
1.837000000000000000e+03 -4.656634386970882429e-07
1.838000000000000000e+03 -4.736792305469868284e-07
1.839000000000000000e+03 -4.808158690379654827e-07
1.840000000000000000e+03 -4.870277343584217532e-07
1.841000000000000000e+03 -4.922689870326052411e-07
1.842000000000000000e+03 -4.964940740835942400e-07
1.843000000000000000e+03 -4.996583018124805607e-07
1.844000000000000000e+03 -5.017183924425642451e-07
1.845000000000000000e+03 -5.026330275744482326e-07
1.846000000000000000e+03 -5.023634637817061353e-07
1.847000000000000000e+03 -5.008740085240166068e-07
1.848000000000000000e+03 -4.981325216635225849e-07
1.849000000000000000e+03 -4.941108664215326035e-07
1.850000000000000000e+03 -4.887852712241913266e-07
1.851000000000000000e+03 -4.821366515494789311e-07
1.852000000000000000e+03 -4.741508209220774234e-07
1.853000000000000000e+03 -4.648187243022731630e-07
1.854000000000000000e+03 -4.541365417018090571e-07
1.855000000000000000e+03 -4.421056940614396706e-07
1.856000000000000000e+03 -4.287329029383912676e-07
1.857000000000000000e+03 -4.140301492915105911e-07
1.858000000000000000e+03 -3.980146110862242475e-07
1.859000000000000000e+03 -3.807085485768469066e-07
1.860000000000000000e+03 -3.621391527427951999e-07
1.861000000000000000e+03 -3.423383636482175571e-07
1.862000000000000000e+03 -3.213426031713758452e-07
1.863000000000000000e+03 -2.991926032371427954e-07
1.864000000000000000e+03 -2.759331741295880826e-07
1.865000000000000000e+03 -2.516128856642784926e-07
1.866000000000000000e+03 -2.262838892603494044e-07
1.867000000000000000e+03 -2.000015364596737732e-07
1.868000000000000000e+03 -1.728241370715700557e-07
1.869000000000000000e+03 -1.448126475346521770e-07
1.870000000000000000e+03 -1.160303124083181690e-07
1.871000000000000000e+03 -8.654227096199157892e-08
1.872000000000000000e+03 -5.641523006912371825e-08
1.873000000000000000e+03 -2.571702639350328020e-08
1.874000000000000000e+03 5.483758087462082148e-09
1.875000000000000000e+03 3.711823671854592163e-08
1.876000000000000000e+03 6.911759655067106204e-08
1.877000000000000000e+03 1.014135102216140012e-07
1.878000000000000000e+03 1.339384497902599342e-07
1.879000000000000000e+03 1.666259758411845963e-07
1.880000000000000000e+03 1.994109521155969910e-07
1.881000000000000000e+03 2.322297232678420187e-07
1.882000000000000000e+03 2.650202004172253591e-07
1.883000000000000000e+03 2.977218066626386740e-07
1.884000000000000000e+03 3.302753939733909208e-07
1.885000000000000000e+03 3.626231343823453126e-07
1.886000000000000000e+03 3.947082745569771597e-07
1.887000000000000000e+03 4.264749406851092649e-07
1.888000000000000000e+03 4.578677908189999552e-07
1.889000000000000000e+03 4.888316885366466697e-07
1.890000000000000000e+03 5.193113539961382156e-07
1.891000000000000000e+03 5.492509871951425789e-07
1.892000000000000000e+03 5.785938971148824927e-07
1.893000000000000000e+03 6.072820961671412549e-07
1.894000000000000000e+03 6.352559657737552928e-07
1.895000000000000000e+03 6.624538922403868280e-07
1.896000000000000000e+03 6.888120275601345032e-07
1.897000000000000000e+03 7.142640576913129719e-07
1.898000000000000000e+03 7.387410280089724940e-07
1.899000000000000000e+03 7.621712503731772887e-07
1.900000000000000000e+03 7.844803591246154602e-07
1.901000000000000000e+03 8.055914109810295713e-07
1.902000000000000000e+03 8.254251545655430910e-07
1.903000000000000000e+03 8.439003337237371604e-07
1.904000000000000000e+03 8.609341125444323933e-07
1.905000000000000000e+03 8.764426112474752607e-07
1.906000000000000000e+03 8.903415311125775200e-07
1.907000000000000000e+03 9.025469063988020027e-07
1.908000000000000000e+03 9.129758914684410734e-07
1.909000000000000000e+03 9.215476082116212245e-07
1.910000000000000000e+03 9.281840698617072444e-07
1.911000000000000000e+03 9.328111628896908296e-07
1.912000000000000000e+03 9.353596887955320329e-07
1.913000000000000000e+03 9.357663703123064295e-07
1.914000000000000000e+03 9.339747977500558559e-07
1.915000000000000000e+03 9.299363366067060604e-07
1.916000000000000000e+03 9.236109752322367801e-07
1.917000000000000000e+03 9.149679236508260530e-07
1.918000000000000000e+03 9.039861083555425565e-07
1.919000000000000000e+03 8.906544440618061133e-07
1.920000000000000000e+03 8.749719583111103456e-07
1.921000000000000000e+03 8.569476351675339099e-07
1.922000000000000000e+03 8.366001324537820356e-07
1.923000000000000000e+03 8.139573625448315800e-07
1.924000000000000000e+03 7.890559762548425285e-07
1.925000000000000000e+03 7.619406990874146472e-07
1.926000000000000000e+03 7.326636734939053684e-07
1.927000000000000000e+03 7.012836832299718371e-07
1.928000000000000000e+03 6.678654590987211102e-07
1.929000000000000000e+03 6.324790664630269174e-07
1.930000000000000000e+03 5.951992476259130418e-07
1.931000000000000000e+03 5.561049110936570521e-07
1.932000000000000000e+03 5.152786855676657450e-07
1.933000000000000000e+03 4.728064826770740461e-07
1.934000000000000000e+03 4.287771452891341922e-07
1.935000000000000000e+03 3.832822193735076791e-07
1.936000000000000000e+03 3.364157271396474123e-07
1.937000000000000000e+03 2.882739731459074991e-07
1.938000000000000000e+03 2.389554135967292062e-07
1.939000000000000000e+03 1.885605681568649810e-07
1.940000000000000000e+03 1.371918793440025921e-07
1.941000000000000000e+03 8.495369812757207945e-08
1.942000000000000000e+03 3.195223349999966300e-08
1.943000000000000000e+03 -2.170449851383636467e-08
1.944000000000000000e+03 -7.590679599532312795e-08
1.945000000000000000e+03 -1.305432709528662264e-07
1.946000000000000000e+03 -1.855008434744137048e-07
1.947000000000000000e+03 -2.406647838692723515e-07
1.948000000000000000e+03 -2.959187186852475108e-07
1.949000000000000000e+03 -3.511446580872815726e-07
1.950000000000000000e+03 -4.062230236921223222e-07
1.951000000000000000e+03 -4.610326344541293219e-07
1.952000000000000000e+03 -5.154507292559246232e-07
1.953000000000000000e+03 -5.693530175135245620e-07
1.954000000000000000e+03 -6.226137752663952205e-07
1.955000000000000000e+03 -6.751059381425427778e-07
1.956000000000000000e+03 -7.267013298462569781e-07
1.957000000000000000e+03 -7.772708623419477580e-07
1.958000000000000000e+03 -8.266848485403696964e-07
1.959000000000000000e+03 -8.748132611476150856e-07
1.960000000000000000e+03 -9.215261651328754669e-07
1.961000000000000000e+03 -9.666941568734067712e-07
1.962000000000000000e+03 -1.010188843763862101e-06
1.963000000000000000e+03 -1.051883325727491833e-06
1.964000000000000000e+03 -1.091652709362515640e-06
1.965000000000000000e+03 -1.129374711421327314e-06
1.966000000000000000e+03 -1.164930225706417761e-06
1.967000000000000000e+03 -1.198203887782305906e-06
1.968000000000000000e+03 -1.229084658781499332e-06
1.969000000000000000e+03 -1.257466355482077217e-06
1.970000000000000000e+03 -1.283248242575120054e-06
1.971000000000000000e+03 -1.306335523696686606e-06
1.972000000000000000e+03 -1.326639872940164364e-06
1.973000000000000000e+03 -1.344079893125683157e-06
1.974000000000000000e+03 -1.358581573091908973e-06
1.975000000000000000e+03 -1.370078685213620748e-06
1.976000000000000000e+03 -1.378513184073413811e-06
1.977000000000000000e+03 -1.383835632738857595e-06
1.978000000000000000e+03 -1.386005505805641525e-06
1.979000000000000000e+03 -1.384991557104823556e-06
1.980000000000000000e+03 -1.380772186120316250e-06
1.981000000000000000e+03 -1.373335772948051159e-06
1.982000000000000000e+03 -1.362681043268497422e-06
1.983000000000000000e+03 -1.348817377018405753e-06
1.984000000000000000e+03 -1.331765129768333137e-06
1.985000000000000000e+03 -1.311555968990581115e-06
1.986000000000000000e+03 -1.288233158981294667e-06
1.987000000000000000e+03 -1.261851787063981756e-06
1.988000000000000000e+03 -1.232478925551397644e-06
1.989000000000000000e+03 -1.200193700677773084e-06
1.990000000000000000e+03 -1.165087277889915877e-06
1.991000000000000000e+03 -1.127262699463149457e-06
1.992000000000000000e+03 -1.086834647766864158e-06
1.993000000000000000e+03 -1.043929108284516248e-06
1.994000000000000000e+03 -9.986829210791247899e-07
1.995000000000000000e+03 -9.512432309659886700e-07
1.996000000000000000e+03 -9.017668660466278612e-07
1.997000000000000000e+03 -8.504196183237991543e-07
1.998000000000000000e+03 -7.973754237472615492e-07
1.999000000000000000e+03 -7.428155350434391647e-07
2.000000000000000000e+03 -6.869276566354533200e-07
2.001000000000000000e+03 -6.299049744440719910e-07
2.002000000000000000e+03 -5.719451791895378806e-07
2.003000000000000000e+03 -5.132494799147007512e-07
2.004000000000000000e+03 -4.540215524651163827e-07
2.005000000000000000e+03 -3.944664052422617925e-07
2.006000000000000000e+03 -3.347891947998203730e-07
2.007000000000000000e+03 -2.751940539488582217e-07
2.008000000000000000e+03 -2.158828459198554619e-07
2.009000000000000000e+03 -1.570538735536822903e-07
2.010000000000000000e+03 -9.890078953652780357e-08
2.011000000000000000e+03 -4.161150823325882251e-08
2.012000000000000000e+03 1.463278723701268891e-08
2.013000000000000000e+03 6.965848270245403392e-08
2.014000000000000000e+03 1.233002221683823780e-07
2.015000000000000000e+03 1.754015472822633493e-07
2.016000000000000000e+03 2.258154512302110173e-07
2.017000000000000000e+03 2.744048545700495745e-07
2.018000000000000000e+03 3.210428851952340580e-07
2.019000000000000000e+03 3.656131908462372994e-07
2.020000000000000000e+03 4.080101017772988500e-07
2.021000000000000000e+03 4.481387317917262921e-07
2.022000000000000000e+03 4.859149391242475151e-07
2.023000000000000000e+03 5.212652292874862244e-07
2.024000000000000000e+03 5.541264961484363773e-07
2.025000000000000000e+03 5.844457286003484025e-07
2.026000000000000000e+03 6.121796511190172590e-07
2.027000000000000000e+03 6.372942791037739456e-07
2.028000000000000000e+03 6.597644884351468194e-07
2.029000000000000000e+03 6.795735379912509563e-07
2.030000000000000000e+03 6.967126011992241692e-07
2.031000000000000000e+03 7.111803561167861108e-07
2.032000000000000000e+03 7.229825832043508598e-07
2.033000000000000000e+03 7.321318000690976623e-07
2.034000000000000000e+03 7.386469792876400671e-07
2.035000000000000000e+03 7.425533212792810218e-07
2.036000000000000000e+03 7.438820649048272071e-07
2.037000000000000000e+03 7.426703764364623198e-07
2.038000000000000000e+03 7.389612766183897082e-07
2.039000000000000000e+03 7.328035614734751097e-07
2.040000000000000000e+03 7.242518192411608922e-07
2.041000000000000000e+03 7.133664365327219203e-07
2.042000000000000000e+03 7.002136274622008615e-07
2.043000000000000000e+03 6.848654152264203856e-07
2.044000000000000000e+03 6.673996752034069614e-07
2.045000000000000000e+03 6.479000319382326453e-07
2.046000000000000000e+03 6.264558285172358182e-07
2.047000000000000000e+03 6.031620711348834895e-07
2.048000000000000000e+03 5.781193207922957852e-07
2.049000000000000000e+03 5.514335169888464369e-07
2.050000000000000000e+03 5.232158104112810732e-07
2.051000000000000000e+03 4.935823663394299345e-07
2.052000000000000000e+03 4.626541773067067540e-07
2.053000000000000000e+03 4.305568391795949469e-07
2.054000000000000000e+03 3.974203139062699764e-07
2.055000000000000000e+03 3.633786322535400720e-07
2.056000000000000000e+03 3.285696116441817931e-07
2.057000000000000000e+03 2.931344041597575269e-07
2.058000000000000000e+03 2.572170348157002561e-07
2.059000000000000000e+03 2.209638906752316539e-07
2.060000000000000000e+03 1.845230952607687455e-07
2.061000000000000000e+03 1.480438232700957701e-07
2.062000000000000000e+03 1.116755190853835572e-07
2.063000000000000000e+03 7.556714342986614384e-08
2.064000000000000000e+03 3.986632762308467825e-08
2.065000000000000000e+03 4.718575405385704557e-09
2.066000000000000000e+03 -2.973361933418196778e-08
2.067000000000000000e+03 -6.335161026498636809e-08
2.068000000000000000e+03 -9.600144000931013134e-08
2.069000000000000000e+03 -1.275547054913174856e-07
2.070000000000000000e+03 -1.578894021494350027e-07
2.071000000000000000e+03 -1.868907284796960084e-07
2.072000000000000000e+03 -2.144518486233500463e-07
2.073000000000000000e+03 -2.404746873473610554e-07
2.074000000000000000e+03 -2.648706951575989455e-07
2.075000000000000000e+03 -2.875614796732248375e-07
2.076000000000000000e+03 -3.084794605405226603e-07
2.077000000000000000e+03 -3.275683781390752463e-07
2.078000000000000000e+03 -3.447836401550825376e-07
2.079000000000000000e+03 -3.600926252970491971e-07
2.080000000000000000e+03 -3.734748301356538282e-07
2.081000000000000000e+03 -3.849219263481164398e-07
2.082000000000000000e+03 -3.944376984371065260e-07
2.083000000000000000e+03 -4.020378562709627399e-07
2.084000000000000000e+03 -4.077496916322035004e-07
2.085000000000000000e+03 -4.116116768396857399e-07
2.086000000000000000e+03 -4.136729805574320994e-07
2.087000000000000000e+03 -4.139929320445592914e-07
2.088000000000000000e+03 -4.126403569579713294e-07
2.089000000000000000e+03 -4.096929269358102959e-07
2.090000000000000000e+03 -4.052364101525069006e-07
2.091000000000000000e+03 -3.993638305676573613e-07
2.092000000000000000e+03 -3.921746178658550945e-07
2.093000000000000000e+03 -3.837736707733609596e-07
2.094000000000000000e+03 -3.742704177275420156e-07
2.095000000000000000e+03 -3.637778374906847382e-07
2.096000000000000000e+03 -3.524114718163190093e-07
2.097000000000000000e+03 -3.402884160130406642e-07
2.098000000000000000e+03 -3.275262764773049842e-07
2.099000000000000000e+03 -3.142422199971716442e-07
2.100000000000000000e+03 -3.005520589190696341e-07
2.101000000000000000e+03 -2.865693479168652731e-07
2.102000000000000000e+03 -2.724044107065482848e-07
2.103000000000000000e+03 -2.581634122322432713e-07
2.104000000000000000e+03 -2.439475276084009357e-07
2.105000000000000000e+03 -2.298521026843217680e-07
2.106000000000000000e+03 -2.159658213751178338e-07
2.107000000000000000e+03 -2.023699673730769232e-07
2.108000000000000000e+03 -1.891377198432065246e-07
2.109000000000000000e+03 -1.763335455424795377e-07
2.110000000000000000e+03 -1.640126520474464538e-07
2.111000000000000000e+03 -1.522205898057953484e-07
2.112000000000000000e+03 -1.409928678432555422e-07
2.113000000000000000e+03 -1.303548712086533980e-07
2.114000000000000000e+03 -1.203217364689243538e-07
2.115000000000000000e+03 -1.108984488216114259e-07
2.116000000000000000e+03 -1.020801178791089062e-07
2.117000000000000000e+03 -9.385239788833695688e-08
2.118000000000000000e+03 -8.619204218645298388e-08
2.119000000000000000e+03 -7.906761564482929176e-08
2.120000000000000000e+03 -7.244040030389222132e-08
2.121000000000000000e+03 -6.626533068477246782e-08
2.122000000000000000e+03 -6.049203747934395049e-08
2.123000000000000000e+03 -5.506602498047054657e-08
2.124000000000000000e+03 -4.992977469265890812e-08
2.125000000000000000e+03 -4.502385963326767721e-08
2.126000000000000000e+03 -4.028798743784627494e-08
2.127000000000000000e+03 -3.566200429584237024e-08
2.128000000000000000e+03 -3.108673107702958252e-08
2.129000000000000000e+03 -2.650469874160098394e-08
2.130000000000000000e+03 -2.186078427016999643e-08
2.131000000000000000e+03 -1.710271474429701840e-08
2.132000000000000000e+03 -1.218144839053339999e-08
2.133000000000000000e+03 -7.051401792454683058e-09
2.134000000000000000e+03 -1.670645783499418636e-09
2.135000000000000000e+03 3.999067088837375303e-09
2.136000000000000000e+03 9.992262529765439585e-09
2.137000000000000000e+03 1.633976036283822190e-08
2.138000000000000000e+03 2.306878752126007011e-08
2.139000000000000000e+03 3.020310648576842876e-08
2.140000000000000000e+03 3.776311886254348036e-08
2.141000000000000000e+03 4.576604927126413445e-08
2.142000000000000000e+03 5.422607825490511943e-08
2.143000000000000000e+03 6.315453807423148300e-08
2.144000000000000000e+03 7.256010736603782394e-08
2.145000000000000000e+03 8.244899793329946942e-08
2.146000000000000000e+03 9.282516648906495770e-08
2.147000000000000000e+03 1.036905078998124141e-07
2.148000000000000000e+03 1.150450303537296526e-07
2.149000000000000000e+03 1.268870388782374777e-07
2.150000000000000000e+03 1.392133238796860650e-07
2.151000000000000000e+03 1.520192417120391164e-07
2.152000000000000000e+03 1.652987162780354470e-07
2.153000000000000000e+03 1.790442723120777278e-07
2.154000000000000000e+03 1.932470098591825921e-07
2.155000000000000000e+03 2.078964020162420156e-07
2.156000000000000000e+03 2.229800697981849949e-07
2.157000000000000000e+03 2.384835722506673197e-07
2.158000000000000000e+03 2.543900958572869336e-07
2.159000000000000000e+03 2.706801122076450665e-07
2.160000000000000000e+03 2.873310843165715040e-07
2.161000000000000000e+03 3.043172114415708310e-07
2.162000000000000000e+03 3.216091846128531500e-07
2.163000000000000000e+03 3.391740356744971119e-07
2.164000000000000000e+03 3.569750643080230011e-07
2.165000000000000000e+03 3.749717746323810920e-07
2.166000000000000000e+03 3.931199040331412078e-07
2.167000000000000000e+03 4.113715663595059555e-07
2.168000000000000000e+03 4.296754725175654065e-07
2.169000000000000000e+03 4.479772742337567709e-07
2.170000000000000000e+03 4.662200572338768050e-07
2.171000000000000000e+03 4.843450066564091972e-07
2.172000000000000000e+03 5.022921265123661693e-07
2.173000000000000000e+03 5.200009825506075863e-07
2.174000000000000000e+03 5.374114681870632269e-07
2.175000000000000000e+03 5.544646041642873093e-07
2.176000000000000000e+03 5.711032893526673472e-07
2.177000000000000000e+03 5.872728859269253863e-07
2.178000000000000000e+03 6.029218646990612547e-07
2.179000000000000000e+03 6.180023419112805784e-07
2.180000000000000000e+03 6.324704901538100417e-07
2.181000000000000000e+03 6.462868144795450386e-07
2.182000000000000000e+03 6.594164231753809834e-07
2.183000000000000000e+03 6.718291360375357262e-07
2.184000000000000000e+03 6.834995159871705648e-07
2.185000000000000000e+03 6.944067649507520752e-07
2.186000000000000000e+03 7.045345894052500956e-07
2.187000000000000000e+03 7.138708953292190914e-07
2.188000000000000000e+03 7.224074538807895332e-07
2.189000000000000000e+03 7.301394677107211237e-07
2.190000000000000000e+03 7.370651454031131301e-07
2.191000000000000000e+03 7.431851558639941207e-07
2.192000000000000000e+03 7.485020845278770223e-07
2.193000000000000000e+03 7.530199356378841326e-07
2.194000000000000000e+03 7.567436208208437882e-07
2.195000000000000000e+03 7.596784579552022293e-07
2.196000000000000000e+03 7.618297269620543026e-07
2.197000000000000000e+03 7.632023179737929025e-07
2.198000000000000000e+03 7.638003737227693759e-07
2.199000000000000000e+03 7.636269721937331544e-07
2.200000000000000000e+03 7.626839318646059857e-07
2.201000000000000000e+03 7.609716810125951423e-07
2.202000000000000000e+03 7.584891550209091834e-07
2.203000000000000000e+03 7.552338386899664826e-07
2.204000000000000000e+03 7.512018240144308498e-07
2.205000000000000000e+03 7.463879104240472894e-07
2.206000000000000000e+03 7.407857914103534589e-07
2.207000000000000000e+03 7.343882387934513514e-07
2.208000000000000000e+03 7.271874198095000669e-07
2.209000000000000000e+03 7.191752582794055328e-07
2.210000000000000000e+03 7.103437640179256942e-07
2.211000000000000000e+03 7.006854857727227366e-07
2.212000000000000000e+03 6.901939357252291812e-07
2.213000000000000000e+03 6.788639862971538607e-07
2.214000000000000000e+03 6.666923775622578131e-07
2.215000000000000000e+03 6.536781559092782669e-07
2.216000000000000000e+03 6.398231255883708183e-07
2.217000000000000000e+03 6.251323354764186971e-07
2.218000000000000000e+03 6.096144841591916673e-07
2.219000000000000000e+03 5.932823084805952551e-07
2.220000000000000000e+03 5.761530191267118147e-07
2.221000000000000000e+03 5.582486456373993545e-07
2.222000000000000000e+03 5.395963287108530336e-07
2.223000000000000000e+03 5.202286308151739209e-07
2.224000000000000000e+03 5.001837374656231957e-07
2.225000000000000000e+03 4.795055786527174848e-07
2.226000000000000000e+03 4.582438977469631057e-07
2.227000000000000000e+03 4.364541646087030597e-07
2.228000000000000000e+03 4.141972831109165100e-07
2.229000000000000000e+03 3.915393002608288400e-07
2.230000000000000000e+03 3.685508736133957883e-07
2.231000000000000000e+03 3.453066351269639215e-07
2.232000000000000000e+03 3.218844356855008677e-07
2.233000000000000000e+03 2.983644478368602050e-07
2.234000000000000000e+03 2.748282051035714633e-07
2.235000000000000000e+03 2.513576160485002892e-07
2.236000000000000000e+03 2.280338552227902776e-07
2.237000000000000000e+03 2.049361965723379117e-07
2.238000000000000000e+03 1.821409451038766815e-07
2.239000000000000000e+03 1.597202934860119485e-07
2.240000000000000000e+03 1.377413123284836742e-07
2.241000000000000000e+03 1.162649237709326496e-07
2.242000000000000000e+03 9.534497881906055508e-08
2.243000000000000000e+03 7.502752938538725967e-08
2.244000000000000000e+03 5.535015875627115679e-08
2.245000000000000000e+03 3.634140807852060801e-08
2.246000000000000000e+03 1.802043193369589933e-08
2.247000000000000000e+03 3.968105910943057077e-10
2.248000000000000000e+03 -1.652960019581838170e-08
2.249000000000000000e+03 -3.276857557820798386e-08
2.250000000000000000e+03 -4.833920072959904660e-08
2.251000000000000000e+03 -6.326958051291736863e-08
2.252000000000000000e+03 -7.759635508987468842e-08
2.253000000000000000e+03 -9.136406075571322937e-08
2.254000000000000000e+03 -1.046244309710408429e-07
2.255000000000000000e+03 -1.174356058541514816e-07
2.256000000000000000e+03 -1.298612201876780476e-07
2.257000000000000000e+03 -1.419695214672556168e-07
2.258000000000000000e+03 -1.538324135836491243e-07
2.259000000000000000e+03 -1.655244962601824153e-07
2.260000000000000000e+03 -1.771220749962825281e-07
2.261000000000000000e+03 -1.887022327312082979e-07
2.262000000000000000e+03 -2.003419406372394321e-07
2.263000000000000000e+03 -2.121171631728439568e-07
2.264000000000000000e+03 -2.241020690525566104e-07
2.265000000000000000e+03 -2.363682667950565718e-07
2.266000000000000000e+03 -2.489841308077874191e-07
2.267000000000000000e+03 -2.620142131571249670e-07
2.268000000000000000e+03 -2.755187243931024835e-07
2.269000000000000000e+03 -2.895530573344192687e-07
2.270000000000000000e+03 -3.041674261075383335e-07
2.271000000000000000e+03 -3.194064779413676995e-07
2.272000000000000000e+03 -3.353090970308091389e-07
2.273000000000000000e+03 -3.519081583570138203e-07
2.274000000000000000e+03 -3.692304120928054731e-07
2.275000000000000000e+03 -3.872964209226987884e-07
2.276000000000000000e+03 -4.061204967067172666e-07
2.277000000000000000e+03 -4.257107527442134639e-07
2.278000000000000000e+03 -4.460691533170181424e-07
2.279000000000000000e+03 -4.671916147015199610e-07
2.280000000000000000e+03 -4.890681023360481673e-07
2.281000000000000000e+03 -5.116827229700817551e-07
2.282000000000000000e+03 -5.350138071633433856e-07
2.283000000000000000e+03 -5.590340078236612706e-07
2.284000000000000000e+03 -5.837103501880296439e-07
2.285000000000000000e+03 -6.090042255702453315e-07
2.286000000000000000e+03 -6.348714276550033335e-07
2.287000000000000000e+03 -6.612621755986023479e-07
2.288000000000000000e+03 -6.881211960136164196e-07
2.289000000000000000e+03 -7.153877035144837172e-07
2.290000000000000000e+03 -7.429954761892240070e-07
2.291000000000000000e+03 -7.708729183359391073e-07
2.292000000000000000e+03 -7.989431772857999439e-07
2.293000000000000000e+03 -8.271242930487490948e-07
2.294000000000000000e+03 -8.553292979660175324e-07
2.295000000000000000e+03 -8.834663618724106273e-07
2.296000000000000000e+03 -9.114389794797146906e-07
2.297000000000000000e+03 -9.391461323315517639e-07
2.298000000000000000e+03 -9.664825800110413900e-07
2.299000000000000000e+03 -9.933391656023371608e-07
2.300000000000000000e+03 -1.019603080045483234e-06
2.301000000000000000e+03 -1.045158213521006683e-06
2.302000000000000000e+03 -1.069885560282132746e-06
2.303000000000000000e+03 -1.093663607283709684e-06
2.304000000000000000e+03 -1.116368773452562854e-06
2.305000000000000000e+03 -1.137875859883043000e-06
2.306000000000000000e+03 -1.158058565915079674e-06
2.307000000000000000e+03 -1.176790014921421805e-06
2.308000000000000000e+03 -1.193943405429751403e-06
2.309000000000000000e+03 -1.209392644690634892e-06
2.310000000000000000e+03 -1.223013060595083130e-06
2.311000000000000000e+03 -1.234682225210808303e-06
2.312000000000000000e+03 -1.244280784766683038e-06
2.313000000000000000e+03 -1.251693319294613123e-06
2.314000000000000000e+03 -1.256809333022084536e-06
2.315000000000000000e+03 -1.259524243950594932e-06
2.316000000000000000e+03 -1.259740294349535382e-06
2.317000000000000000e+03 -1.257367518048258787e-06
2.318000000000000000e+03 -1.252324678205687561e-06
2.319000000000000000e+03 -1.244540214651295367e-06
2.320000000000000000e+03 -1.233953142460531625e-06
2.321000000000000000e+03 -1.220513954114448986e-06
2.322000000000000000e+03 -1.204185489505521789e-06
2.323000000000000000e+03 -1.184943832821549377e-06
2.324000000000000000e+03 -1.162779112133992296e-06
2.325000000000000000e+03 -1.137696238750389494e-06
2.326000000000000000e+03 -1.109715589022206928e-06
2.327000000000000000e+03 -1.078873613057150003e-06
2.328000000000000000e+03 -1.045223356769126440e-06
2.329000000000000000e+03 -1.008834797678508224e-06
2.330000000000000000e+03 -9.697950077925767840e-07
2.331000000000000000e+03 -9.282081735758236530e-07
2.332000000000000000e+03 -8.841955041531870063e-07
2.333000000000000000e+03 -8.378948969305944081e-07
2.334000000000000000e+03 -7.894604788063143959e-07
2.335000000000000000e+03 -7.390618716013282894e-07
2.336000000000000000e+03 -6.868833737755929976e-07
2.337000000000000000e+03 -6.331230305437806737e-07
2.338000000000000000e+03 -5.779914698747769667e-07
2.339000000000000000e+03 -5.217106385344391067e-07
2.340000000000000000e+03 -4.645123939328812388e-07
2.341000000000000000e+03 -4.066369655518209968e-07
2.342000000000000000e+03 -3.483312893946404457e-07
2.343000000000000000e+03 -2.898472601948125799e-07
2.344000000000000000e+03 -2.314398756067933166e-07
2.345000000000000000e+03 -1.733653065881963438e-07
2.346000000000000000e+03 -1.158789867378464203e-07
2.347000000000000000e+03 -5.923359298538650338e-08
2.348000000000000000e+03 -3.677110078740905663e-09
2.349000000000000000e+03 5.054914040299136630e-08
2.350000000000000000e+03 1.032123856876520962e-07
2.351000000000000000e+03 1.540902822040074247e-07
2.352000000000000000e+03 2.029727187713165496e-07
2.353000000000000000e+03 2.496634963810072810e-07
2.354000000000000000e+03 2.939818763365167850e-07
2.355000000000000000e+03 3.357640609645408163e-07
2.356000000000000000e+03 3.748645266043412424e-07
2.357000000000000000e+03 4.111570723605596945e-07
2.358000000000000000e+03 4.445357356044625859e-07
2.359000000000000000e+03 4.749155468216543148e-07
2.360000000000000000e+03 5.022330010303579769e-07
2.361000000000000000e+03 5.264463313622158365e-07
2.362000000000000000e+03 5.475355079351043611e-07
2.363000000000000000e+03 5.655020474613670297e-07
2.364000000000000000e+03 5.803685769625523835e-07
2.365000000000000000e+03 5.921781794203555167e-07
2.366000000000000000e+03 6.009935202477387611e-07
2.367000000000000000e+03 6.068958011011716035e-07
2.368000000000000000e+03 6.099836274257828044e-07
2.369000000000000000e+03 6.103715980845973151e-07
2.370000000000000000e+03 6.081889140392841967e-07
2.371000000000000000e+03 6.035777863166028348e-07
2.372000000000000000e+03 5.966919241448822023e-07
2.373000000000000000e+03 5.876949637345477601e-07
2.374000000000000000e+03 5.767589191389345598e-07
2.375000000000000000e+03 5.640626916411574641e-07
2.376000000000000000e+03 5.497905728942291056e-07
2.377000000000000000e+03 5.341308671593867729e-07
2.378000000000000000e+03 5.172745355817988325e-07
2.379000000000000000e+03 4.994138983217367317e-07
2.380000000000000000e+03 4.807414670010968844e-07
2.381000000000000000e+03 4.614487538291419395e-07
2.382000000000000000e+03 4.417252122282538010e-07
2.383000000000000000e+03 4.217572289396609127e-07
2.384000000000000000e+03 4.017272222257456286e-07
2.385000000000000000e+03 3.818127705166030572e-07
2.386000000000000000e+03 3.621858319597354526e-07
2.387000000000000000e+03 3.430119707059771312e-07
2.388000000000000000e+03 3.244496662992495170e-07
2.389000000000000000e+03 3.066496552570356176e-07
2.390000000000000000e+03 2.897543448098388229e-07
2.391000000000000000e+03 2.738973010967836662e-07
2.392000000000000000e+03 2.592027256608738229e-07
2.393000000000000000e+03 2.457849703179389492e-07
2.394000000000000000e+03 2.337481038067565698e-07
2.395000000000000000e+03 2.231855641195530930e-07
2.396000000000000000e+03 2.141797423138234239e-07
2.397000000000000000e+03 2.068016020772852317e-07
2.398000000000000000e+03 2.011103565722068341e-07
2.399000000000000000e+03 1.971530415994512867e-07
2.400000000000000000e+03 1.949641592864596531e-07
2.401000000000000000e+03 1.945654557894774869e-07
2.402000000000000000e+03 1.959656575915441422e-07
2.403000000000000000e+03 1.991603385273678744e-07
2.404000000000000000e+03 2.041318584113374953e-07
2.405000000000000000e+03 2.108493744547728275e-07
2.406000000000000000e+03 2.192689581973583420e-07
2.407000000000000000e+03 2.293337915868995904e-07
2.408000000000000000e+03 2.409744272397646250e-07
2.409000000000000000e+03 2.541091674162493937e-07
2.410000000000000000e+03 2.686444820635820068e-07
2.411000000000000000e+03 2.844755261188965724e-07
2.412000000000000000e+03 3.014867506260632781e-07
2.413000000000000000e+03 3.195526116176216119e-07
2.414000000000000000e+03 3.385383269863020268e-07
2.415000000000000000e+03 3.583006976488360912e-07
2.416000000000000000e+03 3.786890619464243690e-07
2.417000000000000000e+03 3.995462446382583127e-07
2.418000000000000000e+03 4.207095751476299614e-07
2.419000000000000000e+03 4.420119843928181691e-07
2.420000000000000000e+03 4.632832216892348262e-07
2.421000000000000000e+03 4.843510170954172583e-07
2.422000000000000000e+03 5.050423646652888735e-07
2.423000000000000000e+03 5.251848133601722105e-07
2.424000000000000000e+03 5.446078731690140074e-07
2.425000000000000000e+03 5.631443508088930678e-07
2.426000000000000000e+03 5.806317358113500159e-07
2.427000000000000000e+03 5.969134908811824274e-07
2.428000000000000000e+03 6.118402645471671469e-07
2.429000000000000000e+03 6.252710551433505875e-07
2.430000000000000000e+03 6.370743265567422052e-07
2.431000000000000000e+03 6.471289385914303370e-07
2.432000000000000000e+03 6.553249665867833803e-07
2.433000000000000000e+03 6.615644548055353867e-07
2.434000000000000000e+03 6.657619860710507168e-07
2.435000000000000000e+03 6.678451278465588137e-07
2.436000000000000000e+03 6.677547343928169299e-07
2.437000000000000000e+03 6.654451806438995227e-07
2.438000000000000000e+03 6.608844353284193105e-07
2.439000000000000000e+03 6.540539947228738979e-07
2.440000000000000000e+03 6.449487087047014879e-07
2.441000000000000000e+03 6.335764972605259847e-07
2.442000000000000000e+03 6.199579594150036422e-07
2.443000000000000000e+03 6.041258374421606055e-07
2.444000000000000000e+03 5.861244470498237964e-07
2.445000000000000000e+03 5.660090553940065709e-07
2.446000000000000000e+03 5.438452257715473092e-07
2.447000000000000000e+03 5.197081152889479036e-07
2.448000000000000000e+03 4.936817847958818158e-07
2.449000000000000000e+03 4.658586065168278362e-07
2.450000000000000000e+03 4.363386084844984862e-07
2.451000000000000000e+03 4.052289486562831178e-07
2.452000000000000000e+03 3.726433858341840702e-07
2.453000000000000000e+03 3.387017263898373813e-07
2.454000000000000000e+03 3.035293286769177780e-07
2.455000000000000000e+03 2.672566736514451787e-07
2.456000000000000000e+03 2.300188823940176632e-07
2.457000000000000000e+03 1.919551466115527595e-07
2.458000000000000000e+03 1.532082894706278843e-07
2.459000000000000000e+03 1.139241619340816067e-07
2.460000000000000000e+03 7.425106339434433916e-08
2.461000000000000000e+03 3.433916069970143801e-08
2.462000000000000000e+03 -5.660097255676177344e-09
2.463000000000000000e+03 -4.559459779664298987e-08
2.464000000000000000e+03 -8.531213987740470772e-08
2.465000000000000000e+03 -1.246610681944508545e-07
2.466000000000000000e+03 -1.634908245814700541e-07
2.467000000000000000e+03 -2.016525679565526167e-07
2.468000000000000000e+03 -2.389998497597294641e-07
2.469000000000000000e+03 -2.753890864414931063e-07
2.470000000000000000e+03 -3.106801710118678960e-07
2.471000000000000000e+03 -3.447370394216341094e-07
2.472000000000000000e+03 -3.774282834397440672e-07
2.473000000000000000e+03 -4.086276477507618969e-07
2.474000000000000000e+03 -4.382146272023257379e-07
2.475000000000000000e+03 -4.660749683025224883e-07
2.476000000000000000e+03 -4.921012000783771544e-07
2.477000000000000000e+03 -5.161930834803326168e-07
2.478000000000000000e+03 -5.382580805275751863e-07
2.479000000000000000e+03 -5.582117933485229420e-07
2.480000000000000000e+03 -5.759784363731135574e-07
2.481000000000000000e+03 -5.914912013033702766e-07
2.482000000000000000e+03 -6.046926511766055539e-07
2.483000000000000000e+03 -6.155350225284531218e-07
2.484000000000000000e+03 -6.239805233242380159e-07
2.485000000000000000e+03 -6.300015807237043321e-07
2.486000000000000000e+03 -6.335809561683212358e-07
2.487000000000000000e+03 -6.347118441229480128e-07
2.488000000000000000e+03 -6.333979355206885904e-07
2.489000000000000000e+03 -6.296532764820182886e-07
2.490000000000000000e+03 -6.235021160614933123e-07
2.491000000000000000e+03 -6.149786462727272220e-07
2.492000000000000000e+03 -6.041267219811220886e-07
2.493000000000000000e+03 -5.909994256098689797e-07
2.494000000000000000e+03 -5.756586749503644704e-07
2.495000000000000000e+03 -5.581747385035273741e-07
2.496000000000000000e+03 -5.386257912817534178e-07
2.497000000000000000e+03 -5.170973504427492174e-07
2.498000000000000000e+03 -4.936818687985463568e-07
2.499000000000000000e+03 -4.684782297372392708e-07
2.500000000000000000e+03 -4.415912470814306202e-07
2.501000000000000000e+03 -4.131312138150307724e-07
2.502000000000000000e+03 -3.832134229884841942e-07
2.503000000000000000e+03 -3.519577161986694168e-07
2.504000000000000000e+03 -3.194879814734833632e-07
2.505000000000000000e+03 -2.859316290242940695e-07
2.506000000000000000e+03 -2.514191331473243766e-07
2.507000000000000000e+03 -2.160834384323688057e-07
2.508000000000000000e+03 -1.800594764545403961e-07
2.509000000000000000e+03 -1.434836540340966546e-07
2.510000000000000000e+03 -1.064933241566398410e-07
2.511000000000000000e+03 -6.922629878030010137e-08
2.512000000000000000e+03 -3.182043061232503547e-08
2.513000000000000000e+03 5.586823502667476971e-09
2.514000000000000000e+03 4.285884335303488169e-08
2.515000000000000000e+03 7.986024951129889695e-08
2.516000000000000000e+03 1.164572547344934269e-07
2.517000000000000000e+03 1.525179614084354031e-07
2.518000000000000000e+03 1.879126898768570369e-07
2.519000000000000000e+03 2.225142555116431331e-07
2.520000000000000000e+03 2.561982988198836334e-07
2.521000000000000000e+03 2.888435759521866703e-07
2.522000000000000000e+03 3.203322792503041839e-07
2.523000000000000000e+03 3.505503137355233853e-07
2.524000000000000000e+03 3.793876550704258941e-07
2.525000000000000000e+03 4.067387052604767284e-07
2.526000000000000000e+03 4.325027276931462057e-07
2.527000000000000000e+03 4.565842409715664885e-07
2.528000000000000000e+03 4.788935035989497261e-07
2.529000000000000000e+03 4.993469801795284063e-07
2.530000000000000000e+03 5.178678006692651148e-07
2.531000000000000000e+03 5.343862987651026007e-07
2.532000000000000000e+03 5.488405434869733705e-07
2.533000000000000000e+03 5.611767855295322661e-07
2.534000000000000000e+03 5.713500048041557743e-07
2.535000000000000000e+03 5.793244192819086233e-07
2.536000000000000000e+03 5.850739860458032974e-07
2.537000000000000000e+03 5.885828737128106105e-07
2.538000000000000000e+03 5.898459071592873317e-07
2.539000000000000000e+03 5.888689677456320555e-07
2.540000000000000000e+03 5.856693534363804274e-07
2.541000000000000000e+03 5.802759964844124643e-07
2.542000000000000000e+03 5.727296261656573442e-07
2.543000000000000000e+03 5.630828780431976161e-07
2.544000000000000000e+03 5.514001617054885298e-07
2.545000000000000000e+03 5.377575413802164599e-07
2.546000000000000000e+03 5.222423744030503897e-07
2.547000000000000000e+03 5.049529450599937763e-07
2.548000000000000000e+03 4.859979158425046476e-07
2.549000000000000000e+03 4.654957144577350128e-07
2.550000000000000000e+03 4.435737926909756354e-07
2.551000000000000000e+03 4.203677860011756955e-07
2.552000000000000000e+03 3.960206898187738964e-07
2.553000000000000000e+03 3.706819216715517169e-07
2.554000000000000000e+03 3.445063180840868566e-07
2.555000000000000000e+03 3.176531229887297917e-07
2.556000000000000000e+03 2.902848979679761813e-07
2.557000000000000000e+03 2.625665004876807652e-07
2.558000000000000000e+03 2.346639167811479478e-07
2.559000000000000000e+03 2.067430891115707487e-07
2.560000000000000000e+03 1.789688004969732703e-07
2.561000000000000000e+03 1.515034282631677576e-07
2.562000000000000000e+03 1.245057091568380431e-07
2.563000000000000000e+03 9.812969439613618089e-08
2.564000000000000000e+03 7.252361686794303234e-08
2.565000000000000000e+03 4.782891659659095135e-08
2.566000000000000000e+03 2.417935759846751804e-08
2.567000000000000000e+03 1.700209903683668568e-09
2.568000000000000000e+03 -1.949240909514857891e-08
2.569000000000000000e+03 -3.929216453485596153e-08
2.570000000000000000e+03 -5.760304463079534595e-08
2.571000000000000000e+03 -7.433983184493761110e-08
2.572000000000000000e+03 -8.942855847128290914e-08
2.573000000000000000e+03 -1.028069230923531940e-07
2.574000000000000000e+03 -1.144246167327680213e-07
2.575000000000000000e+03 -1.242436394680650579e-07
2.576000000000000000e+03 -1.322385678205598206e-07
2.577000000000000000e+03 -1.383967801764599001e-07
2.578000000000000000e+03 -1.427185469571012688e-07
2.579000000000000000e+03 -1.452170872792766299e-07
2.580000000000000000e+03 -1.459185778644671340e-07
2.581000000000000000e+03 -1.448620453086881559e-07
2.582000000000000000e+03 -1.420991349043775183e-07
2.583000000000000000e+03 -1.376938338128916085e-07
2.584000000000000000e+03 -1.317220210013740892e-07
2.585000000000000000e+03 -1.242709918389839723e-07
2.586000000000000000e+03 -1.154388321964714411e-07
2.587000000000000000e+03 -1.053337370355617330e-07
2.588000000000000000e+03 -9.407321771720813238e-08
2.589000000000000000e+03 -8.178322626792197176e-08
2.590000000000000000e+03 -6.859728401240845030e-08
2.591000000000000000e+03 -5.465555522906605504e-08
2.592000000000000000e+03 -4.010384748007003176e-08
2.593000000000000000e+03 -2.509256830990431469e-08
2.594000000000000000e+03 -9.775806625211944491e-09
2.595000000000000000e+03 5.689785172575006470e-09
2.596000000000000000e+03 2.114601420370096566e-08
2.597000000000000000e+03 3.643423799650539052e-08
2.598000000000000000e+03 5.139647432112520330e-08
2.599000000000000000e+03 6.587647223626878155e-08
2.600000000000000000e+03 7.972079222502935333e-08
2.601000000000000000e+03 9.277995645273376359e-08
2.602000000000000000e+03 1.049096138972168867e-07
2.603000000000000000e+03 1.159716703999109973e-07
2.604000000000000000e+03 1.258353958485865827e-07
2.605000000000000000e+03 1.343785300347251786e-07
2.606000000000000000e+03 1.414884059596286030e-07
2.607000000000000000e+03 1.470630029276986795e-07
2.608000000000000000e+03 1.510118731802190363e-07
2.609000000000000000e+03 1.532570528386609105e-07
2.610000000000000000e+03 1.537338398558684442e-07
2.611000000000000000e+03 1.523914754700224805e-07
2.612000000000000000e+03 1.491936552558398414e-07
2.613000000000000000e+03 1.441189480721126710e-07
2.614000000000000000e+03 1.371609659541423002e-07
2.615000000000000000e+03 1.283284973951734135e-07
2.616000000000000000e+03 1.176453821196912231e-07
2.617000000000000000e+03 1.051502859299579626e-07
2.618000000000000000e+03 9.089628427343781944e-08
2.619000000000000000e+03 7.495025990421798710e-08
2.620000000000000000e+03 5.739227227396166568e-08
2.621000000000000000e+03 3.831474333110683024e-08
2.622000000000000000e+03 1.782146707294939029e-08
2.623000000000000000e+03 -3.973428946420018221e-09
2.624000000000000000e+03 -2.694654213221105260e-08
2.625000000000000000e+03 -5.096641932638627164e-08
2.626000000000000000e+03 -7.589475226068907298e-08
2.627000000000000000e+03 -1.015876617577679010e-07
2.628000000000000000e+03 -1.278968852335479510e-07
2.629000000000000000e+03 -1.546709416880748468e-07
2.630000000000000000e+03 -1.817562737837576413e-07
2.631000000000000000e+03 -2.089984000690768321e-07
2.632000000000000000e+03 -2.362429664218321112e-07
2.633000000000000000e+03 -2.633366484447185995e-07
2.634000000000000000e+03 -2.901282219232504244e-07
2.635000000000000000e+03 -3.164694323358494422e-07
2.636000000000000000e+03 -3.422159069773449181e-07
2.637000000000000000e+03 -3.672280634361969288e-07
2.638000000000000000e+03 -3.913718950093477317e-07
2.639000000000000000e+03 -4.145197889159496198e-07
2.640000000000000000e+03 -4.365513263747714950e-07
2.641000000000000000e+03 -4.573539837462917701e-07
2.642000000000000000e+03 -4.768237879059973230e-07
2.643000000000000000e+03 -4.948658652228205589e-07
2.644000000000000000e+03 -5.113949334289104087e-07
2.645000000000000000e+03 -5.263357874275376075e-07
2.646000000000000000e+03 -5.396236615166149796e-07
2.647000000000000000e+03 -5.512045493046711833e-07
2.648000000000000000e+03 -5.610354877453358296e-07
2.649000000000000000e+03 -5.690847256514977721e-07
2.650000000000000000e+03 -5.753318593304662758e-07
2.651000000000000000e+03 -5.797679880894547955e-07
2.652000000000000000e+03 -5.823956622650753220e-07
2.653000000000000000e+03 -5.832288307444272469e-07
2.654000000000000000e+03 -5.822926982231445844e-07
2.655000000000000000e+03 -5.796234878312309070e-07
2.656000000000000000e+03 -5.752681367965394640e-07
2.657000000000000000e+03 -5.692839272021982299e-07
2.658000000000000000e+03 -5.617379884895801797e-07
2.659000000000000000e+03 -5.527067858862372997e-07
2.660000000000000000e+03 -5.422755055143467373e-07
2.661000000000000000e+03 -5.305373488928151836e-07
2.662000000000000000e+03 -5.175928336765720907e-07
2.663000000000000000e+03 -5.035489563001904392e-07
2.664000000000000000e+03 -4.885183351881419838e-07
2.665000000000000000e+03 -4.726183068541833898e-07
2.666000000000000000e+03 -4.559699935126514452e-07
2.667000000000000000e+03 -4.386972726148591863e-07
2.668000000000000000e+03 -4.209258479041491937e-07
2.669000000000000000e+03 -4.027821944952403934e-07
2.670000000000000000e+03 -3.843924277056866327e-07
2.671000000000000000e+03 -3.658812153858397647e-07
2.672000000000000000e+03 -3.473706840578605155e-07
2.673000000000000000e+03 -3.289793973420910456e-07
2.674000000000000000e+03 -3.108212195547166375e-07
2.675000000000000000e+03 -2.930043203262330362e-07
2.676000000000000000e+03 -2.756302003294761475e-07
2.677000000000000000e+03 -2.587927988562474367e-07
2.678000000000000000e+03 -2.425776609533028928e-07
2.679000000000000000e+03 -2.270612130204346459e-07
2.680000000000000000e+03 -2.123101485915400774e-07
2.681000000000000000e+03 -1.983808595091283959e-07
2.682000000000000000e+03 -1.853190734771858775e-07
2.683000000000000000e+03 -1.731595291453270662e-07
2.684000000000000000e+03 -1.619257776567993019e-07
2.685000000000000000e+03 -1.516301624063363101e-07
2.686000000000000000e+03 -1.422738151770198122e-07
2.687000000000000000e+03 -1.338468042881062640e-07
2.688000000000000000e+03 -1.263284678661410225e-07
2.689000000000000000e+03 -1.196877165510823171e-07
2.690000000000000000e+03 -1.138835537368538883e-07
2.691000000000000000e+03 -1.088656497087389905e-07
2.692000000000000000e+03 -1.045749840346804040e-07
2.693000000000000000e+03 -1.009446452707806483e-07
2.694000000000000000e+03 -9.790059658434300436e-08
2.695000000000000000e+03 -9.536264181738802467e-08
2.696000000000000000e+03 -9.324537379719416585e-08
2.697000000000000000e+03 -9.145930737034628375e-08
2.698000000000000000e+03 -8.991200390749962735e-08
2.699000000000000000e+03 -8.850912892515003448e-08
2.700000000000000000e+03 -8.715569795438650094e-08
2.701000000000000000e+03 -8.575730689136425933e-08
2.702000000000000000e+03 -8.422134748834081663e-08
2.703000000000000000e+03 -8.245819918467679702e-08
2.704000000000000000e+03 -8.038241168588238138e-08
2.705000000000000000e+03 -7.791382396972501972e-08
2.706000000000000000e+03 -7.497867518253219700e-08
2.707000000000000000e+03 -7.151064492274628749e-08
2.708000000000000000e+03 -6.745173445540577053e-08
2.709000000000000000e+03 -6.275306995192449637e-08
2.710000000000000000e+03 -5.737555979919010980e-08
2.711000000000000000e+03 -5.129046770516340355e-08
2.712000000000000000e+03 -4.447980466587995203e-08
2.713000000000000000e+03 -3.693653045308216945e-08
2.714000000000000000e+03 -2.866458117750097298e-08
2.715000000000000000e+03 -1.967877205225158035e-08
2.716000000000000000e+03 -1.000450598349652316e-08
2.717000000000000000e+03 3.226990172897170908e-10
2.718000000000000000e+03 1.125783682017323434e-08
2.719000000000000000e+03 2.274717422457891197e-08
2.720000000000000000e+03 3.472921128991023851e-08
2.721000000000000000e+03 4.713573470296223881e-08
2.722000000000000000e+03 5.989300840962740467e-08
2.723000000000000000e+03 7.292311990254128487e-08
2.724000000000000000e+03 8.614535183509421391e-08
2.725000000000000000e+03 9.947750317979330072e-08
2.726000000000000000e+03 1.128373154485733470e-07
2.727000000000000000e+03 1.261437535462792336e-07
2.728000000000000000e+03 1.393182576633387481e-07
2.729000000000000000e+03 1.522858605794666606e-07
2.730000000000000000e+03 1.649761465264764332e-07
2.731000000000000000e+03 1.773240619890611982e-07
2.732000000000000000e+03 1.892705787805138144e-07
2.733000000000000000e+03 2.007631382890201421e-07
2.734000000000000000e+03 2.117558739066070736e-07
2.735000000000000000e+03 2.222096949195832822e-07
2.736000000000000000e+03 2.320922177540496451e-07
2.737000000000000000e+03 2.413775391088578433e-07
2.738000000000000000e+03 2.500459102269378404e-07
2.739000000000000000e+03 2.580833202576666996e-07
2.740000000000000000e+03 2.654810447760911793e-07
2.741000000000000000e+03 2.722351269802776977e-07
2.742000000000000000e+03 2.783458506094096941e-07
2.743000000000000000e+03 2.838171883875233173e-07
2.744000000000000000e+03 2.886563612556537871e-07
2.745000000000000000e+03 2.928733132375832145e-07
2.746000000000000000e+03 2.964802113146169313e-07
2.747000000000000000e+03 2.994910360785757423e-07
2.748000000000000000e+03 3.019212020941051080e-07
2.749000000000000000e+03 3.037871966589164476e-07
2.750000000000000000e+03 3.051063228347182091e-07
2.751000000000000000e+03 3.058964083745084701e-07
2.752000000000000000e+03 3.061756697176252837e-07
2.753000000000000000e+03 3.059625759744619520e-07
2.754000000000000000e+03 3.052758114840574548e-07
2.755000000000000000e+03 3.041341925553782984e-07
2.756000000000000000e+03 3.025566891666641986e-07
2.757000000000000000e+03 3.005623750472204180e-07
2.758000000000000000e+03 2.981705740131880848e-07
2.759000000000000000e+03 2.954009622630155427e-07
2.760000000000000000e+03 2.922737193090327713e-07
2.761000000000000000e+03 2.888097276965785801e-07
2.762000000000000000e+03 2.850307466296716519e-07
2.763000000000000000e+03 2.809595797584918032e-07
2.764000000000000000e+03 2.766201826737104416e-07
2.765000000000000000e+03 2.720378157886355919e-07
2.766000000000000000e+03 2.672390963733738230e-07
2.767000000000000000e+03 2.622520089077720791e-07
2.768000000000000000e+03 2.571057758763606993e-07
2.769000000000000000e+03 2.518306839865244391e-07
2.770000000000000000e+03 2.464578709799938272e-07
2.771000000000000000e+03 2.410190112567264047e-07
2.772000000000000000e+03 2.355459067996907275e-07
2.773000000000000000e+03 2.300700766865560232e-07
2.774000000000000000e+03 2.246223919204733509e-07
2.775000000000000000e+03 2.192326477561315734e-07
2.776000000000000000e+03 2.139291871425163633e-07
2.777000000000000000e+03 2.087384551072136276e-07
2.778000000000000000e+03 2.036846431902711972e-07
2.779000000000000000e+03 1.987893700319374960e-07
2.780000000000000000e+03 1.940712579117524554e-07
2.781000000000000000e+03 1.895456451585016273e-07
2.782000000000000000e+03 1.852242795792111856e-07
2.783000000000000000e+03 1.811150957922568268e-07
2.784000000000000000e+03 1.772220320278453154e-07
2.785000000000000000e+03 1.735448564452781698e-07
2.786000000000000000e+03 1.700791045367127165e-07
2.787000000000000000e+03 1.668160458636215920e-07
2.788000000000000000e+03 1.637427504089816056e-07
2.789000000000000000e+03 1.608421220659344453e-07
2.790000000000000000e+03 1.580931451118241331e-07
2.791000000000000000e+03 1.554710696121292855e-07
2.792000000000000000e+03 1.529477396031062589e-07
2.793000000000000000e+03 1.504919661377890508e-07
2.794000000000000000e+03 1.480699780576956505e-07
2.795000000000000000e+03 1.456458015502873673e-07
2.796000000000000000e+03 1.431817718236407372e-07
2.797000000000000000e+03 1.406390255266501243e-07
2.798000000000000000e+03 1.379780762684375300e-07
2.799000000000000000e+03 1.351592497333648078e-07
2.800000000000000000e+03 1.321431955973976603e-07
2.801000000000000000e+03 1.288913281665440263e-07
2.802000000000000000e+03 1.253663168953580237e-07
2.803000000000000000e+03 1.215325204842917092e-07
2.804000000000000000e+03 1.173563795730136534e-07
2.805000000000000000e+03 1.128067774191312623e-07
2.806000000000000000e+03 1.078554366877966844e-07
2.807000000000000000e+03 1.024772230951823893e-07
2.808000000000000000e+03 9.665041880071937223e-08
2.809000000000000000e+03 9.035697959958783228e-08
2.810000000000000000e+03 8.358270862951961222e-08
2.811000000000000000e+03 7.631739703831526262e-08
2.812000000000000000e+03 6.855486258602484971e-08
2.813000000000000000e+03 6.029302772505727924e-08
2.814000000000000000e+03 5.153394390578596005e-08
2.815000000000000000e+03 4.228376833344972208e-08
2.816000000000000000e+03 3.255292450415233863e-08
2.817000000000000000e+03 2.235615478403867478e-08
2.818000000000000000e+03 1.171262340669943946e-08
2.819000000000000000e+03 6.460275748521468875e-10
2.820000000000000000e+03 -1.081525670089261589e-08
2.821000000000000000e+03 -2.263798172058217906e-08
2.822000000000000000e+03 -3.478394213491592767e-08
2.823000000000000000e+03 -4.720988807067644360e-08
2.824000000000000000e+03 -5.986755684587253318e-08
2.825000000000000000e+03 -7.270371840111792795e-08
2.826000000000000000e+03 -8.566038748697830130e-08
2.827000000000000000e+03 -9.867507710972188509e-08
2.828000000000000000e+03 -1.116811367227478919e-07
2.829000000000000000e+03 -1.246082152154987200e-07
2.830000000000000000e+03 -1.373827331299733587e-07
2.831000000000000000e+03 -1.499284305679113604e-07
2.832000000000000000e+03 -1.621668739344198952e-07
2.833000000000000000e+03 -1.740180711463039343e-07
2.834000000000000000e+03 -1.854010231990909230e-07
2.835000000000000000e+03 -1.962343545790798406e-07
2.836000000000000000e+03 -2.064368399746125030e-07
2.837000000000000000e+03 -2.159279228352649146e-07
2.838000000000000000e+03 -2.246283493447200825e-07
2.839000000000000000e+03 -2.324606962001326453e-07
2.840000000000000000e+03 -2.393499180069917304e-07
2.841000000000000000e+03 -2.452239071416253443e-07
2.842000000000000000e+03 -2.500140750280598841e-07
2.843000000000000000e+03 -2.536558784281535415e-07
2.844000000000000000e+03 -2.560893826210879612e-07
2.845000000000000000e+03 -2.572597898118244257e-07
2.846000000000000000e+03 -2.571179624909403833e-07
2.847000000000000000e+03 -2.556209240536289104e-07
2.848000000000000000e+03 -2.527323589311097994e-07
2.849000000000000000e+03 -2.484230970380430637e-07
2.850000000000000000e+03 -2.426715430459247242e-07
2.851000000000000000e+03 -2.354641147654975160e-07
2.852000000000000000e+03 -2.267956718897387991e-07
2.853000000000000000e+03 -2.166699184566307909e-07
2.854000000000000000e+03 -2.050997008684087771e-07
2.855000000000000000e+03 -1.921074148896398234e-07
2.856000000000000000e+03 -1.777253141777529204e-07
2.857000000000000000e+03 -1.619957016875065645e-07
2.858000000000000000e+03 -1.449711284906639213e-07
2.859000000000000000e+03 -1.267145189032585761e-07
2.860000000000000000e+03 -1.072991528491889726e-07
2.861000000000000000e+03 -8.680862607066635724e-08
2.862000000000000000e+03 -6.533669391606274044e-08
2.863000000000000000e+03 -4.298695117556878788e-08
2.864000000000000000e+03 -1.987241811219682790e-08
2.865000000000000000e+03 3.885022292501237377e-09
2.866000000000000000e+03 2.815528339359688818e-08
2.867000000000000000e+03 5.280090882948694554e-08
2.868000000000000000e+03 7.767812575927069159e-08
2.869000000000000000e+03 1.026378993080919820e-07
2.870000000000000000e+03 1.275271382142912081e-07
2.871000000000000000e+03 1.521900497865758985e-07
2.872000000000000000e+03 1.764695781295941574e-07
2.873000000000000000e+03 2.002088443184667390e-07
2.874000000000000000e+03 2.232526710988922001e-07
2.875000000000000000e+03 2.454490772644279146e-07
2.876000000000000000e+03 2.666507981871149829e-07
2.877000000000000000e+03 2.867167253425479001e-07
2.878000000000000000e+03 3.055133080558360642e-07
2.879000000000000000e+03 3.229158830541637636e-07
2.880000000000000000e+03 3.388098429026048304e-07
2.881000000000000000e+03 3.530917006873767855e-07
2.882000000000000000e+03 3.656700813933147669e-07
2.883000000000000000e+03 3.764665228725104991e-07
2.884000000000000000e+03 3.854161146272446842e-07
2.885000000000000000e+03 3.924679554289097042e-07
2.886000000000000000e+03 3.975855080459070279e-07
2.887000000000000000e+03 4.007467148638751683e-07
2.888000000000000000e+03 4.019439281514325166e-07
2.889000000000000000e+03 4.011836949443084900e-07
2.890000000000000000e+03 3.984863474310079510e-07
2.891000000000000000e+03 3.938855373734286613e-07
2.892000000000000000e+03 3.874275757890397912e-07
2.893000000000000000e+03 3.791706153632609658e-07
2.894000000000000000e+03 3.691838368692358708e-07
2.895000000000000000e+03 3.575464579354864615e-07
2.896000000000000000e+03 3.443467517229769812e-07
2.897000000000000000e+03 3.296809790993754695e-07
2.898000000000000000e+03 3.136523983614186581e-07
2.899000000000000000e+03 2.963701032141480370e-07
2.900000000000000000e+03 2.779479611416626466e-07
2.901000000000000000e+03 2.585035855330512009e-07
2.902000000000000000e+03 2.381572684816992718e-07
2.903000000000000000e+03 2.170309564249444443e-07
2.904000000000000000e+03 1.952472914077366714e-07
2.905000000000000000e+03 1.729287383099115433e-07
2.906000000000000000e+03 1.501966152878273653e-07
2.907000000000000000e+03 1.271702981748525238e-07
2.908000000000000000e+03 1.039664462636971416e-07
2.909000000000000000e+03 8.069831187853635474e-08
2.910000000000000000e+03 5.747510561908859957e-08
2.911000000000000000e+03 3.440128002428532271e-08
2.912000000000000000e+03 1.157607989002952510e-08
2.913000000000000000e+03 -1.090688636380793306e-08
2.914000000000000000e+03 -3.296000984894382535e-08
2.915000000000000000e+03 -5.450192286054554695e-08
2.916000000000000000e+03 -7.545768676219654819e-08
2.917000000000000000e+03 -9.575879768108550357e-08
2.918000000000000000e+03 -1.153430922445302646e-07
2.919000000000000000e+03 -1.341545652488840974e-07
2.920000000000000000e+03 -1.521430936165077768e-07
2.921000000000000000e+03 -1.692640448126655386e-07
2.922000000000000000e+03 -1.854778237246080806e-07
2.923000000000000000e+03 -2.007494329191514221e-07
2.924000000000000000e+03 -2.150480310502414029e-07
2.925000000000000000e+03 -2.283464445960500122e-07
2.926000000000000000e+03 -2.406208799269804222e-07
2.927000000000000000e+03 -2.518505590642491280e-07
2.928000000000000000e+03 -2.620175247250599162e-07
2.929000000000000000e+03 -2.711065264147307780e-07
2.930000000000000000e+03 -2.791049500462101611e-07
2.931000000000000000e+03 -2.860029067051121004e-07
2.932000000000000000e+03 -2.917933728624210979e-07
2.933000000000000000e+03 -2.964724664555136254e-07
2.934000000000000000e+03 -3.000396909262413465e-07
2.935000000000000000e+03 -3.024982382594741204e-07
2.936000000000000000e+03 -3.038553529032684140e-07
2.937000000000000000e+03 -3.041227006376312089e-07
2.938000000000000000e+03 -3.033167275291271665e-07
2.939000000000000000e+03 -3.014589667150184771e-07
2.940000000000000000e+03 -2.985762870389297353e-07
2.941000000000000000e+03 -2.947011356015183296e-07
2.942000000000000000e+03 -2.898717086645846340e-07
2.943000000000000000e+03 -2.841319884155098969e-07
2.944000000000000000e+03 -2.775316848046461398e-07
2.945000000000000000e+03 -2.701261187593149010e-07
2.946000000000000000e+03 -2.619760449446589110e-07
2.947000000000000000e+03 -2.531472948134568173e-07
2.948000000000000000e+03 -2.437104622455375781e-07
2.949000000000000000e+03 -2.337404068734210057e-07
2.950000000000000000e+03 -2.233157183715714589e-07
2.951000000000000000e+03 -2.125180762888648986e-07
2.952000000000000000e+03 -2.014316876700584919e-07
2.953000000000000000e+03 -1.901425776511103999e-07
2.954000000000000000e+03 -1.787377784085896463e-07
2.955000000000000000e+03 -1.673045626464073713e-07
2.956000000000000000e+03 -1.559295945925273964e-07
2.957000000000000000e+03 -1.446980696961380795e-07
2.958000000000000000e+03 -1.336928177297103105e-07
2.959000000000000000e+03 -1.229934331803155837e-07
2.960000000000000000e+03 -1.126754402979437625e-07
2.961000000000000000e+03 -1.028094512778003493e-07
2.962000000000000000e+03 -9.346042935193179908e-08
2.963000000000000000e+03 -8.468695359229903552e-08
2.964000000000000000e+03 -7.654064571590267119e-08
2.965000000000000000e+03 -6.906567935585314395e-08
2.966000000000000000e+03 -6.229839719143487624e-08
2.967000000000000000e+03 -5.626703120064339452e-08
2.968000000000000000e+03 -5.099153106579395617e-08
2.969000000000000000e+03 -4.648352283860312418e-08
2.970000000000000000e+03 -4.274635371234513430e-08
2.971000000000000000e+03 -3.977531817203614957e-08
2.972000000000000000e+03 -3.755796797248826492e-08
2.973000000000000000e+03 -3.607459677134979310e-08
2.974000000000000000e+03 -3.529884189209671759e-08
2.975000000000000000e+03 -3.519826324418123169e-08
2.976000000000000000e+03 -3.573513146109638812e-08
2.977000000000000000e+03 -3.686720680857479404e-08
2.978000000000000000e+03 -3.854861719347891868e-08
2.979000000000000000e+03 -4.073065985743108043e-08
2.980000000000000000e+03 -4.336260161974459738e-08
2.981000000000000000e+03 -4.639241291476302033e-08
2.982000000000000000e+03 -4.976744750995845413e-08
2.983000000000000000e+03 -5.343500530048788940e-08
2.984000000000000000e+03 -5.734282393962554575e-08
2.985000000000000000e+03 -6.143950571385336531e-08
2.986000000000000000e+03 -6.567475302470973924e-08
2.987000000000000000e+03 -6.999964884506777632e-08
2.988000000000000000e+03 -7.436687332157322221e-08
2.989000000000000000e+03 -7.873089696472297261e-08
2.990000000000000000e+03 -8.304811639540371563e-08
2.991000000000000000e+03 -8.727700719543998183e-08
2.992000000000000000e+03 -9.137825002693887010e-08
2.993000000000000000e+03 -9.531492221791171789e-08
2.994000000000000000e+03 -9.905258724713049581e-08
2.995000000000000000e+03 -1.025594944417478692e-07
2.996000000000000000e+03 -1.058066390178788305e-07
2.997000000000000000e+03 -1.087678968151297605e-07
2.998000000000000000e+03 -1.114201453149609670e-07
2.999000000000000000e+03 -1.137433059063994445e-07
3.000000000000000000e+03 -1.157204316235894492e-07
3.001000000000000000e+03 -1.173376790248203171e-07
3.002000000000000000e+03 -1.185843971504090921e-07
3.003000000000000000e+03 -1.194532344732068470e-07
3.004000000000000000e+03 -1.199401265103547226e-07
3.005000000000000000e+03 -1.200442304411502173e-07
3.006000000000000000e+03 -1.197679319797770973e-07
3.007000000000000000e+03 -1.191167884893425596e-07
3.008000000000000000e+03 -1.180993389899136009e-07
3.009000000000000000e+03 -1.167269757702737352e-07
3.010000000000000000e+03 -1.150137523907122777e-07
3.011000000000000000e+03 -1.129761412474223876e-07
3.012000000000000000e+03 -1.106328581097705828e-07
3.013000000000000000e+03 -1.080046128770967294e-07
3.014000000000000000e+03 -1.051139349408556994e-07
3.015000000000000000e+03 -1.019848778531483665e-07
3.016000000000000000e+03 -9.864286551477117636e-08
3.017000000000000000e+03 -9.511458198342997832e-08
3.018000000000000000e+03 -9.142771965637180268e-08
3.019000000000000000e+03 -8.761076640878788192e-08
3.020000000000000000e+03 -8.369273352916616984e-08
3.021000000000000000e+03 -7.970293991860566907e-08
3.022000000000000000e+03 -7.567069064859811870e-08
3.023000000000000000e+03 -7.162493310662907637e-08
3.024000000000000000e+03 -6.759397592438554939e-08
3.025000000000000000e+03 -6.360501853209678530e-08
3.026000000000000000e+03 -5.968381369098371357e-08
3.027000000000000000e+03 -5.585429706219032079e-08
3.028000000000000000e+03 -5.213822099365089353e-08
3.029000000000000000e+03 -4.855473646725079862e-08
3.030000000000000000e+03 -4.512007487083605551e-08
3.031000000000000000e+03 -4.184725848803580731e-08
3.032000000000000000e+03 -3.874575030147019093e-08
3.033000000000000000e+03 -3.582122620624192765e-08
3.034000000000000000e+03 -3.307534350702971041e-08
3.035000000000000000e+03 -3.050552892349977673e-08
3.036000000000000000e+03 -2.810488896920613397e-08
3.037000000000000000e+03 -2.586210285769008054e-08
3.038000000000000000e+03 -2.376137551644039573e-08
3.039000000000000000e+03 -2.178246712883315813e-08
3.040000000000000000e+03 -1.990081917765345033e-08
3.041000000000000000e+03 -1.808770628476317455e-08
3.042000000000000000e+03 -1.631055327659465440e-08
3.043000000000000000e+03 -1.453332885831844748e-08
3.044000000000000000e+03 -1.271711347321624458e-08
3.045000000000000000e+03 -1.082073480009805192e-08
3.046000000000000000e+03 -8.801514189451049021e-09
3.047000000000000000e+03 -6.616018613335397662e-09
3.048000000000000000e+03 -4.220852323282964825e-09
3.049000000000000000e+03 -1.573479431376655986e-09
3.050000000000000000e+03 1.367006451893152679e-09
3.051000000000000000e+03 4.639036595149545537e-09
3.052000000000000000e+03 8.277915231594893907e-09
3.053000000000000000e+03 1.231506444810188978e-08
3.054000000000000000e+03 1.677737233531804112e-08
3.055000000000000000e+03 2.168663423541262452e-08
3.056000000000000000e+03 2.705898118425839388e-08
3.057000000000000000e+03 3.290444131629023500e-08
3.058000000000000000e+03 3.922657416047785071e-08
3.059000000000000000e+03 4.602222168177881216e-08
3.060000000000000000e+03 5.328133931115156239e-08
3.061000000000000000e+03 6.098689231290161461e-08
3.062000000000000000e+03 6.911496446160584683e-08
3.063000000000000000e+03 7.763494413698518780e-08
3.064000000000000000e+03 8.650981417703703151e-08
3.065000000000000000e+03 9.569650895458976187e-08
3.066000000000000000e+03 1.051463964311578105e-07
3.067000000000000000e+03 1.148058036743287155e-07
3.068000000000000000e+03 1.246165861786799232e-07
3.069000000000000000e+03 1.345167771723519061e-07
3.070000000000000000e+03 1.444412297292274194e-07
3.071000000000000000e+03 1.543221897530282988e-07
3.072000000000000000e+03 1.640899933124450532e-07
3.073000000000000000e+03 1.736736578868461134e-07
3.074000000000000000e+03 1.830014336896099097e-07
3.075000000000000000e+03 1.920013650013644646e-07
3.076000000000000000e+03 2.006018404266922786e-07
3.077000000000000000e+03 2.087320687848901644e-07
3.078000000000000000e+03 2.163226066808336722e-07
3.079000000000000000e+03 2.233058057284909860e-07
3.080000000000000000e+03 2.296161926834290806e-07
3.081000000000000000e+03 2.351907921648750340e-07
3.082000000000000000e+03 2.399694946747296258e-07
3.083000000000000000e+03 2.438952791743598602e-07
3.084000000000000000e+03 2.469144074660766274e-07
3.085000000000000000e+03 2.489765853201869741e-07
3.086000000000000000e+03 2.500350546419776388e-07
3.087000000000000000e+03 2.500466782159902373e-07
3.088000000000000000e+03 2.489719819052501816e-07
3.089000000000000000e+03 2.467752333264551363e-07
3.090000000000000000e+03 2.434244932684714715e-07
3.091000000000000000e+03 2.388917331941739687e-07
3.092000000000000000e+03 2.331530113002771869e-07
3.093000000000000000e+03 2.261886990694502510e-07
3.094000000000000000e+03 2.179838478292134677e-07
3.095000000000000000e+03 2.085286026000691223e-07
3.096000000000000000e+03 1.978187280586792649e-07
3.097000000000000000e+03 1.858562010519075369e-07
3.098000000000000000e+03 1.726496915590459985e-07
3.099000000000000000e+03 1.582152221130277875e-07
3.100000000000000000e+03 1.425767229302493195e-07
3.101000000000000000e+03 1.257664931028180250e-07
3.102000000000000000e+03 1.078255718761170223e-07
3.103000000000000000e+03 8.880404955762362480e-08
3.104000000000000000e+03 6.876123623461188574e-08
3.105000000000000000e+03 4.776569134623233036e-08
3.106000000000000000e+03 2.589524711297661982e-08
3.107000000000000000e+03 3.236944793611921190e-09
3.108000000000000000e+03 -2.011324018171671440e-08
3.109000000000000000e+03 -4.405072623004884181e-08
3.110000000000000000e+03 -6.846275587899682773e-08
3.111000000000000000e+03 -9.322897067483442232e-08
3.112000000000000000e+03 -1.182220376258580201e-07
3.113000000000000000e+03 -1.433084124333581635e-07
3.114000000000000000e+03 -1.683491003039941290e-07
3.115000000000000000e+03 -1.932006412439429266e-07
3.116000000000000000e+03 -2.177161157612643323e-07
3.117000000000000000e+03 -2.417461706626412672e-07
3.118000000000000000e+03 -2.651401360412397256e-07
3.119000000000000000e+03 -2.877472733372385182e-07
3.120000000000000000e+03 -3.094180105613831112e-07
3.121000000000000000e+03 -3.300052358506275448e-07
3.122000000000000000e+03 -3.493655737382162584e-07
3.123000000000000000e+03 -3.673606870586455231e-07
3.124000000000000000e+03 -3.838586357288444507e-07
3.125000000000000000e+03 -3.987351147318725116e-07
3.126000000000000000e+03 -4.118746734168960167e-07
3.127000000000000000e+03 -4.231718428666828493e-07
3.128000000000000000e+03 -4.325320872010810915e-07
3.129000000000000000e+03 -4.398726813387451169e-07
3.130000000000000000e+03 -4.451234734305516680e-07
3.131000000000000000e+03 -4.482274418955872770e-07
3.132000000000000000e+03 -4.491410954509265776e-07
3.133000000000000000e+03 -4.478348051332359734e-07
3.134000000000000000e+03 -4.442929502386243987e-07
3.135000000000000000e+03 -4.385138704728791020e-07
3.136000000000000000e+03 -4.305097699875898236e-07
3.137000000000000000e+03 -4.203064217651267905e-07
3.138000000000000000e+03 -4.079428192605178943e-07
3.139000000000000000e+03 -3.934706947435795907e-07
3.140000000000000000e+03 -3.769539215070368137e-07
3.141000000000000000e+03 -3.584678554050309400e-07
3.142000000000000000e+03 -3.380985571152668341e-07
3.143000000000000000e+03 -3.159419355980119710e-07
3.144000000000000000e+03 -2.921028487401806241e-07
3.145000000000000000e+03 -2.666941876063707790e-07
3.146000000000000000e+03 -2.398358960945549738e-07
3.147000000000000000e+03 -2.116539916839343356e-07
3.148000000000000000e+03 -1.822796084633807516e-07
3.149000000000000000e+03 -1.518480081712482510e-07
3.150000000000000000e+03 -1.204976339504364963e-07
3.151000000000000000e+03 -8.836908350324895422e-08
3.152000000000000000e+03 -5.560421663836837471e-08
3.153000000000000000e+03 -2.234524001282975624e-08
3.154000000000000000e+03 1.126616814945972493e-08
3.155000000000000000e+03 4.508972726952067366e-08
3.156000000000000000e+03 7.898735542295094198e-08
3.157000000000000000e+03 1.128239175977986592e-07
3.158000000000000000e+03 1.464679172437859042e-07
3.159000000000000000e+03 1.797921745456592818e-07
3.160000000000000000e+03 2.126744502441872971e-07
3.161000000000000000e+03 2.449979105989649216e-07
3.162000000000000000e+03 2.766516336426547763e-07
3.163000000000000000e+03 3.075309824012971222e-07
3.164000000000000000e+03 3.375378611300999859e-07
3.165000000000000000e+03 3.665809691456177341e-07
3.166000000000000000e+03 3.945760081212207395e-07
3.167000000000000000e+03 4.214458250948412215e-07
3.168000000000000000e+03 4.471205149264972981e-07
3.169000000000000000e+03 4.715374505667869750e-07
3.170000000000000000e+03 4.946413388155359449e-07
3.171000000000000000e+03 5.163841834443074819e-07
3.172000000000000000e+03 5.367253222440816893e-07
3.173000000000000000e+03 5.556312950074404885e-07
3.174000000000000000e+03 5.730756998236048721e-07
3.175000000000000000e+03 5.890389956429344225e-07
3.176000000000000000e+03 6.035082174163267253e-07
3.177000000000000000e+03 6.164766242551358076e-07
3.178000000000000000e+03 6.279433252556579307e-07
3.179000000000000000e+03 6.379127961484881618e-07
3.180000000000000000e+03 6.463943438015000405e-07
3.181000000000000000e+03 6.534015471931440140e-07
3.182000000000000000e+03 6.589516639817391960e-07
3.183000000000000000e+03 6.630650535274134511e-07
3.184000000000000000e+03 6.657646153413173384e-07
3.185000000000000000e+03 6.670752431482273949e-07
3.186000000000000000e+03 6.670233719987827106e-07
3.187000000000000000e+03 6.656364950706633675e-07
3.188000000000000000e+03 6.629427637834698443e-07
3.189000000000000000e+03 6.589706790439128403e-07
3.190000000000000000e+03 6.537487959719251600e-07
3.191000000000000000e+03 6.473055133851155135e-07
3.192000000000000000e+03 6.396690003416121814e-07
3.193000000000000000e+03 6.308671241992490758e-07
3.194000000000000000e+03 6.209275093242998042e-07
3.195000000000000000e+03 6.098776310997684523e-07
3.196000000000000000e+03 5.977450164304562560e-07
3.197000000000000000e+03 5.845574764836986848e-07
3.198000000000000000e+03 5.703433531669520970e-07
3.199000000000000000e+03 5.551318732512085714e-07
3.200000000000000000e+03 5.389533772589594784e-07
3.201000000000000000e+03 5.218396400738677686e-07
3.202000000000000000e+03 5.038241426609996945e-07
3.203000000000000000e+03 4.849423101107561904e-07
3.204000000000000000e+03 4.652316654367786759e-07
3.205000000000000000e+03 4.447319607206659568e-07
3.206000000000000000e+03 4.234852382752129422e-07
3.207000000000000000e+03 4.015359130829068753e-07
3.208000000000000000e+03 3.789307599528555455e-07
3.209000000000000000e+03 3.557188805833665978e-07
3.210000000000000000e+03 3.319516959810904287e-07
3.211000000000000000e+03 3.076828022971570112e-07
3.212000000000000000e+03 2.829679396057880511e-07
3.213000000000000000e+03 2.578648913965248836e-07
3.214000000000000000e+03 2.324334578212123565e-07
3.215000000000000000e+03 2.067354004422994555e-07
3.216000000000000000e+03 1.808344104899244604e-07
3.217000000000000000e+03 1.547961144837431319e-07
3.218000000000000000e+03 1.286880343205684713e-07
3.219000000000000000e+03 1.025795866516524661e-07
3.220000000000000000e+03 7.654201109041177893e-08
3.221000000000000000e+03 5.064825976703826019e-08
3.222000000000000000e+03 2.497285728407997326e-08
3.223000000000000000e+03 -4.082690828395715222e-10
3.224000000000000000e+03 -2.541804477008358122e-08
3.225000000000000000e+03 -4.997857166536165752e-08
3.226000000000000000e+03 -7.401148768289055493e-08
3.227000000000000000e+03 -9.743840410605466447e-08
3.228000000000000000e+03 -1.201814314971327004e-07
3.229000000000000000e+03 -1.421638106840374450e-07
3.230000000000000000e+03 -1.633105222684738016e-07
3.231000000000000000e+03 -1.835490549516791384e-07
3.232000000000000000e+03 -2.028101060805128258e-07
3.233000000000000000e+03 -2.210284054859650355e-07
3.234000000000000000e+03 -2.381435017696953266e-07
3.235000000000000000e+03 -2.541004942701087724e-07
3.236000000000000000e+03 -2.688507979943844478e-07
3.237000000000000000e+03 -2.823527926858966820e-07
3.238000000000000000e+03 -2.945724445673198460e-07
3.239000000000000000e+03 -3.054837770127140136e-07
3.240000000000000000e+03 -3.150692020575461929e-07
3.241000000000000000e+03 -3.233198481347589091e-07
3.242000000000000000e+03 -3.302357103892361239e-07
3.243000000000000000e+03 -3.358256551478987535e-07
3.244000000000000000e+03 -3.401074009953117138e-07
3.245000000000000000e+03 -3.431074158253791850e-07
3.246000000000000000e+03 -3.448606488522658114e-07
3.247000000000000000e+03 -3.454103079184329237e-07
3.248000000000000000e+03 -3.448074896385348597e-07
3.249000000000000000e+03 -3.431107590260513522e-07
3.250000000000000000e+03 -3.403856487928742248e-07
3.251000000000000000e+03 -3.367041555878392525e-07
3.252000000000000000e+03 -3.321440752669286891e-07
3.253000000000000000e+03 -3.267883491622915356e-07
3.254000000000000000e+03 -3.207243326081080548e-07
3.255000000000000000e+03 -3.140430171922386377e-07
3.256000000000000000e+03 -3.068382277953050031e-07
3.257000000000000000e+03 -2.992058548912736228e-07
3.258000000000000000e+03 -2.912431497622805715e-07
3.259000000000000000e+03 -2.830478616957488989e-07
3.260000000000000000e+03 -2.747176512473346429e-07
3.261000000000000000e+03 -2.663494881532268258e-07
3.262000000000000000e+03 -2.580390717002755603e-07
3.263000000000000000e+03 -2.498803294546947908e-07
3.264000000000000000e+03 -2.419650705167624122e-07
3.265000000000000000e+03 -2.343825319842064468e-07
3.266000000000000000e+03 -2.272190388307483387e-07
3.267000000000000000e+03 -2.205576686745195953e-07
3.268000000000000000e+03 -2.144778721361291883e-07
3.269000000000000000e+03 -2.090551633511849129e-07
3.270000000000000000e+03 -2.043607611996612755e-07
3.271000000000000000e+03 -2.004610810342405792e-07
3.272000000000000000e+03 -1.974172767197257437e-07
3.273000000000000000e+03 -1.952847232693309263e-07
3.274000000000000000e+03 -1.941124313252038871e-07
3.275000000000000000e+03 -1.939423507240845297e-07
3.276000000000000000e+03 -1.948088434745487997e-07
3.277000000000000000e+03 -1.967380121955672434e-07
3.278000000000000000e+03 -1.997471333053152505e-07
3.279000000000000000e+03 -2.038442053475294767e-07
3.280000000000000000e+03 -2.090275753340301998e-07
3.281000000000000000e+03 -2.152855756456298269e-07
3.282000000000000000e+03 -2.225963310911120252e-07
3.283000000000000000e+03 -2.309276741748530612e-07
3.284000000000000000e+03 -2.402372182033992979e-07
3.285000000000000000e+03 -2.504725478607762356e-07
3.286000000000000000e+03 -2.615715851372594239e-07
3.287000000000000000e+03 -2.734631248056369299e-07
3.288000000000000000e+03 -2.860674222304920500e-07
3.289000000000000000e+03 -2.992970846373296622e-07
3.290000000000000000e+03 -3.130580583925999515e-07
3.291000000000000000e+03 -3.272505648159906224e-07
3.292000000000000000e+03 -3.417702208773454769e-07
3.293000000000000000e+03 -3.565091695615196447e-07
3.294000000000000000e+03 -3.713572164663440715e-07
3.295000000000000000e+03 -3.862030771823778886e-07
3.296000000000000000e+03 -4.009355256663244056e-07
3.297000000000000000e+03 -4.154444934402951500e-07
3.298000000000000000e+03 -4.296221967405449480e-07
3.299000000000000000e+03 -4.433642145387740542e-07
3.300000000000000000e+03 -4.565704115218379671e-07
3.301000000000000000e+03 -4.691458511129449877e-07
3.302000000000000000e+03 -4.810015936075924965e-07
3.303000000000000000e+03 -4.920554051276944863e-07
3.304000000000000000e+03 -5.022323075214868674e-07
3.305000000000000000e+03 -5.114650502560960213e-07
3.306000000000000000e+03 -5.196944816290231499e-07
3.307000000000000000e+03 -5.268698476176830866e-07
3.308000000000000000e+03 -5.329489071319786091e-07
3.309000000000000000e+03 -5.378979388143968772e-07
3.310000000000000000e+03 -5.416916675804737837e-07
3.311000000000000000e+03 -5.443130923202348624e-07
3.312000000000000000e+03 -5.457530836916572336e-07
3.313000000000000000e+03 -5.460099600332535249e-07
3.314000000000000000e+03 -5.450890385134073393e-07
3.315000000000000000e+03 -5.430019564963360350e-07
3.316000000000000000e+03 -5.397659102825096368e-07
3.317000000000000000e+03 -5.354028119766136582e-07
3.318000000000000000e+03 -5.299384365148294679e-07
3.319000000000000000e+03 -5.234015163825835355e-07
3.320000000000000000e+03 -5.158228051372661692e-07
3.321000000000000000e+03 -5.072340850889220134e-07
3.322000000000000000e+03 -4.976672232846156901e-07
3.323000000000000000e+03 -4.871532284581501963e-07
3.324000000000000000e+03 -4.757214449677085380e-07
3.325000000000000000e+03 -4.633987345905690994e-07
3.326000000000000000e+03 -4.502088455138470302e-07
3.327000000000000000e+03 -4.361719021400512183e-07
3.328000000000000000e+03 -4.213039881375726640e-07
3.329000000000000000e+03 -4.056169350744257154e-07
3.330000000000000000e+03 -3.891182568797842235e-07
3.331000000000000000e+03 -3.718112785454471535e-07
3.332000000000000000e+03 -3.536954440089891778e-07
3.333000000000000000e+03 -3.347667357376947985e-07
3.334000000000000000e+03 -3.150182987199608970e-07
3.335000000000000000e+03 -2.944412293306792203e-07
3.336000000000000000e+03 -2.730254274799565935e-07
3.337000000000000000e+03 -2.507605462748207121e-07
3.338000000000000000e+03 -2.276371396148046142e-07
3.339000000000000000e+03 -2.036476987543429933e-07
3.340000000000000000e+03 -1.787878531579941129e-07
3.341000000000000000e+03 -1.530574975762973895e-07
3.342000000000000000e+03 -1.264619606994804678e-07
3.343000000000000000e+03 -9.901298320147256268e-08
3.344000000000000000e+03 -7.072966409809332141e-08
3.345000000000000000e+03 -4.163936080364807399e-08
3.346000000000000000e+03 -1.177839254257480980e-08
3.347000000000000000e+03 1.880729088630795330e-08
3.348000000000000000e+03 5.006158203971445095e-08
3.349000000000000000e+03 8.191781991312880543e-08
3.350000000000000000e+03 1.142985140173625812e-07
3.351000000000000000e+03 1.471152717140181303e-07
3.352000000000000000e+03 1.802688333318427206e-07
3.353000000000000000e+03 2.136492051633303576e-07
3.354000000000000000e+03 2.471361020483707392e-07
3.355000000000000000e+03 2.805994653745550339e-07
3.356000000000000000e+03 3.139001557886876286e-07
3.357000000000000000e+03 3.468908159903933229e-07
3.358000000000000000e+03 3.794169525840019532e-07
3.359000000000000000e+03 4.113181791487706617e-07
3.360000000000000000e+03 4.424294669938074454e-07
3.361000000000000000e+03 4.725825894177238621e-07
3.362000000000000000e+03 5.016076806076342301e-07
3.363000000000000000e+03 5.293347854895105401e-07
3.364000000000000000e+03 5.555955319119222490e-07
3.365000000000000000e+03 5.802247645600635979e-07
3.366000000000000000e+03 6.030622717830673824e-07
3.367000000000000000e+03 6.239544150965304156e-07
3.368000000000000000e+03 6.427558240349647378e-07
3.369000000000000000e+03 6.593309801867328832e-07
3.370000000000000000e+03 6.735556928519220156e-07
3.371000000000000000e+03 6.853185712014631364e-07
3.372000000000000000e+03 6.945223460297278270e-07
3.373000000000000000e+03 7.010850982827989884e-07
3.374000000000000000e+03 7.049413348534943591e-07
3.375000000000000000e+03 7.060429295561362884e-07
3.376000000000000000e+03 7.043598236527707403e-07
3.377000000000000000e+03 6.998806319694296353e-07
3.378000000000000000e+03 6.926129931003301632e-07
3.379000000000000000e+03 6.825837115616448131e-07
3.380000000000000000e+03 6.698387601408757899e-07
3.381000000000000000e+03 6.544429839778570772e-07
3.382000000000000000e+03 6.364796509734217443e-07
3.383000000000000000e+03 6.160497718992628291e-07
3.384000000000000000e+03 5.932712333537433428e-07
3.385000000000000000e+03 5.682777008969998693e-07
3.386000000000000000e+03 5.412174369931083731e-07
3.387000000000000000e+03 5.122519130138298266e-07
3.388000000000000000e+03 4.815543135016400652e-07
3.389000000000000000e+03 4.493080569967551597e-07
3.390000000000000000e+03 4.157051983045534021e-07
3.391000000000000000e+03 3.809448525988211586e-07
3.392000000000000000e+03 3.452316591576908643e-07
3.393000000000000000e+03 3.087742381832719885e-07
3.394000000000000000e+03 2.717837731135980675e-07
3.395000000000000000e+03 2.344726179041203192e-07
3.396000000000000000e+03 1.970530058916845034e-07
3.397000000000000000e+03 1.597358228273658063e-07
3.398000000000000000e+03 1.227293820070411692e-07
3.399000000000000000e+03 8.623835064373984531e-08
3.400000000000000000e+03 5.046270896805848998e-08
3.401000000000000000e+03 1.559669020668241280e-08
3.402000000000000000e+03 -1.817221877967828576e-08
3.403000000000000000e+03 -5.066432176678787412e-08
3.404000000000000000e+03 -8.170866202503659862e-08
3.405000000000000000e+03 -1.111439758815287953e-07
3.406000000000000000e+03 -1.388196212163351495e-07
3.407000000000000000e+03 -1.645964650032772694e-07
3.408000000000000000e+03 -1.883476886792415900e-07
3.409000000000000000e+03 -2.099595433013350864e-07
3.410000000000000000e+03 -2.293320066652567390e-07
3.411000000000000000e+03 -2.463793780018828816e-07
3.412000000000000000e+03 -2.610307716762877212e-07
3.413000000000000000e+03 -2.732305091723346887e-07
3.414000000000000000e+03 -2.829385066513806693e-07
3.415000000000000000e+03 -2.901304294048858110e-07
3.416000000000000000e+03 -2.947977821842948020e-07
3.417000000000000000e+03 -2.969479177882807137e-07
3.418000000000000000e+03 -2.966038838531562536e-07
3.419000000000000000e+03 -2.938041522946710863e-07
3.420000000000000000e+03 -2.886023058219866863e-07
3.421000000000000000e+03 -2.810666099472277294e-07
3.422000000000000000e+03 -2.712795145806855696e-07
3.423000000000000000e+03 -2.593369798303780475e-07
3.424000000000000000e+03 -2.453477738161726565e-07
3.425000000000000000e+03 -2.294326964407288411e-07
3.426000000000000000e+03 -2.117237187364330296e-07
3.427000000000000000e+03 -1.923630602934878563e-07
3.428000000000000000e+03 -1.715022317759110717e-07
3.429000000000000000e+03 -1.493008889041537907e-07
3.430000000000000000e+03 -1.259257104157500739e-07
3.431000000000000000e+03 -1.015492357877228371e-07
3.432000000000000000e+03 -7.634859374541392505e-08
3.433000000000000000e+03 -5.050411163883614561e-08
3.434000000000000000e+03 -2.419797644033668017e-08
3.435000000000000000e+03 2.387165861295833749e-09
3.436000000000000000e+03 2.906958450494675494e-08
3.437000000000000000e+03 5.566983620646702270e-08
3.438000000000000000e+03 8.201194459074129360e-08
3.439000000000000000e+03 1.079245383861086666e-07
3.440000000000000000e+03 1.332417990340574296e-07
3.441000000000000000e+03 1.578043511370149419e-07
3.442000000000000000e+03 1.814599722912052580e-07
3.443000000000000000e+03 2.040642386648242851e-07
3.444000000000000000e+03 2.254810797679699403e-07
3.445000000000000000e+03 2.455833236908493791e-07
3.446000000000000000e+03 2.642530132558078922e-07
3.447000000000000000e+03 2.813818122850957300e-07
3.448000000000000000e+03 2.968713611788370286e-07
3.449000000000000000e+03 3.106335575521117006e-07
3.450000000000000000e+03 3.225907306566747132e-07
3.451000000000000000e+03 3.326757267922412902e-07
3.452000000000000000e+03 3.408320727498366187e-07
3.453000000000000000e+03 3.470140342986907673e-07
3.454000000000000000e+03 3.511866378620158352e-07
3.455000000000000000e+03 3.533256459900894860e-07
3.456000000000000000e+03 3.534174961982022356e-07
3.457000000000000000e+03 3.514592519171234228e-07
3.458000000000000000e+03 3.474585544708146989e-07
3.459000000000000000e+03 3.414335340144865553e-07
3.460000000000000000e+03 3.334127103622674709e-07
3.461000000000000000e+03 3.234350128898351115e-07
3.462000000000000000e+03 3.115497679132059758e-07
3.463000000000000000e+03 2.978166990236029892e-07
3.464000000000000000e+03 2.823059494914238069e-07
3.465000000000000000e+03 2.650981820797829673e-07
3.466000000000000000e+03 2.462846014174902246e-07
3.467000000000000000e+03 2.259669844594678831e-07
3.468000000000000000e+03 2.042576223732363136e-07
3.469000000000000000e+03 1.812791960724672564e-07
3.470000000000000000e+03 1.571645515240994960e-07
3.471000000000000000e+03 1.320562663461205720e-07
3.472000000000000000e+03 1.061060737281540808e-07
3.473000000000000000e+03 7.947403871462665583e-08
3.474000000000000000e+03 5.232766127569982583e-08
3.475000000000000000e+03 2.484079857679485665e-08
3.476000000000000000e+03 -2.807478185177284232e-09
3.477000000000000000e+03 -3.043416978220922862e-08
3.478000000000000000e+03 -5.785376388999475314e-08
3.479000000000000000e+03 -8.487969137996053779e-08
3.480000000000000000e+03 -1.113258079459197310e-07
3.481000000000000000e+03 -1.370079570074559624e-07
3.482000000000000000e+03 -1.617455855906196112e-07
3.483000000000000000e+03 -1.853633552702631276e-07
3.484000000000000000e+03 -2.076927521910883096e-07
3.485000000000000000e+03 -2.285736711386807772e-07
3.486000000000000000e+03 -2.478559338500620045e-07
3.487000000000000000e+03 -2.654007136073320727e-07
3.488000000000000000e+03 -2.810818008153380243e-07
3.489000000000000000e+03 -2.947867510690515300e-07
3.490000000000000000e+03 -3.064178925495637542e-07
3.491000000000000000e+03 -3.158931366974348044e-07
3.492000000000000000e+03 -3.231466115939000826e-07
3.493000000000000000e+03 -3.281291235987395415e-07
3.494000000000000000e+03 -3.308083967816499319e-07
3.495000000000000000e+03 -3.311691166219994175e-07
3.496000000000000000e+03 -3.292127360434532598e-07
3.497000000000000000e+03 -3.249571125424532124e-07
3.498000000000000000e+03 -3.184359499364088004e-07
3.499000000000000000e+03 -3.096980056607981853e-07
3.500000000000000000e+03 -2.988062507725073516e-07
3.501000000000000000e+03 -2.858370108475091687e-07
3.502000000000000000e+03 -2.708791138036701141e-07
3.503000000000000000e+03 -2.540330539955619375e-07
3.504000000000000000e+03 -2.354102737599628830e-07
3.505000000000000000e+03 -2.151323759218024322e-07
3.506000000000000000e+03 -1.933302975554641064e-07
3.507000000000000000e+03 -1.701433880323182988e-07
3.508000000000000000e+03 -1.457184615777851943e-07
3.509000000000000000e+03 -1.202087403845675407e-07
3.510000000000000000e+03 -9.377280642175254045e-08
3.511000000000000000e+03 -6.657344600196784268e-08
3.512000000000000000e+03 -3.877649233587816402e-08
3.513000000000000000e+03 -1.054960800701085956e-08
3.514000000000000000e+03 1.793877612423905129e-08
3.515000000000000000e+03 4.652057226828221382e-08
3.516000000000000000e+03 7.502900358846425584e-08
3.517000000000000000e+03 1.032995644215801284e-07
3.518000000000000000e+03 1.311708475348608120e-07
3.519000000000000000e+03 1.584852851621472334e-07
3.520000000000000000e+03 1.850897152428138232e-07
3.521000000000000000e+03 2.108359751998832962e-07
3.522000000000000000e+03 2.355813247169295677e-07
3.523000000000000000e+03 2.591888201722187798e-07
3.524000000000000000e+03 2.815276481651348419e-07
3.525000000000000000e+03 3.024734154345697586e-07
3.526000000000000000e+03 3.219084670934565329e-07
3.527000000000000000e+03 3.397221529510144985e-07
3.528000000000000000e+03 3.558111385547609531e-07
3.529000000000000000e+03 3.700797532680605101e-07
3.530000000000000000e+03 3.824403744800559316e-07
3.531000000000000000e+03 3.928137852376172002e-07
3.532000000000000000e+03 4.011296175555259030e-07
3.533000000000000000e+03 4.073267481261648073e-07
3.534000000000000000e+03 4.113537511491376093e-07
3.535000000000000000e+03 4.131693533391094506e-07
3.536000000000000000e+03 4.127428508108759072e-07
3.537000000000000000e+03 4.100545001665034511e-07
3.538000000000000000e+03 4.050959255598696495e-07
3.539000000000000000e+03 3.978705212112072279e-07
3.540000000000000000e+03 3.883937829904948715e-07
3.541000000000000000e+03 3.766935440693801097e-07
3.542000000000000000e+03 3.628102916167370778e-07
3.543000000000000000e+03 3.467973529281416308e-07
3.544000000000000000e+03 3.287209064532101655e-07
3.545000000000000000e+03 3.086600291953351267e-07
3.546000000000000000e+03 2.867064939104635801e-07
3.547000000000000000e+03 2.629645393054103498e-07
3.548000000000000000e+03 2.375504276332406602e-07
3.549000000000000000e+03 2.105919928410953073e-07
3.550000000000000000e+03 1.822280594109931821e-07
3.551000000000000000e+03 1.526077472362743824e-07
3.552000000000000000e+03 1.218896904837752995e-07
3.553000000000000000e+03 9.024111621606460968e-08
3.554000000000000000e+03 5.783693202513536044e-08
3.555000000000000000e+03 2.485874544639278467e-08
3.556000000000000000e+03 -8.506281562165237521e-09
3.557000000000000000e+03 -4.206657900311497381e-08
3.558000000000000000e+03 -7.562741376229789753e-08
3.559000000000000000e+03 -1.089921038225788452e-07
3.560000000000000000e+03 -1.419634012435810636e-07
3.561000000000000000e+03 -1.743449244710666858e-07
3.562000000000000000e+03 -2.059425609983711314e-07
3.563000000000000000e+03 -2.365659411628227346e-07
3.564000000000000000e+03 -2.660299203056526677e-07
3.565000000000000000e+03 -2.941560973939973339e-07
3.566000000000000000e+03 -3.207742362161804304e-07
3.567000000000000000e+03 -3.457236479351430574e-07
3.568000000000000000e+03 -3.688545172325496644e-07
3.569000000000000000e+03 -3.900292591211776100e-07
3.570000000000000000e+03 -4.091236244935365222e-07
3.571000000000000000e+03 -4.260277758202601807e-07
3.572000000000000000e+03 -4.406472342716452564e-07
3.573000000000000000e+03 -4.529035878777931879e-07
3.574000000000000000e+03 -4.627350830595587286e-07
3.575000000000000000e+03 -4.700969369711771236e-07
3.576000000000000000e+03 -4.749615280453220298e-07
3.577000000000000000e+03 -4.773183070637909925e-07
3.578000000000000000e+03 -4.771734901436292970e-07
3.579000000000000000e+03 -4.745496774895329681e-07
3.580000000000000000e+03 -4.694851780957905147e-07
3.581000000000000000e+03 -4.620332780757067937e-07
3.582000000000000000e+03 -4.522613561701566868e-07
3.583000000000000000e+03 -4.402499351285370552e-07
3.584000000000000000e+03 -4.260916242168581037e-07
3.585000000000000000e+03 -4.098901127103203561e-07
3.586000000000000000e+03 -3.917590297870534659e-07
3.587000000000000000e+03 -3.718208182482318523e-07
3.588000000000000000e+03 -3.502055851269872153e-07
3.589000000000000000e+03 -3.270499525164578966e-07
3.590000000000000000e+03 -3.024958405364381015e-07
3.591000000000000000e+03 -2.766893265879676175e-07
3.592000000000000000e+03 -2.497795993668804413e-07
3.593000000000000000e+03 -2.219178417556232109e-07
3.594000000000000000e+03 -1.932561655610927129e-07
3.595000000000000000e+03 -1.639465911006606585e-07
3.596000000000000000e+03 -1.341401109775391093e-07
3.597000000000000000e+03 -1.039857493629909319e-07
3.598000000000000000e+03 -7.362987478438251043e-08
3.599000000000000000e+03 -4.321546849286313759e-08
3.600000000000000000e+03 -1.288154528293975534e-08
3.601000000000000000e+03 1.723742135659012998e-08
3.602000000000000000e+03 4.701190989828159557e-08
3.603000000000000000e+03 7.631769699358735995e-08
3.604000000000000000e+03 1.050361324317431396e-07
3.605000000000000000e+03 1.330542682775878252e-07
3.606000000000000000e+03 1.602648604177321463e-07
3.607000000000000000e+03 1.865663856375303838e-07
3.608000000000000000e+03 2.118629331285397291e-07
3.609000000000000000e+03 2.360640349765979719e-07
3.610000000000000000e+03 2.590844988483743024e-07
3.611000000000000000e+03 2.808442698471871004e-07
3.612000000000000000e+03 3.012682840614049316e-07
3.613000000000000000e+03 3.202863222166771327e-07
3.614000000000000000e+03 3.378330051193536622e-07
3.615000000000000000e+03 3.538477214009653863e-07
3.616000000000000000e+03 3.682747704272071484e-07
3.617000000000000000e+03 3.810635236706596908e-07
3.618000000000000000e+03 3.921686042287955258e-07
3.619000000000000000e+03 4.015502314010720427e-07
3.620000000000000000e+03 4.091745525890388866e-07
3.621000000000000000e+03 4.150139820893509651e-07
3.622000000000000000e+03 4.190475987120335299e-07
3.623000000000000000e+03 4.212615063857907497e-07
3.624000000000000000e+03 4.216491544121844652e-07
3.625000000000000000e+03 4.202115779724373184e-07
3.626000000000000000e+03 4.169576024199826317e-07
3.627000000000000000e+03 4.119039043413237345e-07
3.628000000000000000e+03 4.050750354568432104e-07
3.629000000000000000e+03 3.965033422925471112e-07
3.630000000000000000e+03 3.862288333247259491e-07
3.631000000000000000e+03 3.742989504184965455e-07
3.632000000000000000e+03 3.607683180306683701e-07
3.633000000000000000e+03 3.456982994710359242e-07
3.634000000000000000e+03 3.291565876340480194e-07
3.635000000000000000e+03 3.112167808333110891e-07
3.636000000000000000e+03 2.919579393399967122e-07
3.637000000000000000e+03 2.714640204399438781e-07
3.638000000000000000e+03 2.498233659510215149e-07
3.639000000000000000e+03 2.271282532458427221e-07
3.640000000000000000e+03 2.034744362357146375e-07
3.641000000000000000e+03 1.789606701111841958e-07
3.642000000000000000e+03 1.536882938488761938e-07
3.643000000000000000e+03 1.277608595700613722e-07
3.644000000000000000e+03 1.012838942759418356e-07
3.645000000000000000e+03 7.436453443995091941e-08
3.646000000000000000e+03 4.711125664056417279e-08
3.647000000000000000e+03 1.963366909089427775e-08
3.648000000000000000e+03 -7.957650730453865589e-09
3.649000000000000000e+03 -3.555140006978199571e-08
3.650000000000000000e+03 -6.303577641036118261e-08
3.651000000000000000e+03 -9.029869439586141223e-08
3.652000000000000000e+03 -1.172281295133797482e-07
3.653000000000000000e+03 -1.437124569775374275e-07
3.654000000000000000e+03 -1.696408386519650163e-07
3.655000000000000000e+03 -1.949037012615964214e-07
3.656000000000000000e+03 -2.193932750147240030e-07
3.657000000000000000e+03 -2.430042252423284688e-07
3.658000000000000000e+03 -2.656342237954002505e-07
3.659000000000000000e+03 -2.871846425120927326e-07
3.660000000000000000e+03 -3.075612493772222720e-07
3.661000000000000000e+03 -3.266749175922793134e-07
3.662000000000000000e+03 -3.444422412892780128e-07
3.663000000000000000e+03 -3.607861315960451579e-07
3.664000000000000000e+03 -3.756364601504460916e-07
3.665000000000000000e+03 -3.889305366266442005e-07
3.666000000000000000e+03 -4.006135747326675444e-07
3.667000000000000000e+03 -4.106390561399551413e-07
3.668000000000000000e+03 -4.189690339967659111e-07
3.669000000000000000e+03 -4.255743149382403405e-07
3.670000000000000000e+03 -4.304345341116264550e-07
3.671000000000000000e+03 -4.335380821818585896e-07
3.672000000000000000e+03 -4.348819795573141348e-07
3.673000000000000000e+03 -4.344715144810955879e-07
3.674000000000000000e+03 -4.323198104973016675e-07
3.675000000000000000e+03 -4.284474238699832231e-07
3.676000000000000000e+03 -4.228816676410177502e-07
3.677000000000000000e+03 -4.156559348681897907e-07
3.678000000000000000e+03 -4.068090148686030627e-07
3.679000000000000000e+03 -3.963844926990197588e-07
3.680000000000000000e+03 -3.844301673782955342e-07
3.681000000000000000e+03 -3.709974820548094356e-07
3.682000000000000000e+03 -3.561411774672119845e-07
3.683000000000000000e+03 -3.399190522854388714e-07
3.684000000000000000e+03 -3.223918524744818224e-07
3.685000000000000000e+03 -3.036233263411599463e-07
3.686000000000000000e+03 -2.836803700712514340e-07
3.687000000000000000e+03 -2.626332583630603204e-07
3.688000000000000000e+03 -2.405560433135200048e-07
3.689000000000000000e+03 -2.175268796464381257e-07
3.690000000000000000e+03 -1.936284951759209750e-07
3.691000000000000000e+03 -1.689485504053231540e-07
3.692000000000000000e+03 -1.435800283489958532e-07
3.693000000000000000e+03 -1.176214941467428963e-07
3.694000000000000000e+03 -9.117727397374472928e-08
3.695000000000000000e+03 -6.435748301757023301e-08
3.696000000000000000e+03 -3.727804679754578131e-08
3.697000000000000000e+03 -1.006052542436737350e-08
3.698000000000000000e+03 1.716821063433255442e-08
3.699000000000000000e+03 4.427640033307031604e-08
3.700000000000000000e+03 7.112805870003475869e-08
3.701000000000000000e+03 9.758360677404322713e-08
3.702000000000000000e+03 1.235005663437860854e-07
3.703000000000000000e+03 1.487344206436593326e-07
3.704000000000000000e+03 1.731394176083198225e-07
3.705000000000000000e+03 1.965695226159967757e-07
3.706000000000000000e+03 2.188793249572068616e-07
3.707000000000000000e+03 2.399250594666090912e-07
3.708000000000000000e+03 2.595655809018361856e-07
3.709000000000000000e+03 2.776633930466194617e-07
3.710000000000000000e+03 2.940856641115418538e-07
3.711000000000000000e+03 3.087053072638384140e-07
3.712000000000000000e+03 3.214019990419353353e-07
3.713000000000000000e+03 3.320633368620924534e-07
3.714000000000000000e+03 3.405858621650798713e-07
3.715000000000000000e+03 3.468761198468608906e-07
3.716000000000000000e+03 3.508517055342174190e-07
3.717000000000000000e+03 3.524423409555679006e-07
3.718000000000000000e+03 3.515909547029214153e-07
3.719000000000000000e+03 3.482546122354969830e-07
3.720000000000000000e+03 3.424054798076191990e-07
3.721000000000000000e+03 3.340317594518326880e-07
3.722000000000000000e+03 3.231384674205002073e-07
3.723000000000000000e+03 3.097481584173081649e-07
3.724000000000000000e+03 2.939014883124829504e-07
3.725000000000000000e+03 2.756574759875469456e-07
3.726000000000000000e+03 2.550936592555295394e-07
3.727000000000000000e+03 2.323060162067110265e-07
3.728000000000000000e+03 2.074087018683810117e-07
3.729000000000000000e+03 1.805335777900505474e-07
3.730000000000000000e+03 1.518294224683648281e-07
3.731000000000000000e+03 1.214610524348148954e-07
3.732000000000000000e+03 8.960810739924162948e-08
3.733000000000000000e+03 5.646364532809116245e-08
3.734000000000000000e+03 2.223260246742470300e-08
3.735000000000000000e+03 -1.286993410000840674e-08
3.736000000000000000e+03 -4.862047023495202273e-08
3.737000000000000000e+03 -8.478911345394525086e-08
3.738000000000000000e+03 -1.211414710862986289e-07
3.739000000000000000e+03 -1.574407064931438581e-07
3.740000000000000000e+03 -1.934495249585393247e-07
3.741000000000000000e+03 -2.289321361256633118e-07
3.742000000000000000e+03 -2.636561924236443990e-07
3.743000000000000000e+03 -2.973946470042718655e-07
3.744000000000000000e+03 -3.299274858032697982e-07
3.745000000000000000e+03 -3.610433418336147330e-07
3.746000000000000000e+03 -3.905410112969684441e-07
3.747000000000000000e+03 -4.182308367075175900e-07
3.748000000000000000e+03 -4.439359110092640328e-07
3.749000000000000000e+03 -4.674931255613893164e-07
3.750000000000000000e+03 -4.887541331004899140e-07
3.751000000000000000e+03 -5.075860601665374331e-07
3.752000000000000000e+03 -5.238721030658950313e-07
3.753000000000000000e+03 -5.375120776976397518e-07
3.754000000000000000e+03 -5.484227174008707757e-07
3.755000000000000000e+03 -5.565378126272700737e-07
3.756000000000000000e+03 -5.618083585573348667e-07
3.757000000000000000e+03 -5.642024804543183299e-07
3.758000000000000000e+03 -5.637052896392198925e-07
3.759000000000000000e+03 -5.603186442042548304e-07
3.760000000000000000e+03 -5.540607889963292533e-07
3.761000000000000000e+03 -5.449658489431061394e-07
3.762000000000000000e+03 -5.330832403798789311e-07
3.763000000000000000e+03 -5.184770148197900803e-07
3.764000000000000000e+03 -5.012251831123146021e-07
3.765000000000000000e+03 -4.814188823422762201e-07
3.766000000000000000e+03 -4.591616304637127665e-07
3.767000000000000000e+03 -4.345685030528417556e-07
3.768000000000000000e+03 -4.077651871580599103e-07
3.769000000000000000e+03 -3.788871222800326020e-07
3.770000000000000000e+03 -3.480786539052784414e-07
3.771000000000000000e+03 -3.154920850679237517e-07
3.772000000000000000e+03 -2.812867534020598851e-07
3.773000000000000000e+03 -2.456282371757810090e-07
3.774000000000000000e+03 -2.086874948508187476e-07
3.775000000000000000e+03 -1.706400129445733855e-07
3.776000000000000000e+03 -1.316651266156884915e-07
3.777000000000000000e+03 -9.194527831246016715e-08
3.778000000000000000e+03 -5.166542763635984587e-08
3.779000000000000000e+03 -1.101252647337193643e-08
3.780000000000000000e+03 2.982502747178538337e-08
3.781000000000000000e+03 7.065789903923984754e-08
3.782000000000000000e+03 1.112962853514249248e-07
3.783000000000000000e+03 1.515506611864832165e-07
3.784000000000000000e+03 1.912323551495837607e-07
3.785000000000000000e+03 2.301544101390824815e-07
3.786000000000000000e+03 2.681324765330963200e-07
3.787000000000000000e+03 3.049858413789420871e-07
3.788000000000000000e+03 3.405384647572115527e-07
3.789000000000000000e+03 3.746201661887568673e-07
3.790000000000000000e+03 4.070677713250524064e-07
3.791000000000000000e+03 4.377263178353148520e-07
3.792000000000000000e+03 4.664502683483534340e-07
3.793000000000000000e+03 4.931046011186454427e-07
3.794000000000000000e+03 5.175659025098213015e-07
3.795000000000000000e+03 5.397232748731322918e-07
3.796000000000000000e+03 5.594792418225048623e-07
3.797000000000000000e+03 5.767504867712356636e-07
3.798000000000000000e+03 5.914683772025141730e-07
3.799000000000000000e+03 6.035793459316416541e-07
3.800000000000000000e+03 6.130452251054788327e-07
3.801000000000000000e+03 6.198433913710229196e-07
3.802000000000000000e+03 6.239666518236341081e-07
3.803000000000000000e+03 6.254230626573839525e-07
3.804000000000000000e+03 6.242356392467985004e-07
3.805000000000000000e+03 6.204418270067937592e-07
3.806000000000000000e+03 6.140928863770565066e-07
3.807000000000000000e+03 6.052530861105895954e-07
3.808000000000000000e+03 5.939988685665021682e-07
3.809000000000000000e+03 5.804178627617823423e-07
3.810000000000000000e+03 5.646077599598219967e-07
3.811000000000000000e+03 5.466750998753280614e-07
3.812000000000000000e+03 5.267341120807812604e-07
3.813000000000000000e+03 5.049055016113619890e-07
3.814000000000000000e+03 4.813152664029298187e-07
3.815000000000000000e+03 4.560934455962530733e-07
3.816000000000000000e+03 4.293729931593469521e-07
3.817000000000000000e+03 4.012887678144330209e-07
3.818000000000000000e+03 3.719764997927400729e-07
3.819000000000000000e+03 3.415720108437866334e-07
3.820000000000000000e+03 3.102103752326956275e-07
3.821000000000000000e+03 2.780252701740822674e-07
3.822000000000000000e+03 2.451483695629396397e-07
3.823000000000000000e+03 2.117088819320017059e-07
3.824000000000000000e+03 1.778330936804260348e-07
3.825000000000000000e+03 1.436440279884044710e-07
3.826000000000000000e+03 1.092612138109098837e-07
3.827000000000000000e+03 7.480040505093928578e-08
3.828000000000000000e+03 4.037331737205151151e-08
3.829000000000000000e+03 6.087455725010611351e-09
3.830000000000000000e+03 -2.795398280060481248e-08
3.831000000000000000e+03 -6.165219425447548881e-08
3.832000000000000000e+03 -9.491282507880030698e-08
3.833000000000000000e+03 -1.276458763309862806e-07
3.834000000000000000e+03 -1.597655417390402222e-07
3.835000000000000000e+03 -1.911900515476376176e-07
3.836000000000000000e+03 -2.218414378989344723e-07
3.837000000000000000e+03 -2.516452615226556664e-07
3.838000000000000000e+03 -2.805302464274362546e-07
3.839000000000000000e+03 -3.084280521859125525e-07
3.840000000000000000e+03 -3.352729048907368395e-07
3.841000000000000000e+03 -3.610013061261080016e-07
3.842000000000000000e+03 -3.855517224780158517e-07
3.843000000000000000e+03 -4.088643914229361666e-07
3.844000000000000000e+03 -4.308811382262817315e-07
3.845000000000000000e+03 -4.515452819071084129e-07
3.846000000000000000e+03 -4.708018039971731200e-07
3.847000000000000000e+03 -4.885974270547155273e-07
3.848000000000000000e+03 -5.048809032379568586e-07
3.849000000000000000e+03 -5.196034592331392756e-07
3.850000000000000000e+03 -5.327190955775726235e-07
3.851000000000000000e+03 -5.441851003109765703e-07
3.852000000000000000e+03 -5.539624844618446910e-07
3.853000000000000000e+03 -5.620163734672544736e-07
3.854000000000000000e+03 -5.683163062285099974e-07
3.855000000000000000e+03 -5.728365671344578252e-07
3.856000000000000000e+03 -5.755563988861201926e-07
3.857000000000000000e+03 -5.764601401415676273e-07
3.858000000000000000e+03 -5.755373202005318706e-07
3.859000000000000000e+03 -5.727828562300450511e-07
3.860000000000000000e+03 -5.681971493028363546e-07
3.861000000000000000e+03 -5.617862874963883932e-07
3.862000000000000000e+03 -5.535623666531931050e-07
3.863000000000000000e+03 -5.435437671544304266e-07
3.864000000000000000e+03 -5.317554872144002706e-07
3.865000000000000000e+03 -5.182294828660628950e-07
3.866000000000000000e+03 -5.030048427349889966e-07
3.867000000000000000e+03 -4.861279699527190651e-07
3.868000000000000000e+03 -4.676527034154373610e-07
3.869000000000000000e+03 -4.476402756014692502e-07
3.870000000000000000e+03 -4.261592155731866233e-07
3.871000000000000000e+03 -4.032851673914643744e-07
3.872000000000000000e+03 -3.791005433531914152e-07
3.873000000000000000e+03 -3.536940332589367059e-07
3.874000000000000000e+03 -3.271600884113256852e-07
3.875000000000000000e+03 -2.995983002609622055e-07
3.876000000000000000e+03 -2.711126359854185166e-07
3.877000000000000000e+03 -2.418106164213943688e-07
3.878000000000000000e+03 -2.118024355958944507e-07
3.879000000000000000e+03 -1.812000568841007759e-07
3.880000000000000000e+03 -1.501161759156641808e-07
3.881000000000000000e+03 -1.186632086315968623e-07
3.882000000000000000e+03 -8.695221414268977275e-08
3.883000000000000000e+03 -5.509191216637188182e-08
3.884000000000000000e+03 -2.318783672408153196e-08
3.885000000000000000e+03 8.658606682795937308e-09
3.886000000000000000e+03 4.035092888404520863e-08
3.887000000000000000e+03 7.179824620898553841e-08
3.888000000000000000e+03 1.029158140258114035e-07
3.889000000000000000e+03 1.336253932755306360e-07
3.890000000000000000e+03 1.638555350881304850e-07
3.891000000000000000e+03 1.935417145684239272e-07
3.892000000000000000e+03 2.226263998743343173e-07
3.893000000000000000e+03 2.510590160066107780e-07
3.894000000000000000e+03 2.787958900509900088e-07
3.895000000000000000e+03 3.058001051114883384e-07
3.896000000000000000e+03 3.320413138191455512e-07
3.897000000000000000e+03 3.574955002652352383e-07
3.898000000000000000e+03 3.821447768716851196e-07
3.899000000000000000e+03 4.059771997513993708e-07
3.900000000000000000e+03 4.289865390351545379e-07
3.901000000000000000e+03 4.511719970909162556e-07
3.902000000000000000e+03 4.725378536877223175e-07
3.903000000000000000e+03 4.930931302072603351e-07
3.904000000000000000e+03 5.128511938801937342e-07
3.905000000000000000e+03 5.318292848780153628e-07
3.906000000000000000e+03 5.500479581829130952e-07
3.907000000000000000e+03 5.675304729957548518e-07
3.908000000000000000e+03 5.843021635598448075e-07
3.909000000000000000e+03 6.003896258185469722e-07
3.910000000000000000e+03 6.158199860589761184e-07
3.911000000000000000e+03 6.306199998955814492e-07
3.912000000000000000e+03 6.448152749119503814e-07
3.913000000000000000e+03 6.584293992623583348e-07
3.914000000000000000e+03 6.714831603834845877e-07
3.915000000000000000e+03 6.839936879233984795e-07
3.916000000000000000e+03 6.959737724955731718e-07
3.917000000000000000e+03 7.074312360020339505e-07
3.918000000000000000e+03 7.183683895417314349e-07
3.919000000000000000e+03 7.287816386226031019e-07
3.920000000000000000e+03 7.386610743194193568e-07
3.921000000000000000e+03 7.479903031429579364e-07
3.922000000000000000e+03 7.567463271317560945e-07
3.923000000000000000e+03 7.648995731693716623e-07
3.924000000000000000e+03 7.724140937384404552e-07
3.925000000000000000e+03 7.792479960469205723e-07
3.926000000000000000e+03 7.853539415532823748e-07
3.927000000000000000e+03 7.906798195128210254e-07
3.928000000000000000e+03 7.951696506459966059e-07
3.929000000000000000e+03 7.987645668125466162e-07
3.930000000000000000e+03 8.014039062340185246e-07
3.931000000000000000e+03 8.030262794615018910e-07
3.932000000000000000e+03 8.035708868542751580e-07
3.933000000000000000e+03 8.029786114495459003e-07
3.934000000000000000e+03 8.011930930078732634e-07
3.935000000000000000e+03 7.981617954878687907e-07
3.936000000000000000e+03 7.938369446274119139e-07
3.937000000000000000e+03 7.881763296667315341e-07
3.938000000000000000e+03 7.811439887354279187e-07
3.939000000000000000e+03 7.727107619099921615e-07
3.940000000000000000e+03 7.628545866608458322e-07
3.941000000000000000e+03 7.515607097950660124e-07
3.942000000000000000e+03 7.388217465082532543e-07
3.943000000000000000e+03 7.246376325410834244e-07
3.944000000000000000e+03 7.090154096235836452e-07
3.945000000000000000e+03 6.919689463355468179e-07
3.946000000000000000e+03 6.735184267953625806e-07
3.947000000000000000e+03 6.536899044242066945e-07
3.948000000000000000e+03 6.325147391258221675e-07
3.949000000000000000e+03 6.100290905682395154e-07
3.950000000000000000e+03 5.862733299227686253e-07
3.951000000000000000e+03 5.612914837863877689e-07
3.952000000000000000e+03 5.351306915900367123e-07
3.953000000000000000e+03 5.078407233478234410e-07
3.954000000000000000e+03 4.794736397217823011e-07
3.955000000000000000e+03 4.500834834451223777e-07
3.956000000000000000e+03 4.197259656711769311e-07
3.957000000000000000e+03 3.884581698899737599e-07
3.958000000000000000e+03 3.563384017650701711e-07
3.959000000000000000e+03 3.234260780754949271e-07
3.960000000000000000e+03 2.897815709134823865e-07
3.961000000000000000e+03 2.554659985400659163e-07
3.962000000000000000e+03 2.205409863941988549e-07
3.963000000000000000e+03 1.850684830497357944e-07
3.964000000000000000e+03 1.491105075996666655e-07
3.965000000000000000e+03 1.127290077941860873e-07
3.966000000000000000e+03 7.598570479150717268e-08
3.967000000000000000e+03 3.894199599316279400e-08
3.968000000000000000e+03 1.658860314450504803e-09
3.969000000000000000e+03 -3.580312921855603800e-08
3.970000000000000000e+03 -7.338380623957370186e-08
3.971000000000000000e+03 -1.110234892536874410e-07
3.972000000000000000e+03 -1.486627475387093227e-07
3.973000000000000000e+03 -1.862422777807398408e-07
3.974000000000000000e+03 -2.237026909590980418e-07
3.975000000000000000e+03 -2.609842766175663732e-07
3.976000000000000000e+03 -2.980267024217778625e-07
3.977000000000000000e+03 -3.347686164425365272e-07
3.978000000000000000e+03 -3.711472405449355018e-07
3.979000000000000000e+03 -4.070980472149692282e-07
3.980000000000000000e+03 -4.425544093096845181e-07
3.981000000000000000e+03 -4.774474161966359729e-07
3.982000000000000000e+03 -5.117057030842192659e-07
3.983000000000000000e+03 -5.452554754762536419e-07
3.984000000000000000e+03 -5.780205641348033528e-07
3.985000000000000000e+03 -6.099226245955116892e-07
3.986000000000000000e+03 -6.408815544867747779e-07
3.987000000000000000e+03 -6.708158834113354140e-07
3.988000000000000000e+03 -6.996434657853183976e-07
3.989000000000000000e+03 -7.272822025551774009e-07
3.990000000000000000e+03 -7.536508553850792897e-07
3.991000000000000000e+03 -7.786699210498335970e-07
3.992000000000000000e+03 -8.022625312650996682e-07
3.993000000000000000e+03 -8.243553867168053865e-07
3.994000000000000000e+03 -8.448797896287673877e-07
3.995000000000000000e+03 -8.637725514847950200e-07
3.996000000000000000e+03 -8.809770083627867959e-07
3.997000000000000000e+03 -8.964438578281767903e-07
3.998000000000000000e+03 -9.101319751490023353e-07
3.999000000000000000e+03 -9.220090975846081531e-07
4.000000000000000000e+03 -9.320525256556884020e-07
4.001000000000000000e+03 -9.402496097929524113e-07
4.002000000000000000e+03 -9.465981421922510707e-07
4.003000000000000000e+03 -9.511067492646675252e-07
4.004000000000000000e+03 -9.537950655167693710e-07
4.005000000000000000e+03 -9.546938346211220792e-07
4.006000000000000000e+03 -9.538448131221225756e-07
4.007000000000000000e+03 -9.513005815965478264e-07
4.008000000000000000e+03 -9.471242203413407073e-07
4.009000000000000000e+03 -9.413887370653786735e-07
4.010000000000000000e+03 -9.341764552988793039e-07
4.011000000000000000e+03 -9.255781222446604084e-07
4.012000000000000000e+03 -9.156920320269329760e-07
4.013000000000000000e+03 -9.046230476124092134e-07
4.014000000000000000e+03 -8.924814798981047724e-07
4.015000000000000000e+03 -8.793817562955617650e-07
4.016000000000000000e+03 -8.654411646249110900e-07
4.017000000000000000e+03 -8.507784527340274712e-07
4.018000000000000000e+03 -8.355124750213858085e-07
4.019000000000000000e+03 -8.197607674293544955e-07
4.020000000000000000e+03 -8.036380604531160585e-07
4.021000000000000000e+03 -7.872548123672362666e-07
4.022000000000000000e+03 -7.707158825828559702e-07
4.023000000000000000e+03 -7.541192434225811764e-07
4.024000000000000000e+03 -7.375547962317520959e-07
4.025000000000000000e+03 -7.211033552198915126e-07
4.026000000000000000e+03 -7.048357740574135607e-07
4.027000000000000000e+03 -6.888122473861741097e-07
4.028000000000000000e+03 -6.730817979673965372e-07
4.029000000000000000e+03 -6.576819972847942764e-07
4.030000000000000000e+03 -6.426387677697445955e-07
4.031000000000000000e+03 -6.279663490166343194e-07
4.032000000000000000e+03 -6.136675361063457515e-07
4.033000000000000000e+03 -5.997338740020661334e-07
4.034000000000000000e+03 -5.861460717696257091e-07
4.035000000000000000e+03 -5.728746107701449751e-07
4.036000000000000000e+03 -5.598803932974419235e-07
4.037000000000000000e+03 -5.471154933545248998e-07
4.038000000000000000e+03 -5.345240651783191496e-07
4.039000000000000000e+03 -5.220433858925487707e-07
4.040000000000000000e+03 -5.096049359751003769e-07
4.041000000000000000e+03 -4.971356464319593789e-07
4.042000000000000000e+03 -4.845591487183209165e-07
4.043000000000000000e+03 -4.717971924771289552e-07
4.044000000000000000e+03 -4.587710221673509723e-07
4.045000000000000000e+03 -4.454027980708229028e-07
4.046000000000000000e+03 -4.316171350310210791e-07
4.047000000000000000e+03 -4.173424704002832235e-07
4.048000000000000000e+03 -4.025125779717229733e-07
4.049000000000000000e+03 -3.870679010802082964e-07
4.050000000000000000e+03 -3.709568597356758773e-07
4.051000000000000000e+03 -3.541371053166996372e-07
4.052000000000000000e+03 -3.365765057765290891e-07
4.053000000000000000e+03 -3.182540672803900512e-07
4.054000000000000000e+03 -2.991606065582835594e-07
4.055000000000000000e+03 -2.792993285821515209e-07
4.056000000000000000e+03 -2.586860640381145884e-07
4.057000000000000000e+03 -2.373493375776886411e-07
4.058000000000000000e+03 -2.153301476500124356e-07
4.059000000000000000e+03 -1.926814583117625965e-07
4.060000000000000000e+03 -1.694674898956456157e-07
4.061000000000000000e+03 -1.457627714755291897e-07
4.062000000000000000e+03 -1.216508699381636436e-07
4.063000000000000000e+03 -9.722314429502032089e-08
4.064000000000000000e+03 -7.257710276421614189e-08
4.065000000000000000e+03 -4.781481797883256383e-08
4.066000000000000000e+03 -2.304120999492658872e-08
4.067000000000000000e+03 1.637671765732299166e-09
4.068000000000000000e+03 2.611642415548116255e-08
4.069000000000000000e+03 5.029204581017159117e-08
4.070000000000000000e+03 7.406551880513429857e-08
4.071000000000000000e+03 9.734335680534401834e-08
4.072000000000000000e+03 1.200389577871998203e-07
4.073000000000000000e+03 1.420739179949426037e-07
4.074000000000000000e+03 1.633790715167097809e-07
4.075000000000000000e+03 1.838953837011718682e-07
4.076000000000000000e+03 2.035746625052279549e-07
4.077000000000000000e+03 2.223798957403779464e-07
4.078000000000000000e+03 2.402855317020414782e-07
4.079000000000000000e+03 2.572774641698861132e-07
4.080000000000000000e+03 2.733526857030711695e-07
4.081000000000000000e+03 2.885188247062526976e-07
4.082000000000000000e+03 3.027934210080981599e-07
4.083000000000000000e+03 3.162030055433102067e-07
4.084000000000000000e+03 3.287819542832565567e-07
4.085000000000000000e+03 3.405713721605714921e-07
4.086000000000000000e+03 3.516179124507338830e-07
4.087000000000000000e+03 3.619725891271294540e-07
4.088000000000000000e+03 3.716896229272916685e-07
4.089000000000000000e+03 3.808253347568579961e-07
4.090000000000000000e+03 3.894371799572423190e-07
4.091000000000000000e+03 3.975828332587190640e-07
4.092000000000000000e+03 4.053194340813882103e-07
4.093000000000000000e+03 4.127029818743997847e-07
4.094000000000000000e+03 4.197877774758461278e-07
4.095000000000000000e+03 4.266258735840561772e-07
4.096000000000000000e+03 4.332667105958369008e-07
4.097000000000000000e+03 4.397567837444801722e-07
4.098000000000000000e+03 4.461392821494357093e-07
4.099000000000000000e+03 4.524537966742006495e-07
4.100000000000000000e+03 4.587361026171624843e-07
4.101000000000000000e+03 4.650180306101495609e-07
4.102000000000000000e+03 4.713272928144593916e-07
4.103000000000000000e+03 4.776873998594839339e-07
4.104000000000000000e+03 4.841175004460426866e-07
4.105000000000000000e+03 4.906323481247752992e-07
4.106000000000000000e+03 4.972421976902544013e-07
4.107000000000000000e+03 5.039528277988199848e-07
4.108000000000000000e+03 5.107655183897257959e-07
4.109000000000000000e+03 5.176769886098607509e-07
4.110000000000000000e+03 5.246793936955832765e-07
4.111000000000000000e+03 5.317603947198500419e-07
4.112000000000000000e+03 5.389031761292147915e-07
4.113000000000000000e+03 5.460865273538961785e-07
4.114000000000000000e+03 5.532850042284119457e-07
4.115000000000000000e+03 5.604690696842234736e-07
4.116000000000000000e+03 5.676053541558901867e-07
4.117000000000000000e+03 5.746568766262317160e-07
4.118000000000000000e+03 5.815834388879681715e-07
4.119000000000000000e+03 5.883419172264711512e-07
4.120000000000000000e+03 5.948867669973210204e-07
4.121000000000000000e+03 6.011703760259235128e-07
4.122000000000000000e+03 6.071436091452061018e-07
4.123000000000000000e+03 6.127561802364820191e-07
4.124000000000000000e+03 6.179571945373669081e-07
4.125000000000000000e+03 6.226955630666225121e-07
4.126000000000000000e+03 6.269204415110299224e-07
4.127000000000000000e+03 6.305816388065163292e-07
4.128000000000000000e+03 6.336298846223257400e-07
4.129000000000000000e+03 6.360170828171154820e-07
4.130000000000000000e+03 6.376964946455164374e-07
4.131000000000000000e+03 6.386228664066080589e-07
4.132000000000000000e+03 6.387524750225294919e-07
4.133000000000000000e+03 6.380432356506747191e-07
4.134000000000000000e+03 6.364547215195747058e-07
4.135000000000000000e+03 6.339481974848401832e-07
4.136000000000000000e+03 6.304866857910740548e-07
4.137000000000000000e+03 6.260351629023460905e-07
4.138000000000000000e+03 6.205606732101127684e-07
4.139000000000000000e+03 6.140324756929053810e-07
4.140000000000000000e+03 6.064222723096014837e-07
4.141000000000000000e+03 5.977043248530948714e-07
4.142000000000000000e+03 5.878555550004894199e-07
4.143000000000000000e+03 5.768556837832345337e-07
4.144000000000000000e+03 5.646873594923108597e-07
4.145000000000000000e+03 5.513362129766308767e-07
4.146000000000000000e+03 5.367909416877659278e-07
4.147000000000000000e+03 5.210434477238466389e-07
4.148000000000000000e+03 5.040890239158399340e-07
4.149000000000000000e+03 4.859265449385089266e-07
4.150000000000000000e+03 4.665586614021636500e-07
4.151000000000000000e+03 4.459920881167746513e-07
4.152000000000000000e+03 4.242378629813997085e-07
4.153000000000000000e+03 4.013116539672206747e-07
4.154000000000000000e+03 3.772338684559972217e-07
4.155000000000000000e+03 3.520297816487325910e-07
4.156000000000000000e+03 3.257297065149337598e-07
4.157000000000000000e+03 2.983690083488371181e-07
4.158000000000000000e+03 2.699881016438268756e-07
4.159000000000000000e+03 2.406323794257111943e-07
4.160000000000000000e+03 2.103520866347178367e-07
4.161000000000000000e+03 1.792020900604318049e-07
4.162000000000000000e+03 1.472416973876381716e-07
4.163000000000000000e+03 1.145344578076564255e-07
4.164000000000000000e+03 8.114781235514740137e-08
4.165000000000000000e+03 4.715273467982855745e-08
4.166000000000000000e+03 1.262347800127901821e-08
4.167000000000000000e+03 -2.236272229319225951e-08
4.168000000000000000e+03 -5.772603091820059578e-08
4.169000000000000000e+03 -9.338432739320581582e-08
4.170000000000000000e+03 -1.292535419655091957e-07
4.171000000000000000e+03 -1.652480180023164606e-07
4.172000000000000000e+03 -2.012807828814219465e-07
4.173000000000000000e+03 -2.372638492607654533e-07
4.174000000000000000e+03 -2.731085607780876476e-07
4.175000000000000000e+03 -3.087259044848719441e-07
4.176000000000000000e+03 -3.440268182054642946e-07
4.177000000000000000e+03 -3.789225186624836681e-07
4.178000000000000000e+03 -4.133248781351681523e-07
4.179000000000000000e+03 -4.471468173373066497e-07
4.180000000000000000e+03 -4.803026772717353188e-07
4.181000000000000000e+03 -5.127085738710320921e-07
4.182000000000000000e+03 -5.442828017667496791e-07
4.183000000000000000e+03 -5.749461471264486743e-07
4.184000000000000000e+03 -6.046222826762602424e-07
4.185000000000000000e+03 -6.332380642646897917e-07
4.186000000000000000e+03 -6.607237979724311053e-07
4.187000000000000000e+03 -6.870135057028137472e-07
4.188000000000000000e+03 -7.120450822342603825e-07
4.189000000000000000e+03 -7.357605204705924992e-07
4.190000000000000000e+03 -7.581060701734053144e-07
4.191000000000000000e+03 -7.790323155125199314e-07
4.192000000000000000e+03 -7.984942199314408956e-07
4.193000000000000000e+03 -8.164511500134798655e-07
4.194000000000000000e+03 -8.328668949496842103e-07
4.195000000000000000e+03 -8.477096577571205439e-07
4.196000000000000000e+03 -8.609519621222972772e-07
4.197000000000000000e+03 -8.725704998006765755e-07
4.198000000000000000e+03 -8.825459448218764151e-07
4.199000000000000000e+03 -8.908626805560896817e-07
4.200000000000000000e+03 -8.975085519634004305e-07
4.201000000000000000e+03 -9.024745989615142251e-07
4.202000000000000000e+03 -9.057546616256168815e-07
4.203000000000000000e+03 -9.073450279008309163e-07
4.204000000000000000e+03 -9.072441712549158418e-07
4.205000000000000000e+03 -9.054523673204048848e-07
4.206000000000000000e+03 -9.019714092061833292e-07
4.207000000000000000e+03 -8.968044352641337029e-07
4.208000000000000000e+03 -8.899557010887408683e-07
4.209000000000000000e+03 -8.814303851337193369e-07
4.210000000000000000e+03 -8.712345342991295095e-07
4.211000000000000000e+03 -8.593750008293902345e-07
4.212000000000000000e+03 -8.458595170377358738e-07
4.213000000000000000e+03 -8.306967932679492980e-07
4.214000000000000000e+03 -8.138966862383623750e-07
4.215000000000000000e+03 -7.954704688576933522e-07
4.216000000000000000e+03 -7.754310970577179482e-07
4.217000000000000000e+03 -7.537934999523736859e-07
4.218000000000000000e+03 -7.305749237510739884e-07
4.219000000000000000e+03 -7.057952079914240708e-07
4.220000000000000000e+03 -6.794771151448160687e-07
4.221000000000000000e+03 -6.516465275412646841e-07
4.222000000000000000e+03 -6.223327231369378769e-07
4.223000000000000000e+03 -5.915685741940910466e-07
4.224000000000000000e+03 -5.593906521846804639e-07
4.225000000000000000e+03 -5.258392187924599623e-07
4.226000000000000000e+03 -4.909582702622085463e-07
4.227000000000000000e+03 -4.547955072809394707e-07
4.228000000000000000e+03 -4.174022188596584144e-07
4.229000000000000000e+03 -3.788331881837484804e-07
4.230000000000000000e+03 -3.391465564020781923e-07
4.231000000000000000e+03 -2.984036919331667422e-07
4.232000000000000000e+03 -2.566689824160977831e-07
4.233000000000000000e+03 -2.140096096557039338e-07
4.234000000000000000e+03 -1.704952796203174307e-07
4.235000000000000000e+03 -1.261979164794295577e-07
4.236000000000000000e+03 -8.119132576312666084e-08
4.237000000000000000e+03 -3.555085545754822782e-08
4.238000000000000000e+03 1.064702716814978577e-08
4.239000000000000000e+03 5.732498168554130104e-08
4.240000000000000000e+03 1.044050863922839420e-07
4.241000000000000000e+03 1.518090514972442655e-07
4.242000000000000000e+03 1.994583428515796959e-07
4.243000000000000000e+03 2.472742785366234537e-07
4.244000000000000000e+03 2.951780716931623357e-07
4.245000000000000000e+03 3.430908128164733926e-07
4.246000000000000000e+03 3.909333496748154189e-07
4.247000000000000000e+03 4.386261676276982356e-07
4.248000000000000000e+03 4.860892374805930662e-07
4.249000000000000000e+03 5.332418534051503914e-07
4.250000000000000000e+03 5.800023443752419335e-07
4.251000000000000000e+03 6.262878889670725973e-07
4.252000000000000000e+03 6.720142338378304071e-07
4.253000000000000000e+03 7.170954588716869235e-07
4.254000000000000000e+03 7.614436653416740605e-07
4.255000000000000000e+03 8.049687884124140804e-07
4.256000000000000000e+03 8.475784347657419848e-07
4.257000000000000000e+03 8.891776943584943846e-07
4.258000000000000000e+03 9.296690674882380391e-07
4.259000000000000000e+03 9.689525335577489953e-07
4.260000000000000000e+03 1.006925591475173862e-06
4.261000000000000000e+03 1.043483421151324493e-06
4.262000000000000000e+03 1.078519165456814279e-06
4.263000000000000000e+03 1.111924321846969973e-06
4.264000000000000000e+03 1.143589185579441468e-06
4.265000000000000000e+03 1.173403469902104749e-06
4.266000000000000000e+03 1.201256961235450263e-06
4.267000000000000000e+03 1.227040288375809984e-06
4.268000000000000000e+03 1.250645778343447908e-06
4.269000000000000000e+03 1.271968403582926279e-06
4.270000000000000000e+03 1.290906797576775424e-06
4.271000000000000000e+03 1.307364234409096619e-06
4.272000000000000000e+03 1.321249526560869249e-06
4.273000000000000000e+03 1.332478119766923414e-06
4.274000000000000000e+03 1.340972920096282633e-06
4.275000000000000000e+03 1.346665180532625183e-06
4.276000000000000000e+03 1.349495249753279084e-06
4.277000000000000000e+03 1.349413247199762381e-06
4.278000000000000000e+03 1.346379770883176719e-06
4.279000000000000000e+03 1.340366479392927748e-06
4.280000000000000000e+03 1.331356553595923381e-06
4.281000000000000000e+03 1.319345037939656650e-06
4.282000000000000000e+03 1.304339152253212333e-06
4.283000000000000000e+03 1.286358500192994654e-06
4.284000000000000000e+03 1.265435048342357447e-06
4.285000000000000000e+03 1.241613144608693475e-06
4.286000000000000000e+03 1.214949410192279537e-06
4.287000000000000000e+03 1.185512502653414506e-06
4.288000000000000000e+03 1.153382758099216537e-06
4.289000000000000000e+03 1.118651791525982804e-06
4.290000000000000000e+03 1.081421992191446471e-06
4.291000000000000000e+03 1.041806008176457829e-06
4.292000000000000000e+03 9.999261741881512424e-07
4.293000000000000000e+03 9.559139355886079282e-07
4.294000000000000000e+03 9.099092433223439268e-07
4.295000000000000000e+03 8.620598984138951110e-07
4.296000000000000000e+03 8.125208460464859862e-07
4.297000000000000000e+03 7.614535091576726976e-07
4.298000000000000000e+03 7.090250724906144079e-07
4.299000000000000000e+03 6.554077036334968904e-07
4.300000000000000000e+03 6.007776698276773164e-07
4.301000000000000000e+03 5.453145004232683682e-07
4.302000000000000000e+03 4.892001529423318121e-07
4.303000000000000000e+03 4.326180116595702127e-07
4.304000000000000000e+03 3.757520104963876695e-07
4.305000000000000000e+03 3.187856813942693400e-07
4.306000000000000000e+03 2.619013192287926546e-07
4.307000000000000000e+03 2.052791183032576203e-07
4.308000000000000000e+03 1.490963515985807964e-07
4.309000000000000000e+03 9.352659218675520390e-08
4.310000000000000000e+03 3.873904963227567720e-08
4.311000000000000000e+03 -1.510195466470405002e-08
4.312000000000000000e+03 -6.783744859452650747e-08
4.313000000000000000e+03 -1.193143407101166571e-07
4.314000000000000000e+03 -1.693858412630216347e-07
4.315000000000000000e+03 -2.179118479470701591e-07
4.316000000000000000e+03 -2.647592831807398269e-07
4.317000000000000000e+03 -3.098024456932782130e-07
4.318000000000000000e+03 -3.529233342867265128e-07
4.319000000000000000e+03 -3.940119654041773351e-07
4.320000000000000000e+03 -4.329667257817270479e-07
4.321000000000000000e+03 -4.696945693356289932e-07
4.322000000000000000e+03 -5.041112785380983355e-07
4.323000000000000000e+03 -5.361417664610149753e-07
4.324000000000000000e+03 -5.657202688753079448e-07
4.325000000000000000e+03 -5.927905327746579264e-07
4.326000000000000000e+03 -6.173059946712220876e-07
4.327000000000000000e+03 -6.392299191559598996e-07
4.328000000000000000e+03 -6.585355536920198113e-07
4.329000000000000000e+03 -6.752060902201188492e-07
4.330000000000000000e+03 -6.892346837034250016e-07
4.331000000000000000e+03 -7.006244338727967480e-07
4.332000000000000000e+03 -7.093883696457851065e-07
4.333000000000000000e+03 -7.155494001385855146e-07
4.334000000000000000e+03 -7.191402432179501543e-07
4.335000000000000000e+03 -7.202033920341587473e-07
4.336000000000000000e+03 -7.187910251150811309e-07
4.337000000000000000e+03 -7.149649410402985664e-07
4.338000000000000000e+03 -7.087965118812698506e-07
4.339000000000000000e+03 -7.003666499079266070e-07
4.340000000000000000e+03 -6.897657956845963352e-07
4.341000000000000000e+03 -6.770938989390499895e-07
4.342000000000000000e+03 -6.624602698441897625e-07
4.343000000000000000e+03 -6.459835908527863302e-07
4.344000000000000000e+03 -6.277916423611024400e-07
4.345000000000000000e+03 -6.080210785065350799e-07
4.346000000000000000e+03 -5.868169473270917245e-07
4.347000000000000000e+03 -5.643321958861565982e-07
4.348000000000000000e+03 -5.407269698190213181e-07
4.349000000000000000e+03 -5.161678338098489650e-07
4.350000000000000000e+03 -4.908267861999504880e-07
4.351000000000000000e+03 -4.648801507806729245e-07
4.352000000000000000e+03 -4.385074205620960255e-07
4.353000000000000000e+03 -4.118900591070814486e-07
4.354000000000000000e+03 -3.852101295782336434e-07
4.355000000000000000e+03 -3.586488968960318090e-07
4.356000000000000000e+03 -3.323854583652596273e-07
4.357000000000000000e+03 -3.065953569706525829e-07
4.358000000000000000e+03 -2.814492937900302226e-07
4.359000000000000000e+03 -2.571118532025616320e-07
4.360000000000000000e+03 -2.337402254151723483e-07
4.361000000000000000e+03 -2.114831260513641001e-07
4.362000000000000000e+03 -1.904797826025992488e-07
4.363000000000000000e+03 -1.708590893977310306e-07
4.364000000000000000e+03 -1.527388677664755572e-07
4.365000000000000000e+03 -1.362252230291172130e-07
4.366000000000000000e+03 -1.214120791223174050e-07
4.367000000000000000e+03 -1.083808454090936099e-07
4.368000000000000000e+03 -9.720021159883458008e-08
4.369000000000000000e+03 -8.792598566634324483e-08
4.370000000000000000e+03 -8.060109393862333596e-08
4.371000000000000000e+03 -7.525577223387855762e-08
4.372000000000000000e+03 -7.190767044080608875e-08
4.373000000000000000e+03 -7.056207103335145869e-08
4.374000000000000000e+03 -7.121219659042457954e-08
4.375000000000000000e+03 -7.383952687354458143e-08
4.376000000000000000e+03 -7.841416879948118318e-08
4.377000000000000000e+03 -8.489527235972410712e-08
4.378000000000000000e+03 -9.323144580523525522e-08
4.379000000000000000e+03 -1.033612255505470011e-07
4.380000000000000000e+03 -1.152135958488616006e-07
4.381000000000000000e+03 -1.287085330149354322e-07
4.382000000000000000e+03 -1.437576140338404604e-07
4.383000000000000000e+03 -1.602645569229300542e-07
4.384000000000000000e+03 -1.781258121737535585e-07
4.385000000000000000e+03 -1.972312296146689246e-07
4.386000000000000000e+03 -2.174646877832838695e-07
4.387000000000000000e+03 -2.387047051912169543e-07
4.388000000000000000e+03 -2.608251292176417270e-07
4.389000000000000000e+03 -2.836957288386115809e-07
4.390000000000000000e+03 -3.071828522015339115e-07
4.391000000000000000e+03 -3.311499969980788099e-07
4.392000000000000000e+03 -3.554585060390500335e-07
4.393000000000000000e+03 -3.799680857688015356e-07
4.394000000000000000e+03 -4.045373695721375957e-07
4.395000000000000000e+03 -4.290244503228928856e-07
4.396000000000000000e+03 -4.532875127696263439e-07
4.397000000000000000e+03 -4.771854062787507722e-07
4.398000000000000000e+03 -5.005783167829293141e-07
4.399000000000000000e+03 -5.233284244384479859e-07
4.400000000000000000e+03 -5.453005678665601649e-07
4.401000000000000000e+03 -5.663630400207860431e-07
4.402000000000000000e+03 -5.863883613027728093e-07
4.403000000000000000e+03 -6.052540871814714612e-07
4.404000000000000000e+03 -6.228436984865791402e-07
4.405000000000000000e+03 -6.390474680850367826e-07
4.406000000000000000e+03 -6.537634171241360199e-07
4.407000000000000000e+03 -6.668980974037153861e-07
4.408000000000000000e+03 -6.783674635486717996e-07
4.409000000000000000e+03 -6.880975907930579632e-07
4.410000000000000000e+03 -6.960253806981394205e-07
4.411000000000000000e+03 -7.020991012603786046e-07
4.412000000000000000e+03 -7.062788417992892204e-07
4.413000000000000000e+03 -7.085367978392211249e-07
4.414000000000000000e+03 -7.088574235849500794e-07
4.415000000000000000e+03 -7.072374191937477553e-07
4.416000000000000000e+03 -7.036855759799504284e-07
4.417000000000000000e+03 -6.982226437019815396e-07
4.418000000000000000e+03 -6.908808718164871255e-07
4.419000000000000000e+03 -6.817035814283234283e-07
4.420000000000000000e+03 -6.707445968802124773e-07
4.421000000000000000e+03 -6.580675742364813320e-07
4.422000000000000000e+03 -6.437452606329504935e-07
4.423000000000000000e+03 -6.278586426234780388e-07
4.424000000000000000e+03 -6.104961958304037669e-07
4.425000000000000000e+03 -5.917529028127991910e-07
4.426000000000000000e+03 -5.717294145913871178e-07
4.427000000000000000e+03 -5.505311718486314636e-07
4.428000000000000000e+03 -5.282675541611570438e-07
4.429000000000000000e+03 -5.050510166191219169e-07
4.430000000000000000e+03 -4.809963225524649889e-07
4.431000000000000000e+03 -4.562197283478114325e-07
4.432000000000000000e+03 -4.308382976520510202e-07
4.433000000000000000e+03 -4.049693011955158620e-07
4.434000000000000000e+03 -3.787295392960060652e-07
4.435000000000000000e+03 -3.522347251357478945e-07
4.436000000000000000e+03 -3.255989807271909239e-07
4.437000000000000000e+03 -2.989343248454534485e-07
4.438000000000000000e+03 -2.723501231624145406e-07
4.439000000000000000e+03 -2.459526527665512519e-07
4.440000000000000000e+03 -2.198445464958024127e-07
4.441000000000000000e+03 -1.941242593602697526e-07
4.442000000000000000e+03 -1.688855224001984581e-07
4.443000000000000000e+03 -1.442167116014143144e-07
4.444000000000000000e+03 -1.202001915050206927e-07
4.445000000000000000e+03 -9.691172693912972774e-08
4.446000000000000000e+03 -7.441990817339799181e-08
4.447000000000000000e+03 -5.278563281948071461e-08
4.448000000000000000e+03 -3.206152278687683211e-08
4.449000000000000000e+03 -1.229149469008399329e-08
4.450000000000000000e+03 6.489576686034867320e-09
4.451000000000000000e+03 2.425620491193508110e-08
4.452000000000000000e+03 4.099242120038971720e-08
4.453000000000000000e+03 5.669193788038938807e-08
4.454000000000000000e+03 7.135808053470958076e-08
4.455000000000000000e+03 8.500364643468359488e-08
4.456000000000000000e+03 9.765073141845299901e-08
4.457000000000000000e+03 1.093302949106598997e-07
4.458000000000000000e+03 1.200818018599672948e-07
4.459000000000000000e+03 1.299525817440757893e-07
4.460000000000000000e+03 1.389970906751803312e-07
4.461000000000000000e+03 1.472762193913385936e-07
4.462000000000000000e+03 1.548564577643531453e-07
4.463000000000000000e+03 1.618090065454249347e-07
4.464000000000000000e+03 1.682088085251061503e-07
4.465000000000000000e+03 1.741334929865683900e-07
4.466000000000000000e+03 1.796622531379472851e-07
4.467000000000000000e+03 1.848747513380157928e-07
4.468000000000000000e+03 1.898498711142254680e-07
4.469000000000000000e+03 1.946645864855276334e-07
4.470000000000000000e+03 1.993927955585948972e-07
4.471000000000000000e+03 2.041042663010027113e-07
4.472000000000000000e+03 2.088636204073543518e-07
4.473000000000000000e+03 2.137295313690895128e-07
4.474000000000000000e+03 2.187539277297658691e-07
4.475000000000000000e+03 2.239814005402184174e-07
4.476000000000000000e+03 2.294486396807488582e-07
4.477000000000000000e+03 2.351840169954072870e-07
4.478000000000000000e+03 2.412071292971900215e-07
4.479000000000000000e+03 2.475285499875643665e-07
4.480000000000000000e+03 2.541496140020628019e-07
4.481000000000000000e+03 2.610621508707873511e-07
4.482000000000000000e+03 2.682483958581442571e-07
4.483000000000000000e+03 2.756809440036967966e-07
4.484000000000000000e+03 2.833227182670298743e-07
4.485000000000000000e+03 2.911271252374085521e-07
4.486000000000000000e+03 2.990382979813333821e-07
4.487000000000000000e+03 3.069914917005388441e-07
4.488000000000000000e+03 3.149134618572689304e-07
4.489000000000000000e+03 3.227231040920216635e-07
4.490000000000000000e+03 3.303321205692062280e-07
4.491000000000000000e+03 3.376458459131106475e-07
4.492000000000000000e+03 3.445642909602464783e-07
4.493000000000000000e+03 3.509831974990598352e-07
4.494000000000000000e+03 3.567952102904696805e-07
4.495000000000000000e+03 3.618910794571919259e-07
4.496000000000000000e+03 3.661610509832473215e-07
4.497000000000000000e+03 3.694961938111003545e-07
4.498000000000000000e+03 3.717897951943713703e-07
4.499000000000000000e+03 3.729387499224158798e-07
4.500000000000000000e+03 3.728450566691114722e-07
4.501000000000000000e+03 3.714171723720823419e-07
4.502000000000000000e+03 3.685713694835485182e-07
4.503000000000000000e+03 3.642330485014148829e-07
4.504000000000000000e+03 3.583378858586242445e-07
4.505000000000000000e+03 3.508329076906243256e-07
4.506000000000000000e+03 3.416774349405152444e-07
4.507000000000000000e+03 3.308438929581850043e-07
4.508000000000000000e+03 3.183184924414153286e-07
4.509000000000000000e+03 3.041016584364869394e-07
4.510000000000000000e+03 2.882083882538420500e-07
4.511000000000000000e+03 2.706683511797861062e-07
4.512000000000000000e+03 2.515258136345264976e-07
4.513000000000000000e+03 2.308394551519379670e-07
4.514000000000000000e+03 2.086820342630176860e-07
4.515000000000000000e+03 1.851398674261973291e-07
4.516000000000000000e+03 1.603121383723141368e-07
4.517000000000000000e+03 1.343101278943891304e-07
4.518000000000000000e+03 1.072564192747622437e-07
4.519000000000000000e+03 7.928391559106784235e-08
4.520000000000000000e+03 5.053483853048646809e-08
4.521000000000000000e+03 2.115963707753002645e-08
4.522000000000000000e+03 -8.684051514284285945e-09
4.523000000000000000e+03 -3.883261352790636925e-08
4.524000000000000000e+03 -6.911756493507955107e-08
4.525000000000000000e+03 -9.936662605271921042e-08
4.526000000000000000e+03 -1.294049070422918718e-07
4.527000000000000000e+03 -1.590560276063372165e-07
4.528000000000000000e+03 -1.881432158238905563e-07
4.529000000000000000e+03 -2.164904717712309791e-07
4.530000000000000000e+03 -2.439236303897091277e-07
4.531000000000000000e+03 -2.702714698181350741e-07
4.532000000000000000e+03 -2.953667739229445934e-07
4.533000000000000000e+03 -3.190473741528499457e-07
4.534000000000000000e+03 -3.411571181002072734e-07
4.535000000000000000e+03 -3.615468832475050130e-07
4.536000000000000000e+03 -3.800755226061600255e-07
4.537000000000000000e+03 -3.966106292731633158e-07
4.538000000000000000e+03 -4.110294095137438216e-07
4.539000000000000000e+03 -4.232193726721318657e-07
4.540000000000000000e+03 -4.330791074091328491e-07
4.541000000000000000e+03 -4.405189051912323273e-07
4.542000000000000000e+03 -4.454612794903905195e-07
4.543000000000000000e+03 -4.478414860087909406e-07
4.544000000000000000e+03 -4.476080160455469985e-07
4.545000000000000000e+03 -4.447229320254629447e-07
4.546000000000000000e+03 -4.391622017812455525e-07
4.547000000000000000e+03 -4.309159681771880514e-07
4.548000000000000000e+03 -4.199888305208535642e-07
4.549000000000000000e+03 -4.063999870779747747e-07
4.550000000000000000e+03 -3.901832094203581105e-07
4.551000000000000000e+03 -3.713867703813741245e-07
4.552000000000000000e+03 -3.500732758459570358e-07
4.553000000000000000e+03 -3.263192679796039410e-07
4.554000000000000000e+03 -3.002148065252523598e-07
4.555000000000000000e+03 -2.718629245401549945e-07
4.556000000000000000e+03 -2.413789750784036946e-07
4.557000000000000000e+03 -2.088899689197643076e-07
4.558000000000000000e+03 -1.745337343416117304e-07
4.559000000000000000e+03 -1.384581594439590075e-07
4.560000000000000000e+03 -1.008203201825353436e-07
4.561000000000000000e+03 -6.178566387683135784e-08
4.562000000000000000e+03 -2.152714792373156424e-08
4.563000000000000000e+03 1.977560168676477763e-08
4.564000000000000000e+03 6.193715789433529814e-08
4.565000000000000000e+03 1.047671149233828603e-07
4.566000000000000000e+03 1.480710704627114331e-07
4.567000000000000000e+03 1.916514351031614030e-07
4.568000000000000000e+03 2.353084744734189208e-07
4.569000000000000000e+03 2.788413574654352606e-07
4.570000000000000000e+03 3.220492985185845364e-07
4.571000000000000000e+03 3.647326833484959327e-07
4.572000000000000000e+03 4.066943192632117771e-07
4.573000000000000000e+03 4.477406415403613933e-07
4.574000000000000000e+03 4.876829742933187996e-07
4.575000000000000000e+03 5.263387784315846753e-07
4.576000000000000000e+03 5.635329710967302577e-07
4.577000000000000000e+03 5.990990968309934396e-07
4.578000000000000000e+03 6.328805463481037095e-07
4.579000000000000000e+03 6.647317599338564437e-07
4.580000000000000000e+03 6.945194120530116488e-07
4.581000000000000000e+03 7.221235609616379412e-07
4.582000000000000000e+03 7.474386819783798660e-07
4.583000000000000000e+03 7.703746339233377582e-07
4.584000000000000000e+03 7.908576548741119973e-07
4.585000000000000000e+03 8.088311537530799708e-07
4.586000000000000000e+03 8.242563746642088523e-07
4.587000000000000000e+03 8.371129084592088772e-07
4.588000000000000000e+03 8.473989651873502235e-07
4.589000000000000000e+03 8.551314704110993878e-07
4.590000000000000000e+03 8.603459146629372704e-07
4.591000000000000000e+03 8.630958881070877870e-07
4.592000000000000000e+03 8.634523355144970956e-07
4.593000000000000000e+03 8.615026558012773137e-07
4.594000000000000000e+03 8.573494091999283739e-07
4.595000000000000000e+03 8.511089241528190013e-07
4.596000000000000000e+03 8.429096620392768252e-07
4.597000000000000000e+03 8.328903747315856610e-07
4.598000000000000000e+03 8.211981939317100678e-07
4.599000000000000000e+03 8.079866529772944408e-07
4.600000000000000000e+03 7.934136715429313218e-07
4.601000000000000000e+03 7.776395517621606492e-07
4.602000000000000000e+03 7.608249736857606731e-07
4.603000000000000000e+03 7.431290609499821681e-07
4.604000000000000000e+03 7.247076282383440142e-07
4.605000000000000000e+03 7.057115986018972820e-07
4.606000000000000000e+03 6.862855575539831747e-07
4.607000000000000000e+03 6.665663543210830075e-07
4.608000000000000000e+03 6.466820896842356751e-07
4.609000000000000000e+03 6.267512284594883532e-07
4.610000000000000000e+03 6.068819652708890508e-07
4.611000000000000000e+03 5.871717634134103373e-07
4.612000000000000000e+03 5.677070872771470236e-07
4.613000000000000000e+03 5.485633816251885257e-07
4.614000000000000000e+03 5.298051871728839394e-07
4.615000000000000000e+03 5.114864375261086032e-07
4.616000000000000000e+03 4.936507498283229362e-07
4.617000000000000000e+03 4.763318864508605401e-07
4.618000000000000000e+03 4.595541839605331807e-07
4.619000000000000000e+03 4.433330795362270042e-07
4.620000000000000000e+03 4.276757003224940250e-07
4.621000000000000000e+03 4.125813931449595542e-07
4.622000000000000000e+03 3.980422873372524881e-07
4.623000000000000000e+03 3.840438238990427695e-07
4.624000000000000000e+03 3.705653029764664838e-07
4.625000000000000000e+03 3.575805292564752399e-07
4.626000000000000000e+03 3.450582279135772003e-07
4.627000000000000000e+03 3.329626631851428835e-07
4.628000000000000000e+03 3.212541396784868644e-07
4.629000000000000000e+03 3.098895051942868938e-07
4.630000000000000000e+03 2.988227717365825160e-07
4.631000000000000000e+03 2.880054539083154825e-07
4.632000000000000000e+03 2.773871687864582015e-07
4.633000000000000000e+03 2.669162031043415430e-07
4.634000000000000000e+03 2.565400738815268748e-07
4.635000000000000000e+03 2.462061405232234808e-07
4.636000000000000000e+03 2.358622278977875064e-07
4.637000000000000000e+03 2.254572585068074613e-07
4.638000000000000000e+03 2.149419221665565104e-07
4.639000000000000000e+03 2.042693617961604133e-07
4.640000000000000000e+03 1.933957761659371175e-07
4.641000000000000000e+03 1.822809461922049896e-07
4.642000000000000000e+03 1.708887998656606324e-07
4.643000000000000000e+03 1.591879366382607549e-07
4.644000000000000000e+03 1.471520300244298821e-07
4.645000000000000000e+03 1.347601378076456151e-07
4.646000000000000000e+03 1.219969731453134372e-07
4.647000000000000000e+03 1.088529508829683789e-07
4.648000000000000000e+03 9.532439076726052153e-08
4.649000000000000000e+03 8.141353479466437494e-08
4.650000000000000000e+03 6.712834479952146083e-08
4.651000000000000000e+03 5.248235703050774219e-08
4.652000000000000000e+03 3.749440927950505635e-08
4.653000000000000000e+03 2.218836192013454005e-08
4.654000000000000000e+03 6.592562550446158285e-09
4.655000000000000000e+03 -9.260653272387486599e-09
4.656000000000000000e+03 -2.533554050839130738e-08
4.657000000000000000e+03 -4.159370452450065484e-08
4.658000000000000000e+03 -5.799470150459572944e-08
4.659000000000000000e+03 -7.449682985176184987e-08
4.660000000000000000e+03 -9.105792418847565303e-08
4.661000000000000000e+03 -1.076360532934280473e-07
4.662000000000000000e+03 -1.241902744252422407e-07
4.663000000000000000e+03 -1.406813012524542202e-07
4.664000000000000000e+03 -1.570721342591870542e-07
4.665000000000000000e+03 -1.733286196360897389e-07
4.666000000000000000e+03 -1.894199562053640751e-07
4.667000000000000000e+03 -2.053189474519782696e-07
4.668000000000000000e+03 -2.210023464843397328e-07
4.669000000000000000e+03 -2.364509929606729802e-07
4.670000000000000000e+03 -2.516497466997390382e-07
4.671000000000000000e+03 -2.665874606081134388e-07
4.672000000000000000e+03 -2.812567683333177820e-07
4.673000000000000000e+03 -2.956537860774761975e-07
4.674000000000000000e+03 -3.097776256441439122e-07
4.675000000000000000e+03 -3.236299563879993690e-07
4.676000000000000000e+03 -3.372144699614053165e-07
4.677000000000000000e+03 -3.505363561681272825e-07
4.678000000000000000e+03 -3.636016930791415180e-07
4.679000000000000000e+03 -3.764168454819285756e-07
4.680000000000000000e+03 -3.889879292674759013e-07
4.681000000000000000e+03 -4.013201939325158382e-07
4.682000000000000000e+03 -4.134173632120344443e-07
4.683000000000000000e+03 -4.252811667162204098e-07
4.684000000000000000e+03 -4.369108135053506532e-07
4.685000000000000000e+03 -4.483025816969260065e-07
4.686000000000000000e+03 -4.594494255982473865e-07
4.687000000000000000e+03 -4.703406244148752043e-07
4.688000000000000000e+03 -4.809616553911093718e-07
4.689000000000000000e+03 -4.912939574766628757e-07
4.690000000000000000e+03 -5.013149034402656286e-07
4.691000000000000000e+03 -5.109978432875413949e-07
4.692000000000000000e+03 -5.203122355992289450e-07
4.693000000000000000e+03 -5.292238379902405089e-07
4.694000000000000000e+03 -5.376949721276104130e-07
4.695000000000000000e+03 -5.456849806263120026e-07
4.696000000000000000e+03 -5.531505512740936549e-07
4.697000000000000000e+03 -5.600462549290712704e-07
4.698000000000000000e+03 -5.663250328698856257e-07
4.699000000000000000e+03 -5.719389059741765861e-07
4.700000000000000000e+03 -5.768394509111847733e-07
4.701000000000000000e+03 -5.809784532396590835e-07
4.702000000000000000e+03 -5.843085436948430746e-07
4.703000000000000000e+03 -5.867837295388772705e-07
4.704000000000000000e+03 -5.883600373547185891e-07
4.705000000000000000e+03 -5.889962105012682844e-07
4.706000000000000000e+03 -5.886541576396191543e-07
4.707000000000000000e+03 -5.872994922360528705e-07
4.708000000000000000e+03 -5.849020406972055160e-07
4.709000000000000000e+03 -5.814362954220695336e-07
4.710000000000000000e+03 -5.768818208188594130e-07
4.711000000000000000e+03 -5.712237261999202290e-07
4.712000000000000000e+03 -5.644529546968546118e-07
4.713000000000000000e+03 -5.565666177020903870e-07
4.714000000000000000e+03 -5.475683000052844795e-07
4.715000000000000000e+03 -5.374682534632150783e-07
4.716000000000000000e+03 -5.262835213315538806e-07
4.717000000000000000e+03 -5.140380015578480282e-07
4.718000000000000000e+03 -5.007624305890913167e-07
4.719000000000000000e+03 -4.864941758611769828e-07
4.720000000000000000e+03 -4.712770153735243709e-07
4.721000000000000000e+03 -4.551609016210033104e-07
4.722000000000000000e+03 -4.382016567278471181e-07
4.723000000000000000e+03 -4.204606300935868737e-07
4.724000000000000000e+03 -4.020043174724000846e-07
4.725000000000000000e+03 -3.829040848942189416e-07
4.726000000000000000e+03 -3.632357536196070510e-07
4.727000000000000000e+03 -3.430792042501512724e-07
4.728000000000000000e+03 -3.225179160274159315e-07
4.729000000000000000e+03 -3.016383428456654265e-07
4.730000000000000000e+03 -2.805292713952357249e-07
4.731000000000000000e+03 -2.592810793822480486e-07
4.732000000000000000e+03 -2.379849924672545227e-07
4.733000000000000000e+03 -2.167322773703320263e-07
4.734000000000000000e+03 -1.956133494828599872e-07
4.735000000000000000e+03 -1.747170493920718920e-07
4.736000000000000000e+03 -1.541298661761489532e-07
4.737000000000000000e+03 -1.339352438927907218e-07
4.738000000000000000e+03 -1.142129716557793192e-07
4.739000000000000000e+03 -9.503868764964650147e-08
4.740000000000000000e+03 -7.648335906890506086e-08
4.741000000000000000e+03 -5.861294748742026202e-08
4.742000000000000000e+03 -4.148816347285128197e-08
4.743000000000000000e+03 -2.516437699249718128e-08
4.744000000000000000e+03 -9.691625685661073720e-09
4.745000000000000000e+03 4.885225667687772147e-09
4.746000000000000000e+03 1.852637648682283996e-08
4.747000000000000000e+03 3.119680189958653484e-08
4.748000000000000000e+03 4.286610510425228431e-08
4.749000000000000000e+03 5.350807328661424269e-08
4.750000000000000000e+03 6.310040427874269976e-08
4.751000000000000000e+03 7.162433327794358832e-08
4.752000000000000000e+03 7.906425936531333153e-08
4.753000000000000000e+03 8.540739620083889577e-08
4.754000000000000000e+03 9.064335116216935713e-08
4.755000000000000000e+03 9.476366884552372061e-08
4.756000000000000000e+03 9.776152378705953613e-08
4.757000000000000000e+03 9.963140179365958743e-08
4.758000000000000000e+03 1.003688619200775372e-07
4.759000000000000000e+03 9.997037970174327795e-08
4.760000000000000000e+03 9.843311941353254947e-08
4.761000000000000000e+03 9.575499354314506815e-08
4.762000000000000000e+03 9.193479968623576724e-08
4.763000000000000000e+03 8.697243156210761528e-08
4.764000000000000000e+03 8.086909135776336424e-08
4.765000000000000000e+03 7.362771187482699649e-08
4.766000000000000000e+03 6.525346916371437188e-08
4.767000000000000000e+03 5.575423237719208822e-08
4.768000000000000000e+03 4.514119778930382730e-08
4.769000000000000000e+03 3.342945132476436581e-08
4.770000000000000000e+03 2.063847415563465244e-08
4.771000000000000000e+03 6.792754187239014621e-09
4.772000000000000000e+03 -8.077611478335332272e-09
4.773000000000000000e+03 -2.393645869047754877e-08
4.774000000000000000e+03 -4.074122495618367675e-08
4.775000000000000000e+03 -5.844263111467455049e-08
4.776000000000000000e+03 -7.698444474301169530e-08
4.777000000000000000e+03 -9.630326952916224294e-08
4.778000000000000000e+03 -1.163284969600717510e-07
4.779000000000000000e+03 -1.369823089819438892e-07
4.780000000000000000e+03 -1.581798118142580995e-07
4.781000000000000000e+03 -1.798292394247711761e-07
4.782000000000000000e+03 -2.018322304428561590e-07
4.783000000000000000e+03 -2.240842723516713945e-07
4.784000000000000000e+03 -2.464751682242085250e-07
4.785000000000000000e+03 -2.688895366658605725e-07
4.786000000000000000e+03 -2.912074413829319553e-07
4.787000000000000000e+03 -3.133050563734392009e-07
4.788000000000000000e+03 -3.350553705601075479e-07
4.789000000000000000e+03 -3.563290695369339995e-07
4.790000000000000000e+03 -3.769953130304081047e-07
4.791000000000000000e+03 -3.969225357807918150e-07
4.792000000000000000e+03 -4.159793468428088534e-07
4.793000000000000000e+03 -4.340354109825558499e-07
4.794000000000000000e+03 -4.509622307271799018e-07
4.795000000000000000e+03 -4.666339630890581752e-07
4.796000000000000000e+03 -4.809282149803841886e-07
4.797000000000000000e+03 -4.937269126810947820e-07
4.798000000000000000e+03 -5.049170410579036064e-07
4.799000000000000000e+03 -5.143914176541888444e-07
4.800000000000000000e+03 -5.220494493443341984e-07
4.801000000000000000e+03 -5.277978498957732154e-07
4.802000000000000000e+03 -5.315513300764178027e-07
4.803000000000000000e+03 -5.332332560632001689e-07
4.804000000000000000e+03 -5.327763947696712367e-07
4.805000000000000000e+03 -5.301234662382331099e-07
4.806000000000000000e+03 -5.252277528398909212e-07
4.807000000000000000e+03 -5.180536270609880512e-07
4.808000000000000000e+03 -5.085770507347108309e-07
4.809000000000000000e+03 -4.967859424934526890e-07
4.810000000000000000e+03 -4.826804831128680767e-07
4.811000000000000000e+03 -4.662734645958382574e-07
4.812000000000000000e+03 -4.475903914329988903e-07
4.813000000000000000e+03 -4.266695274261439432e-07
4.814000000000000000e+03 -4.035618653007332618e-07
4.815000000000000000e+03 -3.783310099665068726e-07
4.816000000000000000e+03 -3.510529504472692007e-07
4.817000000000000000e+03 -3.218157281410881279e-07
4.818000000000000000e+03 -2.907190179184090053e-07
4.819000000000000000e+03 -2.578737761360341844e-07
4.820000000000000000e+03 -2.234016015543095436e-07
4.821000000000000000e+03 -1.874341818060566473e-07
4.822000000000000000e+03 -1.501126237976183665e-07
4.823000000000000000e+03 -1.115868859482035402e-07
4.824000000000000000e+03 -7.201498144166912808e-08
4.825000000000000000e+03 -3.156220067021994726e-08
4.826000000000000000e+03 9.599645137675308456e-09
4.827000000000000000e+03 5.129302421716399032e-08
4.828000000000000000e+03 9.333555055984672256e-08
4.829000000000000000e+03 1.355408354090973453e-07
4.830000000000000000e+03 1.777194368312002320e-07
4.831000000000000000e+03 2.196797550273971520e-07
4.832000000000000000e+03 2.612291285964045576e-07
4.833000000000000000e+03 3.021748470951386002e-07
4.834000000000000000e+03 3.423250870148854272e-07
4.835000000000000000e+03 3.814899357710020383e-07
4.836000000000000000e+03 4.194825945110003471e-07
4.837000000000000000e+03 4.561204220458442086e-07
4.838000000000000000e+03 4.912259456799683442e-07
4.839000000000000000e+03 5.246279804181600338e-07
4.840000000000000000e+03 5.561626289233173987e-07
4.841000000000000000e+03 5.856743111664810936e-07
4.842000000000000000e+03 6.130167241708514100e-07
4.843000000000000000e+03 6.380537747913311123e-07
4.844000000000000000e+03 6.606605258383286644e-07
4.845000000000000000e+03 6.807240706258406334e-07
4.846000000000000000e+03 6.981443426383001577e-07
4.847000000000000000e+03 7.128349933947348942e-07
4.848000000000000000e+03 7.247241334041628339e-07
4.849000000000000000e+03 7.337551039930539609e-07
4.850000000000000000e+03 7.398870902337310875e-07
4.851000000000000000e+03 7.430956670749949029e-07
4.852000000000000000e+03 7.433731824125888690e-07
4.853000000000000000e+03 7.407289638777986528e-07
4.854000000000000000e+03 7.351893137837884417e-07
4.855000000000000000e+03 7.267972824463718151e-07
4.856000000000000000e+03 7.156122031290484186e-07
4.857000000000000000e+03 7.017089886235190411e-07
4.858000000000000000e+03 6.851773925556844912e-07
4.859000000000000000e+03 6.661210905590915300e-07
4.860000000000000000e+03 6.446564335056830979e-07
4.861000000000000000e+03 6.209113421585442557e-07
4.862000000000000000e+03 5.950240607981824934e-07
4.863000000000000000e+03 5.671419016846812906e-07
4.864000000000000000e+03 5.374199837616949026e-07
4.865000000000000000e+03 5.060200060275457723e-07
4.866000000000000000e+03 4.731091860063712672e-07
4.867000000000000000e+03 4.388591013484669407e-07
4.868000000000000000e+03 4.034447647003491694e-07
4.869000000000000000e+03 3.670437954876168948e-07
4.870000000000000000e+03 3.298355938688297476e-07
4.871000000000000000e+03 2.920005216798757115e-07
4.872000000000000000e+03 2.537192911470528015e-07
4.873000000000000000e+03 2.151723029523897636e-07
4.874000000000000000e+03 1.765389574966101954e-07
4.875000000000000000e+03 1.379970048830381501e-07
4.876000000000000000e+03 9.972188099294907572e-08
4.877000000000000000e+03 6.188604910132297598e-08
4.878000000000000000e+03 2.465827143604977716e-08
4.879000000000000000e+03 -1.179701085504940726e-08
4.880000000000000000e+03 -4.732037265271641817e-08
4.881000000000000000e+03 -8.175806467626240033e-08
4.882000000000000000e+03 -1.149625919169155283e-07
4.883000000000000000e+03 -1.467932887927356691e-07
4.884000000000000000e+03 -1.771168295003109147e-07
4.885000000000000000e+03 -2.058077607321114232e-07
4.886000000000000000e+03 -2.327490295586705739e-07
4.887000000000000000e+03 -2.578324219990134955e-07
4.888000000000000000e+03 -2.809589898300736349e-07
4.889000000000000000e+03 -3.020395028339278290e-07
4.890000000000000000e+03 -3.209948010039597892e-07
4.891000000000000000e+03 -3.377561855948272525e-07
4.892000000000000000e+03 -3.522657078677036301e-07
4.893000000000000000e+03 -3.644764754666999239e-07
4.894000000000000000e+03 -3.743528215223063792e-07
4.895000000000000000e+03 -3.818704964334184643e-07
4.896000000000000000e+03 -3.870168653671306986e-07
4.897000000000000000e+03 -3.897909475832428984e-07
4.898000000000000000e+03 -3.902034319070244182e-07
4.899000000000000000e+03 -3.882765857078186685e-07
4.900000000000000000e+03 -3.840441725633693254e-07
4.901000000000000000e+03 -3.775511341054580108e-07
4.902000000000000000e+03 -3.688530957872371606e-07
4.903000000000000000e+03 -3.580159660377294980e-07
4.904000000000000000e+03 -3.451152935883357785e-07
4.905000000000000000e+03 -3.302356964961479364e-07
4.906000000000000000e+03 -3.134702375928152516e-07
4.907000000000000000e+03 -2.949197858630697269e-07
4.908000000000000000e+03 -2.746923852361401887e-07
4.909000000000000000e+03 -2.529027375602411145e-07
4.910000000000000000e+03 -2.296715842556278134e-07
4.911000000000000000e+03 -2.051251900416008385e-07
4.912000000000000000e+03 -1.793948938494469994e-07
4.913000000000000000e+03 -1.526166229122759790e-07
4.914000000000000000e+03 -1.249303483932394524e-07
4.915000000000000000e+03 -9.647964556416244020e-08
4.916000000000000000e+03 -6.741119581299687367e-08
4.917000000000000000e+03 -3.787418648981785707e-08
4.918000000000000000e+03 -8.019734388637960979e-09
4.919000000000000000e+03 2.199961749136873158e-08
4.920000000000000000e+03 5.203061444031487129e-08
4.921000000000000000e+03 8.191995156138273508e-08
4.922000000000000000e+03 1.115150115033821811e-07
4.923000000000000000e+03 1.406646800056773176e-07
4.924000000000000000e+03 1.692202214253428191e-07
4.925000000000000000e+03 1.970361415472643346e-07
4.926000000000000000e+03 2.239711386370509768e-07
4.927000000000000000e+03 2.498890698756180136e-07
4.928000000000000000e+03 2.746598955795767772e-07
4.929000000000000000e+03 2.981606840665059672e-07
4.930000000000000000e+03 3.202765549890063100e-07
4.931000000000000000e+03 3.409015772070423727e-07
4.932000000000000000e+03 3.599396042628936409e-07
4.933000000000000000e+03 3.773052912361504029e-07
4.934000000000000000e+03 3.929247851384121126e-07
4.935000000000000000e+03 4.067363643507437375e-07
4.936000000000000000e+03 4.186910466572636675e-07
4.937000000000000000e+03 4.287530002995249862e-07
4.938000000000000000e+03 4.368997734696963113e-07
4.939000000000000000e+03 4.431224174045329230e-07
4.940000000000000000e+03 4.474253988680178303e-07
4.941000000000000000e+03 4.498263875480691960e-07
4.942000000000000000e+03 4.503558684753552709e-07
4.943000000000000000e+03 4.490567175851952917e-07
4.944000000000000000e+03 4.459835801642402082e-07
4.945000000000000000e+03 4.412022475885626483e-07
4.946000000000000000e+03 4.347889540271366146e-07
4.947000000000000000e+03 4.268295922216136969e-07
4.948000000000000000e+03 4.174190098532013522e-07
4.949000000000000000e+03 4.066600180132105663e-07
4.950000000000000000e+03 3.946626418257235700e-07
4.951000000000000000e+03 3.815432302297508358e-07
4.952000000000000000e+03 3.674236598291306170e-07
4.953000000000000000e+03 3.524304660506403243e-07
4.954000000000000000e+03 3.366939054511007468e-07
4.955000000000000000e+03 3.203471710380307616e-07
4.956000000000000000e+03 3.035254359461839534e-07
4.957000000000000000e+03 2.863650163020747283e-07
4.958000000000000000e+03 2.690024762895257298e-07
4.959000000000000000e+03 2.515737126330868649e-07
4.960000000000000000e+03 2.342130043630911504e-07
4.961000000000000000e+03 2.170521965252310486e-07
4.962000000000000000e+03 2.002198084088631152e-07
4.963000000000000000e+03 1.838401325904235081e-07
4.964000000000000000e+03 1.680324888836116437e-07
4.965000000000000000e+03 1.529103601417196695e-07
4.966000000000000000e+03 1.385807156019007525e-07
4.967000000000000000e+03 1.251433680890779378e-07
4.968000000000000000e+03 1.126902652054709961e-07
4.969000000000000000e+03 1.013049850346544784e-07
4.970000000000000000e+03 9.106224348099007425e-08
4.971000000000000000e+03 8.202741646403691269e-08
4.972000000000000000e+03 7.425627638888561956e-08
4.973000000000000000e+03 6.779468758362609106e-08
4.974000000000000000e+03 6.267831999242903084e-08
4.975000000000000000e+03 5.893256516247559612e-08
4.976000000000000000e+03 5.657250284689132714e-08
4.977000000000000000e+03 5.560292432070072987e-08
4.978000000000000000e+03 5.601853399434813683e-08
4.979000000000000000e+03 5.780416576247545698e-08
4.980000000000000000e+03 6.093519907080989300e-08
4.981000000000000000e+03 6.537795091314899941e-08
4.982000000000000000e+03 7.109009945747018481e-08
4.983000000000000000e+03 7.802120680414609464e-08
4.984000000000000000e+03 8.611331703965757639e-08
4.985000000000000000e+03 9.530154657219854536e-08
4.986000000000000000e+03 1.055147261914165562e-07
4.987000000000000000e+03 1.166760280527328577e-07
4.988000000000000000e+03 1.287035714259720663e-07
4.989000000000000000e+03 1.415110803547614078e-07
4.990000000000000000e+03 1.550084460445848603e-07
4.991000000000000000e+03 1.691023704128124586e-07
4.992000000000000000e+03 1.836968499126495343e-07
4.993000000000000000e+03 1.986938202928954975e-07
4.994000000000000000e+03 2.139936566691429521e-07
4.995000000000000000e+03 2.294956718165289120e-07
4.996000000000000000e+03 2.450986861005738226e-07
4.997000000000000000e+03 2.607015043427598245e-07
4.998000000000000000e+03 2.762033667022700726e-07
4.999000000000000000e+03 2.915044052282933532e-07
5.000000000000000000e+03 3.065061441122602392e-07
5.001000000000000000e+03 3.211116948631112196e-07
5.002000000000000000e+03 3.352261655777703086e-07
5.003000000000000000e+03 3.487568383015982292e-07
5.004000000000000000e+03 3.616133071822139911e-07
5.005000000000000000e+03 3.737076226496638205e-07
5.006000000000000000e+03 3.849543298572826245e-07
5.007000000000000000e+03 3.952705495267434241e-07
5.008000000000000000e+03 4.045760464246244363e-07
5.009000000000000000e+03 4.127933607754570137e-07
5.010000000000000000e+03 4.198478984632208675e-07
5.011000000000000000e+03 4.256680612295072629e-07
5.012000000000000000e+03 4.301854342539348360e-07
5.013000000000000000e+03 4.333350614553684247e-07
5.014000000000000000e+03 4.350557564129688916e-07
5.015000000000000000e+03 4.352904709109234113e-07
5.016000000000000000e+03 4.339867415512390039e-07
5.017000000000000000e+03 4.310970885189921353e-07
5.018000000000000000e+03 4.265794770063207262e-07
5.019000000000000000e+03 4.203977835792970398e-07
5.020000000000000000e+03 4.125223196306209911e-07
5.021000000000000000e+03 4.029302624705599619e-07
5.022000000000000000e+03 3.916061488633926478e-07
5.023000000000000000e+03 3.785424188294339684e-07
5.024000000000000000e+03 3.637398566077784928e-07
5.025000000000000000e+03 3.472080607060434667e-07
5.026000000000000000e+03 3.289657934131785417e-07
5.027000000000000000e+03 3.090412753188115937e-07
5.028000000000000000e+03 2.874724210644215806e-07
5.029000000000000000e+03 2.643068417816169546e-07
5.030000000000000000e+03 2.396018104614494704e-07
5.031000000000000000e+03 2.134240326092696900e-07
5.032000000000000000e+03 1.858492291147051444e-07
5.033000000000000000e+03 1.569616218198828426e-07
5.034000000000000000e+03 1.268533780366399710e-07
5.035000000000000000e+03 9.562391008021927528e-08
5.036000000000000000e+03 6.337904184990999172e-08
5.037000000000000000e+03 3.023023663364329438e-08
5.038000000000000000e+03 -3.706281185220634662e-09
5.039000000000000000e+03 -3.831043407292993676e-08
5.040000000000000000e+03 -7.345913723074011633e-08
5.041000000000000000e+03 -1.090272138936744915e-07
5.042000000000000000e+03 -1.448883045816450951e-07
5.043000000000000000e+03 -1.809157958803845265e-07
5.044000000000000000e+03 -2.169835846483279703e-07
5.045000000000000000e+03 -2.529669330178563675e-07
5.046000000000000000e+03 -2.887432272256098557e-07
5.047000000000000000e+03 -3.241926191109249112e-07
5.048000000000000000e+03 -3.591986890337967165e-07
5.049000000000000000e+03 -3.936490703020782029e-07
5.050000000000000000e+03 -4.274359193716346872e-07
5.051000000000000000e+03 -4.604563234804218785e-07
5.052000000000000000e+03 -4.926127168953972786e-07
5.053000000000000000e+03 -5.238132902629946244e-07
5.054000000000000000e+03 -5.539722690569837201e-07
5.055000000000000000e+03 -5.830101647517396132e-07
5.056000000000000000e+03 -6.108540666027958405e-07
5.057000000000000000e+03 -6.374379649327159367e-07
5.058000000000000000e+03 -6.627030171943617257e-07
5.059000000000000000e+03 -6.865976431770102391e-07
5.060000000000000000e+03 -7.090778175630941787e-07
5.061000000000000000e+03 -7.301071793389213891e-07
5.062000000000000000e+03 -7.496571991371233659e-07
5.063000000000000000e+03 -7.677072280520506379e-07
5.064000000000000000e+03 -7.842444903585393804e-07
5.065000000000000000e+03 -7.992639676693296325e-07
5.066000000000000000e+03 -8.127682474846130512e-07
5.067000000000000000e+03 -8.247672440795376655e-07
5.068000000000000000e+03 -8.352778335687406164e-07
5.069000000000000000e+03 -8.443233422286774876e-07
5.070000000000000000e+03 -8.519329724332785420e-07
5.071000000000000000e+03 -8.581410693722068109e-07
5.072000000000000000e+03 -8.629864969627399459e-07
5.073000000000000000e+03 -8.665120088181991249e-07
5.074000000000000000e+03 -8.687635186573149924e-07
5.075000000000000000e+03 -8.697894352141366229e-07
5.076000000000000000e+03 -8.696402075699360251e-07
5.077000000000000000e+03 -8.683677449667569335e-07
5.078000000000000000e+03 -8.660250246220222267e-07
5.079000000000000000e+03 -8.626658212672793567e-07
5.080000000000000000e+03 -8.583443244288220337e-07
5.081000000000000000e+03 -8.531149507234287681e-07
5.082000000000000000e+03 -8.470320773410976256e-07
5.083000000000000000e+03 -8.401497881167341510e-07
5.084000000000000000e+03 -8.325215781152943128e-07
5.085000000000000000e+03 -8.242001849296724604e-07
5.086000000000000000e+03 -8.152374410227653021e-07
5.087000000000000000e+03 -8.056839258479047519e-07
5.088000000000000000e+03 -7.955887814206486493e-07
5.089000000000000000e+03 -7.849995246409983986e-07
5.090000000000000000e+03 -7.739617701425014796e-07
5.091000000000000000e+03 -7.625190102242013991e-07
5.092000000000000000e+03 -7.507123805820021427e-07
5.093000000000000000e+03 -7.385803953027748290e-07
5.094000000000000000e+03 -7.261585715035133256e-07
5.095000000000000000e+03 -7.134791951788512700e-07
5.096000000000000000e+03 -7.005710423354077893e-07
5.097000000000000000e+03 -6.874590594935832681e-07
5.098000000000000000e+03 -6.741641827638589963e-07
5.099000000000000000e+03 -6.607031237614453301e-07
5.100000000000000000e+03 -6.470882113746313716e-07
5.101000000000000000e+03 -6.333273149541325522e-07
5.102000000000000000e+03 -6.194236338720454271e-07
5.103000000000000000e+03 -6.053756592197061201e-07
5.104000000000000000e+03 -5.911773584748869856e-07
5.105000000000000000e+03 -5.768181095273542118e-07
5.106000000000000000e+03 -5.622831365128563441e-07
5.107000000000000000e+03 -5.475536773416846739e-07
5.108000000000000000e+03 -5.326074309320468358e-07
5.109000000000000000e+03 -5.174190062915379717e-07
5.110000000000000000e+03 -5.019603342807946217e-07
5.111000000000000000e+03 -4.862012175840918647e-07
5.112000000000000000e+03 -4.701096736033813761e-07
5.113000000000000000e+03 -4.536524246803380751e-07
5.114000000000000000e+03 -4.367952882089753635e-07
5.115000000000000000e+03 -4.195034954513555251e-07
5.116000000000000000e+03 -4.017421076006381198e-07
5.117000000000000000e+03 -3.834762933980029839e-07
5.118000000000000000e+03 -3.646715978270074657e-07
5.119000000000000000e+03 -3.452942375345537655e-07
5.120000000000000000e+03 -3.253113842626506601e-07
5.121000000000000000e+03 -3.046915312710577485e-07
5.122000000000000000e+03 -2.834049610251596378e-07
5.123000000000000000e+03 -2.614242487523202362e-07
5.124000000000000000e+03 -2.387248674362129508e-07
5.125000000000000000e+03 -2.152858633126749785e-07
5.126000000000000000e+03 -1.910906161663091326e-07
5.127000000000000000e+03 -1.661275569766017453e-07
5.128000000000000000e+03 -1.403908681524718603e-07
5.129000000000000000e+03 -1.138811250590748067e-07
5.130000000000000000e+03 -8.660594801842293819e-08
5.131000000000000000e+03 -5.858044280030145902e-08
5.132000000000000000e+03 -2.982778108452156693e-08
5.133000000000000000e+03 -3.794136587246771310e-10
5.134000000000000000e+03 2.972469368275920994e-08
5.135000000000000000e+03 6.043598749217784295e-08
5.136000000000000000e+03 9.169740491854718481e-08
5.137000000000000000e+03 1.234436516210866519e-07
5.138000000000000000e+03 1.556016964281374635e-07
5.139000000000000000e+03 1.880913210857125474e-07
5.140000000000000000e+03 2.208258791902042189e-07
5.141000000000000000e+03 2.537130704319171670e-07
5.142000000000000000e+03 2.866558366024021923e-07
5.143000000000000000e+03 3.195533192580894520e-07
5.144000000000000000e+03 3.523019150822338328e-07
5.145000000000000000e+03 3.847961503484146298e-07
5.146000000000000000e+03 4.169296581906100396e-07
5.147000000000000000e+03 4.485960482112650430e-07
5.148000000000000000e+03 4.796896535726586348e-07
5.149000000000000000e+03 5.101063653503592991e-07
5.150000000000000000e+03 5.397441902229002074e-07
5.151000000000000000e+03 5.685039178552886165e-07
5.152000000000000000e+03 5.962895741655225110e-07
5.153000000000000000e+03 6.230088240629616933e-07
5.154000000000000000e+03 6.485732597306098635e-07
5.155000000000000000e+03 6.728985869828361543e-07
5.156000000000000000e+03 6.959046727348519945e-07
5.157000000000000000e+03 7.175156979198220786e-07
5.158000000000000000e+03 7.376602941176139230e-07
5.159000000000000000e+03 7.562714962876330217e-07
5.160000000000000000e+03 7.732868558663234191e-07
5.161000000000000000e+03 7.886484628635617271e-07
5.162000000000000000e+03 8.023032242966109001e-07
5.163000000000000000e+03 8.142029503600514504e-07
5.164000000000000000e+03 8.243046558457108754e-07
5.165000000000000000e+03 8.325708272880227861e-07
5.166000000000000000e+03 8.389697129332404288e-07
5.167000000000000000e+03 8.434756871311006408e-07
5.168000000000000000e+03 8.460695975811948057e-07
5.169000000000000000e+03 8.467391338206901717e-07
5.170000000000000000e+03 8.454792247009076029e-07
5.171000000000000000e+03 8.422924236661911038e-07
5.172000000000000000e+03 8.371891884140113481e-07
5.173000000000000000e+03 8.301879640284188792e-07
5.174000000000000000e+03 8.213154324188100921e-07
5.175000000000000000e+03 8.106065433215219910e-07
5.176000000000000000e+03 7.981044309593396783e-07
5.177000000000000000e+03 7.838604286367427741e-07
5.178000000000000000e+03 7.679339326700455628e-07
5.179000000000000000e+03 7.503920739884118389e-07
5.180000000000000000e+03 7.313094788650294998e-07
5.181000000000000000e+03 7.107678289575025743e-07
5.182000000000000000e+03 6.888554197492185828e-07
5.183000000000000000e+03 6.656666565380968410e-07
5.184000000000000000e+03 6.413016800303225732e-07
5.185000000000000000e+03 6.158657632007768826e-07
5.186000000000000000e+03 5.894690160862068586e-07
5.187000000000000000e+03 5.622258142414045305e-07
5.188000000000000000e+03 5.342544043031362542e-07
5.189000000000000000e+03 5.056764668389265814e-07
5.190000000000000000e+03 4.766166798583781718e-07
5.191000000000000000e+03 4.472022267742391036e-07
5.192000000000000000e+03 4.175622422478896132e-07
5.193000000000000000e+03 3.878272283210352832e-07
5.194000000000000000e+03 3.581282405813655760e-07
5.195000000000000000e+03 3.285962029708673159e-07
5.196000000000000000e+03 2.993610687562945542e-07
5.197000000000000000e+03 2.705509109868034582e-07
5.198000000000000000e+03 2.422910977340509183e-07
5.199000000000000000e+03 2.147033900864261056e-07
5.200000000000000000e+03 1.879049689114958906e-07
5.201000000000000000e+03 1.620078367170341334e-07
5.202000000000000000e+03 1.371180326971595539e-07
5.203000000000000000e+03 1.133350885793774482e-07
5.204000000000000000e+03 9.075141308435493168e-08
5.205000000000000000e+03 6.945194908390740710e-08
5.206000000000000000e+03 4.951384985581868140e-08
5.207000000000000000e+03 3.100623551205028822e-08
5.208000000000000000e+03 1.399016689331393399e-08
5.209000000000000000e+03 -1.481443997458345332e-09
5.210000000000000000e+03 -1.536379692837839058e-08
5.211000000000000000e+03 -2.762021102205141711e-08
5.212000000000000000e+03 -3.822192141622424890e-08
5.213000000000000000e+03 -4.714794979119208184e-08
5.214000000000000000e+03 -5.438500310417209348e-08
5.215000000000000000e+03 -5.992735751998280856e-08
5.216000000000000000e+03 -6.377679716195997283e-08
5.217000000000000000e+03 -6.594247741905385969e-08
5.218000000000000000e+03 -6.644084084570696461e-08
5.219000000000000000e+03 -6.529560063963351160e-08
5.220000000000000000e+03 -6.253771869389030029e-08
5.221000000000000000e+03 -5.820536561739942140e-08
5.222000000000000000e+03 -5.234380989733702703e-08
5.223000000000000000e+03 -4.500550187500677535e-08
5.224000000000000000e+03 -3.624988823736178730e-08
5.225000000000000000e+03 -2.614347464338417753e-08
5.226000000000000000e+03 -1.475973498733812903e-08
5.227000000000000000e+03 -2.179029002938600654e-09
5.228000000000000000e+03 1.151142351049133418e-08
5.229000000000000000e+03 2.621760718622779429e-08
5.230000000000000000e+03 4.183887991846559757e-08
5.231000000000000000e+03 5.826820146837779086e-08
5.232000000000000000e+03 7.539239543924536714e-08
5.233000000000000000e+03 9.309251037406263484e-08
5.234000000000000000e+03 1.112444013676968821e-07
5.235000000000000000e+03 1.297192190284084779e-07
5.236000000000000000e+03 1.483840132137378931e-07
5.237000000000000000e+03 1.671025125570280178e-07
5.238000000000000000e+03 1.857359552284817230e-07
5.239000000000000000e+03 2.041439103869498455e-07
5.240000000000000000e+03 2.221851218265256869e-07
5.241000000000000000e+03 2.397183754368126277e-07
5.242000000000000000e+03 2.566034633350591523e-07
5.243000000000000000e+03 2.727020679358502087e-07
5.244000000000000000e+03 2.878785534324185778e-07
5.245000000000000000e+03 3.020009659763447930e-07
5.246000000000000000e+03 3.149418005525508303e-07
5.247000000000000000e+03 3.265787285350881778e-07
5.248000000000000000e+03 3.367954618629366764e-07
5.249000000000000000e+03 3.454825066139948923e-07
5.250000000000000000e+03 3.525378650251628508e-07
5.251000000000000000e+03 3.578677352626768849e-07
5.252000000000000000e+03 3.613872228162091701e-07
5.253000000000000000e+03 3.630208917023394774e-07
5.254000000000000000e+03 3.627033370818207558e-07
5.255000000000000000e+03 3.603795543271084261e-07
5.256000000000000000e+03 3.560053628089970719e-07
5.257000000000000000e+03 3.495476958018143644e-07
5.258000000000000000e+03 3.409847115587708166e-07
5.259000000000000000e+03 3.303058967757780341e-07
5.260000000000000000e+03 3.175121456663650956e-07
5.261000000000000000e+03 3.026156585025046963e-07
5.262000000000000000e+03 2.856398104764648285e-07
5.263000000000000000e+03 2.666188806156720931e-07
5.264000000000000000e+03 2.455979362504652133e-07
5.265000000000000000e+03 2.226324563155863620e-07
5.266000000000000000e+03 1.977879812139845913e-07
5.267000000000000000e+03 1.711398813599377581e-07
5.268000000000000000e+03 1.427731151998834149e-07
5.269000000000000000e+03 1.127818512567444735e-07
5.270000000000000000e+03 8.126926049462923208e-08
5.271000000000000000e+03 4.834716281745602061e-08
5.272000000000000000e+03 1.413574833030961569e-08
5.273000000000000000e+03 -2.123685117462039719e-08
5.274000000000000000e+03 -5.763483585504019780e-08
5.275000000000000000e+03 -9.491519148309680215e-08
5.276000000000000000e+03 -1.329281141415848667e-07
5.277000000000000000e+03 -1.715174527523557453e-07
5.278000000000000000e+03 -2.105213152566848783e-07
5.279000000000000000e+03 -2.497726201325514123e-07
5.280000000000000000e+03 -2.890999334913445789e-07
5.281000000000000000e+03 -3.283283153890087267e-07
5.282000000000000000e+03 -3.672802349429184987e-07
5.283000000000000000e+03 -4.057766086850405979e-07
5.284000000000000000e+03 -4.436379564546547988e-07
5.285000000000000000e+03 -4.806858255890957919e-07
5.286000000000000000e+03 -5.167441424210506519e-07
5.287000000000000000e+03 -5.516406802267045700e-07
5.288000000000000000e+03 -5.852084559653947813e-07
5.289000000000000000e+03 -6.172872245505595895e-07
5.290000000000000000e+03 -6.477248389655919962e-07
5.291000000000000000e+03 -6.763786156914619305e-07
5.292000000000000000e+03 -7.031164834141594722e-07
5.293000000000000000e+03 -7.278180840444755822e-07
5.294000000000000000e+03 -7.503757398381544818e-07
5.295000000000000000e+03 -7.706952132415531355e-07
5.296000000000000000e+03 -7.886964500625443850e-07
5.297000000000000000e+03 -8.043141440237667167e-07
5.298000000000000000e+03 -8.174980459887464399e-07
5.299000000000000000e+03 -8.282133296769700480e-07
5.300000000000000000e+03 -8.364406913622190909e-07
5.301000000000000000e+03 -8.421764024814603160e-07
5.302000000000000000e+03 -8.454321985150565947e-07
5.303000000000000000e+03 -8.462349946656564439e-07
5.304000000000000000e+03 -8.446265874504955524e-07
5.305000000000000000e+03 -8.406631904472518616e-07
5.306000000000000000e+03 -8.344148439842128552e-07
5.307000000000000000e+03 -8.259648231422002001e-07
5.308000000000000000e+03 -8.154088939111937095e-07
5.309000000000000000e+03 -8.028543703908168090e-07
5.310000000000000000e+03 -7.884192563882442378e-07
5.311000000000000000e+03 -7.722311066183990238e-07
5.312000000000000000e+03 -7.544259431819274439e-07
5.313000000000000000e+03 -7.351471355408407526e-07
5.314000000000000000e+03 -7.145440010055139193e-07
5.315000000000000000e+03 -6.927705560189337084e-07
5.316000000000000000e+03 -6.699840305147880081e-07
5.317000000000000000e+03 -6.463435147840680561e-07
5.318000000000000000e+03 -6.220085255241050694e-07
5.319000000000000000e+03 -5.971376542380223715e-07
5.320000000000000000e+03 -5.718872655166167759e-07
5.321000000000000000e+03 -5.464102041987405376e-07
5.322000000000000000e+03 -5.208545745998913161e-07
5.323000000000000000e+03 -4.953625708177374810e-07
5.324000000000000000e+03 -4.700692463781746323e-07
5.325000000000000000e+03 -4.451014441880894685e-07
5.326000000000000000e+03 -4.205768023282650423e-07
5.327000000000000000e+03 -3.966027196634292991e-07
5.328000000000000000e+03 -3.732754046620335090e-07
5.329000000000000000e+03 -3.506789583167173645e-07
5.330000000000000000e+03 -3.288845880071425368e-07
5.331000000000000000e+03 -3.079499217440115387e-07
5.332000000000000000e+03 -2.879184839193152478e-07
5.333000000000000000e+03 -2.688191264208865426e-07
5.334000000000000000e+03 -2.506657932728971209e-07
5.335000000000000000e+03 -2.334573276224700263e-07
5.336000000000000000e+03 -2.171775113443468060e-07
5.337000000000000000e+03 -2.017952922605154536e-07
5.338000000000000000e+03 -1.872652002082766276e-07
5.339000000000000000e+03 -1.735278523131465020e-07
5.340000000000000000e+03 -1.605107130702800888e-07
5.341000000000000000e+03 -1.481289074061914165e-07
5.342000000000000000e+03 -1.362863112780760165e-07
5.343000000000000000e+03 -1.248765798947979510e-07
5.344000000000000000e+03 -1.137844233672573997e-07
5.345000000000000000e+03 -1.028870869779991378e-07
5.346000000000000000e+03 -9.205579945717473005e-08
5.347000000000000000e+03 -8.115737931848256351e-08
5.348000000000000000e+03 -7.005598115888695576e-08
5.349000000000000000e+03 -5.861496876619231020e-08
5.350000000000000000e+03 -4.669875609390245150e-08
5.351000000000000000e+03 -3.417469001061496436e-08
5.352000000000000000e+03 -2.091506525319804978e-08
5.353000000000000000e+03 -6.798974405955383911e-09
5.354000000000000000e+03 8.285871538597712433e-09
5.355000000000000000e+03 2.444150831623212765e-08
5.356000000000000000e+03 4.175819875358418891e-08
5.357000000000000000e+03 6.031297630016102514e-08
5.358000000000000000e+03 8.016863883581183047e-08
5.359000000000000000e+03 1.013727666807051261e-07
5.360000000000000000e+03 1.239570294837940137e-07
5.361000000000000000e+03 1.479366727479211567e-07
5.362000000000000000e+03 1.733102544626983149e-07
5.363000000000000000e+03 2.000596129411105688e-07
5.364000000000000000e+03 2.281498762635475137e-07
5.365000000000000000e+03 2.575298510774428387e-07
5.366000000000000000e+03 2.881325082328645694e-07
5.367000000000000000e+03 3.198755463983059335e-07
5.368000000000000000e+03 3.526621303624318258e-07
5.369000000000000000e+03 3.863816727390165263e-07
5.370000000000000000e+03 4.209107481595430383e-07
5.371000000000000000e+03 4.561141828422781301e-07
5.372000000000000000e+03 4.918460854559100705e-07
5.373000000000000000e+03 5.279509591100439238e-07
5.374000000000000000e+03 5.642649599096926206e-07
5.375000000000000000e+03 6.006172387816424013e-07
5.376000000000000000e+03 6.368313824537467646e-07
5.377000000000000000e+03 6.727268247310632671e-07
5.378000000000000000e+03 7.081204267224114522e-07
5.379000000000000000e+03 7.428278291903593800e-07
5.380000000000000000e+03 7.766651117377640880e-07
5.381000000000000000e+03 8.094501713155041263e-07
5.382000000000000000e+03 8.410041952769407546e-07
5.383000000000000000e+03 8.711529533704862095e-07
5.384000000000000000e+03 8.997280024931606630e-07
5.385000000000000000e+03 9.265677572346803059e-07
5.386000000000000000e+03 9.515185518817114003e-07
5.387000000000000000e+03 9.744355448892381818e-07
5.388000000000000000e+03 9.951835178811953157e-07
5.389000000000000000e+03 1.013637478875100151e-06
5.390000000000000000e+03 1.029683308580015633e-06
5.391000000000000000e+03 1.043218073316066789e-06
5.392000000000000000e+03 1.054150549676529959e-06
5.393000000000000000e+03 1.062401505384295715e-06
5.394000000000000000e+03 1.067903912243728625e-06
5.395000000000000000e+03 1.070602968616305339e-06
5.396000000000000000e+03 1.070456249292653235e-06
5.397000000000000000e+03 1.067433758235026017e-06
5.398000000000000000e+03 1.061517901653624569e-06
5.399000000000000000e+03 1.052703333171197234e-06
5.400000000000000000e+03 1.040997043457010523e-06
5.401000000000000000e+03 1.026418197532795450e-06
5.402000000000000000e+03 1.008997788039651113e-06
5.403000000000000000e+03 9.887783488867068919e-07
5.404000000000000000e+03 9.658136323444021508e-07
5.405000000000000000e+03 9.401681372447898209e-07
5.406000000000000000e+03 9.119165218104899427e-07
5.407000000000000000e+03 8.811431592676883371e-07
5.408000000000000000e+03 8.479414160972839138e-07
5.409000000000000000e+03 8.124129978303401241e-07
5.410000000000000000e+03 7.746672491047406673e-07
5.411000000000000000e+03 7.348205920032090786e-07
5.412000000000000000e+03 6.929959117987906772e-07
5.413000000000000000e+03 6.493219589186285153e-07
5.414000000000000000e+03 6.039330537678269948e-07
5.415000000000000000e+03 5.569687098846469467e-07
5.416000000000000000e+03 5.085733471127435515e-07
5.417000000000000000e+03 4.588961323321795453e-07
5.418000000000000000e+03 4.080908809239875972e-07
5.419000000000000000e+03 3.563160361850474473e-07
5.420000000000000000e+03 3.037344871709712760e-07
5.421000000000000000e+03 2.505134081329873084e-07
5.422000000000000000e+03 1.968241139629944071e-07
5.423000000000000000e+03 1.428417738907865665e-07
5.424000000000000000e+03 8.874505118316543989e-08
5.425000000000000000e+03 3.471563839581467308e-08
5.426000000000000000e+03 -1.906229298013213050e-08
5.427000000000000000e+03 -7.240277046887546120e-08
5.428000000000000000e+03 -1.251187864049402617e-07
5.429000000000000000e+03 -1.770231553263176060e-07
5.430000000000000000e+03 -2.279295804502648364e-07
5.431000000000000000e+03 -2.776537546927424154e-07
5.432000000000000000e+03 -3.260145503545608252e-07
5.433000000000000000e+03 -3.728353041639673217e-07
5.434000000000000000e+03 -4.179451418702899407e-07
5.435000000000000000e+03 -4.611803427099577915e-07
5.436000000000000000e+03 -5.023855279474226181e-07
5.437000000000000000e+03 -5.414149882256486943e-07
5.438000000000000000e+03 -5.781338646620937226e-07
5.439000000000000000e+03 -6.124192984874420190e-07
5.440000000000000000e+03 -6.441614874562399635e-07
5.441000000000000000e+03 -6.732646660639379842e-07
5.442000000000000000e+03 -6.996479940559335798e-07
5.443000000000000000e+03 -7.232461983620688855e-07
5.444000000000000000e+03 -7.440102177391058052e-07
5.445000000000000000e+03 -7.619077443430233496e-07
5.446000000000000000e+03 -7.769233611801164350e-07
5.447000000000000000e+03 -7.890586598688293869e-07
5.448000000000000000e+03 -7.983321721895035777e-07
5.449000000000000000e+03 -8.047791134673387248e-07
5.450000000000000000e+03 -8.084510033433649241e-07
5.451000000000000000e+03 -8.094152451677741063e-07
5.452000000000000000e+03 -8.077544998940893646e-07
5.453000000000000000e+03 -8.035660473815184581e-07
5.454000000000000000e+03 -7.969609660333348966e-07
5.455000000000000000e+03 -7.880633210374365868e-07
5.456000000000000000e+03 -7.770091063228928046e-07
5.457000000000000000e+03 -7.639453422078267854e-07
5.458000000000000000e+03 -7.490288913804755845e-07
5.459000000000000000e+03 -7.324253769019557378e-07
5.460000000000000000e+03 -7.143079157342961465e-07
5.461000000000000000e+03 -6.948558643023800632e-07
5.462000000000000000e+03 -6.742536049368798395e-07
5.463000000000000000e+03 -6.526891706910471813e-07
5.464000000000000000e+03 -6.303529145286611207e-07
5.465000000000000000e+03 -6.074362655814094987e-07
5.466000000000000000e+03 -5.841303273614194809e-07
5.467000000000000000e+03 -5.606245584770298088e-07
5.468000000000000000e+03 -5.371056107681877656e-07
5.469000000000000000e+03 -5.137561909014875961e-07
5.470000000000000000e+03 -4.907538895016727821e-07
5.471000000000000000e+03 -4.682701312781156936e-07
5.472000000000000000e+03 -4.464693308712519537e-07
5.473000000000000000e+03 -4.255080889172027473e-07
5.474000000000000000e+03 -4.055344313391861764e-07
5.475000000000000000e+03 -3.866871149347316055e-07
5.476000000000000000e+03 -3.690951510619042143e-07
5.477000000000000000e+03 -3.528774056338064622e-07
5.478000000000000000e+03 -3.381422017851477929e-07
5.479000000000000000e+03 -3.249870275416617035e-07
5.480000000000000000e+03 -3.134982342577135273e-07
5.481000000000000000e+03 -3.037507864440943409e-07
5.482000000000000000e+03 -2.958079932046422323e-07
5.483000000000000000e+03 -2.897213196145875684e-07
5.484000000000000000e+03 -2.855301121706458772e-07
5.485000000000000000e+03 -2.832612728826309546e-07
5.486000000000000000e+03 -2.829290067595352913e-07
5.487000000000000000e+03 -2.845345306372610975e-07
5.488000000000000000e+03 -2.880657831436549486e-07
5.489000000000000000e+03 -2.934971101496004441e-07
5.490000000000000000e+03 -3.007890853081189796e-07
5.491000000000000000e+03 -3.098882454239288899e-07
5.492000000000000000e+03 -3.207270891834074774e-07
5.493000000000000000e+03 -3.332240186546588798e-07
5.494000000000000000e+03 -3.472834235564817464e-07
5.495000000000000000e+03 -3.627959776512497097e-07
5.496000000000000000e+03 -3.796389692937998321e-07
5.497000000000000000e+03 -3.976769081073113504e-07
5.498000000000000000e+03 -4.167622593918468876e-07
5.499000000000000000e+03 -4.367362798281868681e-07
5.500000000000000000e+03 -4.574301913267240519e-07
5.501000000000000000e+03 -4.786664105394046474e-07
5.502000000000000000e+03 -5.002598311619046072e-07
5.503000000000000000e+03 -5.220192780613846762e-07
5.504000000000000000e+03 -5.437490564198623193e-07
5.505000000000000000e+03 -5.652505758292545500e-07
5.506000000000000000e+03 -5.863239300842808245e-07
5.507000000000000000e+03 -6.067695324901396080e-07
5.508000000000000000e+03 -6.263895870793395348e-07
5.509000000000000000e+03 -6.449896525624607031e-07
5.510000000000000000e+03 -6.623799628577704139e-07
5.511000000000000000e+03 -6.783767610884638234e-07
5.512000000000000000e+03 -6.928034503081647519e-07
5.513000000000000000e+03 -7.054917699903972550e-07
5.514000000000000000e+03 -7.162826820002815262e-07
5.515000000000000000e+03 -7.250271172985800126e-07
5.516000000000000000e+03 -7.315867307785263501e-07
5.517000000000000000e+03 -7.358345734945913893e-07
5.518000000000000000e+03 -7.376555535449855157e-07
5.519000000000000000e+03 -7.369467859150442689e-07
5.520000000000000000e+03 -7.336180297587283044e-07
5.521000000000000000e+03 -7.275918682077529014e-07
5.522000000000000000e+03 -7.188039611776880038e-07
5.523000000000000000e+03 -7.072031855004259990e-07
5.524000000000000000e+03 -6.927516285587435190e-07
5.525000000000000000e+03 -6.754245943359024405e-07
5.526000000000000000e+03 -6.552104686877752475e-07
5.527000000000000000e+03 -6.321105003238942032e-07
5.528000000000000000e+03 -6.061384890275215544e-07
5.529000000000000000e+03 -5.773203568669872486e-07
5.530000000000000000e+03 -5.456935741263923563e-07
5.531000000000000000e+03 -5.113065152761649294e-07
5.532000000000000000e+03 -4.742177292649025543e-07
5.533000000000000000e+03 -4.344952155867665493e-07
5.534000000000000000e+03 -3.922155406209077829e-07
5.535000000000000000e+03 -3.474630651422834465e-07
5.536000000000000000e+03 -3.003290810602462158e-07
5.537000000000000000e+03 -2.509111894967808928e-07
5.538000000000000000e+03 -1.993127077653020784e-07
5.539000000000000000e+03 -1.456422532067154189e-07
5.540000000000000000e+03 -9.001350582981970807e-08
5.541000000000000000e+03 -3.254519650863885200e-08
5.542000000000000000e+03 2.663873752457404563e-08
5.543000000000000000e+03 8.740900166689837025e-08
5.544000000000000000e+03 1.496307142970023023e-07
5.545000000000000000e+03 2.131630027584593423e-07
5.546000000000000000e+03 2.778587973228776353e-07
5.547000000000000000e+03 3.435646001013660718e-07
5.548000000000000000e+03 4.101202652668402376e-07
5.549000000000000000e+03 4.773589018909747581e-07
5.550000000000000000e+03 5.451068411591239446e-07
5.551000000000000000e+03 6.131837024716304574e-07
5.552000000000000000e+03 6.814025085290193430e-07
5.553000000000000000e+03 7.495698560347897756e-07
5.554000000000000000e+03 8.174861859825459118e-07
5.555000000000000000e+03 8.849461418249841210e-07
5.556000000000000000e+03 9.517388598434291013e-07
5.557000000000000000e+03 1.017648516048655717e-06
5.558000000000000000e+03 1.082454754021370424e-06
5.559000000000000000e+03 1.145933154402673638e-06
5.560000000000000000e+03 1.207855924721100220e-06
5.561000000000000000e+03 1.267992461639193556e-06
5.562000000000000000e+03 1.326110159698572214e-06
5.563000000000000000e+03 1.381975384155479384e-06
5.564000000000000000e+03 1.435354489429698997e-06
5.565000000000000000e+03 1.486015032953059601e-06
5.566000000000000000e+03 1.533727071127382823e-06
5.567000000000000000e+03 1.578264696559396057e-06
5.568000000000000000e+03 1.619407503710841181e-06
5.569000000000000000e+03 1.656942260695605643e-06
5.570000000000000000e+03 1.690664675454400186e-06
5.571000000000000000e+03 1.720381070230713584e-06
5.572000000000000000e+03 1.745910034996929468e-06
5.573000000000000000e+03 1.767084096309837982e-06
5.574000000000000000e+03 1.783751305626950326e-06
5.575000000000000000e+03 1.795776897194943333e-06
5.576000000000000000e+03 1.803044771642768013e-06
5.577000000000000000e+03 1.805458897894703106e-06
5.578000000000000000e+03 1.802944459411070752e-06
5.579000000000000000e+03 1.795448911498334755e-06
5.580000000000000000e+03 1.782942845351600623e-06
5.581000000000000000e+03 1.765420684354406349e-06
5.582000000000000000e+03 1.742901157053631728e-06
5.583000000000000000e+03 1.715427546306869337e-06
5.584000000000000000e+03 1.683067621284080023e-06
5.585000000000000000e+03 1.645913301332567855e-06
5.586000000000000000e+03 1.604080222561021538e-06
5.587000000000000000e+03 1.557707010422571129e-06
5.588000000000000000e+03 1.506954333264980042e-06
5.589000000000000000e+03 1.452003824899905730e-06
5.590000000000000000e+03 1.393056723624359082e-06
5.591000000000000000e+03 1.330332504725163705e-06
5.592000000000000000e+03 1.264067330772446156e-06
5.593000000000000000e+03 1.194512377540984128e-06
5.594000000000000000e+03 1.121932153913103069e-06
5.595000000000000000e+03 1.046602729705949989e-06
5.596000000000000000e+03 9.688098635155108530e-07
5.597000000000000000e+03 8.888471894350216583e-07
5.598000000000000000e+03 8.070144444393962753e-07
5.599000000000000000e+03 7.236155872969201436e-07
5.600000000000000000e+03 6.389570388877537924e-07
5.601000000000000000e+03 5.533459361642912946e-07
5.602000000000000000e+03 4.670885504966174452e-07
5.603000000000000000e+03 3.804886904069544388e-07
5.604000000000000000e+03 2.938461413326566042e-07
5.605000000000000000e+03 2.074555044745685810e-07
5.606000000000000000e+03 1.216048662586903204e-07
5.607000000000000000e+03 3.657462266668586872e-08
5.608000000000000000e+03 -4.736356369410925778e-08
5.609000000000000000e+03 -1.299476611723176906e-07
5.610000000000000000e+03 -2.109260760974258388e-07
5.611000000000000000e+03 -2.900584646151686146e-07
5.612000000000000000e+03 -3.671162149410467738e-07
5.613000000000000000e+03 -4.418830862484772818e-07
5.614000000000000000e+03 -5.141556562654186851e-07
5.615000000000000000e+03 -5.837437123479451239e-07
5.616000000000000000e+03 -6.504706295419176301e-07
5.617000000000000000e+03 -7.141736807042786767e-07
5.618000000000000000e+03 -7.747043996654031873e-07
5.619000000000000000e+03 -8.319288110241558316e-07
5.620000000000000000e+03 -8.857277700739872573e-07
5.621000000000000000e+03 -9.359970759061445123e-07
5.622000000000000000e+03 -9.826478207926819742e-07
5.623000000000000000e+03 -1.025606465955019720e-06
5.624000000000000000e+03 -1.064814951182251927e-06
5.625000000000000000e+03 -1.100230672789333223e-06
5.626000000000000000e+03 -1.131826371489732807e-06
5.627000000000000000e+03 -1.159589971839728794e-06
5.628000000000000000e+03 -1.183524214570498646e-06
5.629000000000000000e+03 -1.203646279274226768e-06
5.630000000000000000e+03 -1.219987224405425752e-06
5.631000000000000000e+03 -1.232591484973618300e-06
5.632000000000000000e+03 -1.241516314614250703e-06
5.633000000000000000e+03 -1.246831081465672727e-06
5.634000000000000000e+03 -1.248616511707573912e-06
5.635000000000000000e+03 -1.246964001287036012e-06
5.636000000000000000e+03 -1.241974922049250529e-06
5.637000000000000000e+03 -1.233759803142620156e-06
5.638000000000000000e+03 -1.222437552117530474e-06
5.639000000000000000e+03 -1.208134615675040384e-06
5.640000000000000000e+03 -1.190984287017458383e-06
5.641000000000000000e+03 -1.171125893029575542e-06
5.642000000000000000e+03 -1.148704001181737395e-06
5.643000000000000000e+03 -1.123867632482369862e-06
5.644000000000000000e+03 -1.096769562139492290e-06
5.645000000000000000e+03 -1.067565595294456372e-06
5.646000000000000000e+03 -1.036413792273431968e-06
5.647000000000000000e+03 -1.003473811661445466e-06
5.648000000000000000e+03 -9.689062210347867581e-07
5.649000000000000000e+03 -9.328718079133384797e-07
5.650000000000000000e+03 -8.955309670474815302e-07
5.651000000000000000e+03 -8.570430851222806649e-07
5.652000000000000000e+03 -8.175659330529724862e-07
5.653000000000000000e+03 -7.772551158458176412e-07
5.654000000000000000e+03 -7.362634967533813641e-07
5.655000000000000000e+03 -6.947406965677926770e-07
5.656000000000000000e+03 -6.528325889330065476e-07
5.657000000000000000e+03 -6.106808718190018702e-07
5.658000000000000000e+03 -5.684226418156208382e-07
5.659000000000000000e+03 -5.261901750845829912e-07
5.660000000000000000e+03 -4.841106780590599376e-07
5.661000000000000000e+03 -4.423061539354770730e-07
5.662000000000000000e+03 -4.008933893649814645e-07
5.663000000000000000e+03 -3.599839901607229064e-07
5.664000000000000000e+03 -3.196844950932382780e-07
5.665000000000000000e+03 -2.800964829434576662e-07
5.666000000000000000e+03 -2.413167231077983534e-07
5.667000000000000000e+03 -2.034371121386913018e-07
5.668000000000000000e+03 -1.665445497893604776e-07
5.669000000000000000e+03 -1.307208210379362058e-07
5.670000000000000000e+03 -9.604222602635341175e-08
5.671000000000000000e+03 -6.257910175968895105e-08
5.672000000000000000e+03 -3.039545112780771287e-08
5.673000000000000000e+03 4.516330864551873644e-10
5.674000000000000000e+03 2.991243556508398173e-08
5.675000000000000000e+03 5.794506219334824732e-08
5.676000000000000000e+03 8.451561613146236941e-08
5.677000000000000000e+03 1.095985889233365358e-07
5.678000000000000000e+03 1.331769122459576689e-07
5.679000000000000000e+03 1.552418971787880401e-07
5.680000000000000000e+03 1.757929809341985914e-07
5.681000000000000000e+03 1.948374805384983974e-07
5.682000000000000000e+03 2.123900894040848660e-07
5.683000000000000000e+03 2.284724471954702328e-07
5.684000000000000000e+03 2.431124394083998648e-07
5.685000000000000000e+03 2.563435511198227579e-07
5.686000000000000000e+03 2.682040204991827246e-07
5.687000000000000000e+03 2.787361546497441952e-07
5.688000000000000000e+03 2.879856437660370602e-07
5.689000000000000000e+03 2.960007477905312044e-07
5.690000000000000000e+03 3.028317147569497125e-07
5.691000000000000000e+03 3.085300945934312241e-07
5.692000000000000000e+03 3.131482035691536389e-07
5.693000000000000000e+03 3.167386772205484613e-07
5.694000000000000000e+03 3.193540541576414072e-07
5.695000000000000000e+03 3.210463706029825790e-07
5.696000000000000000e+03 3.218669059658337707e-07
5.697000000000000000e+03 3.218659191586621112e-07
5.698000000000000000e+03 3.210923581396145903e-07
5.699000000000000000e+03 3.195937391050533961e-07
5.700000000000000000e+03 3.174160210875473782e-07
5.701000000000000000e+03 3.146035210533853488e-07
5.702000000000000000e+03 3.111988321695123418e-07
5.703000000000000000e+03 3.072427895273559327e-07
5.704000000000000000e+03 3.027745511551843195e-07
5.705000000000000000e+03 2.978315237690092285e-07
5.706000000000000000e+03 2.924494384954955611e-07
5.707000000000000000e+03 2.866622851735678815e-07
5.708000000000000000e+03 2.805023209607541106e-07
5.709000000000000000e+03 2.739999748718070232e-07
5.710000000000000000e+03 2.671837714441670925e-07
5.711000000000000000e+03 2.600802353795002368e-07
5.712000000000000000e+03 2.527136846324164118e-07
5.713000000000000000e+03 2.451061145132192095e-07
5.714000000000000000e+03 2.372770789693441404e-07
5.715000000000000000e+03 2.292435795036543594e-07
5.716000000000000000e+03 2.210201145869739468e-07
5.717000000000000000e+03 2.126186217136051753e-07
5.718000000000000000e+03 2.040485288544454233e-07
5.719000000000000000e+03 1.953169502907418144e-07
5.720000000000000000e+03 1.864288548814273101e-07
5.721000000000000000e+03 1.773873144764068252e-07
5.722000000000000000e+03 1.681938734546700738e-07
5.723000000000000000e+03 1.588488529480097179e-07
5.724000000000000000e+03 1.493517658632183381e-07
5.725000000000000000e+03 1.397017394222690277e-07
5.726000000000000000e+03 1.298977079669179263e-07
5.727000000000000000e+03 1.199388485054684241e-07
5.728000000000000000e+03 1.098247812959373294e-07
5.729000000000000000e+03 9.955593191645756366e-08
5.730000000000000000e+03 8.913371267274911244e-08
5.731000000000000000e+03 7.856060224342822633e-08
5.732000000000000000e+03 6.784017282186502344e-08
5.733000000000000000e+03 5.697721180598546496e-08
5.734000000000000000e+03 4.597751401854752719e-08
5.735000000000000000e+03 3.484784180137318728e-08
5.736000000000000000e+03 2.359576512865362697e-08
5.737000000000000000e+03 1.222949819810140362e-08
5.738000000000000000e+03 7.577396221707347962e-10
5.739000000000000000e+03 -1.081047669040820745e-08
5.740000000000000000e+03 -2.246589487613272124e-08
5.741000000000000000e+03 -3.419924601327394568e-08
5.742000000000000000e+03 -4.600130678744055410e-08
5.743000000000000000e+03 -5.786293209652787952e-08
5.744000000000000000e+03 -6.977509224945718910e-08
5.745000000000000000e+03 -8.172886164552669647e-08
5.746000000000000000e+03 -9.371523860776726801e-08
5.747000000000000000e+03 -1.057249795595903631e-07
5.748000000000000000e+03 -1.177485237922158944e-07
5.749000000000000000e+03 -1.297756899893637517e-07
5.750000000000000000e+03 -1.417954944441285692e-07
5.751000000000000000e+03 -1.537959409907522074e-07
5.752000000000000000e+03 -1.657637339918085983e-07
5.753000000000000000e+03 -1.776840617429631187e-07
5.754000000000000000e+03 -1.895403488776187580e-07
5.755000000000000000e+03 -2.013139726877338461e-07
5.756000000000000000e+03 -2.129841025800297618e-07
5.757000000000000000e+03 -2.245274323379775427e-07
5.758000000000000000e+03 -2.359181278930349024e-07
5.759000000000000000e+03 -2.471276896143394950e-07
5.760000000000000000e+03 -2.581250799936645005e-07
5.761000000000000000e+03 -2.688767810137962402e-07
5.762000000000000000e+03 -2.793468913000470435e-07
5.763000000000000000e+03 -2.894972452872436460e-07
5.764000000000000000e+03 -2.992876985759055253e-07
5.765000000000000000e+03 -3.086761527611955279e-07
5.766000000000000000e+03 -3.176187831958626449e-07
5.767000000000000000e+03 -3.260701926692786521e-07
5.768000000000000000e+03 -3.339835374391552390e-07
5.769000000000000000e+03 -3.413106826896044254e-07
5.770000000000000000e+03 -3.480024376567861100e-07
5.771000000000000000e+03 -3.540088627786036761e-07
5.772000000000000000e+03 -3.592793494472919401e-07
5.773000000000000000e+03 -3.637630374721260283e-07
5.774000000000000000e+03 -3.674090503196701026e-07
5.775000000000000000e+03 -3.701669101083700832e-07
5.776000000000000000e+03 -3.719868524243833061e-07
5.777000000000000000e+03 -3.728201866531064073e-07
5.778000000000000000e+03 -3.726196109188525785e-07
5.779000000000000000e+03 -3.713397741692221639e-07
5.780000000000000000e+03 -3.689376900421549290e-07
5.781000000000000000e+03 -3.653731958954042904e-07
5.782000000000000000e+03 -3.606097399971374597e-07
5.783000000000000000e+03 -3.546150181581371487e-07
5.784000000000000000e+03 -3.473616893467726356e-07
5.785000000000000000e+03 -3.388279253610058268e-07
5.786000000000000000e+03 -3.289980321148839282e-07
5.787000000000000000e+03 -3.178629158400403213e-07
5.788000000000000000e+03 -3.054204488013677882e-07
5.789000000000000000e+03 -2.916758896335942418e-07
5.790000000000000000e+03 -2.766420817477499383e-07
5.791000000000000000e+03 -2.603398026836863858e-07
5.792000000000000000e+03 -2.427979757098845389e-07
5.793000000000000000e+03 -2.240539119428829810e-07
5.794000000000000000e+03 -2.041535707790634681e-07
5.795000000000000000e+03 -1.831516696383532664e-07
5.796000000000000000e+03 -1.611119024311031183e-07
5.797000000000000000e+03 -1.381071685118032283e-07
5.798000000000000000e+03 -1.142195994526390952e-07
5.799000000000000000e+03 -8.954062996436364513e-08
5.800000000000000000e+03 -6.417102674182998717e-08
5.801000000000000000e+03 -3.822083413039433172e-08
5.802000000000000000e+03 -1.180925488519642860e-08
5.803000000000000000e+03 1.493569951314669981e-08
5.804000000000000000e+03 4.187753222072964837e-08
5.805000000000000000e+03 6.887187596014730803e-08
5.806000000000000000e+03 9.576728401213878721e-08
5.807000000000000000e+03 1.224060543718916965e-07
5.808000000000000000e+03 1.486253190195668199e-07
5.809000000000000000e+03 1.742584204284636350e-07
5.810000000000000000e+03 1.991363334350113534e-07
5.811000000000000000e+03 2.230892558156540478e-07
5.812000000000000000e+03 2.459483593403400402e-07
5.813000000000000000e+03 2.675475427354838044e-07
5.814000000000000000e+03 2.877251191867470203e-07
5.815000000000000000e+03 3.063256817521248845e-07
5.816000000000000000e+03 3.232017526920524786e-07
5.817000000000000000e+03 3.382153826917351183e-07
5.818000000000000000e+03 3.512396030825737511e-07
5.819000000000000000e+03 3.621599042351104365e-07
5.820000000000000000e+03 3.708755525373528392e-07
5.821000000000000000e+03 3.773005716407288916e-07
5.822000000000000000e+03 3.813646955322974800e-07
5.823000000000000000e+03 3.830141014487160084e-07
5.824000000000000000e+03 3.822120982731460693e-07
5.825000000000000000e+03 3.789395888663680275e-07
5.826000000000000000e+03 3.731952765321050350e-07
5.827000000000000000e+03 3.649957684032350111e-07
5.828000000000000000e+03 3.543756251524190121e-07
5.829000000000000000e+03 3.413871392289556125e-07
5.830000000000000000e+03 3.260999693861180451e-07
5.831000000000000000e+03 3.086005607938397716e-07
5.832000000000000000e+03 2.889915409511760950e-07
5.833000000000000000e+03 2.673908827659112626e-07
5.834000000000000000e+03 2.439310798573907682e-07
5.835000000000000000e+03 2.187581472161308158e-07
5.836000000000000000e+03 1.920306219313970408e-07
5.837000000000000000e+03 1.639184233288769513e-07
5.838000000000000000e+03 1.346017197377723042e-07
5.839000000000000000e+03 1.042698265464341072e-07
5.840000000000000000e+03 7.312014925947000807e-08
5.841000000000000000e+03 4.135691849968768953e-08
5.842000000000000000e+03 9.190075056902501106e-09
5.843000000000000000e+03 -2.316593612370072791e-08
5.844000000000000000e+03 -5.549332606739631127e-08
5.845000000000000000e+03 -8.757230861787191942e-08
5.846000000000000000e+03 -1.191823988345286789e-07
5.847000000000000000e+03 -1.501037552562717935e-07
5.848000000000000000e+03 -1.801186002748489611e-07
5.849000000000000000e+03 -2.090126282760826541e-07
5.850000000000000000e+03 -2.365764608014554160e-07
5.851000000000000000e+03 -2.626071674388818504e-07
5.852000000000000000e+03 -2.869098205169762908e-07
5.853000000000000000e+03 -3.092991736743060561e-07
5.854000000000000000e+03 -3.296011989052329431e-07
5.855000000000000000e+03 -3.476546317107384474e-07
5.856000000000000000e+03 -3.633125123295747449e-07
5.857000000000000000e+03 -3.764436221341192608e-07
5.858000000000000000e+03 -3.869337250280881923e-07
5.859000000000000000e+03 -3.946867743393020160e-07
5.860000000000000000e+03 -3.996258763644252927e-07
5.861000000000000000e+03 -4.016942180008448031e-07
5.862000000000000000e+03 -4.008554758000941940e-07
5.863000000000000000e+03 -3.970943986485708876e-07
5.864000000000000000e+03 -3.904170580852708001e-07
5.865000000000000000e+03 -3.808509211756313070e-07
5.866000000000000000e+03 -3.684446186757067218e-07
5.867000000000000000e+03 -3.532676735376553434e-07
5.868000000000000000e+03 -3.354099480165841445e-07
5.869000000000000000e+03 -3.149809207469237983e-07
5.870000000000000000e+03 -2.921088744601716440e-07
5.871000000000000000e+03 -2.669398039168835790e-07
5.872000000000000000e+03 -2.396361783552885518e-07
5.873000000000000000e+03 -2.103756221742435273e-07
5.874000000000000000e+03 -1.793494865190493389e-07
5.875000000000000000e+03 -1.467612259584141224e-07
5.876000000000000000e+03 -1.128248087162653914e-07
5.877000000000000000e+03 -7.776294403799560995e-08
5.878000000000000000e+03 -4.180528872137944296e-08
5.879000000000000000e+03 -5.186608573657667951e-09
5.880000000000000000e+03 3.185525520673091918e-08
5.881000000000000000e+03 6.908131577148831487e-08
5.882000000000000000e+03 1.062534573715128415e-07
5.883000000000000000e+03 1.431364203758615069e-07
5.884000000000000000e+03 1.794997179651591745e-07
5.885000000000000000e+03 2.151196331691768868e-07
5.886000000000000000e+03 2.497811336533913004e-07
5.887000000000000000e+03 2.832796401369084736e-07
5.888000000000000000e+03 3.154226983369430836e-07
5.889000000000000000e+03 3.460314351716261331e-07
5.890000000000000000e+03 3.749419368601934332e-07
5.891000000000000000e+03 4.020063154097538934e-07
5.892000000000000000e+03 4.270937178931546640e-07
5.893000000000000000e+03 4.500909894430855981e-07
5.894000000000000000e+03 4.709032759271082489e-07
5.895000000000000000e+03 4.894544314031177084e-07
5.896000000000000000e+03 5.056872344286809879e-07
5.897000000000000000e+03 5.195633808083116902e-07
5.898000000000000000e+03 5.310633963821543487e-07
5.899000000000000000e+03 5.401863794939580254e-07
5.900000000000000000e+03 5.469495932739447654e-07
5.901000000000000000e+03 5.513879720424016404e-07
5.902000000000000000e+03 5.535534481753414227e-07
5.903000000000000000e+03 5.535142156965149558e-07
5.904000000000000000e+03 5.513537889428743020e-07
5.905000000000000000e+03 5.471700522525529570e-07
5.906000000000000000e+03 5.410742109169461326e-07
5.907000000000000000e+03 5.331895752047723512e-07
5.908000000000000000e+03 5.236503714014246133e-07
5.909000000000000000e+03 5.126004962627762722e-07
5.910000000000000000e+03 5.001922058122662540e-07
5.911000000000000000e+03 4.865847172893745839e-07
5.912000000000000000e+03 4.719429664425366930e-07
5.913000000000000000e+03 4.564364027874774792e-07
5.914000000000000000e+03 4.402376108972020098e-07
5.915000000000000000e+03 4.235210294933312026e-07
5.916000000000000000e+03 4.064616872449772608e-07
5.917000000000000000e+03 3.892338375106268184e-07
5.918000000000000000e+03 3.720097126894132131e-07
5.919000000000000000e+03 3.549582695380549861e-07
5.920000000000000000e+03 3.382438606371054294e-07
5.921000000000000000e+03 3.220250385186048478e-07
5.922000000000000000e+03 3.064533277515287578e-07
5.923000000000000000e+03 2.916721459535561972e-07
5.924000000000000000e+03 2.778156711915317802e-07
5.925000000000000000e+03 2.650079832884315576e-07
5.926000000000000000e+03 2.533621384017847451e-07
5.927000000000000000e+03 2.429793134063854625e-07
5.928000000000000000e+03 2.339481498799404513e-07
5.929000000000000000e+03 2.263440645490564168e-07
5.930000000000000000e+03 2.202287258251544183e-07
5.931000000000000000e+03 2.156495946715333173e-07
5.932000000000000000e+03 2.126396917479624594e-07
5.933000000000000000e+03 2.112173652704690337e-07
5.934000000000000000e+03 2.113862100295244238e-07
5.935000000000000000e+03 2.131350944222452418e-07
5.936000000000000000e+03 2.164383869529592807e-07
5.937000000000000000e+03 2.212561516336726250e-07
5.938000000000000000e+03 2.275345821398974684e-07
5.939000000000000000e+03 2.352065551724207266e-07
5.940000000000000000e+03 2.441921752163891976e-07
5.941000000000000000e+03 2.543994920899051475e-07
5.942000000000000000e+03 2.657251600145261950e-07
5.943000000000000000e+03 2.780554020439156273e-07
5.944000000000000000e+03 2.912668340317310091e-07
5.945000000000000000e+03 3.052273433833223623e-07
5.946000000000000000e+03 3.197969534357375739e-07
5.947000000000000000e+03 3.348286924386088086e-07
5.948000000000000000e+03 3.501693483046897507e-07
5.949000000000000000e+03 3.656602409416515339e-07
5.950000000000000000e+03 3.811379518028093726e-07
5.951000000000000000e+03 3.964351170297524460e-07
5.952000000000000000e+03 4.113812065108255088e-07
5.953000000000000000e+03 4.258033187217733246e-07
5.954000000000000000e+03 4.395270834071481697e-07
5.955000000000000000e+03 4.523775406513809377e-07
5.956000000000000000e+03 4.641799414057189507e-07
5.957000000000000000e+03 4.747608360145958726e-07
5.958000000000000000e+03 4.839491816309861126e-07
5.959000000000000000e+03 4.915773479494691645e-07
5.960000000000000000e+03 4.974822867213804925e-07
5.961000000000000000e+03 5.015066443314461605e-07
5.962000000000000000e+03 5.034999358637650289e-07
5.963000000000000000e+03 5.033197679946801454e-07
5.964000000000000000e+03 5.008330433321600983e-07
5.965000000000000000e+03 4.959172870373301334e-07
5.966000000000000000e+03 4.884619659803118366e-07
5.967000000000000000e+03 4.783697285912024553e-07
5.968000000000000000e+03 4.655576566683118691e-07
5.969000000000000000e+03 4.499583933035751072e-07
5.970000000000000000e+03 4.315211363708000880e-07
5.971000000000000000e+03 4.102124330699026148e-07
5.972000000000000000e+03 3.860168396194004989e-07
5.973000000000000000e+03 3.589373606695020567e-07
5.974000000000000000e+03 3.289955652916138035e-07
5.975000000000000000e+03 2.962316681153441445e-07
5.976000000000000000e+03 2.607043862447065747e-07
5.977000000000000000e+03 2.224906546987504785e-07
5.978000000000000000e+03 1.816850801751714702e-07
5.979000000000000000e+03 1.383994709415925605e-07
5.980000000000000000e+03 9.276209424339421985e-08
5.981000000000000000e+03 4.491694701264312226e-08
5.982000000000000000e+03 -4.977066661845653431e-09
5.983000000000000000e+03 -5.674722271643951492e-08
5.984000000000000000e+03 -1.102079403394752251e-07
5.985000000000000000e+03 -1.651619680005439771e-07
5.986000000000000000e+03 -2.214015905350075637e-07
5.987000000000000000e+03 -2.787099045675230941e-07
5.988000000000000000e+03 -3.368623932806035514e-07
5.989000000000000000e+03 -3.956283716088394175e-07
5.990000000000000000e+03 -4.547726123183487974e-07
5.991000000000000000e+03 -5.140567803585374045e-07
5.992000000000000000e+03 -5.732411745960850770e-07
5.993000000000000000e+03 -6.320862962575618624e-07
5.994000000000000000e+03 -6.903544743504655079e-07
5.995000000000000000e+03 -7.478113792803331212e-07
5.996000000000000000e+03 -8.042273210710147844e-07
5.997000000000000000e+03 -8.593785920210709349e-07
5.998000000000000000e+03 -9.130484417754755470e-07
5.999000000000000000e+03 -9.650280325249530243e-07
6.000000000000000000e+03 -1.015117181379233371e-06
6.001000000000000000e+03 -1.063125212778642885e-06
6.002000000000000000e+03 -1.108871511978579683e-06
6.003000000000000000e+03 -1.152186051425385734e-06
6.004000000000000000e+03 -1.192909976778786680e-06
6.005000000000000000e+03 -1.230896084560657804e-06
6.006000000000000000e+03 -1.266009090376399392e-06
6.007000000000000000e+03 -1.298126118816381781e-06
6.008000000000000000e+03 -1.327136960036494833e-06
6.009000000000000000e+03 -1.352944102238506790e-06
6.010000000000000000e+03 -1.375462880750240614e-06
6.011000000000000000e+03 -1.394621367226324516e-06
6.012000000000000000e+03 -1.410360142839568598e-06
6.013000000000000000e+03 -1.422632009229707616e-06
6.014000000000000000e+03 -1.431401639643495465e-06
6.015000000000000000e+03 -1.436645188207427309e-06
6.016000000000000000e+03 -1.438349941130849077e-06
6.017000000000000000e+03 -1.436513967960749113e-06
6.018000000000000000e+03 -1.431145783026345375e-06
6.019000000000000000e+03 -1.422264123927499706e-06
6.020000000000000000e+03 -1.409897942416347390e-06
6.021000000000000000e+03 -1.394086236318581972e-06
6.022000000000000000e+03 -1.374878012119514048e-06
6.023000000000000000e+03 -1.352332369365783295e-06
6.024000000000000000e+03 -1.326518659237939974e-06
6.025000000000000000e+03 -1.297516527164287958e-06
6.026000000000000000e+03 -1.265415941494334468e-06
6.027000000000000000e+03 -1.230317302095522422e-06
6.028000000000000000e+03 -1.192331340904089061e-06
6.029000000000000000e+03 -1.151578956774623929e-06
6.030000000000000000e+03 -1.108190948789391531e-06
6.031000000000000000e+03 -1.062307696085458366e-06
6.032000000000000000e+03 -1.014078735657008731e-06
6.033000000000000000e+03 -9.636622673493343928e-07
6.034000000000000000e+03 -9.112243854199329959e-07
6.035000000000000000e+03 -8.569383946029281568e-07
6.036000000000000000e+03 -8.009840461618141855e-07
6.037000000000000000e+03 -7.435466045844551956e-07
6.038000000000000000e+03 -6.848158059761767156e-07
6.039000000000000000e+03 -6.249847961215434663e-07
6.040000000000000000e+03 -5.642490580597905843e-07
6.041000000000000000e+03 -5.028052611180127615e-07
6.042000000000000000e+03 -4.408499659994345155e-07
6.043000000000000000e+03 -3.785783827653650476e-07
6.044000000000000000e+03 -3.161832513171080162e-07
6.045000000000000000e+03 -2.538536961376434101e-07
6.046000000000000000e+03 -1.917740385607233035e-07
6.047000000000000000e+03 -1.301228313758505174e-07
6.048000000000000000e+03 -6.907175771598614072e-08
6.049000000000000000e+03 -8.784870712882281625e-09
6.050000000000000000e+03 5.058215639093217428e-08
6.051000000000000000e+03 1.088826458375872649e-07
6.052000000000000000e+03 1.659794204979909671e-07
6.053000000000000000e+03 2.217452338358337716e-07
6.054000000000000000e+03 2.760632204842248924e-07
6.055000000000000000e+03 3.288269782481990863e-07
6.056000000000000000e+03 3.799408909763270725e-07
6.057000000000000000e+03 4.293201459643843648e-07
6.058000000000000000e+03 4.768908239022124835e-07
6.059000000000000000e+03 5.225899486536481716e-07
6.060000000000000000e+03 5.663654806887746055e-07
6.061000000000000000e+03 6.081762855816412268e-07
6.062000000000000000e+03 6.479921973928000379e-07
6.063000000000000000e+03 6.857938846791828959e-07
6.064000000000000000e+03 7.215728488130447741e-07
6.065000000000000000e+03 7.553310861102061829e-07
6.066000000000000000e+03 7.870808262033958606e-07
6.067000000000000000e+03 8.168439157733756120e-07
6.068000000000000000e+03 8.446511957050677141e-07
6.069000000000000000e+03 8.705415942518187366e-07
6.070000000000000000e+03 8.945612181504170727e-07
6.071000000000000000e+03 9.167621598226926166e-07
6.072000000000000000e+03 9.372012120007246934e-07
6.073000000000000000e+03 9.559384850990024607e-07
6.074000000000000000e+03 9.730360159569603870e-07
6.075000000000000000e+03 9.885563276666477748e-07
6.076000000000000000e+03 1.002561018664639423e-06
6.077000000000000000e+03 1.015109361322259614e-06
6.078000000000000000e+03 1.026257214649447092e-06
6.079000000000000000e+03 1.036055992604512956e-06
6.080000000000000000e+03 1.044551941371433867e-06
6.081000000000000000e+03 1.051785583760412541e-06
6.082000000000000000e+03 1.057791398349172590e-06
6.083000000000000000e+03 1.062597388717911086e-06
6.084000000000000000e+03 1.066225041622608759e-06
6.085000000000000000e+03 1.068689290902188492e-06
6.086000000000000000e+03 1.069998445252840284e-06
6.087000000000000000e+03 1.070154110769579107e-06
6.088000000000000000e+03 1.069151207198704611e-06
6.089000000000000000e+03 1.066978019890636195e-06
6.090000000000000000e+03 1.063616274086392094e-06
6.091000000000000000e+03 1.059041437325989534e-06
6.092000000000000000e+03 1.053223060341825374e-06
6.093000000000000000e+03 1.046125308172251069e-06
6.094000000000000000e+03 1.037707506104085472e-06
6.095000000000000000e+03 1.027924981445568154e-06
6.096000000000000000e+03 1.016729922184591410e-06
6.097000000000000000e+03 1.004072382034930185e-06
6.098000000000000000e+03 9.899013316577277547e-07
6.099000000000000000e+03 9.741657625218076853e-07
6.100000000000000000e+03 9.568157623552014597e-07
6.101000000000000000e+03 9.378036796619706989e-07
6.102000000000000000e+03 9.170853849131710791e-07
6.103000000000000000e+03 8.946213644534665771e-07
6.104000000000000000e+03 8.703778451803165396e-07
6.105000000000000000e+03 8.443278068646611582e-07
6.106000000000000000e+03 8.164520559027014069e-07
6.107000000000000000e+03 7.867402008925577390e-07
6.108000000000000000e+03 7.551915092129417495e-07
6.109000000000000000e+03 7.218156464381047328e-07
6.110000000000000000e+03 6.866332808170609394e-07
6.111000000000000000e+03 6.496765302728865834e-07
6.112000000000000000e+03 6.109894094360392939e-07
6.113000000000000000e+03 5.706279737415707021e-07
6.114000000000000000e+03 5.286602434493820062e-07
6.115000000000000000e+03 4.851663343316686533e-07
6.116000000000000000e+03 4.402383457487546876e-07
6.117000000000000000e+03 3.939800300351820836e-07
6.118000000000000000e+03 3.465065508422697395e-07
6.119000000000000000e+03 2.979439751602268166e-07
6.120000000000000000e+03 2.484286983788665052e-07
6.121000000000000000e+03 1.981068328080682549e-07
6.122000000000000000e+03 1.471333781177000913e-07
6.123000000000000000e+03 9.567146070986936632e-08
6.124000000000000000e+03 4.389140246933026378e-08
6.125000000000000000e+03 -8.030318103147495282e-09
6.126000000000000000e+03 -5.991202952958500983e-08
6.127000000000000000e+03 -1.115682441867675308e-07
6.128000000000000000e+03 -1.628108651009990981e-07
6.129000000000000000e+03 -2.134505793396887511e-07
6.130000000000000000e+03 -2.632983302677490326e-07
6.131000000000000000e+03 -3.121668154677509786e-07
6.132000000000000000e+03 -3.598718908104418976e-07
6.133000000000000000e+03 -4.062339501762210097e-07
6.134000000000000000e+03 -4.510791848414384447e-07
6.135000000000000000e+03 -4.942408239759290526e-07
6.136000000000000000e+03 -5.355600916899484358e-07
6.137000000000000000e+03 -5.748870402556891681e-07
6.138000000000000000e+03 -6.120811558029573429e-07
6.139000000000000000e+03 -6.470118698395213250e-07
6.140000000000000000e+03 -6.795589417460559807e-07
6.141000000000000000e+03 -7.096126641997102933e-07
6.142000000000000000e+03 -7.370740461323540674e-07
6.143000000000000000e+03 -7.618549469136741158e-07
6.144000000000000000e+03 -7.838782529650915664e-07
6.145000000000000000e+03 -8.030781750704716714e-07
6.146000000000000000e+03 -8.194005617207351091e-07
6.147000000000000000e+03 -8.328032086405862254e-07
6.148000000000000000e+03 -8.432562232393287941e-07
6.149000000000000000e+03 -8.507425151204464151e-07
6.150000000000000000e+03 -8.552580981429390656e-07
6.151000000000000000e+03 -8.568123535109076352e-07
6.152000000000000000e+03 -8.554281737788716973e-07
6.153000000000000000e+03 -8.511420550480877282e-07
6.154000000000000000e+03 -8.440038333311449050e-07
6.155000000000000000e+03 -8.340763137921369877e-07
6.156000000000000000e+03 -8.214347458869385997e-07
6.157000000000000000e+03 -8.061660810877678566e-07
6.158000000000000000e+03 -7.883680904290129941e-07
6.159000000000000000e+03 -7.681485905043464720e-07
6.160000000000000000e+03 -7.456243371978612701e-07
6.161000000000000000e+03 -7.209201489281722255e-07
6.162000000000000000e+03 -6.941677253134127594e-07
6.163000000000000000e+03 -6.655046305742419471e-07
6.164000000000000000e+03 -6.350732001252834217e-07
6.165000000000000000e+03 -6.030195473096574119e-07
6.166000000000000000e+03 -5.694926034314557849e-07
6.167000000000000000e+03 -5.346430480083414950e-07
6.168000000000000000e+03 -4.986222951732834206e-07
6.169000000000000000e+03 -4.615817917960756765e-07
6.170000000000000000e+03 -4.236720481338022997e-07
6.171000000000000000e+03 -3.850420700402516974e-07
6.172000000000000000e+03 -3.458387753407830418e-07
6.173000000000000000e+03 -3.062064013445932337e-07
6.174000000000000000e+03 -2.662860353211658307e-07
6.175000000000000000e+03 -2.262152197780029828e-07
6.176000000000000000e+03 -1.861275284869101590e-07
6.177000000000000000e+03 -1.461521591417285092e-07
6.178000000000000000e+03 -1.064136568565652695e-07
6.179000000000000000e+03 -6.703160455527777607e-08
6.180000000000000000e+03 -2.812026669829846664e-08
6.181000000000000000e+03 1.021166763902777326e-08
6.182000000000000000e+03 4.786137589007070254e-08
6.183000000000000000e+03 8.473213428951169603e-08
6.184000000000000000e+03 1.207334199107041867e-07
6.185000000000000000e+03 1.557809818758330148e-07
6.186000000000000000e+03 1.897967931775228383e-07
6.187000000000000000e+03 2.227091470742865528e-07
6.188000000000000000e+03 2.544524802444899740e-07
6.189000000000000000e+03 2.849671999281368753e-07
6.190000000000000000e+03 3.141994662888673679e-07
6.191000000000000000e+03 3.421009450293941737e-07
6.192000000000000000e+03 3.686283737501291093e-07
6.193000000000000000e+03 3.937431593782182651e-07
6.194000000000000000e+03 4.174110206960255788e-07
6.195000000000000000e+03 4.396015488558750145e-07
6.196000000000000000e+03 4.602877346673157301e-07
6.197000000000000000e+03 4.794456636737652233e-07
6.198000000000000000e+03 4.970541178892312546e-07
6.199000000000000000e+03 5.130942327504667937e-07
6.200000000000000000e+03 5.275492398847781396e-07
6.201000000000000000e+03 5.404042678150254403e-07
6.202000000000000000e+03 5.516463275445512980e-07
6.203000000000000000e+03 5.612643377801096622e-07
6.204000000000000000e+03 5.692492287287214472e-07
6.205000000000000000e+03 5.755941845904686972e-07
6.206000000000000000e+03 5.802949408037644297e-07
6.207000000000000000e+03 5.833501521165409484e-07
6.208000000000000000e+03 5.847616246406751987e-07
6.209000000000000000e+03 5.845345823594358423e-07
6.210000000000000000e+03 5.826778785660766241e-07
6.211000000000000000e+03 5.792040568835086155e-07
6.212000000000000000e+03 5.741294277164839472e-07
6.213000000000000000e+03 5.674739258558162908e-07
6.214000000000000000e+03 5.592610192665361060e-07
6.215000000000000000e+03 5.495175248812519449e-07
6.216000000000000000e+03 5.382734427891526520e-07
6.217000000000000000e+03 5.255617409596862261e-07
6.218000000000000000e+03 5.114180954995402030e-07
6.219000000000000000e+03 4.958806845347681206e-07
6.220000000000000000e+03 4.789900561033467225e-07
6.221000000000000000e+03 4.607890052770097137e-07
6.222000000000000000e+03 4.413225430355655342e-07
6.223000000000000000e+03 4.206380062689250260e-07
6.224000000000000000e+03 3.987850377906506581e-07
6.225000000000000000e+03 3.758157794165917418e-07
6.226000000000000000e+03 3.517849945572744651e-07
6.227000000000000000e+03 3.267503825622587171e-07
6.228000000000000000e+03 3.007727361883342665e-07
6.229000000000000000e+03 2.739161883428608279e-07
6.230000000000000000e+03 2.462485290291316690e-07
6.231000000000000000e+03 2.178413707120196712e-07
6.232000000000000000e+03 1.887702927879839671e-07
6.233000000000000000e+03 1.591147915416483623e-07
6.234000000000000000e+03 1.289583808552348842e-07
6.235000000000000000e+03 9.838856747227730106e-08
6.236000000000000000e+03 6.749672364064708296e-08
6.237000000000000000e+03 3.637782437753206082e-08
6.238000000000000000e+03 5.130239356250181318e-09
6.239000000000000000e+03 -2.614460840048616160e-08
6.240000000000000000e+03 -5.734257268601075504e-08
6.241000000000000000e+03 -8.835716632458893641e-08
6.242000000000000000e+03 -1.190800044503282489e-07
6.243000000000000000e+03 -1.494012693525125855e-07
6.244000000000000000e+03 -1.792102068155483959e-07
6.245000000000000000e+03 -2.083955542853198509e-07
6.246000000000000000e+03 -2.368461660273564068e-07
6.247000000000000000e+03 -2.644514640775718918e-07
6.248000000000000000e+03 -2.911020375984062616e-07
6.249000000000000000e+03 -3.166902690518053112e-07
6.250000000000000000e+03 -3.411109082148379164e-07
6.251000000000000000e+03 -3.642616557242103398e-07
6.252000000000000000e+03 -3.860438152331286163e-07
6.253000000000000000e+03 -4.063629837377968935e-07
6.254000000000000000e+03 -4.251296697523068832e-07
6.255000000000000000e+03 -4.422598791854880150e-07
6.256000000000000000e+03 -4.576758089456986205e-07
6.257000000000000000e+03 -4.713064709803775418e-07
6.258000000000000000e+03 -4.830882317395841265e-07
6.259000000000000000e+03 -4.929652141090112373e-07
6.260000000000000000e+03 -5.008896392882661119e-07
6.261000000000000000e+03 -5.068220839456655072e-07
6.262000000000000000e+03 -5.107316389929697698e-07
6.263000000000000000e+03 -5.125959379923637396e-07
6.264000000000000000e+03 -5.124009677901100796e-07
6.265000000000000000e+03 -5.101410344029372583e-07
6.266000000000000000e+03 -5.058186274109874880e-07
6.267000000000000000e+03 -4.994443437879210148e-07
6.268000000000000000e+03 -4.910368099468788091e-07
6.269000000000000000e+03 -4.806226111713275214e-07
6.270000000000000000e+03 -4.682362091152869300e-07
6.271000000000000000e+03 -4.539199565453984036e-07
6.272000000000000000e+03 -4.377240826928770427e-07
6.273000000000000000e+03 -4.197066832465379678e-07
6.274000000000000000e+03 -3.999334963264915870e-07
6.275000000000000000e+03 -3.784779349226171992e-07
6.276000000000000000e+03 -3.554208814379364239e-07
6.277000000000000000e+03 -3.308505625283687252e-07
6.278000000000000000e+03 -3.048624577523569088e-07
6.279000000000000000e+03 -2.775591934145377550e-07
6.280000000000000000e+03 -2.490505386957346677e-07
6.281000000000000000e+03 -2.194533399475528471e-07
6.282000000000000000e+03 -1.888913941902231590e-07
6.283000000000000000e+03 -1.574953032766668306e-07
6.284000000000000000e+03 -1.254021951701064962e-07
6.285000000000000000e+03 -9.275538008314443757e-08
6.286000000000000000e+03 -5.970389179476430907e-08
6.287000000000000000e+03 -2.640178747473056587e-08
6.288000000000000000e+03 6.992632898191919427e-09
6.289000000000000000e+03 4.031761951245556680e-08
6.290000000000000000e+03 7.340914245017734323e-08
6.291000000000000000e+03 1.061018909935312700e-07
6.292000000000000000e+03 1.382304046744936303e-07
6.293000000000000000e+03 1.696302718421460118e-07
6.294000000000000000e+03 2.001392075480159168e-07
6.295000000000000000e+03 2.295980601299766183e-07
6.296000000000000000e+03 2.578519316058058117e-07
6.297000000000000000e+03 2.847510945463950173e-07
6.298000000000000000e+03 3.101517196016542753e-07
6.299000000000000000e+03 3.339164907562799723e-07
6.300000000000000000e+03 3.559152499840039959e-07
6.301000000000000000e+03 3.760253906757906975e-07
6.302000000000000000e+03 3.941321017730976590e-07
6.303000000000000000e+03 4.101286036963331815e-07
6.304000000000000000e+03 4.239164110517918338e-07
6.305000000000000000e+03 4.354054555647275957e-07
6.306000000000000000e+03 4.445141565457534287e-07
6.307000000000000000e+03 4.511696401119325986e-07
6.308000000000000000e+03 4.553076764854129884e-07
6.309000000000000000e+03 4.568729076654373396e-07
6.310000000000000000e+03 4.558188867330294034e-07
6.311000000000000000e+03 4.521083154728256682e-07
6.312000000000000000e+03 4.457132984570622982e-07
6.313000000000000000e+03 4.366156211991773079e-07
6.314000000000000000e+03 4.248071231393334751e-07
6.315000000000000000e+03 4.102900856512473105e-07
6.316000000000000000e+03 3.930776903346574846e-07
6.317000000000000000e+03 3.731946206458008937e-07
6.318000000000000000e+03 3.506775394990677168e-07
6.319000000000000000e+03 3.255757289827139629e-07
6.320000000000000000e+03 2.979516217461146312e-07
6.321000000000000000e+03 2.678815496050649575e-07
6.322000000000000000e+03 2.354562612463541938e-07
6.323000000000000000e+03 2.007814390057817219e-07
6.324000000000000000e+03 1.639781784648231981e-07
6.325000000000000000e+03 1.251834676050282922e-07
6.326000000000000000e+03 8.455048963860980980e-08
6.327000000000000000e+03 4.224875074438804851e-08
6.328000000000000000e+03 -1.536069716647151232e-09
6.329000000000000000e+03 -4.660229241974131042e-08
6.330000000000000000e+03 -9.273282475900321925e-08
6.331000000000000000e+03 -1.396958647495959336e-07
6.332000000000000000e+03 -1.872460961893976643e-07
6.333000000000000000e+03 -2.351259204098894455e-07
6.334000000000000000e+03 -2.830672619645840440e-07
6.335000000000000000e+03 -3.307933156753070433e-07
6.336000000000000000e+03 -3.780206102549447232e-07
6.337000000000000000e+03 -4.244612876679660401e-07
6.338000000000000000e+03 -4.698253975760795987e-07
6.339000000000000000e+03 -5.138232370324730933e-07
6.340000000000000000e+03 -5.561678321247117912e-07
6.341000000000000000e+03 -5.965773980609699578e-07
6.342000000000000000e+03 -6.347776001115918259e-07
6.343000000000000000e+03 -6.705040048989753314e-07
6.344000000000000000e+03 -7.035044975476655903e-07
6.345000000000000000e+03 -7.335415584844052547e-07
6.346000000000000000e+03 -7.603943427736175007e-07
6.347000000000000000e+03 -7.838610091843532666e-07
6.348000000000000000e+03 -8.037606333165340538e-07
6.349000000000000000e+03 -8.199351181663307954e-07
6.350000000000000000e+03 -8.322508073438844912e-07
6.351000000000000000e+03 -8.406000441142285312e-07
6.352000000000000000e+03 -8.449024736039861863e-07
6.353000000000000000e+03 -8.451061937486053721e-07
6.354000000000000000e+03 -8.411886162704525239e-07
6.355000000000000000e+03 -8.331570061513636453e-07
6.356000000000000000e+03 -8.210488477167788773e-07
6.357000000000000000e+03 -8.049318192780911103e-07
6.358000000000000000e+03 -7.849034910648973931e-07
6.359000000000000000e+03 -7.610907811064551226e-07
6.360000000000000000e+03 -7.336489861399402018e-07
6.361000000000000000e+03 -7.027605810885319011e-07
6.362000000000000000e+03 -6.686336853881876285e-07
6.363000000000000000e+03 -6.315001607907564569e-07
6.364000000000000000e+03 -5.916135537681917684e-07
6.365000000000000000e+03 -5.492466911015240312e-07
6.366000000000000000e+03 -5.046893334837828321e-07
6.367000000000000000e+03 -4.582453950360816333e-07
6.368000000000000000e+03 -4.102302243689397652e-07
6.369000000000000000e+03 -3.609677292990080332e-07
6.370000000000000000e+03 -3.107873847020639785e-07
6.371000000000000000e+03 -2.600214461615620843e-07
6.372000000000000000e+03 -2.090020684713717601e-07
6.373000000000000000e+03 -1.580583851311714612e-07
6.374000000000000000e+03 -1.075137566021759922e-07
6.375000000000000000e+03 -5.768298897451911902e-08
6.376000000000000000e+03 -8.869808794763600578e-09
6.377000000000000000e+03 3.863544686776318339e-08
6.378000000000000000e+03 8.455808458455533925e-08
6.379000000000000000e+03 1.286408694912560227e-07
6.380000000000000000e+03 1.706456375138381759e-07
6.381000000000000000e+03 2.103545624362802867e-07
6.382000000000000000e+03 2.475714184624184682e-07
6.383000000000000000e+03 2.821223995511027252e-07
6.384000000000000000e+03 3.138568124627192319e-07
6.385000000000000000e+03 3.426473804331021731e-07
6.386000000000000000e+03 3.683905716232340166e-07
6.387000000000000000e+03 3.910066616517191302e-07
6.388000000000000000e+03 4.104395448512812954e-07
6.389000000000000000e+03 4.266564258203292663e-07
6.390000000000000000e+03 4.396472989517551659e-07
6.391000000000000000e+03 4.494242832930483948e-07
6.392000000000000000e+03 4.560210381269444934e-07
6.393000000000000000e+03 4.594918943833511063e-07
6.394000000000000000e+03 4.599110054306842116e-07
6.395000000000000000e+03 4.573714226683916823e-07
6.396000000000000000e+03 4.519841771250678155e-07
6.397000000000000000e+03 4.438773105363476259e-07
6.398000000000000000e+03 4.331948025818354335e-07
6.399000000000000000e+03 4.200955756474695484e-07
6.400000000000000000e+03 4.047522671343835631e-07
6.401000000000000000e+03 3.873498786869011222e-07
6.402000000000000000e+03 3.680846092644512975e-07
6.403000000000000000e+03 3.471624440909458395e-07
6.404000000000000000e+03 3.247977232746475170e-07
6.405000000000000000e+03 3.012116430244385015e-07
6.406000000000000000e+03 2.766308297712253504e-07
6.407000000000000000e+03 2.512858695565640867e-07
6.408000000000000000e+03 2.254098349552013424e-07
6.409000000000000000e+03 1.992368167070163035e-07
6.410000000000000000e+03 1.730005332433881694e-07
6.411000000000000000e+03 1.469330912286383813e-07
6.412000000000000000e+03 1.212635831394508615e-07
6.413000000000000000e+03 9.621694573053749467e-08
6.414000000000000000e+03 7.201250698518593246e-08
6.415000000000000000e+03 4.886267799921380333e-08
6.416000000000000000e+03 2.697171234390450776e-08
6.417000000000000000e+03 6.534465962469915268e-09
6.418000000000000000e+03 -1.226511426321653648e-08
6.419000000000000000e+03 -2.925524278177628554e-08
6.420000000000000000e+03 -4.427750446678420884e-08
6.421000000000000000e+03 -5.718822019350242649e-08
6.422000000000000000e+03 -6.785952851455334663e-08
6.423000000000000000e+03 -7.618045233700910101e-08
6.424000000000000000e+03 -8.205781267949455409e-08
6.425000000000000000e+03 -8.541725634516049179e-08
6.426000000000000000e+03 -8.620379088896032516e-08
6.427000000000000000e+03 -8.438241515132016369e-08
6.428000000000000000e+03 -7.993838788397649949e-08
6.429000000000000000e+03 -7.287745481033538096e-08
6.430000000000000000e+03 -6.322579032638490838e-08
6.431000000000000000e+03 -5.102987809337928959e-08
6.432000000000000000e+03 -3.635613873311039977e-08
6.433000000000000000e+03 -1.929038596103453557e-08
6.434000000000000000e+03 6.272593601626344936e-11
6.435000000000000000e+03 2.158050346383620827e-08
6.436000000000000000e+03 4.512315273181429329e-08
6.437000000000000000e+03 7.053484097129337338e-08
6.438000000000000000e+03 9.764487505527883430e-08
6.439000000000000000e+03 1.262688438034577511e-07
6.440000000000000000e+03 1.562100641347058344e-07
6.441000000000000000e+03 1.872609574771047819e-07
6.442000000000000000e+03 2.192044906582475006e-07
6.443000000000000000e+03 2.518157202107233477e-07
6.444000000000000000e+03 2.848634090934180486e-07
6.445000000000000000e+03 3.181115797112816682e-07
6.446000000000000000e+03 3.513211666279120285e-07
6.447000000000000000e+03 3.842515099685450490e-07
6.448000000000000000e+03 4.166620807919520372e-07
6.449000000000000000e+03 4.483141425765684044e-07
6.450000000000000000e+03 4.789722640598333095e-07
6.451000000000000000e+03 5.084060613610532360e-07
6.452000000000000000e+03 5.363918518512998148e-07
6.453000000000000000e+03 5.627143209170205152e-07
6.454000000000000000e+03 5.871679864457751060e-07
6.455000000000000000e+03 6.095586232674586946e-07
6.456000000000000000e+03 6.297046965479239831e-07
6.457000000000000000e+03 6.474386807984810803e-07
6.458000000000000000e+03 6.626081569388598519e-07
6.459000000000000000e+03 6.750766549761604923e-07
6.460000000000000000e+03 6.847245910405408338e-07
6.461000000000000000e+03 6.914498982675362182e-07
6.462000000000000000e+03 6.951684842591445987e-07
6.463000000000000000e+03 6.958146155751184772e-07
6.464000000000000000e+03 6.933409843920684789e-07
6.465000000000000000e+03 6.877187235958241971e-07
6.466000000000000000e+03 6.789372623778058484e-07
6.467000000000000000e+03 6.670042380413275297e-07
6.468000000000000000e+03 6.519449292303066564e-07
6.469000000000000000e+03 6.338018947743875495e-07
6.470000000000000000e+03 6.126344476410925417e-07
6.471000000000000000e+03 5.885181656861415725e-07
6.472000000000000000e+03 5.615442748526075129e-07
6.473000000000000000e+03 5.318187989109265889e-07
6.474000000000000000e+03 4.994619386202935987e-07
6.475000000000000000e+03 4.646074334488589929e-07
6.476000000000000000e+03 4.274017062951003729e-07
6.477000000000000000e+03 3.880030845388837347e-07
6.478000000000000000e+03 3.465809778331460217e-07
6.479000000000000000e+03 3.033150411426160521e-07
6.480000000000000000e+03 2.583941809892014406e-07
6.481000000000000000e+03 2.120157272774132426e-07
6.482000000000000000e+03 1.643845572599471922e-07
6.483000000000000000e+03 1.157122312283008051e-07
6.484000000000000000e+03 6.621590056829130198e-08
6.485000000000000000e+03 1.611746537299310965e-08
6.486000000000000000e+03 -3.435760831999879354e-08
6.487000000000000000e+03 -8.498136547024139078e-08
6.488000000000000000e+03 -1.355244350174264120e-07
6.489000000000000000e+03 -1.857573229319465084e-07
6.490000000000000000e+03 -2.354518443561453519e-07
6.491000000000000000e+03 -2.843824215983005612e-07
6.492000000000000000e+03 -3.323273668025655566e-07
6.493000000000000000e+03 -3.790701803615380506e-07
6.494000000000000000e+03 -4.244009563041257393e-07
6.495000000000000000e+03 -4.681174762860881722e-07
6.496000000000000000e+03 -5.100265261915234330e-07
6.497000000000000000e+03 -5.499448382388449079e-07
6.498000000000000000e+03 -5.877000427760702692e-07
6.499000000000000000e+03 -6.231314601201479153e-07
6.500000000000000000e+03 -6.560905726091080141e-07
6.501000000000000000e+03 -6.864414969232112506e-07
6.502000000000000000e+03 -7.140613008673751652e-07
6.503000000000000000e+03 -7.388402339322864580e-07
6.504000000000000000e+03 -7.606819403252102558e-07
6.505000000000000000e+03 -7.795034573064552022e-07
6.506000000000000000e+03 -7.952353103732418916e-07
6.507000000000000000e+03 -8.078216831960769113e-07
6.508000000000000000e+03 -8.172203721498915668e-07
6.509000000000000000e+03 -8.234028019299949780e-07
6.510000000000000000e+03 -8.263541095097272893e-07
6.511000000000000000e+03 -8.260730541498251982e-07
6.512000000000000000e+03 -8.225718445436388798e-07
6.513000000000000000e+03 -8.158759279014838443e-07
6.514000000000000000e+03 -8.060237667246185975e-07
6.515000000000000000e+03 -7.930665083537638718e-07
6.516000000000000000e+03 -7.770675935738369885e-07
6.517000000000000000e+03 -7.581024419032749352e-07
6.518000000000000000e+03 -7.362579806935938631e-07
6.519000000000000000e+03 -7.116320735655642986e-07
6.520000000000000000e+03 -6.843328878413791392e-07
6.521000000000000000e+03 -6.544785129145788719e-07
6.522000000000000000e+03 -6.221964861856293990e-07
6.523000000000000000e+03 -5.876229742303456390e-07
6.524000000000000000e+03 -5.509020693225236542e-07
6.525000000000000000e+03 -5.121851848391255597e-07
6.526000000000000000e+03 -4.716305028457306505e-07
6.527000000000000000e+03 -4.294022486823935872e-07
6.528000000000000000e+03 -3.856701107462301640e-07
6.529000000000000000e+03 -3.406085675439238685e-07
6.530000000000000000e+03 -2.943962456148084621e-07
6.531000000000000000e+03 -2.472152562325219883e-07
6.532000000000000000e+03 -1.992506979132607606e-07
6.533000000000000000e+03 -1.506901108280192116e-07
6.534000000000000000e+03 -1.017227725046805178e-07
6.535000000000000000e+03 -5.253913888352394964e-08
6.536000000000000000e+03 -3.330072756634744873e-09
6.537000000000000000e+03 4.571377556132296307e-08
6.538000000000000000e+03 9.440283007218464449e-08
6.539000000000000000e+03 1.425494946157836950e-07
6.540000000000000000e+03 1.899691693244692346e-07
6.541000000000000000e+03 2.364811583207241840e-07
6.542000000000000000e+03 2.819097253996304319e-07
6.543000000000000000e+03 3.260851601034891051e-07
6.544000000000000000e+03 3.688446931691628456e-07
6.545000000000000000e+03 4.100335258310280496e-07
6.546000000000000000e+03 4.495057078399623904e-07
6.547000000000000000e+03 4.871248801241067422e-07
6.548000000000000000e+03 5.227651415623384684e-07
6.549000000000000000e+03 5.563115702719209893e-07
6.550000000000000000e+03 5.876608752244555323e-07
6.551000000000000000e+03 6.167217358390473589e-07
6.552000000000000000e+03 6.434151999183662788e-07
6.553000000000000000e+03 6.676748354419064706e-07
6.554000000000000000e+03 6.894468686392923900e-07
6.555000000000000000e+03 7.086901945131868663e-07
6.556000000000000000e+03 7.253761869355548613e-07
6.557000000000000000e+03 7.394884533389965743e-07
6.558000000000000000e+03 7.510224767083154132e-07
6.559000000000000000e+03 7.599852051287352848e-07
6.560000000000000000e+03 7.663945514861145515e-07
6.561000000000000000e+03 7.702787612012446437e-07
6.562000000000000000e+03 7.716760233252555810e-07
6.563000000000000000e+03 7.706338632909075330e-07
6.564000000000000000e+03 7.672086236160727715e-07
6.565000000000000000e+03 7.614649711886573424e-07
6.566000000000000000e+03 7.534755421207907856e-07
6.567000000000000000e+03 7.433205518184565456e-07
6.568000000000000000e+03 7.310873475413597490e-07
6.569000000000000000e+03 7.168700493174779595e-07
6.570000000000000000e+03 7.007692153053128726e-07
6.571000000000000000e+03 6.828913698390816227e-07
6.572000000000000000e+03 6.633485703027572841e-07
6.573000000000000000e+03 6.422581790645916559e-07
6.574000000000000000e+03 6.197421630695507495e-07
6.575000000000000000e+03 5.959266392798311519e-07
6.576000000000000000e+03 5.709412336917316551e-07
6.577000000000000000e+03 5.449183271424804224e-07
6.578000000000000000e+03 5.179923772443710582e-07
6.579000000000000000e+03 4.902990658621440012e-07
6.580000000000000000e+03 4.619743081030295510e-07
6.581000000000000000e+03 4.331534324980391665e-07
6.582000000000000000e+03 4.039701314729888977e-07
6.583000000000000000e+03 3.745555399954976572e-07
6.584000000000000000e+03 3.450371660631723139e-07
6.585000000000000000e+03 3.155379726420119383e-07
6.586000000000000000e+03 2.861754526849257752e-07
6.587000000000000000e+03 2.570604928918431987e-07
6.588000000000000000e+03 2.282965978564440557e-07
6.589000000000000000e+03 1.999789784314109727e-07
6.590000000000000000e+03 1.721938904748498313e-07
6.591000000000000000e+03 1.450177875046857387e-07
6.592000000000000000e+03 1.185166637721440878e-07
6.593000000000000000e+03 9.274542622739406579e-08
6.594000000000000000e+03 6.774741943467814670e-08
6.595000000000000000e+03 4.355411920822696538e-08
6.596000000000000000e+03 2.018492943021171548e-08
6.597000000000000000e+03 -2.353130818996941405e-09
6.598000000000000000e+03 -2.406529508359362746e-08
6.599000000000000000e+03 -4.496903642766902165e-08
6.600000000000000000e+03 -6.509375809417657345e-08
6.601000000000000000e+03 -8.448023044755303194e-08
6.602000000000000000e+03 -1.031800408434934490e-07
6.603000000000000000e+03 -1.212548007564497867e-07
6.604000000000000000e+03 -1.387751544939109993e-07
6.605000000000000000e+03 -1.558195644344584800e-07
6.606000000000000000e+03 -1.724730404787061475e-07
6.607000000000000000e+03 -1.888256106983222192e-07
6.608000000000000000e+03 -2.049707632502930248e-07
6.609000000000000000e+03 -2.210039838547673402e-07
6.610000000000000000e+03 -2.370211060023863062e-07
6.611000000000000000e+03 -2.531166448730890389e-07
6.612000000000000000e+03 -2.693823114691347164e-07
6.613000000000000000e+03 -2.859056573236553316e-07
6.614000000000000000e+03 -3.027686396280107050e-07
6.615000000000000000e+03 -3.200464361445818530e-07
6.616000000000000000e+03 -3.378064311655960555e-07
6.617000000000000000e+03 -3.561070308851697091e-07
6.618000000000000000e+03 -3.749967622855798214e-07
6.619000000000000000e+03 -3.945133847349437509e-07
6.620000000000000000e+03 -4.146830575966761370e-07
6.621000000000000000e+03 -4.355197063038190355e-07
6.622000000000000000e+03 -4.570243869546097586e-07
6.623000000000000000e+03 -4.791847574466885201e-07
6.624000000000000000e+03 -5.019747695213591312e-07
6.625000000000000000e+03 -5.253543957804160664e-07
6.626000000000000000e+03 -5.492696082493604134e-07
6.627000000000000000e+03 -5.736522984493477786e-07
6.628000000000000000e+03 -5.984206551002957168e-07
6.629000000000000000e+03 -6.234794312812083433e-07
6.630000000000000000e+03 -6.487205454281592927e-07
6.631000000000000000e+03 -6.740237035529177323e-07
6.632000000000000000e+03 -6.992572137903496391e-07
6.633000000000000000e+03 -7.242788035781934480e-07
6.634000000000000000e+03 -7.489366415798636939e-07
6.635000000000000000e+03 -7.730704628589636792e-07
6.636000000000000000e+03 -7.965127748067998162e-07
6.637000000000000000e+03 -8.190901366837259758e-07
6.638000000000000000e+03 -8.406247024994474478e-07
6.639000000000000000e+03 -8.609357392025710331e-07
6.640000000000000000e+03 -8.798410974584191327e-07
6.641000000000000000e+03 -8.971587005410396122e-07
6.642000000000000000e+03 -9.127082967924142356e-07
6.643000000000000000e+03 -9.263129630555429572e-07
6.644000000000000000e+03 -9.378008100463788855e-07
6.645000000000000000e+03 -9.470065530784591241e-07
6.646000000000000000e+03 -9.537730980206692036e-07
6.647000000000000000e+03 -9.579529349660177042e-07
6.648000000000000000e+03 -9.594094100853782908e-07
6.649000000000000000e+03 -9.580180422383258384e-07
6.650000000000000000e+03 -9.536677573856781409e-07
6.651000000000000000e+03 -9.462617934242151138e-07
6.652000000000000000e+03 -9.357184734240664993e-07
6.653000000000000000e+03 -9.219720078401848093e-07
6.654000000000000000e+03 -9.049730425752371806e-07
6.655000000000000000e+03 -8.846891424870382014e-07
6.656000000000000000e+03 -8.611050865440270552e-07
6.657000000000000000e+03 -8.342230344101929722e-07
6.658000000000000000e+03 -8.040626245836042225e-07
6.659000000000000000e+03 -7.706609871970467838e-07
6.660000000000000000e+03 -7.340726205384546982e-07
6.661000000000000000e+03 -6.943691219790387748e-07
6.662000000000000000e+03 -6.516391297487085099e-07
6.663000000000000000e+03 -6.059879648728284504e-07
6.664000000000000000e+03 -5.575373134516820086e-07
6.665000000000000000e+03 -5.064249002412796029e-07
6.666000000000000000e+03 -4.528041996949958436e-07
6.667000000000000000e+03 -3.968440933087707960e-07
6.668000000000000000e+03 -3.387284572047359937e-07
6.669000000000000000e+03 -2.786557401136269689e-07
6.670000000000000000e+03 -2.168385664379094569e-07
6.671000000000000000e+03 -1.535033027745668485e-07
6.672000000000000000e+03 -8.888956255761600003e-08
6.673000000000000000e+03 -2.324936508093679313e-08
6.674000000000000000e+03 4.315331380328452258e-08
6.675000000000000000e+03 1.100435334320131696e-07
6.676000000000000000e+03 1.771364158104809365e-07
6.677000000000000000e+03 2.441381515640005182e-07
6.678000000000000000e+03 3.107475245225719126e-07
6.679000000000000000e+03 3.766573294644314851e-07
6.680000000000000000e+03 4.415561182181291865e-07
6.681000000000000000e+03 5.051299403322510210e-07
6.682000000000000000e+03 5.670645731943746479e-07
6.683000000000000000e+03 6.270478323676310037e-07
6.684000000000000000e+03 6.847718113392798030e-07
6.685000000000000000e+03 7.399353780509393002e-07
6.686000000000000000e+03 7.922468681467146673e-07
6.687000000000000000e+03 8.414265922471126610e-07
6.688000000000000000e+03 8.872093019898654865e-07
6.689000000000000000e+03 9.293468031946099394e-07
6.690000000000000000e+03 9.676103436753279277e-07
6.691000000000000000e+03 1.001792853410565233e-06
6.692000000000000000e+03 1.031710933357852324e-06
6.693000000000000000e+03 1.057206690303157260e-06
6.694000000000000000e+03 1.078149360106546591e-06
6.695000000000000000e+03 1.094436740631522915e-06
6.696000000000000000e+03 1.105996315253426068e-06
6.697000000000000000e+03 1.112786028743800904e-06
6.698000000000000000e+03 1.114794611919634195e-06
6.699000000000000000e+03 1.112041778266733681e-06
6.700000000000000000e+03 1.104578004924852002e-06
6.701000000000000000e+03 1.092484098579412718e-06
6.702000000000000000e+03 1.075870133931250804e-06
6.703000000000000000e+03 1.054874240129231602e-06
6.704000000000000000e+03 1.029661036247047717e-06
6.705000000000000000e+03 1.000419960565814801e-06
6.706000000000000000e+03 9.673632241598906474e-07
6.707000000000000000e+03 9.307236806128187757e-07
6.708000000000000000e+03 8.907525665056933830e-07
6.709000000000000000e+03 8.477170484584529385e-07
6.710000000000000000e+03 8.018976713782789017e-07
6.711000000000000000e+03 7.535860450015091613e-07
6.712000000000000000e+03 7.030823150772332053e-07
6.713000000000000000e+03 6.506925864437520600e-07
6.714000000000000000e+03 5.967264675735880728e-07
6.715000000000000000e+03 5.414946817911674187e-07
6.716000000000000000e+03 4.853067475842413473e-07
6.717000000000000000e+03 4.284686513977467681e-07
6.718000000000000000e+03 3.712806739373112336e-07
6.719000000000000000e+03 3.140353028344591960e-07
6.720000000000000000e+03 2.570151751238530269e-07
6.721000000000000000e+03 2.004915173687760309e-07
6.722000000000000000e+03 1.447223839708112252e-07
6.723000000000000000e+03 8.995121567354403781e-08
6.724000000000000000e+03 3.640570737462103134e-08
6.725000000000000000e+03 -1.570325018439626220e-08
6.726000000000000000e+03 -6.618213248408413927e-08
6.727000000000000000e+03 -1.148553725496937088e-07
6.728000000000000000e+03 -1.615654059222700842e-07
6.729000000000000000e+03 -2.061725568311666769e-07
6.730000000000000000e+03 -2.485549124949695952e-07
6.731000000000000000e+03 -2.886077004640045522e-07
6.732000000000000000e+03 -3.262424207624532984e-07
6.733000000000000000e+03 -3.613861382730797712e-07
6.734000000000000000e+03 -3.939804679843714365e-07
6.735000000000000000e+03 -4.239806453387161135e-07
6.736000000000000000e+03 -4.513546068448290809e-07
6.737000000000000000e+03 -4.760819394613313114e-07
6.738000000000000000e+03 -4.981530889501089447e-07
6.739000000000000000e+03 -5.175684040559556078e-07
6.740000000000000000e+03 -5.343373998184759134e-07
6.741000000000000000e+03 -5.484780546646789632e-07
6.742000000000000000e+03 -5.600159679876373885e-07
6.743000000000000000e+03 -5.689838004715792113e-07
6.744000000000000000e+03 -5.754204953808641784e-07
6.745000000000000000e+03 -5.793706096171969277e-07
6.746000000000000000e+03 -5.808838114055473625e-07
6.747000000000000000e+03 -5.800144018472834510e-07
6.748000000000000000e+03 -5.768210129772147292e-07
6.749000000000000000e+03 -5.713662243224691763e-07
6.750000000000000000e+03 -5.637164956639703991e-07
6.751000000000000000e+03 -5.539419538315460480e-07
6.752000000000000000e+03 -5.421164916389491026e-07
6.753000000000000000e+03 -5.283177013545139210e-07
6.754000000000000000e+03 -5.126268351527966030e-07
6.755000000000000000e+03 -4.951287004887226149e-07
6.756000000000000000e+03 -4.759115637435125871e-07
6.757000000000000000e+03 -4.550671087259182497e-07
6.758000000000000000e+03 -4.326902327561945795e-07
6.759000000000000000e+03 -4.088788984392017424e-07
6.760000000000000000e+03 -3.837340357428823929e-07
6.761000000000000000e+03 -3.573596557262772148e-07
6.762000000000000000e+03 -3.298626016498361885e-07
6.763000000000000000e+03 -3.013523461031293006e-07
6.764000000000000000e+03 -2.719410896572421045e-07
6.765000000000000000e+03 -2.417437487723409299e-07
6.766000000000000000e+03 -2.108778214023178892e-07
6.767000000000000000e+03 -1.794631455632823563e-07
6.768000000000000000e+03 -1.476216450989341424e-07
6.769000000000000000e+03 -1.154768139572739336e-07
6.770000000000000000e+03 -8.315325709329882235e-08
6.771000000000000000e+03 -5.077604529751864385e-08
6.772000000000000000e+03 -1.846979773731499357e-08
6.773000000000000000e+03 1.364214408656317749e-08
6.774000000000000000e+03 4.543838088075721498e-08
6.775000000000000000e+03 7.680046532582583992e-08
6.776000000000000000e+03 1.076135139948935136e-07
6.777000000000000000e+03 1.377668075191216450e-07
6.778000000000000000e+03 1.671543248693644149e-07
6.779000000000000000e+03 1.956751283514457733e-07
6.780000000000000000e+03 2.232336738366653209e-07
6.781000000000000000e+03 2.497399943291282469e-07
6.782000000000000000e+03 2.751097593340294601e-07
6.783000000000000000e+03 2.992645111434709697e-07
6.784000000000000000e+03 3.221318222196723619e-07
6.785000000000000000e+03 3.436454184675843540e-07
6.786000000000000000e+03 3.637453302098245251e-07
6.787000000000000000e+03 3.823780180101017913e-07
6.788000000000000000e+03 3.994964410056426201e-07
6.789000000000000000e+03 4.150601053744762002e-07
6.790000000000000000e+03 4.290350383262371572e-07
6.791000000000000000e+03 4.413939508578654322e-07
6.792000000000000000e+03 4.521162750540953770e-07
6.793000000000000000e+03 4.611881223910523272e-07
6.794000000000000000e+03 4.686022028755367121e-07
6.795000000000000000e+03 4.743576598038717999e-07
6.796000000000000000e+03 4.784600511479319590e-07
6.797000000000000000e+03 4.809209742943520825e-07
6.798000000000000000e+03 4.817577961993059984e-07
6.799000000000000000e+03 4.809933705820178480e-07
6.800000000000000000e+03 4.786556974086792961e-07
6.801000000000000000e+03 4.747775742486214891e-07
6.802000000000000000e+03 4.693962534790238342e-07
6.803000000000000000e+03 4.625531043959350753e-07
6.804000000000000000e+03 4.542933077119634908e-07
6.805000000000000000e+03 4.446656504328536028e-07
6.806000000000000000e+03 4.337222430091473526e-07
6.807000000000000000e+03 4.215181759534898769e-07
6.808000000000000000e+03 4.081113039505972649e-07
6.809000000000000000e+03 3.935618627450240444e-07
6.810000000000000000e+03 3.779323199097349762e-07
6.811000000000000000e+03 3.612869586291548487e-07
6.812000000000000000e+03 3.436915718400100485e-07
6.813000000000000000e+03 3.252132540299519156e-07
6.814000000000000000e+03 3.059200992178661029e-07
6.815000000000000000e+03 2.858811438943789987e-07
6.816000000000000000e+03 2.651660330928569339e-07
6.817000000000000000e+03 2.438448669663806449e-07
6.818000000000000000e+03 2.219879996879680067e-07
6.819000000000000000e+03 1.996657314768191581e-07
6.820000000000000000e+03 1.769479313390486989e-07
6.821000000000000000e+03 1.539034461239629029e-07
6.822000000000000000e+03 1.305995653258554295e-07
6.823000000000000000e+03 1.071015336773139633e-07
6.824000000000000000e+03 8.347199460454669704e-08
6.825000000000000000e+03 5.977028507303695117e-08
6.826000000000000000e+03 3.605189622621431396e-08
6.827000000000000000e+03 1.236801308648003846e-08
6.828000000000000000e+03 -1.123487320798053462e-08
6.829000000000000000e+03 -3.471516071153119563e-08
6.830000000000000000e+03 -5.803633999020987428e-08
6.831000000000000000e+03 -8.116708254173042444e-08
6.832000000000000000e+03 -1.040814041772487783e-07
6.833000000000000000e+03 -1.267583718142589380e-07
6.834000000000000000e+03 -1.491822089543384746e-07
6.835000000000000000e+03 -1.713421891375147640e-07
6.836000000000000000e+03 -1.932323549046059684e-07
6.837000000000000000e+03 -2.148512808847746501e-07
6.838000000000000000e+03 -2.362017361164078785e-07
6.839000000000000000e+03 -2.572901829538326000e-07
6.840000000000000000e+03 -2.781262017654468393e-07
6.841000000000000000e+03 -2.987217325711435170e-07
6.842000000000000000e+03 -3.190904927206491384e-07
6.843000000000000000e+03 -3.392469973751439401e-07
6.844000000000000000e+03 -3.592057398536719916e-07
6.845000000000000000e+03 -3.789804003052161907e-07
6.846000000000000000e+03 -3.985827684165529051e-07
6.847000000000000000e+03 -4.180218562620514960e-07
6.848000000000000000e+03 -4.373031686047271908e-07
6.849000000000000000e+03 -4.564277375741674919e-07
6.850000000000000000e+03 -4.753912497261877112e-07
6.851000000000000000e+03 -4.941831456981452234e-07
6.852000000000000000e+03 -5.127857442199016590e-07
6.853000000000000000e+03 -5.311734383340235138e-07
6.854000000000000000e+03 -5.493118591195002622e-07
6.855000000000000000e+03 -5.671571821778295374e-07
6.856000000000000000e+03 -5.846553637588789030e-07
6.857000000000000000e+03 -6.017417395970471561e-07
6.858000000000000000e+03 -6.183406976789236985e-07
6.859000000000000000e+03 -6.343654382434689305e-07
6.860000000000000000e+03 -6.497180311470983636e-07
6.861000000000000000e+03 -6.642894144196500525e-07
6.862000000000000000e+03 -6.779598522614771217e-07
6.863000000000000000e+03 -6.905994910012738944e-07
6.864000000000000000e+03 -7.020690401109466496e-07
6.865000000000000000e+03 -7.122207565848781001e-07
6.866000000000000000e+03 -7.208995667398393038e-07
6.867000000000000000e+03 -7.279442499870288058e-07
6.868000000000000000e+03 -7.331890210195176625e-07
6.869000000000000000e+03 -7.364650618253079884e-07
6.870000000000000000e+03 -7.376021622860847906e-07
6.871000000000000000e+03 -7.364306665481409784e-07
6.872000000000000000e+03 -7.327832608663900271e-07
6.873000000000000000e+03 -7.264970948873967081e-07
6.874000000000000000e+03 -7.174158870257950487e-07
6.875000000000000000e+03 -7.053921804070907698e-07
6.876000000000000000e+03 -6.902895288355944068e-07
6.877000000000000000e+03 -6.719846821495112707e-07
6.878000000000000000e+03 -6.503697324044810496e-07
6.879000000000000000e+03 -6.253539638308123199e-07
6.880000000000000000e+03 -5.968658236439290171e-07
6.881000000000000000e+03 -5.648545265860039544e-07
6.882000000000000000e+03 -5.292917063486246176e-07
6.883000000000000000e+03 -4.901725122028659869e-07
6.884000000000000000e+03 -4.475167493061186988e-07
6.885000000000000000e+03 -4.013696927985803809e-07
6.886000000000000000e+03 -3.518024380577300234e-07
6.887000000000000000e+03 -2.989124592630320470e-07
6.888000000000000000e+03 -2.428237158670307362e-07
6.889000000000000000e+03 -1.836865322609772488e-07
6.890000000000000000e+03 -1.216772854384950732e-07
6.891000000000000000e+03 -5.699790470937139351e-08
6.892000000000000000e+03 1.012484954660267875e-08
6.893000000000000000e+03 7.944026519058203965e-08
6.894000000000000000e+03 1.506750219690282846e-07
6.895000000000000000e+03 2.235345453416138272e-07
6.896000000000000000e+03 2.977046087953090511e-07
6.897000000000000000e+03 3.728532917957339126e-07
6.898000000000000000e+03 4.486330489719268502e-07
6.899000000000000000e+03 5.246829428333274135e-07
6.900000000000000000e+03 6.006311176500670037e-07
6.901000000000000000e+03 6.760974527767797642e-07
6.902000000000000000e+03 7.506961461782692683e-07
6.903000000000000000e+03 8.240385578389315724e-07
6.904000000000000000e+03 8.957359854914529032e-07
6.905000000000000000e+03 9.654025224792712979e-07
6.906000000000000000e+03 1.032657759919047749e-06
6.907000000000000000e+03 1.097129326745705699e-06
6.908000000000000000e+03 1.158455580795057754e-06
6.909000000000000000e+03 1.216287961122488120e-06
6.910000000000000000e+03 1.270293216897753592e-06
6.911000000000000000e+03 1.320155406190598608e-06
6.912000000000000000e+03 1.365577712247865704e-06
6.913000000000000000e+03 1.406284157868729493e-06
6.914000000000000000e+03 1.442021189883929295e-06
6.915000000000000000e+03 1.472558994998880546e-06
6.916000000000000000e+03 1.497692673347573479e-06
6.917000000000000000e+03 1.517243292270359553e-06
6.918000000000000000e+03 1.531058997475714099e-06
6.919000000000000000e+03 1.539015906567708902e-06
6.920000000000000000e+03 1.541018835614968340e-06
6.921000000000000000e+03 1.537002044675822669e-06
6.922000000000000000e+03 1.526929825086429153e-06
6.923000000000000000e+03 1.510796960278464185e-06
6.924000000000000000e+03 1.488629007100650074e-06
6.925000000000000000e+03 1.460482514676132324e-06
6.926000000000000000e+03 1.426445029357227237e-06
6.927000000000000000e+03 1.386634863257735537e-06
6.928000000000000000e+03 1.341200682862447152e-06
6.929000000000000000e+03 1.290320915947730037e-06
6.930000000000000000e+03 1.234202960494629672e-06
6.931000000000000000e+03 1.173082219545156568e-06
6.932000000000000000e+03 1.107220927987615812e-06
6.933000000000000000e+03 1.036906775545952637e-06
6.934000000000000000e+03 9.624516124323397148e-07
6.935000000000000000e+03 8.841898401817890799e-07
6.936000000000000000e+03 8.024765654029683577e-07
6.937000000000000000e+03 7.176857130838070044e-07
6.938000000000000000e+03 6.302078143840840074e-07
6.939000000000000000e+03 5.404477619637177474e-07
6.940000000000000000e+03 4.488223268927497888e-07
6.941000000000000000e+03 3.557575213745745505e-07
6.942000000000000000e+03 2.616857975764009009e-07
6.943000000000000000e+03 1.670432651706134037e-07
6.944000000000000000e+03 7.226673268845367735e-08
6.945000000000000000e+03 -2.220923948153451545e-08
6.946000000000000000e+03 -1.159551601735674467e-07
6.947000000000000000e+03 -2.085494128195408345e-07
6.948000000000000000e+03 -2.995810121628420360e-07
6.949000000000000000e+03 -3.886521350382109715e-07
6.950000000000000000e+03 -4.753805752311192200e-07
6.951000000000000000e+03 -5.594020305464637807e-07
6.952000000000000000e+03 -6.403722454630301905e-07
6.953000000000000000e+03 -7.179687650628201286e-07
6.954000000000000000e+03 -7.918926214379356320e-07
6.955000000000000000e+03 -8.618696257626374338e-07
6.956000000000000000e+03 -9.276513464350743811e-07
6.957000000000000000e+03 -9.890161537267312062e-07
6.958000000000000000e+03 -1.045769784831167898e-06
6.959000000000000000e+03 -1.097745611487830051e-06
6.960000000000000000e+03 -1.144804846807071875e-06
6.961000000000000000e+03 -1.186836578085936290e-06
6.962000000000000000e+03 -1.223757803793032868e-06
6.963000000000000000e+03 -1.255513250603852416e-06
6.964000000000000000e+03 -1.282075241511271679e-06
6.965000000000000000e+03 -1.303443501275573724e-06
6.966000000000000000e+03 -1.319645046336711442e-06
6.967000000000000000e+03 -1.330733629175548995e-06
6.968000000000000000e+03 -1.336789374041393071e-06
6.969000000000000000e+03 -1.337918384433605397e-06
6.970000000000000000e+03 -1.334252125058443532e-06
6.971000000000000000e+03 -1.325946503791149001e-06
6.972000000000000000e+03 -1.313181127703422980e-06
6.973000000000000000e+03 -1.296158268413074673e-06
6.974000000000000000e+03 -1.275101694639692709e-06
6.975000000000000000e+03 -1.250255465095672623e-06
6.976000000000000000e+03 -1.221882555169268560e-06
6.977000000000000000e+03 -1.190263336900756697e-06
6.978000000000000000e+03 -1.155693929708744131e-06
6.979000000000000000e+03 -1.118484402949829846e-06
6.980000000000000000e+03 -1.078956824040795054e-06
6.981000000000000000e+03 -1.037443281834974581e-06
6.982000000000000000e+03 -9.942837257311422102e-07
6.983000000000000000e+03 -9.498236422205015167e-07
6.984000000000000000e+03 -9.044117639697534890e-07
6.985000000000000000e+03 -8.583976498962116325e-07
6.986000000000000000e+03 -8.121291558078744145e-07
6.987000000000000000e+03 -7.659499157314172471e-07
6.988000000000000000e+03 -7.201967822375831896e-07
6.989000000000000000e+03 -6.751972889126424452e-07
6.990000000000000000e+03 -6.312671651086919034e-07
6.991000000000000000e+03 -5.887079130956933175e-07
6.992000000000000000e+03 -5.478041934931623134e-07
6.993000000000000000e+03 -5.088215601127784867e-07
6.994000000000000000e+03 -4.720042561857919899e-07
6.995000000000000000e+03 -4.375732025089000830e-07
6.996000000000000000e+03 -4.057241922201841721e-07
6.997000000000000000e+03 -3.766263839444081328e-07
6.998000000000000000e+03 -3.504211674206295027e-07
6.999000000000000000e+03 -3.272211247589467507e-07
7.000000000000000000e+03 -3.071096177711406369e-07
7.001000000000000000e+03 -2.901404603314927004e-07
7.002000000000000000e+03 -2.763379792206729666e-07
7.003000000000000000e+03 -2.656974602335419666e-07
7.004000000000000000e+03 -2.581856988274240514e-07
7.005000000000000000e+03 -2.537418621523549417e-07
7.006000000000000000e+03 -2.522784200494499612e-07
7.007000000000000000e+03 -2.536824270035633040e-07
7.008000000000000000e+03 -2.578168014456397081e-07
7.009000000000000000e+03 -2.645219552584983487e-07
7.010000000000000000e+03 -2.736173605464347614e-07
7.011000000000000000e+03 -2.849030143116535883e-07
7.012000000000000000e+03 -2.981613145957010331e-07
7.013000000000000000e+03 -3.131586671569772428e-07
7.014000000000000000e+03 -3.296473527672217112e-07
7.015000000000000000e+03 -3.473671999529559758e-07
7.016000000000000000e+03 -3.660474721118736371e-07
7.017000000000000000e+03 -3.854085311856894476e-07
7.018000000000000000e+03 -4.051636087736286171e-07
7.019000000000000000e+03 -4.250208866787169273e-07
7.020000000000000000e+03 -4.446854857110101765e-07
7.021000000000000000e+03 -4.638616154705783202e-07
7.022000000000000000e+03 -4.822548247131385810e-07
7.023000000000000000e+03 -4.995745202458682049e-07
7.024000000000000000e+03 -5.155364241819345982e-07
7.025000000000000000e+03 -5.298652884483741107e-07
7.026000000000000000e+03 -5.422974328421296662e-07
7.027000000000000000e+03 -5.525834164181779352e-07
7.028000000000000000e+03 -5.604908110273337420e-07
7.029000000000000000e+03 -5.658064943396385029e-07
7.030000000000000000e+03 -5.683389049998282813e-07
7.031000000000000000e+03 -5.679199223667845900e-07
7.032000000000000000e+03 -5.644064925422769412e-07
7.033000000000000000e+03 -5.576819237926670267e-07
7.034000000000000000e+03 -5.476568370450682766e-07
7.035000000000000000e+03 -5.342696823243328763e-07
7.036000000000000000e+03 -5.174868203343581718e-07
7.037000000000000000e+03 -4.973023973583571929e-07
7.038000000000000000e+03 -4.737377517052974419e-07
7.039000000000000000e+03 -4.468404755190633507e-07
7.040000000000000000e+03 -4.166832539827811912e-07
7.041000000000000000e+03 -3.833623784577194093e-07
7.042000000000000000e+03 -3.469959354728956306e-07
7.043000000000000000e+03 -3.077218587842074766e-07
7.044000000000000000e+03 -2.656958691809419079e-07
7.045000000000000000e+03 -2.210895446737778008e-07
7.046000000000000000e+03 -1.740881085379568302e-07
7.047000000000000000e+03 -1.248883087295534796e-07
7.048000000000000000e+03 -7.369653772607538779e-08
7.049000000000000000e+03 -2.072689654252353815e-08
7.050000000000000000e+03 3.380077823844301200e-08
7.051000000000000000e+03 8.966271317668782173e-08
7.052000000000000000e+03 1.466328371328366082e-07
7.053000000000000000e+03 2.044845838283673227e-07
7.054000000000000000e+03 2.629925961145753888e-07
7.055000000000000000e+03 3.219342072211532475e-07
7.056000000000000000e+03 3.810909916437079572e-07
7.057000000000000000e+03 4.402502708881860578e-07
7.058000000000000000e+03 4.992063881620564691e-07
7.059000000000000000e+03 5.577620604848525591e-07
7.060000000000000000e+03 6.157292483136116131e-07
7.061000000000000000e+03 6.729301078695400906e-07
7.062000000000000000e+03 7.291975994848164768e-07
7.063000000000000000e+03 7.843758208136131739e-07
7.064000000000000000e+03 8.383202305509682431e-07
7.065000000000000000e+03 8.908975366597012073e-07
7.066000000000000000e+03 9.419855220949885395e-07
7.067000000000000000e+03 9.914725050769417776e-07
7.068000000000000000e+03 1.039256845970599378e-06
7.069000000000000000e+03 1.085246635172792262e-06
7.070000000000000000e+03 1.129358943659253975e-06
7.071000000000000000e+03 1.171519341822397936e-06
7.072000000000000000e+03 1.211661436493428303e-06
7.073000000000000000e+03 1.249726384288539729e-06
7.074000000000000000e+03 1.285662419524116009e-06
7.075000000000000000e+03 1.319424400932296361e-06
7.076000000000000000e+03 1.350973490018745938e-06
7.077000000000000000e+03 1.380276733144107333e-06
7.078000000000000000e+03 1.407306620823175988e-06
7.079000000000000000e+03 1.432040685810254883e-06
7.080000000000000000e+03 1.454461214167006864e-06
7.081000000000000000e+03 1.474554699680239803e-06
7.082000000000000000e+03 1.492311459205464834e-06
7.083000000000000000e+03 1.507725267884274073e-06
7.084000000000000000e+03 1.520792895077193574e-06
7.085000000000000000e+03 1.531513809954037859e-06
7.086000000000000000e+03 1.539889731224574888e-06
7.087000000000000000e+03 1.545924332609244177e-06
7.088000000000000000e+03 1.549622789488869229e-06
7.089000000000000000e+03 1.550991643563877163e-06
7.090000000000000000e+03 1.550038510289372630e-06
7.091000000000000000e+03 1.546771978513636916e-06
7.092000000000000000e+03 1.541201587384261893e-06
7.093000000000000000e+03 1.533337819912157572e-06
7.094000000000000000e+03 1.523192404099095928e-06
7.095000000000000000e+03 1.510778595709432834e-06
7.096000000000000000e+03 1.496111686697915122e-06
7.097000000000000000e+03 1.479209400530212730e-06
7.098000000000000000e+03 1.460092506883524323e-06
7.099000000000000000e+03 1.438785378220741654e-06
7.100000000000000000e+03 1.415316453360053689e-06
7.101000000000000000e+03 1.389718702905654280e-06
7.102000000000000000e+03 1.362029970520562228e-06
7.103000000000000000e+03 1.332293018056856256e-06
7.104000000000000000e+03 1.300555505049073430e-06
7.105000000000000000e+03 1.266869888705205465e-06
7.106000000000000000e+03 1.231293100214447916e-06
7.107000000000000000e+03 1.193885963598798427e-06
7.108000000000000000e+03 1.154712681313176541e-06
7.109000000000000000e+03 1.113839939113710114e-06
7.110000000000000000e+03 1.071336271461524519e-06
7.111000000000000000e+03 1.027271233598311714e-06
7.112000000000000000e+03 9.817146945789732790e-07
7.113000000000000000e+03 9.347362700182547113e-07
7.114000000000000000e+03 8.864047733057501469e-07
7.115000000000000000e+03 8.367881794934718421e-07
7.116000000000000000e+03 7.859537429275702049e-07
7.117000000000000000e+03 7.339681590452604571e-07
7.118000000000000000e+03 6.808980878055792191e-07
7.119000000000000000e+03 6.268106966057829516e-07
7.120000000000000000e+03 5.717741500896796233e-07
7.121000000000000000e+03 5.158583113378208559e-07
7.122000000000000000e+03 4.591351627688960044e-07
7.123000000000000000e+03 4.016791636311898035e-07
7.124000000000000000e+03 3.435675952514412636e-07
7.125000000000000000e+03 2.848806116845864144e-07
7.126000000000000000e+03 2.257015232724936045e-07
7.127000000000000000e+03 1.661168828155529942e-07
7.128000000000000000e+03 1.062165675573861747e-07
7.129000000000000000e+03 4.609397042016977967e-08
7.130000000000000000e+03 -1.415403943482727655e-08
7.131000000000000000e+03 -7.442707951545712628e-08
7.132000000000000000e+03 -1.346211082174742993e-07
7.133000000000000000e+03 -1.946283737516517871e-07
7.134000000000000000e+03 -2.543373403537531714e-07
7.135000000000000000e+03 -3.136328445399768103e-07
7.136000000000000000e+03 -3.723962713038572395e-07
7.137000000000000000e+03 -4.305056202917790292e-07
7.138000000000000000e+03 -4.878358291937517623e-07
7.139000000000000000e+03 -5.442589995218762155e-07
7.140000000000000000e+03 -5.996448396223446123e-07
7.141000000000000000e+03 -6.538610621899384506e-07
7.142000000000000000e+03 -7.067740207228866562e-07
7.143000000000000000e+03 -7.582489203897317209e-07
7.144000000000000000e+03 -8.081502851710284675e-07
7.145000000000000000e+03 -8.563425376644655786e-07
7.146000000000000000e+03 -9.026905969507448624e-07
7.147000000000000000e+03 -9.470600744674195829e-07
7.148000000000000000e+03 -9.893178994266909639e-07
7.149000000000000000e+03 -1.029332949994809727e-06
7.150000000000000000e+03 -1.066976710600770737e-06
7.151000000000000000e+03 -1.102123925855746874e-06
7.152000000000000000e+03 -1.134653449141456544e-06
7.153000000000000000e+03 -1.164448937091086942e-06
7.154000000000000000e+03 -1.191399613442201081e-06
7.155000000000000000e+03 -1.215401195137948247e-06
7.156000000000000000e+03 -1.236356810836750560e-06
7.157000000000000000e+03 -1.254177703202397574e-06
7.158000000000000000e+03 -1.268784056202732259e-06
7.159000000000000000e+03 -1.280105682769845693e-06
7.160000000000000000e+03 -1.288082685053532035e-06
7.161000000000000000e+03 -1.292666265002926338e-06
7.162000000000000000e+03 -1.293819265779481337e-06
7.163000000000000000e+03 -1.291516617485373037e-06
7.164000000000000000e+03 -1.285745874627704139e-06
7.165000000000000000e+03 -1.276507721875141661e-06
7.166000000000000000e+03 -1.263816328908145757e-06
7.167000000000000000e+03 -1.247699790827138487e-06
7.168000000000000000e+03 -1.228200543118645292e-06
7.169000000000000000e+03 -1.205375700493953064e-06
7.170000000000000000e+03 -1.179297364511503555e-06
7.171000000000000000e+03 -1.150052695531156825e-06
7.172000000000000000e+03 -1.117744033467658398e-06
7.173000000000000000e+03 -1.082488833263561133e-06
7.174000000000000000e+03 -1.044419360608294420e-06
7.175000000000000000e+03 -1.003682243326490208e-06
7.176000000000000000e+03 -9.604378747653144975e-07
7.177000000000000000e+03 -9.148596828335460508e-07
7.178000000000000000e+03 -8.671331396771992029e-07
7.179000000000000000e+03 -8.174544926983476360e-07
7.180000000000000000e+03 -7.660294246484860548e-07
7.181000000000000000e+03 -7.130714803957103811e-07
7.182000000000000000e+03 -6.588007969429382250e-07
7.183000000000000000e+03 -6.034424904973069022e-07
7.184000000000000000e+03 -5.472252083621467049e-07
7.185000000000000000e+03 -4.903796136848254498e-07
7.186000000000000000e+03 -4.331370612467991483e-07
7.187000000000000000e+03 -3.757284747688297967e-07
7.188000000000000000e+03 -3.183830659561412435e-07
7.189000000000000000e+03 -2.613272636747972107e-07
7.190000000000000000e+03 -2.047837166039165098e-07
7.191000000000000000e+03 -1.489703488307080895e-07
7.192000000000000000e+03 -9.409949250614001038e-08
7.193000000000000000e+03 -4.037708382723764318e-08
7.194000000000000000e+03 1.199791093546733814e-08
7.195000000000000000e+03 6.283409168193540425e-08
7.196000000000000000e+03 1.119481069155804037e-07
7.197000000000000000e+03 1.591647233001496029e-07
7.198000000000000000e+03 2.043170711539243180e-07
7.199000000000000000e+03 2.472467119822513026e-07
7.200000000000000000e+03 2.878035002807971000e-07
7.201000000000000000e+03 3.258453567232462402e-07
7.202000000000000000e+03 3.612381942798335179e-07
7.203000000000000000e+03 3.938558189402956469e-07
7.204000000000000000e+03 4.235798517185769868e-07
7.205000000000000000e+03 4.502998517974535588e-07
7.206000000000000000e+03 4.739135945132988962e-07
7.207000000000000000e+03 4.943272376361344384e-07
7.208000000000000000e+03 5.114558380920720499e-07
7.209000000000000000e+03 5.252238327078394056e-07
7.210000000000000000e+03 5.355657801568544766e-07
7.211000000000000000e+03 5.424270576527580914e-07
7.212000000000000000e+03 5.457646559474817734e-07
7.213000000000000000e+03 5.455480954321352288e-07
7.214000000000000000e+03 5.417601786546191553e-07
7.215000000000000000e+03 5.343978687140477318e-07
7.216000000000000000e+03 5.234730249373816366e-07
7.217000000000000000e+03 5.090132630559027528e-07
7.218000000000000000e+03 4.910628750403041085e-07
7.219000000000000000e+03 4.696832953426600808e-07
7.220000000000000000e+03 4.449537404679416428e-07
7.221000000000000000e+03 4.169716607115207987e-07
7.222000000000000000e+03 3.858529473408231621e-07
7.223000000000000000e+03 3.517321243687896905e-07
7.224000000000000000e+03 3.147623135065785563e-07
7.225000000000000000e+03 2.751148991627972076e-07
7.226000000000000000e+03 2.329791637664198889e-07
7.227000000000000000e+03 1.885614912431640988e-07
7.228000000000000000e+03 1.420846865300436688e-07
7.229000000000000000e+03 9.378686461409827893e-08
7.230000000000000000e+03 4.392041662399043078e-08
7.231000000000000000e+03 -7.249387231197627444e-09
7.232000000000000000e+03 -5.944585738005421964e-08
7.233000000000000000e+03 -1.123823419044665188e-07
7.234000000000000000e+03 -1.657637551189729632e-07
7.235000000000000000e+03 -2.192883947782789631e-07
7.236000000000000000e+03 -2.726496467475892503e-07
7.237000000000000000e+03 -3.255377179845681938e-07
7.238000000000000000e+03 -3.776415882569067096e-07
7.239000000000000000e+03 -4.286511371524901888e-07
7.240000000000000000e+03 -4.782591031990844246e-07
7.241000000000000000e+03 -5.261631486489775649e-07
7.242000000000000000e+03 -5.720679814584463074e-07
7.243000000000000000e+03 -6.156875029129787708e-07
7.244000000000000000e+03 -6.567467701495669973e-07
7.245000000000000000e+03 -6.949841293789649124e-07
7.246000000000000000e+03 -7.301530055680366049e-07
7.247000000000000000e+03 -7.620236261050539112e-07
7.248000000000000000e+03 -7.903846371387872483e-07
7.249000000000000000e+03 -8.150445201707367052e-07
7.250000000000000000e+03 -8.358330021857662614e-07
7.251000000000000000e+03 -8.526022513937832987e-07
7.252000000000000000e+03 -8.652278244610183483e-07
7.253000000000000000e+03 -8.736094207781862807e-07
7.254000000000000000e+03 -8.776715376384784674e-07
7.255000000000000000e+03 -8.773641675593200924e-07
7.256000000000000000e+03 -8.726631077376239528e-07
7.257000000000000000e+03 -8.635701953341625071e-07
7.258000000000000000e+03 -8.501135049749938826e-07
7.259000000000000000e+03 -8.323472677314263943e-07
7.260000000000000000e+03 -8.103515747629310384e-07
7.261000000000000000e+03 -7.842320947587206580e-07
7.262000000000000000e+03 -7.541195411848000980e-07
7.263000000000000000e+03 -7.201688701714353920e-07
7.264000000000000000e+03 -6.825585150253784887e-07
7.265000000000000000e+03 -6.414893611307918070e-07
7.266000000000000000e+03 -5.971833913623046552e-07
7.267000000000000000e+03 -5.498823389644449572e-07
7.268000000000000000e+03 -4.998459909895159904e-07
7.269000000000000000e+03 -4.473506448327328597e-07
7.270000000000000000e+03 -3.926871455775287928e-07
7.271000000000000000e+03 -3.361589653109276017e-07
7.272000000000000000e+03 -2.780801793773826389e-07
7.273000000000000000e+03 -2.187735553627516778e-07
7.274000000000000000e+03 -1.585685175855995536e-07
7.275000000000000000e+03 -9.779894872318578288e-08
7.276000000000000000e+03 -3.680115691579253739e-08
7.277000000000000000e+03 2.408806013098265005e-08
7.278000000000000000e+03 8.453320353035729389e-08
7.279000000000000000e+03 1.442023562336059999e-07
7.280000000000000000e+03 2.027690796097252878e-07
7.281000000000000000e+03 2.599142631305834779e-07
7.282000000000000000e+03 3.153279695430155077e-07
7.283000000000000000e+03 3.687113601090791370e-07
7.284000000000000000e+03 4.197787589843308589e-07
7.285000000000000000e+03 4.682594911868270318e-07
7.286000000000000000e+03 5.138997473238156116e-07
7.287000000000000000e+03 5.564642374595156504e-07
7.288000000000000000e+03 5.957378349324629869e-07
7.289000000000000000e+03 6.315270297618477043e-07
7.290000000000000000e+03 6.636613280242281083e-07
7.291000000000000000e+03 6.919943735646018007e-07
7.292000000000000000e+03 7.164047406034156555e-07
7.293000000000000000e+03 7.367966446459233793e-07
7.294000000000000000e+03 7.531002233819200641e-07
7.295000000000000000e+03 7.652720901524922753e-07
7.296000000000000000e+03 7.732953382248381184e-07
7.297000000000000000e+03 7.771795104904039632e-07
7.298000000000000000e+03 7.769604292826446885e-07
7.299000000000000000e+03 7.726995742419388351e-07
7.300000000000000000e+03 7.644834133956121575e-07
7.301000000000000000e+03 7.524225949344509793e-07
7.302000000000000000e+03 7.366507757139234411e-07
7.303000000000000000e+03 7.173232778731653391e-07
7.304000000000000000e+03 6.946153288251990867e-07
7.305000000000000000e+03 6.687201517859978578e-07
7.306000000000000000e+03 6.398468882097342940e-07
7.307000000000000000e+03 6.082182380368861047e-07
7.308000000000000000e+03 5.740680695393989862e-07
7.309000000000000000e+03 5.376390385293672096e-07
7.310000000000000000e+03 4.991799933980501914e-07
7.311000000000000000e+03 4.589437013306009139e-07
7.312000000000000000e+03 4.171847941768714977e-07
7.313000000000000000e+03 3.741576522671005267e-07
7.314000000000000000e+03 3.301146569084080922e-07
7.315000000000000000e+03 2.853044290989454318e-07
7.316000000000000000e+03 2.399706158488588905e-07
7.317000000000000000e+03 1.943506236273282179e-07
7.318000000000000000e+03 1.486747750678617161e-07
7.319000000000000000e+03 1.031653210265295590e-07
7.320000000000000000e+03 5.803584035562357970e-08
7.321000000000000000e+03 1.349057736898124397e-08
7.322000000000000000e+03 -3.027597991978435812e-08
7.323000000000000000e+03 -7.307947425043456951e-08
7.324000000000000000e+03 -1.147459559441495060e-07
7.325000000000000000e+03 -1.551122494247666905e-07
7.326000000000000000e+03 -1.940262063874949939e-07
7.327000000000000000e+03 -2.313469370812043572e-07
7.328000000000000000e+03 -2.669449608343862950e-07
7.329000000000000000e+03 -3.007025067986885657e-07
7.330000000000000000e+03 -3.325136107670441554e-07
7.331000000000000000e+03 -3.622844543249756210e-07
7.332000000000000000e+03 -3.899333722988259722e-07
7.333000000000000000e+03 -4.153912503521092113e-07
7.334000000000000000e+03 -4.386017592779984879e-07
7.335000000000000000e+03 -4.595215991679947492e-07
7.336000000000000000e+03 -4.781205304296931034e-07
7.337000000000000000e+03 -4.943818343553686954e-07
7.338000000000000000e+03 -5.083025712441787151e-07
7.339000000000000000e+03 -5.198937063474139800e-07
7.340000000000000000e+03 -5.291802636023421014e-07
7.341000000000000000e+03 -5.362012924979345371e-07
7.342000000000000000e+03 -5.410100339070386265e-07
7.343000000000000000e+03 -5.436737435197813669e-07
7.344000000000000000e+03 -5.442735307011698863e-07
7.345000000000000000e+03 -5.429039977649965534e-07
7.346000000000000000e+03 -5.396729014160580865e-07
7.347000000000000000e+03 -5.347005117823262915e-07
7.348000000000000000e+03 -5.281188461426167799e-07
7.349000000000000000e+03 -5.200710439368135651e-07
7.350000000000000000e+03 -5.107102784761431082e-07
7.351000000000000000e+03 -5.001985135233483043e-07
7.352000000000000000e+03 -4.887051809231805992e-07
7.353000000000000000e+03 -4.764056956575696399e-07
7.354000000000000000e+03 -4.634797753068940620e-07
7.355000000000000000e+03 -4.501097447426358946e-07
7.356000000000000000e+03 -4.364786350688524758e-07
7.357000000000000000e+03 -4.227681996394458694e-07
7.358000000000000000e+03 -4.091567786855891071e-07
7.359000000000000000e+03 -3.958173060558395633e-07
7.360000000000000000e+03 -3.829153354857613868e-07
7.361000000000000000e+03 -3.706068875755010164e-07
7.362000000000000000e+03 -3.590365471791481420e-07
7.363000000000000000e+03 -3.483356743054959702e-07
7.364000000000000000e+03 -3.386208506995850620e-07
7.365000000000000000e+03 -3.299924554566381260e-07
7.366000000000000000e+03 -3.225335230190285273e-07
7.367000000000000000e+03 -3.163089539582838612e-07
7.368000000000000000e+03 -3.113648172851908652e-07
7.369000000000000000e+03 -3.077282538962774103e-07
7.370000000000000000e+03 -3.054076455907697070e-07
7.371000000000000000e+03 -3.043929018159290797e-07
7.372000000000000000e+03 -3.046562849568361010e-07
7.373000000000000000e+03 -3.061532568868049334e-07
7.374000000000000000e+03 -3.088234111269076318e-07
7.375000000000000000e+03 -3.125917612503260862e-07
7.376000000000000000e+03 -3.173698966855339222e-07
7.377000000000000000e+03 -3.230571722988278182e-07
7.378000000000000000e+03 -3.295418270080163544e-07
7.379000000000000000e+03 -3.367020900322559694e-07
7.380000000000000000e+03 -3.444073287738275890e-07
7.381000000000000000e+03 -3.525188890254145115e-07
7.382000000000000000e+03 -3.608909373052005377e-07
7.383000000000000000e+03 -3.693712876714187062e-07
7.384000000000000000e+03 -3.778022425171719949e-07
7.385000000000000000e+03 -3.860213960803081929e-07
7.386000000000000000e+03 -3.938622598362527025e-07
7.387000000000000000e+03 -4.011551270234528388e-07
7.388000000000000000e+03 -4.077276246358566444e-07
7.389000000000000000e+03 -4.134055323543252498e-07
7.390000000000000000e+03 -4.180137428619909045e-07
7.391000000000000000e+03 -4.213769076363521714e-07
7.392000000000000000e+03 -4.233204019477961788e-07
7.393000000000000000e+03 -4.236712411214252797e-07
7.394000000000000000e+03 -4.222589774866696276e-07
7.395000000000000000e+03 -4.189167361254088000e-07
7.396000000000000000e+03 -4.134823302944941939e-07
7.397000000000000000e+03 -4.057991971204955119e-07
7.398000000000000000e+03 -3.957176997443910996e-07
7.399000000000000000e+03 -3.830960931317597845e-07
7.400000000000000000e+03 -3.678021455830939837e-07
7.401000000000000000e+03 -3.497143944563247370e-07
7.402000000000000000e+03 -3.287237146980860358e-07
7.403000000000000000e+03 -3.047347229988693001e-07
7.404000000000000000e+03 -2.776675190043699728e-07
7.405000000000000000e+03 -2.474593654178848623e-07
7.406000000000000000e+03 -2.140663477084779917e-07
7.407000000000000000e+03 -1.774650092882872012e-07
7.408000000000000000e+03 -1.376538173555151276e-07
7.409000000000000000e+03 -9.465457420540314655e-08
7.410000000000000000e+03 -4.851371044694961402e-08
7.411000000000000000e+03 6.967568169373621076e-10
7.412000000000000000e+03 5.287832005164913910e-08
7.413000000000000000e+03 1.079053156387417257e-07
7.414000000000000000e+03 1.656248458763054226e-07
7.415000000000000000e+03 2.258569596919919495e-07
7.416000000000000000e+03 2.883950372913947504e-07
7.417000000000000000e+03 3.530065941705327615e-07
7.418000000000000000e+03 4.194343811016185440e-07
7.419000000000000000e+03 4.873978472114240910e-07
7.420000000000000000e+03 5.565947244523754355e-07
7.421000000000000000e+03 6.267030551331056537e-07
7.422000000000000000e+03 6.973834546021685313e-07
7.423000000000000000e+03 7.682813509176150595e-07
7.424000000000000000e+03 8.390296242087933325e-07
7.425000000000000000e+03 9.092512784642600251e-07
7.426000000000000000e+03 9.785624780638875508e-07
7.427000000000000000e+03 1.046575721349295193e-06
7.428000000000000000e+03 1.112903034439125134e-06
7.429000000000000000e+03 1.177159239246823475e-06
7.430000000000000000e+03 1.238965300560014384e-06
7.431000000000000000e+03 1.297951971659618492e-06
7.432000000000000000e+03 1.353763262790210795e-06
7.433000000000000000e+03 1.406059848357356011e-06
7.434000000000000000e+03 1.454522502298457248e-06
7.435000000000000000e+03 1.498855289155179903e-06
7.436000000000000000e+03 1.538788724497177801e-06
7.437000000000000000e+03 1.574082601084557164e-06
7.438000000000000000e+03 1.604528402489894166e-06
7.439000000000000000e+03 1.629951280745491847e-06
7.440000000000000000e+03 1.650211619967654464e-06
7.441000000000000000e+03 1.665206413988495739e-06
7.442000000000000000e+03 1.674869834522187654e-06
7.443000000000000000e+03 1.679173469162637266e-06
7.444000000000000000e+03 1.678126107332528425e-06
7.445000000000000000e+03 1.671773075029794256e-06
7.446000000000000000e+03 1.660195455438587659e-06
7.447000000000000000e+03 1.643508665704023298e-06
7.448000000000000000e+03 1.621861017649589596e-06
7.449000000000000000e+03 1.595431975024766242e-06
7.450000000000000000e+03 1.564430151452555098e-06
7.451000000000000000e+03 1.529091159418620317e-06
7.452000000000000000e+03 1.489675467755761710e-06
7.453000000000000000e+03 1.446465915524792140e-06
7.454000000000000000e+03 1.399765223037082761e-06
7.455000000000000000e+03 1.349893622816586701e-06
7.456000000000000000e+03 1.297186336565307917e-06
7.457000000000000000e+03 1.241990992313546257e-06
7.458000000000000000e+03 1.184665047502119449e-06
7.459000000000000000e+03 1.125573505594929891e-06
7.460000000000000000e+03 1.065086307352217437e-06
7.461000000000000000e+03 1.003575754780199024e-06
7.462000000000000000e+03 9.414141843538531960e-07
7.463000000000000000e+03 8.789714184880673166e-07
7.464000000000000000e+03 8.166123315208113267e-07
7.465000000000000000e+03 7.546942899366029599e-07
7.466000000000000000e+03 6.935646692109682404e-07
7.467000000000000000e+03 6.335582921692375682e-07
7.468000000000000000e+03 5.749950259867699374e-07
7.469000000000000000e+03 5.181772747735842949e-07
7.470000000000000000e+03 4.633875588959099823e-07
7.471000000000000000e+03 4.108864023372640283e-07
7.472000000000000000e+03 3.609102346407445008e-07
7.473000000000000000e+03 3.136693686053579428e-07
7.474000000000000000e+03 2.693464156313870726e-07
7.475000000000000000e+03 2.280950540455419864e-07
7.476000000000000000e+03 1.900388138973305927e-07
7.477000000000000000e+03 1.552706832671109956e-07
7.478000000000000000e+03 1.238526493446927403e-07
7.479000000000000000e+03 9.581576090426470572e-08
7.480000000000000000e+03 7.116043617679981392e-08
7.481000000000000000e+03 4.985702340046941363e-08
7.482000000000000000e+03 3.184680174443669693e-08
7.483000000000000000e+03 1.704314650754123147e-08
7.484000000000000000e+03 5.332779605786903185e-09
7.485000000000000000e+03 -3.422733384656331179e-09
7.486000000000000000e+03 -9.385225403840417652e-09
7.487000000000000000e+03 -1.273810265115890827e-08
7.488000000000000000e+03 -1.368426993276988360e-08
7.489000000000000000e+03 -1.244389999548201891e-08
7.490000000000000000e+03 -9.251977836318099596e-09
7.491000000000000000e+03 -4.355720038842745890e-09
7.492000000000000000e+03 1.988070199810747076e-09
7.493000000000000000e+03 9.515739012281276445e-09
7.494000000000000000e+03 1.795967714024561706e-08
7.495000000000000000e+03 2.705104525960554936e-08
7.496000000000000000e+03 3.652265606506040057e-08
7.497000000000000000e+03 4.611136836167827740e-08
7.498000000000000000e+03 5.556057181174382347e-08
7.499000000000000000e+03 6.462251926289045062e-08
7.500000000000000000e+03 7.306020234813653535e-08
7.501000000000000000e+03 8.064930489638282123e-08
7.502000000000000000e+03 8.717950993921277295e-08
7.503000000000000000e+03 9.245612020211770756e-08
7.504000000000000000e+03 9.630129494421220775e-08
7.505000000000000000e+03 9.855487415904487936e-08
7.506000000000000000e+03 9.907539528109916855e-08
7.507000000000000000e+03 9.774094759746507328e-08
7.508000000000000000e+03 9.444961381362112493e-08
7.509000000000000000e+03 8.912003899879262317e-08
7.510000000000000000e+03 8.169176061924019557e-08
7.511000000000000000e+03 7.212522077637562564e-08
7.512000000000000000e+03 6.040173100850363253e-08
7.513000000000000000e+03 4.652328039027550835e-08
7.514000000000000000e+03 3.051191565229817171e-08
7.515000000000000000e+03 1.240885469947418658e-08
7.516000000000000000e+03 -7.726534887309324840e-09
7.517000000000000000e+03 -2.981800973251940224e-08
7.518000000000000000e+03 -5.377377758331313748e-08
7.519000000000000000e+03 -7.948822999308276234e-08
7.520000000000000000e+03 -1.068437446798585128e-07
7.521000000000000000e+03 -1.357126527162338025e-07
7.522000000000000000e+03 -1.659591180711624029e-07
7.523000000000000000e+03 -1.974411545967552556e-07
7.524000000000000000e+03 -2.300125707671666722e-07
7.525000000000000000e+03 -2.635248161219988104e-07
7.526000000000000000e+03 -2.978288699838791014e-07
7.527000000000000000e+03 -3.327768591563055646e-07
7.528000000000000000e+03 -3.682233715797109872e-07
7.529000000000000000e+03 -4.040268032582788699e-07
7.530000000000000000e+03 -4.400501328013311543e-07
7.531000000000000000e+03 -4.761618167973244151e-07
7.532000000000000000e+03 -5.122362408706095854e-07
7.533000000000000000e+03 -5.481540670657885504e-07
7.534000000000000000e+03 -5.838026740973507525e-07
7.535000000000000000e+03 -6.190761351327516267e-07
7.536000000000000000e+03 -6.538752060030005644e-07
7.537000000000000000e+03 -6.881071458834789803e-07
7.538000000000000000e+03 -7.216856427248030419e-07
7.539000000000000000e+03 -7.545307907816391725e-07
7.540000000000000000e+03 -7.865687392259945446e-07
7.541000000000000000e+03 -8.177316497827336741e-07
7.542000000000000000e+03 -8.479573748999172715e-07
7.543000000000000000e+03 -8.771891774785626708e-07
7.544000000000000000e+03 -9.053754690220910425e-07
7.545000000000000000e+03 -9.324694071395052188e-07
7.546000000000000000e+03 -9.584283908333744050e-07
7.547000000000000000e+03 -9.832138500427067831e-07
7.548000000000000000e+03 -1.006790510685720950e-06
7.549000000000000000e+03 -1.029126067930008750e-06
7.550000000000000000e+03 -1.050190873655850358e-06
7.551000000000000000e+03 -1.069957434483818539e-06
7.552000000000000000e+03 -1.088400049766286459e-06
7.553000000000000000e+03 -1.105494691486266955e-06
7.554000000000000000e+03 -1.121219131071376503e-06
7.555000000000000000e+03 -1.135552811292551634e-06
7.556000000000000000e+03 -1.148476800186045715e-06
7.557000000000000000e+03 -1.159974096609841870e-06
7.558000000000000000e+03 -1.170029720308591724e-06
7.559000000000000000e+03 -1.178630981194516535e-06
7.560000000000000000e+03 -1.185767803406693268e-06
7.561000000000000000e+03 -1.191432735185722975e-06
7.562000000000000000e+03 -1.195621441015402653e-06
7.563000000000000000e+03 -1.198332850258600826e-06
7.564000000000000000e+03 -1.199569319960152191e-06
7.565000000000000000e+03 -1.199337212681100665e-06
7.566000000000000000e+03 -1.197646918493080243e-06
7.567000000000000000e+03 -1.194513099134549422e-06
7.568000000000000000e+03 -1.189954852131760802e-06
7.569000000000000000e+03 -1.183995921869051715e-06
7.570000000000000000e+03 -1.176664870534516687e-06
7.571000000000000000e+03 -1.167995133471533399e-06
7.572000000000000000e+03 -1.158024892435734977e-06
7.573000000000000000e+03 -1.146796475965351800e-06
7.574000000000000000e+03 -1.134355923098300061e-06
7.575000000000000000e+03 -1.120752260865075139e-06
7.576000000000000000e+03 -1.106036454986357768e-06
7.577000000000000000e+03 -1.090260299126395364e-06
7.578000000000000000e+03 -1.073475282232292737e-06
7.579000000000000000e+03 -1.055731483465013330e-06
7.580000000000000000e+03 -1.037076824603116879e-06
7.581000000000000000e+03 -1.017556347151378285e-06
7.582000000000000000e+03 -9.972115889811085853e-07
7.583000000000000000e+03 -9.760803569182855278e-07
7.584000000000000000e+03 -9.541963294611546265e-07
7.585000000000000000e+03 -9.315889832086551938e-07
7.586000000000000000e+03 -9.082836046497984420e-07
7.587000000000000000e+03 -8.843012383344812290e-07
7.588000000000000000e+03 -8.596588591886915709e-07
7.589000000000000000e+03 -8.343693591745162400e-07
7.590000000000000000e+03 -8.084420258097704247e-07
7.591000000000000000e+03 -7.818826591192074677e-07
7.592000000000000000e+03 -7.546939202880130353e-07
7.593000000000000000e+03 -7.268758566576653485e-07
7.594000000000000000e+03 -6.984264999998570075e-07
7.595000000000000000e+03 -6.693423350407565090e-07
7.596000000000000000e+03 -6.396189846154708946e-07
7.597000000000000000e+03 -6.092521340755245725e-07
7.598000000000000000e+03 -5.782383501731989860e-07
7.599000000000000000e+03 -5.465759039466043460e-07
7.600000000000000000e+03 -5.142655283751147768e-07
7.601000000000000000e+03 -4.813115597731060860e-07
7.602000000000000000e+03 -4.477227674173232005e-07
7.603000000000000000e+03 -4.135131264426019909e-07
7.604000000000000000e+03 -3.787027312536446811e-07
7.605000000000000000e+03 -3.433185982905484239e-07
7.606000000000000000e+03 -3.073952679036180798e-07
7.607000000000000000e+03 -2.709753166330538539e-07
7.608000000000000000e+03 -2.341095078857689368e-07
7.609000000000000000e+03 -1.968569472798733906e-07
7.610000000000000000e+03 -1.592851301374872728e-07
7.611000000000000000e+03 -1.214697262637531695e-07
7.612000000000000000e+03 -8.349428562226091735e-08
7.613000000000000000e+03 -4.544990848167125154e-08
7.614000000000000000e+03 -7.434804150368098360e-09
7.615000000000000000e+03 3.044624644458204319e-08
7.616000000000000000e+03 6.808258596782720907e-08
7.617000000000000000e+03 1.053582835891959895e-07
7.618000000000000000e+03 1.421531197597884452e-07
7.619000000000000000e+03 1.783434910856049665e-07
7.620000000000000000e+03 2.138036726368015680e-07
7.621000000000000000e+03 2.484069964641857490e-07
7.622000000000000000e+03 2.820271798656728889e-07
7.623000000000000000e+03 3.145396310277222710e-07
7.624000000000000000e+03 3.458226732985639905e-07
7.625000000000000000e+03 3.757591824739970119e-07
7.626000000000000000e+03 4.042378935261804191e-07
7.627000000000000000e+03 4.311547316626041776e-07
7.628000000000000000e+03 4.564139144913650359e-07
7.629000000000000000e+03 4.799290627893992594e-07
7.630000000000000000e+03 5.016239772326332993e-07
7.631000000000000000e+03 5.214337453401602894e-07
7.632000000000000000e+03 5.393053276966025618e-07
7.633000000000000000e+03 5.551981358411554977e-07
7.634000000000000000e+03 5.690843561510304048e-07
7.635000000000000000e+03 5.809493255642915601e-07
7.636000000000000000e+03 5.907918649160782525e-07
7.637000000000000000e+03 5.986240791949154857e-07
7.638000000000000000e+03 6.044710378054463447e-07
7.639000000000000000e+03 6.083706049988207830e-07
7.640000000000000000e+03 6.103729050615906062e-07
7.641000000000000000e+03 6.105395580468397022e-07
7.642000000000000000e+03 6.089427059279669626e-07
7.643000000000000000e+03 6.056640066737917982e-07
7.644000000000000000e+03 6.007930985141301360e-07
7.645000000000000000e+03 5.944262586810092367e-07
7.646000000000000000e+03 5.866648188214592169e-07
7.647000000000000000e+03 5.776136345480429122e-07
7.648000000000000000e+03 5.673792296602848386e-07
7.649000000000000000e+03 5.560681948351271471e-07
7.650000000000000000e+03 5.437856893339335873e-07
7.651000000000000000e+03 5.306340040204005239e-07
7.652000000000000000e+03 5.167111144815660142e-07
7.653000000000000000e+03 5.021095897685920638e-07
7.654000000000000000e+03 4.869156065474619751e-07
7.655000000000000000e+03 4.712082609745452706e-07
7.656000000000000000e+03 4.550588873427318568e-07
7.657000000000000000e+03 4.385306098019302781e-07
7.658000000000000000e+03 4.216780825382221307e-07
7.659000000000000000e+03 4.045474733589795490e-07
7.660000000000000000e+03 3.871764766807412471e-07
7.661000000000000000e+03 3.695946142950713631e-07
7.662000000000000000e+03 3.518237033158445263e-07
7.663000000000000000e+03 3.338781628653137966e-07
7.664000000000000000e+03 3.157658642976577601e-07
7.665000000000000000e+03 2.974887603527662476e-07
7.666000000000000000e+03 2.790439173154664202e-07
7.667000000000000000e+03 2.604243471210872687e-07
7.668000000000000000e+03 2.416200047792198372e-07
7.669000000000000000e+03 2.226188927344195680e-07
7.670000000000000000e+03 2.034079706102434453e-07
7.671000000000000000e+03 1.839743909869712758e-07
7.672000000000000000e+03 1.643064644747234051e-07
7.673000000000000000e+03 1.443947104133618957e-07
7.674000000000000000e+03 1.242328945007915383e-07
7.675000000000000000e+03 1.038190254932916161e-07
7.676000000000000000e+03 8.315614810463304144e-08
7.677000000000000000e+03 6.225319556963549455e-08
7.678000000000000000e+03 4.112574386996175320e-08
7.679000000000000000e+03 1.979670706285317104e-08
7.680000000000000000e+03 -1.703088401342417008e-09
7.681000000000000000e+03 -2.333455311209729642e-08
7.682000000000000000e+03 -4.504998227447772838e-08
7.683000000000000000e+03 -6.679264907585192473e-08
7.684000000000000000e+03 -8.849678003127527308e-08
7.685000000000000000e+03 -1.100873786100115754e-07
7.686000000000000000e+03 -1.314801903347280559e-07
7.687000000000000000e+03 -1.525817031689414268e-07
7.688000000000000000e+03 -1.732891564929425176e-07
7.689000000000000000e+03 -1.934909400933239620e-07
7.690000000000000000e+03 -2.130669977702281822e-07
7.691000000000000000e+03 -2.318890903211107743e-07
7.692000000000000000e+03 -2.498212804223643309e-07
7.693000000000000000e+03 -2.667207775664964904e-07
7.694000000000000000e+03 -2.824385932180851078e-07
7.695000000000000000e+03 -2.968203775683831667e-07
7.696000000000000000e+03 -3.097073531394881865e-07
7.697000000000000000e+03 -3.209373474532538667e-07
7.698000000000000000e+03 -3.303457950211168851e-07
7.699000000000000000e+03 -3.377672534397831864e-07
7.700000000000000000e+03 -3.430365786401669686e-07
7.701000000000000000e+03 -3.459904112749682808e-07
7.702000000000000000e+03 -3.464688368076315332e-07
7.703000000000000000e+03 -3.443172420748612514e-07
7.704000000000000000e+03 -3.393879740730370368e-07
7.705000000000000000e+03 -3.315422624778642939e-07
7.706000000000000000e+03 -3.206522922230502501e-07
7.707000000000000000e+03 -3.066031176024305680e-07
7.708000000000000000e+03 -2.892945747091254358e-07
7.709000000000000000e+03 -2.686431928333715107e-07
7.710000000000000000e+03 -2.445840820167718558e-07
7.711000000000000000e+03 -2.170725510044373807e-07
7.712000000000000000e+03 -1.860857166517984620e-07
7.713000000000000000e+03 -1.516240287461885173e-07
7.714000000000000000e+03 -1.137123784605795128e-07
7.715000000000000000e+03 -7.240117495301704164e-08
7.716000000000000000e+03 -2.776729965312570062e-08
7.717000000000000000e+03 2.008522196316351202e-08
7.718000000000000000e+03 7.102486885869054259e-08
7.719000000000000000e+03 1.248925878658848726e-07
7.720000000000000000e+03 1.815018700753762555e-07
7.721000000000000000e+03 2.406392429790530040e-07
7.722000000000000000e+03 3.020649877337092342e-07
7.723000000000000000e+03 3.655142751638679914e-07
7.724000000000000000e+03 4.306986649089075225e-07
7.725000000000000000e+03 4.973078325982922144e-07
7.726000000000000000e+03 5.650119670430460986e-07
7.727000000000000000e+03 6.334640148102271008e-07
7.728000000000000000e+03 7.023026084531027717e-07
7.729000000000000000e+03 7.711549627344505359e-07
7.730000000000000000e+03 8.396400567179782773e-07
7.731000000000000000e+03 9.073721949103614940e-07
7.732000000000000000e+03 9.739643553678465991e-07
7.733000000000000000e+03 1.039031760441472658e-06
7.734000000000000000e+03 1.102195340236473646e-06
7.735000000000000000e+03 1.163085386568314704e-06
7.736000000000000000e+03 1.221344761667417614e-06
7.737000000000000000e+03 1.276632272675952780e-06
7.738000000000000000e+03 1.328625678111297216e-06
7.739000000000000000e+03 1.377024388519393047e-06
7.740000000000000000e+03 1.421552088754513151e-06
7.741000000000000000e+03 1.461958775288256535e-06
7.742000000000000000e+03 1.498022441585951853e-06
7.743000000000000000e+03 1.529550466649602304e-06
7.744000000000000000e+03 1.556380523325233132e-06
7.745000000000000000e+03 1.578380983339574604e-06
7.746000000000000000e+03 1.595450763960474188e-06
7.747000000000000000e+03 1.607519318041049174e-06
7.748000000000000000e+03 1.614545946674218082e-06
7.749000000000000000e+03 1.616518745234484368e-06
7.750000000000000000e+03 1.613453714757824189e-06
7.751000000000000000e+03 1.605393623318503623e-06
7.752000000000000000e+03 1.592406459395047084e-06
7.753000000000000000e+03 1.574583907679385321e-06
7.754000000000000000e+03 1.552039768844496691e-06
7.755000000000000000e+03 1.524908131949876257e-06
7.756000000000000000e+03 1.493341345324642859e-06
7.757000000000000000e+03 1.457508194868288067e-06
7.758000000000000000e+03 1.417591793860607890e-06
7.759000000000000000e+03 1.373787440290319325e-06
7.760000000000000000e+03 1.326300748320737785e-06
7.761000000000000000e+03 1.275345591268018366e-06
7.762000000000000000e+03 1.221142378310228184e-06
7.763000000000000000e+03 1.163916430585411657e-06
7.764000000000000000e+03 1.103896655418872160e-06
7.765000000000000000e+03 1.041314391594084867e-06
7.766000000000000000e+03 9.764025120954206850e-07
7.767000000000000000e+03 9.093948533842264211e-07
7.768000000000000000e+03 8.405256847443905903e-07
7.769000000000000000e+03 7.700295899436004325e-07
7.770000000000000000e+03 6.981411655524422674e-07
7.771000000000000000e+03 6.250948501400265223e-07
7.772000000000000000e+03 5.511250959650841216e-07
7.773000000000000000e+03 4.764662403147220234e-07
7.774000000000000000e+03 4.013525112324926309e-07
7.775000000000000000e+03 3.260179326047239985e-07
7.776000000000000000e+03 2.506963840941470771e-07
7.777000000000000000e+03 1.756214780625732569e-07
7.778000000000000000e+03 1.010264277566011766e-07
7.779000000000000000e+03 2.714356806323223639e-08
7.780000000000000000e+03 -4.579606153552742717e-08
7.781000000000000000e+03 -1.175631487042144568e-07
7.782000000000000000e+03 -1.879307680098724032e-07
7.783000000000000000e+03 -2.566752020130068844e-07
7.784000000000000000e+03 -3.235766454525675288e-07
7.785000000000000000e+03 -3.884202490092588476e-07
7.786000000000000000e+03 -4.509971760292350526e-07
7.787000000000000000e+03 -5.111055714968350663e-07
7.788000000000000000e+03 -5.685516714330021497e-07
7.789000000000000000e+03 -6.231510520578352204e-07
7.790000000000000000e+03 -6.747297690176687532e-07
7.791000000000000000e+03 -7.231256426489460980e-07
7.792000000000000000e+03 -7.681895858829369024e-07
7.793000000000000000e+03 -8.097868108281455645e-07
7.794000000000000000e+03 -8.477980313147628554e-07
7.795000000000000000e+03 -8.821206769411318796e-07
7.796000000000000000e+03 -9.126701755674281974e-07
7.797000000000000000e+03 -9.393809690196648818e-07
7.798000000000000000e+03 -9.622075287094695731e-07
7.799000000000000000e+03 -9.811250864903032878e-07
7.800000000000000000e+03 -9.961300927434039484e-07
7.801000000000000000e+03 -1.007240800057585802e-06
7.802000000000000000e+03 -1.014497331455140387e-06
7.803000000000000000e+03 -1.017961882702576602e-06
7.804000000000000000e+03 -1.017718354083473927e-06
7.805000000000000000e+03 -1.013872081791620042e-06
7.806000000000000000e+03 -1.006549157586186540e-06
7.807000000000000000e+03 -9.958954543399074305e-07
7.808000000000000000e+03 -9.820756765451306599e-07
7.809000000000000000e+03 -9.652720300416188239e-07
7.810000000000000000e+03 -9.456827254689347179e-07
7.811000000000000000e+03 -9.235202524707366692e-07
7.812000000000000000e+03 -8.990094619847096874e-07
7.813000000000000000e+03 -8.723857985962824445e-07
7.814000000000000000e+03 -8.438930350716402661e-07
7.815000000000000000e+03 -8.137809255960955114e-07
7.816000000000000000e+03 -7.823030108368446469e-07
7.817000000000000000e+03 -7.497142784257976542e-07
7.818000000000000000e+03 -7.162686608647957084e-07
7.819000000000000000e+03 -6.822165909911856153e-07
7.820000000000000000e+03 -6.478028034417126147e-07
7.821000000000000000e+03 -6.132641114912639262e-07
7.822000000000000000e+03 -5.788274408704810231e-07
7.823000000000000000e+03 -5.447079544541366103e-07
7.824000000000000000e+03 -5.111074867086471542e-07
7.825000000000000000e+03 -4.782129671895433765e-07
7.826000000000000000e+03 -4.461955416179534524e-07
7.827000000000000000e+03 -4.152095586825117874e-07
7.828000000000000000e+03 -3.853920179702815844e-07
7.829000000000000000e+03 -3.568620671698004741e-07
7.830000000000000000e+03 -3.297209079906925128e-07
7.831000000000000000e+03 -3.040517364748263120e-07
7.832000000000000000e+03 -2.799199378306764409e-07
7.833000000000000000e+03 -2.573733852281223623e-07
7.834000000000000000e+03 -2.364427494772898948e-07
7.835000000000000000e+03 -2.171419924761672448e-07
7.836000000000000000e+03 -1.994691099213648754e-07
7.837000000000000000e+03 -1.834064712633527963e-07
7.838000000000000000e+03 -1.689215335704426057e-07
7.839000000000000000e+03 -1.559680934840066208e-07
7.840000000000000000e+03 -1.444878336904433621e-07
7.841000000000000000e+03 -1.344126832973554049e-07
7.842000000000000000e+03 -1.256678641059036497e-07
7.843000000000000000e+03 -1.181747256846950523e-07
7.844000000000000000e+03 -1.118535289514757876e-07
7.845000000000000000e+03 -1.066258258656018336e-07
7.846000000000000000e+03 -1.024159629841671610e-07
7.847000000000000000e+03 -9.915238645881245303e-08
7.848000000000000000e+03 -9.676849219965296605e-08
7.849000000000000000e+03 -9.520301731749422421e-08
7.850000000000000000e+03 -9.440042604951746179e-08
7.851000000000000000e+03 -9.431080589420577112e-08
7.852000000000000000e+03 -9.488987954067936376e-08
7.853000000000000000e+03 -9.609881488242349857e-08
7.854000000000000000e+03 -9.790402000075234474e-08
7.855000000000000000e+03 -1.002768645317734136e-07
7.856000000000000000e+03 -1.031933689323153490e-07
7.857000000000000000e+03 -1.066337959745488056e-07
7.858000000000000000e+03 -1.105823456353117661e-07
7.859000000000000000e+03 -1.150262948953254272e-07
7.860000000000000000e+03 -1.199557080749307234e-07
7.861000000000000000e+03 -1.253629929195270096e-07
7.862000000000000000e+03 -1.312425196188488175e-07
7.863000000000000000e+03 -1.375902480915756994e-07
7.864000000000000000e+03 -1.444034311853153781e-07
7.865000000000000000e+03 -1.516802344769460885e-07
7.866000000000000000e+03 -1.594193868842248176e-07
7.867000000000000000e+03 -1.676197886322674391e-07
7.868000000000000000e+03 -1.762797738140265727e-07
7.869000000000000000e+03 -1.853962613693519146e-07
7.870000000000000000e+03 -1.949637510459357297e-07
7.871000000000000000e+03 -2.049732969717274271e-07
7.872000000000000000e+03 -2.154116874091973813e-07
7.873000000000000000e+03 -2.262605371001776121e-07
7.874000000000000000e+03 -2.374955093469290154e-07
7.875000000000000000e+03 -2.490856433457027197e-07
7.876000000000000000e+03 -2.609928938182904944e-07
7.877000000000000000e+03 -2.731715896194349269e-07
7.878000000000000000e+03 -2.855681821036228393e-07
7.879000000000000000e+03 -2.981210354573420671e-07
7.880000000000000000e+03 -3.107602554391078984e-07
7.881000000000000000e+03 -3.234074611689364433e-07
7.882000000000000000e+03 -3.359759609574672806e-07
7.883000000000000000e+03 -3.483710036785884557e-07
7.884000000000000000e+03 -3.604905247170863561e-07
7.885000000000000000e+03 -3.722257760743128164e-07
7.886000000000000000e+03 -3.834620904284395665e-07
7.887000000000000000e+03 -3.940801236634076543e-07
7.888000000000000000e+03 -4.039569800613238906e-07
7.889000000000000000e+03 -4.129676850736204953e-07
7.890000000000000000e+03 -4.209866409482892253e-07
7.891000000000000000e+03 -4.278893417880056502e-07
7.892000000000000000e+03 -4.335539689787817311e-07
7.893000000000000000e+03 -4.378633031373005421e-07
7.894000000000000000e+03 -4.407062747874764366e-07
7.895000000000000000e+03 -4.419797274619288422e-07
7.896000000000000000e+03 -4.415898216820576220e-07
7.897000000000000000e+03 -4.394536483174747042e-07
7.898000000000000000e+03 -4.355003328081483533e-07
7.899000000000000000e+03 -4.296723794751137067e-07
7.900000000000000000e+03 -4.219265546801755699e-07
7.901000000000000000e+03 -4.122346863144016738e-07
7.902000000000000000e+03 -4.005841787441273573e-07
7.903000000000000000e+03 -3.869785620598042979e-07
7.904000000000000000e+03 -3.714375272416559309e-07
7.905000000000000000e+03 -3.539969187554684842e-07
7.906000000000000000e+03 -3.347082551950945911e-07
7.907000000000000000e+03 -3.136380424873886731e-07
7.908000000000000000e+03 -2.908668105187654134e-07
7.909000000000000000e+03 -2.664878756823628273e-07
7.910000000000000000e+03 -2.406059551512581934e-07
7.911000000000000000e+03 -2.133356445936503246e-07
7.912000000000000000e+03 -1.848001111416994463e-07
7.913000000000000000e+03 -1.551297309167825503e-07
7.914000000000000000e+03 -1.244606332072400678e-07
7.915000000000000000e+03 -9.293354703609834863e-08
7.916000000000000000e+03 -6.069235906941220968e-08
7.917000000000000000e+03 -2.788304275940600491e-08
7.918000000000000000e+03 5.347218618696815535e-09
7.919000000000000000e+03 3.885091848123858130e-08
7.920000000000000000e+03 7.248131809843392490e-08
7.921000000000000000e+03 1.060931507408887181e-07
7.922000000000000000e+03 1.395431646908181881e-07
7.923000000000000000e+03 1.726908065018994520e-07
7.924000000000000000e+03 2.053988873213488274e-07
7.925000000000000000e+03 2.375339788992496045e-07
7.926000000000000000e+03 2.689669631610609860e-07
7.927000000000000000e+03 2.995736351231258002e-07
7.928000000000000000e+03 3.292351638868156285e-07
7.929000000000000000e+03 3.578387791096440720e-07
7.930000000000000000e+03 3.852782383967215199e-07
7.931000000000000000e+03 4.114545965701678846e-07
7.932000000000000000e+03 4.362766230013363717e-07
7.933000000000000000e+03 4.596613960876853367e-07
7.934000000000000000e+03 4.815347581963079845e-07
7.935000000000000000e+03 5.018316988732854692e-07
7.936000000000000000e+03 5.204963702867734827e-07
7.937000000000000000e+03 5.374820056865119318e-07
7.938000000000000000e+03 5.527507568919776925e-07
7.939000000000000000e+03 5.662733175698204144e-07
7.940000000000000000e+03 5.780282662644848251e-07
7.941000000000000000e+03 5.880014625156505044e-07
7.942000000000000000e+03 5.961852454562423889e-07
7.943000000000000000e+03 6.025775332389589903e-07
7.944000000000000000e+03 6.071810696297589656e-07
7.945000000000000000e+03 6.100023948858363587e-07
7.946000000000000000e+03 6.110512747285995546e-07
7.947000000000000000e+03 6.103398661902940926e-07
7.948000000000000000e+03 6.078822023478001537e-07
7.949000000000000000e+03 6.036936636523292168e-07
7.950000000000000000e+03 5.977904091071569299e-07
7.951000000000000000e+03 5.901891254623686260e-07
7.952000000000000000e+03 5.809065834478311610e-07
7.953000000000000000e+03 5.699593763951362800e-07
7.954000000000000000e+03 5.573634868534151838e-07
7.955000000000000000e+03 5.431342288196231775e-07
7.956000000000000000e+03 5.272860781729832051e-07
7.957000000000000000e+03 5.098325322807968546e-07
7.958000000000000000e+03 4.907863176762732723e-07
7.959000000000000000e+03 4.701597549403801375e-07
7.960000000000000000e+03 4.479651850186072600e-07
7.961000000000000000e+03 4.242159109415687686e-07
7.962000000000000000e+03 3.989271737281462101e-07
7.963000000000000000e+03 3.721171089865278032e-07
7.964000000000000000e+03 3.438079434609677796e-07
7.965000000000000000e+03 3.140272685017238226e-07
7.966000000000000000e+03 2.828093994310003997e-07
7.967000000000000000e+03 2.501964110298822714e-07
7.968000000000000000e+03 2.162392233198022092e-07
7.969000000000000000e+03 1.809984130443868622e-07
7.970000000000000000e+03 1.445449381177036868e-07
7.971000000000000000e+03 1.069603259915835143e-07
7.972000000000000000e+03 6.833682852158835354e-08
7.973000000000000000e+03 2.877699982755639066e-08
7.974000000000000000e+03 -1.160651338833988312e-08
7.975000000000000000e+03 -5.269157750423639120e-08
7.976000000000000000e+03 -9.434758345429095567e-08
7.977000000000000000e+03 -1.364362547327698304e-07
7.978000000000000000e+03 -1.788127718406301103e-07
7.979000000000000000e+03 -2.213270857052199362e-07
7.980000000000000000e+03 -2.638251339668246093e-07
7.981000000000000000e+03 -3.061502228919762340e-07
7.982000000000000000e+03 -3.481443948048690736e-07
7.983000000000000000e+03 -3.896499299568087404e-07
7.984000000000000000e+03 -4.305104596489179552e-07
7.985000000000000000e+03 -4.705718817394169929e-07
7.986000000000000000e+03 -5.096832481628726550e-07
7.987000000000000000e+03 -5.476973588638491047e-07
7.988000000000000000e+03 -5.844715444119586903e-07
7.989000000000000000e+03 -6.198680284484954203e-07
7.990000000000000000e+03 -6.537547456120229625e-07
7.991000000000000000e+03 -6.860058446483939788e-07
7.992000000000000000e+03 -7.165023621662692146e-07
7.993000000000000000e+03 -7.451327931421815968e-07
7.994000000000000000e+03 -7.717937488001568152e-07
7.995000000000000000e+03 -7.963901382260422007e-07
7.996000000000000000e+03 -8.188355268828699736e-07
7.997000000000000000e+03 -8.390519503044710936e-07
7.998000000000000000e+03 -8.569697983429449380e-07
7.999000000000000000e+03 -8.725280254510817060e-07
8.000000000000000000e+03 -8.856739748147091958e-07
8.001000000000000000e+03 -8.963634853629961846e-07
8.002000000000000000e+03 -9.045612575644474583e-07
8.003000000000000000e+03 -9.102412967683501174e-07
8.004000000000000000e+03 -9.133873364163137550e-07
8.005000000000000000e+03 -9.139929492672149638e-07
8.006000000000000000e+03 -9.120618905052012103e-07
8.007000000000000000e+03 -9.076086088397907017e-07
8.008000000000000000e+03 -9.006582580841548411e-07
8.009000000000000000e+03 -8.912468944109442805e-07
8.010000000000000000e+03 -8.794215876083939699e-07
8.011000000000000000e+03 -8.652400561242309627e-07
8.012000000000000000e+03 -8.487705572204878163e-07
8.013000000000000000e+03 -8.300913615841557467e-07
8.014000000000000000e+03 -8.092902567789679653e-07
8.015000000000000000e+03 -7.864638735047046179e-07
8.016000000000000000e+03 -7.617169904493937083e-07
8.017000000000000000e+03 -7.351615981367487046e-07
8.018000000000000000e+03 -7.069160477677554680e-07
8.019000000000000000e+03 -6.771041942406482162e-07
8.020000000000000000e+03 -6.458542692824623572e-07
8.021000000000000000e+03 -6.132977205500052871e-07
8.022000000000000000e+03 -5.795678011650236289e-07
8.023000000000000000e+03 -5.447983163326380843e-07
8.024000000000000000e+03 -5.091219393543746447e-07
8.025000000000000000e+03 -4.726688710572495184e-07
8.026000000000000000e+03 -4.355656991517258792e-07
8.027000000000000000e+03 -3.979341115162821462e-07
8.028000000000000000e+03 -3.598900168458563990e-07
8.029000000000000000e+03 -3.215430253874603663e-07
8.030000000000000000e+03 -2.829960615618412268e-07
8.031000000000000000e+03 -2.443455390092698806e-07
8.032000000000000000e+03 -2.056814911719718634e-07
8.033000000000000000e+03 -1.670880177020978833e-07
8.034000000000000000e+03 -1.286437286025381738e-07
8.035000000000000000e+03 -9.042242354108324362e-08
8.036000000000000000e+03 -5.249380417427302251e-08
8.037000000000000000e+03 -1.492446191073624700e-08
8.038000000000000000e+03 2.222173290753714860e-08
8.039000000000000000e+03 5.888297516991752954e-08
8.040000000000000000e+03 9.499877232777383421e-08
8.041000000000000000e+03 1.305093182236838350e-07
8.042000000000000000e+03 1.653553862205583645e-07
8.043000000000000000e+03 1.994778455239133316e-07
8.044000000000000000e+03 2.328176454634618294e-07
8.045000000000000000e+03 2.653157905365556914e-07
8.046000000000000000e+03 2.969133567180942842e-07
8.047000000000000000e+03 3.275519415030773700e-07
8.048000000000000000e+03 3.571741125457692702e-07
8.049000000000000000e+03 3.857239091679227276e-07
8.050000000000000000e+03 4.131471186552219574e-07
8.051000000000000000e+03 4.393920145806527511e-07
8.052000000000000000e+03 4.644099327898494674e-07
8.053000000000000000e+03 4.881556471033117455e-07
8.054000000000000000e+03 5.105879485875453989e-07
8.055000000000000000e+03 5.316699781250143026e-07
8.056000000000000000e+03 5.513694813841041000e-07
8.057000000000000000e+03 5.696590889357650027e-07
8.058000000000000000e+03 5.865163811259885688e-07
8.059000000000000000e+03 6.019238766372182382e-07
8.060000000000000000e+03 6.158692073641222095e-07
8.061000000000000000e+03 6.283448811747924992e-07
8.062000000000000000e+03 6.393479307868920988e-07
8.063000000000000000e+03 6.488796539424982550e-07
8.064000000000000000e+03 6.569454103568431113e-07
8.065000000000000000e+03 6.635542791195601234e-07
8.066000000000000000e+03 6.687186489278067910e-07
8.067000000000000000e+03 6.724537094071971372e-07
8.068000000000000000e+03 6.747771098072648094e-07
8.069000000000000000e+03 6.757087329980293415e-07
8.070000000000000000e+03 6.752702729377893165e-07
8.071000000000000000e+03 6.734851094692959279e-07
8.072000000000000000e+03 6.703783153088959492e-07
8.073000000000000000e+03 6.659763974882608049e-07
8.074000000000000000e+03 6.603075249621475103e-07
8.075000000000000000e+03 6.534016992673675214e-07
8.076000000000000000e+03 6.452908118138699202e-07
8.077000000000000000e+03 6.360086265758322486e-07
8.078000000000000000e+03 6.255908301905651271e-07
8.079000000000000000e+03 6.140752638027895832e-07
8.080000000000000000e+03 6.015020623941918175e-07
8.081000000000000000e+03 5.879135085430370525e-07
8.082000000000000000e+03 5.733543336031188289e-07
8.083000000000000000e+03 5.578719962990270285e-07
8.084000000000000000e+03 5.415169506411964186e-07
8.085000000000000000e+03 5.243429349385524197e-07
8.086000000000000000e+03 5.064073072593257723e-07
8.087000000000000000e+03 4.877710246881304548e-07
8.088000000000000000e+03 4.684988004340390392e-07
8.089000000000000000e+03 4.486590081181710986e-07
8.090000000000000000e+03 4.283237334810350950e-07
8.091000000000000000e+03 4.075684390049222588e-07
8.092000000000000000e+03 3.864716295598206173e-07
8.093000000000000000e+03 3.651146638222758608e-07
8.094000000000000000e+03 3.435814065865157105e-07
8.095000000000000000e+03 3.219579679961497520e-07
8.096000000000000000e+03 3.003324492026464186e-07
8.097000000000000000e+03 2.787948886826109549e-07
8.098000000000000000e+03 2.574368196229533022e-07
8.099000000000000000e+03 2.363510893555043620e-07
8.100000000000000000e+03 2.156318071296967282e-07
8.101000000000000000e+03 1.953739313577115701e-07
8.102000000000000000e+03 1.756728539182253091e-07
8.103000000000000000e+03 1.566241564073676021e-07
8.104000000000000000e+03 1.383229916498846070e-07
8.105000000000000000e+03 1.208634345362088085e-07
8.106000000000000000e+03 1.043376558712503043e-07
8.107000000000000000e+03 8.883524143657888811e-08
8.108000000000000000e+03 7.444228198613329282e-08
8.109000000000000000e+03 6.124061456042283403e-08
8.110000000000000000e+03 4.930668934741120805e-08
8.111000000000000000e+03 3.871078525709296478e-08
8.112000000000000000e+03 2.951624190821913499e-08
8.113000000000000000e+03 2.177855680839326305e-08
8.114000000000000000e+03 1.554477976566716112e-08
8.115000000000000000e+03 1.085276131518603977e-08
8.116000000000000000e+03 7.730958731102199427e-09
8.117000000000000000e+03 6.198022604973012394e-09
8.118000000000000000e+03 6.262346814187764440e-09
8.119000000000000000e+03 7.921990644142635710e-09
8.120000000000000000e+03 1.116456475206572024e-08
8.121000000000000000e+03 1.596722748731357201e-08
8.122000000000000000e+03 2.229670581041952096e-08
8.123000000000000000e+03 3.010933235458880534e-08
8.124000000000000000e+03 3.935096425384710004e-08
8.125000000000000000e+03 4.995660953628685327e-08
8.126000000000000000e+03 6.185032811391423172e-08
8.127000000000000000e+03 7.494485193503088506e-08
8.128000000000000000e+03 8.914146690313244254e-08
8.129000000000000000e+03 1.043298723006330438e-07
8.130000000000000000e+03 1.203881448478449858e-07
8.131000000000000000e+03 1.371833056205857161e-07
8.132000000000000000e+03 1.545718680064163410e-07
8.133000000000000000e+03 1.724008036321978200e-07
8.134000000000000000e+03 1.905090448417198036e-07
8.135000000000000000e+03 2.087291223426345234e-07
8.136000000000000000e+03 2.268890862872219988e-07
8.137000000000000000e+03 2.448146395208451910e-07
8.138000000000000000e+03 2.623312497538907410e-07
8.139000000000000000e+03 2.792667321710453227e-07
8.140000000000000000e+03 2.954535354271162318e-07
8.141000000000000000e+03 3.107310005972791467e-07
8.142000000000000000e+03 3.249475367941963721e-07
8.143000000000000000e+03 3.379626829697573057e-07
8.144000000000000000e+03 3.496489780940341660e-07
8.145000000000000000e+03 3.598933586408760669e-07
8.146000000000000000e+03 3.685986521936182179e-07
8.147000000000000000e+03 3.756844963091661161e-07
8.148000000000000000e+03 3.810880752812348289e-07
8.149000000000000000e+03 3.847644483335075241e-07
8.150000000000000000e+03 3.866864897810896319e-07
8.151000000000000000e+03 3.868444762639294039e-07
8.152000000000000000e+03 3.852456077231332405e-07
8.153000000000000000e+03 3.819131261428911963e-07
8.154000000000000000e+03 3.768857892287167426e-07
8.155000000000000000e+03 3.702173228078943762e-07
8.156000000000000000e+03 3.619760039636882000e-07
8.157000000000000000e+03 3.522444125123095609e-07
8.158000000000000000e+03 3.411192205081364442e-07
8.159000000000000000e+03 3.287107965699929405e-07
8.160000000000000000e+03 3.151427725938131873e-07
8.161000000000000000e+03 3.005510466327530509e-07
8.162000000000000000e+03 2.850826869602537882e-07
8.163000000000000000e+03 2.688944301343781742e-07
8.164000000000000000e+03 2.521512760728458537e-07
8.165000000000000000e+03 2.350246519318964699e-07
8.166000000000000000e+03 2.176905696147793042e-07
8.167000000000000000e+03 2.003277190912872077e-07
8.168000000000000000e+03 1.831154791994181838e-07
8.169000000000000000e+03 1.662319457764205633e-07
8.170000000000000000e+03 1.498519523841968820e-07
8.171000000000000000e+03 1.341451621542256611e-07
8.172000000000000000e+03 1.192741210403289082e-07
8.173000000000000000e+03 1.053924992588629089e-07
8.174000000000000000e+03 9.264336937590604171e-08
8.175000000000000000e+03 8.115732190411717414e-08
8.176000000000000000e+03 7.105098867662809133e-08
8.177000000000000000e+03 6.242559836854309916e-08
8.178000000000000000e+03 5.536565928315974078e-08
8.179000000000000000e+03 4.993786855775963294e-08
8.180000000000000000e+03 4.619044335140677637e-08
8.181000000000000000e+03 4.415231505393991344e-08
8.182000000000000000e+03 4.383268394715038313e-08
8.183000000000000000e+03 4.522097718497275317e-08
8.184000000000000000e+03 4.828728619957635394e-08
8.185000000000000000e+03 5.298305711297419096e-08
8.186000000000000000e+03 5.924177693923819782e-08
8.187000000000000000e+03 6.698028149795569621e-08
8.188000000000000000e+03 7.610010280352153900e-08
8.189000000000000000e+03 8.648902447009032427e-08
8.190000000000000000e+03 9.802290702900765953e-08
8.191000000000000000e+03 1.105672996033752505e-07
8.192000000000000000e+03 1.239793461160589844e-07
8.193000000000000000e+03 1.381098736142493408e-07
8.194000000000000000e+03 1.528051739261858631e-07
8.195000000000000000e+03 1.679089136448174369e-07
8.196000000000000000e+03 1.832640244047673730e-07
8.197000000000000000e+03 1.987145405135986809e-07
8.198000000000000000e+03 2.141074293232279519e-07
8.199000000000000000e+03 2.292940819563543986e-07
8.200000000000000000e+03 2.441318374513485432e-07
8.201000000000000000e+03 2.584849707637545722e-07
8.202000000000000000e+03 2.722259890665451897e-07
8.203000000000000000e+03 2.852362531822542712e-07
8.204000000000000000e+03 2.974064771656455444e-07
8.205000000000000000e+03 3.086372510767936714e-07
8.206000000000000000e+03 3.188392322222377632e-07
8.207000000000000000e+03 3.279328467688152246e-07
8.208000000000000000e+03 3.358478669175745602e-07
8.209000000000000000e+03 3.425231199278358778e-07
8.210000000000000000e+03 3.479057782080769595e-07
8.211000000000000000e+03 3.519509374879478174e-07
8.212000000000000000e+03 3.546207272477099400e-07
8.213000000000000000e+03 3.558835105821130780e-07
8.214000000000000000e+03 3.557132604043824961e-07
8.215000000000000000e+03 3.540889510164796309e-07
8.216000000000000000e+03 3.509937305022863815e-07
8.217000000000000000e+03 3.464143856325318734e-07
8.218000000000000000e+03 3.403406059371864356e-07
8.219000000000000000e+03 3.327646751738881228e-07
8.220000000000000000e+03 3.236809718358645787e-07
8.221000000000000000e+03 3.130857023955375786e-07
8.222000000000000000e+03 3.009767558353590535e-07
8.223000000000000000e+03 2.873535805050512880e-07
8.224000000000000000e+03 2.722172630137286135e-07
8.225000000000000000e+03 2.555707313864849439e-07
8.226000000000000000e+03 2.374190959826902671e-07
8.227000000000000000e+03 2.177699106995219096e-07
8.228000000000000000e+03 1.966333260926799919e-07
8.229000000000000000e+03 1.740227334973808504e-07
8.230000000000000000e+03 1.499550301291878750e-07
8.231000000000000000e+03 1.244510719641761744e-07
8.232000000000000000e+03 9.753588382580479921e-08
8.233000000000000000e+03 6.923900396329810550e-08
8.234000000000000000e+03 3.959485017772000940e-08
8.235000000000000000e+03 8.643187011053323447e-09
8.236000000000000000e+03 -2.357028725525763446e-08
8.237000000000000000e+03 -5.699322983793159453e-08
8.238000000000000000e+03 -9.156597265151269451e-08
8.239000000000000000e+03 -1.272205201737117442e-07
8.240000000000000000e+03 -1.638796791963297262e-07
8.241000000000000000e+03 -2.014563014238850198e-07
8.242000000000000000e+03 -2.398524033457525513e-07
8.243000000000000000e+03 -2.789586048762438541e-07
8.244000000000000000e+03 -3.186535847024653232e-07
8.245000000000000000e+03 -3.588035784795749330e-07
8.246000000000000000e+03 -3.992626864248261378e-07
8.247000000000000000e+03 -4.398730091213640888e-07
8.248000000000000000e+03 -4.804651817036554713e-07
8.249000000000000000e+03 -5.208591981218424825e-07
8.250000000000000000e+03 -5.608653578845738822e-07
8.251000000000000000e+03 -6.002853576365222075e-07
8.252000000000000000e+03 -6.389135731502679188e-07
8.253000000000000000e+03 -6.765385852080911109e-07
8.254000000000000000e+03 -7.129444555054131156e-07
8.255000000000000000e+03 -7.479125747383436365e-07
8.256000000000000000e+03 -7.812234165237234959e-07
8.257000000000000000e+03 -8.126588669844308382e-07
8.258000000000000000e+03 -8.420048143896465262e-07
8.259000000000000000e+03 -8.690536506099118659e-07
8.260000000000000000e+03 -8.936070729551216957e-07
8.261000000000000000e+03 -9.154791560401256960e-07
8.262000000000000000e+03 -9.344989066587002128e-07
8.263000000000000000e+03 -9.505132368309279841e-07
8.264000000000000000e+03 -9.633893813207439320e-07
8.265000000000000000e+03 -9.730166924863184921e-07
8.266000000000000000e+03 -9.793079250218326343e-07
8.267000000000000000e+03 -9.822007619003663783e-07
8.268000000000000000e+03 -9.816583784904109629e-07
8.269000000000000000e+03 -9.776698977165838805e-07
8.270000000000000000e+03 -9.702501187844941231e-07
8.271000000000000000e+03 -9.594392024556564879e-07
8.272000000000000000e+03 -9.453018911698195758e-07
8.273000000000000000e+03 -9.279264019243907648e-07
8.274000000000000000e+03 -9.074231470847290126e-07
8.275000000000000000e+03 -8.839235753411198495e-07
8.276000000000000000e+03 -8.575789307222265236e-07
8.277000000000000000e+03 -8.285585761644978997e-07
8.278000000000000000e+03 -7.970487011958758460e-07
8.279000000000000000e+03 -7.632510831015655698e-07
8.280000000000000000e+03 -7.273814502480416985e-07
8.281000000000000000e+03 -6.896683045761324841e-07
8.282000000000000000e+03 -6.503514972390795766e-07
8.283000000000000000e+03 -6.096807918102497487e-07
8.284000000000000000e+03 -5.679148530434991484e-07
8.285000000000000000e+03 -5.253196809679247706e-07
8.286000000000000000e+03 -4.821674448044170007e-07
8.287000000000000000e+03 -4.387349195078603764e-07
8.288000000000000000e+03 -3.953019585469734926e-07
8.289000000000000000e+03 -3.521500871309119444e-07
8.290000000000000000e+03 -3.095605383779348448e-07
8.291000000000000000e+03 -2.678123852032359570e-07
8.292000000000000000e+03 -2.271807098215591504e-07
8.293000000000000000e+03 -1.879344599175861244e-07
8.294000000000000000e+03 -1.503345672594582555e-07
8.295000000000000000e+03 -1.146319936204061768e-07
8.296000000000000000e+03 -8.106564837280524608e-08
8.297000000000000000e+03 -4.986028209896610700e-08
8.298000000000000000e+03 -2.122471490952555046e-08
8.299000000000000000e+03 4.650074637774771078e-09
8.300000000000000000e+03 2.759326772433554307e-08
8.301000000000000000e+03 4.745597875641772437e-08
8.302000000000000000e+03 6.411356927511690924e-08
8.303000000000000000e+03 7.746725824986234246e-08
8.304000000000000000e+03 8.744587008844346721e-08
8.305000000000000000e+03 9.400744341521014586e-08
8.306000000000000000e+03 9.714029372886782678e-08
8.307000000000000000e+03 9.686347427660043279e-08
8.308000000000000000e+03 9.322676834470553425e-08
8.309000000000000000e+03 8.631032837846598932e-08
8.310000000000000000e+03 7.622378025853510607e-08
8.311000000000000000e+03 6.310457248893193230e-08
8.312000000000000000e+03 4.711600706059701705e-08
8.313000000000000000e+03 2.844520593589998805e-08
8.314000000000000000e+03 7.300591150091572895e-09
8.315000000000000000e+03 -1.609042111894246982e-08
8.316000000000000000e+03 -4.148429373010873778e-08
8.317000000000000000e+03 -6.862416203964116670e-08
8.318000000000000000e+03 -9.724239914529396652e-08
8.319000000000000000e+03 -1.270638259655076897e-07
8.320000000000000000e+03 -1.578084108455592797e-07
8.321000000000000000e+03 -1.891940829217040892e-07
8.322000000000000000e+03 -2.209396151124023555e-07
8.323000000000000000e+03 -2.527678047899882240e-07
8.324000000000000000e+03 -2.844082852642198209e-07
8.325000000000000000e+03 -3.156000592996444127e-07
8.326000000000000000e+03 -3.460938829036007166e-07
8.327000000000000000e+03 -3.756547157579845419e-07
8.328000000000000000e+03 -4.040634422854854388e-07
8.329000000000000000e+03 -4.311186066676758225e-07
8.330000000000000000e+03 -4.566376626955866663e-07
8.331000000000000000e+03 -4.804578066048496420e-07
8.332000000000000000e+03 -5.024364933794277486e-07
8.333000000000000000e+03 -5.224515465070252066e-07
8.334000000000000000e+03 -5.404014887136333507e-07
8.335000000000000000e+03 -5.562052139504453221e-07
8.336000000000000000e+03 -5.698017781179298805e-07
8.337000000000000000e+03 -5.811501280566474198e-07
8.338000000000000000e+03 -5.902287393178808145e-07
8.339000000000000000e+03 -5.970351762786999674e-07
8.340000000000000000e+03 -6.015856427804897174e-07
8.341000000000000000e+03 -6.039145058708076229e-07
8.342000000000000000e+03 -6.040736120230628629e-07
8.343000000000000000e+03 -6.021316551122172284e-07
8.344000000000000000e+03 -5.981731223487667273e-07
8.345000000000000000e+03 -5.922971620910129541e-07
8.346000000000000000e+03 -5.846164535322365943e-07
8.347000000000000000e+03 -5.752555591294616419e-07
8.348000000000000000e+03 -5.643492530356937412e-07
8.349000000000000000e+03 -5.520409220183371728e-07
8.350000000000000000e+03 -5.384803957864483253e-07
8.351000000000000000e+03 -5.238222247536302096e-07
8.352000000000000000e+03 -5.082235930045940862e-07
8.353000000000000000e+03 -4.918423161009007610e-07
8.354000000000000000e+03 -4.748351743550066480e-07
8.355000000000000000e+03 -4.573560821496463057e-07
8.356000000000000000e+03 -4.395545475707938166e-07
8.357000000000000000e+03 -4.215739959280949221e-07
8.358000000000000000e+03 -4.035505969701428088e-07
8.359000000000000000e+03 -3.856120892567911976e-07
8.360000000000000000e+03 -3.678767532236378308e-07
8.361000000000000000e+03 -3.504528742964213118e-07
8.362000000000000000e+03 -3.334377935047692088e-07
8.363000000000000000e+03 -3.169171876196730732e-07
8.364000000000000000e+03 -3.009650132890681941e-07
8.365000000000000000e+03 -2.856429299351543304e-07
8.366000000000000000e+03 -2.710001357203489971e-07
8.367000000000000000e+03 -2.570730519999867305e-07
8.368000000000000000e+03 -2.438851754808273210e-07
8.369000000000000000e+03 -2.314469784572639545e-07
8.370000000000000000e+03 -2.197556418231997370e-07
8.371000000000000000e+03 -2.087949610920891593e-07
8.372000000000000000e+03 -1.985353557736764146e-07
8.373000000000000000e+03 -1.889338369135520893e-07
8.374000000000000000e+03 -1.799342444145830952e-07
8.375000000000000000e+03 -1.714673374288658450e-07
8.376000000000000000e+03 -1.634508735625348973e-07
8.377000000000000000e+03 -1.557901834617179734e-07
8.378000000000000000e+03 -1.483788337158811296e-07
8.379000000000000000e+03 -1.410993855741133254e-07
8.380000000000000000e+03 -1.338245180211574213e-07
8.381000000000000000e+03 -1.264181740487570528e-07
8.382000000000000000e+03 -1.187371588860626411e-07
8.383000000000000000e+03 -1.106330230671866529e-07
8.384000000000000000e+03 -1.019538332714115022e-07
8.385000000000000000e+03 -9.254621683296051693e-08
8.386000000000000000e+03 -8.225772817723337284e-08
8.387000000000000000e+03 -7.093909161040607130e-08
8.388000000000000000e+03 -5.844639472717474706e-08
8.389000000000000000e+03 -4.464344659876480582e-08
8.390000000000000000e+03 -2.940404695512384858e-08
8.391000000000000000e+03 -1.261392557616827880e-08
8.392000000000000000e+03 5.826707721196315555e-09
8.393000000000000000e+03 2.600136133475845365e-08
8.394000000000000000e+03 4.797571693949517732e-08
8.395000000000000000e+03 7.179579983540682640e-08
8.396000000000000000e+03 9.748704950840171875e-08
8.397000000000000000e+03 1.250532330711320002e-07
8.398000000000000000e+03 1.544760601889093566e-07
8.399000000000000000e+03 1.857146815653799603e-07
8.400000000000000000e+03 2.187055747812101654e-07
8.401000000000000000e+03 2.533628653251982926e-07
8.402000000000000000e+03 2.895788392503153885e-07
8.403000000000000000e+03 3.272242161420609597e-07
8.404000000000000000e+03 3.661493554663589461e-07
8.405000000000000000e+03 4.061855154235605683e-07
8.406000000000000000e+03 4.471465447614229970e-07
8.407000000000000000e+03 4.888302874118688699e-07
8.408000000000000000e+03 5.310208888412214988e-07
8.409000000000000000e+03 5.734910204168184842e-07
8.410000000000000000e+03 6.160042286216020053e-07
8.411000000000000000e+03 6.583177166085606756e-07
8.412000000000000000e+03 7.001850118568473390e-07
8.413000000000000000e+03 7.413591928607331722e-07
8.414000000000000000e+03 7.815959108887954277e-07
8.415000000000000000e+03 8.206560741030160846e-07
8.416000000000000000e+03 8.583086348624819635e-07
8.417000000000000000e+03 8.943330047962247677e-07
8.418000000000000000e+03 9.285215004729969031e-07
8.419000000000000000e+03 9.606808519150038079e-07
8.420000000000000000e+03 9.906335647376033663e-07
8.421000000000000000e+03 1.018219353114086712e-06
8.422000000000000000e+03 1.043295587057604392e-06
8.423000000000000000e+03 1.065737439450498907e-06
8.424000000000000000e+03 1.085438274250039622e-06
8.425000000000000000e+03 1.102309328674168954e-06
8.426000000000000000e+03 1.116279249332871259e-06
8.427000000000000000e+03 1.127293394521824343e-06
8.428000000000000000e+03 1.135313230613944181e-06
8.429000000000000000e+03 1.140315462752903750e-06
8.430000000000000000e+03 1.142290956318603681e-06
8.431000000000000000e+03 1.141243730222553882e-06
8.432000000000000000e+03 1.137190033369802139e-06
8.433000000000000000e+03 1.130157484130371005e-06
8.434000000000000000e+03 1.120183684951508518e-06
8.435000000000000000e+03 1.107315310783130901e-06
8.436000000000000000e+03 1.091607473550133669e-06
8.437000000000000000e+03 1.073122780628528294e-06
8.438000000000000000e+03 1.051930641750395930e-06
8.439000000000000000e+03 1.028107046520783269e-06
8.440000000000000000e+03 1.001734369262437836e-06
8.441000000000000000e+03 9.729010971411272221e-07
8.442000000000000000e+03 9.417018410947678756e-07
8.443000000000000000e+03 9.082378778084811031e-07
8.444000000000000000e+03 8.726178683154301296e-07
8.445000000000000000e+03 8.349582769864462058e-07
8.446000000000000000e+03 7.953839581153168425e-07
8.447000000000000000e+03 7.540289321729755891e-07
8.448000000000000000e+03 7.110367601775709208e-07
8.449000000000000000e+03 6.665607598001280295e-07
8.450000000000000000e+03 6.207641810275698973e-07
8.451000000000000000e+03 5.738201985255183147e-07
8.452000000000000000e+03 5.259116729801979674e-07
8.453000000000000000e+03 4.772305018663484318e-07
8.454000000000000000e+03 4.279769973817932821e-07
8.455000000000000000e+03 3.783588945711905992e-07
8.456000000000000000e+03 3.285903998031276010e-07
8.457000000000000000e+03 2.788907789596255374e-07
8.458000000000000000e+03 2.294830449857748447e-07
8.459000000000000000e+03 1.805928507654833875e-07
8.460000000000000000e+03 1.324466813085218801e-07
8.461000000000000000e+03 8.527040541952802903e-08
8.462000000000000000e+03 3.928813236032196251e-08
8.463000000000000000e+03 -5.279141196871481329e-09
8.464000000000000000e+03 -4.821453842104703204e-08
8.465000000000000000e+03 -8.930640438719334720e-08
8.466000000000000000e+03 -1.283491407148224448e-07
8.467000000000000000e+03 -1.651437057797059262e-07
8.468000000000000000e+03 -1.994982181868340284e-07
8.469000000000000000e+03 -2.312284316097585173e-07
8.470000000000000000e+03 -2.601585824207986224e-07
8.471000000000000000e+03 -2.861221444116730131e-07
8.472000000000000000e+03 -3.089627887098562630e-07
8.473000000000000000e+03 -3.285355781251398029e-07
8.474000000000000000e+03 -3.447079724626803354e-07
8.475000000000000000e+03 -3.573615618530725202e-07
8.476000000000000000e+03 -3.663938423659967436e-07
8.477000000000000000e+03 -3.717195029456501770e-07
8.478000000000000000e+03 -3.732723135034365529e-07
8.479000000000000000e+03 -3.710067026304529613e-07
8.480000000000000000e+03 -3.648991713932391243e-07
8.481000000000000000e+03 -3.549499466237591930e-07
8.482000000000000000e+03 -3.411841567126796812e-07
8.483000000000000000e+03 -3.236525562437790705e-07
8.484000000000000000e+03 -3.024324386603403660e-07
8.485000000000000000e+03 -2.776280329025845839e-07
8.486000000000000000e+03 -2.493708750048594412e-07
8.487000000000000000e+03 -2.178196637727207312e-07
8.488000000000000000e+03 -1.831595971296973946e-07
8.489000000000000000e+03 -1.456014413721771114e-07
8.490000000000000000e+03 -1.053802279896011762e-07
8.491000000000000000e+03 -6.275400401844886258e-08
8.492000000000000000e+03 -1.800205441504072315e-08
8.493000000000000000e+03 2.857742944905568447e-08
8.494000000000000000e+03 7.666954467082417820e-08
8.495000000000000000e+03 1.259452886266705428e-07
8.496000000000000000e+03 1.760644121817481703e-07
8.497000000000000000e+03 2.266781124184426628e-07
8.498000000000000000e+03 2.774318697159720888e-07
8.499000000000000000e+03 3.279686525164290248e-07
8.500000000000000000e+03 3.779315340873850037e-07
8.501000000000000000e+03 4.269665190446136388e-07
8.502000000000000000e+03 4.747254542391039444e-07
8.503000000000000000e+03 5.208683625032445802e-07
8.504000000000000000e+03 5.650658013726535531e-07
8.505000000000000000e+03 6.070009535736483372e-07
8.506000000000000000e+03 6.463715620248123862e-07
8.507000000000000000e+03 6.828920216917830525e-07
8.508000000000000000e+03 7.162950815705886824e-07
8.509000000000000000e+03 7.463337736804960674e-07
8.510000000000000000e+03 7.727825616161845874e-07
8.511000000000000000e+03 7.954383110157229386e-07
8.512000000000000000e+03 8.141217720547374488e-07
8.513000000000000000e+03 8.286781837576312197e-07
8.514000000000000000e+03 8.389779373399528022e-07
8.515000000000000000e+03 8.449167959430935696e-07
8.516000000000000000e+03 8.464159261851160032e-07
8.517000000000000000e+03 8.434216701293192605e-07
8.518000000000000000e+03 8.359048346789570199e-07
8.519000000000000000e+03 8.238598507327298797e-07
8.520000000000000000e+03 8.073039132950599991e-07
8.521000000000000000e+03 7.862759692944964805e-07
8.522000000000000000e+03 7.608352190206863944e-07
8.523000000000000000e+03 7.310596360347074788e-07
8.524000000000000000e+03 6.970448611532849629e-07
8.525000000000000000e+03 6.589028913667530461e-07
8.526000000000000000e+03 6.167606431795280260e-07
8.527000000000000000e+03 5.707586435742655852e-07
8.528000000000000000e+03 5.210497725725366647e-07
8.529000000000000000e+03 4.677983953426721498e-07
8.530000000000000000e+03 4.111795637090260905e-07
8.531000000000000000e+03 3.513782872804113097e-07
8.532000000000000000e+03 2.885894374686391243e-07
8.533000000000000000e+03 2.230171166967226776e-07
8.534000000000000000e+03 1.548747453660528488e-07
8.535000000000000000e+03 8.438526205120494993e-08
8.536000000000000000e+03 1.178116984649584964e-08
8.537000000000000000e+03 -6.269511481499195057e-08
8.538000000000000000e+03 -1.387910534593762972e-07
8.539000000000000000e+03 -2.162440903228053906e-07
8.540000000000000000e+03 -2.947815747857408379e-07
8.541000000000000000e+03 -3.741210568848754512e-07
8.542000000000000000e+03 -4.539700174055471363e-07
8.543000000000000000e+03 -5.340267285197696589e-07
8.544000000000000000e+03 -6.139804757043058561e-07
8.545000000000000000e+03 -6.935118958777745914e-07
8.546000000000000000e+03 -7.722935759166147851e-07
8.547000000000000000e+03 -8.499905624192598985e-07
8.548000000000000000e+03 -9.262610757320320970e-07
8.549000000000000000e+03 -1.000757394630224534e-06
8.550000000000000000e+03 -1.073127023818842661e-06
8.551000000000000000e+03 -1.143014405130730172e-06
8.552000000000000000e+03 -1.210062675673819249e-06
8.553000000000000000e+03 -1.273915894360776792e-06
8.554000000000000000e+03 -1.334221657688241554e-06
8.555000000000000000e+03 -1.390633481030670937e-06
8.556000000000000000e+03 -1.442813597124518355e-06
8.557000000000000000e+03 -1.490435933071916870e-06
8.558000000000000000e+03 -1.533189108236813339e-06
8.559000000000000000e+03 -1.570779419149705501e-06
8.560000000000000000e+03 -1.602933499956928704e-06
8.561000000000000000e+03 -1.629401322283484931e-06
8.562000000000000000e+03 -1.649958757214692865e-06
8.563000000000000000e+03 -1.664409615510018806e-06
8.564000000000000000e+03 -1.672587949849204629e-06
8.565000000000000000e+03 -1.674360155090194608e-06
8.566000000000000000e+03 -1.669626700653700373e-06
8.567000000000000000e+03 -1.658324122856304900e-06
8.568000000000000000e+03 -1.640426486303163617e-06
8.569000000000000000e+03 -1.615946169713453033e-06
8.570000000000000000e+03 -1.584935157617880053e-06
8.571000000000000000e+03 -1.547485690810661119e-06
8.572000000000000000e+03 -1.503730813552652328e-06
8.573000000000000000e+03 -1.453844111905173485e-06
8.574000000000000000e+03 -1.398039598608208052e-06
8.575000000000000000e+03 -1.336570747188315032e-06
8.576000000000000000e+03 -1.269729426748311797e-06
8.577000000000000000e+03 -1.197844521468062810e-06
8.578000000000000000e+03 -1.121279728565030386e-06
8.579000000000000000e+03 -1.040431260130632728e-06
8.580000000000000000e+03 -9.557251393641710603e-07
8.581000000000000000e+03 -8.676133593784080849e-07
8.582000000000000000e+03 -7.765702478502735572e-07
8.583000000000000000e+03 -6.830881171001022043e-07
8.584000000000000000e+03 -5.876728831716472000e-07
8.585000000000000000e+03 -4.908395319695992096e-07
8.586000000000000000e+03 -3.931076535808750920e-07
8.587000000000000000e+03 -2.949967564362570861e-07
8.588000000000000000e+03 -1.970222571681997874e-07
8.589000000000000000e+03 -9.969179354416667580e-08
8.590000000000000000e+03 -3.501650459871680487e-09
8.591000000000000000e+03 9.106670643256585240e-08
8.592000000000000000e+03 1.835495515413546235e-07
8.593000000000000000e+03 2.735034340916467117e-07
8.594000000000000000e+03 3.605074175105181830e-07
8.595000000000000000e+03 4.441654900582347174e-07
8.596000000000000000e+03 5.241084635252066790e-07
8.597000000000000000e+03 5.999957859158691269e-07
8.598000000000000000e+03 6.715172254663278078e-07
8.599000000000000000e+03 7.383944223107628191e-07
8.600000000000000000e+03 8.003816587869842969e-07
8.601000000000000000e+03 8.572673335646136467e-07
8.602000000000000000e+03 9.088745369066485571e-07
8.603000000000000000e+03 9.550614615761414705e-07
8.604000000000000000e+03 9.957217746285222182e-07
8.605000000000000000e+03 1.030784528669907277e-06
8.606000000000000000e+03 1.060213479724608850e-06
8.607000000000000000e+03 1.084006869255214364e-06
8.608000000000000000e+03 1.102196510825106708e-06
8.609000000000000000e+03 1.114846787711511592e-06
8.610000000000000000e+03 1.122052647101619481e-06
8.611000000000000000e+03 1.123937447911765476e-06
8.612000000000000000e+03 1.120650746385308484e-06
8.613000000000000000e+03 1.112365664629753215e-06
8.614000000000000000e+03 1.099275966402977472e-06
8.615000000000000000e+03 1.081593504407547882e-06
8.616000000000000000e+03 1.059545689335556986e-06
8.617000000000000000e+03 1.033373487620061355e-06
8.618000000000000000e+03 1.003330084557242077e-06
8.619000000000000000e+03 9.696793613787558609e-07
8.620000000000000000e+03 9.326946115504794266e-07
8.621000000000000000e+03 8.926577539631490966e-07
8.622000000000000000e+03 8.498582394544980064e-07
8.623000000000000000e+03 8.045924083821543529e-07
8.624000000000000000e+03 7.571619650686396518e-07
8.625000000000000000e+03 7.078730399058642139e-07
8.626000000000000000e+03 6.570343871797693295e-07
8.627000000000000000e+03 6.049558792484733749e-07
8.628000000000000000e+03 5.519466645209339822e-07
8.629000000000000000e+03 4.983129813465005660e-07
8.630000000000000000e+03 4.443556860078303013e-07
8.631000000000000000e+03 3.903682478210981893e-07
8.632000000000000000e+03 3.366345836130111567e-07
8.633000000000000000e+03 2.834269924317256372e-07
8.634000000000000000e+03 2.310045379474641723e-07
8.635000000000000000e+03 1.796111413421934373e-07
8.636000000000000000e+03 1.294747472832499038e-07
8.637000000000000000e+03 8.080660790879831914e-08
8.638000000000000000e+03 3.380029241726270896e-08
8.639000000000000000e+03 -1.136862028298896998e-08
8.640000000000000000e+03 -5.454257642861136814e-08
8.641000000000000000e+03 -9.558208977310064965e-08
8.642000000000000000e+03 -1.343655246609640492e-07
8.643000000000000000e+03 -1.707892777383879028e-07
8.644000000000000000e+03 -2.047673440629988698e-07
8.645000000000000000e+03 -2.362312540650502124e-07
8.646000000000000000e+03 -2.651296632844392629e-07
8.647000000000000000e+03 -2.914283573634577931e-07
8.648000000000000000e+03 -3.151095677292159962e-07
8.649000000000000000e+03 -3.361720096315501548e-07
8.650000000000000000e+03 -3.546299253407693344e-07
8.651000000000000000e+03 -3.705121834690601429e-07
8.652000000000000000e+03 -3.838618133765227777e-07
8.653000000000000000e+03 -3.947348832025957422e-07
8.654000000000000000e+03 -4.031990356380780759e-07
8.655000000000000000e+03 -4.093320350348081276e-07
8.656000000000000000e+03 -4.132201902567958700e-07
8.657000000000000000e+03 -4.149563012007717763e-07
8.658000000000000000e+03 -4.146376405879891239e-07
8.659000000000000000e+03 -4.123638098086973688e-07
8.660000000000000000e+03 -4.082347739418553735e-07
8.661000000000000000e+03 -4.023494421847344319e-07
8.662000000000000000e+03 -3.948042909809883616e-07
8.663000000000000000e+03 -3.856926091018571901e-07
8.664000000000000000e+03 -3.751038912549951892e-07
8.665000000000000000e+03 -3.631240644952677447e-07
8.666000000000000000e+03 -3.498356108910468155e-07
8.667000000000000000e+03 -3.353178161037125467e-07
8.668000000000000000e+03 -3.196472495422908284e-07
8.669000000000000000e+03 -3.028978948019555771e-07
8.670000000000000000e+03 -2.851412874509241115e-07
8.671000000000000000e+03 -2.664466447865604156e-07
8.672000000000000000e+03 -2.468803287296632675e-07
8.673000000000000000e+03 -2.265057547110536771e-07
8.674000000000000000e+03 -2.053832886744793849e-07
8.675000000000000000e+03 -1.835699385546287122e-07
8.676000000000000000e+03 -1.611195699363925155e-07
8.677000000000000000e+03 -1.380830156929430506e-07
8.678000000000000000e+03 -1.145089426018377916e-07
8.679000000000000000e+03 -9.044520778587737697e-08
8.680000000000000000e+03 -6.593985836633528568e-08
8.681000000000000000e+03 -4.104287301209911940e-08
8.682000000000000000e+03 -1.580786374631654529e-08
8.683000000000000000e+03 9.706600869887162132e-09
8.684000000000000000e+03 3.543573516428289248e-08
8.685000000000000000e+03 6.130761974129184536e-08
8.686000000000000000e+03 8.724229598457089419e-08
8.687000000000000000e+03 1.131511436554046679e-07
8.688000000000000000e+03 1.389369535071042626e-07
8.689000000000000000e+03 1.644938360286573525e-07
8.690000000000000000e+03 1.897076416227619048e-07
8.691000000000000000e+03 2.144566378724959283e-07
8.692000000000000000e+03 2.386115135156738963e-07
8.693000000000000000e+03 2.620363657703712561e-07
8.694000000000000000e+03 2.845894540870368844e-07
8.695000000000000000e+03 3.061243000820079020e-07
8.696000000000000000e+03 3.264902935684294756e-07
8.697000000000000000e+03 3.455340239938120372e-07
8.698000000000000000e+03 3.631002121122349793e-07
8.699000000000000000e+03 3.790327909216749026e-07
8.700000000000000000e+03 3.931761618084197076e-07
8.701000000000000000e+03 4.053764378066669967e-07
8.702000000000000000e+03 4.154829646766923094e-07
8.703000000000000000e+03 4.233494805633992090e-07
8.704000000000000000e+03 4.288355005149635821e-07
8.705000000000000000e+03 4.318076511847506995e-07
8.706000000000000000e+03 4.321411414961519974e-07
8.707000000000000000e+03 4.297210691542677011e-07
8.708000000000000000e+03 4.244435343185459726e-07
8.709000000000000000e+03 4.162172048736379605e-07
8.710000000000000000e+03 4.049644438441438946e-07
8.711000000000000000e+03 3.906225830449231196e-07
8.712000000000000000e+03 3.731453357451057088e-07
8.713000000000000000e+03 3.525037815106553231e-07
8.714000000000000000e+03 3.286877426484437189e-07
8.715000000000000000e+03 3.017066826982157179e-07
8.716000000000000000e+03 2.715906060231282743e-07
8.717000000000000000e+03 2.383906436429038393e-07
8.718000000000000000e+03 2.021795752615495546e-07
8.719000000000000000e+03 1.630523895176554554e-07
8.720000000000000000e+03 1.211267639069098756e-07
8.721000000000000000e+03 7.654308385722045989e-08
8.722000000000000000e+03 2.946439199525780751e-08
8.723000000000000000e+03 -1.992403516964402818e-08
8.724000000000000000e+03 -7.141547384344213948e-08
8.725000000000000000e+03 -1.247829889169623157e-07
8.726000000000000000e+03 -1.797809451124050036e-07
8.727000000000000000e+03 -2.361469616280824687e-07
8.728000000000000000e+03 -2.936039346300814574e-07
8.729000000000000000e+03 -3.518622154657407122e-07
8.730000000000000000e+03 -4.106222768530893961e-07
8.731000000000000000e+03 -4.695769385510146357e-07
8.732000000000000000e+03 -5.284136758936831231e-07
8.733000000000000000e+03 -5.868163651471028412e-07
8.734000000000000000e+03 -6.444673865759493636e-07
8.735000000000000000e+03 -7.010487740859816201e-07
8.736000000000000000e+03 -7.562433527631342120e-07
8.737000000000000000e+03 -8.097360369765444077e-07
8.738000000000000000e+03 -8.612154107333214255e-07
8.739000000000000000e+03 -9.103747305946356818e-07
8.740000000000000000e+03 -9.569138412589166048e-07
8.741000000000000000e+03 -1.000540897566507503e-06
8.742000000000000000e+03 -1.040974363197147482e-06
8.743000000000000000e+03 -1.077945623767556791e-06
8.744000000000000000e+03 -1.111201225878179137e-06
8.745000000000000000e+03 -1.140505466832691254e-06
8.746000000000000000e+03 -1.165642988442933209e-06
8.747000000000000000e+03 -1.186420946616028159e-06
8.748000000000000000e+03 -1.202670934601063429e-06
8.749000000000000000e+03 -1.214250267660631568e-06
8.750000000000000000e+03 -1.221042674962586710e-06
8.751000000000000000e+03 -1.222958327610989541e-06
8.752000000000000000e+03 -1.219934137539875525e-06
8.753000000000000000e+03 -1.211933375077199894e-06
8.754000000000000000e+03 -1.198945445285953949e-06
8.755000000000000000e+03 -1.180985174540108447e-06
8.756000000000000000e+03 -1.158092550639175987e-06
8.757000000000000000e+03 -1.130332567802392913e-06
8.758000000000000000e+03 -1.097794707627511085e-06
8.759000000000000000e+03 -1.060592633699141331e-06
8.760000000000000000e+03 -1.018863751873369750e-06
8.761000000000000000e+03 -9.727688411129117940e-07
8.762000000000000000e+03 -9.224916476226037753e-07
8.763000000000000000e+03 -8.682380134428208207e-07
8.764000000000000000e+03 -8.102349158467523791e-07
8.765000000000000000e+03 -7.487295271264626409e-07
8.766000000000000000e+03 -6.839880541838535907e-07
8.767000000000000000e+03 -6.162939996973287371e-07
8.768000000000000000e+03 -5.459469532348586251e-07
8.769000000000000000e+03 -4.732607816128115735e-07
8.770000000000000000e+03 -3.985618742480914622e-07
8.771000000000000000e+03 -3.221870905899574227e-07
8.772000000000000000e+03 -2.444821596434785152e-07
8.773000000000000000e+03 -1.657995193309489722e-07
8.774000000000000000e+03 -8.649674461452664636e-08
8.775000000000000000e+03 -6.934611136100293413e-09
8.776000000000000000e+03 7.252445805234495716e-08
8.777000000000000000e+03 1.515178462425246352e-07
8.778000000000000000e+03 2.296843544201567911e-07
8.779000000000000000e+03 3.066655697757239429e-07
8.780000000000000000e+03 3.821077143353803571e-07
8.781000000000000000e+03 4.556634578669919936e-07
8.782000000000000000e+03 5.269936641927243338e-07
8.783000000000000000e+03 5.957693893898815374e-07
8.784000000000000000e+03 6.616737514573331221e-07
8.785000000000000000e+03 7.244041284760239870e-07
8.786000000000000000e+03 7.836748145380856420e-07
8.787000000000000000e+03 8.392187097114124329e-07
8.788000000000000000e+03 8.907900417569755451e-07
8.789000000000000000e+03 9.381667184610617867e-07
8.790000000000000000e+03 9.811525068567281980e-07
8.791000000000000000e+03 1.019579621756306219e-06
8.792000000000000000e+03 1.053310828166641489e-06
8.793000000000000000e+03 1.082240959445480057e-06
8.794000000000000000e+03 1.106298708313919170e-06
8.795000000000000000e+03 1.125447050155129904e-06
8.796000000000000000e+03 1.139683897536043318e-06
8.797000000000000000e+03 1.149041818923992245e-06
8.798000000000000000e+03 1.153586694187808665e-06
8.799000000000000000e+03 1.153417041691297815e-06
8.800000000000000000e+03 1.148662517986719892e-06
8.801000000000000000e+03 1.139482195725297112e-06
8.802000000000000000e+03 1.126063011130442733e-06
8.803000000000000000e+03 1.108617344928093243e-06
8.804000000000000000e+03 1.087381546574555719e-06
8.805000000000000000e+03 1.062613704608352139e-06
8.806000000000000000e+03 1.034591594714002413e-06
8.807000000000000000e+03 1.003610776558483690e-06
8.808000000000000000e+03 9.699822894345766586e-07
8.809000000000000000e+03 9.340301569269571663e-07
8.810000000000000000e+03 8.960888030151748315e-07
8.811000000000000000e+03 8.565008218674003708e-07
8.812000000000000000e+03 8.156142239642143458e-07
8.813000000000000000e+03 7.737794513434059021e-07
8.814000000000000000e+03 7.313467697799857631e-07
8.815000000000000000e+03 6.886633120789352890e-07
8.816000000000000000e+03 6.460704472244426556e-07
8.817000000000000000e+03 6.039005946978526429e-07
8.818000000000000000e+03 5.624744196005173182e-07
8.819000000000000000e+03 5.220985006874764062e-07
8.820000000000000000e+03 4.830630085412007349e-07
8.821000000000000000e+03 4.456393496834299428e-07
8.822000000000000000e+03 4.100778747534765111e-07
8.823000000000000000e+03 3.766064768247879136e-07
8.824000000000000000e+03 3.454292260357780248e-07
8.825000000000000000e+03 3.167251010217479626e-07
8.826000000000000000e+03 2.906476677560379772e-07
8.827000000000000000e+03 2.673244832288355300e-07
8.828000000000000000e+03 2.468570625290676957e-07
8.829000000000000000e+03 2.293209812723231073e-07
8.830000000000000000e+03 2.147661728653243268e-07
8.831000000000000000e+03 2.032173195569701722e-07
8.832000000000000000e+03 1.946745353029497197e-07
8.833000000000000000e+03 1.891142455985268185e-07
8.834000000000000000e+03 1.864898859732963676e-07
8.835000000000000000e+03 1.867328677802255554e-07
8.836000000000000000e+03 1.897533540699019289e-07
8.837000000000000000e+03 1.954413543325127591e-07
8.838000000000000000e+03 2.036675741992501915e-07
8.839000000000000000e+03 2.142843318633981776e-07
8.840000000000000000e+03 2.271267992775460996e-07
8.841000000000000000e+03 2.420141503344897645e-07
8.842000000000000000e+03 2.587505413188513797e-07
8.843000000000000000e+03 2.771265621154853355e-07
8.844000000000000000e+03 2.969205557603254562e-07
8.845000000000000000e+03 3.179002249019552780e-07
8.846000000000000000e+03 3.398236160303873825e-07
8.847000000000000000e+03 3.624404378747133539e-07
8.848000000000000000e+03 3.854930473864839100e-07
8.849000000000000000e+03 4.087177355788628578e-07
8.850000000000000000e+03 4.318451438891337167e-07
8.851000000000000000e+03 4.546014073992759552e-07
8.852000000000000000e+03 4.767083903731454043e-07
8.853000000000000000e+03 4.978849820230950700e-07
8.854000000000000000e+03 5.178474587933315202e-07
8.855000000000000000e+03 5.363106157414718073e-07
8.856000000000000000e+03 5.529886025675200040e-07
8.857000000000000000e+03 5.675965372343165356e-07
8.858000000000000000e+03 5.798516721755076333e-07
8.859000000000000000e+03 5.894752051022017036e-07
8.860000000000000000e+03 5.961947983318996772e-07
8.861000000000000000e+03 5.997465461392430294e-07
8.862000000000000000e+03 5.998784413930040224e-07
8.863000000000000000e+03 5.963535836120160232e-07
8.864000000000000000e+03 5.889541826098019078e-07
8.865000000000000000e+03 5.774847071415903270e-07
8.866000000000000000e+03 5.617758534827082313e-07
8.867000000000000000e+03 5.416879440527642582e-07
8.868000000000000000e+03 5.171141061856190332e-07
8.869000000000000000e+03 4.879832036439743523e-07
8.870000000000000000e+03 4.542618526628786546e-07
8.871000000000000000e+03 4.159557431786098042e-07
8.872000000000000000e+03 3.731103945167668970e-07
8.873000000000000000e+03 3.258113014390748128e-07
8.874000000000000000e+03 2.741837052858586152e-07
8.875000000000000000e+03 2.183912180754102944e-07
8.876000000000000000e+03 1.586344265163414906e-07
8.877000000000000000e+03 9.514885717935086010e-08
8.878000000000000000e+03 2.820245212897837706e-08
8.879000000000000000e+03 -4.190703742006917645e-08
8.880000000000000000e+03 -1.148552644973571233e-07
8.881000000000000000e+03 -1.902950434781444820e-07
8.882000000000000000e+03 -2.678596858906993882e-07
8.883000000000000000e+03 -3.471666919457978543e-07
8.884000000000000000e+03 -4.278217775503280156e-07
8.885000000000000000e+03 -5.094223720453953477e-07
8.886000000000000000e+03 -5.915608808337442184e-07
8.887000000000000000e+03 -6.738278391055357412e-07
8.888000000000000000e+03 -7.558143094472695572e-07
8.889000000000000000e+03 -8.371144867197972996e-07
8.890000000000000000e+03 -9.173272388088151472e-07
8.891000000000000000e+03 -9.960575632312882631e-07
8.892000000000000000e+03 -1.072917975633902955e-06
8.893000000000000000e+03 -1.147530120056316697e-06
8.894000000000000000e+03 -1.219526051514731848e-06
8.895000000000000000e+03 -1.288549463126634805e-06
8.896000000000000000e+03 -1.354256648807864207e-06
8.897000000000000000e+03 -1.416317703806996504e-06
8.898000000000000000e+03 -1.474417933790382705e-06
8.899000000000000000e+03 -1.528258751338737181e-06
8.900000000000000000e+03 -1.577558509128632849e-06
8.901000000000000000e+03 -1.622053361720900648e-06
8.902000000000000000e+03 -1.661498149499360072e-06
8.903000000000000000e+03 -1.695667121240914356e-06
8.904000000000000000e+03 -1.724354719478317518e-06
8.905000000000000000e+03 -1.747376242460389717e-06
8.906000000000000000e+03 -1.764568694720459284e-06
8.907000000000000000e+03 -1.775791470315929929e-06
8.908000000000000000e+03 -1.780927181536255703e-06
8.909000000000000000e+03 -1.779882459080184268e-06
8.910000000000000000e+03 -1.772588984200178489e-06
8.911000000000000000e+03 -1.759004119868839414e-06
8.912000000000000000e+03 -1.739111257068874651e-06
8.913000000000000000e+03 -1.712920014308143505e-06
8.914000000000000000e+03 -1.680466637562724475e-06
8.915000000000000000e+03 -1.641813725230988024e-06
8.916000000000000000e+03 -1.597050340657778033e-06
8.917000000000000000e+03 -1.546291081617624517e-06
8.918000000000000000e+03 -1.489675959094599645e-06
8.919000000000000000e+03 -1.427369761811639234e-06
8.920000000000000000e+03 -1.359561541692634522e-06
8.921000000000000000e+03 -1.286463847646545250e-06
8.922000000000000000e+03 -1.208312550219836745e-06
8.923000000000000000e+03 -1.125366314875122936e-06
8.924000000000000000e+03 -1.037906475768809169e-06
8.925000000000000000e+03 -9.462363502193894504e-07
8.926000000000000000e+03 -8.506804144730633062e-07
8.927000000000000000e+03 -7.515836397693386146e-07
8.928000000000000000e+03 -6.493105836218927870e-07
8.929000000000000000e+03 -5.442447959722877175e-07
8.930000000000000000e+03 -4.367877769077271607e-07
8.931000000000000000e+03 -3.273573949595712378e-07
8.932000000000000000e+03 -2.163867451327021558e-07
8.933000000000000000e+03 -1.043223539429571350e-07
8.934000000000000000e+03 8.377608848879348144e-09
8.935000000000000000e+03 1.212450493369758227e-07
8.936000000000000000e+03 2.338042106652333008e-07
8.937000000000000000e+03 3.455744564852386075e-07
8.938000000000000000e+03 4.560725205607395859e-07
8.939000000000000000e+03 5.648148810903072224e-07
8.940000000000000000e+03 6.713211884185850745e-07
8.941000000000000000e+03 7.751171723927196595e-07
8.942000000000000000e+03 8.757385861344709650e-07
8.943000000000000000e+03 9.727345707588424808e-07
8.944000000000000000e+03 1.065671762559820670e-06
8.945000000000000000e+03 1.154138147486589179e-06
8.946000000000000000e+03 1.237747119399228393e-06
8.947000000000000000e+03 1.316140519848063265e-06
8.948000000000000000e+03 1.388991351001603674e-06
8.949000000000000000e+03 1.456006368855471016e-06
8.950000000000000000e+03 1.516928061456237435e-06
8.951000000000000000e+03 1.571535803947451745e-06
8.952000000000000000e+03 1.619647313167136457e-06
8.953000000000000000e+03 1.661119233767356857e-06
8.954000000000000000e+03 1.695847460286004413e-06
8.955000000000000000e+03 1.723767411257040156e-06
8.956000000000000000e+03 1.744854161243511242e-06
8.957000000000000000e+03 1.759121436429416547e-06
8.958000000000000000e+03 1.766620944975340978e-06
8.959000000000000000e+03 1.767441278871658134e-06
8.960000000000000000e+03 1.761706986062367184e-06
8.961000000000000000e+03 1.749577392063363454e-06
8.962000000000000000e+03 1.731245201654170536e-06
8.963000000000000000e+03 1.706935382084779674e-06
8.964000000000000000e+03 1.676903981630913473e-06
8.965000000000000000e+03 1.641436385402343855e-06
8.966000000000000000e+03 1.600845899431250246e-06
8.967000000000000000e+03 1.555471659606380273e-06
8.968000000000000000e+03 1.505676816923647724e-06
8.969000000000000000e+03 1.451845368494566073e-06
8.970000000000000000e+03 1.394379327758822741e-06
8.971000000000000000e+03 1.333695304953079934e-06
8.972000000000000000e+03 1.270220509365758033e-06
8.973000000000000000e+03 1.204388682283232237e-06
8.974000000000000000e+03 1.136636070415238662e-06
8.975000000000000000e+03 1.067397675211992520e-06
8.976000000000000000e+03 9.971034056920506060e-07
8.977000000000000000e+03 9.261741966696285820e-07
8.978000000000000000e+03 8.550183406083528298e-07
8.979000000000000000e+03 7.840290239093107963e-07
8.980000000000000000e+03 7.135813340485993455e-07
8.981000000000000000e+03 6.440298543114763323e-07
8.982000000000000000e+03 5.757074056216753002e-07
8.983000000000000000e+03 5.089232604358746849e-07
8.984000000000000000e+03 4.439619467669238844e-07
8.985000000000000000e+03 3.810824269457310072e-07
8.986000000000000000e+03 3.205172000314617897e-07
8.987000000000000000e+03 2.624715060035636305e-07
8.988000000000000000e+03 2.071228804652351319e-07
8.989000000000000000e+03 1.546207337911313961e-07
8.990000000000000000e+03 1.050858434370942712e-07
8.991000000000000000e+03 5.861033912434078276e-08
8.992000000000000000e+03 1.525751078977695714e-08
8.993000000000000000e+03 -2.493868912434684802e-08
8.994000000000000000e+03 -6.197364668747365440e-08
8.995000000000000000e+03 -9.587105292342481261e-08
8.996000000000000000e+03 -1.266822826910098089e-07
8.997000000000000000e+03 -1.544853835779141253e-07
8.998000000000000000e+03 -1.793828517084032746e-07
8.999000000000000000e+03 -2.014997047971840353e-07
9.000000000000000000e+03 -2.209807474486722875e-07
9.001000000000000000e+03 -2.379880809742098346e-07
9.002000000000000000e+03 -2.526980213626757918e-07
9.003000000000000000e+03 -2.652982099640208910e-07
9.004000000000000000e+03 -2.759849482008092930e-07
9.005000000000000000e+03 -2.849601560529093460e-07
9.006000000000000000e+03 -2.924288760972399426e-07
9.007000000000000000e+03 -2.985963379337240569e-07
9.008000000000000000e+03 -3.036658083685479058e-07
9.009000000000000000e+03 -3.078366130646892608e-07
9.010000000000000000e+03 -3.113024925937529190e-07
9.011000000000000000e+03 -3.142501847392500468e-07
9.012000000000000000e+03 -3.168580040727319188e-07
9.013000000000000000e+03 -3.192954990049872621e-07
9.014000000000000000e+03 -3.217233637904492091e-07
9.015000000000000000e+03 -3.242935383089044161e-07
9.016000000000000000e+03 -3.271492590518120789e-07
9.017000000000000000e+03 -3.304255858906170808e-07
9.018000000000000000e+03 -3.342496636659857035e-07
9.019000000000000000e+03 -3.387408295976676295e-07
9.020000000000000000e+03 -3.440102241336323514e-07
9.021000000000000000e+03 -3.501611161219274598e-07
9.022000000000000000e+03 -3.572882244160370749e-07
9.023000000000000000e+03 -3.654765058302084794e-07
9.024000000000000000e+03 -3.748008354292118761e-07
9.025000000000000000e+03 -3.853248529260894805e-07
9.026000000000000000e+03 -3.970992368105694067e-07
9.027000000000000000e+03 -4.101609149876317823e-07
9.028000000000000000e+03 -4.245317556064144622e-07
9.029000000000000000e+03 -4.402173612196451357e-07
9.030000000000000000e+03 -4.572053418320991638e-07
9.031000000000000000e+03 -4.754646754438844018e-07
9.032000000000000000e+03 -4.949447385737903806e-07
9.033000000000000000e+03 -5.155740970192655950e-07
9.034000000000000000e+03 -5.372595010983002624e-07
9.035000000000000000e+03 -5.598861466436433580e-07
9.036000000000000000e+03 -5.833169403564340339e-07
9.037000000000000000e+03 -6.073928832378073757e-07
9.038000000000000000e+03 -6.319337542106846030e-07
9.039000000000000000e+03 -6.567394417994469807e-07
9.040000000000000000e+03 -6.815914457013644079e-07
9.041000000000000000e+03 -7.062550031602510677e-07
9.042000000000000000e+03 -7.304815354845265330e-07
9.043000000000000000e+03 -7.540114227262847312e-07
9.044000000000000000e+03 -7.765762948750070436e-07
9.045000000000000000e+03 -7.979024264335346801e-07
9.046000000000000000e+03 -8.177136524397937940e-07
9.047000000000000000e+03 -8.357349687609456026e-07
9.048000000000000000e+03 -8.516955956462988892e-07
9.049000000000000000e+03 -8.653317286141320287e-07
9.050000000000000000e+03 -8.763893584145408114e-07
9.051000000000000000e+03 -8.846270281434805718e-07
9.052000000000000000e+03 -8.898180945020820925e-07
9.053000000000000000e+03 -8.917529805999779855e-07
9.054000000000000000e+03 -8.902414854038265540e-07
9.055000000000000000e+03 -8.851146193360624288e-07
9.056000000000000000e+03 -8.762264171669516543e-07
9.057000000000000000e+03 -8.634554409674441926e-07
9.058000000000000000e+03 -8.467057369007508572e-07
9.059000000000000000e+03 -8.259086490260504302e-07
9.060000000000000000e+03 -8.010239187049108577e-07
9.061000000000000000e+03 -7.720408060315785352e-07
9.062000000000000000e+03 -7.389787929471418414e-07
9.063000000000000000e+03 -7.018888153188273140e-07
9.064000000000000000e+03 -6.608543421346117128e-07
9.065000000000000000e+03 -6.159928655323490526e-07
9.066000000000000000e+03 -5.674565823336937278e-07
9.067000000000000000e+03 -5.154332040595432723e-07
9.068000000000000000e+03 -4.601460481544891334e-07
9.069000000000000000e+03 -4.018541699835313511e-07
9.070000000000000000e+03 -3.408510920765313613e-07
9.071000000000000000e+03 -2.774633968453928614e-07
9.072000000000000000e+03 -2.120491777164242539e-07
9.073000000000000000e+03 -1.449953946420747527e-07
9.074000000000000000e+03 -7.671502699811102493e-08
9.075000000000000000e+03 -7.643868217369017566e-09
9.076000000000000000e+03 6.176251830192267765e-08
9.077000000000000000e+03 1.310324246559843826e-07
9.078000000000000000e+03 1.996820506849967591e-07
9.079000000000000000e+03 2.672193455822754218e-07
9.080000000000000000e+03 3.331476423623740470e-07
9.081000000000000000e+03 3.969700460125982339e-07
9.082000000000000000e+03 4.581936508410934009e-07
9.083000000000000000e+03 5.163341969559553419e-07
9.084000000000000000e+03 5.709203885524608924e-07
9.085000000000000000e+03 6.214980256083944729e-07
9.086000000000000000e+03 6.676347613852232414e-07
9.087000000000000000e+03 7.089244083477474973e-07
9.088000000000000000e+03 7.449913319714159901e-07
9.089000000000000000e+03 7.754948360452951240e-07
9.090000000000000000e+03 8.001331204692290888e-07
9.091000000000000000e+03 8.186475671463150457e-07
9.092000000000000000e+03 8.308256109293828594e-07
9.093000000000000000e+03 8.365036479450666884e-07
9.094000000000000000e+03 8.355694502331697743e-07
9.095000000000000000e+03 8.279637626383143926e-07
9.096000000000000000e+03 8.136810315726169821e-07
9.097000000000000000e+03 7.927697327224306469e-07
9.098000000000000000e+03 7.653317819486107133e-07
9.099000000000000000e+03 7.315209528090318605e-07
9.100000000000000000e+03 6.915414460528267597e-07
9.101000000000000000e+03 6.456449024365434671e-07
9.102000000000000000e+03 5.941271325993080100e-07
9.103000000000000000e+03 5.373250457671545971e-07
9.104000000000000000e+03 4.756124104241263530e-07
9.105000000000000000e+03 4.093961288494599446e-07
9.106000000000000000e+03 3.391122036526826351e-07
9.107000000000000000e+03 2.652217464700233165e-07
9.108000000000000000e+03 1.882072223837887461e-07
9.109000000000000000e+03 1.085687115029310483e-07
9.110000000000000000e+03 2.682009618286960452e-08
9.111000000000000000e+03 -5.651453963277001626e-08
9.112000000000000000e+03 -1.409036805182512386e-07
9.113000000000000000e+03 -2.258118289235401614e-07
9.114000000000000000e+03 -3.107028769280960118e-07
9.115000000000000000e+03 -3.950428924242379648e-07
9.116000000000000000e+03 -4.783036626129770818e-07
9.117000000000000000e+03 -5.599653285796619654e-07
9.118000000000000000e+03 -6.395195032408731900e-07
9.119000000000000000e+03 -7.164719593035486249e-07
9.120000000000000000e+03 -7.903457269036190236e-07
9.121000000000000000e+03 -8.606838668511001842e-07
9.122000000000000000e+03 -9.270521864980498358e-07
9.123000000000000000e+03 -9.890420648781530341e-07
9.124000000000000000e+03 -1.046273202644748383e-06
9.125000000000000000e+03 -1.098396521491744046e-06
9.126000000000000000e+03 -1.145097166488614919e-06
9.127000000000000000e+03 -1.186096337429004519e-06
9.128000000000000000e+03 -1.221153563069092326e-06
9.129000000000000000e+03 -1.250068486807210894e-06
9.130000000000000000e+03 -1.272682586830080055e-06
9.131000000000000000e+03 -1.288879904783978763e-06
9.132000000000000000e+03 -1.298587132485445020e-06
9.133000000000000000e+03 -1.301773374597308735e-06
9.134000000000000000e+03 -1.298449279756633000e-06
9.135000000000000000e+03 -1.288665859192002224e-06
9.136000000000000000e+03 -1.272512737615141617e-06
9.137000000000000000e+03 -1.250116313452266776e-06
9.138000000000000000e+03 -1.221638119707461801e-06
9.139000000000000000e+03 -1.187272540989547265e-06
9.140000000000000000e+03 -1.147243701641538122e-06
9.141000000000000000e+03 -1.101803151816648050e-06
9.142000000000000000e+03 -1.051227531168144313e-06
9.143000000000000000e+03 -9.958151949329802316e-07
9.144000000000000000e+03 -9.358836550414542263e-07
9.145000000000000000e+03 -8.717666085522981529e-07
9.146000000000000000e+03 -8.038108611741474816e-07
9.147000000000000000e+03 -7.323730767028043333e-07
9.148000000000000000e+03 -6.578175057649424835e-07
9.149000000000000000e+03 -5.805139192903271899e-07
9.150000000000000000e+03 -5.008355647324953312e-07
9.151000000000000000e+03 -4.191574035716032490e-07
9.152000000000000000e+03 -3.358549791574488024e-07
9.153000000000000000e+03 -2.513032273781172944e-07
9.154000000000000000e+03 -1.658752101898733825e-07
9.155000000000000000e+03 -7.994089012524271407e-08
9.156000000000000000e+03 6.134114950885339632e-09
9.157000000000000000e+03 9.198984021917387176e-08
9.158000000000000000e+03 1.772734057764924557e-07
9.159000000000000000e+03 2.616406707911002391e-07
9.160000000000000000e+03 3.447580614664253946e-07
9.161000000000000000e+03 4.263037555797649504e-07
9.162000000000000000e+03 5.059697106903746575e-07
9.163000000000000000e+03 5.834631896737830374e-07
9.164000000000000000e+03 6.585081333779831477e-07
9.165000000000000000e+03 7.308465303698139184e-07
9.166000000000000000e+03 8.002386904311261485e-07
9.167000000000000000e+03 8.664637163419243022e-07
9.168000000000000000e+03 9.293200817388900693e-07
9.169000000000000000e+03 9.886261998123160398e-07
9.170000000000000000e+03 1.044220390065246049e-06
9.171000000000000000e+03 1.095960880192570126e-06
9.172000000000000000e+03 1.143726270945471259e-06
9.173000000000000000e+03 1.187415641131723938e-06
9.174000000000000000e+03 1.226948892045269850e-06
9.175000000000000000e+03 1.262267480282079075e-06
9.176000000000000000e+03 1.293333913236494412e-06
9.177000000000000000e+03 1.320132092494456563e-06
9.178000000000000000e+03 1.342666702091799094e-06
9.179000000000000000e+03 1.360963016828593954e-06
9.180000000000000000e+03 1.375065597916685532e-06
9.181000000000000000e+03 1.385038231719249301e-06
9.182000000000000000e+03 1.390963572565099404e-06
9.183000000000000000e+03 1.392941943028857604e-06
9.184000000000000000e+03 1.391090116448669377e-06
9.185000000000000000e+03 1.385540352588582612e-06
9.186000000000000000e+03 1.376439648654283932e-06
9.187000000000000000e+03 1.363948243865316114e-06
9.188000000000000000e+03 1.348238209977784628e-06
9.189000000000000000e+03 1.329492056119170676e-06
9.190000000000000000e+03 1.307900852759293171e-06
9.191000000000000000e+03 1.283662546402050084e-06
9.192000000000000000e+03 1.256979995907221790e-06
9.193000000000000000e+03 1.228058477606223367e-06
9.194000000000000000e+03 1.197103557083315251e-06
9.195000000000000000e+03 1.164319251941618650e-06
9.196000000000000000e+03 1.129906306005326121e-06
9.197000000000000000e+03 1.094060291572794689e-06
9.198000000000000000e+03 1.056969803967167889e-06
9.199000000000000000e+03 1.018814708232491361e-06
9.200000000000000000e+03 9.797649739168477522e-07
9.201000000000000000e+03 9.399797608293551115e-07
9.202000000000000000e+03 8.996065758629413479e-07
9.203000000000000000e+03 8.587808257577903428e-07
9.204000000000000000e+03 8.176246894318053273e-07
9.205000000000000000e+03 7.762465973853893201e-07
9.206000000000000000e+03 7.347409395976090529e-07
9.207000000000000000e+03 6.931882003827488413e-07
9.208000000000000000e+03 6.516545242936773754e-07
9.209000000000000000e+03 6.101917594180886482e-07
9.210000000000000000e+03 5.688376229890941962e-07
9.211000000000000000e+03 5.276152893873778323e-07
9.212000000000000000e+03 4.865338087909341133e-07
9.213000000000000000e+03 4.455885960433705726e-07
9.214000000000000000e+03 4.047612480170978962e-07
9.215000000000000000e+03 3.640199959941923039e-07
9.216000000000000000e+03 3.233202362014593966e-07
9.217000000000000000e+03 2.826046994701467508e-07
9.218000000000000000e+03 2.418045688323793914e-07
9.219000000000000000e+03 2.008414068285648053e-07
9.220000000000000000e+03 1.596282241461175744e-07
9.221000000000000000e+03 1.180712074270180371e-07
9.222000000000000000e+03 7.607199019252207687e-08
9.223000000000000000e+03 3.352942641220602165e-08
9.224000000000000000e+03 -9.658632872161197882e-09
9.225000000000000000e+03 -5.359378927586685741e-08
9.226000000000000000e+03 -9.837601202960291223e-08
9.227000000000000000e+03 -1.441026598554228455e-07
9.228000000000000000e+03 -1.908674545570202914e-07
9.229000000000000000e+03 -2.387599207205844042e-07
9.230000000000000000e+03 -2.878647112084408598e-07
9.231000000000000000e+03 -3.382610010099966209e-07
9.232000000000000000e+03 -3.900214666917524505e-07
9.233000000000000000e+03 -4.432113367727092855e-07
9.234000000000000000e+03 -4.978870057390210082e-07
9.235000000000000000e+03 -5.540946839139470688e-07
9.236000000000000000e+03 -6.118689287255986658e-07
9.237000000000000000e+03 -6.712309452648365467e-07
9.238000000000000000e+03 -7.321870850987824722e-07
9.239000000000000000e+03 -7.947271043015419822e-07
9.240000000000000000e+03 -8.588219263688569697e-07
9.241000000000000000e+03 -9.244215502093921823e-07
9.242000000000000000e+03 -9.914535884389199195e-07
9.243000000000000000e+03 -1.059821067244336053e-06
9.244000000000000000e+03 -1.129401594194570880e-06
9.245000000000000000e+03 -1.200046696352489513e-06
9.246000000000000000e+03 -1.271581368574763306e-06
9.247000000000000000e+03 -1.343804018764056243e-06
9.248000000000000000e+03 -1.416487892760680297e-06
9.249000000000000000e+03 -1.489381855724298315e-06
9.250000000000000000e+03 -1.562212113764500015e-06
9.251000000000000000e+03 -1.634684728569124900e-06
9.252000000000000000e+03 -1.706487228918269404e-06
9.253000000000000000e+03 -1.777291423201038852e-06
9.254000000000000000e+03 -1.846755091952006251e-06
9.255000000000000000e+03 -1.914524920719344240e-06
9.256000000000000000e+03 -1.980238741055962979e-06
9.257000000000000000e+03 -2.043528004248053540e-06
9.258000000000000000e+03 -2.104019454987176396e-06
9.259000000000000000e+03 -2.161337213928952632e-06
9.260000000000000000e+03 -2.215103802978247460e-06
9.261000000000000000e+03 -2.264942315332743325e-06
9.262000000000000000e+03 -2.310477438126219183e-06
9.263000000000000000e+03 -2.351336910970334367e-06
9.264000000000000000e+03 -2.387151837816058519e-06
9.265000000000000000e+03 -2.417559008032860542e-06
9.266000000000000000e+03 -2.442202344004660929e-06
9.267000000000000000e+03 -2.460733640769363052e-06
9.268000000000000000e+03 -2.472815183219567437e-06
9.269000000000000000e+03 -2.478121561402777093e-06
9.270000000000000000e+03 -2.476342676042563112e-06
9.271000000000000000e+03 -2.467186583662198074e-06
9.272000000000000000e+03 -2.450382965676546190e-06
9.273000000000000000e+03 -2.425686643070331114e-06
9.274000000000000000e+03 -2.392881653985715360e-06
9.275000000000000000e+03 -2.351784683232436958e-06
9.276000000000000000e+03 -2.302248540617046624e-06
9.277000000000000000e+03 -2.244164663765802355e-06
9.278000000000000000e+03 -2.177466515540699339e-06
9.279000000000000000e+03 -2.102131212425353576e-06
9.280000000000000000e+03 -2.018181062833765153e-06
9.281000000000000000e+03 -1.925684949390368238e-06
9.282000000000000000e+03 -1.824759142353905083e-06
9.283000000000000000e+03 -1.715567889660857032e-06
9.284000000000000000e+03 -1.598324264944225045e-06
9.285000000000000000e+03 -1.473289903302069576e-06
9.286000000000000000e+03 -1.340774796530793608e-06
9.287000000000000000e+03 -1.201137734457694577e-06
9.288000000000000000e+03 -1.054785609421870097e-06
9.289000000000000000e+03 -9.021720873795421078e-07
9.290000000000000000e+03 -7.437963995581848027e-07
9.291000000000000000e+03 -5.802023185347711924e-07
9.292000000000000000e+03 -4.119759613063978898e-07
9.293000000000000000e+03 -2.397430161093051383e-07
9.294000000000000000e+03 -6.416605756485920911e-08
9.295000000000000000e+03 1.140585577246694132e-07
9.296000000000000000e+03 2.942037335155415372e-07
9.297000000000000000e+03 4.755153662781036120e-07
9.298000000000000000e+03 6.572163580644706176e-07
9.299000000000000000e+03 8.385104935246613633e-07
9.300000000000000000e+03 1.018586544523454477e-06
9.301000000000000000e+03 1.196623862521393736e-06
9.302000000000000000e+03 1.371797065519649825e-06
9.303000000000000000e+03 1.543281333481292648e-06
9.304000000000000000e+03 1.710257458985405103e-06
9.305000000000000000e+03 1.871917764420343791e-06
9.306000000000000000e+03 2.027472131134734021e-06
9.307000000000000000e+03 2.176153832658360850e-06
9.308000000000000000e+03 2.317225591274345712e-06
9.309000000000000000e+03 2.449985815158037445e-06
9.310000000000000000e+03 2.573774945952867480e-06
9.311000000000000000e+03 2.687980765034612660e-06
9.312000000000000000e+03 2.792044259259490076e-06
9.313000000000000000e+03 2.885464903129296617e-06
9.314000000000000000e+03 2.967805686152221845e-06
9.315000000000000000e+03 3.038697268692548598e-06
9.316000000000000000e+03 3.097841344971914677e-06
9.317000000000000000e+03 3.145014389432156589e-06
9.318000000000000000e+03 3.180069830063595961e-06
9.319000000000000000e+03 3.202939586323278694e-06
9.320000000000000000e+03 3.213634476584765866e-06
9.321000000000000000e+03 3.212244219319195818e-06
9.322000000000000000e+03 3.198936058478574592e-06
9.323000000000000000e+03 3.173952097120154799e-06
9.324000000000000000e+03 3.137606242674179591e-06
9.325000000000000000e+03 3.090280617283566907e-06
9.326000000000000000e+03 3.032420374492157031e-06
9.327000000000000000e+03 2.964528807145666530e-06
9.328000000000000000e+03 2.887162439377794780e-06
9.329000000000000000e+03 2.800924694566491556e-06
9.330000000000000000e+03 2.706460444440771725e-06
9.331000000000000000e+03 2.604450805609837424e-06
9.332000000000000000e+03 2.495606788339294227e-06
9.333000000000000000e+03 2.380663566517669376e-06
9.334000000000000000e+03 2.260374122136403573e-06
9.335000000000000000e+03 2.135503297722170259e-06
9.336000000000000000e+03 2.006821653992176788e-06
9.337000000000000000e+03 1.875099649600939118e-06
9.338000000000000000e+03 1.741101853958950979e-06
9.339000000000000000e+03 1.605581214491129361e-06
9.340000000000000000e+03 1.469274910043388519e-06
9.341000000000000000e+03 1.332899223889063375e-06
9.342000000000000000e+03 1.197146404595782357e-06
9.343000000000000000e+03 1.062681326190817282e-06
9.344000000000000000e+03 9.301396774018036666e-07
9.345000000000000000e+03 8.001264963772474578e-07
9.346000000000000000e+03 6.732150415873109404e-07
9.347000000000000000e+03 5.499451247304520095e-07
9.348000000000000000e+03 4.308229674069627022e-07
9.349000000000000000e+03 3.163206795867049323e-07
9.350000000000000000e+03 2.068748408479538374e-07
9.351000000000000000e+03 1.028857212950969542e-07
9.352000000000000000e+03 4.716740186233186796e-09
9.353000000000000000e+03 -8.730615729216474663e-08
9.354000000000000000e+03 -1.728948908755390060e-07
9.355000000000000000e+03 -2.517989849470187134e-07
9.356000000000000000e+03 -3.238045325810365999e-07
9.357000000000000000e+03 -3.887336656971537175e-07
9.358000000000000000e+03 -4.464439847359448596e-07
9.359000000000000000e+03 -4.968280509214630588e-07
9.360000000000000000e+03 -5.398124949735067274e-07
9.361000000000000000e+03 -5.753577833144479483e-07
9.362000000000000000e+03 -6.034579878760069620e-07
9.363000000000000000e+03 -6.241405397038634934e-07
9.364000000000000000e+03 -6.374665031091370953e-07
9.365000000000000000e+03 -6.435306689070956636e-07
9.366000000000000000e+03 -6.424617099733787135e-07
9.367000000000000000e+03 -6.344226062078695774e-07
9.368000000000000000e+03 -6.196100428745699563e-07
9.369000000000000000e+03 -5.982538662089339064e-07
9.370000000000000000e+03 -5.706170409708861773e-07
9.371000000000000000e+03 -5.369948848816655582e-07
9.372000000000000000e+03 -4.977141252181167106e-07
9.373000000000000000e+03 -4.531323394169233242e-07
9.374000000000000000e+03 -4.036370686081667825e-07
9.375000000000000000e+03 -3.496439855373927503e-07
9.376000000000000000e+03 -2.915949495608123469e-07
9.377000000000000000e+03 -2.299566349849043097e-07
9.378000000000000000e+03 -1.652173762266893403e-07
9.379000000000000000e+03 -9.788446233444068887e-08
9.380000000000000000e+03 -2.848060718343828168e-08
9.381000000000000000e+03 4.245993503178383948e-08
9.382000000000000000e+03 1.143951119057455309e-07
9.383000000000000000e+03 1.867793985626632832e-07
9.384000000000000000e+03 2.590680641197028761e-07
9.385000000000000000e+03 3.307212411689777671e-07
9.386000000000000000e+03 4.012080965478107824e-07
9.387000000000000000e+03 4.700093971763853412e-07
9.388000000000000000e+03 5.366220378087773140e-07
9.389000000000000000e+03 6.005608251395203031e-07
9.390000000000000000e+03 6.613614445751741606e-07
9.391000000000000000e+03 7.185808746077682291e-07
9.392000000000000000e+03 7.717986386663302190e-07
9.393000000000000000e+03 8.206179957449432210e-07
9.394000000000000000e+03 8.646661621710399076e-07
9.395000000000000000e+03 9.035946285081504304e-07
9.396000000000000000e+03 9.370796165683275101e-07
9.397000000000000000e+03 9.648219194514163155e-07
9.398000000000000000e+03 9.865476851251544876e-07
9.399000000000000000e+03 1.002008990495963731e-06
9.400000000000000000e+03 1.010983587675641977e-06
9.401000000000000000e+03 1.013276018920595151e-06
9.402000000000000000e+03 1.008718152118521895e-06
9.403000000000000000e+03 9.971696058354261852e-07
9.404000000000000000e+03 9.785179367603017304e-07
9.405000000000000000e+03 9.526799930105414898e-07
9.406000000000000000e+03 9.196041410895710233e-07
9.407000000000000000e+03 8.792709140334447169e-07
9.408000000000000000e+03 8.316957073970192788e-07
9.409000000000000000e+03 7.769310789317906661e-07
9.410000000000000000e+03 7.150687560037922696e-07
9.411000000000000000e+03 6.462414868984138457e-07
9.412000000000000000e+03 5.706238381349717979e-07
9.413000000000000000e+03 4.884325147910164888e-07
9.414000000000000000e+03 3.999267271890113199e-07
9.415000000000000000e+03 3.054070505059345520e-07
9.416000000000000000e+03 2.052147196078075906e-07
9.417000000000000000e+03 9.972977949126931496e-08
9.418000000000000000e+03 -1.063030090441653883e-08
9.419000000000000000e+03 -1.254123625555969693e-07
9.420000000000000000e+03 -2.441298571725508423e-07
9.421000000000000000e+03 -3.662649066020084519e-07
9.422000000000000000e+03 -4.912703705412115395e-07
9.423000000000000000e+03 -6.185715770780496550e-07
9.424000000000000000e+03 -7.475687049468253137e-07
9.425000000000000000e+03 -8.776392510463236483e-07
9.426000000000000000e+03 -1.008140201680906454e-06
9.427000000000000000e+03 -1.138410692254707264e-06
9.428000000000000000e+03 -1.267774265922710142e-06
9.429000000000000000e+03 -1.395542199598698025e-06
9.430000000000000000e+03 -1.521016813926282015e-06
9.431000000000000000e+03 -1.643495083720687260e-06
9.432000000000000000e+03 -1.762271846840796022e-06
9.433000000000000000e+03 -1.876645299631290962e-06
9.434000000000000000e+03 -1.985921139391568972e-06
9.435000000000000000e+03 -2.089418078967247246e-06
9.436000000000000000e+03 -2.186472452688056898e-06
9.437000000000000000e+03 -2.276443745810643671e-06
9.438000000000000000e+03 -2.358720004723665248e-06
9.439000000000000000e+03 -2.432723848443424842e-06
9.440000000000000000e+03 -2.497917213776273845e-06
9.441000000000000000e+03 -2.553806274860694854e-06
9.442000000000000000e+03 -2.599945112971355826e-06
9.443000000000000000e+03 -2.635939634064587983e-06
9.444000000000000000e+03 -2.661450605647385293e-06
9.445000000000000000e+03 -2.676195945197190438e-06
9.446000000000000000e+03 -2.679953375489634727e-06
9.447000000000000000e+03 -2.672562445155696593e-06
9.448000000000000000e+03 -2.653926013979946325e-06
9.449000000000000000e+03 -2.624010857174901810e-06
9.450000000000000000e+03 -2.582849396897401447e-06
9.451000000000000000e+03 -2.530540041753262631e-06
9.452000000000000000e+03 -2.467248182278440419e-06
9.453000000000000000e+03 -2.393206539947392289e-06
9.454000000000000000e+03 -2.308713878803971239e-06
9.455000000000000000e+03 -2.214136051058842235e-06
9.456000000000000000e+03 -2.109903995673789828e-06
9.457000000000000000e+03 -1.996511742217767401e-06
9.458000000000000000e+03 -1.874513819419526582e-06
9.459000000000000000e+03 -1.744522299705408279e-06
9.460000000000000000e+03 -1.607202831993753921e-06
9.461000000000000000e+03 -1.463269379142728675e-06
9.462000000000000000e+03 -1.313480192636624393e-06
9.463000000000000000e+03 -1.158631758398244204e-06
9.464000000000000000e+03 -9.995520990605058045e-07
9.465000000000000000e+03 -8.370948719597348377e-07
9.466000000000000000e+03 -6.721329181633738829e-07
9.467000000000000000e+03 -5.055527756073993641e-07
9.468000000000000000e+03 -3.382484972864787738e-07
9.469000000000000000e+03 -1.711160785073211724e-07
9.470000000000000000e+03 -5.047955904929912022e-09
9.471000000000000000e+03 1.590723291734918680e-07
9.472000000000000000e+03 3.203760104901512779e-07
9.473000000000000000e+03 4.780137054200951719e-07
9.474000000000000000e+03 6.311604661749247359e-07
9.475000000000000000e+03 7.790203525947717158e-07
9.476000000000000000e+03 9.208317187658003759e-07
9.477000000000000000e+03 1.055872524679229568e-06
9.478000000000000000e+03 1.183463898626055699e-06
9.479000000000000000e+03 1.302974767202255276e-06
9.480000000000000000e+03 1.413825596638082003e-06
9.481000000000000000e+03 1.515490815134807588e-06
9.482000000000000000e+03 1.607501663286052409e-06
9.483000000000000000e+03 1.689448663791839749e-06
9.484000000000000000e+03 1.760984557507543568e-06
9.485000000000000000e+03 1.821824816459683818e-06
9.486000000000000000e+03 1.871748518305342076e-06
9.487000000000000000e+03 1.910600684737818546e-06
9.488000000000000000e+03 1.938292302430792447e-06
9.489000000000000000e+03 1.954799775718423738e-06
9.490000000000000000e+03 1.960165088092753792e-06
9.491000000000000000e+03 1.954496117077283162e-06
9.492000000000000000e+03 1.937965023996736472e-06
9.493000000000000000e+03 1.910806876460105272e-06
9.494000000000000000e+03 1.873318697743396647e-06
9.495000000000000000e+03 1.825858090981400086e-06
9.496000000000000000e+03 1.768840577639865236e-06
9.497000000000000000e+03 1.702736819210566740e-06
9.498000000000000000e+03 1.628068845134366410e-06
9.499000000000000000e+03 1.545406321669093150e-06
9.500000000000000000e+03 1.455362201444904976e-06
9.501000000000000000e+03 1.358587912611917129e-06
9.502000000000000000e+03 1.255768600718347604e-06
9.503000000000000000e+03 1.147618231727366029e-06
9.504000000000000000e+03 1.034875134354609116e-06
9.505000000000000000e+03 9.182965325907310249e-07
9.506000000000000000e+03 7.986534160264132121e-07
9.507000000000000000e+03 6.767254833878810811e-07
9.508000000000000000e+03 5.532954507072497173e-07
9.509000000000000000e+03 4.291433776323274174e-07
9.510000000000000000e+03 3.050404820253818570e-07
9.511000000000000000e+03 1.817432392185144446e-07
9.512000000000000000e+03 5.998738577864086017e-08
9.513000000000000000e+03 -5.951774510712594306e-08
9.514000000000000000e+03 -1.760946613464568347e-07
9.515000000000000000e+03 -2.891026089788157614e-07
9.516000000000000000e+03 -3.979417252154954380e-07
9.517000000000000000e+03 -5.020556134036331742e-07
9.518000000000000000e+03 -6.009346744714347514e-07
9.519000000000000000e+03 -6.941171672246641250e-07
9.520000000000000000e+03 -7.811916934602924964e-07
9.521000000000000000e+03 -8.617979243043462843e-07
9.522000000000000000e+03 -9.356271105239586658e-07
9.523000000000000000e+03 -1.002421512510775298e-06
9.524000000000000000e+03 -1.061974098409212432e-06
9.525000000000000000e+03 -1.114128401133802467e-06
9.526000000000000000e+03 -1.158777153358094243e-06
9.527000000000000000e+03 -1.195860179148420213e-06
9.528000000000000000e+03 -1.225362161953996280e-06
9.529000000000000000e+03 -1.247310940844798248e-06
9.530000000000000000e+03 -1.261774558866220539e-06
9.531000000000000000e+03 -1.268858119011821880e-06
9.532000000000000000e+03 -1.268702187800780307e-06
9.533000000000000000e+03 -1.261479958182884204e-06
9.534000000000000000e+03 -1.247393740395341897e-06
9.535000000000000000e+03 -1.226672998473743127e-06
9.536000000000000000e+03 -1.199571992586825234e-06
9.537000000000000000e+03 -1.166367440975275865e-06
9.538000000000000000e+03 -1.127355302060628775e-06
9.539000000000000000e+03 -1.082848650135099967e-06
9.540000000000000000e+03 -1.033176183592013365e-06
9.541000000000000000e+03 -9.786805781683205923e-07
9.542000000000000000e+03 -9.197166553877402590e-07
9.543000000000000000e+03 -8.566497729691968081e-07
9.544000000000000000e+03 -7.898557089146659887e-07
9.545000000000000000e+03 -7.197191591040529239e-07
9.546000000000000000e+03 -6.466332958092748146e-07
9.547000000000000000e+03 -5.709989609951802310e-07
9.548000000000000000e+03 -4.932235952273793606e-07
9.549000000000000000e+03 -4.137210341937393250e-07
9.550000000000000000e+03 -3.329103696408325665e-07
9.551000000000000000e+03 -2.512157841336800119e-07
9.552000000000000000e+03 -1.690659708529748672e-07
9.553000000000000000e+03 -8.689352081308966652e-08
9.554000000000000000e+03 -5.133393274011157279e-09
9.555000000000000000e+03 7.577769801084339320e-08
9.556000000000000000e+03 1.554024691196037370e-07
9.557000000000000000e+03 2.333057121369034990e-07
9.558000000000000000e+03 3.090557924381990731e-07
9.559000000000000000e+03 3.822286311565618237e-07
9.560000000000000000e+03 4.524102541844455345e-07
9.561000000000000000e+03 5.192000391969754733e-07
9.562000000000000000e+03 5.822142607514375151e-07
9.563000000000000000e+03 6.410899436415689431e-07
9.564000000000000000e+03 6.954883142361992811e-07
9.565000000000000000e+03 7.450978871140661481e-07
9.566000000000000000e+03 7.896377788484731764e-07
9.567000000000000000e+03 8.288596052228102384e-07
9.568000000000000000e+03 8.625502468435751968e-07
9.569000000000000000e+03 8.905343706405510285e-07
9.570000000000000000e+03 9.126764756360740601e-07
9.571000000000000000e+03 9.288830732739890265e-07
9.572000000000000000e+03 9.391035305598910334e-07
9.573000000000000000e+03 9.433314867044450168e-07
9.574000000000000000e+03 9.416067210136803656e-07
9.575000000000000000e+03 9.340155041116826619e-07
9.576000000000000000e+03 9.206906039335887407e-07
9.577000000000000000e+03 9.018106232304699193e-07
9.578000000000000000e+03 8.775972223028661112e-07
9.579000000000000000e+03 8.483141191967893284e-07
9.580000000000000000e+03 8.142634920784841687e-07
9.581000000000000000e+03 7.757822291458482357e-07
9.582000000000000000e+03 7.332381398397765142e-07
9.583000000000000000e+03 6.870261284149860726e-07
9.584000000000000000e+03 6.375646193752519270e-07
9.585000000000000000e+03 5.852906644573489235e-07
9.586000000000000000e+03 5.306570471963351401e-07
9.587000000000000000e+03 4.741287265877910050e-07
9.588000000000000000e+03 4.161804970501578117e-07
9.589000000000000000e+03 3.572952206626850422e-07
9.590000000000000000e+03 2.979628618803226702e-07
9.591000000000000000e+03 2.386786774808643982e-07
9.592000000000000000e+03 1.799424455844475294e-07
9.593000000000000000e+03 1.222569056399046259e-07
9.594000000000000000e+03 6.612644231133015725e-08
9.595000000000000000e+03 1.205382910803668009e-08
9.596000000000000000e+03 -3.946209013933456583e-08
9.597000000000000000e+03 -8.793144724132593544e-08
9.598000000000000000e+03 -1.328784377880475092e-07
9.599000000000000000e+03 -1.738467120874333836e-07
9.600000000000000000e+03 -2.104056339022195032e-07
9.601000000000000000e+03 -2.421569178812500401e-07
9.602000000000000000e+03 -2.687402531883534204e-07
9.603000000000000000e+03 -2.898387700965127257e-07
9.604000000000000000e+03 -3.051844192036124528e-07
9.605000000000000000e+03 -3.145634597321983412e-07
9.606000000000000000e+03 -3.178200897500921192e-07
9.607000000000000000e+03 -3.148586437901275824e-07
9.608000000000000000e+03 -3.056456194766558039e-07
9.609000000000000000e+03 -2.902106077325290558e-07
9.610000000000000000e+03 -2.686467562402462296e-07
9.611000000000000000e+03 -2.411108346934356728e-07
9.612000000000000000e+03 -2.078212480233719070e-07
9.613000000000000000e+03 -1.690554183802270367e-07
9.614000000000000000e+03 -1.251477963967140528e-07
9.615000000000000000e+03 -7.648481720942746440e-08
9.616000000000000000e+03 -2.350062007931522329e-08
9.617000000000000000e+03 3.332956407125754797e-08
9.618000000000000000e+03 9.349624857082334338e-08
9.619000000000000000e+03 1.564637015371533729e-07
9.620000000000000000e+03 2.216767641728031630e-07
9.621000000000000000e+03 2.885681485462184086e-07
9.622000000000000000e+03 3.565638022214913192e-07
9.623000000000000000e+03 4.250885166347240003e-07
9.624000000000000000e+03 4.935693107787508456e-07
9.625000000000000000e+03 5.614382862517414805e-07
9.626000000000000000e+03 6.281332504096026712e-07
9.627000000000000000e+03 6.930997153079034686e-07
9.628000000000000000e+03 7.557921733125377019e-07
9.629000000000000000e+03 8.156757838351253694e-07
9.630000000000000000e+03 8.722272784452743628e-07
9.631000000000000000e+03 9.249364174218666605e-07
9.632000000000000000e+03 9.733080787777362697e-07
9.633000000000000000e+03 1.016864568424356057e-06
9.634000000000000000e+03 1.055148051839756715e-06
9.635000000000000000e+03 1.087722833769832784e-06
9.636000000000000000e+03 1.114177731652406021e-06
9.637000000000000000e+03 1.134129313262422878e-06
9.638000000000000000e+03 1.147224641797277304e-06
9.639000000000000000e+03 1.153144433627122390e-06
9.640000000000000000e+03 1.151606221066627535e-06
9.641000000000000000e+03 1.142368276138024202e-06
9.642000000000000000e+03 1.125232319282341988e-06
9.643000000000000000e+03 1.100047695865219760e-06
9.644000000000000000e+03 1.066713780662751720e-06
9.645000000000000000e+03 1.025183342392958991e-06
9.646000000000000000e+03 9.754660085850689075e-07
9.647000000000000000e+03 9.176318480385434125e-07
9.648000000000000000e+03 8.518126378034618230e-07
9.649000000000000000e+03 7.782033359332583018e-07
9.650000000000000000e+03 6.970624191797459068e-07
9.651000000000000000e+03 6.087103161268623851e-07
9.652000000000000000e+03 5.135281485518361138e-07
9.653000000000000000e+03 4.119540160326149930e-07
9.654000000000000000e+03 3.044803585185123956e-07
9.655000000000000000e+03 1.916497361846595559e-07
9.656000000000000000e+03 7.405001911018611628e-08
9.657000000000000000e+03 -4.768995496855467716e-08
9.658000000000000000e+03 -1.729049405795418148e-07
9.659000000000000000e+03 -3.008982561559283111e-07
9.660000000000000000e+03 -4.309474038537876449e-07
9.661000000000000000e+03 -5.623094988881996380e-07
9.662000000000000000e+03 -6.942264761006931244e-07
9.663000000000000000e+03 -8.259323813580517781e-07
9.664000000000000000e+03 -9.566591270276769614e-07
9.665000000000000000e+03 -1.085643842099077695e-06
9.666000000000000000e+03 -1.212135540381760047e-06
9.667000000000000000e+03 -1.335400325862455903e-06
9.668000000000000000e+03 -1.454728800382514883e-06
9.669000000000000000e+03 -1.569440120648452652e-06
9.670000000000000000e+03 -1.678886822228144493e-06
9.671000000000000000e+03 -1.782457131650062115e-06
9.672000000000000000e+03 -1.879578254371544721e-06
9.673000000000000000e+03 -1.969717522792044623e-06
9.674000000000000000e+03 -2.052383484687640667e-06
9.675000000000000000e+03 -2.127127432928681330e-06
9.676000000000000000e+03 -2.193542657044590663e-06
9.677000000000000000e+03 -2.251265167907383521e-06
9.678000000000000000e+03 -2.299973127186547183e-06
9.679000000000000000e+03 -2.339386517690569131e-06
9.680000000000000000e+03 -2.369267784604237671e-06
9.681000000000000000e+03 -2.389420800073992571e-06
9.682000000000000000e+03 -2.399689291845471745e-06
9.683000000000000000e+03 -2.399953712460725902e-06
9.684000000000000000e+03 -2.390130695103376409e-06
9.685000000000000000e+03 -2.370172013913096220e-06
9.686000000000000000e+03 -2.340062745062329458e-06
9.687000000000000000e+03 -2.299819402668066172e-06
9.688000000000000000e+03 -2.249490718076827813e-06
9.689000000000000000e+03 -2.189158648687834867e-06
9.690000000000000000e+03 -2.118940534661013102e-06
9.691000000000000000e+03 -2.038992256703327191e-06
9.692000000000000000e+03 -1.949512460857649679e-06
9.693000000000000000e+03 -1.850745709403791642e-06
9.694000000000000000e+03 -1.742987668443231407e-06
9.695000000000000000e+03 -1.626589187410371870e-06
9.696000000000000000e+03 -1.501961845534980881e-06
9.697000000000000000e+03 -1.369581530479300056e-06
9.698000000000000000e+03 -1.229990942919222436e-06
9.699000000000000000e+03 -1.083802335381482044e-06
9.700000000000000000e+03 -9.316975364708884525e-07
9.701000000000000000e+03 -7.744272088802560844e-07
9.702000000000000000e+03 -6.128089121220036778e-07
9.703000000000000000e+03 -4.477223290805043600e-07
9.704000000000000000e+03 -2.801038173196599137e-07
9.705000000000000000e+03 -1.109405767936050581e-07
9.706000000000000000e+03 5.873858059990829816e-08
9.707000000000000000e+03 2.278721637250307416e-07
9.708000000000000000e+03 3.953745470066147479e-07
9.709000000000000000e+03 5.601473319020279405e-07
9.710000000000000000e+03 7.210916214889820198e-07
9.711000000000000000e+03 8.771195442793632141e-07
9.712000000000000000e+03 1.027165432965764155e-06
9.713000000000000000e+03 1.170196890519912824e-06
9.714000000000000000e+03 1.305226588005934637e-06
9.715000000000000000e+03 1.431322800850762725e-06
9.716000000000000000e+03 1.547616533529678032e-06
9.717000000000000000e+03 1.653310938100284030e-06
9.718000000000000000e+03 1.747688080708465317e-06
9.719000000000000000e+03 1.830113779568850351e-06
9.720000000000000000e+03 1.900042712305391539e-06
9.721000000000000000e+03 1.957020648131184656e-06
9.722000000000000000e+03 2.000687264086356417e-06
9.723000000000000000e+03 2.030778280245920013e-06
9.724000000000000000e+03 2.047128229450757552e-06
9.725000000000000000e+03 2.049669553428532208e-06
9.726000000000000000e+03 2.038434240205134808e-06
9.727000000000000000e+03 2.013552700753889421e-06
9.728000000000000000e+03 1.975252973315381224e-06
9.729000000000000000e+03 1.923858834165120473e-06
9.730000000000000000e+03 1.859788187666720802e-06
9.731000000000000000e+03 1.783549357377769233e-06
9.732000000000000000e+03 1.695736204605009969e-06
9.733000000000000000e+03 1.597024990790261344e-06
9.734000000000000000e+03 1.488169019000393188e-06
9.735000000000000000e+03 1.369995443050489833e-06
9.736000000000000000e+03 1.243398585728703588e-06
9.737000000000000000e+03 1.109335575123206125e-06
9.738000000000000000e+03 9.688206964793851250e-07
9.739000000000000000e+03 8.229193764255281496e-07
9.740000000000000000e+03 6.727417448916851899e-07
9.741000000000000000e+03 5.194349422336444765e-07
9.742000000000000000e+03 3.641735213619379976e-07
9.743000000000000000e+03 2.081505314387478349e-07
9.744000000000000000e+03 5.256499662989243801e-08
9.745000000000000000e+03 -1.013891298080258362e-07
9.746000000000000000e+03 -2.525370559600772971e-07
9.747000000000000000e+03 -3.997357811026408584e-07
9.748000000000000000e+03 -5.418873160717732261e-07
9.749000000000000000e+03 -6.779518865941655196e-07
9.750000000000000000e+03 -8.069603117521103961e-07
9.751000000000000000e+03 -9.280253301645225241e-07
9.752000000000000000e+03 -1.040349727261082538e-06
9.753000000000000000e+03 -1.143233812958917276e-06
9.754000000000000000e+03 -1.236079534095254352e-06
9.755000000000000000e+03 -1.318393715603992637e-06
9.756000000000000000e+03 -1.389788236985512788e-06
9.757000000000000000e+03 -1.449976443999032883e-06
9.758000000000000000e+03 -1.498767213647386985e-06
9.759000000000000000e+03 -1.536059752509139545e-06
9.760000000000000000e+03 -1.561838577273027400e-06
9.761000000000000000e+03 -1.576165615166328194e-06
9.762000000000000000e+03 -1.579174449279439575e-06
9.763000000000000000e+03 -1.571062426458783484e-06
9.764000000000000000e+03 -1.552084804768955219e-06
9.765000000000000000e+03 -1.522548840057203906e-06
9.766000000000000000e+03 -1.482807491195747175e-06
9.767000000000000000e+03 -1.433252574554891938e-06
9.768000000000000000e+03 -1.374309519445389436e-06
9.769000000000000000e+03 -1.306432853791025387e-06
9.770000000000000000e+03 -1.230100003776159789e-06
9.771000000000000000e+03 -1.145808987068377151e-06
9.772000000000000000e+03 -1.054074121368971610e-06
9.773000000000000000e+03 -9.554236234202569073e-07
9.774000000000000000e+03 -8.503990258970737497e-07
9.775000000000000000e+03 -7.395522864750422379e-07
9.776000000000000000e+03 -6.234440702840448985e-07
9.777000000000000000e+03 -5.026432948267978505e-07
9.778000000000000000e+03 -3.777267940013085057e-07
9.779000000000000000e+03 -2.492774387301818835e-07
9.780000000000000000e+03 -1.178824837242807090e-07
9.781000000000000000e+03 1.586653520736376676e-08
9.782000000000000000e+03 1.513759721901060855e-07
9.783000000000000000e+03 2.880534434633326181e-07
9.784000000000000000e+03 4.253103886539478886e-07
9.785000000000000000e+03 5.625656294340158314e-07
9.786000000000000000e+03 6.992502300527786281e-07
9.787000000000000000e+03 8.348136387253515397e-07
9.788000000000000000e+03 9.687261226210007570e-07
9.789000000000000000e+03 1.100480782186857423e-06
9.790000000000000000e+03 1.229595671059170246e-06
9.791000000000000000e+03 1.355616387317581909e-06
9.792000000000000000e+03 1.478116395561502325e-06
9.793000000000000000e+03 1.596695874449299269e-06
9.794000000000000000e+03 1.710979133887955244e-06
9.795000000000000000e+03 1.820612333836247612e-06
9.796000000000000000e+03 1.925260205122272990e-06
9.797000000000000000e+03 2.024603029824942685e-06
9.798000000000000000e+03 2.118334408818066107e-06
9.799000000000000000e+03 2.206156327737080256e-06
9.800000000000000000e+03 2.287777816826205606e-06
9.801000000000000000e+03 2.362914413129274957e-06
9.802000000000000000e+03 2.431286794713075188e-06
9.803000000000000000e+03 2.492622791147390776e-06
9.804000000000000000e+03 2.546661702076693640e-06
9.805000000000000000e+03 2.593156337225641863e-06
9.806000000000000000e+03 2.631879784947948125e-06
9.807000000000000000e+03 2.662630675740854536e-06
9.808000000000000000e+03 2.685237464514896176e-06
9.809000000000000000e+03 2.699562565083983318e-06
9.810000000000000000e+03 2.705507371754954461e-06
9.811000000000000000e+03 2.703016466349401103e-06
9.812000000000000000e+03 2.692078893366453992e-06
9.813000000000000000e+03 2.672729255088144977e-06
9.814000000000000000e+03 2.645050976594879211e-06
9.815000000000000000e+03 2.609177641040329820e-06
9.816000000000000000e+03 2.565291858573169547e-06
9.817000000000000000e+03 2.513625673490941372e-06
9.818000000000000000e+03 2.454459299416252976e-06
9.819000000000000000e+03 2.388118251464577542e-06
9.820000000000000000e+03 2.314968520414282135e-06
9.821000000000000000e+03 2.235414109939912287e-06
9.822000000000000000e+03 2.149889657865079000e-06
9.823000000000000000e+03 2.058854330837802856e-06
9.824000000000000000e+03 1.962782483622879824e-06
9.825000000000000000e+03 1.862155954408312690e-06
9.826000000000000000e+03 1.757455839547846414e-06
9.827000000000000000e+03 1.649153142477177794e-06
9.828000000000000000e+03 1.537700939641169242e-06
9.829000000000000000e+03 1.423526827275523532e-06
9.830000000000000000e+03 1.307026096953167179e-06
9.831000000000000000e+03 1.188558528959966637e-06
9.832000000000000000e+03 1.068443810173059320e-06
9.833000000000000000e+03 9.469594244220974608e-07
9.834000000000000000e+03 8.243423569876034697e-07
9.835000000000000000e+03 7.007876514590963237e-07
9.836000000000000000e+03 5.764499554094302619e-07
9.837000000000000000e+03 4.514462664006855377e-07
9.838000000000000000e+03 3.258556810795076846e-07
9.839000000000000000e+03 1.997248483404063432e-07
9.840000000000000000e+03 7.307222438344677212e-08
9.841000000000000000e+03 -5.410375864014591906e-08
9.842000000000000000e+03 -1.818224395073241926e-07
9.843000000000000000e+03 -3.101080676497852763e-07
9.844000000000000000e+03 -4.389838871385293226e-07
9.845000000000000000e+03 -5.684630006932028433e-07
9.846000000000000000e+03 -6.985375838155737473e-07
9.847000000000000000e+03 -8.291722391205593922e-07
9.848000000000000000e+03 -9.602974574311225412e-07
9.849000000000000000e+03 -1.091800003606840642e-06
9.850000000000000000e+03 -1.223518361541922174e-06
9.851000000000000000e+03 -1.355239527723458552e-06
9.852000000000000000e+03 -1.486697547241428306e-06
9.853000000000000000e+03 -1.617574599352718553e-06
9.854000000000000000e+03 -1.747503524742913404e-06
9.855000000000000000e+03 -1.876073815345240371e-06
9.856000000000000000e+03 -2.002834400909438068e-06
9.857000000000000000e+03 -2.127300941736128670e-06
9.858000000000000000e+03 -2.248961729282511284e-06
9.859000000000000000e+03 -2.367283635823126511e-06
9.860000000000000000e+03 -2.481716435341710775e-06
9.861000000000000000e+03 -2.591699024640994254e-06
9.862000000000000000e+03 -2.696663613487969737e-06
9.863000000000000000e+03 -2.796041610480564095e-06
9.864000000000000000e+03 -2.889269363880340350e-06
9.865000000000000000e+03 -2.975791990520718070e-06
9.866000000000000000e+03 -3.055070873570694261e-06
9.867000000000000000e+03 -3.126592172937974889e-06
9.868000000000000000e+03 -3.189870603399891380e-06
9.869000000000000000e+03 -3.244460809459537449e-06
9.870000000000000000e+03 -3.289965892052228256e-06
9.871000000000000000e+03 -3.326044377990058635e-06
9.872000000000000000e+03 -3.352420103120329131e-06
9.873000000000000000e+03 -3.368884656947313473e-06
9.874000000000000000e+03 -3.375303806207590138e-06
9.875000000000000000e+03 -3.371620331777771693e-06
9.876000000000000000e+03 -3.357855921150210864e-06
9.877000000000000000e+03 -3.334110547560777965e-06
9.878000000000000000e+03 -3.300558565157741826e-06
9.879000000000000000e+03 -3.257450350508680807e-06
9.880000000000000000e+03 -3.205107792487351334e-06
9.881000000000000000e+03 -3.143922884012121978e-06
9.882000000000000000e+03 -3.074350219495553341e-06
9.883000000000000000e+03 -2.996907359574879318e-06
9.884000000000000000e+03 -2.912168987519304136e-06
9.885000000000000000e+03 -2.820761906276411249e-06
9.886000000000000000e+03 -2.723360018662603873e-06
9.887000000000000000e+03 -2.620678487494110479e-06
9.888000000000000000e+03 -2.513464238901432609e-06
9.889000000000000000e+03 -2.402488120602472908e-06
9.890000000000000000e+03 -2.288530951379488893e-06
9.891000000000000000e+03 -2.172378755071581760e-06
9.892000000000000000e+03 -2.054806486698933286e-06
9.893000000000000000e+03 -1.936565528540593910e-06
9.894000000000000000e+03 -1.818374636352369232e-06
9.895000000000000000e+03 -1.700909960303903579e-06
9.896000000000000000e+03 -1.584798766769044109e-06
9.897000000000000000e+03 -1.470607387326052160e-06
9.898000000000000000e+03 -1.358837107618104345e-06
9.899000000000000000e+03 -1.249920558437758192e-06
9.900000000000000000e+03 -1.144227814708176382e-06
9.901000000000000000e+03 -1.042064029241963861e-06
9.902000000000000000e+03 -9.436709615915078539e-07
9.903000000000000000e+03 -8.492287994925354968e-07
9.904000000000000000e+03 -7.588605051111910069e-07
9.905000000000000000e+03 -6.726331843026222315e-07
9.906000000000000000e+03 -5.905633555475663112e-07
9.907000000000000000e+03 -5.126213105611222511e-07
9.908000000000000000e+03 -4.387327825053441893e-07
9.909000000000000000e+03 -3.687831687702013430e-07
9.910000000000000000e+03 -3.026228634615339613e-07
9.911000000000000000e+03 -2.400669611430871507e-07
9.912000000000000000e+03 -1.808987344586681279e-07
9.913000000000000000e+03 -1.248741278851063845e-07
9.914000000000000000e+03 -7.172180157942125669e-08
9.915000000000000000e+03 -2.115152022019409826e-08
9.916000000000000000e+03 2.714429773342387908e-08
9.917000000000000000e+03 7.348757204999361689e-08
9.918000000000000000e+03 1.182092898575670984e-07
9.919000000000000000e+03 1.616403269707875064e-07
9.920000000000000000e+03 2.041111031395316549e-07
9.921000000000000000e+03 2.459422982746843826e-07
9.922000000000000000e+03 2.874385839843388739e-07
9.923000000000000000e+03 3.288817897034142184e-07
9.924000000000000000e+03 3.705260915652781092e-07
9.925000000000000000e+03 4.125916236218076031e-07
9.926000000000000000e+03 4.552628232963450495e-07
9.927000000000000000e+03 4.986815732464879156e-07
9.928000000000000000e+03 5.429426193046957913e-07
9.929000000000000000e+03 5.880947270542420463e-07
9.930000000000000000e+03 6.341355351054229270e-07
9.931000000000000000e+03 6.810186231666011376e-07
9.932000000000000000e+03 7.286561114201467010e-07
9.933000000000000000e+03 7.769195676243720884e-07
9.934000000000000000e+03 8.256586328691210886e-07
9.935000000000000000e+03 8.747033911294494874e-07
9.936000000000000000e+03 9.238772422887711997e-07
9.937000000000000000e+03 9.730090324839683529e-07
9.938000000000000000e+03 1.021945155433865221e-06
9.939000000000000000e+03 1.070554970155842088e-06
9.940000000000000000e+03 1.118741501849893447e-06
9.941000000000000000e+03 1.166453057394331362e-06
9.942000000000000000e+03 1.213673137934781311e-06
9.943000000000000000e+03 1.260423791996823783e-06
9.944000000000000000e+03 1.306761970586048791e-06
9.945000000000000000e+03 1.352773166253926772e-06
9.946000000000000000e+03 1.398562795918789210e-06
9.947000000000000000e+03 1.444243928090058636e-06
9.948000000000000000e+03 1.489924822905360865e-06
9.949000000000000000e+03 1.535693047824298422e-06
9.950000000000000000e+03 1.581610623962794104e-06
9.951000000000000000e+03 1.627705472665304405e-06
9.952000000000000000e+03 1.673984045488437123e-06
9.953000000000000000e+03 1.720435899170253376e-06
9.954000000000000000e+03 1.767049541293738546e-06
9.955000000000000000e+03 1.813817835819908735e-06
9.956000000000000000e+03 1.860746396524636946e-06
9.957000000000000000e+03 1.907867552968512306e-06
9.958000000000000000e+03 1.955243524903622638e-06
9.959000000000000000e+03 2.002969174482315717e-06
9.960000000000000000e+03 2.051172066079762598e-06
9.961000000000000000e+03 2.100003321415004521e-06
9.962000000000000000e+03 2.149639813425114435e-06
9.963000000000000000e+03 2.200270283193021672e-06
9.964000000000000000e+03 2.252085044412987814e-06
9.965000000000000000e+03 2.305268979678550892e-06
9.966000000000000000e+03 2.359988569011482586e-06
9.967000000000000000e+03 2.416388497015410019e-06
9.968000000000000000e+03 2.474577056040971177e-06
9.969000000000000000e+03 2.534638231035766528e-06
9.970000000000000000e+03 2.596621624492517824e-06
9.971000000000000000e+03 2.660550333240914939e-06
9.972000000000000000e+03 2.726419116143659912e-06
9.973000000000000000e+03 2.794204875383456761e-06
9.974000000000000000e+03 2.863856790778071309e-06
9.975000000000000000e+03 2.935292404815404373e-06
9.976000000000000000e+03 3.008391807966586458e-06
9.977000000000000000e+03 3.082996339897051850e-06
9.978000000000000000e+03 3.158886383357034334e-06
9.979000000000000000e+03 3.235750112942509107e-06
9.980000000000000000e+03 3.313170595199363659e-06
9.981000000000000000e+03 3.390635763201055144e-06
9.982000000000000000e+03 3.467525803043501862e-06
9.983000000000000000e+03 3.543116021344158378e-06
9.984000000000000000e+03 3.616635428803174855e-06
9.985000000000000000e+03 3.687284593787652714e-06
9.986000000000000000e+03 3.754334539357039452e-06
9.987000000000000000e+03 3.817163168839472192e-06
9.988000000000000000e+03 3.875328657898245471e-06
9.989000000000000000e+03 3.928617725554101626e-06
9.990000000000000000e+03 3.977073156321094980e-06
9.991000000000000000e+03 4.020994412527969797e-06
9.992000000000000000e+03 4.060965652183787598e-06
9.993000000000000000e+03 4.097752772558390549e-06
9.994000000000000000e+03 4.132257428509599968e-06
9.995000000000000000e+03 4.165469381028925296e-06
9.996000000000000000e+03 4.198405727224070314e-06
9.997000000000000000e+03 4.232050562568460455e-06
9.998000000000000000e+03 4.267268928823633388e-06
9.999000000000000000e+03 4.304841363622982642e-06
1.000000000000000000e+04 4.345280954700195421e-06
