# time_fs msd_A2
0.000000000000000000e+00 0.000000000000000000e+00
1.000000000000000000e+00 1.271056519658576168e-05
2.000000000000000000e+00 5.086751362248406164e-05
3.000000000000000000e+00 1.144496942851073800e-04
4.000000000000000000e+00 2.033570808723467811e-04
5.000000000000000000e+00 3.174108238344154663e-04
6.000000000000000000e+00 4.563532037861400348e-04
7.000000000000000000e+00 6.198492791827328206e-04
8.000000000000000000e+00 8.074880571627119329e-04
9.000000000000000000e+00 1.018784970082156106e-03
1.000000000000000000e+01 1.253184605644791982e-03
1.100000000000000000e+01 1.510063090179952338e-03
1.200000000000000000e+01 1.788732166689204883e-03
1.300000000000000000e+01 2.088441883809709354e-03
1.400000000000000000e+01 2.408385312099938641e-03
1.500000000000000000e+01 2.747701766019640477e-03
1.600000000000000000e+01 3.105481250207161627e-03
1.700000000000000000e+01 3.480769567780689962e-03
1.800000000000000000e+01 3.872570777792176677e-03
1.900000000000000000e+01 4.279851766216222729e-03
2.000000000000000000e+01 4.701547021107585662e-03
2.100000000000000000e+01 5.136563723449746530e-03
2.200000000000000000e+01 5.583787280682556836e-03
2.300000000000000000e+01 6.042084629988768267e-03
2.400000000000000000e+01 6.510309973035267525e-03
2.500000000000000000e+01 6.987306968279297439e-03
2.600000000000000000e+01 7.471914515916707432e-03
2.700000000000000000e+01 7.962972199735910556e-03
2.800000000000000000e+01 8.459321418094205638e-03
2.900000000000000000e+01 8.959809710131955846e-03
3.000000000000000000e+01 9.463299309746125987e-03
3.100000000000000000e+01 9.968667644596751476e-03
3.200000000000000000e+01 1.047480945511914882e-02
3.300000000000000000e+01 1.098064234519823684e-02
3.400000000000000000e+01 1.148511137133308678e-02
3.500000000000000000e+01 1.198718931550293333e-02
3.600000000000000000e+01 1.248588300675820828e-02
3.700000000000000000e+01 1.298023160072323337e-02
3.800000000000000000e+01 1.346931538529524096e-02
3.900000000000000000e+01 1.395225487032771688e-02
4.000000000000000000e+01 1.442821305631642251e-02
4.100000000000000000e+01 1.489639519544651985e-02
4.200000000000000000e+01 1.535605069096296696e-02
4.300000000000000000e+01 1.580647205142820394e-02
4.400000000000000000e+01 1.624699571842107976e-02
4.500000000000000000e+01 1.667700405682259746e-02
4.600000000000000000e+01 1.709592424772580360e-02
4.700000000000000000e+01 1.750322538265833283e-02
4.800000000000000000e+01 1.789841913269189094e-02
4.900000000000000000e+01 1.828105908033264559e-02
5.000000000000000000e+01 1.865073486678280046e-02
5.100000000000000000e+01 1.900707202755414979e-02
5.200000000000000000e+01 1.934972562811451344e-02
5.300000000000000000e+01 1.967838391713124316e-02
5.400000000000000000e+01 1.999276708840183950e-02
5.500000000000000000e+01 2.029262651315535265e-02
5.600000000000000000e+01 2.057774205272809576e-02
5.700000000000000000e+01 2.084791870865478416e-02
5.800000000000000000e+01 2.110298437612314823e-02
5.900000000000000000e+01 2.134279396324836181e-02
6.000000000000000000e+01 2.156723094712396233e-02
6.100000000000000000e+01 2.177620524421612636e-02
6.200000000000000000e+01 2.196966038074451427e-02
6.300000000000000000e+01 2.214756773513754107e-02
6.400000000000000000e+01 2.230992866657503793e-02
6.500000000000000000e+01 2.245677716217134995e-02
6.600000000000000000e+01 2.258817842969920719e-02
6.700000000000000000e+01 2.270423363019758237e-02
6.800000000000000000e+01 2.280508284765807997e-02
6.900000000000000000e+01 2.289090172291423017e-02
7.000000000000000000e+01 2.296190197495152213e-02
7.100000000000000000e+01 2.301833649126127160e-02
7.200000000000000000e+01 2.306049613534680992e-02
7.300000000000000000e+01 2.308870741796612003e-02
7.400000000000000000e+01 2.310333276031446836e-02
7.500000000000000000e+01 2.310477609013752986e-02
7.600000000000000000e+01 2.309347494531237277e-02
7.700000000000000000e+01 2.306990157898460708e-02
7.800000000000000000e+01 2.303455458068178613e-02
7.900000000000000000e+01 2.298795532196603111e-02
8.000000000000000000e+01 2.293065067387486944e-02
8.100000000000000000e+01 2.286320790513278814e-02
8.200000000000000000e+01 2.278621236057179478e-02
8.300000000000000000e+01 2.270026108515965646e-02
8.400000000000000000e+01 2.260596646667084597e-02
8.500000000000000000e+01 2.250394351602311160e-02
8.600000000000000000e+01 2.239480244342505200e-02
8.700000000000000000e+01 2.227915503898543134e-02
8.800000000000000000e+01 2.215760623339331492e-02
8.900000000000000000e+01 2.203074739986000605e-02
9.000000000000000000e+01 2.189915373904374046e-02
9.100000000000000000e+01 2.176337652515147533e-02
9.200000000000000000e+01 2.162394258183800155e-02
9.300000000000000000e+01 2.148135602233501584e-02
9.400000000000000000e+01 2.133609182959075520e-02
9.500000000000000000e+01 2.118859140510212513e-02
9.600000000000000000e+01 2.103925962391558352e-02
9.700000000000000000e+01 2.088846534079189660e-02
9.800000000000000000e+01 2.073653610134020692e-02
9.900000000000000000e+01 2.058376297077737366e-02
1.000000000000000000e+02 2.043039530627014863e-02
1.010000000000000000e+02 2.027664584726934088e-02
1.020000000000000000e+02 2.012269271266266951e-02
1.030000000000000000e+02 1.996868387164212749e-02
1.040000000000000000e+02 1.981473571706174330e-02
1.050000000000000000e+02 1.966093464108143590e-02
1.060000000000000000e+02 1.950734290508790436e-02
1.070000000000000000e+02 1.935399933793933297e-02
1.080000000000000000e+02 1.920092779962623980e-02
1.090000000000000000e+02 1.904814032710877222e-02
1.100000000000000000e+02 1.889564339167404058e-02
1.110000000000000000e+02 1.874344144488446912e-02
1.120000000000000000e+02 1.859153932166913645e-02
1.130000000000000000e+02 1.843995275768556957e-02
1.140000000000000000e+02 1.828870620446508555e-02
1.150000000000000000e+02 1.813783359133289141e-02
1.160000000000000000e+02 1.798738753353255199e-02
1.170000000000000000e+02 1.783743905042809233e-02
1.180000000000000000e+02 1.768807599900941441e-02
1.190000000000000000e+02 1.753940211105978544e-02
1.200000000000000000e+02 1.739154171084848766e-02
1.210000000000000000e+02 1.724463613570926396e-02
1.220000000000000000e+02 1.709884056370079147e-02
1.230000000000000000e+02 1.695431902275068223e-02
1.240000000000000000e+02 1.681123998560109939e-02
1.250000000000000000e+02 1.666977241231660384e-02
1.260000000000000000e+02 1.653008309999565162e-02
1.270000000000000000e+02 1.639233019087226600e-02
1.280000000000000000e+02 1.625665814942741857e-02
1.290000000000000000e+02 1.612320047084413871e-02
1.300000000000000000e+02 1.599207445702004876e-02
1.310000000000000000e+02 1.586337910670958251e-02
1.320000000000000000e+02 1.573719454144809765e-02
1.330000000000000000e+02 1.561358365522306016e-02
1.340000000000000000e+02 1.549259442661783670e-02
1.350000000000000000e+02 1.537425845789372469e-02
1.360000000000000000e+02 1.525859421100121335e-02
1.370000000000000000e+02 1.514561333573679995e-02
1.380000000000000000e+02 1.503532635445291310e-02
1.390000000000000000e+02 1.492773961659094734e-02
1.400000000000000000e+02 1.482285698629753554e-02
1.410000000000000000e+02 1.472068905872252718e-02
1.420000000000000000e+02 1.462125334643406965e-02
1.430000000000000000e+02 1.452457828661739975e-02
1.440000000000000000e+02 1.443070238386930451e-02
1.450000000000000000e+02 1.433967495766338106e-02
1.460000000000000000e+02 1.425155795277216128e-02
1.470000000000000000e+02 1.416642278152058579e-02
1.480000000000000000e+02 1.408435094701792831e-02
1.490000000000000000e+02 1.400543066309046375e-02
1.500000000000000000e+02 1.392975358346391045e-02
1.510000000000000000e+02 1.385741130902385342e-02
1.520000000000000000e+02 1.378849287969030439e-02
1.530000000000000000e+02 1.372308194230840300e-02
1.540000000000000000e+02 1.366125871310302706e-02
1.550000000000000000e+02 1.360309788578326420e-02
1.560000000000000000e+02 1.354866502231079350e-02
1.570000000000000000e+02 1.349801983160722751e-02
1.580000000000000000e+02 1.345121642943371970e-02
1.590000000000000000e+02 1.340829769806315547e-02
1.600000000000000000e+02 1.336929998753049083e-02
1.610000000000000000e+02 1.333425929136270935e-02
1.620000000000000000e+02 1.330320847813455491e-02
1.630000000000000000e+02 1.327617887348355070e-02
1.640000000000000000e+02 1.325320193107796737e-02
1.650000000000000000e+02 1.323431225518196565e-02
1.660000000000000000e+02 1.321954979304976012e-02
1.670000000000000000e+02 1.320896019286921068e-02
1.680000000000000000e+02 1.320259343133881220e-02
1.690000000000000000e+02 1.320050505588945405e-02
1.700000000000000000e+02 1.320275702369994378e-02
1.710000000000000000e+02 1.320941464647653121e-02
1.720000000000000000e+02 1.322054732196902525e-02
1.730000000000000000e+02 1.323622582597124356e-02
1.740000000000000000e+02 1.325651994825595252e-02
1.750000000000000000e+02 1.328149387655303687e-02
1.760000000000000000e+02 1.331120585624517155e-02
1.770000000000000000e+02 1.334570482919011924e-02
1.780000000000000000e+02 1.338502830290096146e-02
1.790000000000000000e+02 1.342919771214083624e-02
1.800000000000000000e+02 1.347822058741209375e-02
1.810000000000000000e+02 1.353208712890290738e-02
1.820000000000000000e+02 1.359076956902060054e-02
1.830000000000000000e+02 1.365421976506408890e-02
1.840000000000000000e+02 1.372236655901117215e-02
1.850000000000000000e+02 1.379511542277836456e-02
1.860000000000000000e+02 1.387234472480840773e-02
1.870000000000000000e+02 1.395390746891295164e-02
1.880000000000000000e+02 1.403962993027126765e-02
1.890000000000000000e+02 1.412931321602909837e-02
1.900000000000000000e+02 1.422273177854138128e-02
1.910000000000000000e+02 1.431963102949072517e-02
1.920000000000000000e+02 1.441973108712405437e-02
1.930000000000000000e+02 1.452272497419191885e-02
1.940000000000000000e+02 1.462828278819277086e-02
1.950000000000000000e+02 1.473604537542202823e-02
1.960000000000000000e+02 1.484562917215816354e-02
1.970000000000000000e+02 1.495662590836921782e-02
1.980000000000000000e+02 1.506860622248426193e-02
1.990000000000000000e+02 1.518112480915904776e-02
2.000000000000000000e+02 1.529372027120010948e-02
2.010000000000000000e+02 1.540591539785019642e-02
2.020000000000000000e+02 1.551722588566671092e-02
2.030000000000000000e+02 1.562716103580731250e-02
2.040000000000000000e+02 1.573522916365255320e-02
2.050000000000000000e+02 1.584093624924491975e-02
2.060000000000000000e+02 1.594379541903525807e-02
2.070000000000000000e+02 1.604333008708800842e-02
2.080000000000000000e+02 1.613907459797028765e-02
2.090000000000000000e+02 1.623058286515634621e-02
2.100000000000000000e+02 1.631743132392009937e-02
2.110000000000000000e+02 1.639922037682843212e-02
2.120000000000000000e+02 1.647557570820160078e-02
2.130000000000000000e+02 1.654615284755355659e-02
2.140000000000000000e+02 1.661064080028944873e-02
2.150000000000000000e+02 1.666876503745597787e-02
2.160000000000000000e+02 1.672028880785339164e-02
2.170000000000000000e+02 1.676501300596579258e-02
2.180000000000000000e+02 1.680277605241221883e-02
2.190000000000000000e+02 1.683345592452969997e-02
2.200000000000000000e+02 1.685697028474982678e-02
2.210000000000000000e+02 1.687327734859178988e-02
2.220000000000000000e+02 1.688236994445369010e-02
2.230000000000000000e+02 1.688428001189413649e-02
2.240000000000000000e+02 1.687907694752218551e-02
2.250000000000000000e+02 1.686686818969292817e-02
2.260000000000000000e+02 1.684779749449612923e-02
2.270000000000000000e+02 1.682204169354299672e-02
2.280000000000000000e+02 1.678981292914297208e-02
2.290000000000000000e+02 1.675135695018226817e-02
2.300000000000000000e+02 1.670694736947220954e-02
2.310000000000000000e+02 1.665688243251646841e-02
2.320000000000000000e+02 1.660148312706269391e-02
2.330000000000000000e+02 1.654108530604408295e-02
2.340000000000000000e+02 1.647603773091999707e-02
2.350000000000000000e+02 1.640669618645147071e-02
2.360000000000000000e+02 1.633341743392770565e-02
2.370000000000000000e+02 1.625655358650811289e-02
2.380000000000000000e+02 1.617644825223142624e-02
2.390000000000000000e+02 1.609343506378293348e-02
2.400000000000000000e+02 1.600783248348892213e-02
2.410000000000000000e+02 1.591994244928013336e-02
2.420000000000000000e+02 1.583004270887510001e-02
2.430000000000000000e+02 1.573839010997204330e-02
2.440000000000000000e+02 1.564522362549543300e-02
2.450000000000000000e+02 1.555076248019822242e-02
2.460000000000000000e+02 1.545520641146466700e-02
2.470000000000000000e+02 1.535874318683963860e-02
2.480000000000000000e+02 1.526154975245091507e-02
2.490000000000000000e+02 1.516380051115407551e-02
2.500000000000000000e+02 1.506566824983368233e-02
2.510000000000000000e+02 1.496732781261660497e-02
2.520000000000000000e+02 1.486896421679243657e-02
2.530000000000000000e+02 1.477077908704285680e-02
2.540000000000000000e+02 1.467298808380030836e-02
2.550000000000000000e+02 1.457582667621509613e-02
2.560000000000000000e+02 1.447954781278869285e-02
2.570000000000000000e+02 1.438441847902994022e-02
2.580000000000000000e+02 1.429072073848770830e-02
2.590000000000000000e+02 1.419875186182260191e-02
2.600000000000000000e+02 1.410882139393968351e-02
2.610000000000000000e+02 1.402124469567116519e-02
2.620000000000000000e+02 1.393634030629282809e-02
2.630000000000000000e+02 1.385442226477269501e-02
2.640000000000000000e+02 1.377579237144469296e-02
2.650000000000000000e+02 1.370073637794262146e-02
2.660000000000000000e+02 1.362951837450540084e-02
2.670000000000000000e+02 1.356237767976804440e-02
2.680000000000000000e+02 1.349953032504647328e-02
2.690000000000000000e+02 1.344115546970554506e-02
2.700000000000000000e+02 1.338739632805432088e-02
2.710000000000000000e+02 1.333835933383408293e-02
2.720000000000000000e+02 1.329411259377712845e-02
2.730000000000000000e+02 1.325468666316991298e-02
2.740000000000000000e+02 1.322006627371973692e-02
2.750000000000000000e+02 1.319019612042741756e-02
2.760000000000000000e+02 1.316498201315081940e-02
2.770000000000000000e+02 1.314429075995772120e-02
2.780000000000000000e+02 1.312795450196491479e-02
2.790000000000000000e+02 1.311577527718242597e-02
2.800000000000000000e+02 1.310752457267388808e-02
2.810000000000000000e+02 1.310294423576704656e-02
2.820000000000000000e+02 1.310175546377452191e-02
2.830000000000000000e+02 1.310365895479530252e-02
2.840000000000000000e+02 1.310834088066882216e-02
2.850000000000000000e+02 1.311547381245030744e-02
2.860000000000000000e+02 1.312472596049393640e-02
2.870000000000000000e+02 1.313576300388470328e-02
2.880000000000000000e+02 1.314825107738026508e-02
2.890000000000000000e+02 1.316185867071392041e-02
2.900000000000000000e+02 1.317625970924785409e-02
2.910000000000000000e+02 1.319113715530490470e-02
2.920000000000000000e+02 1.320618549387671432e-02
2.930000000000000000e+02 1.322111395966561395e-02
2.940000000000000000e+02 1.323564494823931993e-02
2.950000000000000000e+02 1.324951910843992497e-02
2.960000000000000000e+02 1.326249626586250598e-02
2.970000000000000000e+02 1.327435565019725004e-02
2.980000000000000000e+02 1.328489744290294212e-02
2.990000000000000000e+02 1.329394372441703408e-02
3.000000000000000000e+02 1.330133921652231106e-02
3.010000000000000000e+02 1.330695287152568879e-02
3.020000000000000000e+02 1.331067713065302305e-02
3.030000000000000000e+02 1.331242865423966013e-02
3.040000000000000000e+02 1.331214870168736381e-02
3.050000000000000000e+02 1.330980894166481146e-02
3.060000000000000000e+02 1.330540739416210573e-02
3.070000000000000000e+02 1.329897162693510250e-02
3.080000000000000000e+02 1.329055480887842908e-02
3.090000000000000000e+02 1.328023536663441168e-02
3.100000000000000000e+02 1.326811923850368564e-02
3.110000000000000000e+02 1.325433223424074894e-02
3.120000000000000000e+02 1.323901952581911165e-02
3.130000000000000000e+02 1.322234532250677295e-02
3.140000000000000000e+02 1.320448650868367990e-02
3.150000000000000000e+02 1.318562789412549945e-02
3.160000000000000000e+02 1.316596047581179013e-02
3.170000000000000000e+02 1.314567845437401329e-02
3.180000000000000000e+02 1.312497880449672860e-02
3.190000000000000000e+02 1.310405671269882291e-02
3.200000000000000000e+02 1.308309968591827438e-02
3.210000000000000000e+02 1.306228662237193285e-02
3.220000000000000000e+02 1.304178836040758953e-02
3.230000000000000000e+02 1.302176951965022464e-02
3.240000000000000000e+02 1.300238633458088849e-02
3.250000000000000000e+02 1.298378504900376401e-02
3.260000000000000000e+02 1.296610297439218518e-02
3.270000000000000000e+02 1.294946886976200071e-02
3.280000000000000000e+02 1.293400311286101168e-02
3.290000000000000000e+02 1.291981729233536089e-02
3.300000000000000000e+02 1.290701525440543680e-02
3.310000000000000000e+02 1.289569359804688259e-02
3.320000000000000000e+02 1.288594242276643563e-02
3.330000000000000000e+02 1.287784339160675043e-02
3.340000000000000000e+02 1.287146867813342838e-02
3.350000000000000000e+02 1.286687994219145453e-02
3.360000000000000000e+02 1.286412821099208736e-02
3.370000000000000000e+02 1.286325207493523200e-02
3.380000000000000000e+02 1.286427538338323281e-02
3.390000000000000000e+02 1.286721132010332919e-02
3.400000000000000000e+02 1.287206244735800836e-02
3.410000000000000000e+02 1.287882053082950451e-02
3.420000000000000000e+02 1.288746440754826028e-02
3.430000000000000000e+02 1.289796870243832896e-02
3.440000000000000000e+02 1.291030281947388135e-02
3.450000000000000000e+02 1.292443068213907503e-02
3.460000000000000000e+02 1.294032162870121030e-02
3.470000000000000000e+02 1.295794855316118044e-02
3.480000000000000000e+02 1.297729115289469187e-02
3.490000000000000000e+02 1.299833952575110349e-02
3.500000000000000000e+02 1.302109971950357083e-02
3.510000000000000000e+02 1.304559246081958036e-02
3.520000000000000000e+02 1.307185987923925249e-02
3.530000000000000000e+02 1.309996041262594287e-02
3.540000000000000000e+02 1.312996176847817942e-02
3.550000000000000000e+02 1.316194491688392303e-02
3.560000000000000000e+02 1.319600272970454860e-02
3.570000000000000000e+02 1.323223548397365820e-02
3.580000000000000000e+02 1.327074570273727855e-02
3.590000000000000000e+02 1.331162941826156965e-02
3.600000000000000000e+02 1.335497775082872436e-02
3.610000000000000000e+02 1.340086499314069313e-02
3.620000000000000000e+02 1.344934496653957430e-02
3.630000000000000000e+02 1.350045157517694439e-02
3.640000000000000000e+02 1.355419688745199830e-02
3.650000000000000000e+02 1.361055965868957982e-02
3.660000000000000000e+02 1.366948733002944401e-02
3.670000000000000000e+02 1.373089676866516215e-02
3.680000000000000000e+02 1.379467752431849312e-02
3.690000000000000000e+02 1.386069236799573196e-02
3.700000000000000000e+02 1.392878188273472852e-02
3.710000000000000000e+02 1.399876859317037217e-02
3.720000000000000000e+02 1.407045637024163798e-02
3.730000000000000000e+02 1.414363735792853113e-02
3.740000000000000000e+02 1.421809623509860676e-02
3.750000000000000000e+02 1.429361612037899354e-02
3.760000000000000000e+02 1.436998256520053904e-02
3.770000000000000000e+02 1.444698593422641397e-02
3.780000000000000000e+02 1.452442331791468227e-02
3.790000000000000000e+02 1.460210626176716535e-02
3.800000000000000000e+02 1.467986236330089643e-02
3.810000000000000000e+02 1.475753184226282801e-02
3.820000000000000000e+02 1.483497114725798247e-02
3.830000000000000000e+02 1.491205259552665432e-02
3.840000000000000000e+02 1.498866723300039568e-02
3.850000000000000000e+02 1.506472209891654770e-02
3.860000000000000000e+02 1.514013432827704744e-02
3.870000000000000000e+02 1.521483524238211905e-02
3.880000000000000000e+02 1.528876870150302700e-02
3.890000000000000000e+02 1.536188835616849463e-02
3.900000000000000000e+02 1.543415525259727791e-02
3.910000000000000000e+02 1.550553459246224036e-02
3.920000000000000000e+02 1.557599583741121549e-02
3.930000000000000000e+02 1.564550918086560216e-02
3.940000000000000000e+02 1.571404952828759499e-02
3.950000000000000000e+02 1.578159231308943339e-02
3.960000000000000000e+02 1.584811091790223198e-02
3.970000000000000000e+02 1.591357374070926506e-02
3.980000000000000000e+02 1.597794548287262417e-02
3.990000000000000000e+02 1.604119131715198154e-02
4.000000000000000000e+02 1.610326800959019367e-02
4.010000000000000000e+02 1.616412848597938157e-02
4.020000000000000000e+02 1.622372118932830995e-02
4.030000000000000000e+02 1.628198878970352897e-02
4.040000000000000000e+02 1.633887080857931995e-02
4.050000000000000000e+02 1.639430499493614579e-02
4.060000000000000000e+02 1.644822671841043860e-02
4.070000000000000000e+02 1.650057062255821938e-02
4.080000000000000000e+02 1.655127031682065986e-02
4.090000000000000000e+02 1.660026104137476977e-02
4.100000000000000000e+02 1.664748138088135987e-02
4.110000000000000000e+02 1.669287664323666764e-02
4.120000000000000000e+02 1.673640303336471069e-02
4.130000000000000000e+02 1.677802981829218387e-02
4.140000000000000000e+02 1.681773323775041101e-02
4.150000000000000000e+02 1.685549720660845657e-02
4.160000000000000000e+02 1.689131864155184876e-02
4.170000000000000000e+02 1.692520583202235251e-02
4.180000000000000000e+02 1.695717796131975680e-02
4.190000000000000000e+02 1.698726338944072864e-02
4.200000000000000000e+02 1.701549974962353329e-02
4.210000000000000000e+02 1.704192608009843374e-02
4.220000000000000000e+02 1.706658257312369809e-02
4.230000000000000000e+02 1.708951045734394616e-02
4.240000000000000000e+02 1.711075108028949077e-02
4.250000000000000000e+02 1.713034045783726894e-02
4.260000000000000000e+02 1.714830762207492088e-02
4.270000000000000000e+02 1.716467542765721249e-02
4.280000000000000000e+02 1.717945752951142990e-02
4.290000000000000000e+02 1.719265401813088387e-02
4.300000000000000000e+02 1.720425596879877200e-02
4.310000000000000000e+02 1.721424760487587358e-02
4.320000000000000000e+02 1.722260203072860027e-02
4.330000000000000000e+02 1.722928729873863737e-02
4.340000000000000000e+02 1.723426468548348856e-02
4.350000000000000000e+02 1.723749037008887389e-02
4.360000000000000000e+02 1.723891796678488075e-02
4.370000000000000000e+02 1.723850129724974894e-02
4.380000000000000000e+02 1.723619955067417706e-02
4.390000000000000000e+02 1.723197661995477803e-02
4.400000000000000000e+02 1.722580961052827542e-02
4.410000000000000000e+02 1.721768608495618386e-02
4.420000000000000000e+02 1.720760508452699386e-02
4.430000000000000000e+02 1.719558238518866314e-02
4.440000000000000000e+02 1.718165739776538956e-02
4.450000000000000000e+02 1.716588807774100181e-02
4.460000000000000000e+02 1.714835076719265286e-02
4.470000000000000000e+02 1.712914499107555388e-02
4.480000000000000000e+02 1.710839154738754558e-02
4.490000000000000000e+02 1.708622668208372580e-02
4.500000000000000000e+02 1.706280343728293694e-02
4.510000000000000000e+02 1.703828866949966964e-02
4.520000000000000000e+02 1.701286223317637070e-02
4.530000000000000000e+02 1.698671536881502311e-02
4.540000000000000000e+02 1.696004483340188967e-02
4.550000000000000000e+02 1.693304490959986197e-02
4.560000000000000000e+02 1.690590622430291484e-02
4.570000000000000000e+02 1.687881515019743969e-02
4.580000000000000000e+02 1.685194909669787341e-02
4.590000000000000000e+02 1.682547203942312553e-02
4.600000000000000000e+02 1.679953196957583578e-02
4.610000000000000000e+02 1.677426202162312502e-02
4.620000000000000000e+02 1.674977152776320824e-02
4.630000000000000000e+02 1.672615105937375057e-02
4.640000000000000000e+02 1.670346991230028943e-02
4.650000000000000000e+02 1.668177454734418030e-02
4.660000000000000000e+02 1.666109008306601580e-02
4.670000000000000000e+02 1.664142150732155628e-02
4.680000000000000000e+02 1.662275345333984536e-02
4.690000000000000000e+02 1.660505040423478421e-02
4.700000000000000000e+02 1.658826006830152119e-02
4.710000000000000000e+02 1.657230966161901686e-02
4.720000000000000000e+02 1.655710955480877572e-02
4.730000000000000000e+02 1.654255565639236453e-02
4.740000000000000000e+02 1.652852836510061360e-02
4.750000000000000000e+02 1.651489523607509516e-02
4.760000000000000000e+02 1.650151585548640179e-02
4.770000000000000000e+02 1.648823722612421244e-02
4.780000000000000000e+02 1.647489413695856983e-02
4.790000000000000000e+02 1.646131271372872074e-02
4.800000000000000000e+02 1.644731206564869347e-02
4.810000000000000000e+02 1.643270736177787628e-02
4.820000000000000000e+02 1.641730678388135523e-02
4.830000000000000000e+02 1.640091909603704629e-02
4.840000000000000000e+02 1.638335041817361865e-02
4.850000000000000000e+02 1.636440678106757321e-02
4.860000000000000000e+02 1.634389266169824356e-02
4.870000000000000000e+02 1.632162080370573934e-02
4.880000000000000000e+02 1.629741521752882394e-02
4.890000000000000000e+02 1.627111133548204969e-02
4.900000000000000000e+02 1.624255858305977129e-02
4.910000000000000000e+02 1.621162468247421690e-02
4.920000000000000000e+02 1.617819373860145821e-02
4.930000000000000000e+02 1.614217009847199874e-02
4.940000000000000000e+02 1.610348375769984214e-02
4.950000000000000000e+02 1.606208667424413594e-02
4.960000000000000000e+02 1.601795656990979977e-02
4.970000000000000000e+02 1.597109832384429814e-02
4.980000000000000000e+02 1.592154679454631239e-02
4.990000000000000000e+02 1.586936652234227640e-02
5.000000000000000000e+02 1.581465055939130365e-02
5.010000000000000000e+02 1.575752136152447358e-02
5.020000000000000000e+02 1.569812875161681609e-02
5.030000000000000000e+02 1.563664610628477669e-02
5.040000000000000000e+02 1.557327299178268634e-02
5.050000000000000000e+02 1.550822979936458332e-02
5.060000000000000000e+02 1.544175343675192359e-02
5.070000000000000000e+02 1.537409101065793406e-02
5.080000000000000000e+02 1.530549963930646906e-02
5.090000000000000000e+02 1.523624113830000446e-02
5.100000000000000000e+02 1.516657526937970069e-02
5.110000000000000000e+02 1.509675676746233611e-02
5.120000000000000000e+02 1.502702851631900968e-02
5.130000000000000000e+02 1.495761638700889712e-02
5.140000000000000000e+02 1.488872263198443360e-02
5.150000000000000000e+02 1.482052486301708820e-02
5.160000000000000000e+02 1.475317407647264156e-02
5.170000000000000000e+02 1.468679084644122779e-02
5.180000000000000000e+02 1.462146059014338487e-02
5.190000000000000000e+02 1.455723463287538974e-02
5.200000000000000000e+02 1.449413444241715553e-02
5.210000000000000000e+02 1.443214976025172271e-02
5.220000000000000000e+02 1.437123982381764004e-02
5.230000000000000000e+02 1.431134076003732353e-02
5.240000000000000000e+02 1.425236613176691924e-02
5.250000000000000000e+02 1.419421675930652299e-02
5.260000000000000000e+02 1.413678564004034605e-02
5.270000000000000000e+02 1.407996302263509261e-02
5.280000000000000000e+02 1.402364095627006355e-02
5.290000000000000000e+02 1.396771546509663169e-02
5.300000000000000000e+02 1.391209671032871131e-02
5.310000000000000000e+02 1.385671244362123022e-02
5.320000000000000000e+02 1.380151079965120584e-02
5.330000000000000000e+02 1.374646156327590657e-02
5.340000000000000000e+02 1.369156088300101104e-02
5.350000000000000000e+02 1.363683225307939055e-02
5.360000000000000000e+02 1.358233030196134145e-02
5.370000000000000000e+02 1.352813379620163535e-02
5.380000000000000000e+02 1.347434714971088889e-02
5.390000000000000000e+02 1.342109794244741167e-02
5.400000000000000000e+02 1.336853422916313774e-02
5.410000000000000000e+02 1.331682377860183945e-02
5.420000000000000000e+02 1.326614880351427092e-02
5.430000000000000000e+02 1.321670095172669535e-02
5.440000000000000000e+02 1.316867974995726380e-02
5.450000000000000000e+02 1.312228761898143886e-02
5.460000000000000000e+02 1.307772419553077450e-02
5.470000000000000000e+02 1.303518617670458915e-02
5.480000000000000000e+02 1.299486505476646694e-02
5.490000000000000000e+02 1.295694210471680201e-02
5.500000000000000000e+02 1.292158432631503734e-02
5.510000000000000000e+02 1.288894571223582648e-02
5.520000000000000000e+02 1.285916478221068790e-02
5.530000000000000000e+02 1.283236363592969720e-02
5.540000000000000000e+02 1.280864891746097758e-02
5.550000000000000000e+02 1.278811188214199271e-02
5.560000000000000000e+02 1.277082951481285644e-02
5.570000000000000000e+02 1.275686404451266583e-02
5.580000000000000000e+02 1.274626570073486564e-02
5.590000000000000000e+02 1.273906655740645634e-02
5.600000000000000000e+02 1.273529101626055468e-02
5.610000000000000000e+02 1.273495456580063002e-02
5.620000000000000000e+02 1.273806086685862898e-02
5.630000000000000000e+02 1.274461166767159107e-02
5.640000000000000000e+02 1.275460654710691873e-02
5.650000000000000000e+02 1.276804117247102438e-02
5.660000000000000000e+02 1.278491017982697625e-02
5.670000000000000000e+02 1.280521060972742570e-02
5.680000000000000000e+02 1.282894418443515823e-02
5.690000000000000000e+02 1.285611486691979125e-02
5.700000000000000000e+02 1.288672870520296554e-02
5.710000000000000000e+02 1.292079586147753048e-02
5.720000000000000000e+02 1.295833416186571371e-02
5.730000000000000000e+02 1.299936519415021904e-02
5.740000000000000000e+02 1.304391725798726212e-02
5.750000000000000000e+02 1.309201783521569094e-02
5.760000000000000000e+02 1.314369179794247153e-02
5.770000000000000000e+02 1.319896192254042463e-02
5.780000000000000000e+02 1.325784578097028571e-02
5.790000000000000000e+02 1.332035423086057671e-02
5.800000000000000000e+02 1.338648643300435585e-02
5.810000000000000000e+02 1.345622490024230879e-02
5.820000000000000000e+02 1.352953772390528067e-02
5.830000000000000000e+02 1.360637780311898734e-02
5.840000000000000000e+02 1.368667968450236125e-02
5.850000000000000000e+02 1.377036212974702342e-02
5.860000000000000000e+02 1.385732555766573844e-02
5.870000000000000000e+02 1.394745316394916182e-02
5.880000000000000000e+02 1.404061229594190385e-02
5.890000000000000000e+02 1.413665658053213717e-02
5.900000000000000000e+02 1.423542753560160141e-02
5.910000000000000000e+02 1.433675961387591638e-02
5.920000000000000000e+02 1.444048631770185331e-02
5.930000000000000000e+02 1.454643109353078237e-02
5.940000000000000000e+02 1.465441577792443370e-02
5.950000000000000000e+02 1.476426182149240783e-02
5.960000000000000000e+02 1.487579246888936189e-02
5.970000000000000000e+02 1.498883589120945242e-02
5.980000000000000000e+02 1.510322064490758620e-02
5.990000000000000000e+02 1.521877680826217230e-02
6.000000000000000000e+02 1.533533427640551214e-02
6.010000000000000000e+02 1.545272295186832234e-02
6.020000000000000000e+02 1.557077550999309140e-02
6.030000000000000000e+02 1.568931664192537573e-02
6.040000000000000000e+02 1.580816311260702101e-02
6.050000000000000000e+02 1.592712704395556067e-02
6.060000000000000000e+02 1.604601256793688341e-02
6.070000000000000000e+02 1.616461365659699681e-02
6.080000000000000000e+02 1.628270919151846366e-02
6.090000000000000000e+02 1.640007036507534766e-02
6.100000000000000000e+02 1.651646257839292642e-02
6.110000000000000000e+02 1.663164098102469513e-02
6.120000000000000000e+02 1.674534859659310496e-02
6.130000000000000000e+02 1.685732122220815268e-02
6.140000000000000000e+02 1.696729820554892382e-02
6.150000000000000000e+02 1.707501866042163141e-02
6.160000000000000000e+02 1.718022098857416996e-02
6.170000000000000000e+02 1.728265123391650032e-02
6.180000000000000000e+02 1.738206379823704212e-02
6.190000000000000000e+02 1.747821932678111229e-02
6.200000000000000000e+02 1.757089319690882667e-02
6.210000000000000000e+02 1.765987721775791330e-02
6.220000000000000000e+02 1.774497626460688066e-02
6.230000000000000000e+02 1.782601271105201113e-02
6.240000000000000000e+02 1.790282644125294406e-02
6.250000000000000000e+02 1.797526863377482687e-02
6.260000000000000000e+02 1.804320890714817410e-02
6.270000000000000000e+02 1.810653023173624393e-02
6.280000000000000000e+02 1.816512921993080482e-02
6.290000000000000000e+02 1.821891140251254149e-02
6.300000000000000000e+02 1.826779152032411563e-02
6.310000000000000000e+02 1.831169474396053196e-02
6.320000000000000000e+02 1.835055464825299798e-02
6.330000000000000000e+02 1.838430898518447418e-02
6.340000000000000000e+02 1.841289676281012214e-02
6.350000000000000000e+02 1.843625727287478283e-02
6.360000000000000000e+02 1.845432909025727930e-02
6.370000000000000000e+02 1.846704419909298012e-02
6.380000000000000000e+02 1.847432712751783529e-02
6.390000000000000000e+02 1.847609360375229021e-02
6.400000000000000000e+02 1.847224945898161275e-02
6.410000000000000000e+02 1.846269246760363220e-02
6.420000000000000000e+02 1.844731366542972165e-02
6.430000000000000000e+02 1.842598930213997649e-02
6.440000000000000000e+02 1.839858109973925224e-02
6.450000000000000000e+02 1.836494439297188877e-02
6.460000000000000000e+02 1.832492992192015502e-02
6.470000000000000000e+02 1.827838093335152833e-02
6.480000000000000000e+02 1.822513564437738820e-02
6.490000000000000000e+02 1.816503493684526460e-02
6.500000000000000000e+02 1.809792451767110871e-02
6.510000000000000000e+02 1.802366196156907421e-02
6.520000000000000000e+02 1.794212377118505064e-02
6.530000000000000000e+02 1.785321264405689834e-02
6.540000000000000000e+02 1.775685964555025892e-02
6.550000000000000000e+02 1.765302984047380230e-02
6.560000000000000000e+02 1.754172924867233169e-02
6.570000000000000000e+02 1.742300976972642468e-02
6.580000000000000000e+02 1.729697111783496527e-02
6.590000000000000000e+02 1.716376471076935806e-02
6.600000000000000000e+02 1.702360049348349350e-02
6.610000000000000000e+02 1.687674393830090880e-02
6.620000000000000000e+02 1.672351158414540906e-02
6.630000000000000000e+02 1.656426697564596789e-02
6.640000000000000000e+02 1.639942390907147413e-02
6.650000000000000000e+02 1.622944029577025327e-02
6.660000000000000000e+02 1.605481294101646778e-02
6.670000000000000000e+02 1.587607351973502334e-02
6.680000000000000000e+02 1.569377538295860242e-02
6.690000000000000000e+02 1.550849323493681126e-02
6.700000000000000000e+02 1.532081418322273417e-02
6.710000000000000000e+02 1.513132912989692894e-02
6.720000000000000000e+02 1.494062569039109750e-02
6.730000000000000000e+02 1.474928169358803720e-02
6.740000000000000000e+02 1.455785612303154078e-02
6.750000000000000000e+02 1.436688678511855236e-02
6.760000000000000000e+02 1.417688254339348822e-02
6.770000000000000000e+02 1.398831706648896028e-02
6.780000000000000000e+02 1.380162826485114430e-02
6.790000000000000000e+02 1.361721266894340594e-02
6.800000000000000000e+02 1.343542943622462807e-02
6.810000000000000000e+02 1.325660042533132604e-02
6.820000000000000000e+02 1.308101074529712665e-02
6.830000000000000000e+02 1.290890939295074452e-02
6.840000000000000000e+02 1.274051344178187689e-02
6.850000000000000000e+02 1.257601435332670464e-02
6.860000000000000000e+02 1.241558166480843939e-02
6.870000000000000000e+02 1.225936924776528832e-02
6.880000000000000000e+02 1.210751828380937992e-02
6.890000000000000000e+02 1.196016153063834964e-02
6.900000000000000000e+02 1.181742853949362994e-02
6.910000000000000000e+02 1.167945206023414395e-02
6.920000000000000000e+02 1.154636679128183407e-02
6.930000000000000000e+02 1.141831229942547044e-02
6.940000000000000000e+02 1.129543548682104652e-02
6.950000000000000000e+02 1.117789392583570275e-02
6.960000000000000000e+02 1.106585260374494742e-02
6.970000000000000000e+02 1.095948363762641771e-02
6.980000000000000000e+02 1.085896341816644517e-02
6.990000000000000000e+02 1.076447226160739956e-02
7.000000000000000000e+02 1.067618819896424924e-02
7.010000000000000000e+02 1.059428632294719293e-02
7.020000000000000000e+02 1.051893447369954548e-02
7.030000000000000000e+02 1.045028974191049634e-02
7.040000000000000000e+02 1.038849791333225012e-02
7.050000000000000000e+02 1.033369389611824875e-02
7.060000000000000000e+02 1.028599502203535188e-02
7.070000000000000000e+02 1.024550025251764335e-02
7.080000000000000000e+02 1.021229035527614765e-02
7.090000000000000000e+02 1.018642865744330550e-02
7.100000000000000000e+02 1.016796227759394350e-02
7.110000000000000000e+02 1.015692163481047780e-02
7.120000000000000000e+02 1.015331818312326280e-02
7.130000000000000000e+02 1.015714452904526756e-02
7.140000000000000000e+02 1.016837903954979222e-02
7.150000000000000000e+02 1.018698428578451373e-02
7.160000000000000000e+02 1.021290808873855614e-02
7.170000000000000000e+02 1.024608611160113258e-02
7.180000000000000000e+02 1.028644110966136366e-02
7.190000000000000000e+02 1.033388457363460314e-02
7.200000000000000000e+02 1.038831705261562474e-02
7.210000000000000000e+02 1.044962779218896846e-02
7.220000000000000000e+02 1.051769479864760048e-02
7.230000000000000000e+02 1.059238757549999313e-02
7.240000000000000000e+02 1.067356631595786816e-02
7.250000000000000000e+02 1.076108393253703832e-02
7.260000000000000000e+02 1.085478450075287246e-02
7.270000000000000000e+02 1.095450701053714455e-02
7.280000000000000000e+02 1.106008674517622303e-02
7.290000000000000000e+02 1.117135346252609227e-02
7.300000000000000000e+02 1.128813221952281419e-02
7.310000000000000000e+02 1.141024616362202454e-02
7.320000000000000000e+02 1.153751553973160655e-02
7.330000000000000000e+02 1.166975996139231128e-02
7.340000000000000000e+02 1.180679801842934862e-02
7.350000000000000000e+02 1.194844728028345709e-02
7.360000000000000000e+02 1.209452388932626826e-02
7.370000000000000000e+02 1.224484382756603831e-02
7.380000000000000000e+02 1.239922286928022907e-02
7.390000000000000000e+02 1.255747698991346167e-02
7.400000000000000000e+02 1.271942284425669686e-02
7.410000000000000000e+02 1.288487781564982490e-02
7.420000000000000000e+02 1.305366107144739427e-02
7.430000000000000000e+02 1.322559255017252342e-02
7.440000000000000000e+02 1.340049259181089018e-02
7.450000000000000000e+02 1.357818118927899692e-02
7.460000000000000000e+02 1.375847161929165917e-02
7.470000000000000000e+02 1.394117136632557277e-02
7.480000000000000000e+02 1.412608202334599342e-02
7.490000000000000000e+02 1.431299708557718341e-02
7.500000000000000000e+02 1.450169828096481081e-02
7.510000000000000000e+02 1.469195499202021263e-02
7.520000000000000000e+02 1.488352277534652282e-02
7.530000000000000000e+02 1.507614349492080244e-02
7.540000000000000000e+02 1.526954425514020879e-02
7.550000000000000000e+02 1.546343453265822815e-02
7.560000000000000000e+02 1.565750413864500784e-02
7.570000000000000000e+02 1.585142596104704288e-02
7.580000000000000000e+02 1.604484930470006371e-02
7.590000000000000000e+02 1.623740920333994336e-02
7.600000000000000000e+02 1.642872730083937138e-02
7.610000000000000000e+02 1.661841001688296043e-02
7.620000000000000000e+02 1.680605178862753374e-02
7.630000000000000000e+02 1.699123479801182071e-02
7.640000000000000000e+02 1.717353632736369137e-02
7.650000000000000000e+02 1.735253067262660515e-02
7.660000000000000000e+02 1.752779225241096750e-02
7.670000000000000000e+02 1.769890239324720810e-02
7.680000000000000000e+02 1.786544782152913596e-02
7.690000000000000000e+02 1.802702596365154258e-02
7.700000000000000000e+02 1.818325087407493545e-02
7.710000000000000000e+02 1.833376008705234206e-02
7.720000000000000000e+02 1.847821889409791835e-02
7.730000000000000000e+02 1.861631517976312933e-02
7.740000000000000000e+02 1.874776794414202696e-02
7.750000000000000000e+02 1.887233085055120552e-02
7.760000000000000000e+02 1.898979064861690269e-02
7.770000000000000000e+02 1.909997157016243841e-02
7.780000000000000000e+02 1.920273494475129017e-02
7.790000000000000000e+02 1.929797880971286655e-02
7.800000000000000000e+02 1.938563882648213291e-02
7.810000000000000000e+02 1.946568565883571161e-02
7.820000000000000000e+02 1.953812245991123908e-02
7.830000000000000000e+02 1.960298151894632884e-02
7.840000000000000000e+02 1.966032627386054069e-02
7.850000000000000000e+02 1.971024699231131369e-02
7.860000000000000000e+02 1.975285733338580027e-02
7.870000000000000000e+02 1.978828427420956798e-02
7.880000000000000000e+02 1.981666485543490119e-02
7.890000000000000000e+02 1.983814154476773450e-02
7.900000000000000000e+02 1.985285956251350153e-02
7.910000000000000000e+02 1.986096710392864367e-02
7.920000000000000000e+02 1.986260962661784424e-02
7.930000000000000000e+02 1.985792635836518619e-02
7.940000000000000000e+02 1.984704856138494802e-02
7.950000000000000000e+02 1.983010311287303901e-02
7.960000000000000000e+02 1.980720520458332384e-02
7.970000000000000000e+02 1.977845961824343732e-02
7.980000000000000000e+02 1.974396687980158743e-02
7.990000000000000000e+02 1.970382144925641663e-02
8.000000000000000000e+02 1.965811232652391743e-02
8.010000000000000000e+02 1.960692647343902778e-02
8.020000000000000000e+02 1.955035336398387377e-02
8.030000000000000000e+02 1.948848482717949887e-02
8.040000000000000000e+02 1.942141615702819984e-02
8.050000000000000000e+02 1.934924295554917364e-02
8.060000000000000000e+02 1.927207294208329452e-02
8.070000000000000000e+02 1.919002787458293918e-02
8.080000000000000000e+02 1.910324079150751281e-02
8.090000000000000000e+02 1.901185448826268887e-02
8.100000000000000000e+02 1.891602648492103980e-02
8.110000000000000000e+02 1.881592534092644403e-02
8.120000000000000000e+02 1.871173192840835248e-02
8.130000000000000000e+02 1.860364578368264854e-02
8.140000000000000000e+02 1.849188299582585349e-02
8.150000000000000000e+02 1.837667364148118029e-02
8.160000000000000000e+02 1.825826059599225393e-02
8.170000000000000000e+02 1.813689845149075303e-02
8.180000000000000000e+02 1.801285618420778861e-02
8.190000000000000000e+02 1.788641098522218004e-02
8.200000000000000000e+02 1.775784690378915190e-02
8.210000000000000000e+02 1.762745907469761078e-02
8.220000000000000000e+02 1.749555158457614598e-02
8.230000000000000000e+02 1.736243425116273942e-02
8.240000000000000000e+02 1.722842139764171887e-02
8.250000000000000000e+02 1.709382732328129997e-02
8.260000000000000000e+02 1.695896206249662697e-02
8.270000000000000000e+02 1.682412824890099773e-02
8.280000000000000000e+02 1.668962448251449376e-02
8.290000000000000000e+02 1.655574233873820938e-02
8.300000000000000000e+02 1.642276102228255874e-02
8.310000000000000000e+02 1.629094511055027839e-02
8.320000000000000000e+02 1.616054358957710879e-02
8.330000000000000000e+02 1.603179488277137188e-02
8.340000000000000000e+02 1.590492536347659983e-02
8.350000000000000000e+02 1.578014409429246562e-02
8.360000000000000000e+02 1.565764308313407141e-02
8.370000000000000000e+02 1.553759824172001175e-02
8.380000000000000000e+02 1.542017403520240700e-02
8.390000000000000000e+02 1.530552212940811292e-02
8.400000000000000000e+02 1.519378503237372655e-02
8.410000000000000000e+02 1.508509380322950802e-02
8.420000000000000000e+02 1.497956877331935513e-02
8.430000000000000000e+02 1.487731917635722045e-02
8.440000000000000000e+02 1.477844390857467952e-02
8.450000000000000000e+02 1.468303185188048546e-02
8.460000000000000000e+02 1.459116154667175480e-02
8.470000000000000000e+02 1.450290272506770881e-02
8.480000000000000000e+02 1.441831344965883478e-02
8.490000000000000000e+02 1.433744161105464723e-02
8.500000000000000000e+02 1.426032686892880243e-02
8.510000000000000000e+02 1.418700153682691048e-02
8.520000000000000000e+02 1.411748792733040665e-02
8.530000000000000000e+02 1.405179691979894022e-02
8.540000000000000000e+02 1.398993034649364739e-02
8.550000000000000000e+02 1.393188234964498270e-02
8.560000000000000000e+02 1.387763752980349270e-02
8.570000000000000000e+02 1.382716828844763463e-02
8.580000000000000000e+02 1.378043834144178185e-02
8.590000000000000000e+02 1.373740663003804666e-02
8.600000000000000000e+02 1.369802780857097904e-02
8.610000000000000000e+02 1.366224989005328239e-02
8.620000000000000000e+02 1.363001753842004934e-02
8.630000000000000000e+02 1.360127109029484090e-02
8.640000000000000000e+02 1.357594804990732221e-02
8.650000000000000000e+02 1.355397925202280265e-02
8.660000000000000000e+02 1.353529397246209034e-02
8.670000000000000000e+02 1.351981945797615069e-02
8.680000000000000000e+02 1.350747793397413105e-02
8.690000000000000000e+02 1.349819536778227441e-02
8.700000000000000000e+02 1.349189815557987233e-02
8.710000000000000000e+02 1.348851148717494786e-02
8.720000000000000000e+02 1.348795911914830135e-02
8.730000000000000000e+02 1.349016524407496698e-02
8.740000000000000000e+02 1.349505067890791055e-02
8.750000000000000000e+02 1.350253538243362944e-02
8.760000000000000000e+02 1.351253564180845274e-02
8.770000000000000000e+02 1.352496958446402359e-02
8.780000000000000000e+02 1.353975142568112841e-02
8.790000000000000000e+02 1.355679032206735628e-02
8.800000000000000000e+02 1.357598979859878097e-02
8.810000000000000000e+02 1.359724907921862347e-02
8.820000000000000000e+02 1.362046172536806460e-02
8.830000000000000000e+02 1.364551551406982359e-02
8.840000000000000000e+02 1.367229438552256329e-02
8.850000000000000000e+02 1.370067070441578078e-02
8.860000000000000000e+02 1.373050835334183734e-02
8.870000000000000000e+02 1.376166409289485831e-02
8.880000000000000000e+02 1.379398258443317524e-02
8.890000000000000000e+02 1.382729835805251994e-02
8.900000000000000000e+02 1.386143709090637867e-02
8.910000000000000000e+02 1.389621387557266573e-02
8.920000000000000000e+02 1.393143356171820668e-02
8.930000000000000000e+02 1.396688918304047830e-02
8.940000000000000000e+02 1.400236298186070816e-02
8.950000000000000000e+02 1.403762904034149689e-02
8.960000000000000000e+02 1.407245713969192472e-02
8.970000000000000000e+02 1.410661342359205254e-02
8.980000000000000000e+02 1.413986122206521701e-02
8.990000000000000000e+02 1.417196162208624911e-02
9.000000000000000000e+02 1.420267603078935806e-02
9.010000000000000000e+02 1.423177030417836948e-02
9.020000000000000000e+02 1.425901763066534517e-02
9.030000000000000000e+02 1.428420246852724236e-02
9.040000000000000000e+02 1.430712488520818199e-02
9.050000000000000000e+02 1.432759541526629557e-02
9.060000000000000000e+02 1.434544785493620592e-02
9.070000000000000000e+02 1.436054351968267181e-02
9.080000000000000000e+02 1.437276868457154633e-02
9.090000000000000000e+02 1.438203805807056028e-02
9.100000000000000000e+02 1.438829384206545894e-02
9.110000000000000000e+02 1.439150808290552176e-02
9.120000000000000000e+02 1.439168784234238878e-02
9.130000000000000000e+02 1.438886790775449967e-02
9.140000000000000000e+02 1.438311601431542866e-02
9.150000000000000000e+02 1.437452947793529598e-02
9.160000000000000000e+02 1.436323439711202285e-02
9.170000000000000000e+02 1.434938379209281176e-02
9.180000000000000000e+02 1.433315653598448910e-02
9.190000000000000000e+02 1.431475726148971096e-02
9.200000000000000000e+02 1.429440893925452809e-02
9.210000000000000000e+02 1.427235178073785193e-02
9.220000000000000000e+02 1.424883655927827730e-02
9.230000000000000000e+02 1.422412442555168535e-02
9.240000000000000000e+02 1.419848232195039181e-02
9.250000000000000000e+02 1.417217505088340379e-02
9.260000000000000000e+02 1.414546923475983910e-02
9.270000000000000000e+02 1.411862710978362481e-02
9.280000000000000000e+02 1.409190043685644260e-02
9.290000000000000000e+02 1.406552604906145115e-02
9.300000000000000000e+02 1.403972981859407526e-02
9.310000000000000000e+02 1.401471997134683643e-02
9.320000000000000000e+02 1.399068440768466703e-02
9.330000000000000000e+02 1.396779606723140381e-02
9.340000000000000000e+02 1.394620811952973494e-02
9.350000000000000000e+02 1.392604861945564640e-02
9.360000000000000000e+02 1.390742757925707458e-02
9.370000000000000000e+02 1.389043545918262207e-02
9.380000000000000000e+02 1.387514671750557545e-02
9.390000000000000000e+02 1.386161728718673242e-02
9.400000000000000000e+02 1.384988507868445060e-02
9.410000000000000000e+02 1.383997206827256715e-02
9.420000000000000000e+02 1.383188626950988299e-02
9.430000000000000000e+02 1.382562554820322004e-02
9.440000000000000000e+02 1.382118409268758182e-02
9.450000000000000000e+02 1.381854846500804243e-02
9.460000000000000000e+02 1.381769849874565220e-02
9.470000000000000000e+02 1.381861443913912774e-02
9.480000000000000000e+02 1.382127779514168153e-02
9.490000000000000000e+02 1.382567337954189804e-02
9.500000000000000000e+02 1.383179194561583517e-02
9.510000000000000000e+02 1.383962672260288969e-02
9.520000000000000000e+02 1.384917798310939148e-02
9.530000000000000000e+02 1.386045411045715159e-02
9.540000000000000000e+02 1.387347190159208231e-02
9.550000000000000000e+02 1.388825605202462579e-02
9.560000000000000000e+02 1.390483666327099570e-02
9.570000000000000000e+02 1.392324488377190070e-02
9.580000000000000000e+02 1.394351518506588630e-02
9.590000000000000000e+02 1.396568238109957213e-02
9.600000000000000000e+02 1.398977603750252950e-02
9.610000000000000000e+02 1.401581852890898192e-02
9.620000000000000000e+02 1.404382369106040376e-02
9.630000000000000000e+02 1.407379260965528969e-02
9.640000000000000000e+02 1.410571050951134851e-02
9.650000000000000000e+02 1.413954675224140395e-02
9.660000000000000000e+02 1.417525100534349283e-02
9.670000000000000000e+02 1.421274969730187271e-02
9.680000000000000000e+02 1.425194708933339750e-02
9.690000000000000000e+02 1.429272491323826770e-02
9.700000000000000000e+02 1.433493722423741061e-02
9.710000000000000000e+02 1.437841610721493808e-02
9.720000000000000000e+02 1.442297360910193768e-02
9.730000000000000000e+02 1.446840599364849350e-02
9.740000000000000000e+02 1.451449463259009073e-02
9.750000000000000000e+02 1.456100716860213133e-02
9.760000000000000000e+02 1.460770044649213444e-02
9.770000000000000000e+02 1.465432409484093007e-02
9.780000000000000000e+02 1.470062510956153881e-02
9.790000000000000000e+02 1.474635099648064114e-02
9.800000000000000000e+02 1.479125100459404568e-02
9.810000000000000000e+02 1.483507749787767518e-02
9.820000000000000000e+02 1.487758995866174730e-02
9.830000000000000000e+02 1.491855247376611647e-02
9.840000000000000000e+02 1.495773662975874094e-02
9.850000000000000000e+02 1.499492621415690098e-02
9.860000000000000000e+02 1.502991893900635853e-02
9.870000000000000000e+02 1.506252665129055243e-02
9.880000000000000000e+02 1.509257672988586173e-02
9.890000000000000000e+02 1.511990991654959919e-02
9.900000000000000000e+02 1.514438571357259490e-02
9.910000000000000000e+02 1.516588359472099967e-02
9.920000000000000000e+02 1.518429815956368750e-02
9.930000000000000000e+02 1.519954095480984153e-02
9.940000000000000000e+02 1.521154388710386010e-02
9.950000000000000000e+02 1.522026099111078133e-02
9.960000000000000000e+02 1.522566696373100874e-02
9.970000000000000000e+02 1.522775592063788444e-02
9.980000000000000000e+02 1.522654415864280013e-02
9.990000000000000000e+02 1.522206532616012659e-02
1.000000000000000000e+03 1.521437047288176116e-02
1.001000000000000000e+03 1.520352426715350022e-02
1.002000000000000000e+03 1.518960294100518173e-02
1.003000000000000000e+03 1.517269201970503772e-02
1.004000000000000000e+03 1.515288542901868131e-02
1.005000000000000000e+03 1.513028128381769047e-02
1.006000000000000000e+03 1.510497866394903792e-02
1.007000000000000000e+03 1.507707539137027528e-02
1.008000000000000000e+03 1.504666523388886040e-02
1.009000000000000000e+03 1.501383552557266840e-02
1.010000000000000000e+03 1.497866966763522663e-02
1.011000000000000000e+03 1.494124192929644282e-02
1.012000000000000000e+03 1.490161498167401344e-02
1.013000000000000000e+03 1.485984450926636745e-02
1.014000000000000000e+03 1.481598021893939555e-02
1.015000000000000000e+03 1.477006598085646785e-02
1.016000000000000000e+03 1.472214413595353960e-02
1.017000000000000000e+03 1.467225648962345794e-02
1.018000000000000000e+03 1.462044443513575535e-02
1.019000000000000000e+03 1.456675800792196079e-02
1.020000000000000000e+03 1.451125762478192374e-02
1.021000000000000000e+03 1.445401462979699694e-02
1.022000000000000000e+03 1.439511594594893550e-02
1.023000000000000000e+03 1.433466795822849194e-02
1.024000000000000000e+03 1.427279965592840975e-02
1.025000000000000000e+03 1.420966263317153047e-02
1.026000000000000000e+03 1.414543480872734564e-02
1.027000000000000000e+03 1.408031500755326480e-02
1.028000000000000000e+03 1.401452380164159087e-02
1.029000000000000000e+03 1.394830105070730963e-02
1.030000000000000000e+03 1.388190311196488974e-02
1.031000000000000000e+03 1.381559691067825620e-02
1.032000000000000000e+03 1.374965970346971739e-02
1.033000000000000000e+03 1.368437400044322447e-02
1.034000000000000000e+03 1.362002270042184798e-02
1.035000000000000000e+03 1.355688661178713894e-02
1.036000000000000000e+03 1.349523968853618208e-02
1.037000000000000000e+03 1.343534081063085979e-02
1.038000000000000000e+03 1.337743581447125261e-02
1.039000000000000000e+03 1.332175559570474184e-02
1.040000000000000000e+03 1.326850999214584589e-02
1.041000000000000000e+03 1.321788422761445425e-02
1.042000000000000000e+03 1.317004132855981863e-02
1.043000000000000000e+03 1.312512011992124188e-02
1.044000000000000000e+03 1.308323795145635397e-02
1.045000000000000000e+03 1.304448887425028319e-02
1.046000000000000000e+03 1.300894309844098304e-02
1.047000000000000000e+03 1.297664801747416483e-02
1.048000000000000000e+03 1.294762961282262120e-02
1.049000000000000000e+03 1.292189484758939078e-02
1.050000000000000000e+03 1.289943257818713940e-02
1.051000000000000000e+03 1.288021956874962903e-02
1.052000000000000000e+03 1.286422090601143861e-02
1.053000000000000000e+03 1.285139025759167095e-02
1.054000000000000000e+03 1.284167471148753813e-02
1.055000000000000000e+03 1.283501762790132533e-02
1.056000000000000000e+03 1.283136238046800152e-02
1.057000000000000000e+03 1.283065449578364887e-02
1.058000000000000000e+03 1.283284471028300379e-02
1.059000000000000000e+03 1.283789343678832379e-02
1.060000000000000000e+03 1.284577061203157240e-02
1.061000000000000000e+03 1.285645898420284365e-02
1.062000000000000000e+03 1.286995270488499633e-02
1.063000000000000000e+03 1.288625901690452179e-02
1.064000000000000000e+03 1.290539795428725760e-02
1.065000000000000000e+03 1.292740123756404118e-02
1.066000000000000000e+03 1.295231424389742432e-02
1.067000000000000000e+03 1.298019248600431816e-02
1.068000000000000000e+03 1.301109723624324296e-02
1.069000000000000000e+03 1.304509295043610254e-02
1.070000000000000000e+03 1.308224278575750507e-02
1.071000000000000000e+03 1.312260765263004343e-02
1.072000000000000000e+03 1.316624174468222080e-02
1.073000000000000000e+03 1.321318805607613403e-02
1.074000000000000000e+03 1.326347243139631288e-02
1.075000000000000000e+03 1.331710267755912072e-02
1.076000000000000000e+03 1.337406381203914973e-02
1.077000000000000000e+03 1.343431816859031944e-02
1.078000000000000000e+03 1.349780775563359271e-02
1.079000000000000000e+03 1.356445168141651517e-02
1.080000000000000000e+03 1.363414393723024268e-02
1.081000000000000000e+03 1.370675709992913612e-02
1.082000000000000000e+03 1.378214560092072549e-02
1.083000000000000000e+03 1.386014900794810267e-02
1.084000000000000000e+03 1.394059394955081757e-02
1.085000000000000000e+03 1.402329333461089719e-02
1.086000000000000000e+03 1.410805151932062115e-02
1.087000000000000000e+03 1.419467061423176218e-02
1.088000000000000000e+03 1.428294687448115538e-02
1.089000000000000000e+03 1.437267068827683021e-02
1.090000000000000000e+03 1.446363621458326976e-02
1.091000000000000000e+03 1.455564025292800656e-02
1.092000000000000000e+03 1.464848491811849771e-02
1.093000000000000000e+03 1.474197976629453705e-02
1.094000000000000000e+03 1.483593934154477795e-02
1.095000000000000000e+03 1.493018823678810350e-02
1.096000000000000000e+03 1.502456017581227030e-02
1.097000000000000000e+03 1.511889818792548461e-02
1.098000000000000000e+03 1.521305548096146126e-02
1.099000000000000000e+03 1.530689652214543145e-02
1.100000000000000000e+03 1.540029678886147002e-02
1.101000000000000000e+03 1.549314397004059041e-02
1.102000000000000000e+03 1.558533470415445973e-02
1.103000000000000000e+03 1.567677667255620161e-02
1.104000000000000000e+03 1.576738587288849247e-02
1.105000000000000000e+03 1.585708683680069064e-02
1.106000000000000000e+03 1.594581031217680300e-02
1.107000000000000000e+03 1.603348930219126306e-02
1.108000000000000000e+03 1.612006340837742607e-02
1.109000000000000000e+03 1.620547360087430666e-02
1.110000000000000000e+03 1.628965840442928026e-02
1.111000000000000000e+03 1.637254775925325867e-02
1.112000000000000000e+03 1.645406893657075376e-02
1.113000000000000000e+03 1.653413817331889427e-02
1.114000000000000000e+03 1.661265946193519680e-02
1.115000000000000000e+03 1.668952224364263909e-02
1.116000000000000000e+03 1.676460093862432166e-02
1.117000000000000000e+03 1.683775915866358650e-02
1.118000000000000000e+03 1.690884779090601892e-02
1.119000000000000000e+03 1.697770774240793187e-02
1.120000000000000000e+03 1.704416995088923678e-02
1.121000000000000000e+03 1.710805493237527869e-02
1.122000000000000000e+03 1.716917488941743092e-02
1.123000000000000000e+03 1.722734287441309020e-02
1.124000000000000000e+03 1.728237296886978719e-02
1.125000000000000000e+03 1.733408418056808092e-02
1.126000000000000000e+03 1.738230149493500548e-02
1.127000000000000000e+03 1.742685683793448320e-02
1.128000000000000000e+03 1.746759508478167716e-02
1.129000000000000000e+03 1.750437128296658540e-02
1.130000000000000000e+03 1.753705486325655982e-02
1.131000000000000000e+03 1.756553246956023967e-02
1.132000000000000000e+03 1.758970439673392117e-02
1.133000000000000000e+03 1.760948700147914325e-02
1.134000000000000000e+03 1.762481326741024978e-02
1.135000000000000000e+03 1.763563198874251725e-02
1.136000000000000000e+03 1.764190630853144232e-02
1.137000000000000000e+03 1.764360869548751987e-02
1.138000000000000000e+03 1.764072637748018493e-02
1.139000000000000000e+03 1.763326473839766512e-02
1.140000000000000000e+03 1.762124552914939857e-02
1.141000000000000000e+03 1.760470239192472169e-02
1.142000000000000000e+03 1.758368290072146248e-02
1.143000000000000000e+03 1.755824935052064870e-02
1.144000000000000000e+03 1.752847991989594026e-02
1.145000000000000000e+03 1.749447213375880661e-02
1.146000000000000000e+03 1.745634142086877408e-02
1.147000000000000000e+03 1.741421764720396323e-02
1.148000000000000000e+03 1.736824678274039371e-02
1.149000000000000000e+03 1.731858771630343657e-02
1.150000000000000000e+03 1.726541649842652099e-02
1.151000000000000000e+03 1.720892193588073604e-02
1.152000000000000000e+03 1.714930429211713667e-02
1.153000000000000000e+03 1.708677089690148129e-02
1.154000000000000000e+03 1.702153773589904634e-02
1.155000000000000000e+03 1.695382310318093236e-02
1.156000000000000000e+03 1.688384428816610411e-02
1.157000000000000000e+03 1.681181728157793431e-02
1.158000000000000000e+03 1.673795281053915701e-02
1.159000000000000000e+03 1.666245221942491000e-02
1.160000000000000000e+03 1.658550671868948626e-02
1.161000000000000000e+03 1.650729264971196805e-02
1.162000000000000000e+03 1.642797191099067133e-02
1.163000000000000000e+03 1.634768811128544178e-02
1.164000000000000000e+03 1.626657260152714751e-02
1.165000000000000000e+03 1.618473941802925364e-02
1.166000000000000000e+03 1.610228652108509906e-02
1.167000000000000000e+03 1.601929350000172100e-02
1.168000000000000000e+03 1.593582497261418138e-02
1.169000000000000000e+03 1.585192960286367636e-02
1.170000000000000000e+03 1.576764156789045232e-02
1.171000000000000000e+03 1.568298623684229176e-02
1.172000000000000000e+03 1.559797900577722385e-02
1.173000000000000000e+03 1.551262955600662269e-02
1.174000000000000000e+03 1.542694059588619118e-02
1.175000000000000000e+03 1.534091239025518749e-02
1.176000000000000000e+03 1.525454950376800220e-02
1.177000000000000000e+03 1.516786142154019808e-02
1.178000000000000000e+03 1.508086447577912555e-02
1.179000000000000000e+03 1.499358521156496371e-02
1.180000000000000000e+03 1.490606632367177595e-02
1.181000000000000000e+03 1.481836260632462751e-02
1.182000000000000000e+03 1.473054810084391091e-02
1.183000000000000000e+03 1.464271479125293235e-02
1.184000000000000000e+03 1.455497152443695208e-02
1.185000000000000000e+03 1.446745107079583370e-02
1.186000000000000000e+03 1.438030632762315672e-02
1.187000000000000000e+03 1.429371277031732390e-02
1.188000000000000000e+03 1.420786753438790101e-02
1.189000000000000000e+03 1.412298100063942574e-02
1.190000000000000000e+03 1.403927638065883415e-02
1.191000000000000000e+03 1.395698952688478704e-02
1.192000000000000000e+03 1.387636828647620738e-02
1.193000000000000000e+03 1.379766814856653659e-02
1.194000000000000000e+03 1.372114457741352087e-02
1.195000000000000000e+03 1.364705269623722392e-02
1.196000000000000000e+03 1.357564586226060743e-02
1.197000000000000000e+03 1.350717328620013556e-02
1.198000000000000000e+03 1.344188142013803822e-02
1.199000000000000000e+03 1.338001018102345611e-02
1.200000000000000000e+03 1.332178645914808973e-02
1.201000000000000000e+03 1.326742689052975641e-02
1.202000000000000000e+03 1.321713429038019576e-02
1.203000000000000000e+03 1.317109966270600327e-02
1.204000000000000000e+03 1.312950123393591406e-02
1.205000000000000000e+03 1.309250222701574887e-02
1.206000000000000000e+03 1.306025074924938370e-02
1.207000000000000000e+03 1.303288384037686390e-02
1.208000000000000000e+03 1.301051923448654987e-02
1.209000000000000000e+03 1.299325658838134702e-02
1.210000000000000000e+03 1.298117577425653840e-02
1.211000000000000000e+03 1.297433403661202300e-02
1.212000000000000000e+03 1.297276660981300581e-02
1.213000000000000000e+03 1.297648493127171246e-02
1.214000000000000000e+03 1.298547437669851472e-02
1.215000000000000000e+03 1.299969360466384297e-02
1.216000000000000000e+03 1.301907554071716350e-02
1.217000000000000000e+03 1.304352371626346305e-02
1.218000000000000000e+03 1.307291321854352206e-02
1.219000000000000000e+03 1.310709008013346069e-02
1.220000000000000000e+03 1.314587179782872838e-02
1.221000000000000000e+03 1.318904942820941714e-02
1.222000000000000000e+03 1.323638645350167474e-02
1.223000000000000000e+03 1.328761957683422500e-02
1.224000000000000000e+03 1.334246236367366695e-02
1.225000000000000000e+03 1.340060053102559885e-02
1.226000000000000000e+03 1.346169655356262151e-02
1.227000000000000000e+03 1.352539628658595144e-02
1.228000000000000000e+03 1.359133005185331547e-02
1.229000000000000000e+03 1.365911574291220169e-02
1.230000000000000000e+03 1.372836178394799822e-02
1.231000000000000000e+03 1.379867160968563378e-02
1.232000000000000000e+03 1.386964612146645258e-02
1.233000000000000000e+03 1.394088783074887150e-02
1.234000000000000000e+03 1.401200655516178506e-02
1.235000000000000000e+03 1.408262247911146181e-02
1.236000000000000000e+03 1.415237303379573292e-02
1.237000000000000000e+03 1.422091269554990114e-02
1.238000000000000000e+03 1.428791172347049568e-02
1.239000000000000000e+03 1.435306005109569447e-02
1.240000000000000000e+03 1.441607362734422144e-02
1.241000000000000000e+03 1.447669154340471692e-02
1.242000000000000000e+03 1.453467625759967408e-02
1.243000000000000000e+03 1.458981409812287570e-02
1.244000000000000000e+03 1.464191816506752071e-02
1.245000000000000000e+03 1.469082774485592525e-02
1.246000000000000000e+03 1.473640163782827250e-02
1.247000000000000000e+03 1.477851756714855871e-02
1.248000000000000000e+03 1.481707340942767410e-02
1.249000000000000000e+03 1.485198493375310298e-02
1.250000000000000000e+03 1.488318541395096395e-02
1.251000000000000000e+03 1.491062295061795946e-02
1.252000000000000000e+03 1.493425753286973905e-02
1.253000000000000000e+03 1.495406196018249194e-02
1.254000000000000000e+03 1.497001543940666701e-02
1.255000000000000000e+03 1.498210247284784830e-02
1.256000000000000000e+03 1.499031473922349256e-02
1.257000000000000000e+03 1.499464731557406671e-02
1.258000000000000000e+03 1.499510061778738801e-02
1.259000000000000000e+03 1.499167956549322077e-02
1.260000000000000000e+03 1.498438719905088867e-02
1.261000000000000000e+03 1.497322795441824103e-02
1.262000000000000000e+03 1.495820853221851640e-02
1.263000000000000000e+03 1.493933730736575830e-02
1.264000000000000000e+03 1.491662134327197131e-02
1.265000000000000000e+03 1.489007290893577980e-02
1.266000000000000000e+03 1.485970428668133628e-02
1.267000000000000000e+03 1.482552940611801123e-02
1.268000000000000000e+03 1.478756822814789908e-02
1.269000000000000000e+03 1.474584506539741019e-02
1.270000000000000000e+03 1.470039294810614704e-02
1.271000000000000000e+03 1.465124919016902970e-02
1.272000000000000000e+03 1.459845468451441419e-02
1.273000000000000000e+03 1.454205830227783998e-02
1.274000000000000000e+03 1.448211388981277513e-02
1.275000000000000000e+03 1.441868357951493068e-02
1.276000000000000000e+03 1.435183862194352490e-02
1.277000000000000000e+03 1.428165861860482451e-02
1.278000000000000000e+03 1.420823117083965664e-02
1.279000000000000000e+03 1.413165499447560820e-02
1.280000000000000000e+03 1.405204266100141056e-02
1.281000000000000000e+03 1.396952538466188394e-02
1.282000000000000000e+03 1.388425456491612295e-02
1.283000000000000000e+03 1.379640256917029351e-02
1.284000000000000000e+03 1.370616908601788621e-02
1.285000000000000000e+03 1.361377989824493623e-02
1.286000000000000000e+03 1.351948926648592446e-02
1.287000000000000000e+03 1.342358651934965653e-02
1.288000000000000000e+03 1.332639369305114313e-02
1.289000000000000000e+03 1.322826818064453194e-02
1.290000000000000000e+03 1.312960500923238648e-02
1.291000000000000000e+03 1.303083235656257027e-02
1.292000000000000000e+03 1.293241035362288800e-02
1.293000000000000000e+03 1.283482725121571841e-02
1.294000000000000000e+03 1.273859395757422769e-02
1.295000000000000000e+03 1.264423844596501353e-02
1.296000000000000000e+03 1.255230366621372384e-02
1.297000000000000000e+03 1.246333568692083865e-02
1.298000000000000000e+03 1.237788110555058246e-02
1.299000000000000000e+03 1.229647872548837034e-02
1.300000000000000000e+03 1.221964734738530296e-02
1.301000000000000000e+03 1.214788084236880991e-02
1.302000000000000000e+03 1.208164236362789697e-02
1.303000000000000000e+03 1.202135891745488225e-02
1.304000000000000000e+03 1.196741629540913447e-02
1.305000000000000000e+03 1.192015838942168775e-02
1.306000000000000000e+03 1.187987742677079628e-02
1.307000000000000000e+03 1.184681663948236076e-02
1.308000000000000000e+03 1.182116849828207528e-02
1.309000000000000000e+03 1.180307307378638398e-02
1.310000000000000000e+03 1.179262346519594634e-02
1.311000000000000000e+03 1.178986549800467055e-02
1.312000000000000000e+03 1.179479758815349735e-02
1.313000000000000000e+03 1.180737503398956133e-02
1.314000000000000000e+03 1.182751235786083654e-02
1.315000000000000000e+03 1.185509309922735087e-02
1.316000000000000000e+03 1.188996885931475032e-02
1.317000000000000000e+03 1.193196304736783217e-02
1.318000000000000000e+03 1.198087596785807167e-02
1.319000000000000000e+03 1.203648715186105347e-02
1.320000000000000000e+03 1.209856013328754892e-02
1.321000000000000000e+03 1.216684793440276670e-02
1.322000000000000000e+03 1.224109099779616648e-02
1.323000000000000000e+03 1.232101831849567730e-02
1.324000000000000000e+03 1.240635236698791818e-02
1.325000000000000000e+03 1.249681297588240911e-02
1.326000000000000000e+03 1.259211469828408134e-02
1.327000000000000000e+03 1.269196970435822192e-02
1.328000000000000000e+03 1.279608704061803437e-02
1.329000000000000000e+03 1.290417554018925307e-02
1.330000000000000000e+03 1.301594413039145089e-02
1.331000000000000000e+03 1.313110039970729996e-02
1.332000000000000000e+03 1.324935071156634926e-02
1.333000000000000000e+03 1.337039908854409549e-02
1.334000000000000000e+03 1.349394692608163471e-02
1.335000000000000000e+03 1.361969821851176723e-02
1.336000000000000000e+03 1.374735836748641402e-02
1.337000000000000000e+03 1.387663537015160903e-02
1.338000000000000000e+03 1.400723746529990155e-02
1.339000000000000000e+03 1.413887613457775333e-02
1.340000000000000000e+03 1.427126885615800402e-02
1.341000000000000000e+03 1.440413820277347719e-02
1.342000000000000000e+03 1.453721534394394888e-02
1.343000000000000000e+03 1.467023635497098633e-02
1.344000000000000000e+03 1.480294349074283249e-02
1.345000000000000000e+03 1.493508806005400084e-02
1.346000000000000000e+03 1.506642967946214204e-02
1.347000000000000000e+03 1.519673581249142771e-02
1.348000000000000000e+03 1.532578336205467004e-02
1.349000000000000000e+03 1.545335847416252385e-02
1.350000000000000000e+03 1.557925482729208624e-02
1.351000000000000000e+03 1.570327710667088553e-02
1.352000000000000000e+03 1.582523824109513533e-02
1.353000000000000000e+03 1.594496135458316893e-02
1.354000000000000000e+03 1.606227906564767355e-02
1.355000000000000000e+03 1.617703425342685575e-02
1.356000000000000000e+03 1.628908034270739116e-02
1.357000000000000000e+03 1.639828050053480923e-02
1.358000000000000000e+03 1.650450378437631760e-02
1.359000000000000000e+03 1.660762555176398952e-02
1.360000000000000000e+03 1.670752635242449269e-02
1.361000000000000000e+03 1.680409234974109683e-02
1.362000000000000000e+03 1.689721662869513030e-02
1.363000000000000000e+03 1.698679679981182980e-02
1.364000000000000000e+03 1.707273321990675219e-02
1.365000000000000000e+03 1.715492637132023934e-02
1.366000000000000000e+03 1.723327886629394401e-02
1.367000000000000000e+03 1.730769183265208622e-02
1.368000000000000000e+03 1.737806674750549257e-02
1.369000000000000000e+03 1.744430708856543194e-02
1.370000000000000000e+03 1.750631899998831773e-02
1.371000000000000000e+03 1.756400955791740173e-02
1.372000000000000000e+03 1.761728035808237183e-02
1.373000000000000000e+03 1.766603375891217034e-02
1.374000000000000000e+03 1.771017047405430353e-02
1.375000000000000000e+03 1.774959734558066715e-02
1.376000000000000000e+03 1.778422675613470366e-02
1.377000000000000000e+03 1.781397954734481592e-02
1.378000000000000000e+03 1.783878551432595272e-02
1.379000000000000000e+03 1.785858405036369265e-02
1.380000000000000000e+03 1.787332723510971430e-02
1.381000000000000000e+03 1.788297593543491937e-02
1.382000000000000000e+03 1.788750669633094523e-02
1.383000000000000000e+03 1.788691054735182945e-02
1.384000000000000000e+03 1.788119247383576638e-02
1.385000000000000000e+03 1.787036974136705508e-02
1.386000000000000000e+03 1.785447395805785792e-02
1.387000000000000000e+03 1.783355135480685014e-02
1.388000000000000000e+03 1.780766968893246135e-02
1.389000000000000000e+03 1.777691372292802829e-02
1.390000000000000000e+03 1.774138458645693056e-02
1.391000000000000000e+03 1.770119944238573995e-02
1.392000000000000000e+03 1.765648929893568267e-02
1.393000000000000000e+03 1.760740046588487456e-02
1.394000000000000000e+03 1.755409266391576295e-02
1.395000000000000000e+03 1.749673884152726927e-02
1.396000000000000000e+03 1.743553107666145213e-02
1.397000000000000000e+03 1.737067359059892707e-02
1.398000000000000000e+03 1.730238037565471482e-02
1.399000000000000000e+03 1.723087502906955198e-02
1.400000000000000000e+03 1.715639163864066119e-02
1.401000000000000000e+03 1.707917171635892073e-02
1.402000000000000000e+03 1.699946643145767988e-02
1.403000000000000000e+03 1.691753543627166206e-02
1.404000000000000000e+03 1.683364513959120790e-02
1.405000000000000000e+03 1.674807043690384328e-02
1.406000000000000000e+03 1.666109152558221951e-02
1.407000000000000000e+03 1.657299567169271542e-02
1.408000000000000000e+03 1.648407321230605307e-02
1.409000000000000000e+03 1.639461772942068032e-02
1.410000000000000000e+03 1.630492587834162302e-02
1.411000000000000000e+03 1.621529576316794660e-02
1.412000000000000000e+03 1.612602607365759208e-02
1.413000000000000000e+03 1.603741150205765381e-02
1.414000000000000000e+03 1.594974098122695083e-02
1.415000000000000000e+03 1.586329274759552821e-02
1.416000000000000000e+03 1.577833555536859583e-02
1.417000000000000000e+03 1.569512514364065914e-02
1.418000000000000000e+03 1.561389999142877294e-02
1.419000000000000000e+03 1.553488077475252173e-02
1.420000000000000000e+03 1.545827133633657924e-02
1.421000000000000000e+03 1.538425555488219867e-02
1.422000000000000000e+03 1.531299599376116649e-02
1.423000000000000000e+03 1.524463301846327307e-02
1.424000000000000000e+03 1.517928113166909510e-02
1.425000000000000000e+03 1.511703368969402952e-02
1.426000000000000000e+03 1.505796533782804633e-02
1.427000000000000000e+03 1.500213161580291055e-02
1.428000000000000000e+03 1.494956741906619709e-02
1.429000000000000000e+03 1.490028792293564275e-02
1.430000000000000000e+03 1.485429041836463723e-02
1.431000000000000000e+03 1.481155472420125734e-02
1.432000000000000000e+03 1.477204521146826925e-02
1.433000000000000000e+03 1.473570808739791890e-02
1.434000000000000000e+03 1.470247993433982520e-02
1.435000000000000000e+03 1.467228440096343331e-02
1.436000000000000000e+03 1.464503556840341704e-02
1.437000000000000000e+03 1.462063631878467163e-02
1.438000000000000000e+03 1.459897926862871106e-02
1.439000000000000000e+03 1.457994888123981085e-02
1.440000000000000000e+03 1.456342341068047469e-02
1.441000000000000000e+03 1.454927356457943674e-02
1.442000000000000000e+03 1.453736583562407689e-02
1.443000000000000000e+03 1.452756378203333074e-02
1.444000000000000000e+03 1.451972208688166732e-02
1.445000000000000000e+03 1.451368990896439830e-02
1.446000000000000000e+03 1.450931368577395436e-02
1.447000000000000000e+03 1.450643866272224858e-02
1.448000000000000000e+03 1.450490647177010359e-02
1.449000000000000000e+03 1.450455676975008837e-02
1.450000000000000000e+03 1.450522615477850899e-02
1.451000000000000000e+03 1.450675060087260916e-02
1.452000000000000000e+03 1.450896432234068112e-02
1.453000000000000000e+03 1.451170365101583232e-02
1.454000000000000000e+03 1.451480916470644818e-02
1.455000000000000000e+03 1.451812466027709199e-02
1.456000000000000000e+03 1.452149728059302231e-02
1.457000000000000000e+03 1.452478037582106626e-02
1.458000000000000000e+03 1.452783775324895457e-02
1.459000000000000000e+03 1.453054132867251554e-02
1.460000000000000000e+03 1.453277124343006245e-02
1.461000000000000000e+03 1.453441988579114857e-02
1.462000000000000000e+03 1.453538940537929015e-02
1.463000000000000000e+03 1.453559457723771486e-02
1.464000000000000000e+03 1.453496540608806113e-02
1.465000000000000000e+03 1.453344801723438495e-02
1.466000000000000000e+03 1.453100243206411485e-02
1.467000000000000000e+03 1.452760313105410511e-02
1.468000000000000000e+03 1.452324133594326203e-02
1.469000000000000000e+03 1.451792044220258718e-02
1.470000000000000000e+03 1.451165985834805897e-02
1.471000000000000000e+03 1.450449555722336040e-02
1.472000000000000000e+03 1.449647533238685067e-02
1.473000000000000000e+03 1.448765419115828970e-02
1.474000000000000000e+03 1.447809905931992172e-02
1.475000000000000000e+03 1.446787815497124763e-02
1.476000000000000000e+03 1.445705909585424422e-02
1.477000000000000000e+03 1.444570866919877086e-02
1.478000000000000000e+03 1.443389307863202423e-02
1.479000000000000000e+03 1.442166945148926592e-02
1.480000000000000000e+03 1.440908351131447822e-02
1.481000000000000000e+03 1.439617035276863355e-02
1.482000000000000000e+03 1.438295396898790421e-02
1.483000000000000000e+03 1.436944599273819873e-02
1.484000000000000000e+03 1.435564578638016259e-02
1.485000000000000000e+03 1.434153778356112019e-02
1.486000000000000000e+03 1.432709655031379377e-02
1.487000000000000000e+03 1.431228376609766303e-02
1.488000000000000000e+03 1.429705496375744365e-02
1.489000000000000000e+03 1.428135698880382554e-02
1.490000000000000000e+03 1.426512884092472760e-02
1.491000000000000000e+03 1.424830909124635142e-02
1.492000000000000000e+03 1.423083408942447600e-02
1.493000000000000000e+03 1.421264321271152771e-02
1.494000000000000000e+03 1.419367840398165666e-02
1.495000000000000000e+03 1.417388676545208726e-02
1.496000000000000000e+03 1.415322017821179189e-02
1.497000000000000000e+03 1.413163912156894381e-02
1.498000000000000000e+03 1.410911138815097894e-02
1.499000000000000000e+03 1.408561324530152592e-02
1.500000000000000000e+03 1.406113097838036091e-02
1.501000000000000000e+03 1.403565879072639008e-02
1.502000000000000000e+03 1.400919883906789204e-02
1.503000000000000000e+03 1.398176534833002471e-02
1.504000000000000000e+03 1.395338249536369479e-02
1.505000000000000000e+03 1.392408424052832792e-02
1.506000000000000000e+03 1.389391015470234012e-02
1.507000000000000000e+03 1.386291056199057646e-02
1.508000000000000000e+03 1.383114708178236237e-02
1.509000000000000000e+03 1.379869235978175082e-02
1.510000000000000000e+03 1.376563153565456450e-02
1.511000000000000000e+03 1.373206234181102194e-02
1.512000000000000000e+03 1.369809138123540861e-02
1.513000000000000000e+03 1.366383519089503507e-02
1.514000000000000000e+03 1.362941918866252509e-02
1.515000000000000000e+03 1.359497419760300613e-02
1.516000000000000000e+03 1.356063879338659933e-02
1.517000000000000000e+03 1.352656171296182444e-02
1.518000000000000000e+03 1.349289708790283801e-02
1.519000000000000000e+03 1.345980398863259875e-02
1.520000000000000000e+03 1.342744332622894735e-02
1.521000000000000000e+03 1.339597047107139033e-02
1.522000000000000000e+03 1.336553961750210420e-02
1.523000000000000000e+03 1.333629799050981349e-02
1.524000000000000000e+03 1.330838244231280845e-02
1.525000000000000000e+03 1.328191793892896481e-02
1.526000000000000000e+03 1.325701256211183829e-02
1.527000000000000000e+03 1.323375717446228887e-02
1.528000000000000000e+03 1.321222471119050910e-02
1.529000000000000000e+03 1.319246123024523515e-02
1.530000000000000000e+03 1.317448537596738189e-02
1.531000000000000000e+03 1.315829025746957648e-02
1.532000000000000000e+03 1.314384220735330226e-02
1.533000000000000000e+03 1.313107457832844022e-02
1.534000000000000000e+03 1.311989406093396447e-02
1.535000000000000000e+03 1.311018324915696684e-02
1.536000000000000000e+03 1.310179762547823701e-02
1.537000000000000000e+03 1.309457637326127792e-02
1.538000000000000000e+03 1.308834298335486562e-02
1.539000000000000000e+03 1.308290393464305729e-02
1.540000000000000000e+03 1.307806117109861117e-02
1.541000000000000000e+03 1.307361329903705509e-02
1.542000000000000000e+03 1.306936026701190599e-02
1.543000000000000000e+03 1.306510962564450679e-02
1.544000000000000000e+03 1.306067705375954166e-02
1.545000000000000000e+03 1.305589479404810523e-02
1.546000000000000000e+03 1.305061470081473468e-02
1.547000000000000000e+03 1.304471184498597232e-02
1.548000000000000000e+03 1.303808466093127338e-02
1.549000000000000000e+03 1.303065773461098940e-02
1.550000000000000000e+03 1.302238248936732692e-02
1.551000000000000000e+03 1.301323579583040478e-02
1.552000000000000000e+03 1.300322472276664414e-02
1.553000000000000000e+03 1.299238417078405622e-02
1.554000000000000000e+03 1.298077250526144533e-02
1.555000000000000000e+03 1.296846932994660112e-02
1.556000000000000000e+03 1.295557126729797101e-02
1.557000000000000000e+03 1.294218993850239016e-02
1.558000000000000000e+03 1.292844657990089435e-02
1.559000000000000000e+03 1.291446940706479120e-02
1.560000000000000000e+03 1.290039184500009310e-02
1.561000000000000000e+03 1.288634815359315094e-02
1.562000000000000000e+03 1.287246984838731623e-02
1.563000000000000000e+03 1.285888229741580062e-02
1.564000000000000000e+03 1.284570448257470882e-02
1.565000000000000000e+03 1.283304863315749139e-02
1.566000000000000000e+03 1.282101568626493188e-02
1.567000000000000000e+03 1.280969506251073559e-02
1.568000000000000000e+03 1.279916636546213696e-02
1.569000000000000000e+03 1.278949655286603510e-02
1.570000000000000000e+03 1.278074131863119259e-02
1.571000000000000000e+03 1.277294338601771967e-02
1.572000000000000000e+03 1.276614014491154331e-02
1.573000000000000000e+03 1.276035662141166045e-02
1.574000000000000000e+03 1.275560795712248063e-02
1.575000000000000000e+03 1.275190349404956708e-02
1.576000000000000000e+03 1.274924654955839759e-02
1.577000000000000000e+03 1.274763614624089929e-02
1.578000000000000000e+03 1.274706868751358801e-02
1.579000000000000000e+03 1.274753619405943027e-02
1.580000000000000000e+03 1.274903061153815492e-02
1.581000000000000000e+03 1.275154625029185050e-02
1.582000000000000000e+03 1.275507757290823135e-02
1.583000000000000000e+03 1.275962565769130433e-02
1.584000000000000000e+03 1.276519237892068809e-02
1.585000000000000000e+03 1.277177859867352494e-02
1.586000000000000000e+03 1.277938849349419606e-02
1.587000000000000000e+03 1.278803085873958176e-02
1.588000000000000000e+03 1.279772173194271279e-02
1.589000000000000000e+03 1.280848111547885915e-02
1.590000000000000000e+03 1.282033184269422074e-02
1.591000000000000000e+03 1.283330313387647838e-02
1.592000000000000000e+03 1.284743002483102955e-02
1.593000000000000000e+03 1.286275116429638765e-02
1.594000000000000000e+03 1.287931029729363387e-02
1.595000000000000000e+03 1.289715517082097238e-02
1.596000000000000000e+03 1.291633845068975925e-02
1.597000000000000000e+03 1.293691555622678881e-02
1.598000000000000000e+03 1.295894534144841070e-02
1.599000000000000000e+03 1.298249224679228452e-02
1.600000000000000000e+03 1.300762339841384126e-02
1.601000000000000000e+03 1.303441024370749837e-02
1.602000000000000000e+03 1.306292844950464674e-02
1.603000000000000000e+03 1.309325268633752815e-02
1.604000000000000000e+03 1.312545882125619283e-02
1.605000000000000000e+03 1.315962328176830190e-02
1.606000000000000000e+03 1.319582029970191306e-02
1.607000000000000000e+03 1.323412089128595676e-02
1.608000000000000000e+03 1.327458653548404567e-02
1.609000000000000000e+03 1.331726916360129187e-02
1.610000000000000000e+03 1.336220704215685187e-02
1.611000000000000000e+03 1.340942414585459194e-02
1.612000000000000000e+03 1.345892657601052526e-02
1.613000000000000000e+03 1.351069999246475896e-02
1.614000000000000000e+03 1.356471095469020602e-02
1.615000000000000000e+03 1.362090434876035011e-02
1.616000000000000000e+03 1.367920110585219007e-02
1.617000000000000000e+03 1.373950018756279513e-02
1.618000000000000000e+03 1.380167999918620499e-02
1.619000000000000000e+03 1.386560181018563903e-02
1.620000000000000000e+03 1.393110775514304865e-02
1.621000000000000000e+03 1.399802510672116043e-02
1.622000000000000000e+03 1.406617134685290635e-02
1.623000000000000000e+03 1.413535355610115278e-02
1.624000000000000000e+03 1.420537189513059254e-02
1.625000000000000000e+03 1.427602786874719067e-02
1.626000000000000000e+03 1.434712559404620509e-02
1.627000000000000000e+03 1.441847554521809988e-02
1.628000000000000000e+03 1.448989656818654506e-02
1.629000000000000000e+03 1.456121555235641990e-02
1.630000000000000000e+03 1.463227009252921450e-02
1.631000000000000000e+03 1.470291592215952452e-02
1.632000000000000000e+03 1.477302295763388042e-02
1.633000000000000000e+03 1.484247753997510431e-02
1.634000000000000000e+03 1.491118391026303308e-02
1.635000000000000000e+03 1.497906524702705133e-02
1.636000000000000000e+03 1.504606271187926107e-02
1.637000000000000000e+03 1.511213229216946084e-02
1.638000000000000000e+03 1.517724580321176513e-02
1.639000000000000000e+03 1.524138833670616276e-02
1.640000000000000000e+03 1.530455842457528748e-02
1.641000000000000000e+03 1.536676558646067961e-02
1.642000000000000000e+03 1.542802876146816618e-02
1.643000000000000000e+03 1.548837836026107154e-02
1.644000000000000000e+03 1.554785348529766700e-02
1.645000000000000000e+03 1.560649755472216446e-02
1.646000000000000000e+03 1.566435149982969149e-02
1.647000000000000000e+03 1.572145475193701541e-02
1.648000000000000000e+03 1.577785132577280702e-02
1.649000000000000000e+03 1.583358528698122422e-02
1.650000000000000000e+03 1.588869806118209382e-02
1.651000000000000000e+03 1.594322696461415723e-02
1.652000000000000000e+03 1.599720792859449237e-02
1.653000000000000000e+03 1.605067206499696114e-02
1.654000000000000000e+03 1.610364483455552220e-02
1.655000000000000000e+03 1.615614199364278844e-02
1.656000000000000000e+03 1.620817056863505662e-02
1.657000000000000000e+03 1.625972950184783813e-02
1.658000000000000000e+03 1.631081304980436242e-02
1.659000000000000000e+03 1.636140641588117173e-02
1.660000000000000000e+03 1.641148774240548669e-02
1.661000000000000000e+03 1.646102478155818047e-02
1.662000000000000000e+03 1.650997441632321566e-02
1.663000000000000000e+03 1.655828965292930471e-02
1.664000000000000000e+03 1.660591853765391868e-02
1.665000000000000000e+03 1.665279966480086304e-02
1.666000000000000000e+03 1.669886583579551290e-02
1.667000000000000000e+03 1.674404813157354122e-02
1.668000000000000000e+03 1.678827718249804868e-02
1.669000000000000000e+03 1.683148398699640946e-02
1.670000000000000000e+03 1.687360286955070371e-02
1.671000000000000000e+03 1.691457307177404376e-02
1.672000000000000000e+03 1.695433965792214961e-02
1.673000000000000000e+03 1.699285536010382291e-02
1.674000000000000000e+03 1.703008242844810186e-02
1.675000000000000000e+03 1.706599569156525692e-02
1.676000000000000000e+03 1.710058206977615319e-02
1.677000000000000000e+03 1.713384015327741247e-02
1.678000000000000000e+03 1.716578096190853400e-02
1.679000000000000000e+03 1.719642850758215658e-02
1.680000000000000000e+03 1.722582079245490658e-02
1.681000000000000000e+03 1.725400593862391752e-02
1.682000000000000000e+03 1.728104001432797729e-02
1.683000000000000000e+03 1.730698857494908718e-02
1.684000000000000000e+03 1.733192078874162476e-02
1.685000000000000000e+03 1.735591041733281631e-02
1.686000000000000000e+03 1.737903419050199766e-02
1.687000000000000000e+03 1.740136807422401968e-02
1.688000000000000000e+03 1.742298315030518102e-02
1.689000000000000000e+03 1.744394614950102104e-02
1.690000000000000000e+03 1.746431150066490856e-02
1.691000000000000000e+03 1.748412602882059436e-02
1.692000000000000000e+03 1.750342344161612274e-02
1.693000000000000000e+03 1.752221724174722606e-02
1.694000000000000000e+03 1.754050632933132695e-02
1.695000000000000000e+03 1.755826963344668534e-02
1.696000000000000000e+03 1.757547138351404914e-02
1.697000000000000000e+03 1.759205885992045498e-02
1.698000000000000000e+03 1.760796224194175613e-02
1.699000000000000000e+03 1.762309786024204850e-02
1.700000000000000000e+03 1.763736849159126124e-02
1.701000000000000000e+03 1.765066045071333328e-02
1.702000000000000000e+03 1.766285104896967578e-02
1.703000000000000000e+03 1.767381029872381118e-02
1.704000000000000000e+03 1.768340263464911882e-02
1.705000000000000000e+03 1.769148940490618965e-02
1.706000000000000000e+03 1.769793125537836784e-02
1.707000000000000000e+03 1.770259173719358065e-02
1.708000000000000000e+03 1.770533646200273328e-02
1.709000000000000000e+03 1.770603645968527387e-02
1.710000000000000000e+03 1.770457119173744764e-02
1.711000000000000000e+03 1.770083239369608930e-02
1.712000000000000000e+03 1.769471967604501622e-02
1.713000000000000000e+03 1.768614236983917856e-02
1.714000000000000000e+03 1.767501955680337786e-02
1.715000000000000000e+03 1.766128069569147460e-02
1.716000000000000000e+03 1.764486893974978252e-02
1.717000000000000000e+03 1.762573622478905838e-02
1.718000000000000000e+03 1.760384466710989554e-02
1.719000000000000000e+03 1.757916640177437095e-02
1.720000000000000000e+03 1.755167976320395895e-02
1.721000000000000000e+03 1.752136934390169723e-02
1.722000000000000000e+03 1.748822630586987364e-02
1.723000000000000000e+03 1.745224892901131586e-02
1.724000000000000000e+03 1.741343904243006224e-02
1.725000000000000000e+03 1.737180121646201419e-02
1.726000000000000000e+03 1.732733976112053181e-02
1.727000000000000000e+03 1.728006024511109795e-02
1.728000000000000000e+03 1.722996746546994265e-02
1.729000000000000000e+03 1.717706994142494115e-02
1.730000000000000000e+03 1.712137391940193876e-02
1.731000000000000000e+03 1.706288485405254088e-02
1.732000000000000000e+03 1.700160925518965499e-02
1.733000000000000000e+03 1.693755405435254380e-02
1.734000000000000000e+03 1.687072291827261539e-02
1.735000000000000000e+03 1.680111757015649576e-02
1.736000000000000000e+03 1.672874182390214626e-02
1.737000000000000000e+03 1.665360358739870900e-02
1.738000000000000000e+03 1.657571604834348622e-02
1.739000000000000000e+03 1.649509606107619000e-02
1.740000000000000000e+03 1.641176466051737920e-02
1.741000000000000000e+03 1.632574827197409012e-02
1.742000000000000000e+03 1.623708574117350631e-02
1.743000000000000000e+03 1.614581936381942126e-02
1.744000000000000000e+03 1.605199704066291588e-02
1.745000000000000000e+03 1.595567996422215390e-02
1.746000000000000000e+03 1.585694117253834759e-02
1.747000000000000000e+03 1.575586180888859100e-02
1.748000000000000000e+03 1.565253727054205166e-02
1.749000000000000000e+03 1.554707864945881549e-02
1.750000000000000000e+03 1.543960975403521618e-02
1.751000000000000000e+03 1.533026529114311746e-02
1.752000000000000000e+03 1.521919726565868630e-02
1.753000000000000000e+03 1.510656904491932892e-02
1.754000000000000000e+03 1.499255852593681625e-02
1.755000000000000000e+03 1.487735886416267223e-02
1.756000000000000000e+03 1.476117271758505510e-02
1.757000000000000000e+03 1.464421439163878999e-02
1.758000000000000000e+03 1.452670494494029754e-02
1.759000000000000000e+03 1.440887253843655368e-02
1.760000000000000000e+03 1.429095130838495611e-02
1.761000000000000000e+03 1.417317699142367667e-02
1.762000000000000000e+03 1.405578722109164513e-02
1.763000000000000000e+03 1.393901675979142794e-02
1.764000000000000000e+03 1.382309309393843673e-02
1.765000000000000000e+03 1.370824068711785741e-02
1.766000000000000000e+03 1.359467823413701426e-02
1.767000000000000000e+03 1.348261523232405223e-02
1.768000000000000000e+03 1.337225375000872588e-02
1.769000000000000000e+03 1.326378793822307299e-02
1.770000000000000000e+03 1.315740257097129835e-02
1.771000000000000000e+03 1.305327352946037724e-02
1.772000000000000000e+03 1.295156716110572315e-02
1.773000000000000000e+03 1.285244179077304691e-02
1.774000000000000000e+03 1.275604529639005544e-02
1.775000000000000000e+03 1.266251311831733534e-02
1.776000000000000000e+03 1.257196893805479117e-02
1.777000000000000000e+03 1.248452648503978885e-02
1.778000000000000000e+03 1.240028622915699194e-02
1.779000000000000000e+03 1.231933419320483183e-02
1.780000000000000000e+03 1.224174483864528054e-02
1.781000000000000000e+03 1.216757805037770208e-02
1.782000000000000000e+03 1.209687956896250347e-02
1.783000000000000000e+03 1.202968204126078286e-02
1.784000000000000000e+03 1.196600717816011239e-02
1.785000000000000000e+03 1.190586543806928035e-02
1.786000000000000000e+03 1.184925647145824990e-02
1.787000000000000000e+03 1.179617051195012631e-02
1.788000000000000000e+03 1.174659057179111912e-02
1.789000000000000000e+03 1.170049456619754596e-02
1.790000000000000000e+03 1.165786047836287094e-02
1.791000000000000000e+03 1.161866736125125900e-02
1.792000000000000000e+03 1.158289767473838494e-02
1.793000000000000000e+03 1.155054136124537140e-02
1.794000000000000000e+03 1.152159581284457543e-02
1.795000000000000000e+03 1.149606880353530765e-02
1.796000000000000000e+03 1.147398387838718253e-02
1.797000000000000000e+03 1.145537775613436442e-02
1.798000000000000000e+03 1.144030276961688353e-02
1.799000000000000000e+03 1.142882569671829079e-02
1.800000000000000000e+03 1.142102994092948284e-02
1.801000000000000000e+03 1.141701496830102233e-02
1.802000000000000000e+03 1.141689208690935611e-02
1.803000000000000000e+03 1.142078182205986774e-02
1.804000000000000000e+03 1.142880853307193419e-02
1.805000000000000000e+03 1.144109745628288724e-02
1.806000000000000000e+03 1.145777287344918252e-02
1.807000000000000000e+03 1.147895107315786284e-02
1.808000000000000000e+03 1.150473873345174598e-02
1.809000000000000000e+03 1.153522511930499782e-02
1.810000000000000000e+03 1.157048131186155446e-02
1.811000000000000000e+03 1.161055249971878686e-02
1.812000000000000000e+03 1.165545595290616056e-02
1.813000000000000000e+03 1.170517718797999679e-02
1.814000000000000000e+03 1.175966396608038242e-02
1.815000000000000000e+03 1.181882964140907460e-02
1.816000000000000000e+03 1.188254901586015613e-02
1.817000000000000000e+03 1.195065767434852315e-02
1.818000000000000000e+03 1.202295764778836366e-02
1.819000000000000000e+03 1.209921569523227103e-02
1.820000000000000000e+03 1.217916230370293638e-02
1.821000000000000000e+03 1.226249379814740859e-02
1.822000000000000000e+03 1.234887723663279438e-02
1.823000000000000000e+03 1.243795619809746726e-02
1.824000000000000000e+03 1.252935031696415791e-02
1.825000000000000000e+03 1.262266039576576473e-02
1.826000000000000000e+03 1.271747245663489359e-02
1.827000000000000000e+03 1.281336424445151528e-02
1.828000000000000000e+03 1.290990531832863358e-02
1.829000000000000000e+03 1.300666314036970361e-02
1.830000000000000000e+03 1.310320923436613522e-02
1.831000000000000000e+03 1.319912150022994543e-02
1.832000000000000000e+03 1.329398587453421016e-02
1.833000000000000000e+03 1.338740585129238186e-02
1.834000000000000000e+03 1.347900474051707924e-02
1.835000000000000000e+03 1.356842363826104257e-02
1.836000000000000000e+03 1.365532799115692746e-02
1.837000000000000000e+03 1.373940924953316947e-02
1.838000000000000000e+03 1.382038568019099307e-02
1.839000000000000000e+03 1.389800458757785989e-02
1.840000000000000000e+03 1.397204429741428881e-02
1.841000000000000000e+03 1.404231953628392801e-02
1.842000000000000000e+03 1.410867361961558146e-02
1.843000000000000000e+03 1.417098143611547276e-02
1.844000000000000000e+03 1.422915342467240968e-02
1.845000000000000000e+03 1.428313337429914544e-02
1.846000000000000000e+03 1.433289220384372301e-02
1.847000000000000000e+03 1.437843034827118380e-02
1.848000000000000000e+03 1.441977669059630110e-02
1.849000000000000000e+03 1.445698281102359567e-02
1.850000000000000000e+03 1.449012466652664644e-02
1.851000000000000000e+03 1.451930101218200375e-02
1.852000000000000000e+03 1.454462707368216548e-02
1.853000000000000000e+03 1.456623662667634427e-02
1.854000000000000000e+03 1.458427868210839667e-02
1.855000000000000000e+03 1.459891304493397823e-02
1.856000000000000000e+03 1.461030527839733521e-02
1.857000000000000000e+03 1.461862988199327806e-02
1.858000000000000000e+03 1.462406167008516861e-02
1.859000000000000000e+03 1.462677615458276258e-02
1.860000000000000000e+03 1.462694937505215446e-02
1.861000000000000000e+03 1.462475667998277759e-02
1.862000000000000000e+03 1.462036628847419167e-02
1.863000000000000000e+03 1.461394527701380570e-02
1.864000000000000000e+03 1.460565152640944803e-02
1.865000000000000000e+03 1.459563322876076229e-02
1.866000000000000000e+03 1.458403236718967995e-02
1.867000000000000000e+03 1.457098205345453909e-02
1.868000000000000000e+03 1.455660701430472152e-02
1.869000000000000000e+03 1.454101997052535331e-02
1.870000000000000000e+03 1.452432590347898719e-02
1.871000000000000000e+03 1.450661640036669461e-02
1.872000000000000000e+03 1.448797129137161660e-02
1.873000000000000000e+03 1.446846136117776148e-02
1.874000000000000000e+03 1.444814587068522088e-02
1.875000000000000000e+03 1.442707407386276813e-02
1.876000000000000000e+03 1.440528798467818200e-02
1.877000000000000000e+03 1.438282067161425655e-02
1.878000000000000000e+03 1.435969683375451153e-02
1.879000000000000000e+03 1.433593295574664243e-02
1.880000000000000000e+03 1.431153602286851234e-02
1.881000000000000000e+03 1.428651039345110035e-02
1.882000000000000000e+03 1.426086218906482198e-02
1.883000000000000000e+03 1.423459675675695438e-02
1.884000000000000000e+03 1.420772423694887515e-02
1.885000000000000000e+03 1.418025799326039921e-02
1.886000000000000000e+03 1.415221896669507755e-02
1.887000000000000000e+03 1.412363774302679426e-02
1.888000000000000000e+03 1.409455521628755897e-02
1.889000000000000000e+03 1.406502903629046515e-02
1.890000000000000000e+03 1.403513060846795293e-02
1.891000000000000000e+03 1.400494657789927433e-02
1.892000000000000000e+03 1.397458745925767368e-02
1.893000000000000000e+03 1.394418392976429222e-02
1.894000000000000000e+03 1.391388626267913917e-02
1.895000000000000000e+03 1.388386160754870487e-02
1.896000000000000000e+03 1.385429289449389631e-02
1.897000000000000000e+03 1.382537780196842897e-02
1.898000000000000000e+03 1.379732424381636610e-02
1.899000000000000000e+03 1.377034970795903458e-02
1.900000000000000000e+03 1.374467695145628089e-02
1.901000000000000000e+03 1.372052752092483077e-02
1.902000000000000000e+03 1.369812021954255020e-02
1.903000000000000000e+03 1.367766527197710608e-02
1.904000000000000000e+03 1.365936413391446308e-02
1.905000000000000000e+03 1.364340296875018142e-02
1.906000000000000000e+03 1.362994967757520312e-02
1.907000000000000000e+03 1.361914826851153351e-02
1.908000000000000000e+03 1.361111604149593118e-02
1.909000000000000000e+03 1.360594825276734143e-02
1.910000000000000000e+03 1.360371638251895061e-02
1.911000000000000000e+03 1.360446519991657249e-02
1.912000000000000000e+03 1.360821415808522242e-02
1.913000000000000000e+03 1.361496171455825466e-02
1.914000000000000000e+03 1.362468228226565957e-02
1.915000000000000000e+03 1.363733102193800777e-02
1.916000000000000000e+03 1.365284692079056159e-02
1.917000000000000000e+03 1.367115520178204327e-02
1.918000000000000000e+03 1.369217170776658790e-02
1.919000000000000000e+03 1.371580575793910836e-02
1.920000000000000000e+03 1.374196046920270198e-02
1.921000000000000000e+03 1.377053933843935644e-02
1.922000000000000000e+03 1.380144840945397855e-02
1.923000000000000000e+03 1.383459787507396177e-02
1.924000000000000000e+03 1.386990713403410749e-02
1.925000000000000000e+03 1.390730162981640428e-02
1.926000000000000000e+03 1.394671543360555613e-02
1.927000000000000000e+03 1.398809340445295209e-02
1.928000000000000000e+03 1.403139122646629433e-02
1.929000000000000000e+03 1.407657349162621217e-02
1.930000000000000000e+03 1.412361527584639169e-02
1.931000000000000000e+03 1.417250235474135089e-02
1.932000000000000000e+03 1.422322526408489191e-02
1.933000000000000000e+03 1.427577663686873527e-02
1.934000000000000000e+03 1.433014821430463569e-02
1.935000000000000000e+03 1.438633484231809263e-02
1.936000000000000000e+03 1.444432607957464587e-02
1.937000000000000000e+03 1.450410071225277479e-02
1.938000000000000000e+03 1.456562380314715965e-02
1.939000000000000000e+03 1.462884735124517395e-02
1.940000000000000000e+03 1.469370342054210007e-02
1.941000000000000000e+03 1.476010416048821952e-02
1.942000000000000000e+03 1.482794098801066759e-02
1.943000000000000000e+03 1.489708044471988943e-02
1.944000000000000000e+03 1.496736347568468871e-02
1.945000000000000000e+03 1.503861043336032419e-02
1.946000000000000000e+03 1.511061665251461905e-02
1.947000000000000000e+03 1.518315894681272760e-02
1.948000000000000000e+03 1.525599496950217140e-02
1.949000000000000000e+03 1.532886551149447926e-02
1.950000000000000000e+03 1.540150190103274294e-02
1.951000000000000000e+03 1.547362918814072438e-02
1.952000000000000000e+03 1.554497492640376927e-02
1.953000000000000000e+03 1.561527385715789397e-02
1.954000000000000000e+03 1.568426808221365376e-02
1.955000000000000000e+03 1.575171688226762248e-02
1.956000000000000000e+03 1.581740306017430375e-02
1.957000000000000000e+03 1.588113688005573024e-02
1.958000000000000000e+03 1.594276430014281154e-02
1.959000000000000000e+03 1.600216422700532354e-02
1.960000000000000000e+03 1.605925165914580399e-02
1.961000000000000000e+03 1.611398085393701135e-02
1.962000000000000000e+03 1.616634621802121724e-02
1.963000000000000000e+03 1.621637885144716282e-02
1.964000000000000000e+03 1.626414618447170890e-02
1.965000000000000000e+03 1.630974341748237660e-02
1.966000000000000000e+03 1.635329045054008390e-02
1.967000000000000000e+03 1.639492548903263500e-02
1.968000000000000000e+03 1.643480202040174809e-02
1.969000000000000000e+03 1.647308139202501714e-02
1.970000000000000000e+03 1.650992190221708261e-02
1.971000000000000000e+03 1.654547434469089834e-02
1.972000000000000000e+03 1.657987568965816477e-02
1.973000000000000000e+03 1.661324167937273943e-02
1.974000000000000000e+03 1.664566027413636948e-02
1.975000000000000000e+03 1.667718929404515479e-02
1.976000000000000000e+03 1.670785366197025112e-02
1.977000000000000000e+03 1.673764053554486347e-02
1.978000000000000000e+03 1.676650439600697526e-02
1.979000000000000000e+03 1.679436213900817321e-02
1.980000000000000000e+03 1.682109063592706136e-02
1.981000000000000000e+03 1.684653453945891138e-02
1.982000000000000000e+03 1.687051346230142995e-02
1.983000000000000000e+03 1.689282425458706050e-02
1.984000000000000000e+03 1.691324623014515971e-02
1.985000000000000000e+03 1.693154939051405572e-02
1.986000000000000000e+03 1.694749994899982098e-02
1.987000000000000000e+03 1.696086324865746925e-02
1.988000000000000000e+03 1.697141320339001433e-02
1.989000000000000000e+03 1.697893889604987216e-02
1.990000000000000000e+03 1.698325197091469368e-02
1.991000000000000000e+03 1.698418843682331092e-02
1.992000000000000000e+03 1.698161466560866098e-02
1.993000000000000000e+03 1.697543389976836903e-02
1.994000000000000000e+03 1.696559063563809339e-02
1.995000000000000000e+03 1.695207252411566612e-02
1.996000000000000000e+03 1.693491277219789232e-02
1.997000000000000000e+03 1.691418688628330835e-02
1.998000000000000000e+03 1.689001276919965822e-02
1.999000000000000000e+03 1.686255236046437303e-02
2.000000000000000000e+03 1.683200738436700650e-02
2.001000000000000000e+03 1.679861232616845085e-02
2.002000000000000000e+03 1.676263245919769329e-02
2.003000000000000000e+03 1.672435892174762434e-02
2.004000000000000000e+03 1.668410715402197930e-02
2.005000000000000000e+03 1.664220618384144174e-02
2.006000000000000000e+03 1.659899182499544740e-02
2.007000000000000000e+03 1.655480127111741070e-02
2.008000000000000000e+03 1.650996978958745032e-02
2.009000000000000000e+03 1.646482134547547910e-02
2.010000000000000000e+03 1.641966282164963181e-02
2.011000000000000000e+03 1.637477555207053972e-02
2.012000000000000000e+03 1.633041194975343169e-02
2.013000000000000000e+03 1.628679573558475605e-02
2.014000000000000000e+03 1.624411679287226379e-02
2.015000000000000000e+03 1.620253000932168896e-02
2.016000000000000000e+03 1.616215384438358937e-02
2.017000000000000000e+03 1.612307034718211962e-02
2.018000000000000000e+03 1.608532627209906252e-02
2.019000000000000000e+03 1.604893398489792844e-02
2.020000000000000000e+03 1.601387565385902281e-02
2.021000000000000000e+03 1.598010253383309875e-02
2.022000000000000000e+03 1.594754003310639573e-02
2.023000000000000000e+03 1.591609142635160359e-02
2.024000000000000000e+03 1.588564583543889894e-02
2.025000000000000000e+03 1.585608077529880242e-02
2.026000000000000000e+03 1.582726785738892625e-02
2.027000000000000000e+03 1.579907522612940610e-02
2.028000000000000000e+03 1.577136772376767915e-02
2.029000000000000000e+03 1.574401509689082185e-02
2.030000000000000000e+03 1.571689370295713956e-02
2.031000000000000000e+03 1.568989038327017055e-02
2.032000000000000000e+03 1.566290579698630114e-02
2.033000000000000000e+03 1.563585110738562392e-02
2.034000000000000000e+03 1.560864834604561158e-02
2.035000000000000000e+03 1.558123624927628542e-02
2.036000000000000000e+03 1.555356716050390609e-02
2.037000000000000000e+03 1.552560519094597913e-02
2.038000000000000000e+03 1.549732365223492267e-02
2.039000000000000000e+03 1.546870436919735997e-02
2.040000000000000000e+03 1.543974012732158597e-02
2.041000000000000000e+03 1.541043521347171263e-02
2.042000000000000000e+03 1.538079806971318769e-02
2.043000000000000000e+03 1.535083958537449174e-02
2.044000000000000000e+03 1.532057418093935725e-02
2.045000000000000000e+03 1.529001304710227160e-02
2.046000000000000000e+03 1.525916078361440678e-02
2.047000000000000000e+03 1.522801681864461437e-02
2.048000000000000000e+03 1.519657632160606106e-02
2.049000000000000000e+03 1.516482820507104347e-02
2.050000000000000000e+03 1.513275309014538647e-02
2.051000000000000000e+03 1.510032533706443490e-02
2.052000000000000000e+03 1.506751341076923226e-02
2.053000000000000000e+03 1.503427943701233019e-02
2.054000000000000000e+03 1.500057724824741326e-02
2.055000000000000000e+03 1.496635736841467508e-02
2.056000000000000000e+03 1.493157191112315374e-02
2.057000000000000000e+03 1.489617452204190437e-02
2.058000000000000000e+03 1.486011961455695196e-02
2.059000000000000000e+03 1.482336595972504577e-02
2.060000000000000000e+03 1.478587699541784872e-02
2.061000000000000000e+03 1.474762118019111792e-02
2.062000000000000000e+03 1.470857434122232327e-02
2.063000000000000000e+03 1.466871712911260034e-02
2.064000000000000000e+03 1.462803535885201858e-02
2.065000000000000000e+03 1.458651756237793612e-02
2.066000000000000000e+03 1.454415327743665415e-02
2.067000000000000000e+03 1.450093059641640800e-02
2.068000000000000000e+03 1.445683585976394528e-02
2.069000000000000000e+03 1.441185138470219701e-02
2.070000000000000000e+03 1.436595331550223620e-02
2.071000000000000000e+03 1.431911248217400921e-02
2.072000000000000000e+03 1.427129180056288527e-02
2.073000000000000000e+03 1.422245010049931827e-02
2.074000000000000000e+03 1.417254379593493527e-02
2.075000000000000000e+03 1.412152827849675815e-02
2.076000000000000000e+03 1.406936354467041086e-02
2.077000000000000000e+03 1.401601638435196265e-02
2.078000000000000000e+03 1.396146164124681746e-02
2.079000000000000000e+03 1.390568282662315962e-02
2.080000000000000000e+03 1.384867835067658468e-02
2.081000000000000000e+03 1.379046701303553515e-02
2.082000000000000000e+03 1.373108855391054484e-02
2.083000000000000000e+03 1.367060386393320094e-02
2.084000000000000000e+03 1.360909524013436539e-02
2.085000000000000000e+03 1.354667050738205675e-02
2.086000000000000000e+03 1.348346194063382644e-02
2.087000000000000000e+03 1.341962609947842597e-02
2.088000000000000000e+03 1.335534211018515535e-02
2.089000000000000000e+03 1.329081003366212183e-02
2.090000000000000000e+03 1.322625019493856718e-02
2.091000000000000000e+03 1.316190225686882792e-02
2.092000000000000000e+03 1.309802188842167092e-02
2.093000000000000000e+03 1.303487889653646634e-02
2.094000000000000000e+03 1.297275879156301048e-02
2.095000000000000000e+03 1.291195640466710412e-02
2.096000000000000000e+03 1.285277336268682638e-02
2.097000000000000000e+03 1.279551408962465407e-02
2.098000000000000000e+03 1.274047866938107440e-02
2.099000000000000000e+03 1.268796334459436868e-02
2.100000000000000000e+03 1.263825479443041536e-02
2.101000000000000000e+03 1.259162518070809991e-02
2.102000000000000000e+03 1.254832737002229727e-02
2.103000000000000000e+03 1.250859073890813258e-02
2.104000000000000000e+03 1.247261490476875810e-02
2.105000000000000000e+03 1.244056641769952093e-02
2.106000000000000000e+03 1.241257695191406649e-02
2.107000000000000000e+03 1.238873733384834343e-02
2.108000000000000000e+03 1.236909679044672500e-02
2.109000000000000000e+03 1.235366327494812240e-02
2.110000000000000000e+03 1.234240037471943593e-02
2.111000000000000000e+03 1.233523016185711710e-02
2.112000000000000000e+03 1.233203093004225058e-02
2.113000000000000000e+03 1.233264437127336126e-02
2.114000000000000000e+03 1.233688015547797917e-02
2.115000000000000000e+03 1.234452213239087617e-02
2.116000000000000000e+03 1.235533097082746126e-02
2.117000000000000000e+03 1.236905458634283972e-02
2.118000000000000000e+03 1.238543476439568462e-02
2.119000000000000000e+03 1.240420840380198481e-02
2.120000000000000000e+03 1.242511473493239718e-02
2.121000000000000000e+03 1.244790846977031698e-02
2.122000000000000000e+03 1.247236342636752308e-02
2.123000000000000000e+03 1.249827506897057371e-02
2.124000000000000000e+03 1.252546649473277457e-02
2.125000000000000000e+03 1.255379258117347158e-02
2.126000000000000000e+03 1.258314338913252284e-02
2.127000000000000000e+03 1.261344155579690977e-02
2.128000000000000000e+03 1.264464180830239710e-02
2.129000000000000000e+03 1.267672951310618371e-02
2.130000000000000000e+03 1.270972234644422542e-02
2.131000000000000000e+03 1.274366835664539344e-02
2.132000000000000000e+03 1.277863725161512871e-02
2.133000000000000000e+03 1.281471832304097343e-02
2.134000000000000000e+03 1.285201483996159348e-02
2.135000000000000000e+03 1.289063975922074418e-02
2.136000000000000000e+03 1.293071190228390829e-02
2.137000000000000000e+03 1.297235024912008101e-02
2.138000000000000000e+03 1.301567028171193505e-02
2.139000000000000000e+03 1.306078190608325230e-02
2.140000000000000000e+03 1.310778240032914321e-02
2.141000000000000000e+03 1.315675644647460590e-02
2.142000000000000000e+03 1.320777069439559026e-02
2.143000000000000000e+03 1.326087149815098620e-02
2.144000000000000000e+03 1.331608674012562006e-02
2.145000000000000000e+03 1.337342342677149028e-02
2.146000000000000000e+03 1.343286736113988994e-02
2.147000000000000000e+03 1.349438232572718749e-02
2.148000000000000000e+03 1.355791278875738762e-02
2.149000000000000000e+03 1.362338346859281145e-02
2.150000000000000000e+03 1.369069960940257590e-02
2.151000000000000000e+03 1.375974862121235459e-02
2.152000000000000000e+03 1.383040169015404414e-02
2.153000000000000000e+03 1.390251395885573268e-02
2.154000000000000000e+03 1.397593162052053126e-02
2.155000000000000000e+03 1.405049275534289363e-02
2.156000000000000000e+03 1.412602759059345021e-02
2.157000000000000000e+03 1.420236012122722338e-02
2.158000000000000000e+03 1.427930744460337645e-02
2.159000000000000000e+03 1.435668370984500598e-02
2.160000000000000000e+03 1.443430084832039891e-02
2.161000000000000000e+03 1.451196525892875511e-02
2.162000000000000000e+03 1.458948235272342422e-02
2.163000000000000000e+03 1.466665842918845122e-02
2.164000000000000000e+03 1.474329873479860581e-02
2.165000000000000000e+03 1.481920615365535723e-02
2.166000000000000000e+03 1.489417981226947435e-02
2.167000000000000000e+03 1.496801416551074917e-02
2.168000000000000000e+03 1.504049404665775205e-02
2.169000000000000000e+03 1.511139397731052145e-02
2.170000000000000000e+03 1.518048078805153689e-02
2.171000000000000000e+03 1.524750976443848410e-02
2.172000000000000000e+03 1.531222517746469447e-02
2.173000000000000000e+03 1.537436684427623615e-02
2.174000000000000000e+03 1.543367321860145136e-02
2.175000000000000000e+03 1.548988014636916953e-02
2.176000000000000000e+03 1.554272428966822772e-02
2.177000000000000000e+03 1.559194739315428874e-02
2.178000000000000000e+03 1.563730053490102259e-02
2.179000000000000000e+03 1.567854858055552775e-02
2.180000000000000000e+03 1.571547679729247415e-02
2.181000000000000000e+03 1.574789960725029789e-02
2.182000000000000000e+03 1.577566870142787375e-02
2.183000000000000000e+03 1.579867014760010652e-02
2.184000000000000000e+03 1.581682587237934201e-02
2.185000000000000000e+03 1.583009933961093685e-02
2.186000000000000000e+03 1.583849459214032446e-02
2.187000000000000000e+03 1.584205217675781208e-02
2.188000000000000000e+03 1.584084760232346706e-02
2.189000000000000000e+03 1.583498697738488364e-02
2.190000000000000000e+03 1.582460442143583668e-02
2.191000000000000000e+03 1.580985331878573610e-02
2.192000000000000000e+03 1.579090475680651820e-02
2.193000000000000000e+03 1.576794146327487739e-02
2.194000000000000000e+03 1.574114854219011914e-02
2.195000000000000000e+03 1.571070546660539510e-02
2.196000000000000000e+03 1.567678533613073993e-02
2.197000000000000000e+03 1.563955324100536545e-02
2.198000000000000000e+03 1.559916425065324339e-02
2.199000000000000000e+03 1.555575949462718183e-02
2.200000000000000000e+03 1.550946183047536252e-02
2.201000000000000000e+03 1.546038027898327671e-02
2.202000000000000000e+03 1.540861346873836565e-02
2.203000000000000000e+03 1.535424973291683870e-02
2.204000000000000000e+03 1.529737454956623180e-02
2.205000000000000000e+03 1.523806850265740399e-02
2.206000000000000000e+03 1.517641046398800382e-02
2.207000000000000000e+03 1.511248531719723738e-02
2.208000000000000000e+03 1.504638891060441561e-02
2.209000000000000000e+03 1.497823090391857057e-02
2.210000000000000000e+03 1.490813682696668155e-02
2.211000000000000000e+03 1.483624634193758327e-02
2.212000000000000000e+03 1.476272240731009433e-02
2.213000000000000000e+03 1.468775372443687811e-02
2.214000000000000000e+03 1.461154971648939010e-02
2.215000000000000000e+03 1.453434257118807818e-02
2.216000000000000000e+03 1.445639136624019515e-02
2.217000000000000000e+03 1.437797311266316574e-02
2.218000000000000000e+03 1.429937904440500840e-02
2.219000000000000000e+03 1.422091435851163821e-02
2.220000000000000000e+03 1.414289658323033237e-02
2.221000000000000000e+03 1.406565052119909329e-02
2.222000000000000000e+03 1.398949894089555369e-02
2.223000000000000000e+03 1.391476610572300356e-02
2.224000000000000000e+03 1.384177194250156909e-02
2.225000000000000000e+03 1.377082499711360097e-02
2.226000000000000000e+03 1.370222120696036605e-02
2.227000000000000000e+03 1.363624215845400320e-02
2.228000000000000000e+03 1.357315112149971512e-02
2.229000000000000000e+03 1.351319426252421685e-02
2.230000000000000000e+03 1.345659430884560588e-02
2.231000000000000000e+03 1.340355243945976632e-02
2.232000000000000000e+03 1.335424738287112334e-02
2.233000000000000000e+03 1.330883217133153190e-02
2.234000000000000000e+03 1.326743845462817831e-02
2.235000000000000000e+03 1.323017613474618964e-02
2.236000000000000000e+03 1.319713233256489607e-02
2.237000000000000000e+03 1.316837478389899091e-02
2.238000000000000000e+03 1.314395102846058899e-02
2.239000000000000000e+03 1.312388974410041119e-02
2.240000000000000000e+03 1.310819870211647406e-02
2.241000000000000000e+03 1.309687098810570494e-02
2.242000000000000000e+03 1.308988346955113069e-02
2.243000000000000000e+03 1.308719689494278020e-02
2.244000000000000000e+03 1.308875881171170721e-02
2.245000000000000000e+03 1.309450626497833149e-02
2.246000000000000000e+03 1.310436809136890195e-02
2.247000000000000000e+03 1.311826154548985206e-02
2.248000000000000000e+03 1.313609868109109902e-02
2.249000000000000000e+03 1.315778248757478418e-02
2.250000000000000000e+03 1.318321472203036124e-02
2.251000000000000000e+03 1.321229795794088765e-02
2.252000000000000000e+03 1.324493685568718486e-02
2.253000000000000000e+03 1.328103643204174220e-02
2.254000000000000000e+03 1.332050308472048847e-02
2.255000000000000000e+03 1.336324778982990631e-02
2.256000000000000000e+03 1.340918816945568456e-02
2.257000000000000000e+03 1.345824708252375129e-02
2.258000000000000000e+03 1.351035715866355860e-02
2.259000000000000000e+03 1.356545771040495139e-02
2.260000000000000000e+03 1.362349492350674492e-02
2.261000000000000000e+03 1.368442097661971661e-02
2.262000000000000000e+03 1.374819343955292240e-02
2.263000000000000000e+03 1.381477129346000976e-02
2.264000000000000000e+03 1.388411315044283528e-02
2.265000000000000000e+03 1.395617700479290756e-02
2.266000000000000000e+03 1.403091773557708921e-02
2.267000000000000000e+03 1.410828650427870326e-02
2.268000000000000000e+03 1.418822644507158372e-02
2.269000000000000000e+03 1.427067549095124496e-02
2.270000000000000000e+03 1.435555687339979541e-02
2.271000000000000000e+03 1.444278302258404645e-02
2.272000000000000000e+03 1.453225471627477353e-02
2.273000000000000000e+03 1.462385838251486353e-02
2.274000000000000000e+03 1.471746417410043500e-02
2.275000000000000000e+03 1.481292841073219603e-02
2.276000000000000000e+03 1.491009336231071541e-02
2.277000000000000000e+03 1.500877963136512672e-02
2.278000000000000000e+03 1.510879259750068544e-02
2.279000000000000000e+03 1.520992083637197866e-02
2.280000000000000000e+03 1.531193525657190656e-02
2.281000000000000000e+03 1.541459351258084309e-02
2.282000000000000000e+03 1.551764059608234936e-02
2.283000000000000000e+03 1.562080591880192319e-02
2.284000000000000000e+03 1.572380490247884954e-02
2.285000000000000000e+03 1.582633919072086795e-02
2.286000000000000000e+03 1.592810164883030205e-02
2.287000000000000000e+03 1.602877467347351911e-02
2.288000000000000000e+03 1.612803419582218428e-02
2.289000000000000000e+03 1.622554920110944043e-02
2.290000000000000000e+03 1.632099247825170851e-02
2.291000000000000000e+03 1.641404183983448048e-02
2.292000000000000000e+03 1.650438141465888908e-02
2.293000000000000000e+03 1.659170449069864717e-02
2.294000000000000000e+03 1.667572142665540991e-02
2.295000000000000000e+03 1.675616303372375743e-02
2.296000000000000000e+03 1.683278257706663852e-02
2.297000000000000000e+03 1.690535719459570693e-02
2.298000000000000000e+03 1.697369519481878308e-02
2.299000000000000000e+03 1.703763883983088617e-02
2.300000000000000000e+03 1.709706638874671988e-02
2.301000000000000000e+03 1.715189200061224134e-02
2.302000000000000000e+03 1.720206011681637420e-02
2.303000000000000000e+03 1.724755056862849190e-02
2.304000000000000000e+03 1.728837878740810408e-02
2.305000000000000000e+03 1.732459227602085178e-02
2.306000000000000000e+03 1.735626665670865140e-02
2.307000000000000000e+03 1.738350105833424974e-02
2.308000000000000000e+03 1.740641330938771242e-02
2.309000000000000000e+03 1.742513910980627440e-02
2.310000000000000000e+03 1.743982615483760309e-02
2.311000000000000000e+03 1.745062715298138778e-02
2.312000000000000000e+03 1.745769205288003403e-02
2.313000000000000000e+03 1.746117017798994031e-02
2.314000000000000000e+03 1.746120814165162682e-02
2.315000000000000000e+03 1.745795009929870800e-02
2.316000000000000000e+03 1.745153158266039145e-02
2.317000000000000000e+03 1.744207751814708454e-02
2.318000000000000000e+03 1.742970223888642284e-02
2.319000000000000000e+03 1.741450965362023248e-02
2.320000000000000000e+03 1.739659022561127269e-02
2.321000000000000000e+03 1.737602251463724393e-02
2.322000000000000000e+03 1.735287379318535550e-02
2.323000000000000000e+03 1.732719972150649490e-02
2.324000000000000000e+03 1.729904639641221056e-02
2.325000000000000000e+03 1.726845602101684252e-02
2.326000000000000000e+03 1.723546618421754190e-02
2.327000000000000000e+03 1.720010690204806098e-02
2.328000000000000000e+03 1.716240530661277200e-02
2.329000000000000000e+03 1.712238515894122515e-02
2.330000000000000000e+03 1.708006681001323496e-02
2.331000000000000000e+03 1.703546722340965741e-02
2.332000000000000000e+03 1.698859872785385070e-02
2.333000000000000000e+03 1.693947349327523666e-02
2.334000000000000000e+03 1.688810272649603900e-02
2.335000000000000000e+03 1.683449864519693390e-02
2.336000000000000000e+03 1.677867359285275736e-02
2.337000000000000000e+03 1.672064237091066760e-02
2.338000000000000000e+03 1.666042556522056434e-02
2.339000000000000000e+03 1.659804952791010119e-02
2.340000000000000000e+03 1.653354284535511406e-02
2.341000000000000000e+03 1.646693845813228946e-02
2.342000000000000000e+03 1.639827702085589617e-02
2.343000000000000000e+03 1.632760912919882512e-02
2.344000000000000000e+03 1.625499903056349532e-02
2.345000000000000000e+03 1.618052371855738941e-02
2.346000000000000000e+03 1.610427234480484721e-02
2.347000000000000000e+03 1.602634784703033805e-02
2.348000000000000000e+03 1.594686690235529863e-02
2.349000000000000000e+03 1.586596194521452952e-02
2.350000000000000000e+03 1.578378143676636980e-02
2.351000000000000000e+03 1.570049271029488186e-02
2.352000000000000000e+03 1.561627942068503569e-02
2.353000000000000000e+03 1.553134735100809675e-02
2.354000000000000000e+03 1.544591656857871760e-02
2.355000000000000000e+03 1.536022168053448322e-02
2.356000000000000000e+03 1.527451415802200466e-02
2.357000000000000000e+03 1.518905762107011781e-02
2.358000000000000000e+03 1.510412527039577298e-02
2.359000000000000000e+03 1.501999715131282880e-02
2.360000000000000000e+03 1.493696580247221364e-02
2.361000000000000000e+03 1.485532792173353128e-02
2.362000000000000000e+03 1.477538038380664040e-02
2.363000000000000000e+03 1.469741839478656831e-02
2.364000000000000000e+03 1.462173371568121355e-02
2.365000000000000000e+03 1.454861128511026128e-02
2.366000000000000000e+03 1.447832823017201204e-02
2.367000000000000000e+03 1.441114936365532270e-02
2.368000000000000000e+03 1.434732435253294885e-02
2.369000000000000000e+03 1.428708754106661899e-02
2.370000000000000000e+03 1.423065571350044106e-02
2.371000000000000000e+03 1.417822561980547000e-02
2.372000000000000000e+03 1.412997066201785411e-02
2.373000000000000000e+03 1.408604327506750298e-02
2.374000000000000000e+03 1.404656941224921921e-02
2.375000000000000000e+03 1.401164917489094303e-02
2.376000000000000000e+03 1.398135949598076910e-02
2.377000000000000000e+03 1.395575194797083265e-02
2.378000000000000000e+03 1.393485259100291779e-02
2.379000000000000000e+03 1.391866197429183702e-02
2.380000000000000000e+03 1.390715755497218091e-02
2.381000000000000000e+03 1.390029351496467093e-02
2.382000000000000000e+03 1.389800474522239274e-02
2.383000000000000000e+03 1.390020554124552291e-02
2.384000000000000000e+03 1.390679259491142336e-02
2.385000000000000000e+03 1.391764649024656957e-02
2.386000000000000000e+03 1.393263536539240607e-02
2.387000000000000000e+03 1.395161552303782714e-02
2.388000000000000000e+03 1.397442661299687014e-02
2.389000000000000000e+03 1.400089997962940952e-02
2.390000000000000000e+03 1.403086125760228189e-02
2.391000000000000000e+03 1.406412846163508992e-02
2.392000000000000000e+03 1.410051492251577013e-02
2.393000000000000000e+03 1.413982908342212991e-02
2.394000000000000000e+03 1.418188102458209365e-02
2.395000000000000000e+03 1.422647640901676322e-02
2.396000000000000000e+03 1.427341780022877218e-02
2.397000000000000000e+03 1.432251129550477474e-02
2.398000000000000000e+03 1.437356220960251361e-02
2.399000000000000000e+03 1.442637663495893036e-02
2.400000000000000000e+03 1.448076491265130016e-02
2.401000000000000000e+03 1.453654017706609153e-02
2.402000000000000000e+03 1.459352068397530219e-02
2.403000000000000000e+03 1.465153222778876191e-02
2.404000000000000000e+03 1.471040552012754452e-02
2.405000000000000000e+03 1.476997384418241542e-02
2.406000000000000000e+03 1.483007785621921412e-02
2.407000000000000000e+03 1.489056678894818547e-02
2.408000000000000000e+03 1.495129434915368205e-02
2.409000000000000000e+03 1.501211754934709403e-02
2.410000000000000000e+03 1.507290077992438394e-02
2.411000000000000000e+03 1.513351561464489070e-02
2.412000000000000000e+03 1.519383830259074183e-02
2.413000000000000000e+03 1.525375025081247490e-02
2.414000000000000000e+03 1.531313809305409612e-02
2.415000000000000000e+03 1.537189836812379029e-02
2.416000000000000000e+03 1.542992932250454065e-02
2.417000000000000000e+03 1.548713017780853525e-02
2.418000000000000000e+03 1.554339866554250646e-02
2.419000000000000000e+03 1.559863427558312934e-02
2.420000000000000000e+03 1.565273405913995483e-02
2.421000000000000000e+03 1.570559270448220607e-02
2.422000000000000000e+03 1.575710211706241731e-02
2.423000000000000000e+03 1.580714736442035556e-02
2.424000000000000000e+03 1.585560809044369093e-02
2.425000000000000000e+03 1.590236182333267315e-02
2.426000000000000000e+03 1.594727938808153389e-02
2.427000000000000000e+03 1.599022693595770345e-02
2.428000000000000000e+03 1.603107022769023962e-02
2.429000000000000000e+03 1.606967601898135617e-02
2.430000000000000000e+03 1.610590837475204748e-02
2.431000000000000000e+03 1.613963712238781351e-02
2.432000000000000000e+03 1.617073632608969844e-02
2.433000000000000000e+03 1.619908807933283929e-02
2.434000000000000000e+03 1.622458671959955967e-02
2.435000000000000000e+03 1.624713367568103584e-02
2.436000000000000000e+03 1.626664275725588776e-02
2.437000000000000000e+03 1.628304020715237721e-02
2.438000000000000000e+03 1.629626514812753529e-02
2.439000000000000000e+03 1.630626979871680621e-02
2.440000000000000000e+03 1.631301699669170796e-02
2.441000000000000000e+03 1.631647680386740656e-02
2.442000000000000000e+03 1.631663148470415686e-02
2.443000000000000000e+03 1.631346976300351859e-02
2.444000000000000000e+03 1.630698818870337380e-02
2.445000000000000000e+03 1.629718882637497951e-02
2.446000000000000000e+03 1.628407444493078920e-02
2.447000000000000000e+03 1.626764621974154112e-02
2.448000000000000000e+03 1.624790610112094441e-02
2.449000000000000000e+03 1.622485340478666688e-02
2.450000000000000000e+03 1.619848827076882103e-02
2.451000000000000000e+03 1.616880479880418095e-02
2.452000000000000000e+03 1.613579792212549782e-02
2.453000000000000000e+03 1.609946622967504959e-02
2.454000000000000000e+03 1.605980695188792898e-02
2.455000000000000000e+03 1.601681726169208037e-02
2.456000000000000000e+03 1.597049721148451062e-02
2.457000000000000000e+03 1.592085144538158900e-02
2.458000000000000000e+03 1.586789362329906611e-02
2.459000000000000000e+03 1.581164785007399889e-02
2.460000000000000000e+03 1.575215003788706103e-02
2.461000000000000000e+03 1.568945243629755668e-02
2.462000000000000000e+03 1.562362504651942062e-02
2.463000000000000000e+03 1.555475952788009167e-02
2.464000000000000000e+03 1.548297043601504219e-02
2.465000000000000000e+03 1.540839510965645413e-02
2.466000000000000000e+03 1.533118767352125919e-02
2.467000000000000000e+03 1.525152663824056593e-02
2.468000000000000000e+03 1.516961229817322468e-02
2.469000000000000000e+03 1.508566550937867276e-02
2.470000000000000000e+03 1.499992251287208395e-02
2.471000000000000000e+03 1.491263487552476133e-02
2.472000000000000000e+03 1.482406278201450940e-02
2.473000000000000000e+03 1.473447283775945055e-02
2.474000000000000000e+03 1.464413553926883355e-02
2.475000000000000000e+03 1.455332125065020299e-02
2.476000000000000000e+03 1.446229637212656516e-02
2.477000000000000000e+03 1.437131835929979749e-02
2.478000000000000000e+03 1.428063431154392646e-02
2.479000000000000000e+03 1.419047738052049701e-02
2.480000000000000000e+03 1.410106494846409889e-02
2.481000000000000000e+03 1.401259679558404699e-02
2.482000000000000000e+03 1.392525731616147538e-02
2.483000000000000000e+03 1.383921069847446859e-02
2.484000000000000000e+03 1.375460071803387072e-02
2.485000000000000000e+03 1.367154950523952021e-02
2.486000000000000000e+03 1.359015868680569714e-02
2.487000000000000000e+03 1.351051050294188420e-02
2.488000000000000000e+03 1.343266823755024861e-02
2.489000000000000000e+03 1.335667529120523021e-02
2.490000000000000000e+03 1.328255943030196354e-02
2.491000000000000000e+03 1.321033026634112206e-02
2.492000000000000000e+03 1.313998093353197991e-02
2.493000000000000000e+03 1.307149683900449277e-02
2.494000000000000000e+03 1.300485417617155103e-02
2.495000000000000000e+03 1.294001994351086544e-02
2.496000000000000000e+03 1.287695646611401561e-02
2.497000000000000000e+03 1.281562003605426700e-02
2.498000000000000000e+03 1.275596458516276357e-02
2.499000000000000000e+03 1.269794307499546443e-02
2.500000000000000000e+03 1.264151311165327175e-02
2.501000000000000000e+03 1.258663624365902872e-02
2.502000000000000000e+03 1.253327780896217047e-02
2.503000000000000000e+03 1.248141138919696067e-02
2.504000000000000000e+03 1.243101818646952586e-02
2.505000000000000000e+03 1.238208854101310007e-02
2.506000000000000000e+03 1.233462178775204809e-02
2.507000000000000000e+03 1.228862287740243101e-02
2.508000000000000000e+03 1.224410398224564343e-02
2.509000000000000000e+03 1.220108727557421384e-02
2.510000000000000000e+03 1.215959925138178875e-02
2.511000000000000000e+03 1.211967387213757838e-02
2.512000000000000000e+03 1.208135163774877278e-02
2.513000000000000000e+03 1.204467726243145347e-02
2.514000000000000000e+03 1.200970489077578945e-02
2.515000000000000000e+03 1.197649647626422044e-02
2.516000000000000000e+03 1.194511809861270590e-02
2.517000000000000000e+03 1.191564209074748477e-02
2.518000000000000000e+03 1.188814651993061293e-02
2.519000000000000000e+03 1.186271417738092235e-02
2.520000000000000000e+03 1.183943223718186832e-02
2.521000000000000000e+03 1.181839344747511594e-02
2.522000000000000000e+03 1.179969296518738192e-02
2.523000000000000000e+03 1.178343073213120908e-02
2.524000000000000000e+03 1.176971168180280733e-02
2.525000000000000000e+03 1.175863896544689438e-02
2.526000000000000000e+03 1.175031559913954429e-02
2.527000000000000000e+03 1.174484476642377942e-02
2.528000000000000000e+03 1.174232558304300414e-02
2.529000000000000000e+03 1.174285113602491215e-02
2.530000000000000000e+03 1.174650607895800017e-02
2.531000000000000000e+03 1.175336496658428535e-02
2.532000000000000000e+03 1.176349169760477174e-02
2.533000000000000000e+03 1.177693903759761962e-02
2.534000000000000000e+03 1.179374440849865341e-02
2.535000000000000000e+03 1.181392570405989662e-02
2.536000000000000000e+03 1.183748377800104834e-02
2.537000000000000000e+03 1.186440166829455523e-02
2.538000000000000000e+03 1.189464390169032645e-02
2.539000000000000000e+03 1.192815640302114649e-02
2.540000000000000000e+03 1.196486734622100381e-02
2.541000000000000000e+03 1.200468580873523955e-02
2.542000000000000000e+03 1.204750720314320608e-02
2.543000000000000000e+03 1.209321457330746544e-02
2.544000000000000000e+03 1.214168013826465858e-02
2.545000000000000000e+03 1.219276908501136861e-02
2.546000000000000000e+03 1.224634353973285544e-02
2.547000000000000000e+03 1.230226330139698628e-02
2.548000000000000000e+03 1.236038691641500389e-02
2.549000000000000000e+03 1.242057493108751631e-02
2.550000000000000000e+03 1.248268984466980279e-02
2.551000000000000000e+03 1.254659756137222436e-02
2.552000000000000000e+03 1.261217249375390023e-02
2.553000000000000000e+03 1.267929123273642267e-02
2.554000000000000000e+03 1.274783332462845267e-02
2.555000000000000000e+03 1.281768351044384677e-02
2.556000000000000000e+03 1.288872871775582733e-02
2.557000000000000000e+03 1.296085373828407411e-02
2.558000000000000000e+03 1.303394249842377076e-02
2.559000000000000000e+03 1.310788080458676411e-02
2.560000000000000000e+03 1.318255475387657832e-02
2.561000000000000000e+03 1.325784652034685956e-02
2.562000000000000000e+03 1.333363610021145659e-02
2.563000000000000000e+03 1.340980168848138719e-02
2.564000000000000000e+03 1.348622074170089530e-02
2.565000000000000000e+03 1.356276972446978854e-02
2.566000000000000000e+03 1.363932491217089218e-02
2.567000000000000000e+03 1.371576318540240064e-02
2.568000000000000000e+03 1.379196300028735431e-02
2.569000000000000000e+03 1.386780345056383076e-02
2.570000000000000000e+03 1.394316026358922642e-02
2.571000000000000000e+03 1.401790612626427693e-02
2.572000000000000000e+03 1.409191087191707589e-02
2.573000000000000000e+03 1.416504459175549346e-02
2.574000000000000000e+03 1.423717427423762394e-02
2.575000000000000000e+03 1.430816408164370043e-02
2.576000000000000000e+03 1.437787482875123313e-02
2.577000000000000000e+03 1.444615946009642111e-02
2.578000000000000000e+03 1.451286834660428168e-02
2.579000000000000000e+03 1.457785246758790468e-02
2.580000000000000000e+03 1.464096360808514463e-02
2.581000000000000000e+03 1.470205363893543372e-02
2.582000000000000000e+03 1.476097913187817898e-02
2.583000000000000000e+03 1.481760150427202313e-02
2.584000000000000000e+03 1.487178795217913505e-02
2.585000000000000000e+03 1.492341674673286142e-02
2.586000000000000000e+03 1.497237801341981533e-02
2.587000000000000000e+03 1.501857368666940223e-02
2.588000000000000000e+03 1.506192508220176134e-02
2.589000000000000000e+03 1.510237417215023158e-02
2.590000000000000000e+03 1.513988059420546053e-02
2.591000000000000000e+03 1.517442326061811675e-02
2.592000000000000000e+03 1.520599972571862885e-02
2.593000000000000000e+03 1.523462651029570264e-02
2.594000000000000000e+03 1.526033746796761834e-02
2.595000000000000000e+03 1.528318391543693339e-02
2.596000000000000000e+03 1.530322961304148369e-02
2.597000000000000000e+03 1.532054945978050114e-02
2.598000000000000000e+03 1.533522759293832159e-02
2.599000000000000000e+03 1.534735761405973606e-02
2.600000000000000000e+03 1.535703700288917201e-02
2.601000000000000000e+03 1.536436903685135802e-02
2.602000000000000000e+03 1.536946248747438071e-02
2.603000000000000000e+03 1.537242806832941032e-02
2.604000000000000000e+03 1.537337880971138132e-02
2.605000000000000000e+03 1.537243078516664294e-02
2.606000000000000000e+03 1.536970059942498364e-02
2.607000000000000000e+03 1.536530638791668360e-02
2.608000000000000000e+03 1.535936808846986162e-02
2.609000000000000000e+03 1.535200373435400591e-02
2.610000000000000000e+03 1.534333164181008770e-02
2.611000000000000000e+03 1.533346994000748913e-02
2.612000000000000000e+03 1.532253756125394502e-02
2.613000000000000000e+03 1.531065476203233473e-02
2.614000000000000000e+03 1.529794435288667383e-02
2.615000000000000000e+03 1.528452745397982163e-02
2.616000000000000000e+03 1.527052675802342135e-02
2.617000000000000000e+03 1.525606246131014018e-02
2.618000000000000000e+03 1.524125478699685579e-02
2.619000000000000000e+03 1.522622506339162823e-02
2.620000000000000000e+03 1.521109330584966696e-02
2.621000000000000000e+03 1.519597041083363929e-02
2.622000000000000000e+03 1.518096654146285779e-02
2.623000000000000000e+03 1.516619107985655267e-02
2.624000000000000000e+03 1.515174613715849876e-02
2.625000000000000000e+03 1.513772590809051195e-02
2.626000000000000000e+03 1.512421789654081437e-02
2.627000000000000000e+03 1.511129703834180119e-02
2.628000000000000000e+03 1.509902504953863044e-02
2.629000000000000000e+03 1.508745358255554614e-02
2.630000000000000000e+03 1.507662388283477484e-02
2.631000000000000000e+03 1.506656323400801245e-02
2.632000000000000000e+03 1.505728586000184416e-02
2.633000000000000000e+03 1.504879766286056769e-02
2.634000000000000000e+03 1.504109467665925778e-02
2.635000000000000000e+03 1.503416070158817772e-02
2.636000000000000000e+03 1.502797126785415313e-02
2.637000000000000000e+03 1.502249692161026010e-02
2.638000000000000000e+03 1.501770093385458756e-02
2.639000000000000000e+03 1.501354332377443333e-02
2.640000000000000000e+03 1.500998293588329952e-02
2.641000000000000000e+03 1.500698030239488306e-02
2.642000000000000000e+03 1.500450303659123588e-02
2.643000000000000000e+03 1.500252737784099968e-02
2.644000000000000000e+03 1.500103983776149806e-02
2.645000000000000000e+03 1.500003968113572568e-02
2.646000000000000000e+03 1.499953997554894294e-02
2.647000000000000000e+03 1.499956757767843298e-02
2.648000000000000000e+03 1.500016144505601778e-02
2.649000000000000000e+03 1.500137565808523123e-02
2.650000000000000000e+03 1.500328003322586035e-02
2.651000000000000000e+03 1.500595953769641965e-02
2.652000000000000000e+03 1.500951093832636821e-02
2.653000000000000000e+03 1.501404380784834500e-02
2.654000000000000000e+03 1.501967767527793984e-02
2.655000000000000000e+03 1.502654562362343640e-02
2.656000000000000000e+03 1.503478771285663394e-02
2.657000000000000000e+03 1.504455104549052950e-02
2.658000000000000000e+03 1.505598651563013271e-02
2.659000000000000000e+03 1.506924050061449021e-02
2.660000000000000000e+03 1.508445553700280342e-02
2.661000000000000000e+03 1.510176850034478102e-02
2.662000000000000000e+03 1.512130940516696713e-02
2.663000000000000000e+03 1.514319595996911280e-02
2.664000000000000000e+03 1.516753094668482627e-02
2.665000000000000000e+03 1.519440182490614313e-02
2.666000000000000000e+03 1.522387734430778738e-02
2.667000000000000000e+03 1.525600710414274676e-02
2.668000000000000000e+03 1.529082113386084560e-02
2.669000000000000000e+03 1.532832818152052995e-02
2.670000000000000000e+03 1.536851378865490558e-02
2.671000000000000000e+03 1.541133481928180782e-02
2.672000000000000000e+03 1.545672484756895407e-02
2.673000000000000000e+03 1.550459389650308932e-02
2.674000000000000000e+03 1.555482812735887489e-02
2.675000000000000000e+03 1.560728772535003792e-02
2.676000000000000000e+03 1.566181272703522781e-02
2.677000000000000000e+03 1.571822080649478218e-02
2.678000000000000000e+03 1.577631169393187149e-02
2.679000000000000000e+03 1.583587245229933771e-02
2.680000000000000000e+03 1.589667443025845339e-02
2.681000000000000000e+03 1.595847588754081836e-02
2.682000000000000000e+03 1.602102187636314859e-02
2.683000000000000000e+03 1.608404894679631159e-02
2.684000000000000000e+03 1.614728865159793803e-02
2.685000000000000000e+03 1.621046550422703542e-02
2.686000000000000000e+03 1.627330053646242752e-02
2.687000000000000000e+03 1.633551654188048277e-02
2.688000000000000000e+03 1.639683870524449860e-02
2.689000000000000000e+03 1.645699753268314858e-02
2.690000000000000000e+03 1.651573140407502915e-02
2.691000000000000000e+03 1.657278693945442305e-02
2.692000000000000000e+03 1.662792164756004415e-02
2.693000000000000000e+03 1.668090819556702908e-02
2.694000000000000000e+03 1.673153456452709104e-02
2.695000000000000000e+03 1.677960613401090206e-02
2.696000000000000000e+03 1.682494746778994549e-02
2.697000000000000000e+03 1.686740602850313880e-02
2.698000000000000000e+03 1.690685171314918259e-02
2.699000000000000000e+03 1.694318055793895758e-02
2.700000000000000000e+03 1.697631110737522764e-02
2.701000000000000000e+03 1.700618674495611021e-02
2.702000000000000000e+03 1.703277742496030894e-02
2.703000000000000000e+03 1.705607651886115531e-02
2.704000000000000000e+03 1.707609679349325615e-02
2.705000000000000000e+03 1.709287160748852730e-02
2.706000000000000000e+03 1.710645324207983251e-02
2.707000000000000000e+03 1.711691134255342861e-02
2.708000000000000000e+03 1.712432958966353044e-02
2.709000000000000000e+03 1.712879973956998869e-02
2.710000000000000000e+03 1.713042220241545871e-02
2.711000000000000000e+03 1.712930205463032013e-02
2.712000000000000000e+03 1.712554560921046576e-02
2.713000000000000000e+03 1.711926029092030593e-02
2.714000000000000000e+03 1.711054773487782205e-02
2.715000000000000000e+03 1.709950192512781769e-02
2.716000000000000000e+03 1.708621168815424238e-02
2.717000000000000000e+03 1.707075831465502957e-02
2.718000000000000000e+03 1.705321111780418522e-02
2.719000000000000000e+03 1.703363070175510641e-02
2.720000000000000000e+03 1.701206576435094348e-02
2.721000000000000000e+03 1.698855791403317689e-02
2.722000000000000000e+03 1.696313915779317991e-02
2.723000000000000000e+03 1.693583297908368007e-02
2.724000000000000000e+03 1.690665903933848829e-02
2.725000000000000000e+03 1.687563291628224257e-02
2.726000000000000000e+03 1.684277104128780594e-02
2.727000000000000000e+03 1.680808941660343406e-02
2.728000000000000000e+03 1.677160230165430227e-02
2.729000000000000000e+03 1.673332790889735244e-02
2.730000000000000000e+03 1.669328648827297229e-02
2.731000000000000000e+03 1.665149992572168697e-02
2.732000000000000000e+03 1.660799363338594237e-02
2.733000000000000000e+03 1.656279630418434901e-02
2.734000000000000000e+03 1.651593775966368749e-02
2.735000000000000000e+03 1.646745039377005282e-02
2.736000000000000000e+03 1.641736420040584149e-02
2.737000000000000000e+03 1.636570879999828948e-02
2.738000000000000000e+03 1.631251560243964296e-02
2.739000000000000000e+03 1.625781006367841078e-02
2.740000000000000000e+03 1.620161425957960741e-02
2.741000000000000000e+03 1.614394336756931961e-02
2.742000000000000000e+03 1.608481151589942482e-02
2.743000000000000000e+03 1.602422651226146841e-02
2.744000000000000000e+03 1.596219385301336779e-02
2.745000000000000000e+03 1.589871694254223200e-02
2.746000000000000000e+03 1.583379548968166795e-02
2.747000000000000000e+03 1.576742859168473593e-02
2.748000000000000000e+03 1.569961212490607327e-02
2.749000000000000000e+03 1.563034271241780376e-02
2.750000000000000000e+03 1.555961702847597113e-02
2.751000000000000000e+03 1.548743288740268148e-02
2.752000000000000000e+03 1.541379352110296835e-02
2.753000000000000000e+03 1.533870766125974491e-02
2.754000000000000000e+03 1.526219534683397397e-02
2.755000000000000000e+03 1.518428389955316787e-02
2.756000000000000000e+03 1.510501742191023775e-02
2.757000000000000000e+03 1.502445556067837605e-02
2.758000000000000000e+03 1.494267361561856834e-02
2.759000000000000000e+03 1.485976466839528977e-02
2.760000000000000000e+03 1.477583849159249708e-02
2.761000000000000000e+03 1.469102479453228763e-02
2.762000000000000000e+03 1.460546973650331259e-02
2.763000000000000000e+03 1.451933860373309793e-02
2.764000000000000000e+03 1.443281120594730807e-02
2.765000000000000000e+03 1.434608372921752917e-02
2.766000000000000000e+03 1.425936107205716917e-02
2.767000000000000000e+03 1.417285455780607772e-02
2.768000000000000000e+03 1.408677504749652337e-02
2.769000000000000000e+03 1.400133634292210702e-02
2.770000000000000000e+03 1.391675063098331278e-02
2.771000000000000000e+03 1.383321654460945536e-02
2.772000000000000000e+03 1.375091949554228983e-02
2.773000000000000000e+03 1.367002778199148672e-02
2.774000000000000000e+03 1.359068226864853027e-02
2.775000000000000000e+03 1.351299578792501503e-02
2.776000000000000000e+03 1.343705256366614295e-02
2.777000000000000000e+03 1.336290881638386649e-02
2.778000000000000000e+03 1.329059117627146708e-02
2.779000000000000000e+03 1.322009557049546799e-02
2.780000000000000000e+03 1.315139011390880838e-02
2.781000000000000000e+03 1.308441361807024909e-02
2.782000000000000000e+03 1.301907788081628145e-02
2.783000000000000000e+03 1.295527526222012282e-02
2.784000000000000000e+03 1.289287961187466497e-02
2.785000000000000000e+03 1.283174955553103257e-02
2.786000000000000000e+03 1.277173697784603212e-02
2.787000000000000000e+03 1.271268558762282674e-02
2.788000000000000000e+03 1.265443672014981633e-02
2.789000000000000000e+03 1.259683682444140071e-02
2.790000000000000000e+03 1.253974203977934257e-02
2.791000000000000000e+03 1.248301739299309196e-02
2.792000000000000000e+03 1.242654061617640832e-02
2.793000000000000000e+03 1.237020823564700944e-02
2.794000000000000000e+03 1.231393946765903594e-02
2.795000000000000000e+03 1.225767632951069164e-02
2.796000000000000000e+03 1.220138465896227972e-02
2.797000000000000000e+03 1.214505982733663642e-02
2.798000000000000000e+03 1.208872569435855485e-02
2.799000000000000000e+03 1.203243410912545330e-02
2.800000000000000000e+03 1.197627125159255422e-02
2.801000000000000000e+03 1.192035152670985372e-02
2.802000000000000000e+03 1.186481245442352547e-02
2.803000000000000000e+03 1.180981692305432817e-02
2.804000000000000000e+03 1.175554561151253598e-02
2.805000000000000000e+03 1.170219235774975185e-02
2.806000000000000000e+03 1.164996118375878457e-02
2.807000000000000000e+03 1.159906287821057397e-02
2.808000000000000000e+03 1.154970861374907815e-02
2.809000000000000000e+03 1.150210433135138988e-02
2.810000000000000000e+03 1.145644330861903329e-02
2.811000000000000000e+03 1.141290352932722296e-02
2.812000000000000000e+03 1.137164456586879820e-02
2.813000000000000000e+03 1.133280277678718612e-02
2.814000000000000000e+03 1.129649319371456989e-02
2.815000000000000000e+03 1.126280732169811227e-02
2.816000000000000000e+03 1.123181343310926394e-02
2.817000000000000000e+03 1.120355664159056013e-02
2.818000000000000000e+03 1.117806203325073106e-02
2.819000000000000000e+03 1.115534043951439680e-02
2.820000000000000000e+03 1.113538964340437393e-02
2.821000000000000000e+03 1.111819754945059940e-02
2.822000000000000000e+03 1.110374772582185636e-02
2.823000000000000000e+03 1.109202033933640898e-02
2.824000000000000000e+03 1.108299629636928102e-02
2.825000000000000000e+03 1.107666136004953686e-02
2.826000000000000000e+03 1.107300631557103440e-02
2.827000000000000000e+03 1.107202617670573208e-02
2.828000000000000000e+03 1.107372441551571392e-02
2.829000000000000000e+03 1.107811036154202934e-02
2.830000000000000000e+03 1.108519996639600706e-02
2.831000000000000000e+03 1.109501269227045235e-02
2.832000000000000000e+03 1.110756811221116219e-02
2.833000000000000000e+03 1.112288614041017851e-02
2.834000000000000000e+03 1.114098692431469279e-02
2.835000000000000000e+03 1.116188596832707464e-02
2.836000000000000000e+03 1.118559199552306496e-02
2.837000000000000000e+03 1.121210684380639228e-02
2.838000000000000000e+03 1.124142383449916634e-02
2.839000000000000000e+03 1.127352977386712057e-02
2.840000000000000000e+03 1.130840208752917700e-02
2.841000000000000000e+03 1.134600655282949969e-02
2.842000000000000000e+03 1.138629609197520584e-02
2.843000000000000000e+03 1.142921301618963006e-02
2.844000000000000000e+03 1.147468990499082853e-02
2.845000000000000000e+03 1.152265070248742473e-02
2.846000000000000000e+03 1.157301055485086307e-02
2.847000000000000000e+03 1.162567827868260691e-02
2.848000000000000000e+03 1.168055539344469568e-02
2.849000000000000000e+03 1.173753689902030245e-02
2.850000000000000000e+03 1.179651731826504395e-02
2.851000000000000000e+03 1.185739321476257831e-02
2.852000000000000000e+03 1.192006465584041427e-02
2.853000000000000000e+03 1.198443710213930279e-02
2.854000000000000000e+03 1.205042594727004888e-02
2.855000000000000000e+03 1.211795732327917464e-02
2.856000000000000000e+03 1.218697094646305212e-02
2.857000000000000000e+03 1.225742290544165267e-02
2.858000000000000000e+03 1.232928780970931823e-02
2.859000000000000000e+03 1.240255750300945856e-02
2.860000000000000000e+03 1.247724345561437506e-02
2.861000000000000000e+03 1.255337201401295760e-02
2.862000000000000000e+03 1.263098215519587245e-02
2.863000000000000000e+03 1.271012286378177605e-02
2.864000000000000000e+03 1.279084683084915144e-02
2.865000000000000000e+03 1.287320832222946590e-02
2.866000000000000000e+03 1.295726036484333953e-02
2.867000000000000000e+03 1.304304559516906124e-02
2.868000000000000000e+03 1.313059123397637522e-02
2.869000000000000000e+03 1.321990590101391159e-02
2.870000000000000000e+03 1.331097939037663609e-02
2.871000000000000000e+03 1.340377543476298748e-02
2.872000000000000000e+03 1.349822547782210738e-02
2.873000000000000000e+03 1.359423189849011046e-02
2.874000000000000000e+03 1.369166672994934913e-02
2.875000000000000000e+03 1.379036891526689776e-02
2.876000000000000000e+03 1.389014919297217911e-02
2.877000000000000000e+03 1.399079092166351929e-02
2.878000000000000000e+03 1.409205102496199902e-02
2.879000000000000000e+03 1.419366636817410467e-02
2.880000000000000000e+03 1.429535287102957040e-02
2.881000000000000000e+03 1.439680966849092754e-02
2.882000000000000000e+03 1.449772055883377826e-02
2.883000000000000000e+03 1.459776473267135333e-02
2.884000000000000000e+03 1.469661701570469138e-02
2.885000000000000000e+03 1.479395185632513370e-02
2.886000000000000000e+03 1.488945054891548277e-02
2.887000000000000000e+03 1.498280535655150195e-02
2.888000000000000000e+03 1.507371937916473711e-02
2.889000000000000000e+03 1.516190952950471904e-02
2.890000000000000000e+03 1.524711029415143707e-02
2.891000000000000000e+03 1.532908019754347824e-02
2.892000000000000000e+03 1.540760387254394570e-02
2.893000000000000000e+03 1.548249399110327405e-02
2.894000000000000000e+03 1.555359375711860316e-02
2.895000000000000000e+03 1.562077735153662508e-02
2.896000000000000000e+03 1.568395279794951302e-02
2.897000000000000000e+03 1.574306533172770139e-02
2.898000000000000000e+03 1.579809944097033958e-02
2.899000000000000000e+03 1.584907568414302415e-02
2.900000000000000000e+03 1.589605017458850175e-02
2.901000000000000000e+03 1.593911601355261359e-02
2.902000000000000000e+03 1.597840466597025277e-02
2.903000000000000000e+03 1.601407769354861940e-02
2.904000000000000000e+03 1.604632691073529238e-02
2.905000000000000000e+03 1.607537354505627486e-02
2.906000000000000000e+03 1.610145916772679625e-02
2.907000000000000000e+03 1.612484535203221811e-02
2.908000000000000000e+03 1.614580654399734930e-02
2.909000000000000000e+03 1.616462315793001231e-02
2.910000000000000000e+03 1.618158055839571952e-02
2.911000000000000000e+03 1.619696345594084236e-02
2.912000000000000000e+03 1.621104923761804845e-02
2.913000000000000000e+03 1.622409943066563387e-02
2.914000000000000000e+03 1.623635380659146921e-02
2.915000000000000000e+03 1.624803175912806555e-02
2.916000000000000000e+03 1.625932807007198638e-02
2.917000000000000000e+03 1.627040871931786578e-02
2.918000000000000000e+03 1.628141146936826905e-02
2.919000000000000000e+03 1.629243972079351052e-02
2.920000000000000000e+03 1.630356648112158552e-02
2.921000000000000000e+03 1.631483529943367553e-02
2.922000000000000000e+03 1.632625885697755810e-02
2.923000000000000000e+03 1.633782248672411425e-02
2.924000000000000000e+03 1.634948550472501566e-02
2.925000000000000000e+03 1.636118359408826953e-02
2.926000000000000000e+03 1.637283468405627274e-02
2.927000000000000000e+03 1.638433900265918661e-02
2.928000000000000000e+03 1.639558206465427381e-02
2.929000000000000000e+03 1.640643811271857294e-02
2.930000000000000000e+03 1.641677810381449859e-02
2.931000000000000000e+03 1.642646982056978136e-02
2.932000000000000000e+03 1.643538030252092788e-02
2.933000000000000000e+03 1.644337978675721942e-02
2.934000000000000000e+03 1.645034067491582541e-02
2.935000000000000000e+03 1.645614036434659561e-02
2.936000000000000000e+03 1.646066567411575213e-02
2.937000000000000000e+03 1.646381397682974285e-02
2.938000000000000000e+03 1.646549522956618911e-02
2.939000000000000000e+03 1.646563303079463109e-02
2.940000000000000000e+03 1.646416514135571815e-02
2.941000000000000000e+03 1.646104758783071761e-02
2.942000000000000000e+03 1.645625428145797153e-02
2.943000000000000000e+03 1.644977845247209969e-02
2.944000000000000000e+03 1.644163947609895288e-02
2.945000000000000000e+03 1.643188073307016994e-02
2.946000000000000000e+03 1.642056810771798034e-02
2.947000000000000000e+03 1.640778809479619474e-02
2.948000000000000000e+03 1.639364786227059945e-02
2.949000000000000000e+03 1.637827580668258995e-02
2.950000000000000000e+03 1.636181458688373141e-02
2.951000000000000000e+03 1.634441955609472474e-02
2.952000000000000000e+03 1.632626124328726697e-02
2.953000000000000000e+03 1.630751391722274138e-02
2.954000000000000000e+03 1.628835484627785823e-02
2.955000000000000000e+03 1.626895854381724127e-02
2.956000000000000000e+03 1.624948994460444912e-02
2.957000000000000000e+03 1.623010281164721097e-02
2.958000000000000000e+03 1.621093771032432185e-02
2.959000000000000000e+03 1.619212105384348205e-02
2.960000000000000000e+03 1.617376224750788349e-02
2.961000000000000000e+03 1.615594991493182059e-02
2.962000000000000000e+03 1.613875305205526856e-02
2.963000000000000000e+03 1.612222479234674127e-02
2.964000000000000000e+03 1.610640394055150304e-02
2.965000000000000000e+03 1.609131217230303640e-02
2.966000000000000000e+03 1.607695991553017428e-02
2.967000000000000000e+03 1.606334868474162958e-02
2.968000000000000000e+03 1.605047106852564714e-02
2.969000000000000000e+03 1.603831344572199946e-02
2.970000000000000000e+03 1.602686004440267986e-02
2.971000000000000000e+03 1.601609569483456938e-02
2.972000000000000000e+03 1.600600394594084430e-02
2.973000000000000000e+03 1.599657103391305402e-02
2.974000000000000000e+03 1.598778379242410744e-02
2.975000000000000000e+03 1.597963065420451856e-02
2.976000000000000000e+03 1.597209977357074220e-02
2.977000000000000000e+03 1.596517989493029255e-02
2.978000000000000000e+03 1.595885537794614756e-02
2.979000000000000000e+03 1.595310615158504475e-02
2.980000000000000000e+03 1.594790867194395556e-02
2.981000000000000000e+03 1.594323080160841427e-02
2.982000000000000000e+03 1.593903022217095858e-02
2.983000000000000000e+03 1.593524647661544863e-02
2.984000000000000000e+03 1.593181134609517394e-02
2.985000000000000000e+03 1.592865152016116961e-02
2.986000000000000000e+03 1.592568338375932938e-02
2.987000000000000000e+03 1.592281372005557166e-02
2.988000000000000000e+03 1.591994492367196368e-02
2.989000000000000000e+03 1.591697485236018630e-02
2.990000000000000000e+03 1.591380006596552349e-02
2.991000000000000000e+03 1.591032305604413166e-02
2.992000000000000000e+03 1.590645233631744412e-02
2.993000000000000000e+03 1.590210824178461477e-02
2.994000000000000000e+03 1.589722388959181193e-02
2.995000000000000000e+03 1.589174659531537859e-02
2.996000000000000000e+03 1.588564167450279285e-02
2.997000000000000000e+03 1.587889657965266266e-02
2.998000000000000000e+03 1.587151590453973402e-02
2.999000000000000000e+03 1.586352541657926052e-02
3.000000000000000000e+03 1.585496896622824378e-02
3.001000000000000000e+03 1.584590483969655281e-02
3.002000000000000000e+03 1.583640456838197527e-02
3.003000000000000000e+03 1.582655152885812863e-02
3.004000000000000000e+03 1.581643213628226852e-02
3.005000000000000000e+03 1.580613213981255788e-02
3.006000000000000000e+03 1.579573551554616651e-02
3.007000000000000000e+03 1.578531457818489400e-02
3.008000000000000000e+03 1.577492970448245158e-02
3.009000000000000000e+03 1.576462676686393727e-02
3.010000000000000000e+03 1.575443172787395138e-02
3.011000000000000000e+03 1.574435095876182411e-02
3.012000000000000000e+03 1.573436958600993654e-02
3.013000000000000000e+03 1.572444926938070670e-02
3.014000000000000000e+03 1.571453047309420703e-02
3.015000000000000000e+03 1.570453384110050490e-02
3.016000000000000000e+03 1.569436564703314413e-02
3.017000000000000000e+03 1.568391789522726246e-02
3.018000000000000000e+03 1.567307840401501590e-02
3.019000000000000000e+03 1.566173531040520109e-02
3.020000000000000000e+03 1.564978138091520712e-02
3.021000000000000000e+03 1.563711885992265238e-02
3.022000000000000000e+03 1.562365650755417890e-02
3.023000000000000000e+03 1.560931506542623248e-02
3.024000000000000000e+03 1.559403510863199664e-02
3.025000000000000000e+03 1.557777159298009972e-02
3.026000000000000000e+03 1.556049843344060185e-02
3.027000000000000000e+03 1.554220068511669856e-02
3.028000000000000000e+03 1.552287429922216341e-02
3.029000000000000000e+03 1.550252615185137434e-02
3.030000000000000000e+03 1.548117071564215907e-02
3.031000000000000000e+03 1.545882594962738957e-02
3.032000000000000000e+03 1.543551120936271018e-02
3.033000000000000000e+03 1.541124058561866780e-02
3.034000000000000000e+03 1.538601850797935953e-02
3.035000000000000000e+03 1.535983705700120355e-02
3.036000000000000000e+03 1.533267379308699691e-02
3.037000000000000000e+03 1.530449144981913326e-02
3.038000000000000000e+03 1.527523414598050411e-02
3.039000000000000000e+03 1.524482841598065117e-02
3.040000000000000000e+03 1.521318906355087659e-02
3.041000000000000000e+03 1.518022229877735198e-02
3.042000000000000000e+03 1.514582527239896267e-02
3.043000000000000000e+03 1.510988673431405520e-02
3.044000000000000000e+03 1.507229556736325651e-02
3.045000000000000000e+03 1.503294515819077887e-02
3.046000000000000000e+03 1.499173530882278935e-02
3.047000000000000000e+03 1.494857575076842526e-02
3.048000000000000000e+03 1.490339002929256737e-02
3.049000000000000000e+03 1.485612019159123984e-02
3.050000000000000000e+03 1.480672631301205647e-02
3.051000000000000000e+03 1.475518600886894030e-02
3.052000000000000000e+03 1.470149966987423576e-02
3.053000000000000000e+03 1.464569610229304875e-02
3.054000000000000000e+03 1.458782316338502055e-02
3.055000000000000000e+03 1.452794865610729236e-02
3.056000000000000000e+03 1.446616231878550436e-02
3.057000000000000000e+03 1.440257470398136931e-02
3.058000000000000000e+03 1.433730967158915529e-02
3.059000000000000000e+03 1.427050864385264253e-02
3.060000000000000000e+03 1.420232752299934592e-02
3.061000000000000000e+03 1.413293678996589697e-02
3.062000000000000000e+03 1.406251775268078062e-02
3.063000000000000000e+03 1.399126348146981745e-02
3.064000000000000000e+03 1.391938010398618107e-02
3.065000000000000000e+03 1.384708383476029869e-02
3.066000000000000000e+03 1.377460306712079141e-02
3.067000000000000000e+03 1.370217340691438912e-02
3.068000000000000000e+03 1.363003743604097352e-02
3.069000000000000000e+03 1.355844558283186146e-02
3.070000000000000000e+03 1.348765853778356727e-02
3.071000000000000000e+03 1.341794138374711835e-02
3.072000000000000000e+03 1.334956160039906664e-02
3.073000000000000000e+03 1.328278778982048929e-02
3.074000000000000000e+03 1.321788175206465785e-02
3.075000000000000000e+03 1.315510066787058813e-02
3.076000000000000000e+03 1.309469863238228379e-02
3.077000000000000000e+03 1.303691834591092641e-02
3.078000000000000000e+03 1.298199014812436228e-02
3.079000000000000000e+03 1.293013630813055412e-02
3.080000000000000000e+03 1.288156505325869020e-02
3.081000000000000000e+03 1.283647043756463643e-02
3.082000000000000000e+03 1.279503335111823598e-02
3.083000000000000000e+03 1.275741710380595695e-02
3.084000000000000000e+03 1.272376683967842668e-02
3.085000000000000000e+03 1.269420960847398618e-02
3.086000000000000000e+03 1.266886104842500013e-02
3.087000000000000000e+03 1.264782295160889365e-02
3.088000000000000000e+03 1.263118547926005142e-02
3.089000000000000000e+03 1.261902064442167737e-02
3.090000000000000000e+03 1.261138378907838975e-02
3.091000000000000000e+03 1.260831406613541553e-02
3.092000000000000000e+03 1.260983551185065020e-02
3.093000000000000000e+03 1.261596425390497378e-02
3.094000000000000000e+03 1.262669781231156099e-02
3.095000000000000000e+03 1.264201847871398304e-02
3.096000000000000000e+03 1.266188917926786874e-02
3.097000000000000000e+03 1.268624916745424158e-02
3.098000000000000000e+03 1.271501753126430372e-02
3.099000000000000000e+03 1.274809516929761508e-02
3.100000000000000000e+03 1.278536185542469492e-02
3.101000000000000000e+03 1.282667402902699406e-02
3.102000000000000000e+03 1.287186727953582716e-02
3.103000000000000000e+03 1.292075622679137240e-02
3.104000000000000000e+03 1.297313520053657195e-02
3.105000000000000000e+03 1.302877734336655227e-02
3.106000000000000000e+03 1.308743616179325678e-02
3.107000000000000000e+03 1.314885048944098092e-02
3.108000000000000000e+03 1.321274564830502048e-02
3.109000000000000000e+03 1.327883971790995432e-02
3.110000000000000000e+03 1.334684442117541926e-02
3.111000000000000000e+03 1.341646999632835346e-02
3.112000000000000000e+03 1.348743105836191884e-02
3.113000000000000000e+03 1.355945194811128060e-02
3.114000000000000000e+03 1.363227438044647445e-02
3.115000000000000000e+03 1.370565990472601831e-02
3.116000000000000000e+03 1.377939718016403525e-02
3.117000000000000000e+03 1.385330333425592239e-02
3.118000000000000000e+03 1.392722254549349364e-02
3.119000000000000000e+03 1.400103265603051469e-02
3.120000000000000000e+03 1.407464657314530521e-02
3.121000000000000000e+03 1.414801191421741211e-02
3.122000000000000000e+03 1.422110361972154721e-02
3.123000000000000000e+03 1.429392349881031948e-02
3.124000000000000000e+03 1.436649781464257453e-02
3.125000000000000000e+03 1.443886866286677242e-02
3.126000000000000000e+03 1.451109226981087824e-02
3.127000000000000000e+03 1.458322710774060879e-02
3.128000000000000000e+03 1.465532911715683798e-02
3.129000000000000000e+03 1.472744190785944644e-02
3.130000000000000000e+03 1.479959237263789654e-02
3.131000000000000000e+03 1.487178801588517549e-02
3.132000000000000000e+03 1.494400724577869648e-02
3.133000000000000000e+03 1.501619889840084474e-02
3.134000000000000000e+03 1.508827872289308231e-02
3.135000000000000000e+03 1.516012433905016520e-02
3.136000000000000000e+03 1.523158138365348670e-02
3.137000000000000000e+03 1.530246425567670029e-02
3.138000000000000000e+03 1.537255464562330663e-02
3.139000000000000000e+03 1.544160453578979041e-02
3.140000000000000000e+03 1.550934220326601401e-02
3.141000000000000000e+03 1.557548032175466377e-02
3.142000000000000000e+03 1.563971428574212341e-02
3.143000000000000000e+03 1.570173448258004728e-02
3.144000000000000000e+03 1.576122980756143599e-02
3.145000000000000000e+03 1.581789461571043304e-02
3.146000000000000000e+03 1.587143400155136344e-02
3.147000000000000000e+03 1.592157013055859466e-02
3.148000000000000000e+03 1.596804629788933783e-02
3.149000000000000000e+03 1.601062969482764178e-02
3.150000000000000000e+03 1.604911455603088774e-02
3.151000000000000000e+03 1.608332785063940062e-02
3.152000000000000000e+03 1.611313012249625254e-02
3.153000000000000000e+03 1.613841749405038606e-02
3.154000000000000000e+03 1.615911872561307319e-02
3.155000000000000000e+03 1.617519848469079619e-02
3.156000000000000000e+03 1.618665792178771920e-02
3.157000000000000000e+03 1.619352810643762478e-02
3.158000000000000000e+03 1.619587182790082139e-02
3.159000000000000000e+03 1.619378529899227412e-02
3.160000000000000000e+03 1.618738906998595101e-02
3.161000000000000000e+03 1.617682498277467351e-02
3.162000000000000000e+03 1.616225820350899664e-02
3.163000000000000000e+03 1.614386769868975113e-02
3.164000000000000000e+03 1.612184674778074922e-02
3.165000000000000000e+03 1.609639993120973167e-02
3.166000000000000000e+03 1.606773625088026014e-02
3.167000000000000000e+03 1.603607188454316684e-02
3.168000000000000000e+03 1.600162416346386646e-02
3.169000000000000000e+03 1.596460892015981459e-02
3.170000000000000000e+03 1.592523787031668164e-02
3.171000000000000000e+03 1.588371503392233680e-02
3.172000000000000000e+03 1.584023774240325005e-02
3.173000000000000000e+03 1.579499126399501463e-02
3.174000000000000000e+03 1.574814798978727351e-02
3.175000000000000000e+03 1.569986941211680767e-02
3.176000000000000000e+03 1.565030362554395427e-02
3.177000000000000000e+03 1.559958674030398514e-02
3.178000000000000000e+03 1.554784098549526032e-02
3.179000000000000000e+03 1.549517928157835740e-02
3.180000000000000000e+03 1.544170358611453991e-02
3.181000000000000000e+03 1.538750788123084343e-02
3.182000000000000000e+03 1.533267843163982173e-02
3.183000000000000000e+03 1.527729569169102020e-02
3.184000000000000000e+03 1.522143980750457343e-02
3.185000000000000000e+03 1.516519285595326234e-02
3.186000000000000000e+03 1.510863677961456555e-02
3.187000000000000000e+03 1.505186023065714987e-02
3.188000000000000000e+03 1.499495637692221245e-02
3.189000000000000000e+03 1.493802803051550061e-02
3.190000000000000000e+03 1.488118381463557870e-02
3.191000000000000000e+03 1.482453883025704189e-02
3.192000000000000000e+03 1.476821887909770918e-02
3.193000000000000000e+03 1.471235330667999656e-02
3.194000000000000000e+03 1.465707596619954256e-02
3.195000000000000000e+03 1.460252684180549446e-02
3.196000000000000000e+03 1.454884766397283001e-02
3.197000000000000000e+03 1.449617730109581393e-02
3.198000000000000000e+03 1.444464821432520432e-02
3.199000000000000000e+03 1.439438833019098841e-02
3.200000000000000000e+03 1.434551706477046884e-02
3.201000000000000000e+03 1.429814670620142142e-02
3.202000000000000000e+03 1.425238020267504367e-02
3.203000000000000000e+03 1.420830749897590214e-02
3.204000000000000000e+03 1.416600875116009323e-02
3.205000000000000000e+03 1.412555525063398897e-02
3.206000000000000000e+03 1.408701103027145546e-02
3.207000000000000000e+03 1.405043329739233404e-02
3.208000000000000000e+03 1.401587481753541545e-02
3.209000000000000000e+03 1.398338518777111905e-02
3.210000000000000000e+03 1.395301183305676547e-02
3.211000000000000000e+03 1.392480307786846463e-02
3.212000000000000000e+03 1.389881217074806150e-02
3.213000000000000000e+03 1.387509522317122851e-02
3.214000000000000000e+03 1.385371140308047297e-02
3.215000000000000000e+03 1.383472811242206744e-02
3.216000000000000000e+03 1.381821862164578363e-02
3.217000000000000000e+03 1.380426088433129271e-02
3.218000000000000000e+03 1.379293793813188805e-02
3.219000000000000000e+03 1.378433673327525248e-02
3.220000000000000000e+03 1.377854195304104891e-02
3.221000000000000000e+03 1.377563392047950405e-02
3.222000000000000000e+03 1.377568763573023755e-02
3.223000000000000000e+03 1.377877205868211115e-02
3.224000000000000000e+03 1.378494213720703881e-02
3.225000000000000000e+03 1.379423952239245549e-02
3.226000000000000000e+03 1.380668673860138349e-02
3.227000000000000000e+03 1.382228703041426740e-02
3.228000000000000000e+03 1.384102194273232819e-02
3.229000000000000000e+03 1.386285087029347565e-02
3.230000000000000000e+03 1.388771332278213380e-02
3.231000000000000000e+03 1.391552688768612871e-02
3.232000000000000000e+03 1.394618905533338143e-02
3.233000000000000000e+03 1.397957945575431689e-02
3.234000000000000000e+03 1.401556186206195237e-02
3.235000000000000000e+03 1.405398819459520270e-02
3.236000000000000000e+03 1.409469784632022202e-02
3.237000000000000000e+03 1.413752280891414359e-02
3.238000000000000000e+03 1.418228777918271143e-02
3.239000000000000000e+03 1.422881446646352688e-02
3.240000000000000000e+03 1.427692217059814764e-02
3.241000000000000000e+03 1.432642839608751564e-02
3.242000000000000000e+03 1.437714999776975103e-02
3.243000000000000000e+03 1.442890723032514561e-02
3.244000000000000000e+03 1.448152324832351415e-02
3.245000000000000000e+03 1.453482750111376870e-02
3.246000000000000000e+03 1.458865226132403936e-02
3.247000000000000000e+03 1.464283065593763485e-02
3.248000000000000000e+03 1.469720109887266354e-02
3.249000000000000000e+03 1.475160152908426905e-02
3.250000000000000000e+03 1.480587100472624193e-02
3.251000000000000000e+03 1.485985023928470573e-02
3.252000000000000000e+03 1.491337679844700198e-02
3.253000000000000000e+03 1.496628717648274334e-02
3.254000000000000000e+03 1.501841957684993054e-02
3.255000000000000000e+03 1.506961212998242025e-02
3.256000000000000000e+03 1.511970282440524768e-02
3.257000000000000000e+03 1.516853203644438070e-02
3.258000000000000000e+03 1.521594079186888021e-02
3.259000000000000000e+03 1.526177222726139183e-02
3.260000000000000000e+03 1.530587283739979002e-02
3.261000000000000000e+03 1.534809307620997598e-02
3.262000000000000000e+03 1.538828521039532077e-02
3.263000000000000000e+03 1.542630874207349956e-02
3.264000000000000000e+03 1.546203020508425674e-02
3.265000000000000000e+03 1.549532286986775656e-02
3.266000000000000000e+03 1.552606844459233568e-02
3.267000000000000000e+03 1.555415644718209124e-02
3.268000000000000000e+03 1.557948618575972187e-02
3.269000000000000000e+03 1.560196559328903484e-02
3.270000000000000000e+03 1.562151219855259510e-02
3.271000000000000000e+03 1.563805551914788233e-02
3.272000000000000000e+03 1.565153560827484830e-02
3.273000000000000000e+03 1.566190395664375859e-02
3.274000000000000000e+03 1.566912722800684055e-02
3.275000000000000000e+03 1.567318318214518114e-02
3.276000000000000000e+03 1.567406358484783879e-02
3.277000000000000000e+03 1.567177257815359492e-02
3.278000000000000000e+03 1.566632821255644487e-02
3.279000000000000000e+03 1.565776324137407860e-02
3.280000000000000000e+03 1.564612397690186979e-02
3.281000000000000000e+03 1.563146866786361416e-02
3.282000000000000000e+03 1.561386746581220134e-02
3.283000000000000000e+03 1.559340137775575702e-02
3.284000000000000000e+03 1.557015414343654661e-02
3.285000000000000000e+03 1.554421477166277946e-02
3.286000000000000000e+03 1.551567766724709120e-02
3.287000000000000000e+03 1.548463981538916734e-02
3.288000000000000000e+03 1.545120055106851548e-02
3.289000000000000000e+03 1.541545872420388950e-02
3.290000000000000000e+03 1.537751238828870270e-02
3.291000000000000000e+03 1.533746278552724010e-02
3.292000000000000000e+03 1.529540979793348777e-02
3.293000000000000000e+03 1.525145570411354581e-02
3.294000000000000000e+03 1.520570551831329324e-02
3.295000000000000000e+03 1.515827172757887309e-02
3.296000000000000000e+03 1.510927111575343859e-02
3.297000000000000000e+03 1.505883105329004421e-02
3.298000000000000000e+03 1.500708937965871889e-02
3.299000000000000000e+03 1.495419515650751874e-02
3.300000000000000000e+03 1.490030897209106142e-02
3.301000000000000000e+03 1.484560408529571156e-02
3.302000000000000000e+03 1.479026739624263523e-02
3.303000000000000000e+03 1.473449876899792128e-02
3.304000000000000000e+03 1.467851476027502711e-02
3.305000000000000000e+03 1.462254110589201843e-02
3.306000000000000000e+03 1.456680984456665447e-02
3.307000000000000000e+03 1.451155797766004625e-02
3.308000000000000000e+03 1.445702681829917971e-02
3.309000000000000000e+03 1.440346051663016907e-02
3.310000000000000000e+03 1.435110032975191185e-02
3.311000000000000000e+03 1.430017984016305338e-02
3.312000000000000000e+03 1.425092500161733063e-02
3.313000000000000000e+03 1.420354829848291187e-02
3.314000000000000000e+03 1.415824745617725450e-02
3.315000000000000000e+03 1.411520227769444066e-02
3.316000000000000000e+03 1.407457098746388476e-02
3.317000000000000000e+03 1.403648910978557568e-02
3.318000000000000000e+03 1.400106454056912128e-02
3.319000000000000000e+03 1.396837190410380944e-02
3.320000000000000000e+03 1.393845775782408779e-02
3.321000000000000000e+03 1.391133669291579229e-02
3.322000000000000000e+03 1.388699280340189787e-02
3.323000000000000000e+03 1.386537899825204985e-02
3.324000000000000000e+03 1.384642306842011686e-02
3.325000000000000000e+03 1.383002816488810779e-02
3.326000000000000000e+03 1.381607672474716511e-02
3.327000000000000000e+03 1.380443581155717594e-02
3.328000000000000000e+03 1.379495949392078348e-02
3.329000000000000000e+03 1.378749163175630073e-02
3.330000000000000000e+03 1.378187231464949453e-02
3.331000000000000000e+03 1.377794354962028241e-02
3.332000000000000000e+03 1.377555319343734888e-02
3.333000000000000000e+03 1.377456096459792230e-02
3.334000000000000000e+03 1.377484161092901865e-02
3.335000000000000000e+03 1.377628267142920471e-02
3.336000000000000000e+03 1.377878942533086737e-02
3.337000000000000000e+03 1.378228730759999826e-02
3.338000000000000000e+03 1.378671346231133757e-02
3.339000000000000000e+03 1.379202519895012663e-02
3.340000000000000000e+03 1.379819876488302434e-02
3.341000000000000000e+03 1.380522306768793180e-02
3.342000000000000000e+03 1.381309592033484052e-02
3.343000000000000000e+03 1.382182169208860840e-02
3.344000000000000000e+03 1.383140701314741067e-02
3.345000000000000000e+03 1.384185889756121141e-02
3.346000000000000000e+03 1.385317809135813531e-02
3.347000000000000000e+03 1.386535871382076415e-02
3.348000000000000000e+03 1.387838507400398699e-02
3.349000000000000000e+03 1.389223129736223694e-02
3.350000000000000000e+03 1.390686258569828748e-02
3.351000000000000000e+03 1.392222966962740165e-02
3.352000000000000000e+03 1.393826998137291315e-02
3.353000000000000000e+03 1.395491293036292373e-02
3.354000000000000000e+03 1.397207991794740395e-02
3.355000000000000000e+03 1.398968461417081366e-02
3.356000000000000000e+03 1.400763326278792187e-02
3.357000000000000000e+03 1.402583300169954125e-02
3.358000000000000000e+03 1.404419259695554277e-02
3.359000000000000000e+03 1.406262608248079124e-02
3.360000000000000000e+03 1.408104823496648950e-02
3.361000000000000000e+03 1.409938283846410949e-02
3.362000000000000000e+03 1.411756407134244495e-02
3.363000000000000000e+03 1.413553548406110139e-02
3.364000000000000000e+03 1.415325095744719708e-02
3.365000000000000000e+03 1.417067280366740047e-02
3.366000000000000000e+03 1.418777007497588720e-02
3.367000000000000000e+03 1.420452034211068873e-02
3.368000000000000000e+03 1.422090552131476462e-02
3.369000000000000000e+03 1.423691445581088538e-02
3.370000000000000000e+03 1.425253737590867313e-02
3.371000000000000000e+03 1.426776351543000351e-02
3.372000000000000000e+03 1.428258178862145192e-02
3.373000000000000000e+03 1.429697626744984296e-02
3.374000000000000000e+03 1.431092266237389728e-02
3.375000000000000000e+03 1.432439136360705995e-02
3.376000000000000000e+03 1.433734781794682861e-02
3.377000000000000000e+03 1.434974936329736980e-02
3.378000000000000000e+03 1.436154411044462779e-02
3.379000000000000000e+03 1.437267444042471948e-02
3.380000000000000000e+03 1.438307318481944243e-02
3.381000000000000000e+03 1.439266346997132920e-02
3.382000000000000000e+03 1.440136611303489619e-02
3.383000000000000000e+03 1.440909841361714613e-02
3.384000000000000000e+03 1.441577516935184725e-02
3.385000000000000000e+03 1.442131044535882416e-02
3.386000000000000000e+03 1.442562026614425084e-02
3.387000000000000000e+03 1.442863050593346137e-02
3.388000000000000000e+03 1.443027779660504238e-02
3.389000000000000000e+03 1.443050560783868362e-02
3.390000000000000000e+03 1.442927234844542522e-02
3.391000000000000000e+03 1.442655211134524426e-02
3.392000000000000000e+03 1.442233652634835120e-02
3.393000000000000000e+03 1.441663368834395290e-02
3.394000000000000000e+03 1.440947193790223513e-02
3.395000000000000000e+03 1.440089687252478490e-02
3.396000000000000000e+03 1.439097047114682934e-02
3.397000000000000000e+03 1.437977033188307316e-02
3.398000000000000000e+03 1.436738721944564798e-02
3.399000000000000000e+03 1.435392438017613417e-02
3.400000000000000000e+03 1.433949816816680947e-02
3.401000000000000000e+03 1.432422950087563346e-02
3.402000000000000000e+03 1.430824549206538739e-02
3.403000000000000000e+03 1.429167364000343866e-02
3.404000000000000000e+03 1.427464039668053554e-02
3.405000000000000000e+03 1.425726892683883834e-02
3.406000000000000000e+03 1.423967827109926323e-02
3.407000000000000000e+03 1.422198053348107394e-02
3.408000000000000000e+03 1.420427754906383733e-02
3.409000000000000000e+03 1.418666059684605893e-02
3.410000000000000000e+03 1.416921019715846469e-02
3.411000000000000000e+03 1.415199598504579895e-02
3.412000000000000000e+03 1.413507787900605481e-02
3.413000000000000000e+03 1.411850775670301858e-02
3.414000000000000000e+03 1.410232925305239006e-02
3.415000000000000000e+03 1.408658058953506792e-02
3.416000000000000000e+03 1.407129699314944860e-02
3.417000000000000000e+03 1.405651337073511239e-02
3.418000000000000000e+03 1.404226523775535009e-02
3.419000000000000000e+03 1.402859398562321044e-02
3.420000000000000000e+03 1.401554530602134273e-02
3.421000000000000000e+03 1.400317011070125774e-02
3.422000000000000000e+03 1.399153089974473560e-02
3.423000000000000000e+03 1.398069504089253720e-02
3.424000000000000000e+03 1.397073905040370143e-02
3.425000000000000000e+03 1.396174861433359567e-02
3.426000000000000000e+03 1.395381689368736453e-02
3.427000000000000000e+03 1.394704166786999919e-02
3.428000000000000000e+03 1.394152621290344063e-02
3.429000000000000000e+03 1.393737571111090812e-02
3.430000000000000000e+03 1.393469473437095561e-02
3.431000000000000000e+03 1.393358689443421894e-02
3.432000000000000000e+03 1.393415127760628050e-02
3.433000000000000000e+03 1.393648068931663611e-02
3.434000000000000000e+03 1.394065470132156009e-02
3.435000000000000000e+03 1.394673972232707455e-02
3.436000000000000000e+03 1.395478767372501823e-02
3.437000000000000000e+03 1.396483346898292136e-02
3.438000000000000000e+03 1.397689344632558825e-02
3.439000000000000000e+03 1.399096396576180769e-02
3.440000000000000000e+03 1.400702354998186426e-02
3.441000000000000000e+03 1.402503649110974429e-02
3.442000000000000000e+03 1.404494728187729094e-02
3.443000000000000000e+03 1.406668366409814797e-02
3.444000000000000000e+03 1.409015905303581326e-02
3.445000000000000000e+03 1.411527422070648144e-02
3.446000000000000000e+03 1.414191698247320092e-02
3.447000000000000000e+03 1.416996694547787566e-02
3.448000000000000000e+03 1.419929957578507443e-02
3.449000000000000000e+03 1.422978660247628535e-02
3.450000000000000000e+03 1.426129677872969848e-02
3.451000000000000000e+03 1.429369897178658748e-02
3.452000000000000000e+03 1.432686351884744809e-02
3.453000000000000000e+03 1.436066348331571305e-02
3.454000000000000000e+03 1.439497109987572521e-02
3.455000000000000000e+03 1.442966354873190249e-02
3.456000000000000000e+03 1.446462188950346783e-02
3.457000000000000000e+03 1.449973236566464048e-02
3.458000000000000000e+03 1.453488503122133887e-02
3.459000000000000000e+03 1.456997146926283446e-02
3.460000000000000000e+03 1.460488943084281219e-02
3.461000000000000000e+03 1.463954364372516484e-02
3.462000000000000000e+03 1.467384468475851217e-02
3.463000000000000000e+03 1.470770891919615658e-02
3.464000000000000000e+03 1.474105869972993851e-02
3.465000000000000000e+03 1.477382436124756102e-02
3.466000000000000000e+03 1.480594415199083108e-02
3.467000000000000000e+03 1.483737022318622201e-02
3.468000000000000000e+03 1.486806891136592014e-02
3.469000000000000000e+03 1.489801503249234618e-02
3.470000000000000000e+03 1.492719644628512712e-02
3.471000000000000000e+03 1.495561169238979714e-02
3.472000000000000000e+03 1.498326647550812449e-02
3.473000000000000000e+03 1.501017396123149536e-02
3.474000000000000000e+03 1.503635175050610159e-02
3.475000000000000000e+03 1.506182185860243175e-02
3.476000000000000000e+03 1.508661083222516235e-02
3.477000000000000000e+03 1.511074639098267634e-02
3.478000000000000000e+03 1.513425402789196975e-02
3.479000000000000000e+03 1.515715510752677249e-02
3.480000000000000000e+03 1.517946786870801208e-02
3.481000000000000000e+03 1.520120546146031329e-02
3.482000000000000000e+03 1.522237736585876910e-02
3.483000000000000000e+03 1.524298785943939069e-02
3.484000000000000000e+03 1.526303742831564177e-02
3.485000000000000000e+03 1.528252494206787729e-02
3.486000000000000000e+03 1.530144933484824457e-02
3.487000000000000000e+03 1.531981102218323357e-02
3.488000000000000000e+03 1.533761422106318453e-02
3.489000000000000000e+03 1.535486605953937170e-02
3.490000000000000000e+03 1.537158079893265542e-02
3.491000000000000000e+03 1.538777413408448300e-02
3.492000000000000000e+03 1.540346163670684373e-02
3.493000000000000000e+03 1.541866344564588390e-02
3.494000000000000000e+03 1.543340348437367317e-02
3.495000000000000000e+03 1.544771092896142853e-02
3.496000000000000000e+03 1.546161088678767344e-02
3.497000000000000000e+03 1.547512373607805997e-02
3.498000000000000000e+03 1.548826502863693763e-02
3.499000000000000000e+03 1.550104241838187909e-02
3.500000000000000000e+03 1.551345303052186625e-02
3.501000000000000000e+03 1.552548582385378240e-02
3.502000000000000000e+03 1.553711826207306718e-02
3.503000000000000000e+03 1.554831288884360799e-02
3.504000000000000000e+03 1.555902128018576622e-02
3.505000000000000000e+03 1.556918317266552804e-02
3.506000000000000000e+03 1.557872818901507098e-02
3.507000000000000000e+03 1.558757615694751110e-02
3.508000000000000000e+03 1.559563549948828586e-02
3.509000000000000000e+03 1.560280422509835452e-02
3.510000000000000000e+03 1.560897407665512437e-02
3.511000000000000000e+03 1.561403246122488112e-02
3.512000000000000000e+03 1.561786508194424640e-02
3.513000000000000000e+03 1.562035699333639595e-02
3.514000000000000000e+03 1.562139400895843667e-02
3.515000000000000000e+03 1.562086447123131952e-02
3.516000000000000000e+03 1.561865953872185533e-02
3.517000000000000000e+03 1.561467598066388490e-02
3.518000000000000000e+03 1.560881580172902502e-02
3.519000000000000000e+03 1.560098849134633828e-02
3.520000000000000000e+03 1.559111885127744540e-02
3.521000000000000000e+03 1.557915222259300368e-02
3.522000000000000000e+03 1.556504813786594235e-02
3.523000000000000000e+03 1.554878609515995824e-02
3.524000000000000000e+03 1.553036948459214986e-02
3.525000000000000000e+03 1.550982565956259690e-02
3.526000000000000000e+03 1.548720828875246522e-02
3.527000000000000000e+03 1.546259484977045330e-02
3.528000000000000000e+03 1.543608678955986357e-02
3.529000000000000000e+03 1.540780910271683998e-02
3.530000000000000000e+03 1.537790880003203631e-02
3.531000000000000000e+03 1.534655176085163511e-02
3.532000000000000000e+03 1.531392302035247330e-02
3.533000000000000000e+03 1.528021946588615718e-02
3.534000000000000000e+03 1.524564549844560982e-02
3.535000000000000000e+03 1.521041214241326649e-02
3.536000000000000000e+03 1.517473532237060066e-02
3.537000000000000000e+03 1.513883054250618997e-02
3.538000000000000000e+03 1.510290940250169460e-02
3.539000000000000000e+03 1.506717565958327898e-02
3.540000000000000000e+03 1.503182529864378891e-02
3.541000000000000000e+03 1.499704443316670840e-02
3.542000000000000000e+03 1.496300918691690143e-02
3.543000000000000000e+03 1.492988602371518245e-02
3.544000000000000000e+03 1.489782710245516825e-02
3.545000000000000000e+03 1.486697241592967525e-02
3.546000000000000000e+03 1.483745127627028419e-02
3.547000000000000000e+03 1.480937928526327579e-02
3.548000000000000000e+03 1.478286041491919112e-02
3.549000000000000000e+03 1.475798743345066097e-02
3.550000000000000000e+03 1.473484163372584463e-02
3.551000000000000000e+03 1.471349217403033691e-02
3.552000000000000000e+03 1.469399496208394912e-02
3.553000000000000000e+03 1.467639158924867980e-02
3.554000000000000000e+03 1.466071056319869469e-02
3.555000000000000000e+03 1.464696665323542493e-02
3.556000000000000000e+03 1.463516136509018621e-02
3.557000000000000000e+03 1.462528582755105722e-02
3.558000000000000000e+03 1.461731546350570829e-02
3.559000000000000000e+03 1.461121063709081361e-02
3.560000000000000000e+03 1.460691767977319311e-02
3.561000000000000000e+03 1.460436445486924285e-02
3.562000000000000000e+03 1.460346465586947334e-02
3.563000000000000000e+03 1.460411896475418900e-02
3.564000000000000000e+03 1.460621761338296021e-02
3.565000000000000000e+03 1.460963626897817356e-02
3.566000000000000000e+03 1.461423819142359734e-02
3.567000000000000000e+03 1.461987459273920986e-02
3.568000000000000000e+03 1.462639020623933417e-02
3.569000000000000000e+03 1.463362699546527992e-02
3.570000000000000000e+03 1.464142278585814187e-02
3.571000000000000000e+03 1.464961296824069531e-02
3.572000000000000000e+03 1.465803312737857036e-02
3.573000000000000000e+03 1.466652514761129095e-02
3.574000000000000000e+03 1.467493728884194937e-02
3.575000000000000000e+03 1.468312336932642292e-02
3.576000000000000000e+03 1.469094647713383578e-02
3.577000000000000000e+03 1.469827791223890859e-02
3.578000000000000000e+03 1.470499933844079260e-02
3.579000000000000000e+03 1.471100353319503701e-02
3.580000000000000000e+03 1.471619191328193271e-02
3.581000000000000000e+03 1.472047326664832970e-02
3.582000000000000000e+03 1.472376803458197957e-02
3.583000000000000000e+03 1.472600648137144252e-02
3.584000000000000000e+03 1.472712382438149357e-02
3.585000000000000000e+03 1.472706216111011740e-02
3.586000000000000000e+03 1.472576747813126793e-02
3.587000000000000000e+03 1.472319061774941991e-02
3.588000000000000000e+03 1.471928842138650259e-02
3.589000000000000000e+03 1.471402389275270825e-02
3.590000000000000000e+03 1.470736461949593253e-02
3.591000000000000000e+03 1.469928391796987768e-02
3.592000000000000000e+03 1.468976136852232633e-02
3.593000000000000000e+03 1.467878525379175125e-02
3.594000000000000000e+03 1.466635016240508925e-02
3.595000000000000000e+03 1.465246326084015775e-02
3.596000000000000000e+03 1.463714143321567275e-02
3.597000000000000000e+03 1.462041083481738571e-02
3.598000000000000000e+03 1.460231215338038749e-02
3.599000000000000000e+03 1.458289631145408272e-02
3.600000000000000000e+03 1.456222332319151089e-02
3.601000000000000000e+03 1.454036553015644780e-02
3.602000000000000000e+03 1.451740763977679358e-02
3.603000000000000000e+03 1.449344370527165179e-02
3.604000000000000000e+03 1.446857701687265241e-02
3.605000000000000000e+03 1.444291698977025196e-02
3.606000000000000000e+03 1.441657955901120072e-02
3.607000000000000000e+03 1.438968944083532722e-02
3.608000000000000000e+03 1.436238154514345514e-02
3.609000000000000000e+03 1.433479661316207007e-02
3.610000000000000000e+03 1.430707778027966517e-02
3.611000000000000000e+03 1.427937278302174665e-02
3.612000000000000000e+03 1.425183586101939903e-02
3.613000000000000000e+03 1.422462441311800677e-02
3.614000000000000000e+03 1.419789602371264621e-02
3.615000000000000000e+03 1.417180551995432872e-02
3.616000000000000000e+03 1.414650447094450286e-02
3.617000000000000000e+03 1.412214056431534796e-02
3.618000000000000000e+03 1.409885688767384404e-02
3.619000000000000000e+03 1.407678745328026435e-02
3.620000000000000000e+03 1.405605692698304321e-02
3.621000000000000000e+03 1.403677657837750295e-02
3.622000000000000000e+03 1.401904178629517772e-02
3.623000000000000000e+03 1.400293187829010008e-02
3.624000000000000000e+03 1.398850472443028889e-02
3.625000000000000000e+03 1.397579791118259453e-02
3.626000000000000000e+03 1.396482455267563684e-02
3.627000000000000000e+03 1.395557189501515569e-02
3.628000000000000000e+03 1.394800078418291858e-02
3.629000000000000000e+03 1.394204350637685483e-02
3.630000000000000000e+03 1.393760384958256729e-02
3.631000000000000000e+03 1.393455841414863693e-02
3.632000000000000000e+03 1.393275617957478660e-02
3.633000000000000000e+03 1.393202078505844516e-02
3.634000000000000000e+03 1.393215457485135617e-02
3.635000000000000000e+03 1.393293882544756682e-02
3.636000000000000000e+03 1.393413729058733640e-02
3.637000000000000000e+03 1.393549882263643742e-02
3.638000000000000000e+03 1.393676236148179079e-02
3.639000000000000000e+03 1.393765790201659943e-02
3.640000000000000000e+03 1.393791189304486797e-02
3.641000000000000000e+03 1.393725561475023245e-02
3.642000000000000000e+03 1.393542490582156367e-02
3.643000000000000000e+03 1.393217049350830607e-02
3.644000000000000000e+03 1.392726041182233525e-02
3.645000000000000000e+03 1.392048264676041050e-02
3.646000000000000000e+03 1.391165189040292557e-02
3.647000000000000000e+03 1.390061403650371709e-02
3.648000000000000000e+03 1.388724595340540963e-02
3.649000000000000000e+03 1.387145935618445611e-02
3.650000000000000000e+03 1.385320313532417691e-02
3.651000000000000000e+03 1.383246581425088065e-02
3.652000000000000000e+03 1.380927285793787269e-02
3.653000000000000000e+03 1.378369384229729405e-02
3.654000000000000000e+03 1.375584048686924639e-02
3.655000000000000000e+03 1.372586548923245345e-02
3.656000000000000000e+03 1.369395881248290647e-02
3.657000000000000000e+03 1.366034457903793874e-02
3.658000000000000000e+03 1.362528153915720450e-02
3.659000000000000000e+03 1.358906019783729865e-02
3.660000000000000000e+03 1.355199785410753435e-02
3.661000000000000000e+03 1.351443659292684771e-02
3.662000000000000000e+03 1.347673690399919799e-02
3.663000000000000000e+03 1.343927341050685405e-02
3.664000000000000000e+03 1.340242958674232529e-02
3.665000000000000000e+03 1.336659324291249173e-02
3.666000000000000000e+03 1.333214903196490095e-02
3.667000000000000000e+03 1.329946783027755562e-02
3.668000000000000000e+03 1.326890592845396746e-02
3.669000000000000000e+03 1.324080488955951644e-02
3.670000000000000000e+03 1.321548060627345325e-02
3.671000000000000000e+03 1.319322209329973350e-02
3.672000000000000000e+03 1.317428876107774871e-02
3.673000000000000000e+03 1.315890602694458345e-02
3.674000000000000000e+03 1.314726249228476487e-02
3.675000000000000000e+03 1.313950919254673784e-02
3.676000000000000000e+03 1.313576080702015016e-02
3.677000000000000000e+03 1.313608989773254812e-02
3.678000000000000000e+03 1.314053767702888682e-02
3.679000000000000000e+03 1.314911172315560810e-02
3.680000000000000000e+03 1.316178404834319679e-02
3.681000000000000000e+03 1.317849675217190944e-02
3.682000000000000000e+03 1.319916348433722644e-02
3.683000000000000000e+03 1.322367554895414674e-02
3.684000000000000000e+03 1.325190412021680537e-02
3.685000000000000000e+03 1.328370409693303660e-02
3.686000000000000000e+03 1.331891647580195348e-02
3.687000000000000000e+03 1.335737523068934729e-02
3.688000000000000000e+03 1.339890798263664203e-02
3.689000000000000000e+03 1.344333866668969216e-02
3.690000000000000000e+03 1.349048404074427998e-02
3.691000000000000000e+03 1.354015737350294964e-02
3.692000000000000000e+03 1.359217118963705964e-02
3.693000000000000000e+03 1.364633847486338564e-02
3.694000000000000000e+03 1.370246789496377439e-02
3.695000000000000000e+03 1.376036666562028069e-02
3.696000000000000000e+03 1.381983991444102333e-02
3.697000000000000000e+03 1.388068789212571277e-02
3.698000000000000000e+03 1.394270649411677963e-02
3.699000000000000000e+03 1.400568295291744828e-02
3.700000000000000000e+03 1.406939835196214378e-02
3.701000000000000000e+03 1.413362676109237992e-02
3.702000000000000000e+03 1.419813405448575386e-02
3.703000000000000000e+03 1.426268020980133236e-02
3.704000000000000000e+03 1.432702154819998422e-02
3.705000000000000000e+03 1.439091174817077462e-02
3.706000000000000000e+03 1.445410419069828242e-02
3.707000000000000000e+03 1.451635433960770695e-02
3.708000000000000000e+03 1.457742318208198051e-02
3.709000000000000000e+03 1.463708323970265221e-02
3.710000000000000000e+03 1.469511856834932600e-02
3.711000000000000000e+03 1.475132860837895937e-02
3.712000000000000000e+03 1.480553222772006128e-02
3.713000000000000000e+03 1.485757177499803794e-02
3.714000000000000000e+03 1.490731378939417345e-02
3.715000000000000000e+03 1.495465227027330431e-02
3.716000000000000000e+03 1.499951025297606086e-02
3.717000000000000000e+03 1.504184006649333244e-02
3.718000000000000000e+03 1.508161889329422828e-02
3.719000000000000000e+03 1.511885303961625626e-02
3.720000000000000000e+03 1.515357315830972648e-02
3.721000000000000000e+03 1.518583580697262236e-02
3.722000000000000000e+03 1.521572296439949873e-02
3.723000000000000000e+03 1.524333539267971535e-02
3.724000000000000000e+03 1.526879229882804195e-02
3.725000000000000000e+03 1.529222402529700764e-02
3.726000000000000000e+03 1.531376936349394119e-02
3.727000000000000000e+03 1.533357718810583921e-02
3.728000000000000000e+03 1.535179969113304940e-02
3.729000000000000000e+03 1.536859083123238816e-02
3.730000000000000000e+03 1.538410695562159904e-02
3.731000000000000000e+03 1.539849849069152565e-02
3.732000000000000000e+03 1.541191288667623747e-02
3.733000000000000000e+03 1.542449058713385099e-02
3.734000000000000000e+03 1.543635988613109924e-02
3.735000000000000000e+03 1.544763850627886570e-02
3.736000000000000000e+03 1.545842687855174605e-02
3.737000000000000000e+03 1.546881115121136532e-02
3.738000000000000000e+03 1.547885820587737576e-02
3.739000000000000000e+03 1.548861343917972387e-02
3.740000000000000000e+03 1.549810491488600069e-02
3.741000000000000000e+03 1.550734034643461504e-02
3.742000000000000000e+03 1.551630208604641049e-02
3.743000000000000000e+03 1.552494550217238013e-02
3.744000000000000000e+03 1.553320775103653531e-02
3.745000000000000000e+03 1.554100637351234215e-02
3.746000000000000000e+03 1.554823647180378701e-02
3.747000000000000000e+03 1.555477828073327518e-02
3.748000000000000000e+03 1.556049533594463553e-02
3.749000000000000000e+03 1.556523811251130096e-02
3.750000000000000000e+03 1.556884836239676682e-02
3.751000000000000000e+03 1.557116117112858009e-02
3.752000000000000000e+03 1.557200698978995768e-02
3.753000000000000000e+03 1.557121638211908868e-02
3.754000000000000000e+03 1.556862204939628985e-02
3.755000000000000000e+03 1.556406332554351180e-02
3.756000000000000000e+03 1.555739304070107021e-02
3.757000000000000000e+03 1.554847680843876069e-02
3.758000000000000000e+03 1.553719812192638425e-02
3.759000000000000000e+03 1.552345948786061809e-02
3.760000000000000000e+03 1.550718575328214471e-02
3.761000000000000000e+03 1.548832876372964636e-02
3.762000000000000000e+03 1.546686626670054632e-02
3.763000000000000000e+03 1.544280413294433704e-02
3.764000000000000000e+03 1.541618072539387672e-02
3.765000000000000000e+03 1.538706771492785556e-02
3.766000000000000000e+03 1.535556791800840246e-02
3.767000000000000000e+03 1.532181083178753810e-02
3.768000000000000000e+03 1.528595162618852019e-02
3.769000000000000000e+03 1.524817619246509638e-02
3.770000000000000000e+03 1.520869998058285884e-02
3.771000000000000000e+03 1.516776028456870776e-02
3.772000000000000000e+03 1.512561056578896890e-02
3.773000000000000000e+03 1.508252035277827217e-02
3.774000000000000000e+03 1.503876867613512108e-02
3.775000000000000000e+03 1.499464037637961329e-02
3.776000000000000000e+03 1.495041908309555079e-02
3.777000000000000000e+03 1.490638403748069385e-02
3.778000000000000000e+03 1.486280988862160105e-02
3.779000000000000000e+03 1.481995689157845561e-02
3.780000000000000000e+03 1.477806959121686844e-02
3.781000000000000000e+03 1.473737106613404874e-02
3.782000000000000000e+03 1.469806456045587816e-02
3.783000000000000000e+03 1.466033283744023336e-02
3.784000000000000000e+03 1.462433102299895427e-02
3.785000000000000000e+03 1.459018789776465874e-02
3.786000000000000000e+03 1.455800433979098987e-02
3.787000000000000000e+03 1.452785280194239526e-02
3.788000000000000000e+03 1.449977574271483702e-02
3.789000000000000000e+03 1.447378843915545638e-02
3.790000000000000000e+03 1.444987632164951644e-02
3.791000000000000000e+03 1.442799705004133883e-02
3.792000000000000000e+03 1.440808548226069769e-02
3.793000000000000000e+03 1.439005114073808878e-02
3.794000000000000000e+03 1.437377884959685492e-02
3.795000000000000000e+03 1.435914059921549954e-02
3.796000000000000000e+03 1.434599203583034922e-02
3.797000000000000000e+03 1.433417754970852179e-02
3.798000000000000000e+03 1.432353444438278986e-02
3.799000000000000000e+03 1.431389802292386444e-02
3.800000000000000000e+03 1.430510424325465851e-02
3.801000000000000000e+03 1.429699438977880509e-02
3.802000000000000000e+03 1.428941683582874919e-02
3.803000000000000000e+03 1.428223059129125894e-02
3.804000000000000000e+03 1.427531029000499163e-02
3.805000000000000000e+03 1.426854477160492338e-02
3.806000000000000000e+03 1.426184216732671872e-02
3.807000000000000000e+03 1.425513151455311441e-02
3.808000000000000000e+03 1.424836517086950152e-02
3.809000000000000000e+03 1.424151776927900896e-02
3.810000000000000000e+03 1.423458859974179730e-02
3.811000000000000000e+03 1.422760091687046494e-02
3.812000000000000000e+03 1.422059794006445832e-02
3.813000000000000000e+03 1.421364041534216478e-02
3.814000000000000000e+03 1.420680655845659238e-02
3.815000000000000000e+03 1.420018918281524406e-02
3.816000000000000000e+03 1.419389294767140625e-02
3.817000000000000000e+03 1.418803356763649777e-02
3.818000000000000000e+03 1.418272951300049607e-02
3.819000000000000000e+03 1.417810405252641417e-02
3.820000000000000000e+03 1.417428370052987475e-02
3.821000000000000000e+03 1.417139126426283230e-02
3.822000000000000000e+03 1.416954423858742679e-02
3.823000000000000000e+03 1.416884868633399956e-02
3.824000000000000000e+03 1.416939671712664529e-02
3.825000000000000000e+03 1.417126401743072465e-02
3.826000000000000000e+03 1.417451056305472391e-02
3.827000000000000000e+03 1.417917722881803337e-02
3.828000000000000000e+03 1.418528457108732786e-02
3.829000000000000000e+03 1.419282807413856443e-02
3.830000000000000000e+03 1.420177777608226666e-02
3.831000000000000000e+03 1.421208368510774693e-02
3.832000000000000000e+03 1.422367401192208697e-02
3.833000000000000000e+03 1.423645392226167289e-02
3.834000000000000000e+03 1.425030791841932869e-02
3.835000000000000000e+03 1.426510319924344239e-02
3.836000000000000000e+03 1.428069335987942542e-02
3.837000000000000000e+03 1.429692370351853467e-02
3.838000000000000000e+03 1.431363098730952660e-02
3.839000000000000000e+03 1.433064688561393185e-02
3.840000000000000000e+03 1.434780100592669347e-02
3.841000000000000000e+03 1.436492703590847020e-02
3.842000000000000000e+03 1.438186451114127976e-02
3.843000000000000000e+03 1.439846289270504606e-02
3.844000000000000000e+03 1.441458483847444377e-02
3.845000000000000000e+03 1.443010729768287419e-02
3.846000000000000000e+03 1.444492621561347528e-02
3.847000000000000000e+03 1.445896127810997189e-02
3.848000000000000000e+03 1.447215354377716541e-02
3.849000000000000000e+03 1.448446838708669811e-02
3.850000000000000000e+03 1.449589269326293471e-02
3.851000000000000000e+03 1.450643589698923271e-02
3.852000000000000000e+03 1.451613119772994509e-02
3.853000000000000000e+03 1.452503179335006174e-02
3.854000000000000000e+03 1.453321287975315249e-02
3.855000000000000000e+03 1.454076502572346566e-02
3.856000000000000000e+03 1.454779221984014992e-02
3.857000000000000000e+03 1.455440983728258086e-02
3.858000000000000000e+03 1.456073776128954944e-02
3.859000000000000000e+03 1.456690218090402750e-02
3.860000000000000000e+03 1.457302475343155539e-02
3.861000000000000000e+03 1.457922216702374485e-02
3.862000000000000000e+03 1.458560360688235073e-02
3.863000000000000000e+03 1.459226259958126999e-02
3.864000000000000000e+03 1.459927745916474520e-02
3.865000000000000000e+03 1.460670936918165644e-02
3.866000000000000000e+03 1.461460048941345610e-02
3.867000000000000000e+03 1.462297202099710307e-02
3.868000000000000000e+03 1.463182629208288968e-02
3.869000000000000000e+03 1.464114862014767246e-02
3.870000000000000000e+03 1.465090493618096540e-02
3.871000000000000000e+03 1.466104794080720294e-02
3.872000000000000000e+03 1.467151751649344721e-02
3.873000000000000000e+03 1.468224246096873180e-02
3.874000000000000000e+03 1.469314172095946384e-02
3.875000000000000000e+03 1.470412925963343609e-02
3.876000000000000000e+03 1.471511567076794029e-02
3.877000000000000000e+03 1.472601253490727832e-02
3.878000000000000000e+03 1.473673205330718050e-02
3.879000000000000000e+03 1.474719113255314878e-02
3.880000000000000000e+03 1.475730947390791262e-02
3.881000000000000000e+03 1.476700869530928398e-02
3.882000000000000000e+03 1.477621598674782114e-02
3.883000000000000000e+03 1.478486736561662393e-02
3.884000000000000000e+03 1.479290446843024853e-02
3.885000000000000000e+03 1.480027771667119865e-02
3.886000000000000000e+03 1.480694288983138221e-02
3.887000000000000000e+03 1.481286626823057756e-02
3.888000000000000000e+03 1.481801968210570870e-02
3.889000000000000000e+03 1.482238196850309796e-02
3.890000000000000000e+03 1.482593817615981274e-02
3.891000000000000000e+03 1.482867810784225214e-02
3.892000000000000000e+03 1.483059874687858888e-02
3.893000000000000000e+03 1.483170242369902074e-02
3.894000000000000000e+03 1.483199572696904632e-02
3.895000000000000000e+03 1.483149247491683670e-02
3.896000000000000000e+03 1.483020809394845416e-02
3.897000000000000000e+03 1.482816069954237537e-02
3.898000000000000000e+03 1.482537211942967434e-02
3.899000000000000000e+03 1.482186790191286629e-02
3.900000000000000000e+03 1.481767679190975490e-02
3.901000000000000000e+03 1.481282964700221007e-02
3.902000000000000000e+03 1.480736202004063334e-02
3.903000000000000000e+03 1.480131238915951414e-02
3.904000000000000000e+03 1.479472107704655169e-02
3.905000000000000000e+03 1.478762933567234067e-02
3.906000000000000000e+03 1.478008062370592471e-02
3.907000000000000000e+03 1.477211995959058083e-02
3.908000000000000000e+03 1.476379323901683485e-02
3.909000000000000000e+03 1.475514607588717005e-02
3.910000000000000000e+03 1.474622623288707364e-02
3.911000000000000000e+03 1.473708239134948091e-02
3.912000000000000000e+03 1.472776339139194625e-02
3.913000000000000000e+03 1.471831350025306490e-02
3.914000000000000000e+03 1.470877533114062566e-02
3.915000000000000000e+03 1.469919058047007739e-02
3.916000000000000000e+03 1.468960020829916321e-02
3.917000000000000000e+03 1.468004389873548907e-02
3.918000000000000000e+03 1.467055941213357695e-02
3.919000000000000000e+03 1.466118160677733380e-02
3.920000000000000000e+03 1.465194754807446278e-02
3.921000000000000000e+03 1.464289604283734725e-02
3.922000000000000000e+03 1.463407029676022653e-02
3.923000000000000000e+03 1.462551580977644941e-02
3.924000000000000000e+03 1.461727788779246077e-02
3.925000000000000000e+03 1.460940618940979700e-02
3.926000000000000000e+03 1.460195423225574100e-02
3.927000000000000000e+03 1.459497677727581572e-02
3.928000000000000000e+03 1.458852485500890597e-02
3.929000000000000000e+03 1.458264902585847643e-02
3.930000000000000000e+03 1.457739763763088447e-02
3.931000000000000000e+03 1.457281054107506697e-02
3.932000000000000000e+03 1.456891966470613350e-02
3.933000000000000000e+03 1.456574639969430811e-02
3.934000000000000000e+03 1.456330408120440692e-02
3.935000000000000000e+03 1.456158851445856633e-02
3.936000000000000000e+03 1.456057940444960286e-02
3.937000000000000000e+03 1.456024315819480150e-02
3.938000000000000000e+03 1.456052875927720675e-02
3.939000000000000000e+03 1.456136544440071040e-02
3.940000000000000000e+03 1.456266445252932945e-02
3.941000000000000000e+03 1.456432240342881400e-02
3.942000000000000000e+03 1.456622006820464457e-02
3.943000000000000000e+03 1.456822491961095797e-02
3.944000000000000000e+03 1.457019262057648867e-02
3.945000000000000000e+03 1.457196957290956586e-02
3.946000000000000000e+03 1.457339542658054460e-02
3.947000000000000000e+03 1.457430810734012747e-02
3.948000000000000000e+03 1.457454560696860163e-02
3.949000000000000000e+03 1.457395001652383830e-02
3.950000000000000000e+03 1.457237314244327897e-02
3.951000000000000000e+03 1.456967966997736036e-02
3.952000000000000000e+03 1.456575011518757359e-02
3.953000000000000000e+03 1.456048281786057920e-02
3.954000000000000000e+03 1.455379948409609228e-02
3.955000000000000000e+03 1.454564412499995824e-02
3.956000000000000000e+03 1.453598563952482846e-02
3.957000000000000000e+03 1.452482404993931005e-02
3.958000000000000000e+03 1.451218841217021861e-02
3.959000000000000000e+03 1.449813469328488022e-02
3.960000000000000000e+03 1.448274777309653365e-02
3.961000000000000000e+03 1.446614213889469217e-02
3.962000000000000000e+03 1.444845674594103478e-02
3.963000000000000000e+03 1.442985389378826332e-02
3.964000000000000000e+03 1.441051429332271955e-02
3.965000000000000000e+03 1.439063794009586006e-02
3.966000000000000000e+03 1.437043754573059245e-02
3.967000000000000000e+03 1.435013558257513568e-02
3.968000000000000000e+03 1.432996299563740923e-02
3.969000000000000000e+03 1.431015556202097638e-02
3.970000000000000000e+03 1.429094842161078398e-02
3.971000000000000000e+03 1.427256949358455748e-02
3.972000000000000000e+03 1.425523494269993405e-02
3.973000000000000000e+03 1.423914280139208441e-02
3.974000000000000000e+03 1.422447325590752223e-02
3.975000000000000000e+03 1.421138827323933235e-02
3.976000000000000000e+03 1.420002471729466323e-02
3.977000000000000000e+03 1.419049174246788184e-02
3.978000000000000000e+03 1.418287178685671140e-02
3.979000000000000000e+03 1.417721792275336568e-02
3.980000000000000000e+03 1.417355780843391339e-02
3.981000000000000000e+03 1.417189358530714094e-02
3.982000000000000000e+03 1.417220385892010992e-02
3.983000000000000000e+03 1.417444810466912328e-02
3.984000000000000000e+03 1.417856744639026459e-02
3.985000000000000000e+03 1.418448482154335138e-02
3.986000000000000000e+03 1.419211273750856095e-02
3.987000000000000000e+03 1.420135567384708808e-02
3.988000000000000000e+03 1.421211015867898317e-02
3.989000000000000000e+03 1.422426428200011632e-02
3.990000000000000000e+03 1.423770679114895639e-02
3.991000000000000000e+03 1.425232703802517542e-02
3.992000000000000000e+03 1.426801307739463190e-02
3.993000000000000000e+03 1.428465354832252933e-02
3.994000000000000000e+03 1.430214025756306948e-02
3.995000000000000000e+03 1.432036705387559200e-02
3.996000000000000000e+03 1.433922842140236686e-02
3.997000000000000000e+03 1.435862136694978503e-02
3.998000000000000000e+03 1.437844737846965919e-02
3.999000000000000000e+03 1.439861030230154756e-02
4.000000000000000000e+03 1.441901718954453383e-02
4.001000000000000000e+03 1.443957554961474571e-02
4.002000000000000000e+03 1.446019612010141647e-02
4.003000000000000000e+03 1.448079152751256815e-02
4.004000000000000000e+03 1.450128029195076745e-02
4.005000000000000000e+03 1.452158648167074274e-02
4.006000000000000000e+03 1.454164155338659101e-02
4.007000000000000000e+03 1.456138469254439002e-02
4.008000000000000000e+03 1.458076103930753056e-02
4.009000000000000000e+03 1.459972522168734126e-02
4.010000000000000000e+03 1.461823981216889452e-02
4.011000000000000000e+03 1.463627342644837487e-02
4.012000000000000000e+03 1.465380459386898815e-02
4.013000000000000000e+03 1.467082366295191335e-02
4.014000000000000000e+03 1.468732975530650034e-02
4.015000000000000000e+03 1.470332804734071803e-02
4.016000000000000000e+03 1.471882971806895250e-02
4.017000000000000000e+03 1.473385762693280900e-02
4.018000000000000000e+03 1.474843929159464807e-02
4.019000000000000000e+03 1.476260566823335563e-02
4.020000000000000000e+03 1.477638989831178869e-02
4.021000000000000000e+03 1.478982365154182105e-02
4.022000000000000000e+03 1.480293379238048490e-02
4.023000000000000000e+03 1.481574777303036432e-02
4.024000000000000000e+03 1.482828702770755055e-02
4.025000000000000000e+03 1.484056072531129630e-02
4.026000000000000000e+03 1.485256683010869119e-02
4.027000000000000000e+03 1.486429119138056240e-02
4.028000000000000000e+03 1.487570447268533706e-02
4.029000000000000000e+03 1.488675951521016561e-02
4.030000000000000000e+03 1.489738604433321796e-02
4.031000000000000000e+03 1.490749495933396153e-02
4.032000000000000000e+03 1.491697896965206785e-02
4.033000000000000000e+03 1.492570474426261132e-02
4.034000000000000000e+03 1.493351793222113394e-02
4.035000000000000000e+03 1.494024398568735701e-02
4.036000000000000000e+03 1.494569255642289908e-02
4.037000000000000000e+03 1.494965937219733948e-02
4.038000000000000000e+03 1.495193160665980216e-02
4.039000000000000000e+03 1.495228673894923727e-02
4.040000000000000000e+03 1.495050426880299016e-02
4.041000000000000000e+03 1.494636955650314493e-02
4.042000000000000000e+03 1.493967775871498163e-02
4.043000000000000000e+03 1.493023805127247257e-02
4.044000000000000000e+03 1.491788165336169029e-02
4.045000000000000000e+03 1.490246773787527908e-02
4.046000000000000000e+03 1.488388763221824319e-02
4.047000000000000000e+03 1.486207117310182901e-02
4.048000000000000000e+03 1.483699310305863252e-02
4.049000000000000000e+03 1.480867934113852015e-02
4.050000000000000000e+03 1.477720106666629597e-02
4.051000000000000000e+03 1.474267910446607280e-02
4.052000000000000000e+03 1.470528413752757516e-02
4.053000000000000000e+03 1.466523647556666754e-02
4.054000000000000000e+03 1.462280086678167598e-02
4.055000000000000000e+03 1.457828384573892425e-02
4.056000000000000000e+03 1.453202850810500144e-02
4.057000000000000000e+03 1.448441054268390094e-02
4.058000000000000000e+03 1.443582843907169865e-02
4.059000000000000000e+03 1.438668958133061844e-02
4.060000000000000000e+03 1.433740815837878518e-02
4.061000000000000000e+03 1.428839836575363995e-02
4.062000000000000000e+03 1.424005918286182053e-02
4.063000000000000000e+03 1.419277212285625749e-02
4.064000000000000000e+03 1.414689430953353436e-02
4.065000000000000000e+03 1.410274825668466139e-02
4.066000000000000000e+03 1.406061833284323603e-02
4.067000000000000000e+03 1.402074729219114982e-02
4.068000000000000000e+03 1.398332952167643910e-02
4.069000000000000000e+03 1.394851753826691597e-02
4.070000000000000000e+03 1.391641783296574536e-02
4.071000000000000000e+03 1.388708990082638921e-02
4.072000000000000000e+03 1.386054847016938985e-02
4.073000000000000000e+03 1.383677194677712663e-02
4.074000000000000000e+03 1.381570522912769702e-02
4.075000000000000000e+03 1.379725596907752962e-02
4.076000000000000000e+03 1.378130338831697922e-02
4.077000000000000000e+03 1.376770229183570809e-02
4.078000000000000000e+03 1.375628721253219222e-02
4.079000000000000000e+03 1.374687576478752019e-02
4.080000000000000000e+03 1.373927446410939598e-02
4.081000000000000000e+03 1.373328222373756957e-02
4.082000000000000000e+03 1.372869490354742400e-02
4.083000000000000000e+03 1.372531046238092620e-02
4.084000000000000000e+03 1.372293223271196620e-02
4.085000000000000000e+03 1.372137271780356563e-02
4.086000000000000000e+03 1.372045179893969895e-02
4.087000000000000000e+03 1.371999731168280570e-02
4.088000000000000000e+03 1.371984717467637435e-02
4.089000000000000000e+03 1.371984999735193292e-02
4.090000000000000000e+03 1.371986944666075958e-02
4.091000000000000000e+03 1.371977886647249810e-02
4.092000000000000000e+03 1.371946077981678336e-02
4.093000000000000000e+03 1.371880867817855051e-02
4.094000000000000000e+03 1.371772854399108330e-02
4.095000000000000000e+03 1.371613668017679886e-02
4.096000000000000000e+03 1.371395617683653784e-02
4.097000000000000000e+03 1.371110957898225013e-02
4.098000000000000000e+03 1.370752297565474079e-02
4.099000000000000000e+03 1.370312250393807343e-02
4.100000000000000000e+03 1.369783169738934131e-02
4.101000000000000000e+03 1.369157307296244540e-02
4.102000000000000000e+03 1.368426604835995021e-02
4.103000000000000000e+03 1.367582200021104019e-02
4.104000000000000000e+03 1.366614550551879977e-02
4.105000000000000000e+03 1.365513310862014745e-02
4.106000000000000000e+03 1.364267462735742342e-02
4.107000000000000000e+03 1.362865539468981202e-02
4.108000000000000000e+03 1.361296038350348972e-02
4.109000000000000000e+03 1.359547391418562852e-02
4.110000000000000000e+03 1.357608250649524825e-02
4.111000000000000000e+03 1.355467803762923015e-02
4.112000000000000000e+03 1.353116108970303134e-02
4.113000000000000000e+03 1.350544915559785848e-02
4.114000000000000000e+03 1.347748000196173461e-02
4.115000000000000000e+03 1.344721214019472741e-02
4.116000000000000000e+03 1.341463164500597723e-02
4.117000000000000000e+03 1.337975355757111372e-02
4.118000000000000000e+03 1.334262146684643199e-02
4.119000000000000000e+03 1.330330985414088230e-02
4.120000000000000000e+03 1.326192535962500418e-02
4.121000000000000000e+03 1.321860685369210045e-02
4.122000000000000000e+03 1.317352626184524131e-02
4.123000000000000000e+03 1.312688682560534878e-02
4.124000000000000000e+03 1.307891397773465816e-02
4.125000000000000000e+03 1.302985678301282063e-02
4.126000000000000000e+03 1.297998428265377188e-02
4.127000000000000000e+03 1.292958476940098134e-02
4.128000000000000000e+03 1.287896104774995804e-02
4.129000000000000000e+03 1.282842373819800819e-02
4.130000000000000000e+03 1.277829034617470813e-02
4.131000000000000000e+03 1.272888078177974482e-02
4.132000000000000000e+03 1.268051608392558281e-02
4.133000000000000000e+03 1.263351629307925446e-02
4.134000000000000000e+03 1.258819258601276761e-02
4.135000000000000000e+03 1.254484826897783387e-02
4.136000000000000000e+03 1.250377917035463277e-02
4.137000000000000000e+03 1.246526672109452873e-02
4.138000000000000000e+03 1.242958126163300897e-02
4.139000000000000000e+03 1.239697944091291450e-02
4.140000000000000000e+03 1.236769945809668148e-02
4.141000000000000000e+03 1.234196381483314633e-02
4.142000000000000000e+03 1.231998021100072158e-02
4.143000000000000000e+03 1.230193832903181753e-02
4.144000000000000000e+03 1.228801071624966226e-02
4.145000000000000000e+03 1.227835127154223299e-02
4.146000000000000000e+03 1.227309623692909857e-02
4.147000000000000000e+03 1.227236329633825222e-02
4.148000000000000000e+03 1.227625292456113910e-02
4.149000000000000000e+03 1.228484564747082605e-02
4.150000000000000000e+03 1.229820391720590732e-02
4.151000000000000000e+03 1.231637087199037583e-02
4.152000000000000000e+03 1.233936884316854700e-02
4.153000000000000000e+03 1.236719550217117713e-02
4.154000000000000000e+03 1.239982455117593502e-02
4.155000000000000000e+03 1.243720842943043733e-02
4.156000000000000000e+03 1.247927626610991457e-02
4.157000000000000000e+03 1.252593505748141739e-02
4.158000000000000000e+03 1.257706980360645196e-02
4.159000000000000000e+03 1.263254076657773992e-02
4.160000000000000000e+03 1.269218571982975996e-02
4.161000000000000000e+03 1.275582321477030864e-02
4.162000000000000000e+03 1.282325291096286790e-02
4.163000000000000000e+03 1.289425743879550959e-02
4.164000000000000000e+03 1.296860544686188541e-02
4.165000000000000000e+03 1.304605583897541429e-02
4.166000000000000000e+03 1.312635919181023153e-02
4.167000000000000000e+03 1.320926204227382099e-02
4.168000000000000000e+03 1.329450691549829630e-02
4.169000000000000000e+03 1.338183912538892448e-02
4.170000000000000000e+03 1.347100696705923542e-02
4.171000000000000000e+03 1.356176397893175609e-02
4.172000000000000000e+03 1.365386896315870686e-02
4.173000000000000000e+03 1.374709250714047787e-02
4.174000000000000000e+03 1.384121703128493065e-02
4.175000000000000000e+03 1.393604010204004505e-02
4.176000000000000000e+03 1.403137429208907785e-02
4.177000000000000000e+03 1.412704915458899702e-02
4.178000000000000000e+03 1.422291395973702272e-02
4.179000000000000000e+03 1.431883101343097917e-02
4.180000000000000000e+03 1.441467370890668794e-02
4.181000000000000000e+03 1.451032916920933988e-02
4.182000000000000000e+03 1.460569170150325877e-02
4.183000000000000000e+03 1.470066211657597433e-02
4.184000000000000000e+03 1.479514621902986576e-02
4.185000000000000000e+03 1.488905478850457466e-02
4.186000000000000000e+03 1.498229521280044357e-02
4.187000000000000000e+03 1.507477319561450341e-02
4.188000000000000000e+03 1.516639025029801156e-02
4.189000000000000000e+03 1.525704319851498014e-02
4.190000000000000000e+03 1.534662514077416058e-02
4.191000000000000000e+03 1.543502001162987830e-02
4.192000000000000000e+03 1.552210241234837536e-02
4.193000000000000000e+03 1.560774120917673112e-02
4.194000000000000000e+03 1.569180095875230552e-02
4.195000000000000000e+03 1.577414412116620590e-02
4.196000000000000000e+03 1.585463329439815855e-02
4.197000000000000000e+03 1.593313436044849901e-02
4.198000000000000000e+03 1.600951124903777709e-02
4.199000000000000000e+03 1.608363192034113071e-02
4.200000000000000000e+03 1.615537213218152385e-02
4.201000000000000000e+03 1.622461967878911088e-02
4.202000000000000000e+03 1.629127395225812153e-02
4.203000000000000000e+03 1.635524806098151429e-02
4.204000000000000000e+03 1.641647008676831027e-02
4.205000000000000000e+03 1.647488344141634364e-02
4.206000000000000000e+03 1.653044790346448745e-02
4.207000000000000000e+03 1.658313975726829689e-02
4.208000000000000000e+03 1.663295238231701778e-02
4.209000000000000000e+03 1.667989244039419852e-02
4.210000000000000000e+03 1.672398029952494591e-02
4.211000000000000000e+03 1.676524874512083652e-02
4.212000000000000000e+03 1.680374060367759159e-02
4.213000000000000000e+03 1.683950647714251361e-02
4.214000000000000000e+03 1.687259802007596080e-02
4.215000000000000000e+03 1.690307181876194581e-02
4.216000000000000000e+03 1.693099031586111497e-02
4.217000000000000000e+03 1.695641514732569577e-02
4.218000000000000000e+03 1.697940414709517981e-02
4.219000000000000000e+03 1.700001480883499283e-02
4.220000000000000000e+03 1.701830113843939146e-02
4.221000000000000000e+03 1.703431462594035689e-02
4.222000000000000000e+03 1.704810790094056505e-02
4.223000000000000000e+03 1.705973151238549673e-02
4.224000000000000000e+03 1.706923479140168981e-02
4.225000000000000000e+03 1.707666594744718450e-02
4.226000000000000000e+03 1.708207713491504548e-02
4.227000000000000000e+03 1.708552231129072119e-02
4.228000000000000000e+03 1.708705908617021152e-02
4.229000000000000000e+03 1.708675150553982253e-02
4.230000000000000000e+03 1.708466991666462986e-02
4.231000000000000000e+03 1.708088908406619338e-02
4.232000000000000000e+03 1.707548789760124364e-02
4.233000000000000000e+03 1.706854530546313142e-02
4.234000000000000000e+03 1.706014172492712616e-02
4.235000000000000000e+03 1.705035652466062659e-02
4.236000000000000000e+03 1.703926978242909646e-02
4.237000000000000000e+03 1.702695713137588468e-02
4.238000000000000000e+03 1.701348940821852812e-02
4.239000000000000000e+03 1.699893076277168499e-02
4.240000000000000000e+03 1.698334030281995616e-02
4.241000000000000000e+03 1.696676423653806914e-02
4.242000000000000000e+03 1.694923634725765613e-02
4.243000000000000000e+03 1.693078162948929988e-02
4.244000000000000000e+03 1.691141841758837805e-02
4.245000000000000000e+03 1.689115835139616550e-02
4.246000000000000000e+03 1.687000271449114186e-02
4.247000000000000000e+03 1.684794797001913993e-02
4.248000000000000000e+03 1.682498866810075086e-02
4.249000000000000000e+03 1.680111670486033465e-02
4.250000000000000000e+03 1.677632687869212019e-02
4.251000000000000000e+03 1.675061810718254940e-02
4.252000000000000000e+03 1.672399704907984869e-02
4.253000000000000000e+03 1.669647877714174750e-02
4.254000000000000000e+03 1.666808281267832814e-02
4.255000000000000000e+03 1.663883888141678286e-02
4.256000000000000000e+03 1.660878515416603501e-02
4.257000000000000000e+03 1.657796890168627968e-02
4.258000000000000000e+03 1.654644992265308368e-02
4.259000000000000000e+03 1.651429809044756628e-02
4.260000000000000000e+03 1.648158936834003691e-02
4.261000000000000000e+03 1.644840132866736554e-02
4.262000000000000000e+03 1.641481582282473123e-02
4.263000000000000000e+03 1.638091860990478071e-02
4.264000000000000000e+03 1.634679897801095266e-02
4.265000000000000000e+03 1.631254596619356040e-02
4.266000000000000000e+03 1.627824496499518520e-02
4.267000000000000000e+03 1.624397990627610491e-02
4.268000000000000000e+03 1.620983452841183795e-02
4.269000000000000000e+03 1.617588910907892183e-02
4.270000000000000000e+03 1.614222266897435976e-02
4.271000000000000000e+03 1.610891298025828033e-02
4.272000000000000000e+03 1.607603559087320000e-02
4.273000000000000000e+03 1.604366441289541145e-02
4.274000000000000000e+03 1.601186872567754438e-02
4.275000000000000000e+03 1.598071337434319936e-02
4.276000000000000000e+03 1.595025772512856377e-02
4.277000000000000000e+03 1.592055029387125578e-02
4.278000000000000000e+03 1.589162828426943924e-02
4.279000000000000000e+03 1.586352249966620914e-02
4.280000000000000000e+03 1.583625142933044877e-02
4.281000000000000000e+03 1.580981541441545124e-02
4.282000000000000000e+03 1.578419982695111051e-02
4.283000000000000000e+03 1.575937286926961528e-02
4.284000000000000000e+03 1.573528105603688027e-02
4.285000000000000000e+03 1.571185590939538912e-02
4.286000000000000000e+03 1.568901546090090485e-02
4.287000000000000000e+03 1.566666070726079052e-02
4.288000000000000000e+03 1.564467334937874599e-02
4.289000000000000000e+03 1.562291982108625701e-02
4.290000000000000000e+03 1.560125073503170270e-02
4.291000000000000000e+03 1.557950552140198452e-02
4.292000000000000000e+03 1.555751642262476545e-02
4.293000000000000000e+03 1.553510963710477352e-02
4.294000000000000000e+03 1.551210752546801006e-02
4.295000000000000000e+03 1.548833317638218660e-02
4.296000000000000000e+03 1.546361343698237495e-02
4.297000000000000000e+03 1.543778216330585727e-02
4.298000000000000000e+03 1.541068227992022782e-02
4.299000000000000000e+03 1.538216525578044516e-02
4.300000000000000000e+03 1.535209194264270521e-02
4.301000000000000000e+03 1.532033527853700859e-02
4.302000000000000000e+03 1.528678445701400768e-02
4.303000000000000000e+03 1.525134331332444158e-02
4.304000000000000000e+03 1.521393048885875260e-02
4.305000000000000000e+03 1.517448109177542935e-02
4.306000000000000000e+03 1.513294900834288165e-02
4.307000000000000000e+03 1.508930545968853454e-02
4.308000000000000000e+03 1.504353353457725875e-02
4.309000000000000000e+03 1.499563175865864864e-02
4.310000000000000000e+03 1.494561068475945206e-02
4.311000000000000000e+03 1.489348967326464129e-02
4.312000000000000000e+03 1.483929312908701184e-02
4.313000000000000000e+03 1.478305545440570384e-02
4.314000000000000000e+03 1.472481546608114290e-02
4.315000000000000000e+03 1.466461675402714465e-02
4.316000000000000000e+03 1.460250749777265364e-02
4.317000000000000000e+03 1.453853693775486455e-02
4.318000000000000000e+03 1.447275539105761545e-02
4.319000000000000000e+03 1.440521709625997362e-02
4.320000000000000000e+03 1.433598240053032130e-02
4.321000000000000000e+03 1.426511358261969842e-02
4.322000000000000000e+03 1.419267695282206906e-02
4.323000000000000000e+03 1.411874583240602631e-02
4.324000000000000000e+03 1.404340338136719595e-02
4.325000000000000000e+03 1.396674206525075693e-02
4.326000000000000000e+03 1.388886581387954039e-02
4.327000000000000000e+03 1.380989218424815736e-02
4.328000000000000000e+03 1.372994925213219183e-02
4.329000000000000000e+03 1.364917575618778550e-02
4.330000000000000000e+03 1.356772472921813182e-02
4.331000000000000000e+03 1.348576098175999737e-02
4.332000000000000000e+03 1.340346053791794702e-02
4.333000000000000000e+03 1.332101058480303704e-02
4.334000000000000000e+03 1.323860623630430597e-02
4.335000000000000000e+03 1.315644772078999707e-02
4.336000000000000000e+03 1.307473829732259604e-02
4.337000000000000000e+03 1.299367939104521634e-02
4.338000000000000000e+03 1.291346989574567589e-02
4.339000000000000000e+03 1.283430141548439277e-02
4.340000000000000000e+03 1.275635320342991680e-02
4.341000000000000000e+03 1.267979379816704805e-02
4.342000000000000000e+03 1.260477731615053040e-02
4.343000000000000000e+03 1.253144057362438890e-02
4.344000000000000000e+03 1.245990241735553394e-02
4.345000000000000000e+03 1.239026423879427408e-02
4.346000000000000000e+03 1.232261055735005620e-02
4.347000000000000000e+03 1.225700651611881173e-02
4.348000000000000000e+03 1.219349874763589470e-02
4.349000000000000000e+03 1.213211892498986325e-02
4.350000000000000000e+03 1.207288621166433679e-02
4.351000000000000000e+03 1.201580974909251948e-02
4.352000000000000000e+03 1.196089060425386749e-02
4.353000000000000000e+03 1.190812953718163245e-02
4.354000000000000000e+03 1.185752919343860054e-02
4.355000000000000000e+03 1.180909674544023021e-02
4.356000000000000000e+03 1.176284840416643926e-02
4.357000000000000000e+03 1.171881009349405242e-02
4.358000000000000000e+03 1.167702146385182597e-02
4.359000000000000000e+03 1.163753739628618604e-02
4.360000000000000000e+03 1.160042844006085525e-02
4.361000000000000000e+03 1.156578478573387463e-02
4.362000000000000000e+03 1.153371457692709684e-02
4.363000000000000000e+03 1.150434307516869786e-02
4.364000000000000000e+03 1.147780760235166987e-02
4.365000000000000000e+03 1.145425662300024461e-02
4.366000000000000000e+03 1.143384431373107094e-02
4.367000000000000000e+03 1.141672599266277399e-02
4.368000000000000000e+03 1.140305480234009988e-02
4.369000000000000000e+03 1.139297873806940052e-02
4.370000000000000000e+03 1.138663582804018415e-02
4.371000000000000000e+03 1.138414834621195165e-02
4.372000000000000000e+03 1.138561502665430200e-02
4.373000000000000000e+03 1.139111189839356331e-02
4.374000000000000000e+03 1.140069173646021325e-02
4.375000000000000000e+03 1.141438114776973517e-02
4.376000000000000000e+03 1.143217622806793135e-02
4.377000000000000000e+03 1.145404546383167396e-02
4.378000000000000000e+03 1.147993260180339530e-02
4.379000000000000000e+03 1.150975626811914961e-02
4.380000000000000000e+03 1.154340806943014372e-02
4.381000000000000000e+03 1.158075585256597602e-02
4.382000000000000000e+03 1.162164658983093866e-02
4.383000000000000000e+03 1.166591153475545622e-02
4.384000000000000000e+03 1.171336803322745729e-02
4.385000000000000000e+03 1.176382117018787490e-02
4.386000000000000000e+03 1.181706846427761637e-02
4.387000000000000000e+03 1.187290235242000405e-02
4.388000000000000000e+03 1.193111084792022880e-02
4.389000000000000000e+03 1.199148080349834479e-02
4.390000000000000000e+03 1.205380082587517027e-02
4.391000000000000000e+03 1.211786827306492349e-02
4.392000000000000000e+03 1.218348443197400481e-02
4.393000000000000000e+03 1.225045313196698911e-02
4.394000000000000000e+03 1.231858604979587518e-02
4.395000000000000000e+03 1.238770308390051839e-02
4.396000000000000000e+03 1.245763410082403010e-02
4.397000000000000000e+03 1.252821969638790583e-02
4.398000000000000000e+03 1.259931233336402008e-02
4.399000000000000000e+03 1.267077354121965219e-02
4.400000000000000000e+03 1.274247222748222524e-02
4.401000000000000000e+03 1.281428579711208458e-02
4.402000000000000000e+03 1.288610166753616920e-02
4.403000000000000000e+03 1.295781052735122188e-02
4.404000000000000000e+03 1.302931037107033299e-02
4.405000000000000000e+03 1.310050354343920455e-02
4.406000000000000000e+03 1.317129648334873504e-02
4.407000000000000000e+03 1.324160194920630425e-02
4.408000000000000000e+03 1.331133621730379302e-02
4.409000000000000000e+03 1.338042315689983927e-02
4.410000000000000000e+03 1.344879774982095724e-02
4.411000000000000000e+03 1.351640387076139330e-02
4.412000000000000000e+03 1.358319682870423942e-02
4.413000000000000000e+03 1.364914620200795986e-02
4.414000000000000000e+03 1.371424056619044082e-02
4.415000000000000000e+03 1.377848764933219811e-02
4.416000000000000000e+03 1.384191311975936645e-02
4.417000000000000000e+03 1.390455962411402471e-02
4.418000000000000000e+03 1.396648982557844448e-02
4.419000000000000000e+03 1.402778349626472749e-02
4.420000000000000000e+03 1.408853649299809593e-02
4.421000000000000000e+03 1.414885934501894371e-02
4.422000000000000000e+03 1.420886681645475505e-02
4.423000000000000000e+03 1.426867792039193672e-02
4.424000000000000000e+03 1.432840856642837550e-02
4.425000000000000000e+03 1.438816908654375754e-02
4.426000000000000000e+03 1.444805663247312501e-02
4.427000000000000000e+03 1.450815248659679049e-02
4.428000000000000000e+03 1.456852015111227694e-02
4.429000000000000000e+03 1.462920022457808722e-02
4.430000000000000000e+03 1.469021203821451599e-02
4.431000000000000000e+03 1.475155246330386513e-02
4.432000000000000000e+03 1.481319227023669520e-02
4.433000000000000000e+03 1.487507778001128170e-02
4.434000000000000000e+03 1.493713077208833236e-02
4.435000000000000000e+03 1.499925239074817104e-02
4.436000000000000000e+03 1.506132799598243130e-02
4.437000000000000000e+03 1.512322770637893748e-02
4.438000000000000000e+03 1.518481079449697339e-02
4.439000000000000000e+03 1.524592815389100645e-02
4.440000000000000000e+03 1.530642548430045588e-02
4.441000000000000000e+03 1.536614492261225220e-02
4.442000000000000000e+03 1.542492635445094282e-02
4.443000000000000000e+03 1.548261144879596769e-02
4.444000000000000000e+03 1.553904517010000486e-02
4.445000000000000000e+03 1.559407617374875682e-02
4.446000000000000000e+03 1.564756032389456875e-02
4.447000000000000000e+03 1.569935978797860204e-02
4.448000000000000000e+03 1.574934843679703239e-02
4.449000000000000000e+03 1.579741290690209188e-02
4.450000000000000000e+03 1.584344735321584902e-02
4.451000000000000000e+03 1.588735461725725856e-02
4.452000000000000000e+03 1.592904675241507695e-02
4.453000000000000000e+03 1.596844494837338854e-02
4.454000000000000000e+03 1.600547749529437208e-02
4.455000000000000000e+03 1.604007982591348913e-02
4.456000000000000000e+03 1.607219733025833097e-02
4.457000000000000000e+03 1.610178285737088461e-02
4.458000000000000000e+03 1.612879156603845565e-02
4.459000000000000000e+03 1.615318187569895342e-02
4.460000000000000000e+03 1.617491321902962340e-02
4.461000000000000000e+03 1.619394265293185031e-02
4.462000000000000000e+03 1.621022759861875939e-02
4.463000000000000000e+03 1.622372404495434073e-02
4.464000000000000000e+03 1.623438631181817193e-02
4.465000000000000000e+03 1.624216703096045475e-02
4.466000000000000000e+03 1.624701503460606461e-02
4.467000000000000000e+03 1.624888001134876594e-02
4.468000000000000000e+03 1.624771282265461553e-02
4.469000000000000000e+03 1.624346677290351704e-02
4.470000000000000000e+03 1.623609795748921433e-02
4.471000000000000000e+03 1.622557090078851488e-02
4.472000000000000000e+03 1.621186061351533730e-02
4.473000000000000000e+03 1.619495535731711733e-02
4.474000000000000000e+03 1.617486172434922168e-02
4.475000000000000000e+03 1.615160356235598865e-02
4.476000000000000000e+03 1.612522354123243837e-02
4.477000000000000000e+03 1.609578735805680672e-02
4.478000000000000000e+03 1.606338753451797691e-02
4.479000000000000000e+03 1.602814134516436853e-02
4.480000000000000000e+03 1.599019463938140817e-02
4.481000000000000000e+03 1.594972264472125853e-02
4.482000000000000000e+03 1.590692583851258807e-02
4.483000000000000000e+03 1.586202810002056846e-02
4.484000000000000000e+03 1.581527627011697357e-02
4.485000000000000000e+03 1.576693746925735343e-02
4.486000000000000000e+03 1.571729646902258679e-02
4.487000000000000000e+03 1.566665209706781872e-02
4.488000000000000000e+03 1.561531430187110790e-02
4.489000000000000000e+03 1.556359728742749693e-02
4.490000000000000000e+03 1.551181700844512547e-02
4.491000000000000000e+03 1.546029150644942507e-02
4.492000000000000000e+03 1.540933284003380421e-02
4.493000000000000000e+03 1.535924624891028996e-02
4.494000000000000000e+03 1.531032655379715827e-02
4.495000000000000000e+03 1.526285358509800807e-02
4.496000000000000000e+03 1.521709193880902387e-02
4.497000000000000000e+03 1.517329201503040022e-02
4.498000000000000000e+03 1.513168589426420498e-02
4.499000000000000000e+03 1.509248784696586021e-02
4.500000000000000000e+03 1.505589293694938394e-02
4.501000000000000000e+03 1.502207557805493310e-02
4.502000000000000000e+03 1.499119168041207831e-02
4.503000000000000000e+03 1.496337838782091194e-02
4.504000000000000000e+03 1.493875246876249542e-02
4.505000000000000000e+03 1.491741285768466950e-02
4.506000000000000000e+03 1.489944262154231300e-02
4.507000000000000000e+03 1.488491196527533603e-02
4.508000000000000000e+03 1.487387322845070553e-02
4.509000000000000000e+03 1.486636423228688240e-02
4.510000000000000000e+03 1.486240968027767104e-02
4.511000000000000000e+03 1.486201952940146079e-02
4.512000000000000000e+03 1.486519415934577266e-02
4.513000000000000000e+03 1.487192306536650258e-02
4.514000000000000000e+03 1.488218124543267198e-02
4.515000000000000000e+03 1.489592980131240231e-02
4.516000000000000000e+03 1.491311370976126059e-02
4.517000000000000000e+03 1.493366014682177834e-02
4.518000000000000000e+03 1.495747851579481286e-02
4.519000000000000000e+03 1.498445768874885446e-02
4.520000000000000000e+03 1.501446433860867749e-02
4.521000000000000000e+03 1.504734163176871947e-02
4.522000000000000000e+03 1.508290581716487111e-02
4.523000000000000000e+03 1.512094875254785427e-02
4.524000000000000000e+03 1.516123840060522136e-02
4.525000000000000000e+03 1.520351913322468516e-02
4.526000000000000000e+03 1.524751082561229439e-02
4.527000000000000000e+03 1.529291294923745131e-02
4.528000000000000000e+03 1.533940718084221035e-02
4.529000000000000000e+03 1.538666046417411920e-02
4.530000000000000000e+03 1.543433188302055850e-02
4.531000000000000000e+03 1.548207510234672624e-02
4.532000000000000000e+03 1.552954218180400969e-02
4.533000000000000000e+03 1.557639313473841228e-02
4.534000000000000000e+03 1.562230247481144474e-02
4.535000000000000000e+03 1.566696211992082283e-02
4.536000000000000000e+03 1.571008494288029730e-02
4.537000000000000000e+03 1.575140842457525836e-02
4.538000000000000000e+03 1.579070021454604539e-02
4.539000000000000000e+03 1.582776518367403143e-02
4.540000000000000000e+03 1.586244406894100900e-02
4.541000000000000000e+03 1.589462052009689430e-02
4.542000000000000000e+03 1.592421543659984853e-02
4.543000000000000000e+03 1.595118866979190406e-02
4.544000000000000000e+03 1.597553496455485569e-02
4.545000000000000000e+03 1.599728431206896492e-02
4.546000000000000000e+03 1.601649837363484929e-02
4.547000000000000000e+03 1.603326180561089054e-02
4.548000000000000000e+03 1.604767835769333947e-02
4.549000000000000000e+03 1.605986496548757192e-02
4.550000000000000000e+03 1.606994875220412247e-02
4.551000000000000000e+03 1.607805905569143629e-02
4.552000000000000000e+03 1.608432216794786554e-02
4.553000000000000000e+03 1.608885969935709356e-02
4.554000000000000000e+03 1.609178113978974867e-02
4.555000000000000000e+03 1.609317903765793145e-02
4.556000000000000000e+03 1.609312563318873734e-02
4.557000000000000000e+03 1.609167298542439617e-02
4.558000000000000000e+03 1.608885141568266314e-02
4.559000000000000000e+03 1.608467359010736647e-02
4.560000000000000000e+03 1.607913506739198223e-02
4.561000000000000000e+03 1.607221362543357485e-02
4.562000000000000000e+03 1.606387460239601730e-02
4.563000000000000000e+03 1.605407613229755531e-02
4.564000000000000000e+03 1.604277268050153388e-02
4.565000000000000000e+03 1.602992115974186810e-02
4.566000000000000000e+03 1.601548159894834039e-02
4.567000000000000000e+03 1.599942785224572894e-02
4.568000000000000000e+03 1.598174999488233272e-02
4.569000000000000000e+03 1.596245096673481328e-02
4.570000000000000000e+03 1.594155363584657398e-02
4.571000000000000000e+03 1.591910051866373549e-02
4.572000000000000000e+03 1.589515012319728943e-02
4.573000000000000000e+03 1.586977876336566340e-02
4.574000000000000000e+03 1.584307891717449956e-02
4.575000000000000000e+03 1.581515929808087473e-02
4.576000000000000000e+03 1.578613697647120867e-02
4.577000000000000000e+03 1.575613652583579549e-02
4.578000000000000000e+03 1.572528049272882422e-02
4.579000000000000000e+03 1.569368841585086494e-02
4.580000000000000000e+03 1.566147395572922707e-02
4.581000000000000000e+03 1.562873995940117222e-02
4.582000000000000000e+03 1.559557364628615453e-02
4.583000000000000000e+03 1.556204349307082138e-02
4.584000000000000000e+03 1.552819116820676817e-02
4.585000000000000000e+03 1.549403396034382263e-02
4.586000000000000000e+03 1.545956653562059399e-02
4.587000000000000000e+03 1.542476040165597848e-02
4.588000000000000000e+03 1.538956461718967231e-02
4.589000000000000000e+03 1.535390587484634743e-02
4.590000000000000000e+03 1.531769311595817043e-02
4.591000000000000000e+03 1.528081812182939363e-02
4.592000000000000000e+03 1.524315980919290804e-02
4.593000000000000000e+03 1.520458885771738822e-02
4.594000000000000000e+03 1.516497213858878507e-02
4.595000000000000000e+03 1.512417914809919064e-02
4.596000000000000000e+03 1.508208764361432253e-02
4.597000000000000000e+03 1.503858993336080335e-02
4.598000000000000000e+03 1.499359751477703437e-02
4.599000000000000000e+03 1.494704460919570391e-02
4.600000000000000000e+03 1.489889767954288499e-02
4.601000000000000000e+03 1.484915476855693840e-02
4.602000000000000000e+03 1.479785042030628411e-02
4.603000000000000000e+03 1.474505712092923082e-02
4.604000000000000000e+03 1.469088786434403875e-02
4.605000000000000000e+03 1.463549612339956792e-02
4.606000000000000000e+03 1.457907634358144439e-02
4.607000000000000000e+03 1.452185762636041752e-02
4.608000000000000000e+03 1.446410449237958869e-02
4.609000000000000000e+03 1.440610804758080815e-02
4.610000000000000000e+03 1.434818315953564211e-02
4.611000000000000000e+03 1.429066266866544851e-02
4.612000000000000000e+03 1.423388595715501317e-02
4.613000000000000000e+03 1.417819373281720488e-02
4.614000000000000000e+03 1.412392227400157720e-02
4.615000000000000000e+03 1.407139589007603588e-02
4.616000000000000000e+03 1.402091621923606986e-02
4.617000000000000000e+03 1.397275877389657361e-02
4.618000000000000000e+03 1.392716818730333969e-02
4.619000000000000000e+03 1.388435137997889521e-02
4.620000000000000000e+03 1.384447346592423272e-02
4.621000000000000000e+03 1.380765577444315571e-02
4.622000000000000000e+03 1.377398069327419143e-02
4.623000000000000000e+03 1.374348349704064033e-02
4.624000000000000000e+03 1.371615113981216813e-02
4.625000000000000000e+03 1.369193077004875712e-02
4.626000000000000000e+03 1.367073157026813500e-02
4.627000000000000000e+03 1.365243257834395166e-02
4.628000000000000000e+03 1.363688246185218098e-02
4.629000000000000000e+03 1.362390851387945689e-02
4.630000000000000000e+03 1.361332133154738097e-02
4.631000000000000000e+03 1.360492377595647583e-02
4.632000000000000000e+03 1.359851180321524147e-02
4.633000000000000000e+03 1.359387885566862818e-02
4.634000000000000000e+03 1.359082669915115046e-02
4.635000000000000000e+03 1.358916496563734345e-02
4.636000000000000000e+03 1.358871775398340365e-02
4.637000000000000000e+03 1.358932699132019313e-02
4.638000000000000000e+03 1.359085423927731962e-02
4.639000000000000000e+03 1.359317832314975785e-02
4.640000000000000000e+03 1.359619900529279377e-02
4.641000000000000000e+03 1.359983383635905707e-02
4.642000000000000000e+03 1.360401658368370383e-02
4.643000000000000000e+03 1.360870050099038595e-02
4.644000000000000000e+03 1.361385358852587255e-02
4.645000000000000000e+03 1.361945511159489038e-02
4.646000000000000000e+03 1.362549384050120924e-02
4.647000000000000000e+03 1.363196626245603491e-02
4.648000000000000000e+03 1.363887349162834495e-02
4.649000000000000000e+03 1.364621889997563384e-02
4.650000000000000000e+03 1.365400452599342673e-02
4.651000000000000000e+03 1.366223688911942687e-02
4.652000000000000000e+03 1.367091717197211308e-02
4.653000000000000000e+03 1.368003951189332434e-02
4.654000000000000000e+03 1.368959120170266941e-02
4.655000000000000000e+03 1.369955462683073756e-02
4.656000000000000000e+03 1.370990502754615079e-02
4.657000000000000000e+03 1.372061160086606932e-02
4.658000000000000000e+03 1.373163702229283044e-02
4.659000000000000000e+03 1.374293536895574569e-02
4.660000000000000000e+03 1.375445295365686736e-02
4.661000000000000000e+03 1.376612773146488646e-02
4.662000000000000000e+03 1.377788723444858809e-02
4.663000000000000000e+03 1.378965256284393759e-02
4.664000000000000000e+03 1.380133916282279445e-02
4.665000000000000000e+03 1.381285845095387571e-02
4.666000000000000000e+03 1.382411717225841621e-02
4.667000000000000000e+03 1.383502007498474060e-02
4.668000000000000000e+03 1.384547406000094169e-02
4.669000000000000000e+03 1.385538811419653044e-02
4.670000000000000000e+03 1.386467925914169896e-02
4.671000000000000000e+03 1.387326916755264941e-02
4.672000000000000000e+03 1.388109024091251434e-02
4.673000000000000000e+03 1.388808627700047552e-02
4.674000000000000000e+03 1.389421812940381737e-02
4.675000000000000000e+03 1.389946129582090781e-02
4.676000000000000000e+03 1.390380511992295523e-02
4.677000000000000000e+03 1.390726103669375803e-02
4.678000000000000000e+03 1.390986055856919396e-02
4.679000000000000000e+03 1.391165326625261149e-02
4.680000000000000000e+03 1.391270796964575243e-02
4.681000000000000000e+03 1.391310978948340563e-02
4.682000000000000000e+03 1.391296154253554747e-02
4.683000000000000000e+03 1.391238105252368823e-02
4.684000000000000000e+03 1.391149688707928912e-02
4.685000000000000000e+03 1.391044329769677672e-02
4.686000000000000000e+03 1.390935785412489648e-02
4.687000000000000000e+03 1.390837939159762261e-02
4.688000000000000000e+03 1.390764223720473633e-02
4.689000000000000000e+03 1.390727380907999175e-02
4.690000000000000000e+03 1.390738720738201629e-02
4.691000000000000000e+03 1.390807647828701601e-02
4.692000000000000000e+03 1.390941846616880993e-02
4.693000000000000000e+03 1.391146979023095628e-02
4.694000000000000000e+03 1.391426427312326269e-02
4.695000000000000000e+03 1.391780907603665240e-02
4.696000000000000000e+03 1.392208747385179080e-02
4.697000000000000000e+03 1.392705954717014631e-02
4.698000000000000000e+03 1.393266507451019695e-02
4.699000000000000000e+03 1.393882387926020580e-02
4.700000000000000000e+03 1.394544274710786402e-02
4.701000000000000000e+03 1.395241668378507938e-02
4.702000000000000000e+03 1.395963136253480785e-02
4.703000000000000000e+03 1.396697098963283271e-02
4.704000000000000000e+03 1.397432489066483853e-02
4.705000000000000000e+03 1.398158646788076609e-02
4.706000000000000000e+03 1.398865850415536606e-02
4.707000000000000000e+03 1.399546425758721110e-02
4.708000000000000000e+03 1.400194679127491834e-02
4.709000000000000000e+03 1.400806894950102147e-02
4.710000000000000000e+03 1.401381863980124751e-02
4.711000000000000000e+03 1.401921029081838049e-02
4.712000000000000000e+03 1.402428801280642019e-02
4.713000000000000000e+03 1.402912379232429917e-02
4.714000000000000000e+03 1.403381457691338027e-02
4.715000000000000000e+03 1.403848285658703884e-02
4.716000000000000000e+03 1.404326810146285659e-02
4.717000000000000000e+03 1.404833080757219785e-02
4.718000000000000000e+03 1.405384451125873610e-02
4.719000000000000000e+03 1.405998857767947266e-02
4.720000000000000000e+03 1.406694371766864515e-02
4.721000000000000000e+03 1.407488596034318917e-02
4.722000000000000000e+03 1.408398163457285322e-02
4.723000000000000000e+03 1.409437935668894464e-02
4.724000000000000000e+03 1.410620519460410033e-02
4.725000000000000000e+03 1.411955744966123666e-02
4.726000000000000000e+03 1.413450279217787556e-02
4.727000000000000000e+03 1.415107591218856334e-02
4.728000000000000000e+03 1.416927894014457547e-02
4.729000000000000000e+03 1.418907962428278373e-02
4.730000000000000000e+03 1.421040782950395640e-02
4.731000000000000000e+03 1.423315686187322932e-02
4.732000000000000000e+03 1.425718758945031077e-02
4.733000000000000000e+03 1.428233036135779892e-02
4.734000000000000000e+03 1.430839284785721116e-02
4.735000000000000000e+03 1.433516053022925937e-02
4.736000000000000000e+03 1.436240300860944751e-02
4.737000000000000000e+03 1.438987930930758774e-02
4.738000000000000000e+03 1.441733958826492065e-02
4.739000000000000000e+03 1.444453464751955726e-02
4.740000000000000000e+03 1.447122515473172472e-02
4.741000000000000000e+03 1.449718178660183363e-02
4.742000000000000000e+03 1.452219202661303443e-02
4.743000000000000000e+03 1.454606641206277612e-02
4.744000000000000000e+03 1.456864168365802278e-02
4.745000000000000000e+03 1.458978133746056949e-02
4.746000000000000000e+03 1.460938459600101200e-02
4.747000000000000000e+03 1.462738693996693852e-02
4.748000000000000000e+03 1.464376236815430679e-02
4.749000000000000000e+03 1.465852449999459697e-02
4.750000000000000000e+03 1.467172367553668845e-02
4.751000000000000000e+03 1.468344631691580020e-02
4.752000000000000000e+03 1.469381236329415745e-02
4.753000000000000000e+03 1.470297097007103489e-02
4.754000000000000000e+03 1.471109912797472115e-02
4.755000000000000000e+03 1.471839240060597923e-02
4.756000000000000000e+03 1.472506091319455632e-02
4.757000000000000000e+03 1.473132687908277130e-02
4.758000000000000000e+03 1.473741851989673543e-02
4.759000000000000000e+03 1.474356395054078964e-02
4.760000000000000000e+03 1.474998532066893082e-02
4.761000000000000000e+03 1.475689755081685713e-02
4.762000000000000000e+03 1.476449709943818481e-02
4.763000000000000000e+03 1.477295762683555370e-02
4.764000000000000000e+03 1.478243321388751988e-02
4.765000000000000000e+03 1.479305126990589081e-02
4.766000000000000000e+03 1.480491233893512296e-02
4.767000000000000000e+03 1.481808896702258363e-02
4.768000000000000000e+03 1.483262523731719747e-02
4.769000000000000000e+03 1.484853353241998020e-02
4.770000000000000000e+03 1.486580115300138033e-02
4.771000000000000000e+03 1.488439004118818389e-02
4.772000000000000000e+03 1.490423525524906326e-02
4.773000000000000000e+03 1.492524931853811757e-02
4.774000000000000000e+03 1.494732544773339465e-02
4.775000000000000000e+03 1.497034021274957008e-02
4.776000000000000000e+03 1.499415477698638061e-02
4.777000000000000000e+03 1.501862222849798326e-02
4.778000000000000000e+03 1.504359173496994627e-02
4.779000000000000000e+03 1.506890954372909139e-02
4.780000000000000000e+03 1.509442220737006873e-02
4.781000000000000000e+03 1.511998256131100518e-02
4.782000000000000000e+03 1.514545117233419280e-02
4.783000000000000000e+03 1.517069822072111482e-02
4.784000000000000000e+03 1.519560356031979600e-02
4.785000000000000000e+03 1.522005878336437495e-02
4.786000000000000000e+03 1.524396856813618230e-02
4.787000000000000000e+03 1.526725664979526435e-02
4.788000000000000000e+03 1.528986133501610001e-02
4.789000000000000000e+03 1.531173779431526175e-02
4.790000000000000000e+03 1.533285577821967040e-02
4.791000000000000000e+03 1.535319973346075881e-02
4.792000000000000000e+03 1.537276887610126291e-02
4.793000000000000000e+03 1.539157248727644235e-02
4.794000000000000000e+03 1.540962999800321934e-02
4.795000000000000000e+03 1.542696480176895639e-02
4.796000000000000000e+03 1.544360432124227203e-02
4.797000000000000000e+03 1.545957685820727526e-02
4.798000000000000000e+03 1.547491125013890530e-02
4.799000000000000000e+03 1.548963336436105960e-02
4.800000000000000000e+03 1.550375857047489939e-02
4.801000000000000000e+03 1.551729405854095079e-02
4.802000000000000000e+03 1.553023821163812546e-02
4.803000000000000000e+03 1.554257563521245326e-02
4.804000000000000000e+03 1.555428068068965414e-02
4.805000000000000000e+03 1.556531258570869117e-02
4.806000000000000000e+03 1.557561969111677727e-02
4.807000000000000000e+03 1.558513992875501172e-02
4.808000000000000000e+03 1.559379900449746684e-02
4.809000000000000000e+03 1.560151350860967262e-02
4.810000000000000000e+03 1.560819635548829111e-02
4.811000000000000000e+03 1.561375846240842247e-02
4.812000000000000000e+03 1.561810676603690370e-02
4.813000000000000000e+03 1.562114849150132885e-02
4.814000000000000000e+03 1.562279468462428496e-02
4.815000000000000000e+03 1.562296373360730350e-02
4.816000000000000000e+03 1.562158171462182249e-02
4.817000000000000000e+03 1.561858952776276274e-02
4.818000000000000000e+03 1.561394575457565603e-02
4.819000000000000000e+03 1.560762489503064732e-02
4.820000000000000000e+03 1.559961947435823879e-02
4.821000000000000000e+03 1.558994687882322289e-02
4.822000000000000000e+03 1.557864416454085230e-02
4.823000000000000000e+03 1.556577365958477024e-02
4.824000000000000000e+03 1.555141483225660690e-02
4.825000000000000000e+03 1.553566477269080828e-02
4.826000000000000000e+03 1.551863855547064470e-02
4.827000000000000000e+03 1.550046797996983486e-02
4.828000000000000000e+03 1.548129448623458519e-02
4.829000000000000000e+03 1.546126523324580816e-02
4.830000000000000000e+03 1.544052732220592417e-02
4.831000000000000000e+03 1.541922842933868970e-02
4.832000000000000000e+03 1.539750945586094467e-02
4.833000000000000000e+03 1.537550139795236873e-02
4.834000000000000000e+03 1.535332250242723261e-02
4.835000000000000000e+03 1.533107434732868327e-02
4.836000000000000000e+03 1.530883748951098258e-02
4.837000000000000000e+03 1.528667606869265304e-02
4.838000000000000000e+03 1.526463668142128902e-02
4.839000000000000000e+03 1.524274654013673021e-02
4.840000000000000000e+03 1.522101145299944308e-02
4.841000000000000000e+03 1.519941802027878833e-02
4.842000000000000000e+03 1.517794296137957993e-02
4.843000000000000000e+03 1.515655205366631120e-02
4.844000000000000000e+03 1.513520105827293252e-02
4.845000000000000000e+03 1.511384256050601720e-02
4.846000000000000000e+03 1.509243195876566399e-02
4.847000000000000000e+03 1.507093058641179907e-02
4.848000000000000000e+03 1.504931319524650812e-02
4.849000000000000000e+03 1.502756754989476029e-02
4.850000000000000000e+03 1.500569845745445760e-02
4.851000000000000000e+03 1.498373344033474344e-02
4.852000000000000000e+03 1.496172475772432342e-02
4.853000000000000000e+03 1.493974741743358398e-02
4.854000000000000000e+03 1.491790118073797397e-02
4.855000000000000000e+03 1.489631182067913985e-02
4.856000000000000000e+03 1.487512825358343685e-02
4.857000000000000000e+03 1.485451678814475596e-02
4.858000000000000000e+03 1.483466071951958926e-02
4.859000000000000000e+03 1.481575899199859617e-02
4.860000000000000000e+03 1.479801467397149663e-02
4.861000000000000000e+03 1.478163065125593159e-02
4.862000000000000000e+03 1.476680430905737834e-02
4.863000000000000000e+03 1.475372920101636863e-02
4.864000000000000000e+03 1.474258477520290836e-02
4.865000000000000000e+03 1.473352948397549378e-02
4.866000000000000000e+03 1.472669939578885590e-02
4.867000000000000000e+03 1.472220499425348252e-02
4.868000000000000000e+03 1.472012949956558875e-02
4.869000000000000000e+03 1.472052178975679498e-02
4.870000000000000000e+03 1.472340291919256930e-02
4.871000000000000000e+03 1.472876128417174510e-02
4.872000000000000000e+03 1.473655174355251174e-02
4.873000000000000000e+03 1.474669928408092745e-02
4.874000000000000000e+03 1.475910210444957363e-02
4.875000000000000000e+03 1.477363148517177663e-02
4.876000000000000000e+03 1.479013353929142446e-02
4.877000000000000000e+03 1.480843549351688535e-02
4.878000000000000000e+03 1.482835133205983452e-02
4.879000000000000000e+03 1.484968222377677088e-02
4.880000000000000000e+03 1.487222130408909042e-02
4.881000000000000000e+03 1.489575507482372892e-02
4.882000000000000000e+03 1.492006652963612408e-02
4.883000000000000000e+03 1.494494452987999572e-02
4.884000000000000000e+03 1.497018490344533340e-02
4.885000000000000000e+03 1.499558832824160991e-02
4.886000000000000000e+03 1.502096903303697106e-02
4.887000000000000000e+03 1.504615891677267558e-02
4.888000000000000000e+03 1.507100769772634283e-02
4.889000000000000000e+03 1.509538785152028662e-02
4.890000000000000000e+03 1.511919526555647805e-02
4.891000000000000000e+03 1.514234888124185892e-02
4.892000000000000000e+03 1.516479377037961707e-02
4.893000000000000000e+03 1.518650336765564428e-02
4.894000000000000000e+03 1.520747482030772313e-02
4.895000000000000000e+03 1.522773002328594791e-02
4.896000000000000000e+03 1.524731715863471629e-02
4.897000000000000000e+03 1.526630031660179687e-02
4.898000000000000000e+03 1.528476052230001367e-02
4.899000000000000000e+03 1.530279252723353196e-02
4.900000000000000000e+03 1.532049990048634479e-02
4.901000000000000000e+03 1.533798888475083888e-02
4.902000000000000000e+03 1.535536939420020612e-02
4.903000000000000000e+03 1.537274903116495235e-02
4.904000000000000000e+03 1.539022357594335005e-02
4.905000000000000000e+03 1.540787783701739674e-02
4.906000000000000000e+03 1.542578326791736038e-02
4.907000000000000000e+03 1.544399535911187768e-02
4.908000000000000000e+03 1.546255136650309669e-02
4.909000000000000000e+03 1.548146742973800435e-02
4.910000000000000000e+03 1.550073720194860422e-02
4.911000000000000000e+03 1.552033187296030133e-02
4.912000000000000000e+03 1.554020156191865745e-02
4.913000000000000000e+03 1.556027588348518446e-02
4.914000000000000000e+03 1.558046781124414193e-02
4.915000000000000000e+03 1.560067048470641614e-02
4.916000000000000000e+03 1.562076195066738893e-02
4.917000000000000000e+03 1.564061099770642366e-02
4.918000000000000000e+03 1.566007445266227524e-02
4.919000000000000000e+03 1.567900541248374094e-02
4.920000000000000000e+03 1.569725552184256245e-02
4.921000000000000000e+03 1.571467789857024927e-02
4.922000000000000000e+03 1.573112202445735297e-02
4.923000000000000000e+03 1.574643915751556059e-02
4.924000000000000000e+03 1.576048704119379501e-02
4.925000000000000000e+03 1.577313391770242268e-02
4.926000000000000000e+03 1.578425428642420136e-02
4.927000000000000000e+03 1.579373215761465873e-02
4.928000000000000000e+03 1.580145922417074827e-02
4.929000000000000000e+03 1.580733600627919760e-02
4.930000000000000000e+03 1.581127158498897567e-02
4.931000000000000000e+03 1.581318539808748702e-02
4.932000000000000000e+03 1.581300254467418384e-02
4.933000000000000000e+03 1.581065575030258380e-02
4.934000000000000000e+03 1.580608571729411049e-02
4.935000000000000000e+03 1.579923759712439577e-02
4.936000000000000000e+03 1.579006612542319804e-02
4.937000000000000000e+03 1.577853203527350423e-02
4.938000000000000000e+03 1.576459838548500275e-02
4.939000000000000000e+03 1.574823467889493317e-02
4.940000000000000000e+03 1.572941444740448558e-02
4.941000000000000000e+03 1.570811702756993306e-02
4.942000000000000000e+03 1.568432799635996466e-02
4.943000000000000000e+03 1.565804004753056089e-02
4.944000000000000000e+03 1.562925308482111461e-02
4.945000000000000000e+03 1.559797400353803674e-02
4.946000000000000000e+03 1.556421773534058181e-02
4.947000000000000000e+03 1.552801006953799870e-02
4.948000000000000000e+03 1.548939003756680775e-02
4.949000000000000000e+03 1.544840896074322137e-02
4.950000000000000000e+03 1.540512538242807747e-02
4.951000000000000000e+03 1.535960821436284721e-02
4.952000000000000000e+03 1.531194197810800683e-02
4.953000000000000000e+03 1.526222483050236091e-02
4.954000000000000000e+03 1.521056516501428056e-02
4.955000000000000000e+03 1.515708805615037166e-02
4.956000000000000000e+03 1.510193216426414416e-02
4.957000000000000000e+03 1.504524962255457399e-02
4.958000000000000000e+03 1.498720639122480373e-02
4.959000000000000000e+03 1.492798330900081336e-02
4.960000000000000000e+03 1.486777349331937746e-02
4.961000000000000000e+03 1.480678115323994307e-02
4.962000000000000000e+03 1.474522249289800593e-02
4.963000000000000000e+03 1.468332190125841430e-02
4.964000000000000000e+03 1.462131202993162231e-02
4.965000000000000000e+03 1.455943310481824099e-02
4.966000000000000000e+03 1.449793048528603620e-02
4.967000000000000000e+03 1.443705255036643181e-02
4.968000000000000000e+03 1.437704656103046957e-02
4.969000000000000000e+03 1.431816096443354683e-02
4.970000000000000000e+03 1.426063872343049863e-02
4.971000000000000000e+03 1.420471702998880349e-02
4.972000000000000000e+03 1.415062763123395295e-02
4.973000000000000000e+03 1.409859051117454826e-02
4.974000000000000000e+03 1.404881048404259605e-02
4.975000000000000000e+03 1.400148002089025845e-02
4.976000000000000000e+03 1.395677469145661237e-02
4.977000000000000000e+03 1.391485152040919729e-02
4.978000000000000000e+03 1.387584762662531258e-02
4.979000000000000000e+03 1.383988277682259016e-02
4.980000000000000000e+03 1.380705949665162954e-02
4.981000000000000000e+03 1.377745752693605719e-02
4.982000000000000000e+03 1.375113558412695454e-02
4.983000000000000000e+03 1.372812967477813825e-02
4.984000000000000000e+03 1.370845303335468598e-02
4.985000000000000000e+03 1.369209711290927944e-02
4.986000000000000000e+03 1.367903200959009156e-02
4.987000000000000000e+03 1.366920933480048062e-02
4.988000000000000000e+03 1.366255619902856031e-02
4.989000000000000000e+03 1.365898035510831887e-02
4.990000000000000000e+03 1.365837176010002707e-02
4.991000000000000000e+03 1.366060150893108963e-02
4.992000000000000000e+03 1.366552540641105366e-02
4.993000000000000000e+03 1.367298246993185577e-02
4.994000000000000000e+03 1.368279770877964957e-02
4.995000000000000000e+03 1.369478227880812672e-02
4.996000000000000000e+03 1.370873469104524379e-02
4.997000000000000000e+03 1.372444625803314992e-02
4.998000000000000000e+03 1.374169822736080737e-02
4.999000000000000000e+03 1.376026468386546547e-02
5.000000000000000000e+03 1.377991801963310108e-02
5.001000000000000000e+03 1.380042616270921521e-02
5.002000000000000000e+03 1.382155636967456053e-02
5.003000000000000000e+03 1.384307868291923330e-02
5.004000000000000000e+03 1.386476496195063884e-02
5.005000000000000000e+03 1.388639161582635659e-02
5.006000000000000000e+03 1.390774902780405817e-02
5.007000000000000000e+03 1.392863859278296521e-02
5.008000000000000000e+03 1.394887080636666651e-02
5.009000000000000000e+03 1.396826962967319223e-02
5.010000000000000000e+03 1.398667450174639892e-02
5.011000000000000000e+03 1.400394067778140163e-02
5.012000000000000000e+03 1.401994078925538657e-02
5.013000000000000000e+03 1.403456158353482038e-02
5.014000000000000000e+03 1.404770765921722550e-02
5.015000000000000000e+03 1.405929723489268007e-02
5.016000000000000000e+03 1.406926296228505104e-02
5.017000000000000000e+03 1.407754786195487308e-02
5.018000000000000000e+03 1.408410489009334285e-02
5.019000000000000000e+03 1.408889575960408161e-02
5.020000000000000000e+03 1.409189012171353089e-02
5.021000000000000000e+03 1.409306796489064040e-02
5.022000000000000000e+03 1.409241779579905283e-02
5.023000000000000000e+03 1.408993059239356353e-02
5.024000000000000000e+03 1.408560311999374967e-02
5.025000000000000000e+03 1.407943664241543928e-02
5.026000000000000000e+03 1.407144055826289875e-02
5.027000000000000000e+03 1.406163145207795992e-02
5.028000000000000000e+03 1.405003243440203567e-02
5.029000000000000000e+03 1.403667547138500935e-02
5.030000000000000000e+03 1.402160376330591901e-02
5.031000000000000000e+03 1.400486971529861166e-02
5.032000000000000000e+03 1.398653707165077587e-02
5.033000000000000000e+03 1.396668318943236620e-02
5.034000000000000000e+03 1.394540366357597053e-02
5.035000000000000000e+03 1.392280753432676571e-02
5.036000000000000000e+03 1.389901838837821410e-02
5.037000000000000000e+03 1.387417785096719397e-02
5.038000000000000000e+03 1.384844195741074396e-02
5.039000000000000000e+03 1.382198240212387241e-02
5.040000000000000000e+03 1.379498711578273570e-02
5.041000000000000000e+03 1.376766172714026168e-02
5.042000000000000000e+03 1.374022278880001127e-02
5.043000000000000000e+03 1.371289571859442974e-02
5.044000000000000000e+03 1.368591239289241104e-02
5.045000000000000000e+03 1.365951002817275030e-02
5.046000000000000000e+03 1.363392744294384708e-02
5.047000000000000000e+03 1.360940027649931543e-02
5.048000000000000000e+03 1.358615794723056977e-02
5.049000000000000000e+03 1.356442116148938795e-02
5.050000000000000000e+03 1.354439642948404576e-02
5.051000000000000000e+03 1.352627276352612665e-02
5.052000000000000000e+03 1.351021705995164232e-02
5.053000000000000000e+03 1.349637063792752563e-02
5.054000000000000000e+03 1.348484716560980484e-02
5.055000000000000000e+03 1.347573175281220441e-02
5.056000000000000000e+03 1.346907772755489077e-02
5.057000000000000000e+03 1.346490623481706728e-02
5.058000000000000000e+03 1.346320542930377201e-02
5.059000000000000000e+03 1.346393192306564839e-02
5.060000000000000000e+03 1.346701048689168123e-02
5.061000000000000000e+03 1.347233686560448535e-02
5.062000000000000000e+03 1.347977814257489762e-02
5.063000000000000000e+03 1.348917872260807331e-02
5.064000000000000000e+03 1.350036536626287448e-02
5.065000000000000000e+03 1.351314309021524676e-02
5.066000000000000000e+03 1.352729866580873810e-02
5.067000000000000000e+03 1.354260862374866148e-02
5.068000000000000000e+03 1.355884122612557863e-02
5.069000000000000000e+03 1.357575966696105210e-02
5.070000000000000000e+03 1.359312524980631903e-02
5.071000000000000000e+03 1.361069882055325649e-02
5.072000000000000000e+03 1.362824752883743523e-02
5.073000000000000000e+03 1.364554713448160907e-02
5.074000000000000000e+03 1.366238449244527517e-02
5.075000000000000000e+03 1.367856037939824132e-02
5.076000000000000000e+03 1.369389180379931500e-02
5.077000000000000000e+03 1.370821783442914901e-02
5.078000000000000000e+03 1.372139760804251887e-02
5.079000000000000000e+03 1.373331191822669411e-02
5.080000000000000000e+03 1.374386647136849327e-02
5.081000000000000000e+03 1.375299355430205719e-02
5.082000000000000000e+03 1.376065443887933976e-02
5.083000000000000000e+03 1.376683672102127845e-02
5.084000000000000000e+03 1.377155397765725785e-02
5.085000000000000000e+03 1.377484322411555440e-02
5.086000000000000000e+03 1.377676484142729280e-02
5.087000000000000000e+03 1.377739947264593548e-02
5.088000000000000000e+03 1.377684541176758815e-02
5.089000000000000000e+03 1.377521990975591297e-02
5.090000000000000000e+03 1.377265129251262904e-02
5.091000000000000000e+03 1.376927820292993092e-02
5.092000000000000000e+03 1.376524958176770369e-02
5.093000000000000000e+03 1.376071990739012423e-02
5.094000000000000000e+03 1.375584193578592920e-02
5.095000000000000000e+03 1.375076805236269059e-02
5.096000000000000000e+03 1.374564917203514695e-02
5.097000000000000000e+03 1.374062709497274673e-02
5.098000000000000000e+03 1.373583942283293849e-02
5.099000000000000000e+03 1.373141594555183330e-02
5.100000000000000000e+03 1.372748065253751384e-02
5.101000000000000000e+03 1.372414654335053080e-02
5.102000000000000000e+03 1.372151630036463552e-02
5.103000000000000000e+03 1.371967747994031969e-02
5.104000000000000000e+03 1.371870894579253763e-02
5.105000000000000000e+03 1.371868053957483319e-02
5.106000000000000000e+03 1.371964902166510764e-02
5.107000000000000000e+03 1.372166247918622448e-02
5.108000000000000000e+03 1.372475924238939979e-02
5.109000000000000000e+03 1.372896400133536213e-02
5.110000000000000000e+03 1.373429667723903742e-02
5.111000000000000000e+03 1.374076919735828239e-02
5.112000000000000000e+03 1.374838618398154660e-02
5.113000000000000000e+03 1.375714158934948292e-02
5.114000000000000000e+03 1.376702278115018649e-02
5.115000000000000000e+03 1.377801663636376260e-02
5.116000000000000000e+03 1.379010841148748702e-02
5.117000000000000000e+03 1.380328073549878451e-02
5.118000000000000000e+03 1.381751765727597461e-02
5.119000000000000000e+03 1.383280297968971471e-02
5.120000000000000000e+03 1.384911966574355578e-02
5.121000000000000000e+03 1.386645187816548316e-02
5.122000000000000000e+03 1.388478887757737396e-02
5.123000000000000000e+03 1.390412289527932256e-02
5.124000000000000000e+03 1.392444836532898134e-02
5.125000000000000000e+03 1.394576086780352671e-02
5.126000000000000000e+03 1.396806002734166455e-02
5.127000000000000000e+03 1.399134687001442681e-02
5.128000000000000000e+03 1.401562358149979065e-02
5.129000000000000000e+03 1.404089118636003483e-02
5.130000000000000000e+03 1.406714839732264161e-02
5.131000000000000000e+03 1.409439439455809767e-02
5.132000000000000000e+03 1.412262465964404107e-02
5.133000000000000000e+03 1.415182990569108235e-02
5.134000000000000000e+03 1.418199588426113239e-02
5.135000000000000000e+03 1.421310484654927063e-02
5.136000000000000000e+03 1.424513279615981232e-02
5.137000000000000000e+03 1.427805146673177296e-02
5.138000000000000000e+03 1.431182998911680396e-02
5.139000000000000000e+03 1.434643504689775417e-02
5.140000000000000000e+03 1.438182499878213477e-02
5.141000000000000000e+03 1.441795304588650017e-02
5.142000000000000000e+03 1.445477168500622529e-02
5.143000000000000000e+03 1.449222917987695244e-02
5.144000000000000000e+03 1.453026797620025207e-02
5.145000000000000000e+03 1.456882671526443448e-02
5.146000000000000000e+03 1.460784086084522884e-02
5.147000000000000000e+03 1.464724109037585098e-02
5.148000000000000000e+03 1.468695287006174105e-02
5.149000000000000000e+03 1.472689805624639858e-02
5.150000000000000000e+03 1.476699456026236978e-02
5.151000000000000000e+03 1.480715962490614448e-02
5.152000000000000000e+03 1.484730480390465679e-02
5.153000000000000000e+03 1.488733825303968986e-02
5.154000000000000000e+03 1.492716288122668614e-02
5.155000000000000000e+03 1.496667440622945558e-02
5.156000000000000000e+03 1.500576163342839074e-02
5.157000000000000000e+03 1.504430901266096479e-02
5.158000000000000000e+03 1.508219673681696071e-02
5.159000000000000000e+03 1.511929672508879538e-02
5.160000000000000000e+03 1.515547704649603325e-02
5.161000000000000000e+03 1.519060189605944862e-02
5.162000000000000000e+03 1.522453223741866701e-02
5.163000000000000000e+03 1.525712687211450147e-02
5.164000000000000000e+03 1.528824382782613400e-02
5.165000000000000000e+03 1.531774617504345556e-02
5.166000000000000000e+03 1.534550158150492852e-02
5.167000000000000000e+03 1.537138240673933086e-02
5.168000000000000000e+03 1.539527139384304355e-02
5.169000000000000000e+03 1.541706375602338100e-02
5.170000000000000000e+03 1.543666839443611459e-02
5.171000000000000000e+03 1.545400693953082744e-02
5.172000000000000000e+03 1.546901470382359284e-02
5.173000000000000000e+03 1.548164184531782006e-02
5.174000000000000000e+03 1.549185250218119633e-02
5.175000000000000000e+03 1.549962387681188755e-02
5.176000000000000000e+03 1.550494517425045175e-02
5.177000000000000000e+03 1.550782332650328839e-02
5.178000000000000000e+03 1.550828303804018156e-02
5.179000000000000000e+03 1.550636272377633670e-02
5.180000000000000000e+03 1.550211400377531079e-02
5.181000000000000000e+03 1.549560033307176461e-02
5.182000000000000000e+03 1.548689931510967982e-02
5.183000000000000000e+03 1.547610269996613046e-02
5.184000000000000000e+03 1.546331324100635313e-02
5.185000000000000000e+03 1.544864201558866085e-02
5.186000000000000000e+03 1.543221368783257580e-02
5.187000000000000000e+03 1.541416544190625168e-02
5.188000000000000000e+03 1.539464034793368297e-02
5.189000000000000000e+03 1.537378838170194023e-02
5.190000000000000000e+03 1.535176311368702078e-02
5.191000000000000000e+03 1.532871648410081070e-02
5.192000000000000000e+03 1.530480037808343817e-02
5.193000000000000000e+03 1.528016644832822651e-02
5.194000000000000000e+03 1.525496193093628383e-02
5.195000000000000000e+03 1.522932229535127642e-02
5.196000000000000000e+03 1.520337065027979606e-02
5.197000000000000000e+03 1.517721727344061369e-02
5.198000000000000000e+03 1.515095309822789456e-02
5.199000000000000000e+03 1.512464794995348194e-02
5.200000000000000000e+03 1.509834992640902984e-02
5.201000000000000000e+03 1.507208421910396189e-02
5.202000000000000000e+03 1.504585518326696271e-02
5.203000000000000000e+03 1.501964427020307385e-02
5.204000000000000000e+03 1.499341312210914455e-02
5.205000000000000000e+03 1.496710818286460520e-02
5.206000000000000000e+03 1.494066490390277141e-02
5.207000000000000000e+03 1.491401156122663420e-02
5.208000000000000000e+03 1.488707038690246717e-02
5.209000000000000000e+03 1.485976163976687053e-02
5.210000000000000000e+03 1.483200756145944960e-02
5.211000000000000000e+03 1.480373819374038342e-02
5.212000000000000000e+03 1.477489465844626128e-02
5.213000000000000000e+03 1.474543788081564277e-02
5.214000000000000000e+03 1.471535035499993947e-02
5.215000000000000000e+03 1.468464383665632825e-02
5.216000000000000000e+03 1.465335429486123824e-02
5.217000000000000000e+03 1.462154607413933619e-02
5.218000000000000000e+03 1.458930929060633583e-02
5.219000000000000000e+03 1.455676364873097553e-02
5.220000000000000000e+03 1.452405961141641638e-02
5.221000000000000000e+03 1.449137164036809651e-02
5.222000000000000000e+03 1.445889635247668212e-02
5.223000000000000000e+03 1.442685083338825225e-02
5.224000000000000000e+03 1.439546299821467708e-02
5.225000000000000000e+03 1.436496720043602647e-02
5.226000000000000000e+03 1.433560301511693259e-02
5.227000000000000000e+03 1.430760804936537060e-02
5.228000000000000000e+03 1.428121345076524898e-02
5.229000000000000000e+03 1.425663127153542140e-02
5.230000000000000000e+03 1.423405211650231872e-02
5.231000000000000000e+03 1.421364064846003701e-02
5.232000000000000000e+03 1.419553028566986237e-02
5.233000000000000000e+03 1.417982086736311112e-02
5.234000000000000000e+03 1.416658006622296614e-02
5.235000000000000000e+03 1.415583753958189750e-02
5.236000000000000000e+03 1.414758360972682982e-02
5.237000000000000000e+03 1.414176787547411288e-02
5.238000000000000000e+03 1.413830239672821815e-02
5.239000000000000000e+03 1.413706595712512643e-02
5.240000000000000000e+03 1.413790533327706489e-02
5.241000000000000000e+03 1.414063899006832818e-02
5.242000000000000000e+03 1.414506443778399715e-02
5.243000000000000000e+03 1.415096130811128138e-02
5.244000000000000000e+03 1.415809416589582787e-02
5.245000000000000000e+03 1.416621618538185974e-02
5.246000000000000000e+03 1.417507516409843675e-02
5.247000000000000000e+03 1.418442170909553837e-02
5.248000000000000000e+03 1.419401411384278722e-02
5.249000000000000000e+03 1.420362521976808665e-02
5.250000000000000000e+03 1.421304199765172777e-02
5.251000000000000000e+03 1.422207454709919355e-02
5.252000000000000000e+03 1.423056135180105972e-02
5.253000000000000000e+03 1.423837105159956457e-02
5.254000000000000000e+03 1.424540174823799368e-02
5.255000000000000000e+03 1.425158305906666992e-02
5.256000000000000000e+03 1.425687617765247425e-02
5.257000000000000000e+03 1.426127477256240381e-02
5.258000000000000000e+03 1.426480484942556880e-02
5.259000000000000000e+03 1.426752066149132754e-02
5.260000000000000000e+03 1.426950073761154569e-02
5.261000000000000000e+03 1.427084344131908898e-02
5.262000000000000000e+03 1.427166168628108203e-02
5.263000000000000000e+03 1.427208079831725207e-02
5.264000000000000000e+03 1.427223166427851048e-02
5.265000000000000000e+03 1.427224143962179531e-02
5.266000000000000000e+03 1.427223194266969558e-02
5.267000000000000000e+03 1.427231493915459906e-02
5.268000000000000000e+03 1.427258478164945485e-02
5.269000000000000000e+03 1.427311918846381825e-02
5.270000000000000000e+03 1.427397462052336884e-02
5.271000000000000000e+03 1.427518788924155013e-02
5.272000000000000000e+03 1.427677559562860223e-02
5.273000000000000000e+03 1.427873550972754042e-02
5.274000000000000000e+03 1.428104478087958637e-02
5.275000000000000000e+03 1.428366197498658063e-02
5.276000000000000000e+03 1.428652763203594467e-02
5.277000000000000000e+03 1.428957513628685908e-02
5.278000000000000000e+03 1.429273090144434974e-02
5.279000000000000000e+03 1.429591519730296148e-02
5.280000000000000000e+03 1.429904761571905783e-02
5.281000000000000000e+03 1.430205428950038181e-02
5.282000000000000000e+03 1.430487027632981918e-02
5.283000000000000000e+03 1.430744168544097888e-02
5.284000000000000000e+03 1.430972830009214457e-02
5.285000000000000000e+03 1.431170978901058141e-02
5.286000000000000000e+03 1.431338383550964481e-02
5.287000000000000000e+03 1.431476685344908878e-02
5.288000000000000000e+03 1.431589374192351362e-02
5.289000000000000000e+03 1.431681474259701228e-02
5.290000000000000000e+03 1.431759400145473163e-02
5.291000000000000000e+03 1.431830496776732159e-02
5.292000000000000000e+03 1.431902920750377506e-02
5.293000000000000000e+03 1.431985304540845695e-02
5.294000000000000000e+03 1.432086252301796071e-02
5.295000000000000000e+03 1.432213841301517576e-02
5.296000000000000000e+03 1.432375202078492275e-02
5.297000000000000000e+03 1.432576327192696189e-02
5.298000000000000000e+03 1.432821826833251266e-02
5.299000000000000000e+03 1.433114061964187343e-02
5.300000000000000000e+03 1.433453424587120655e-02
5.301000000000000000e+03 1.433838140635722291e-02
5.302000000000000000e+03 1.434264394723382477e-02
5.303000000000000000e+03 1.434726075185126931e-02
5.304000000000000000e+03 1.435214451782127962e-02
5.305000000000000000e+03 1.435718442445101800e-02
5.306000000000000000e+03 1.436225516200994104e-02
5.307000000000000000e+03 1.436721398850944985e-02
5.308000000000000000e+03 1.437190790317467021e-02
5.309000000000000000e+03 1.437617699598440525e-02
5.310000000000000000e+03 1.437985727615362190e-02
5.311000000000000000e+03 1.438278377343497547e-02
5.312000000000000000e+03 1.438480046200089901e-02
5.313000000000000000e+03 1.438576766580584171e-02
5.314000000000000000e+03 1.438555737770192897e-02
5.315000000000000000e+03 1.438406079146996829e-02
5.316000000000000000e+03 1.438119307430921548e-02
5.317000000000000000e+03 1.437689331472174169e-02
5.318000000000000000e+03 1.437112683199454240e-02
5.319000000000000000e+03 1.436389104461297146e-02
5.320000000000000000e+03 1.435521201240977374e-02
5.321000000000000000e+03 1.434514706367383263e-02
5.322000000000000000e+03 1.433377846592250905e-02
5.323000000000000000e+03 1.432121515352753963e-02
5.324000000000000000e+03 1.430758813196615284e-02
5.325000000000000000e+03 1.429304677882546615e-02
5.326000000000000000e+03 1.427775456762620312e-02
5.327000000000000000e+03 1.426188451096530030e-02
5.328000000000000000e+03 1.424561667829750931e-02
5.329000000000000000e+03 1.422913390854628826e-02
5.330000000000000000e+03 1.421261530409926969e-02
5.331000000000000000e+03 1.419623827215137253e-02
5.332000000000000000e+03 1.418017271149746295e-02
5.333000000000000000e+03 1.416457544080440556e-02
5.334000000000000000e+03 1.414959010256185840e-02
5.335000000000000000e+03 1.413534538091571272e-02
5.336000000000000000e+03 1.412195426487736043e-02
5.337000000000000000e+03 1.410951258425455386e-02
5.338000000000000000e+03 1.409809925674323713e-02
5.339000000000000000e+03 1.408777221409304725e-02
5.340000000000000000e+03 1.407857070747020600e-02
5.341000000000000000e+03 1.407051169908714316e-02
5.342000000000000000e+03 1.406359255825803331e-02
5.343000000000000000e+03 1.405779056213189715e-02
5.344000000000000000e+03 1.405306428818809197e-02
5.345000000000000000e+03 1.404935300459422484e-02
5.346000000000000000e+03 1.404658066069976174e-02
5.347000000000000000e+03 1.404465431197336744e-02
5.348000000000000000e+03 1.404346696399289864e-02
5.349000000000000000e+03 1.404289975931002389e-02
5.350000000000000000e+03 1.404282665664436172e-02
5.351000000000000000e+03 1.404311339871143136e-02
5.352000000000000000e+03 1.404362193139638976e-02
5.353000000000000000e+03 1.404421892313301862e-02
5.354000000000000000e+03 1.404477666977722167e-02
5.355000000000000000e+03 1.404517458712527950e-02
5.356000000000000000e+03 1.404530630647214152e-02
5.357000000000000000e+03 1.404508141259826551e-02
5.358000000000000000e+03 1.404442738173882627e-02
5.359000000000000000e+03 1.404328848349893633e-02
5.360000000000000000e+03 1.404162831009812124e-02
5.361000000000000000e+03 1.403943148853839182e-02
5.362000000000000000e+03 1.403670396197014177e-02
5.363000000000000000e+03 1.403346931707919777e-02
5.364000000000000000e+03 1.402977301127010003e-02
5.365000000000000000e+03 1.402567666779716386e-02
5.366000000000000000e+03 1.402125387081462442e-02
5.367000000000000000e+03 1.401658593139906012e-02
5.368000000000000000e+03 1.401176156684584909e-02
5.369000000000000000e+03 1.400686941839063629e-02
5.370000000000000000e+03 1.400199213560151743e-02
5.371000000000000000e+03 1.399720968699523851e-02
5.372000000000000000e+03 1.399258953355471749e-02
5.373000000000000000e+03 1.398818725342550195e-02
5.374000000000000000e+03 1.398404297340607831e-02
5.375000000000000000e+03 1.398018145679084251e-02
5.376000000000000000e+03 1.397660673667084838e-02
5.377000000000000000e+03 1.397330646642947795e-02
5.378000000000000000e+03 1.397024867880001728e-02
5.379000000000000000e+03 1.396738394813921980e-02
5.380000000000000000e+03 1.396464526671606365e-02
5.381000000000000000e+03 1.396194861464521327e-02
5.382000000000000000e+03 1.395919702383490585e-02
5.383000000000000000e+03 1.395628331757612500e-02
5.384000000000000000e+03 1.395309129823181157e-02
5.385000000000000000e+03 1.394950126993702195e-02
5.386000000000000000e+03 1.394539134791360213e-02
5.387000000000000000e+03 1.394064003575098618e-02
5.388000000000000000e+03 1.393513079005163913e-02
5.389000000000000000e+03 1.392875295967475544e-02
5.390000000000000000e+03 1.392140544309970751e-02
5.391000000000000000e+03 1.391300206433335185e-02
5.392000000000000000e+03 1.390347434045552735e-02
5.393000000000000000e+03 1.389277363339743061e-02
5.394000000000000000e+03 1.388087156739429423e-02
5.395000000000000000e+03 1.386776427015510606e-02
5.396000000000000000e+03 1.385347143285655704e-02
5.397000000000000000e+03 1.383803605632172480e-02
5.398000000000000000e+03 1.382152127500206260e-02
5.399000000000000000e+03 1.380401607200579077e-02
5.400000000000000000e+03 1.378562815477248418e-02
5.401000000000000000e+03 1.376648478789965074e-02
5.402000000000000000e+03 1.374672790747322529e-02
5.403000000000000000e+03 1.372651119268717551e-02
5.404000000000000000e+03 1.370599730441317624e-02
5.405000000000000000e+03 1.368535533581690181e-02
5.406000000000000000e+03 1.366475627828388217e-02
5.407000000000000000e+03 1.364436671802427524e-02
5.408000000000000000e+03 1.362434806614546551e-02
5.409000000000000000e+03 1.360485306371258737e-02
5.410000000000000000e+03 1.358602240529770654e-02
5.411000000000000000e+03 1.356798503686794735e-02
5.412000000000000000e+03 1.355085499025520876e-02
5.413000000000000000e+03 1.353473224730698463e-02
5.414000000000000000e+03 1.351970063882318961e-02
5.415000000000000000e+03 1.350583087744997024e-02
5.416000000000000000e+03 1.349318127566597782e-02
5.417000000000000000e+03 1.348179969090175685e-02
5.418000000000000000e+03 1.347172246042563533e-02
5.419000000000000000e+03 1.346297567039661004e-02
5.420000000000000000e+03 1.345558041848511632e-02
5.421000000000000000e+03 1.344955334229787705e-02
5.422000000000000000e+03 1.344490690306038815e-02
5.423000000000000000e+03 1.344165139648091645e-02
5.424000000000000000e+03 1.343979725396718394e-02
5.425000000000000000e+03 1.343935410904293672e-02
5.426000000000000000e+03 1.344033384486170712e-02
5.427000000000000000e+03 1.344274889078698326e-02
5.428000000000000000e+03 1.344661080777427922e-02
5.429000000000000000e+03 1.345193364886564449e-02
5.430000000000000000e+03 1.345873443960420024e-02
5.431000000000000000e+03 1.346703006314563938e-02
5.432000000000000000e+03 1.347683322437590731e-02
5.433000000000000000e+03 1.348815747939214466e-02
5.434000000000000000e+03 1.350101744826234795e-02
5.435000000000000000e+03 1.351542546490916083e-02
5.436000000000000000e+03 1.353138989770998404e-02
5.437000000000000000e+03 1.354891466189869081e-02
5.438000000000000000e+03 1.356800005039510842e-02
5.439000000000000000e+03 1.358863854102875142e-02
5.440000000000000000e+03 1.361081138364066308e-02
5.441000000000000000e+03 1.363449069321263918e-02
5.442000000000000000e+03 1.365963924610698321e-02
5.443000000000000000e+03 1.368621140275631809e-02
5.444000000000000000e+03 1.371415317511762502e-02
5.445000000000000000e+03 1.374339990031294735e-02
5.446000000000000000e+03 1.377387403614846809e-02
5.447000000000000000e+03 1.380548915748852808e-02
5.448000000000000000e+03 1.383814879271763262e-02
5.449000000000000000e+03 1.387174856203019987e-02
5.450000000000000000e+03 1.390617662846310720e-02
5.451000000000000000e+03 1.394131040782422074e-02
5.452000000000000000e+03 1.397701610857796789e-02
5.453000000000000000e+03 1.401315272412806227e-02
5.454000000000000000e+03 1.404957234481976451e-02
5.455000000000000000e+03 1.408611876007711747e-02
5.456000000000000000e+03 1.412262927399551143e-02
5.457000000000000000e+03 1.415893502765934106e-02
5.458000000000000000e+03 1.419486500351053657e-02
5.459000000000000000e+03 1.423024864427555221e-02
5.460000000000000000e+03 1.426491847063728405e-02
5.461000000000000000e+03 1.429871058454143702e-02
5.462000000000000000e+03 1.433146524497322383e-02
5.463000000000000000e+03 1.436302938759734596e-02
5.464000000000000000e+03 1.439326147569707816e-02
5.465000000000000000e+03 1.442203422999402407e-02
5.466000000000000000e+03 1.444923578441754258e-02
5.467000000000000000e+03 1.447476908214567412e-02
5.468000000000000000e+03 1.449855700838755326e-02
5.469000000000000000e+03 1.452054378119160480e-02
5.470000000000000000e+03 1.454069588049240226e-02
5.471000000000000000e+03 1.455900339035254287e-02
5.472000000000000000e+03 1.457547782490250382e-02
5.473000000000000000e+03 1.459015043947371401e-02
5.474000000000000000e+03 1.460307435434008219e-02
5.475000000000000000e+03 1.461432325504544161e-02
5.476000000000000000e+03 1.462398922982883348e-02
5.477000000000000000e+03 1.463218046856688132e-02
5.478000000000000000e+03 1.463901971194550566e-02
5.479000000000000000e+03 1.464464288121759307e-02
5.480000000000000000e+03 1.464919156856184235e-02
5.481000000000000000e+03 1.465281128513191283e-02
5.482000000000000000e+03 1.465565540930453478e-02
5.483000000000000000e+03 1.465788259278050058e-02
5.484000000000000000e+03 1.465964861033282156e-02
5.485000000000000000e+03 1.466110794734326248e-02
5.486000000000000000e+03 1.466241104642211981e-02
5.487000000000000000e+03 1.466369974191062027e-02
5.488000000000000000e+03 1.466511031369979040e-02
5.489000000000000000e+03 1.466677016464806686e-02
5.490000000000000000e+03 1.466879400293126523e-02
5.491000000000000000e+03 1.467128630160369554e-02
5.492000000000000000e+03 1.467433900763190704e-02
5.493000000000000000e+03 1.467802698863149118e-02
5.494000000000000000e+03 1.468241220722406662e-02
5.495000000000000000e+03 1.468753685438935891e-02
5.496000000000000000e+03 1.469342233464816967e-02
5.497000000000000000e+03 1.470007190064238911e-02
5.498000000000000000e+03 1.470746822871031936e-02
5.499000000000000000e+03 1.471557229755411991e-02
5.500000000000000000e+03 1.472432880111980945e-02
5.501000000000000000e+03 1.473366593883452050e-02
5.502000000000000000e+03 1.474349496491348874e-02
5.503000000000000000e+03 1.475371236926146731e-02
5.504000000000000000e+03 1.476420343514508668e-02
5.505000000000000000e+03 1.477484632107887302e-02
5.506000000000000000e+03 1.478551595075784306e-02
5.507000000000000000e+03 1.479608485162478212e-02
5.508000000000000000e+03 1.480642939264927883e-02
5.509000000000000000e+03 1.481643107462370795e-02
5.510000000000000000e+03 1.482598579145784357e-02
5.511000000000000000e+03 1.483500216418467618e-02
5.512000000000000000e+03 1.484340828375436440e-02
5.513000000000000000e+03 1.485115154931572479e-02
5.514000000000000000e+03 1.485819904235326921e-02
5.515000000000000000e+03 1.486453753682188267e-02
5.516000000000000000e+03 1.487017589183303040e-02
5.517000000000000000e+03 1.487514379214657442e-02
5.518000000000000000e+03 1.487948938882808006e-02
5.519000000000000000e+03 1.488327377700893184e-02
5.520000000000000000e+03 1.488657406207717290e-02
5.521000000000000000e+03 1.488947651316532145e-02
5.522000000000000000e+03 1.489207329832385740e-02
5.523000000000000000e+03 1.489446153249695745e-02
5.524000000000000000e+03 1.489674163309245500e-02
5.525000000000000000e+03 1.489901131336932721e-02
5.526000000000000000e+03 1.490136392686716021e-02
5.527000000000000000e+03 1.490388789187104338e-02
5.528000000000000000e+03 1.490666420368160286e-02
5.529000000000000000e+03 1.490976698351023297e-02
5.530000000000000000e+03 1.491325805131288665e-02
5.531000000000000000e+03 1.491718853028153879e-02
5.532000000000000000e+03 1.492159666282552241e-02
5.533000000000000000e+03 1.492650839356593137e-02
5.534000000000000000e+03 1.493193480855571631e-02
5.535000000000000000e+03 1.493787395934580500e-02
5.536000000000000000e+03 1.494431233089967524e-02
5.537000000000000000e+03 1.495122679675545477e-02
5.538000000000000000e+03 1.495858151250770499e-02
5.539000000000000000e+03 1.496632800337104052e-02
5.540000000000000000e+03 1.497440858660105747e-02
5.541000000000000000e+03 1.498275888990960314e-02
5.542000000000000000e+03 1.499131132499787779e-02
5.543000000000000000e+03 1.499999338452465136e-02
5.544000000000000000e+03 1.500872779631005904e-02
5.545000000000000000e+03 1.501743664987009383e-02
5.546000000000000000e+03 1.502604900548042653e-02
5.547000000000000000e+03 1.503449542463978009e-02
5.548000000000000000e+03 1.504271147521442711e-02
5.549000000000000000e+03 1.505064116647380351e-02
5.550000000000000000e+03 1.505823727832955941e-02
5.551000000000000000e+03 1.506546322690703252e-02
5.552000000000000000e+03 1.507228969533164382e-02
5.553000000000000000e+03 1.507870365412829379e-02
5.554000000000000000e+03 1.508470445844752386e-02
5.555000000000000000e+03 1.509030446294830526e-02
5.556000000000000000e+03 1.509552710363679801e-02
5.557000000000000000e+03 1.510040750378090213e-02
5.558000000000000000e+03 1.510499063476183207e-02
5.559000000000000000e+03 1.510932425703408535e-02
5.560000000000000000e+03 1.511345777685108721e-02
5.561000000000000000e+03 1.511743780470745438e-02
5.562000000000000000e+03 1.512130491143366326e-02
5.563000000000000000e+03 1.512509396557784602e-02
5.564000000000000000e+03 1.512883170153647532e-02
5.565000000000000000e+03 1.513253019400585819e-02
5.566000000000000000e+03 1.513619001625965931e-02
5.567000000000000000e+03 1.513979785020494115e-02
5.568000000000000000e+03 1.514332798937947401e-02
5.569000000000000000e+03 1.514674058907621544e-02
5.570000000000000000e+03 1.514998480884193269e-02
5.571000000000000000e+03 1.515299969342009598e-02
5.572000000000000000e+03 1.515571971907444561e-02
5.573000000000000000e+03 1.515807601627459922e-02
5.574000000000000000e+03 1.515999794812517357e-02
5.575000000000000000e+03 1.516141286404370202e-02
5.576000000000000000e+03 1.516225252541564782e-02
5.577000000000000000e+03 1.516245237767503348e-02
5.578000000000000000e+03 1.516195500149753947e-02
5.579000000000000000e+03 1.516071445674900368e-02
5.580000000000000000e+03 1.515869111298481092e-02
5.581000000000000000e+03 1.515585428226875683e-02
5.582000000000000000e+03 1.515218368383813852e-02
5.583000000000000000e+03 1.514766249802972434e-02
5.584000000000000000e+03 1.514228327475677233e-02
5.585000000000000000e+03 1.513604111575501607e-02
5.586000000000000000e+03 1.512893250613691828e-02
5.587000000000000000e+03 1.512095378606564781e-02
5.588000000000000000e+03 1.511209847220259042e-02
5.589000000000000000e+03 1.510235471382213347e-02
5.590000000000000000e+03 1.509169899824152998e-02
5.591000000000000000e+03 1.508009942277396126e-02
5.592000000000000000e+03 1.506751486304372736e-02
5.593000000000000000e+03 1.505389531090484297e-02
5.594000000000000000e+03 1.503918195124266666e-02
5.595000000000000000e+03 1.502330840132138322e-02
5.596000000000000000e+03 1.500620575761689793e-02
5.597000000000000000e+03 1.498780390156381412e-02
5.598000000000000000e+03 1.496803004448718846e-02
5.599000000000000000e+03 1.494681411505480693e-02
5.600000000000000000e+03 1.492409280849390368e-02
5.601000000000000000e+03 1.489981375415628563e-02
5.602000000000000000e+03 1.487393521333390568e-02
5.603000000000000000e+03 1.484643200228251067e-02
5.604000000000000000e+03 1.481729834520838923e-02
5.605000000000000000e+03 1.478655184380218632e-02
5.606000000000000000e+03 1.475423232816145888e-02
5.607000000000000000e+03 1.472040516529514627e-02
5.608000000000000000e+03 1.468515698793277507e-02
5.609000000000000000e+03 1.464859810916678204e-02
5.610000000000000000e+03 1.461086352379368028e-02
5.611000000000000000e+03 1.457211184561742548e-02
5.612000000000000000e+03 1.453251707817488671e-02
5.613000000000000000e+03 1.449226686995182777e-02
5.614000000000000000e+03 1.445155731148091600e-02
5.615000000000000000e+03 1.441059340160623717e-02
5.616000000000000000e+03 1.436958555160195578e-02
5.617000000000000000e+03 1.432874460839858935e-02
5.618000000000000000e+03 1.428828036723664430e-02
5.619000000000000000e+03 1.424839487421008730e-02
5.620000000000000000e+03 1.420927873634439745e-02
5.621000000000000000e+03 1.417111042997599123e-02
5.622000000000000000e+03 1.413405044646516735e-02
5.623000000000000000e+03 1.409824191283231762e-02
5.624000000000000000e+03 1.406380797363303639e-02
5.625000000000000000e+03 1.403084899759624374e-02
5.626000000000000000e+03 1.399944420240730944e-02
5.627000000000000000e+03 1.396964960713230341e-02
5.628000000000000000e+03 1.394149782143843871e-02
5.629000000000000000e+03 1.391499919940060101e-02
5.630000000000000000e+03 1.389014455882249532e-02
5.631000000000000000e+03 1.386690322097589891e-02
5.632000000000000000e+03 1.384522388613003939e-02
5.633000000000000000e+03 1.382504291012818555e-02
5.634000000000000000e+03 1.380628146329563807e-02
5.635000000000000000e+03 1.378884603353367627e-02
5.636000000000000000e+03 1.377263542866271478e-02
5.637000000000000000e+03 1.375754362542488604e-02
5.638000000000000000e+03 1.374346143680165930e-02
5.639000000000000000e+03 1.373027981266311190e-02
5.640000000000000000e+03 1.371789551061412642e-02
5.641000000000000000e+03 1.370621194705702942e-02
5.642000000000000000e+03 1.369514141286875403e-02
5.643000000000000000e+03 1.368460775471297408e-02
5.644000000000000000e+03 1.367454675454380861e-02
5.645000000000000000e+03 1.366490932491247652e-02
5.646000000000000000e+03 1.365566001511531527e-02
5.647000000000000000e+03 1.364677572315059137e-02
5.648000000000000000e+03 1.363824856518055031e-02
5.649000000000000000e+03 1.363007891712991575e-02
5.650000000000000000e+03 1.362227552902240194e-02
5.651000000000000000e+03 1.361485274014658832e-02
5.652000000000000000e+03 1.360782911559426690e-02
5.653000000000000000e+03 1.360122480571996501e-02
5.654000000000000000e+03 1.359505860193012394e-02
5.655000000000000000e+03 1.358934613657488029e-02
5.656000000000000000e+03 1.358409816854556397e-02
5.657000000000000000e+03 1.357931829877980640e-02
5.658000000000000000e+03 1.357500113667455856e-02
5.659000000000000000e+03 1.357113486525965071e-02
5.660000000000000000e+03 1.356769729875744943e-02
5.661000000000000000e+03 1.356465722456314318e-02
5.662000000000000000e+03 1.356197627050089935e-02
5.663000000000000000e+03 1.355960872147282323e-02
5.664000000000000000e+03 1.355749739434590137e-02
5.665000000000000000e+03 1.355557218030795617e-02
5.666000000000000000e+03 1.355375347615269538e-02
5.667000000000000000e+03 1.355195773642686383e-02
5.668000000000000000e+03 1.355009279131318828e-02
5.669000000000000000e+03 1.354806300069451644e-02
5.670000000000000000e+03 1.354577078916674275e-02
5.671000000000000000e+03 1.354311393348567663e-02
5.672000000000000000e+03 1.353999094714034013e-02
5.673000000000000000e+03 1.353629936867415187e-02
5.674000000000000000e+03 1.353194125467919486e-02
5.675000000000000000e+03 1.352682169311063970e-02
5.676000000000000000e+03 1.352085340191658096e-02
5.677000000000000000e+03 1.351395491789780801e-02
5.678000000000000000e+03 1.350605681297538732e-02
5.679000000000000000e+03 1.349710037525236536e-02
5.680000000000000000e+03 1.348703709759560380e-02
5.681000000000000000e+03 1.347583698573923822e-02
5.682000000000000000e+03 1.346348736458904960e-02
5.683000000000000000e+03 1.344999269152035923e-02
5.684000000000000000e+03 1.343537814167131139e-02
5.685000000000000000e+03 1.341968770682431741e-02
5.686000000000000000e+03 1.340298405514839426e-02
5.687000000000000000e+03 1.338535010526629120e-02
5.688000000000000000e+03 1.336688740768624678e-02
5.689000000000000000e+03 1.334771394268307459e-02
5.690000000000000000e+03 1.332796142351339724e-02
5.691000000000000000e+03 1.330777431266919920e-02
5.692000000000000000e+03 1.328730885039196633e-02
5.693000000000000000e+03 1.326673186759394149e-02
5.694000000000000000e+03 1.324621795377870295e-02
5.695000000000000000e+03 1.322594345636756569e-02
5.696000000000000000e+03 1.320608551100740588e-02
5.697000000000000000e+03 1.318681741003530257e-02
5.698000000000000000e+03 1.316830779740730054e-02
5.699000000000000000e+03 1.315071815279320912e-02
5.700000000000000000e+03 1.313420410875104118e-02
5.701000000000000000e+03 1.311891564586618181e-02
5.702000000000000000e+03 1.310499639311317466e-02
5.703000000000000000e+03 1.309257908004669499e-02
5.704000000000000000e+03 1.308178630043394658e-02
5.705000000000000000e+03 1.307272986977823029e-02
5.706000000000000000e+03 1.306551140524445445e-02
5.707000000000000000e+03 1.306022293046009766e-02
5.708000000000000000e+03 1.305694580363194954e-02
5.709000000000000000e+03 1.305574831087986248e-02
5.710000000000000000e+03 1.305668594343595106e-02
5.711000000000000000e+03 1.305979977726869079e-02
5.712000000000000000e+03 1.306512323065599571e-02
5.713000000000000000e+03 1.307267158085950905e-02
5.714000000000000000e+03 1.308244246635601946e-02
5.715000000000000000e+03 1.309441365837172265e-02
5.716000000000000000e+03 1.310853823398975757e-02
5.717000000000000000e+03 1.312474947085416621e-02
5.718000000000000000e+03 1.314295826780815038e-02
5.719000000000000000e+03 1.316305339366579535e-02
5.720000000000000000e+03 1.318490086357050270e-02
5.721000000000000000e+03 1.320834094320623604e-02
5.722000000000000000e+03 1.323319287266531627e-02
5.723000000000000000e+03 1.325925627405302384e-02
5.724000000000000000e+03 1.328630982390342080e-02
5.725000000000000000e+03 1.331411724838476619e-02
5.726000000000000000e+03 1.334243146965149659e-02
5.727000000000000000e+03 1.337099747731376048e-02
5.728000000000000000e+03 1.339955701315512400e-02
5.729000000000000000e+03 1.342785316672961624e-02
5.730000000000000000e+03 1.345563246174669679e-02
5.731000000000000000e+03 1.348264964010569000e-02
5.732000000000000000e+03 1.350867193658980905e-02
5.733000000000000000e+03 1.353348264490469334e-02
5.734000000000000000e+03 1.355688677906292591e-02
5.735000000000000000e+03 1.357871287511675656e-02
5.736000000000000000e+03 1.359881548756907560e-02
5.737000000000000000e+03 1.361707916901044521e-02
5.738000000000000000e+03 1.363341933926525557e-02
5.739000000000000000e+03 1.364778163275102638e-02
5.740000000000000000e+03 1.366014129906469726e-02
5.741000000000000000e+03 1.367050556064274350e-02
5.742000000000000000e+03 1.367890875756074161e-02
5.743000000000000000e+03 1.368540972260444237e-02
5.744000000000000000e+03 1.369009079678452576e-02
5.745000000000000000e+03 1.369305462554982339e-02
5.746000000000000000e+03 1.369442013876740610e-02
5.747000000000000000e+03 1.369431881634317755e-02
5.748000000000000000e+03 1.369289002841143042e-02
5.749000000000000000e+03 1.369027746145610666e-02
5.750000000000000000e+03 1.368662703806708923e-02
5.751000000000000000e+03 1.368208006332815793e-02
5.752000000000000000e+03 1.367677142033643656e-02
5.753000000000000000e+03 1.367082853451802131e-02
5.754000000000000000e+03 1.366436430430522340e-02
5.755000000000000000e+03 1.365747622294166685e-02
5.756000000000000000e+03 1.365024637664826422e-02
5.757000000000000000e+03 1.364274168700001927e-02
5.758000000000000000e+03 1.363501544323683298e-02
5.759000000000000000e+03 1.362710730446902233e-02
5.760000000000000000e+03 1.361904288665314981e-02
5.761000000000000000e+03 1.361083615784906484e-02
5.762000000000000000e+03 1.360249409025203818e-02
5.763000000000000000e+03 1.359401934142084878e-02
5.764000000000000000e+03 1.358541116047187400e-02
5.765000000000000000e+03 1.357667062461497161e-02
5.766000000000000000e+03 1.356780155129708870e-02
5.767000000000000000e+03 1.355881581882672181e-02
5.768000000000000000e+03 1.354973657325437425e-02
5.769000000000000000e+03 1.354059888299630199e-02
5.770000000000000000e+03 1.353145590280691382e-02
5.771000000000000000e+03 1.352237749193624730e-02
5.772000000000000000e+03 1.351345327126785012e-02
5.773000000000000000e+03 1.350479244385107552e-02
5.774000000000000000e+03 1.349652375307296322e-02
5.775000000000000000e+03 1.348879158388902912e-02
5.776000000000000000e+03 1.348175208265514277e-02
5.777000000000000000e+03 1.347557292538493698e-02
5.778000000000000000e+03 1.347042668031133046e-02
5.779000000000000000e+03 1.346648597460534114e-02
5.780000000000000000e+03 1.346391960813429420e-02
5.781000000000000000e+03 1.346288477842058282e-02
5.782000000000000000e+03 1.346352344173751964e-02
5.783000000000000000e+03 1.346595736393942089e-02
5.784000000000000000e+03 1.347028593099887372e-02
5.785000000000000000e+03 1.347658653821217495e-02
5.786000000000000000e+03 1.348490351055906498e-02
5.787000000000000000e+03 1.349524888151319192e-02
5.788000000000000000e+03 1.350760472364829178e-02
5.789000000000000000e+03 1.352192483795543361e-02
5.790000000000000000e+03 1.353813188470282501e-02
5.791000000000000000e+03 1.355611808479661659e-02
5.792000000000000000e+03 1.357574976706732439e-02
5.793000000000000000e+03 1.359687332179089145e-02
5.794000000000000000e+03 1.361932002590572274e-02
5.795000000000000000e+03 1.364291032522337022e-02
5.796000000000000000e+03 1.366745852576010944e-02
5.797000000000000000e+03 1.369277712548100379e-02
5.798000000000000000e+03 1.371867980260529224e-02
5.799000000000000000e+03 1.374498785727608363e-02
5.800000000000000000e+03 1.377153256685987627e-02
5.801000000000000000e+03 1.379815968134009627e-02
5.802000000000000000e+03 1.382472748665874995e-02
5.803000000000000000e+03 1.385111244846216200e-02
5.804000000000000000e+03 1.387721045884844975e-02
5.805000000000000000e+03 1.390293487682144405e-02
5.806000000000000000e+03 1.392822008279310207e-02
5.807000000000000000e+03 1.395302057651080611e-02
5.808000000000000000e+03 1.397730591649107984e-02
5.809000000000000000e+03 1.400106254597234534e-02
5.810000000000000000e+03 1.402429005428032852e-02
5.811000000000000000e+03 1.404699582966939184e-02
5.812000000000000000e+03 1.406919822803204961e-02
5.813000000000000000e+03 1.409092295943763923e-02
5.814000000000000000e+03 1.411219721492988459e-02
5.815000000000000000e+03 1.413305189460487346e-02
5.816000000000000000e+03 1.415351794466681787e-02
5.817000000000000000e+03 1.417362202788692224e-02
5.818000000000000000e+03 1.419339178037916545e-02
5.819000000000000000e+03 1.421285645977612977e-02
5.820000000000000000e+03 1.423204463315132923e-02
5.821000000000000000e+03 1.425098479806726805e-02
5.822000000000000000e+03 1.426970551704731874e-02
5.823000000000000000e+03 1.428823675885764963e-02
5.824000000000000000e+03 1.430661375244017194e-02
5.825000000000000000e+03 1.432487351768351250e-02
5.826000000000000000e+03 1.434305137648321689e-02
5.827000000000000000e+03 1.436118826089475067e-02
5.828000000000000000e+03 1.437932660086937986e-02
5.829000000000000000e+03 1.439750834762768862e-02
5.830000000000000000e+03 1.441577992543516783e-02
5.831000000000000000e+03 1.443418710227738384e-02
5.832000000000000000e+03 1.445277386094683154e-02
5.833000000000000000e+03 1.447157905240367692e-02
5.834000000000000000e+03 1.449063626442936500e-02
5.835000000000000000e+03 1.450997543550001240e-02
5.836000000000000000e+03 1.452962243033766900e-02
5.837000000000000000e+03 1.454959345445338594e-02
5.838000000000000000e+03 1.456990238287279860e-02
5.839000000000000000e+03 1.459054931574300072e-02
5.840000000000000000e+03 1.461152421702847232e-02
5.841000000000000000e+03 1.463280982852250070e-02
5.842000000000000000e+03 1.465438402521604226e-02
5.843000000000000000e+03 1.467622101653914130e-02
5.844000000000000000e+03 1.469828724242773846e-02
5.845000000000000000e+03 1.472054447965973588e-02
5.846000000000000000e+03 1.474294675172272903e-02
5.847000000000000000e+03 1.476544445139852703e-02
5.848000000000000000e+03 1.478798618942045451e-02
5.849000000000000000e+03 1.481051750513218829e-02
5.850000000000000000e+03 1.483297403976616483e-02
5.851000000000000000e+03 1.485529270937598761e-02
5.852000000000000000e+03 1.487740702624697382e-02
5.853000000000000000e+03 1.489924116108605479e-02
5.854000000000000000e+03 1.492071447792068205e-02
5.855000000000000000e+03 1.494173786544631538e-02
5.856000000000000000e+03 1.496221323054087136e-02
5.857000000000000000e+03 1.498203387499927666e-02
5.858000000000000000e+03 1.500108410344957142e-02
5.859000000000000000e+03 1.501924215905123955e-02
5.860000000000000000e+03 1.503637392788487875e-02
5.861000000000000000e+03 1.505233860345610124e-02
5.862000000000000000e+03 1.506698462281705168e-02
5.863000000000000000e+03 1.508015247511114605e-02
5.864000000000000000e+03 1.509167790917051791e-02
5.865000000000000000e+03 1.510139164996491395e-02
5.866000000000000000e+03 1.510912139493845313e-02
5.867000000000000000e+03 1.511469517146441649e-02
5.868000000000000000e+03 1.511794799947748305e-02
5.869000000000000000e+03 1.511871775844685593e-02
5.870000000000000000e+03 1.511685522842649149e-02
5.871000000000000000e+03 1.511222703638074628e-02
5.872000000000000000e+03 1.510472230125014734e-02
5.873000000000000000e+03 1.509425498244804272e-02
5.874000000000000000e+03 1.508076250525627188e-02
5.875000000000000000e+03 1.506421052523625008e-02
5.876000000000000000e+03 1.504459558364593975e-02
5.877000000000000000e+03 1.502195006370325020e-02
5.878000000000000000e+03 1.499634054688803175e-02
5.879000000000000000e+03 1.496786507058114543e-02
5.880000000000000000e+03 1.493665425148135890e-02
5.881000000000000000e+03 1.490287481248016299e-02
5.882000000000000000e+03 1.486671918187101177e-02
5.883000000000000000e+03 1.482840624794763695e-02
5.884000000000000000e+03 1.478817793417065707e-02
5.885000000000000000e+03 1.474629532954219516e-02
5.886000000000000000e+03 1.470303388919978055e-02
5.887000000000000000e+03 1.465867883349637052e-02
5.888000000000000000e+03 1.461351979376341800e-02
5.889000000000000000e+03 1.456784779509544964e-02
5.890000000000000000e+03 1.452194948658400847e-02
5.891000000000000000e+03 1.447610352456822624e-02
5.892000000000000000e+03 1.443057649792958523e-02
5.893000000000000000e+03 1.438562202557645137e-02
5.894000000000000000e+03 1.434147565920918140e-02
5.895000000000000000e+03 1.429835543387668675e-02
5.896000000000000000e+03 1.425645895044103453e-02
5.897000000000000000e+03 1.421596320425220702e-02
5.898000000000000000e+03 1.417702269205048035e-02
5.899000000000000000e+03 1.413976758102282114e-02
5.900000000000000000e+03 1.410430706790328538e-02
5.901000000000000000e+03 1.407072832156157881e-02
5.902000000000000000e+03 1.403910093109957472e-02
5.903000000000000000e+03 1.400947739949605364e-02
5.904000000000000000e+03 1.398189236171452562e-02
5.905000000000000000e+03 1.395636295557433140e-02
5.906000000000000000e+03 1.393289304803033667e-02
5.907000000000000000e+03 1.391147436515380309e-02
5.908000000000000000e+03 1.389208900883370963e-02
5.909000000000000000e+03 1.387470769781777580e-02
5.910000000000000000e+03 1.385929341340999717e-02
5.911000000000000000e+03 1.384580300857611752e-02
5.912000000000000000e+03 1.383418392231922783e-02
5.913000000000000000e+03 1.382438200151880556e-02
5.914000000000000000e+03 1.381634159812255951e-02
5.915000000000000000e+03 1.381000355785079806e-02
5.916000000000000000e+03 1.380531166090414284e-02
5.917000000000000000e+03 1.380221062765431099e-02
5.918000000000000000e+03 1.380064101445437931e-02
5.919000000000000000e+03 1.380054024924550968e-02
5.920000000000000000e+03 1.380184830753540363e-02
5.921000000000000000e+03 1.380450163580735322e-02
5.922000000000000000e+03 1.380843210150565006e-02
5.923000000000000000e+03 1.381356630266558118e-02
5.924000000000000000e+03 1.381982407736696145e-02
5.925000000000000000e+03 1.382711869140470541e-02
5.926000000000000000e+03 1.383535835833712459e-02
5.927000000000000000e+03 1.384444169590420826e-02
5.928000000000000000e+03 1.385425919737340306e-02
5.929000000000000000e+03 1.386469509774820343e-02
5.930000000000000000e+03 1.387562743089366252e-02
5.931000000000000000e+03 1.388692833238656943e-02
5.932000000000000000e+03 1.389846580147657308e-02
5.933000000000000000e+03 1.391010731788622397e-02
5.934000000000000000e+03 1.392172222915911452e-02
5.935000000000000000e+03 1.393318278656923911e-02
5.936000000000000000e+03 1.394436620185698916e-02
5.937000000000000000e+03 1.395515947227149792e-02
5.938000000000000000e+03 1.396546266561547386e-02
5.939000000000000000e+03 1.397518939408831651e-02
5.940000000000000000e+03 1.398427032311686836e-02
5.941000000000000000e+03 1.399265171647594286e-02
5.942000000000000000e+03 1.400029538153935854e-02
5.943000000000000000e+03 1.400717720106747777e-02
5.944000000000000000e+03 1.401328835150490032e-02
5.945000000000000000e+03 1.401863588395307718e-02
5.946000000000000000e+03 1.402323733268764222e-02
5.947000000000000000e+03 1.402712223373587391e-02
5.948000000000000000e+03 1.403032626574970965e-02
5.949000000000000000e+03 1.403289396057962740e-02
5.950000000000000000e+03 1.403487723698119277e-02
5.951000000000000000e+03 1.403633068216121257e-02
5.952000000000000000e+03 1.403731277389191380e-02
5.953000000000000000e+03 1.403788535294267503e-02
5.954000000000000000e+03 1.403811115931812709e-02
5.955000000000000000e+03 1.403805190296645612e-02
5.956000000000000000e+03 1.403777237394377916e-02
5.957000000000000000e+03 1.403733771055839380e-02
5.958000000000000000e+03 1.403681052028501672e-02
5.959000000000000000e+03 1.403625094246058712e-02
5.960000000000000000e+03 1.403571845337078967e-02
5.961000000000000000e+03 1.403526835860685260e-02
5.962000000000000000e+03 1.403495366048679999e-02
5.963000000000000000e+03 1.403482387286591852e-02
5.964000000000000000e+03 1.403492645848092822e-02
5.965000000000000000e+03 1.403530520293073611e-02
5.966000000000000000e+03 1.403600277611449960e-02
5.967000000000000000e+03 1.403706057868633547e-02
5.968000000000000000e+03 1.403851526383436896e-02
5.969000000000000000e+03 1.404040044727489223e-02
5.970000000000000000e+03 1.404274856326722526e-02
5.971000000000000000e+03 1.404559042015041462e-02
5.972000000000000000e+03 1.404895689410400744e-02
5.973000000000000000e+03 1.405287962668808413e-02
5.974000000000000000e+03 1.405738669428838183e-02
5.975000000000000000e+03 1.406250330437945964e-02
5.976000000000000000e+03 1.406825179891814034e-02
5.977000000000000000e+03 1.407464993267326658e-02
5.978000000000000000e+03 1.408170824812232658e-02
5.979000000000000000e+03 1.408943496347626195e-02
5.980000000000000000e+03 1.409783247140496652e-02
5.981000000000000000e+03 1.410689549630891187e-02
5.982000000000000000e+03 1.411661161476717927e-02
5.983000000000000000e+03 1.412696181369018159e-02
5.984000000000000000e+03 1.413791521339342709e-02
5.985000000000000000e+03 1.414943419434321753e-02
5.986000000000000000e+03 1.416147619999509610e-02
5.987000000000000000e+03 1.417398933845360511e-02
5.988000000000000000e+03 1.418691370701426202e-02
5.989000000000000000e+03 1.420018528660973132e-02
5.990000000000000000e+03 1.421373709894826684e-02
5.991000000000000000e+03 1.422749568919467328e-02
5.992000000000000000e+03 1.424138768990609524e-02
5.993000000000000000e+03 1.425533866135280173e-02
5.994000000000000000e+03 1.426927192458803464e-02
5.995000000000000000e+03 1.428311270724722318e-02
5.996000000000000000e+03 1.429678731260734456e-02
5.997000000000000000e+03 1.431022472325359229e-02
5.998000000000000000e+03 1.432335804843460139e-02
5.999000000000000000e+03 1.433611951718565328e-02
6.000000000000000000e+03 1.434844758940550039e-02
6.001000000000000000e+03 1.436028505027629396e-02
6.002000000000000000e+03 1.437157717485209457e-02
6.003000000000000000e+03 1.438227720390569501e-02
6.004000000000000000e+03 1.439234904437074539e-02
6.005000000000000000e+03 1.440176258851845470e-02
6.006000000000000000e+03 1.441050351808783811e-02
6.007000000000000000e+03 1.441857179686622387e-02
6.008000000000000000e+03 1.442597864355193819e-02
6.009000000000000000e+03 1.443275150951797703e-02
6.010000000000000000e+03 1.443893670485006490e-02
6.011000000000000000e+03 1.444459802224851847e-02
6.012000000000000000e+03 1.444981305605176278e-02
6.013000000000000000e+03 1.445467337004643568e-02
6.014000000000000000e+03 1.445928204056483313e-02
6.015000000000000000e+03 1.446374992820262384e-02
6.016000000000000000e+03 1.446819642068681265e-02
6.017000000000000000e+03 1.447274365033100404e-02
6.018000000000000000e+03 1.447750688560888073e-02
6.019000000000000000e+03 1.448259205320598202e-02
6.020000000000000000e+03 1.448809064677079525e-02
6.021000000000000000e+03 1.449407269513828048e-02
6.022000000000000000e+03 1.450058030975079348e-02
6.023000000000000000e+03 1.450763134775651803e-02
6.024000000000000000e+03 1.451521593924120015e-02
6.025000000000000000e+03 1.452329317374431543e-02
6.026000000000000000e+03 1.453178890531383119e-02
6.027000000000000000e+03 1.454059736640865574e-02
6.028000000000000000e+03 1.454958509025608762e-02
6.029000000000000000e+03 1.455859444795099336e-02
6.030000000000000000e+03 1.456745050672683672e-02
6.031000000000000000e+03 1.457596369179464668e-02
6.032000000000000000e+03 1.458393969397578371e-02
6.033000000000000000e+03 1.459118273155580320e-02
6.034000000000000000e+03 1.459750316847086005e-02
6.035000000000000000e+03 1.460272429385173557e-02
6.036000000000000000e+03 1.460669019800719080e-02
6.037000000000000000e+03 1.460926433388671543e-02
6.038000000000000000e+03 1.461033463336436876e-02
6.039000000000000000e+03 1.460982400591265273e-02
6.040000000000000000e+03 1.460769381133838682e-02
6.041000000000000000e+03 1.460393899014908979e-02
6.042000000000000000e+03 1.459859224346455459e-02
6.043000000000000000e+03 1.459172773611114651e-02
6.044000000000000000e+03 1.458345287900655006e-02
6.045000000000000000e+03 1.457391095277324466e-02
6.046000000000000000e+03 1.456327689818947071e-02
6.047000000000000000e+03 1.455175127470581531e-02
6.048000000000000000e+03 1.453955589578971933e-02
6.049000000000000000e+03 1.452692972734002247e-02
6.050000000000000000e+03 1.451412314790737762e-02
6.051000000000000000e+03 1.450139126786082096e-02
6.052000000000000000e+03 1.448898685921455598e-02
6.053000000000000000e+03 1.447715801973067234e-02
6.054000000000000000e+03 1.446613969015134171e-02
6.055000000000000000e+03 1.445614568599404640e-02
6.056000000000000000e+03 1.444736932547764467e-02
6.057000000000000000e+03 1.443997319368693286e-02
6.058000000000000000e+03 1.443408384968273943e-02
6.059000000000000000e+03 1.442980054112185176e-02
6.060000000000000000e+03 1.442718707332679186e-02
6.061000000000000000e+03 1.442626787112904693e-02
6.062000000000000000e+03 1.442703227392166075e-02
6.063000000000000000e+03 1.442943650187641230e-02
6.064000000000000000e+03 1.443339928297796351e-02
6.065000000000000000e+03 1.443880776629314668e-02
6.066000000000000000e+03 1.444552215901440118e-02
6.067000000000000000e+03 1.445337792339944361e-02
6.068000000000000000e+03 1.446219131786899426e-02
6.069000000000000000e+03 1.447175882042163117e-02
6.070000000000000000e+03 1.448186366209805800e-02
6.071000000000000000e+03 1.449227987154446881e-02
6.072000000000000000e+03 1.450277229634213717e-02
6.073000000000000000e+03 1.451310473402216486e-02
6.074000000000000000e+03 1.452304366356944182e-02
6.075000000000000000e+03 1.453236436174796913e-02
6.076000000000000000e+03 1.454085320732819743e-02
6.077000000000000000e+03 1.454831255113096800e-02
6.078000000000000000e+03 1.455456303825312762e-02
6.079000000000000000e+03 1.455944410799234721e-02
6.080000000000000000e+03 1.456281792985532689e-02
6.081000000000000000e+03 1.456456977751044261e-02
6.082000000000000000e+03 1.456461337270306342e-02
6.083000000000000000e+03 1.456289175834537750e-02
6.084000000000000000e+03 1.455937905038329899e-02
6.085000000000000000e+03 1.455407921720757933e-02
6.086000000000000000e+03 1.454702657232529589e-02
6.087000000000000000e+03 1.453828674487770908e-02
6.088000000000000000e+03 1.452795343186142653e-02
6.089000000000000000e+03 1.451614712699212870e-02
6.090000000000000000e+03 1.450301812022382689e-02
6.091000000000000000e+03 1.448873898216048242e-02
6.092000000000000000e+03 1.447349910477087331e-02
6.093000000000000000e+03 1.445750415884686571e-02
6.094000000000000000e+03 1.444097232861965563e-02
6.095000000000000000e+03 1.442412716336413311e-02
6.096000000000000000e+03 1.440719341741061518e-02
6.097000000000000000e+03 1.439039529192829778e-02
6.098000000000000000e+03 1.437394946145885422e-02
6.099000000000000000e+03 1.435806135478053663e-02
6.100000000000000000e+03 1.434292408569532926e-02
6.101000000000000000e+03 1.432871365171072345e-02
6.102000000000000000e+03 1.431558434243100641e-02
6.103000000000000000e+03 1.430366927816396558e-02
6.104000000000000000e+03 1.429308002256555674e-02
6.105000000000000000e+03 1.428390352411327245e-02
6.106000000000000000e+03 1.427620357136419500e-02
6.107000000000000000e+03 1.427001703144326235e-02
6.108000000000000000e+03 1.426535594928940442e-02
6.109000000000000000e+03 1.426221106419364726e-02
6.110000000000000000e+03 1.426055021567169089e-02
6.111000000000000000e+03 1.426032393755965501e-02
6.112000000000000000e+03 1.426146588204984036e-02
6.113000000000000000e+03 1.426389304383150064e-02
6.114000000000000000e+03 1.426750714034043938e-02
6.115000000000000000e+03 1.427220121699426802e-02
6.116000000000000000e+03 1.427786447597964581e-02
6.117000000000000000e+03 1.428438206440579492e-02
6.118000000000000000e+03 1.429164275077790189e-02
6.119000000000000000e+03 1.429953878239999775e-02
6.120000000000000000e+03 1.430796763739484653e-02
6.121000000000000000e+03 1.431683589244970092e-02
6.122000000000000000e+03 1.432606079078662178e-02
6.123000000000000000e+03 1.433557171557781756e-02
6.124000000000000000e+03 1.434531199153790855e-02
6.125000000000000000e+03 1.435523893974976345e-02
6.126000000000000000e+03 1.436532375097825456e-02
6.127000000000000000e+03 1.437555252532905434e-02
6.128000000000000000e+03 1.438592401199140225e-02
6.129000000000000000e+03 1.439644314924992154e-02
6.130000000000000000e+03 1.440712064974011310e-02
6.131000000000000000e+03 1.441797215420531804e-02
6.132000000000000000e+03 1.442901312599854415e-02
6.133000000000000000e+03 1.444025950661498477e-02
6.134000000000000000e+03 1.445172074502768834e-02
6.135000000000000000e+03 1.446339819371737778e-02
6.136000000000000000e+03 1.447528157544586414e-02
6.137000000000000000e+03 1.448734464023260053e-02
6.138000000000000000e+03 1.449954427893042699e-02
6.139000000000000000e+03 1.451182261709676666e-02
6.140000000000000000e+03 1.452410451542101785e-02
6.141000000000000000e+03 1.453629882758068238e-02
6.142000000000000000e+03 1.454830419595526739e-02
6.143000000000000000e+03 1.456000690017035179e-02
6.144000000000000000e+03 1.457128601581233508e-02
6.145000000000000000e+03 1.458201970855469397e-02
6.146000000000000000e+03 1.459208873604558518e-02
6.147000000000000000e+03 1.460138238592909726e-02
6.148000000000000000e+03 1.460980250090857836e-02
6.149000000000000000e+03 1.461726593424019643e-02
6.150000000000000000e+03 1.462370599940330390e-02
6.151000000000000000e+03 1.462907774233352873e-02
6.152000000000000000e+03 1.463336053367003675e-02
6.153000000000000000e+03 1.463655734692733898e-02
6.154000000000000000e+03 1.463869627671745069e-02
6.155000000000000000e+03 1.463982971731560626e-02
6.156000000000000000e+03 1.464003084490638450e-02
6.157000000000000000e+03 1.463939031080197656e-02
6.158000000000000000e+03 1.463801457024479537e-02
6.159000000000000000e+03 1.463602599857318637e-02
6.160000000000000000e+03 1.463355790158331164e-02
6.161000000000000000e+03 1.463074615822451512e-02
6.162000000000000000e+03 1.462772364130194777e-02
6.163000000000000000e+03 1.462461982685958964e-02
6.164000000000000000e+03 1.462155626895215652e-02
6.165000000000000000e+03 1.461864004369081531e-02
6.166000000000000000e+03 1.461596036191246777e-02
6.167000000000000000e+03 1.461359003593810588e-02
6.168000000000000000e+03 1.461158360011627702e-02
6.169000000000000000e+03 1.460997001123640060e-02
6.170000000000000000e+03 1.460875445097730915e-02
6.171000000000000000e+03 1.460792016916107397e-02
6.172000000000000000e+03 1.460743076779537873e-02
6.173000000000000000e+03 1.460723102488924001e-02
6.174000000000000000e+03 1.460724729439674685e-02
6.175000000000000000e+03 1.460739583362106499e-02
6.176000000000000000e+03 1.460758406960127251e-02
6.177000000000000000e+03 1.460771470790377634e-02
6.178000000000000000e+03 1.460768964405788697e-02
6.179000000000000000e+03 1.460742084442503107e-02
6.180000000000000000e+03 1.460682923879290038e-02
6.181000000000000000e+03 1.460584936466935609e-02
6.182000000000000000e+03 1.460443446345041640e-02
6.183000000000000000e+03 1.460255943149266038e-02
6.184000000000000000e+03 1.460022303804044477e-02
6.185000000000000000e+03 1.459745127658401698e-02
6.186000000000000000e+03 1.459429847993611723e-02
6.187000000000000000e+03 1.459084544291237330e-02
6.188000000000000000e+03 1.458719872696046319e-02
6.189000000000000000e+03 1.458348985916767607e-02
6.190000000000000000e+03 1.457987205920719884e-02
6.191000000000000000e+03 1.457651395119592512e-02
6.192000000000000000e+03 1.457359344073101692e-02
6.193000000000000000e+03 1.457129911880976521e-02
6.194000000000000000e+03 1.456982085064830942e-02
6.195000000000000000e+03 1.456934896805738011e-02
6.196000000000000000e+03 1.457006827186941439e-02
6.197000000000000000e+03 1.457215191992587006e-02
6.198000000000000000e+03 1.457575888494705603e-02
6.199000000000000000e+03 1.458102705117012531e-02
6.200000000000000000e+03 1.458807813838015888e-02
6.201000000000000000e+03 1.459701244194664196e-02
6.202000000000000000e+03 1.460790409159619732e-02
6.203000000000000000e+03 1.462080053892096665e-02
6.204000000000000000e+03 1.463572417799504852e-02
6.205000000000000000e+03 1.465267302548857106e-02
6.206000000000000000e+03 1.467161690168408347e-02
6.207000000000000000e+03 1.469249992494565081e-02
6.208000000000000000e+03 1.471524097582840689e-02
6.209000000000000000e+03 1.473973191899693655e-02
6.210000000000000000e+03 1.476584031725278884e-02
6.211000000000000000e+03 1.479341469505597237e-02
6.212000000000000000e+03 1.482228510448698605e-02
6.213000000000000000e+03 1.485226388599117549e-02
6.214000000000000000e+03 1.488315246286474325e-02
6.215000000000000000e+03 1.491474307632195684e-02
6.216000000000000000e+03 1.494681956677037030e-02
6.217000000000000000e+03 1.497916391121574715e-02
6.218000000000000000e+03 1.501155858569670244e-02
6.219000000000000000e+03 1.504378966421292783e-02
6.220000000000000000e+03 1.507565069895995535e-02
6.221000000000000000e+03 1.510694576420328408e-02
6.222000000000000000e+03 1.513749072878296451e-02
6.223000000000000000e+03 1.516711835440541847e-02
6.224000000000000000e+03 1.519567913721482991e-02
6.225000000000000000e+03 1.522303974970207717e-02
6.226000000000000000e+03 1.524908093505791123e-02
6.227000000000000000e+03 1.527369646181341717e-02
6.228000000000000000e+03 1.529679733024209322e-02
6.229000000000000000e+03 1.531830900342365243e-02
6.230000000000000000e+03 1.533816997448377364e-02
6.231000000000000000e+03 1.535633215420367445e-02
6.232000000000000000e+03 1.537275547644190686e-02
6.233000000000000000e+03 1.538740787150530767e-02
6.234000000000000000e+03 1.540026436573138646e-02
6.235000000000000000e+03 1.541130739350533851e-02
6.236000000000000000e+03 1.542052449915789353e-02
6.237000000000000000e+03 1.542790760804744164e-02
6.238000000000000000e+03 1.543345634828104454e-02
6.239000000000000000e+03 1.543717459831321637e-02
6.240000000000000000e+03 1.543906994542749468e-02
6.241000000000000000e+03 1.543915457336152500e-02
6.242000000000000000e+03 1.543744524548916822e-02
6.243000000000000000e+03 1.543396715464801124e-02
6.244000000000000000e+03 1.542875340221841647e-02
6.245000000000000000e+03 1.542184495909319428e-02
6.246000000000000000e+03 1.541328914698099177e-02
6.247000000000000000e+03 1.540313849692293360e-02
6.248000000000000000e+03 1.539145373391850348e-02
6.249000000000000000e+03 1.537830500909927178e-02
6.250000000000000000e+03 1.536377142502278609e-02
6.251000000000000000e+03 1.534793844292086512e-02
6.252000000000000000e+03 1.533090003252620889e-02
6.253000000000000000e+03 1.531275269592001498e-02
6.254000000000000000e+03 1.529359467905556415e-02
6.255000000000000000e+03 1.527353230773909748e-02
6.256000000000000000e+03 1.525268100117727760e-02
6.257000000000000000e+03 1.523115500002866080e-02
6.258000000000000000e+03 1.520906667254198763e-02
6.259000000000000000e+03 1.518653092050677861e-02
6.260000000000000000e+03 1.516365618704392654e-02
6.261000000000000000e+03 1.514054410221638697e-02
6.262000000000000000e+03 1.511728660773082808e-02
6.263000000000000000e+03 1.509396274238803196e-02
6.264000000000000000e+03 1.507063561492717925e-02
6.265000000000000000e+03 1.504735178647732645e-02
6.266000000000000000e+03 1.502414049792970274e-02
6.267000000000000000e+03 1.500101405834262068e-02
6.268000000000000000e+03 1.497796431120966033e-02
6.269000000000000000e+03 1.495496255516257436e-02
6.270000000000000000e+03 1.493196201848497225e-02
6.271000000000000000e+03 1.490890169483616301e-02
6.272000000000000000e+03 1.488570711238157603e-02
6.273000000000000000e+03 1.486229544305959702e-02
6.274000000000000000e+03 1.483858081186164440e-02
6.275000000000000000e+03 1.481448222458765784e-02
6.276000000000000000e+03 1.478992662093964530e-02
6.277000000000000000e+03 1.476485093313708100e-02
6.278000000000000000e+03 1.473921080937515282e-02
6.279000000000000000e+03 1.471298325236254471e-02
6.280000000000000000e+03 1.468617110762736842e-02
6.281000000000000000e+03 1.465880919736440788e-02
6.282000000000000000e+03 1.463096280886350825e-02
6.283000000000000000e+03 1.460272938073065713e-02
6.284000000000000000e+03 1.457423606297732037e-02
6.285000000000000000e+03 1.454563811612458527e-02
6.286000000000000000e+03 1.451711466622902097e-02
6.287000000000000000e+03 1.448886922961974827e-02
6.288000000000000000e+03 1.446112399829214620e-02
6.289000000000000000e+03 1.443410834155798780e-02
6.290000000000000000e+03 1.440805860671135613e-02
6.291000000000000000e+03 1.438321169043668343e-02
6.292000000000000000e+03 1.435979681917751508e-02
6.293000000000000000e+03 1.433803241466661410e-02
6.294000000000000000e+03 1.431812061437900616e-02
6.295000000000000000e+03 1.430024123435759929e-02
6.296000000000000000e+03 1.428454885869480731e-02
6.297000000000000000e+03 1.427116646119493300e-02
6.298000000000000000e+03 1.426018339433471685e-02
6.299000000000000000e+03 1.425165752603479649e-02
6.300000000000000000e+03 1.424561604951870251e-02
6.301000000000000000e+03 1.424204931353118334e-02
6.302000000000000000e+03 1.424091638745573520e-02
6.303000000000000000e+03 1.424214496450421086e-02
6.304000000000000000e+03 1.424563577236338460e-02
6.305000000000000000e+03 1.425126495451028118e-02
6.306000000000000000e+03 1.425888955957266280e-02
6.307000000000000000e+03 1.426835526638520722e-02
6.308000000000000000e+03 1.427949678593414852e-02
6.309000000000000000e+03 1.429214191814599799e-02
6.310000000000000000e+03 1.430611716051278376e-02
6.311000000000000000e+03 1.432125314989779810e-02
6.312000000000000000e+03 1.433738748733698505e-02
6.313000000000000000e+03 1.435437513214838853e-02
6.314000000000000000e+03 1.437208970222504309e-02
6.315000000000000000e+03 1.439042914125607600e-02
6.316000000000000000e+03 1.440931605678032190e-02
6.317000000000000000e+03 1.442870051367965700e-02
6.318000000000000000e+03 1.444855790250792679e-02
6.319000000000000000e+03 1.446889706022786055e-02
6.320000000000000000e+03 1.448975407226717887e-02
6.321000000000000000e+03 1.451119554680460090e-02
6.322000000000000000e+03 1.453331128793267091e-02
6.323000000000000000e+03 1.455621791595637649e-02
6.324000000000000000e+03 1.458005210283364744e-02
6.325000000000000000e+03 1.460496344197090984e-02
6.326000000000000000e+03 1.463111103715881642e-02
6.327000000000000000e+03 1.465865330509642100e-02
6.328000000000000000e+03 1.468774458651777096e-02
6.329000000000000000e+03 1.471852950790562310e-02
6.330000000000000000e+03 1.475113408386318631e-02
6.331000000000000000e+03 1.478566578549393717e-02
6.332000000000000000e+03 1.482220713274276166e-02
6.333000000000000000e+03 1.486080344302338069e-02
6.334000000000000000e+03 1.490146346859158068e-02
6.335000000000000000e+03 1.494415778548766754e-02
6.336000000000000000e+03 1.498881638854260984e-02
6.337000000000000000e+03 1.503533249815411366e-02
6.338000000000000000e+03 1.508356034140615788e-02
6.339000000000000000e+03 1.513331665764294093e-02
6.340000000000000000e+03 1.518438455280413275e-02
6.341000000000000000e+03 1.523651772287112557e-02
6.342000000000000000e+03 1.528944463604659486e-02
6.343000000000000000e+03 1.534287774264287210e-02
6.344000000000000000e+03 1.539651637628346517e-02
6.345000000000000000e+03 1.545005170134376368e-02
6.346000000000000000e+03 1.550317502295091646e-02
6.347000000000000000e+03 1.555558490222015006e-02
6.348000000000000000e+03 1.560699200272045936e-02
6.349000000000000000e+03 1.565712325285804549e-02
6.350000000000000000e+03 1.570572893599686548e-02
6.351000000000000000e+03 1.575258328118248410e-02
6.352000000000000000e+03 1.579749064681116796e-02
6.353000000000000000e+03 1.584028397279960837e-02
6.354000000000000000e+03 1.588082589077399742e-02
6.355000000000000000e+03 1.591901460229191642e-02
6.356000000000000000e+03 1.595478084234745048e-02
6.357000000000000000e+03 1.598808656045233589e-02
6.358000000000000000e+03 1.601891922618246811e-02
6.359000000000000000e+03 1.604729214664482248e-02
6.360000000000000000e+03 1.607324278138336920e-02
6.361000000000000000e+03 1.609682308147845908e-02
6.362000000000000000e+03 1.611810190009229510e-02
6.363000000000000000e+03 1.613716160152995835e-02
6.364000000000000000e+03 1.615409169198553374e-02
6.365000000000000000e+03 1.616899003627268738e-02
6.366000000000000000e+03 1.618195797765807631e-02
6.367000000000000000e+03 1.619309699202575031e-02
6.368000000000000000e+03 1.620250487700608186e-02
6.369000000000000000e+03 1.621027151479011510e-02
6.370000000000000000e+03 1.621648438266409115e-02
6.371000000000000000e+03 1.622122824035786282e-02
6.372000000000000000e+03 1.622458138385082446e-02
6.373000000000000000e+03 1.622661447948409510e-02
6.374000000000000000e+03 1.622739107659625091e-02
6.375000000000000000e+03 1.622696823280435005e-02
6.376000000000000000e+03 1.622539608378213011e-02
6.377000000000000000e+03 1.622271521177480816e-02
6.378000000000000000e+03 1.621895952374943078e-02
6.379000000000000000e+03 1.621415685598037726e-02
6.380000000000000000e+03 1.620832249569137407e-02
6.381000000000000000e+03 1.620146338271718361e-02
6.382000000000000000e+03 1.619358038878304304e-02
6.383000000000000000e+03 1.618467251386993683e-02
6.384000000000000000e+03 1.617473484259773081e-02
6.385000000000000000e+03 1.616375256658653808e-02
6.386000000000000000e+03 1.615170593593528298e-02
6.387000000000000000e+03 1.613857372299026816e-02
6.388000000000000000e+03 1.612433103098359286e-02
6.389000000000000000e+03 1.610895090574849045e-02
6.390000000000000000e+03 1.609240867525235652e-02
6.391000000000000000e+03 1.607468424472447560e-02
6.392000000000000000e+03 1.605576296266963271e-02
6.393000000000000000e+03 1.603563888385256542e-02
6.394000000000000000e+03 1.601431431327801636e-02
6.395000000000000000e+03 1.599180175530123121e-02
6.396000000000000000e+03 1.596812320760612053e-02
6.397000000000000000e+03 1.594331075925825569e-02
6.398000000000000000e+03 1.591740629596997969e-02
6.399000000000000000e+03 1.589045873350474966e-02
6.400000000000000000e+03 1.586252790981427727e-02
6.401000000000000000e+03 1.583367976597136600e-02
6.402000000000000000e+03 1.580398597699850596e-02
6.403000000000000000e+03 1.577352408809866782e-02
6.404000000000000000e+03 1.574237654195853597e-02
6.405000000000000000e+03 1.571062671830307511e-02
6.406000000000000000e+03 1.567835566774195694e-02
6.407000000000000000e+03 1.564564210522280396e-02
6.408000000000000000e+03 1.561256316431226809e-02
6.409000000000000000e+03 1.557919545555893140e-02
6.410000000000000000e+03 1.554561198037010886e-02
6.411000000000000000e+03 1.551188414431029644e-02
6.412000000000000000e+03 1.547807606185233782e-02
6.413000000000000000e+03 1.544424429753661100e-02
6.414000000000000000e+03 1.541044058910682329e-02
6.415000000000000000e+03 1.537671019928638777e-02
6.416000000000000000e+03 1.534309530014906983e-02
6.417000000000000000e+03 1.530963084553844597e-02
6.418000000000000000e+03 1.527634412782315557e-02
6.419000000000000000e+03 1.524325955231686618e-02
6.420000000000000000e+03 1.521040017361341770e-02
6.421000000000000000e+03 1.517778382461311762e-02
6.422000000000000000e+03 1.514542400863886848e-02
6.423000000000000000e+03 1.511333119785108689e-02
6.424000000000000000e+03 1.508151391747379957e-02
6.425000000000000000e+03 1.504997934909069017e-02
6.426000000000000000e+03 1.501873533227016458e-02
6.427000000000000000e+03 1.498778830737842495e-02
6.428000000000000000e+03 1.495714164865090054e-02
6.429000000000000000e+03 1.492680096757706409e-02
6.430000000000000000e+03 1.489677315903015914e-02
6.431000000000000000e+03 1.486706914375792929e-02
6.432000000000000000e+03 1.483770105501924785e-02
6.433000000000000000e+03 1.480868450710080830e-02
6.434000000000000000e+03 1.478003746477324007e-02
6.435000000000000000e+03 1.475178441565460838e-02
6.436000000000000000e+03 1.472395071595112605e-02
6.437000000000000000e+03 1.469656264051025750e-02
6.438000000000000000e+03 1.466964944233467572e-02
6.439000000000000000e+03 1.464324264933747344e-02
6.440000000000000000e+03 1.461737550594632146e-02
6.441000000000000000e+03 1.459208280075549764e-02
6.442000000000000000e+03 1.456739506219798669e-02
6.443000000000000000e+03 1.454333894010129656e-02
6.444000000000000000e+03 1.451993992341411507e-02
6.445000000000000000e+03 1.449722209535689831e-02
6.446000000000000000e+03 1.447520948813522772e-02
6.447000000000000000e+03 1.445392312925838571e-02
6.448000000000000000e+03 1.443337924965090377e-02
6.449000000000000000e+03 1.441358961185072382e-02
6.450000000000000000e+03 1.439456163596376098e-02
6.451000000000000000e+03 1.437629926942943226e-02
6.452000000000000000e+03 1.435880282266484287e-02
6.453000000000000000e+03 1.434207184634437790e-02
6.454000000000000000e+03 1.432610127748287429e-02
6.455000000000000000e+03 1.431087974033266180e-02
6.456000000000000000e+03 1.429639367238776104e-02
6.457000000000000000e+03 1.428262340973791150e-02
6.458000000000000000e+03 1.426954434470152459e-02
6.459000000000000000e+03 1.425712514244157833e-02
6.460000000000000000e+03 1.424532978864342936e-02
6.461000000000000000e+03 1.423411750893555788e-02
6.462000000000000000e+03 1.422344359160380295e-02
6.463000000000000000e+03 1.421326102811860947e-02
6.464000000000000000e+03 1.420351765660570961e-02
6.465000000000000000e+03 1.419415457858565904e-02
6.466000000000000000e+03 1.418510778531152650e-02
6.467000000000000000e+03 1.417630551070149861e-02
6.468000000000000000e+03 1.416766646458421028e-02
6.469000000000000000e+03 1.415910340891801504e-02
6.470000000000000000e+03 1.415052523079078292e-02
6.471000000000000000e+03 1.414183659086232919e-02
6.472000000000000000e+03 1.413293777010990113e-02
6.473000000000000000e+03 1.412372600966059141e-02
6.474000000000000000e+03 1.411409678138448968e-02
6.475000000000000000e+03 1.410394338636804593e-02
6.476000000000000000e+03 1.409316337483802577e-02
6.477000000000000000e+03 1.408165838640033744e-02
6.478000000000000000e+03 1.406933918341861899e-02
6.479000000000000000e+03 1.405612981641968587e-02
6.480000000000000000e+03 1.404197264792962294e-02
6.481000000000000000e+03 1.402683045264039446e-02
6.482000000000000000e+03 1.401068855667344029e-02
6.483000000000000000e+03 1.399356000356850177e-02
6.484000000000000000e+03 1.397548794458945524e-02
6.485000000000000000e+03 1.395654950960037964e-02
6.486000000000000000e+03 1.393685565735271366e-02
6.487000000000000000e+03 1.391655140392036687e-02
6.488000000000000000e+03 1.389581845633298431e-02
6.489000000000000000e+03 1.387487289409788938e-02
6.490000000000000000e+03 1.385395870405239233e-02
6.491000000000000000e+03 1.383335000947142485e-02
6.492000000000000000e+03 1.381334504480142417e-02
6.493000000000000000e+03 1.379425748550511949e-02
6.494000000000000000e+03 1.377641362428183927e-02
6.495000000000000000e+03 1.376014928973184545e-02
6.496000000000000000e+03 1.374579792439461351e-02
6.497000000000000000e+03 1.373368293568087012e-02
6.498000000000000000e+03 1.372411095112790330e-02
6.499000000000000000e+03 1.371736797844624878e-02
6.500000000000000000e+03 1.371371151825611680e-02
6.501000000000000000e+03 1.371336811807272703e-02
6.502000000000000000e+03 1.371652751999510693e-02
6.503000000000000000e+03 1.372333930327387583e-02
6.504000000000000000e+03 1.373391228090071331e-02
6.505000000000000000e+03 1.374831415702627846e-02
6.506000000000000000e+03 1.376657135421954434e-02
6.507000000000000000e+03 1.378866756183951686e-02
6.508000000000000000e+03 1.381454380665433392e-02
6.509000000000000000e+03 1.384410448858518564e-02
6.510000000000000000e+03 1.387721318566837239e-02
6.511000000000000000e+03 1.391369960070061237e-02
6.512000000000000000e+03 1.395336439728085513e-02
6.513000000000000000e+03 1.399597988699370112e-02
6.514000000000000000e+03 1.404129460447900782e-02
6.515000000000000000e+03 1.408903832560597091e-02
6.516000000000000000e+03 1.413892985391373633e-02
6.517000000000000000e+03 1.419068202533960502e-02
6.518000000000000000e+03 1.424399998955132307e-02
6.519000000000000000e+03 1.429859244762273981e-02
6.520000000000000000e+03 1.435417280333130610e-02
6.521000000000000000e+03 1.441046662792183283e-02
6.522000000000000000e+03 1.446721693599252109e-02
6.523000000000000000e+03 1.452418550301677602e-02
6.524000000000000000e+03 1.458115573998057524e-02
6.525000000000000000e+03 1.463793494202137932e-02
6.526000000000000000e+03 1.469435368408207251e-02
6.527000000000000000e+03 1.475027140111589974e-02
6.528000000000000000e+03 1.480558097995086572e-02
6.529000000000000000e+03 1.486020602304592014e-02
6.530000000000000000e+03 1.491409687108929266e-02
6.531000000000000000e+03 1.496723037942143154e-02
6.532000000000000000e+03 1.501960711910440942e-02
6.533000000000000000e+03 1.507124870123315551e-02
6.534000000000000000e+03 1.512219475912975758e-02
6.535000000000000000e+03 1.517249932562008546e-02
6.536000000000000000e+03 1.522222656836980971e-02
6.537000000000000000e+03 1.527144821574078284e-02
6.538000000000000000e+03 1.532023759047938111e-02
6.539000000000000000e+03 1.536866148805634928e-02
6.540000000000000000e+03 1.541678162900540425e-02
6.541000000000000000e+03 1.546465016661308610e-02
6.542000000000000000e+03 1.551230559339037904e-02
6.543000000000000000e+03 1.555977698120442759e-02
6.544000000000000000e+03 1.560708248881535927e-02
6.545000000000000000e+03 1.565422592042140654e-02
6.546000000000000000e+03 1.570119373668239782e-02
6.547000000000000000e+03 1.574796176728920916e-02
6.548000000000000000e+03 1.579449712020990562e-02
6.549000000000000000e+03 1.584075943219398833e-02
6.550000000000000000e+03 1.588669956454249327e-02
6.551000000000000000e+03 1.593226627931698322e-02
6.552000000000000000e+03 1.597741043605793720e-02
6.553000000000000000e+03 1.602208311899024767e-02
6.554000000000000000e+03 1.606623932926024706e-02
6.555000000000000000e+03 1.610983960067857712e-02
6.556000000000000000e+03 1.615285295229399939e-02
6.557000000000000000e+03 1.619525978012963802e-02
6.558000000000000000e+03 1.623704705770782214e-02
6.559000000000000000e+03 1.627820573926306441e-02
6.560000000000000000e+03 1.631873080050201541e-02
6.561000000000000000e+03 1.635861842331248067e-02
6.562000000000000000e+03 1.639786436119669566e-02
6.563000000000000000e+03 1.643645994938568514e-02
6.564000000000000000e+03 1.647438880145952328e-02
6.565000000000000000e+03 1.651162595786060533e-02
6.566000000000000000e+03 1.654812840431335932e-02
6.567000000000000000e+03 1.658383330804501926e-02
6.568000000000000000e+03 1.661865948047573649e-02
6.569000000000000000e+03 1.665250384203226242e-02
6.570000000000000000e+03 1.668524155457837277e-02
6.571000000000000000e+03 1.671672995791717228e-02
6.572000000000000000e+03 1.674680900654403753e-02
6.573000000000000000e+03 1.677530208129803663e-02
6.574000000000000000e+03 1.680201646050830805e-02
6.575000000000000000e+03 1.682674443742190190e-02
6.576000000000000000e+03 1.684927185795286747e-02
6.577000000000000000e+03 1.686938107413795893e-02
6.578000000000000000e+03 1.688685260032144614e-02
6.579000000000000000e+03 1.690147501771404465e-02
6.580000000000000000e+03 1.691304428650574482e-02
6.581000000000000000e+03 1.692136987875275667e-02
6.582000000000000000e+03 1.692628176331019418e-02
6.583000000000000000e+03 1.692763462258363438e-02
6.584000000000000000e+03 1.692530965488234923e-02
6.585000000000000000e+03 1.691921027111359388e-02
6.586000000000000000e+03 1.690927095939771113e-02
6.587000000000000000e+03 1.689546485779522961e-02
6.588000000000000000e+03 1.687780098877716267e-02
6.589000000000000000e+03 1.685631647050046811e-02
6.590000000000000000e+03 1.683108109959763343e-02
6.591000000000000000e+03 1.680219348542777782e-02
6.592000000000000000e+03 1.676978484674616909e-02
6.593000000000000000e+03 1.673400978954303620e-02
6.594000000000000000e+03 1.669504403592209779e-02
6.595000000000000000e+03 1.665307938032658044e-02
6.596000000000000000e+03 1.660832234519919737e-02
6.597000000000000000e+03 1.656098939611192269e-02
6.598000000000000000e+03 1.651129897134094582e-02
6.599000000000000000e+03 1.645946815844311420e-02
6.600000000000000000e+03 1.640571060713326076e-02
6.601000000000000000e+03 1.635023186893893796e-02
6.602000000000000000e+03 1.629322636551547993e-02
6.603000000000000000e+03 1.623486921397266497e-02
6.604000000000000000e+03 1.617531824816604430e-02
6.605000000000000000e+03 1.611471277116616543e-02
6.606000000000000000e+03 1.605317640271297641e-02
6.607000000000000000e+03 1.599081698513714345e-02
6.608000000000000000e+03 1.592772515192777613e-02
6.609000000000000000e+03 1.586397607063124576e-02
6.610000000000000000e+03 1.579963297279720486e-02
6.611000000000000000e+03 1.573475233947986204e-02
6.612000000000000000e+03 1.566938712095478081e-02
6.613000000000000000e+03 1.560358633775224373e-02
6.614000000000000000e+03 1.553739513506494085e-02
6.615000000000000000e+03 1.547086521092413958e-02
6.616000000000000000e+03 1.540405383695013161e-02
6.617000000000000000e+03 1.533702538531161313e-02
6.618000000000000000e+03 1.526985079898266970e-02
6.619000000000000000e+03 1.520260827972084484e-02
6.620000000000000000e+03 1.513539077807582456e-02
6.621000000000000000e+03 1.506830124820714503e-02
6.622000000000000000e+03 1.500145134445611886e-02
6.623000000000000000e+03 1.493496235177898049e-02
6.624000000000000000e+03 1.486896307393467849e-02
6.625000000000000000e+03 1.480358924412062890e-02
6.626000000000000000e+03 1.473898447735063136e-02
6.627000000000000000e+03 1.467529560078363431e-02
6.628000000000000000e+03 1.461267349728056879e-02
6.629000000000000000e+03 1.455127219998971801e-02
6.630000000000000000e+03 1.449124684821276321e-02
6.631000000000000000e+03 1.443275311128468415e-02
6.632000000000000000e+03 1.437594431828779357e-02
6.633000000000000000e+03 1.432096832337016040e-02
6.634000000000000000e+03 1.426796715642581620e-02
6.635000000000000000e+03 1.421707693127876454e-02
6.636000000000000000e+03 1.416842271997998011e-02
6.637000000000000000e+03 1.412211642159390268e-02
6.638000000000000000e+03 1.407825367004837680e-02
6.639000000000000000e+03 1.403690958459747305e-02
6.640000000000000000e+03 1.399814080963865393e-02
6.641000000000000000e+03 1.396197892285586106e-02
6.642000000000000000e+03 1.392842854164851561e-02
6.643000000000000000e+03 1.389746933200941906e-02
6.644000000000000000e+03 1.386905388578923981e-02
6.645000000000000000e+03 1.384311077332610156e-02
6.646000000000000000e+03 1.381954119866400654e-02
6.647000000000000000e+03 1.379822389157797646e-02
6.648000000000000000e+03 1.377901756823065108e-02
6.649000000000000000e+03 1.376176352472525954e-02
6.650000000000000000e+03 1.374629053870639328e-02
6.651000000000000000e+03 1.373241954356413733e-02
6.652000000000000000e+03 1.371997035471627518e-02
6.653000000000000000e+03 1.370876717657136708e-02
6.654000000000000000e+03 1.369863936732007396e-02
6.655000000000000000e+03 1.368942719530014118e-02
6.656000000000000000e+03 1.368098653367980783e-02
6.657000000000000000e+03 1.367319374546064302e-02
6.658000000000000000e+03 1.366594963623720196e-02
6.659000000000000000e+03 1.365918123102554532e-02
6.660000000000000000e+03 1.365284407310292901e-02
6.661000000000000000e+03 1.364692379962573546e-02
6.662000000000000000e+03 1.364143419453200771e-02
6.663000000000000000e+03 1.363641463558571548e-02
6.664000000000000000e+03 1.363192933275432506e-02
6.665000000000000000e+03 1.362806249979013271e-02
6.666000000000000000e+03 1.362491732142846572e-02
6.667000000000000000e+03 1.362261398046486598e-02
6.668000000000000000e+03 1.362128055867978596e-02
6.669000000000000000e+03 1.362105164366241711e-02
6.670000000000000000e+03 1.362206890405843335e-02
6.671000000000000000e+03 1.362447022150948053e-02
6.672000000000000000e+03 1.362838721526002904e-02
6.673000000000000000e+03 1.363394584244343073e-02
6.674000000000000000e+03 1.364126003411586692e-02
6.675000000000000000e+03 1.365042892468339500e-02
6.676000000000000000e+03 1.366153563144437144e-02
6.677000000000000000e+03 1.367464734925413067e-02
6.678000000000000000e+03 1.368981062365499241e-02
6.679000000000000000e+03 1.370705074494353581e-02
6.680000000000000000e+03 1.372637397410883531e-02
6.681000000000000000e+03 1.374776374396045886e-02
6.682000000000000000e+03 1.377118173442779848e-02
6.683000000000000000e+03 1.379657064066226908e-02
6.684000000000000000e+03 1.382385400342451241e-02
6.685000000000000000e+03 1.385293595127394008e-02
6.686000000000000000e+03 1.388370475738509580e-02
6.687000000000000000e+03 1.391603557068969536e-02
6.688000000000000000e+03 1.394978914782681392e-02
6.689000000000000000e+03 1.398481259678832980e-02
6.690000000000000000e+03 1.402094511074833579e-02
6.691000000000000000e+03 1.405801964353072669e-02
6.692000000000000000e+03 1.409586993421969858e-02
6.693000000000000000e+03 1.413433280885876761e-02
6.694000000000000000e+03 1.417324860560140870e-02
6.695000000000000000e+03 1.421246549905453606e-02
6.696000000000000000e+03 1.425184450430086111e-02
6.697000000000000000e+03 1.429126161128371070e-02
6.698000000000000000e+03 1.433060759782543367e-02
6.699000000000000000e+03 1.436978757735627756e-02
6.700000000000000000e+03 1.440872237036577505e-02
6.701000000000000000e+03 1.444735253376594475e-02
6.702000000000000000e+03 1.448563807557846743e-02
6.703000000000000000e+03 1.452355609672927733e-02
6.704000000000000000e+03 1.456109884863085110e-02
6.705000000000000000e+03 1.459826882085005044e-02
6.706000000000000000e+03 1.463508056120603126e-02
6.707000000000000000e+03 1.467155992668107457e-02
6.708000000000000000e+03 1.470773899445624103e-02
6.709000000000000000e+03 1.474365378304770373e-02
6.710000000000000000e+03 1.477934113386475054e-02
6.711000000000000000e+03 1.481483956070969374e-02
6.712000000000000000e+03 1.485018615573867329e-02
6.713000000000000000e+03 1.488542116706193658e-02
6.714000000000000000e+03 1.492058467547532213e-02
6.715000000000000000e+03 1.495571639021890144e-02
6.716000000000000000e+03 1.499085901018388026e-02
6.717000000000000000e+03 1.502605678086727133e-02
6.718000000000000000e+03 1.506135616372175461e-02
6.719000000000000000e+03 1.509680430634054160e-02
6.720000000000000000e+03 1.513245386878420140e-02
6.721000000000000000e+03 1.516836755542402479e-02
6.722000000000000000e+03 1.520461424408380523e-02
6.723000000000000000e+03 1.524126442945079526e-02
6.724000000000000000e+03 1.527839809223758769e-02
6.725000000000000000e+03 1.531610082380131105e-02
6.726000000000000000e+03 1.535445807120193462e-02
6.727000000000000000e+03 1.539355616174973955e-02
6.728000000000000000e+03 1.543347719627688464e-02
6.729000000000000000e+03 1.547429512970661253e-02
6.730000000000000000e+03 1.551607391788077314e-02
6.731000000000000000e+03 1.555886653027757985e-02
6.732000000000000000e+03 1.560270542770856098e-02
6.733000000000000000e+03 1.564760154534373948e-02
6.734000000000000000e+03 1.569353920679914666e-02
6.735000000000000000e+03 1.574047840350577959e-02
6.736000000000000000e+03 1.578834864990778103e-02
6.737000000000000000e+03 1.583705361928429076e-02
6.738000000000000000e+03 1.588646990802008649e-02
6.739000000000000000e+03 1.593644991094172320e-02
6.740000000000000000e+03 1.598682475490862537e-02
6.741000000000000000e+03 1.603740759937147958e-02
6.742000000000000000e+03 1.608799377601765820e-02
6.743000000000000000e+03 1.613836673113111173e-02
6.744000000000000000e+03 1.618830257255105681e-02
6.745000000000000000e+03 1.623757255895814933e-02
6.746000000000000000e+03 1.628595197057501262e-02
6.747000000000000000e+03 1.633322490090886522e-02
6.748000000000000000e+03 1.637918689799873484e-02
6.749000000000000000e+03 1.642364908011598179e-02
6.750000000000000000e+03 1.646644088053469956e-02
6.751000000000000000e+03 1.650741329161528603e-02
6.752000000000000000e+03 1.654644043288876903e-02
6.753000000000000000e+03 1.658341786036721111e-02
6.754000000000000000e+03 1.661826411233783413e-02
6.755000000000000000e+03 1.665091638651855499e-02
6.756000000000000000e+03 1.668132891116816743e-02
6.757000000000000000e+03 1.670947012412335453e-02
6.758000000000000000e+03 1.673532048152666721e-02
6.759000000000000000e+03 1.675886821657742581e-02
6.760000000000000000e+03 1.678010824297258841e-02
6.761000000000000000e+03 1.679903972049323624e-02
6.762000000000000000e+03 1.681566235796507283e-02
6.763000000000000000e+03 1.682997652334600192e-02
6.764000000000000000e+03 1.684198123461166582e-02
6.765000000000000000e+03 1.685167107196492570e-02
6.766000000000000000e+03 1.685903705739890540e-02
6.767000000000000000e+03 1.686406463088006152e-02
6.768000000000000000e+03 1.686674115217009357e-02
6.769000000000000000e+03 1.686704812299078329e-02
6.770000000000000000e+03 1.686496577746583042e-02
6.771000000000000000e+03 1.686047428837309653e-02
6.772000000000000000e+03 1.685355583155672202e-02
6.773000000000000000e+03 1.684419547656933192e-02
6.774000000000000000e+03 1.683238347315099345e-02
6.775000000000000000e+03 1.681811573923613565e-02
6.776000000000000000e+03 1.680139480025218471e-02
6.777000000000000000e+03 1.678222889052031000e-02
6.778000000000000000e+03 1.676063009675769766e-02
6.779000000000000000e+03 1.673661505738390648e-02
6.780000000000000000e+03 1.671021182318281964e-02
6.781000000000000000e+03 1.668145252257012545e-02
6.782000000000000000e+03 1.665037224782183606e-02
6.783000000000000000e+03 1.661701149767877764e-02
6.784000000000000000e+03 1.658141481095714437e-02
6.785000000000000000e+03 1.654362735723673844e-02
6.786000000000000000e+03 1.650369546436417090e-02
6.787000000000000000e+03 1.646167323501983304e-02
6.788000000000000000e+03 1.641761608365279596e-02
6.789000000000000000e+03 1.637158190155893478e-02
6.790000000000000000e+03 1.632362897949465874e-02
6.791000000000000000e+03 1.627382369528852096e-02
6.792000000000000000e+03 1.622223635735104211e-02
6.793000000000000000e+03 1.616894677386678664e-02
6.794000000000000000e+03 1.611404115864370837e-02
6.795000000000000000e+03 1.605760731182436993e-02
6.796000000000000000e+03 1.599974279613508577e-02
6.797000000000000000e+03 1.594055592446441336e-02
6.798000000000000000e+03 1.588016404550290223e-02
6.799000000000000000e+03 1.581869613779161160e-02
6.800000000000000000e+03 1.575629368780728096e-02
6.801000000000000000e+03 1.569310873718434210e-02
6.802000000000000000e+03 1.562929927616197451e-02
6.803000000000000000e+03 1.556502819586756681e-02
6.804000000000000000e+03 1.550046165785131519e-02
6.805000000000000000e+03 1.543576725951109098e-02
6.806000000000000000e+03 1.537111448335234248e-02
6.807000000000000000e+03 1.530666886001189053e-02
6.808000000000000000e+03 1.524259045973061846e-02
6.809000000000000000e+03 1.517903368916300594e-02
6.810000000000000000e+03 1.511614335324987235e-02
6.811000000000000000e+03 1.505404974790815024e-02
6.812000000000000000e+03 1.499287243002573461e-02
6.813000000000000000e+03 1.493271785673113729e-02
6.814000000000000000e+03 1.487367952792403164e-02
6.815000000000000000e+03 1.481583654706001771e-02
6.816000000000000000e+03 1.475925523726497914e-02
6.817000000000000000e+03 1.470399201361176009e-02
6.818000000000000000e+03 1.465009264255899210e-02
6.819000000000000000e+03 1.459759951428514155e-02
6.820000000000000000e+03 1.454654623498939821e-02
6.821000000000000000e+03 1.449696484945671437e-02
6.822000000000000000e+03 1.444888877178212780e-02
6.823000000000000000e+03 1.440234937972190848e-02
6.824000000000000000e+03 1.435738124005758384e-02
6.825000000000000000e+03 1.431402137209506452e-02
6.826000000000000000e+03 1.427230625417565471e-02
6.827000000000000000e+03 1.423227071872593466e-02
6.828000000000000000e+03 1.419394928122839211e-02
6.829000000000000000e+03 1.415737457908161460e-02
6.830000000000000000e+03 1.412257234122358401e-02
6.831000000000000000e+03 1.408956185480716473e-02
6.832000000000000000e+03 1.405834965368888897e-02
6.833000000000000000e+03 1.402892667167779210e-02
6.834000000000000000e+03 1.400126951375618364e-02
6.835000000000000000e+03 1.397533857845358225e-02
6.836000000000000000e+03 1.395107619117007605e-02
6.837000000000000000e+03 1.392841093396956532e-02
6.838000000000000000e+03 1.390725628502538502e-02
6.839000000000000000e+03 1.388751233631656951e-02
6.840000000000000000e+03 1.386906652906188739e-02
6.841000000000000000e+03 1.385180163766705844e-02
6.842000000000000000e+03 1.383560144472574874e-02
6.843000000000000000e+03 1.382035110354923324e-02
6.844000000000000000e+03 1.380594283772817489e-02
6.845000000000000000e+03 1.379228061496300117e-02
6.846000000000000000e+03 1.377928888882095151e-02
6.847000000000000000e+03 1.376691428150696866e-02
6.848000000000000000e+03 1.375512610986773937e-02
6.849000000000000000e+03 1.374391847165040009e-02
6.850000000000000000e+03 1.373331508077893330e-02
6.851000000000000000e+03 1.372336900143607610e-02
6.852000000000000000e+03 1.371416248373023665e-02
6.853000000000000000e+03 1.370580306409492632e-02
6.854000000000000000e+03 1.369842190119286221e-02
6.855000000000000000e+03 1.369216807123403885e-02
6.856000000000000000e+03 1.368720592530770809e-02
6.857000000000000000e+03 1.368371108114238913e-02
6.858000000000000000e+03 1.368186157477271209e-02
6.859000000000000000e+03 1.368183312934321237e-02
6.860000000000000000e+03 1.368379253715051175e-02
6.861000000000000000e+03 1.368789460876820158e-02
6.862000000000000000e+03 1.369427633518555641e-02
6.863000000000000000e+03 1.370305696551627102e-02
6.864000000000000000e+03 1.371433439255306808e-02
6.865000000000000000e+03 1.372818390696154377e-02
6.866000000000000000e+03 1.374465028137095667e-02
6.867000000000000000e+03 1.376375179509799901e-02
6.868000000000000000e+03 1.378548320214597646e-02
6.869000000000000000e+03 1.380981443604748990e-02
6.870000000000000000e+03 1.383669363841032521e-02
6.871000000000000000e+03 1.386605086376927441e-02
6.872000000000000000e+03 1.389779528428243885e-02
6.873000000000000000e+03 1.393182480262975496e-02
6.874000000000000000e+03 1.396802798085874410e-02
6.875000000000000000e+03 1.400628086694404723e-02
6.876000000000000000e+03 1.404645263517000434e-02
6.877000000000000000e+03 1.408840777902901908e-02
6.878000000000000000e+03 1.413200620662493322e-02
6.879000000000000000e+03 1.417710337988114036e-02
6.880000000000000000e+03 1.422355111465709032e-02
6.881000000000000000e+03 1.427119740217503568e-02
6.882000000000000000e+03 1.431988818455898725e-02
6.883000000000000000e+03 1.436947302411894709e-02
6.884000000000000000e+03 1.441979933601443553e-02
6.885000000000000000e+03 1.447071409805354356e-02
6.886000000000000000e+03 1.452206610485306734e-02
6.887000000000000000e+03 1.457370797686372704e-02
6.888000000000000000e+03 1.462549997987338916e-02
6.889000000000000000e+03 1.467730766719883145e-02
6.890000000000000000e+03 1.472900385844774958e-02
6.891000000000000000e+03 1.478047061461301021e-02
6.892000000000000000e+03 1.483160286571395467e-02
6.893000000000000000e+03 1.488230993424494684e-02
6.894000000000000000e+03 1.493251549540932158e-02
6.895000000000000000e+03 1.498215827930528266e-02
6.896000000000000000e+03 1.503118799420929269e-02
6.897000000000000000e+03 1.507956897178178157e-02
6.898000000000000000e+03 1.512728105967665188e-02
6.899000000000000000e+03 1.517431608832634643e-02
6.900000000000000000e+03 1.522067489040108620e-02
6.901000000000000000e+03 1.526636635763824884e-02
6.902000000000000000e+03 1.531140691077068419e-02
6.903000000000000000e+03 1.535581277564166888e-02
6.904000000000000000e+03 1.539959976687681198e-02
6.905000000000000000e+03 1.544278168194858358e-02
6.906000000000000000e+03 1.548536552391474239e-02
6.907000000000000000e+03 1.552734775584899141e-02
6.908000000000000000e+03 1.556871613953929312e-02
6.909000000000000000e+03 1.560944509500380301e-02
6.910000000000000000e+03 1.564948881850914200e-02
6.911000000000000000e+03 1.568878538648168369e-02
6.912000000000000000e+03 1.572725747896821027e-02
6.913000000000000000e+03 1.576481506659226789e-02
6.914000000000000000e+03 1.580135321309054930e-02
6.915000000000000000e+03 1.583675643722462500e-02
6.916000000000000000e+03 1.587090114014053782e-02
6.917000000000000000e+03 1.590365206140261986e-02
6.918000000000000000e+03 1.593486565183879766e-02
6.919000000000000000e+03 1.596439742920126650e-02
6.920000000000000000e+03 1.599209945347866008e-02
6.921000000000000000e+03 1.601782666101595615e-02
6.922000000000000000e+03 1.604143681735692439e-02
6.923000000000000000e+03 1.606279175912493987e-02
6.924000000000000000e+03 1.608175908115327957e-02
6.925000000000000000e+03 1.609821342823943707e-02
6.926000000000000000e+03 1.611203331652539747e-02
6.927000000000000000e+03 1.612310662612312373e-02
6.928000000000000000e+03 1.613132811600688499e-02
6.929000000000000000e+03 1.613659679402490096e-02
6.930000000000000000e+03 1.613882166817789954e-02
6.931000000000000000e+03 1.613792159947882721e-02
6.932000000000000000e+03 1.613382533148723097e-02
6.933000000000000000e+03 1.612647166158637929e-02
6.934000000000000000e+03 1.611580435647212706e-02
6.935000000000000000e+03 1.610177976470418201e-02
6.936000000000000000e+03 1.608436285677758079e-02
6.937000000000000000e+03 1.606353002872254118e-02
6.938000000000000000e+03 1.603927073504370082e-02
6.939000000000000000e+03 1.601158935724502491e-02
6.940000000000000000e+03 1.598050568200299823e-02
6.941000000000000000e+03 1.594605230540558499e-02
6.942000000000000000e+03 1.590828154275496578e-02
6.943000000000000000e+03 1.586726322744444820e-02
6.944000000000000000e+03 1.582309002730074993e-02
6.945000000000000000e+03 1.577588035872325850e-02
6.946000000000000000e+03 1.572577423978651148e-02
6.947000000000000000e+03 1.567292899367921793e-02
6.948000000000000000e+03 1.561752345772154070e-02
6.949000000000000000e+03 1.555975368224039347e-02
6.950000000000000000e+03 1.549983152865362646e-02
6.951000000000000000e+03 1.543798141998059884e-02
6.952000000000000000e+03 1.537443487514692647e-02
6.953000000000000000e+03 1.530943467462417967e-02
6.954000000000000000e+03 1.524322886438116489e-02
6.955000000000000000e+03 1.517606296683241159e-02
6.956000000000000000e+03 1.510817701326053544e-02
6.957000000000000000e+03 1.503980452029125316e-02
6.958000000000000000e+03 1.497117339174507990e-02
6.959000000000000000e+03 1.490250179486374629e-02
6.960000000000000000e+03 1.483399406902090843e-02
6.961000000000000000e+03 1.476584422193792656e-02
6.962000000000000000e+03 1.469823880818771182e-02
6.963000000000000000e+03 1.463135143386773071e-02
6.964000000000000000e+03 1.456534514141401976e-02
6.965000000000000000e+03 1.450037123891243472e-02
6.966000000000000000e+03 1.443657258866145460e-02
6.967000000000000000e+03 1.437408659841145700e-02
6.968000000000000000e+03 1.431304384960852341e-02
6.969000000000000000e+03 1.425356813364221653e-02
6.970000000000000000e+03 1.419577890443158782e-02
6.971000000000000000e+03 1.413979026337389318e-02
6.972000000000000000e+03 1.408570908756006344e-02
6.973000000000000000e+03 1.403363500521158727e-02
6.974000000000000000e+03 1.398366227517181155e-02
6.975000000000000000e+03 1.393587759650660902e-02
6.976000000000000000e+03 1.389036395162851142e-02
6.977000000000000000e+03 1.384719581947325105e-02
6.978000000000000000e+03 1.380643714803095334e-02
6.979000000000000000e+03 1.376814709807598798e-02
6.980000000000000000e+03 1.373237615729181946e-02
6.981000000000000000e+03 1.369916758482011068e-02
6.982000000000000000e+03 1.366855984244880196e-02
6.983000000000000000e+03 1.364058950899895394e-02
6.984000000000000000e+03 1.361529111797004331e-02
6.985000000000000000e+03 1.359269828213683848e-02
6.986000000000000000e+03 1.357283854592286274e-02
6.987000000000000000e+03 1.355573517088799577e-02
6.988000000000000000e+03 1.354140498568933565e-02
6.989000000000000000e+03 1.352985967936417948e-02
6.990000000000000000e+03 1.352110611333591159e-02
6.991000000000000000e+03 1.351514143654424308e-02
6.992000000000000000e+03 1.351194929281449714e-02
6.993000000000000000e+03 1.351150508608095317e-02
6.994000000000000000e+03 1.351377193878169382e-02
6.995000000000000000e+03 1.351869366450023438e-02
6.996000000000000000e+03 1.352619697230207640e-02
6.997000000000000000e+03 1.353619212158652454e-02
6.998000000000000000e+03 1.354857170340833389e-02
6.999000000000000000e+03 1.356320740313976536e-02
7.000000000000000000e+03 1.357995275768854662e-02
7.001000000000000000e+03 1.359864654867112832e-02
7.002000000000000000e+03 1.361911571874127071e-02
7.003000000000000000e+03 1.364117250951140531e-02
7.004000000000000000e+03 1.366462080827636309e-02
7.005000000000000000e+03 1.368926019519549515e-02
7.006000000000000000e+03 1.371488918681166430e-02
7.007000000000000000e+03 1.374130942733547099e-02
7.008000000000000000e+03 1.376833051360958592e-02
7.009000000000000000e+03 1.379576720578434661e-02
7.010000000000000000e+03 1.382344747526925016e-02
7.011000000000000000e+03 1.385121817487599757e-02
7.012000000000000000e+03 1.387894526363152130e-02
7.013000000000000000e+03 1.390651594058295304e-02
7.014000000000000000e+03 1.393384162886335959e-02
7.015000000000000000e+03 1.396085583305983757e-02
7.016000000000000000e+03 1.398751680755730420e-02
7.017000000000000000e+03 1.401381353805150956e-02
7.018000000000000000e+03 1.403976178054736242e-02
7.019000000000000000e+03 1.406540053971674746e-02
7.020000000000000000e+03 1.409079530726283121e-02
7.021000000000000000e+03 1.411603351539401224e-02
7.022000000000000000e+03 1.414122240618041412e-02
7.023000000000000000e+03 1.416648458765619456e-02
7.024000000000000000e+03 1.419195084820104591e-02
7.025000000000000000e+03 1.421776064278383600e-02
7.026000000000000000e+03 1.424406019131986730e-02
7.027000000000000000e+03 1.427099425706392435e-02
7.028000000000000000e+03 1.429870555252153036e-02
7.029000000000000000e+03 1.432733346803911553e-02
7.030000000000000000e+03 1.435700524345842957e-02
7.031000000000000000e+03 1.438783651613970496e-02
7.032000000000000000e+03 1.441992890575614396e-02
7.033000000000000000e+03 1.445337091632493964e-02
7.034000000000000000e+03 1.448823679582449814e-02
7.035000000000000000e+03 1.452458174948430270e-02
7.036000000000000000e+03 1.456244032467253827e-02
7.037000000000000000e+03 1.460183067499575688e-02
7.038000000000000000e+03 1.464275681457300263e-02
7.039000000000000000e+03 1.468520605189217211e-02
7.040000000000000000e+03 1.472914872627108587e-02
7.041000000000000000e+03 1.477454246632245449e-02
7.042000000000000000e+03 1.482133494593393212e-02
7.043000000000000000e+03 1.486946152314520125e-02
7.044000000000000000e+03 1.491884742297214933e-02
7.045000000000000000e+03 1.496940806636569594e-02
7.046000000000000000e+03 1.502105005320055787e-02
7.047000000000000000e+03 1.507367472730922371e-02
7.048000000000000000e+03 1.512717679954485306e-02
7.049000000000000000e+03 1.518144337720092954e-02
7.050000000000000000e+03 1.523635490177793414e-02
7.051000000000000000e+03 1.529179052386680018e-02
7.052000000000000000e+03 1.534762413098928781e-02
7.053000000000000000e+03 1.540372522796231748e-02
7.054000000000000000e+03 1.545996145708087438e-02
7.055000000000000000e+03 1.551620102440590121e-02
7.056000000000000000e+03 1.557230841133832797e-02
7.057000000000000000e+03 1.562814822217332283e-02
7.058000000000000000e+03 1.568359278388143860e-02
7.059000000000000000e+03 1.573852018477081213e-02
7.060000000000000000e+03 1.579281593921239360e-02
7.061000000000000000e+03 1.584637433640994492e-02
7.062000000000000000e+03 1.589909703319575263e-02
7.063000000000000000e+03 1.595089747247242784e-02
7.064000000000000000e+03 1.600170458037300514e-02
7.065000000000000000e+03 1.605146032865766015e-02
7.066000000000000000e+03 1.610011753340974752e-02
7.067000000000000000e+03 1.614764387445683652e-02
7.068000000000000000e+03 1.619402009868347106e-02
7.069000000000000000e+03 1.623923710638642409e-02
7.070000000000000000e+03 1.628329183624035309e-02
7.071000000000000000e+03 1.632618830368664717e-02
7.072000000000000000e+03 1.636793275986224080e-02
7.073000000000000000e+03 1.640853221520560679e-02
7.074000000000000000e+03 1.644799216761207855e-02
7.075000000000000000e+03 1.648631307459121759e-02
7.076000000000000000e+03 1.652349262063371876e-02
7.077000000000000000e+03 1.655951708102063047e-02
7.078000000000000000e+03 1.659436729784597234e-02
7.079000000000000000e+03 1.662801241503784194e-02
7.080000000000000000e+03 1.666040982843279561e-02
7.081000000000000000e+03 1.669150800480175001e-02
7.082000000000000000e+03 1.672125316348438417e-02
7.083000000000000000e+03 1.674958752194652747e-02
7.084000000000000000e+03 1.677644923994092707e-02
7.085000000000000000e+03 1.680177647709975644e-02
7.086000000000000000e+03 1.682550771842569737e-02
7.087000000000000000e+03 1.684758772491991297e-02
7.088000000000000000e+03 1.686796759411615665e-02
7.089000000000000000e+03 1.688660667967498141e-02
7.090000000000000000e+03 1.690346938500786322e-02
7.091000000000000000e+03 1.691853294606461208e-02
7.092000000000000000e+03 1.693178394553274124e-02
7.093000000000000000e+03 1.694321842139927606e-02
7.094000000000000000e+03 1.695284751830864953e-02
7.095000000000000000e+03 1.696069265288768085e-02
7.096000000000000000e+03 1.696678159789016122e-02
7.097000000000000000e+03 1.697114749687431146e-02
7.098000000000000000e+03 1.697383111281077633e-02
7.099000000000000000e+03 1.697487576024290373e-02
7.100000000000000000e+03 1.697432641756384253e-02
7.101000000000000000e+03 1.697222805484655678e-02
7.102000000000000000e+03 1.696862282747902198e-02
7.103000000000000000e+03 1.696354526045604216e-02
7.104000000000000000e+03 1.695702179986768171e-02
7.105000000000000000e+03 1.694907117692947413e-02
7.106000000000000000e+03 1.693970675557143063e-02
7.107000000000000000e+03 1.692893411434281958e-02
7.108000000000000000e+03 1.691675181438888689e-02
7.109000000000000000e+03 1.690315387080007503e-02
7.110000000000000000e+03 1.688813536800523943e-02
7.111000000000000000e+03 1.687169219570742312e-02
7.112000000000000000e+03 1.685382365248208614e-02
7.113000000000000000e+03 1.683453728835835120e-02
7.114000000000000000e+03 1.681384568399606552e-02
7.115000000000000000e+03 1.679177412382875517e-02
7.116000000000000000e+03 1.676835778233183583e-02
7.117000000000000000e+03 1.674364219950076615e-02
7.118000000000000000e+03 1.671768683853619430e-02
7.119000000000000000e+03 1.669056021819082664e-02
7.120000000000000000e+03 1.666233364650976378e-02
7.121000000000000000e+03 1.663308116930973732e-02
7.122000000000000000e+03 1.660288032414813930e-02
7.123000000000000000e+03 1.657180680395993130e-02
7.124000000000000000e+03 1.653992550038077200e-02
7.125000000000000000e+03 1.650728925873467395e-02
7.126000000000000000e+03 1.647394035020666864e-02
7.127000000000000000e+03 1.643990609380655346e-02
7.128000000000000000e+03 1.640519830466359227e-02
7.129000000000000000e+03 1.636980863539145431e-02
7.130000000000000000e+03 1.633370941694744019e-02
7.131000000000000000e+03 1.629685513174980449e-02
7.132000000000000000e+03 1.625918737575129600e-02
7.133000000000000000e+03 1.622063440061431716e-02
7.134000000000000000e+03 1.618111599333526412e-02
7.135000000000000000e+03 1.614054763408235421e-02
7.136000000000000000e+03 1.609884167697984286e-02
7.137000000000000000e+03 1.605591257181217257e-02
7.138000000000000000e+03 1.601167919816948865e-02
7.139000000000000000e+03 1.596607160377947615e-02
7.140000000000000000e+03 1.591903343597673992e-02
7.141000000000000000e+03 1.587052504552326562e-02
7.142000000000000000e+03 1.582052504236239679e-02
7.143000000000000000e+03 1.576903341897013811e-02
7.144000000000000000e+03 1.571607129426155075e-02
7.145000000000000000e+03 1.566167865561393299e-02
7.146000000000000000e+03 1.560591544702424893e-02
7.147000000000000000e+03 1.554886581588193172e-02
7.148000000000000000e+03 1.549063517862318308e-02
7.149000000000000000e+03 1.543134910499199992e-02
7.150000000000000000e+03 1.537115319396734590e-02
7.151000000000000000e+03 1.531020763296913126e-02
7.152000000000000000e+03 1.524868293871638886e-02
7.153000000000000000e+03 1.518676235136890221e-02
7.154000000000000000e+03 1.512463972885267835e-02
7.155000000000000000e+03 1.506251973725366428e-02
7.156000000000000000e+03 1.500061487572265130e-02
7.157000000000000000e+03 1.493914265616690454e-02
7.158000000000000000e+03 1.487832609986738074e-02
7.159000000000000000e+03 1.481838948398171880e-02
7.160000000000000000e+03 1.475955451896936860e-02
7.161000000000000000e+03 1.470203734732252084e-02
7.162000000000000000e+03 1.464604555086890247e-02
7.163000000000000000e+03 1.459177703117539582e-02
7.164000000000000000e+03 1.453941630372822258e-02
7.165000000000000000e+03 1.448913165278337481e-02
7.166000000000000000e+03 1.444107523650210376e-02
7.167000000000000000e+03 1.439537980533934017e-02
7.168000000000000000e+03 1.435215523249697665e-02
7.169000000000000000e+03 1.431148983980820230e-02
7.170000000000000000e+03 1.427344734872224713e-02
7.171000000000000000e+03 1.423806630988936131e-02
7.172000000000000000e+03 1.420536009797676580e-02
7.173000000000000000e+03 1.417531536429405929e-02
7.174000000000000000e+03 1.414789022585410602e-02
7.175000000000000000e+03 1.412301985128575944e-02
7.176000000000000000e+03 1.410061639634333647e-02
7.177000000000000000e+03 1.408057297706437339e-02
7.178000000000000000e+03 1.406276747575916503e-02
7.179000000000000000e+03 1.404706548273883596e-02
7.180000000000000000e+03 1.403331914645081571e-02
7.181000000000000000e+03 1.402137702724709153e-02
7.182000000000000000e+03 1.401108854306278712e-02
7.183000000000000000e+03 1.400230515192766971e-02
7.184000000000000000e+03 1.399488208483506274e-02
7.185000000000000000e+03 1.398868702670958905e-02
7.186000000000000000e+03 1.398360251028043025e-02
7.187000000000000000e+03 1.397952821006794369e-02
7.188000000000000000e+03 1.397638065926528825e-02
7.189000000000000000e+03 1.397409817631945980e-02
7.190000000000000000e+03 1.397263660577072707e-02
7.191000000000000000e+03 1.397197258578829898e-02
7.192000000000000000e+03 1.397209646866658106e-02
7.193000000000000000e+03 1.397301340658694234e-02
7.194000000000000000e+03 1.397474476481961117e-02
7.195000000000000000e+03 1.397732338779010888e-02
7.196000000000000000e+03 1.398079156480767915e-02
7.197000000000000000e+03 1.398519885496476989e-02
7.198000000000000000e+03 1.399059641184568180e-02
7.199000000000000000e+03 1.399703511366281322e-02
7.200000000000000000e+03 1.400456114918151133e-02
7.201000000000000000e+03 1.401321918623921539e-02
7.202000000000000000e+03 1.402304953012204446e-02
7.203000000000000000e+03 1.403408655936636690e-02
7.204000000000000000e+03 1.404634916424450999e-02
7.205000000000000000e+03 1.405984451520367502e-02
7.206000000000000000e+03 1.407457262364408129e-02
7.207000000000000000e+03 1.409052172496514169e-02
7.208000000000000000e+03 1.410766813490813704e-02
7.209000000000000000e+03 1.412598326560702416e-02
7.210000000000000000e+03 1.414543150490601107e-02
7.211000000000000000e+03 1.416596868569372850e-02
7.212000000000000000e+03 1.418754053032742456e-02
7.213000000000000000e+03 1.421008501643645366e-02
7.214000000000000000e+03 1.423353652056333352e-02
7.215000000000000000e+03 1.425782728279094240e-02
7.216000000000000000e+03 1.428288597244932977e-02
7.217000000000000000e+03 1.430864408766121740e-02
7.218000000000000000e+03 1.433503340724539589e-02
7.219000000000000000e+03 1.436198756917674881e-02
7.220000000000000000e+03 1.438944141517620873e-02
7.221000000000000000e+03 1.441733360027558017e-02
7.222000000000000000e+03 1.444560911447610209e-02
7.223000000000000000e+03 1.447421535693120195e-02
7.224000000000000000e+03 1.450310647653056326e-02
7.225000000000000000e+03 1.453223807478027860e-02
7.226000000000000000e+03 1.456156961322187943e-02
7.227000000000000000e+03 1.459106491245297337e-02
7.228000000000000000e+03 1.462069139094773068e-02
7.229000000000000000e+03 1.465041529467258838e-02
7.230000000000000000e+03 1.468020282662384213e-02
7.231000000000000000e+03 1.471002259109019036e-02
7.232000000000000000e+03 1.473983868456955892e-02
7.233000000000000000e+03 1.476960969641270653e-02
7.234000000000000000e+03 1.479928921906005154e-02
7.235000000000000000e+03 1.482882608939003512e-02
7.236000000000000000e+03 1.485815978525733584e-02
7.237000000000000000e+03 1.488721960869679277e-02
7.238000000000000000e+03 1.491592565431772328e-02
7.239000000000000000e+03 1.494418921853724047e-02
7.240000000000000000e+03 1.497191237806073938e-02
7.241000000000000000e+03 1.499898910778288581e-02
7.242000000000000000e+03 1.502530591179026404e-02
7.243000000000000000e+03 1.505074245340239786e-02
7.244000000000000000e+03 1.507517304634591743e-02
7.245000000000000000e+03 1.509847191413218014e-02
7.246000000000000000e+03 1.512051570395719566e-02
7.247000000000000000e+03 1.514118091375551631e-02
7.248000000000000000e+03 1.516034507021635572e-02
7.249000000000000000e+03 1.517789268445434575e-02
7.250000000000000000e+03 1.519372305893295153e-02
7.251000000000000000e+03 1.520774716067044806e-02
7.252000000000000000e+03 1.521989004461014698e-02
7.253000000000000000e+03 1.523008809232720938e-02
7.254000000000000000e+03 1.523829275674542377e-02
7.255000000000000000e+03 1.524447487866002586e-02
7.256000000000000000e+03 1.524862134791352651e-02
7.257000000000000000e+03 1.525073010575461741e-02
7.258000000000000000e+03 1.525081121738425249e-02
7.259000000000000000e+03 1.524888696772343059e-02
7.260000000000000000e+03 1.524498815635091063e-02
7.261000000000000000e+03 1.523914959536242647e-02
7.262000000000000000e+03 1.523140715176016929e-02
7.263000000000000000e+03 1.522179560961923507e-02
7.264000000000000000e+03 1.521034518477460025e-02
7.265000000000000000e+03 1.519707953334225280e-02
7.266000000000000000e+03 1.518201010498921102e-02
7.267000000000000000e+03 1.516514032177696328e-02
7.268000000000000000e+03 1.514646273007054164e-02
7.269000000000000000e+03 1.512596208777859143e-02
7.270000000000000000e+03 1.510361522901664498e-02
7.271000000000000000e+03 1.507939412472302995e-02
7.272000000000000000e+03 1.505326354366059126e-02
7.273000000000000000e+03 1.502518532056671546e-02
7.274000000000000000e+03 1.499512621785155375e-02
7.275000000000000000e+03 1.496305954886733257e-02
7.276000000000000000e+03 1.492896768702778668e-02
7.277000000000000000e+03 1.489284404015929660e-02
7.278000000000000000e+03 1.485469890323683900e-02
7.279000000000000000e+03 1.481456694490884164e-02
7.280000000000000000e+03 1.477250499665440364e-02
7.281000000000000000e+03 1.472859854300458127e-02
7.282000000000000000e+03 1.468296022352772942e-02
7.283000000000000000e+03 1.463573167218780099e-02
7.284000000000000000e+03 1.458708362754102504e-02
7.285000000000000000e+03 1.453721281859231100e-02
7.286000000000000000e+03 1.448634339991913128e-02
7.287000000000000000e+03 1.443471927542503211e-02
7.288000000000000000e+03 1.438259725009646134e-02
7.289000000000000000e+03 1.433024486223923033e-02
7.290000000000000000e+03 1.427793677099091149e-02
7.291000000000000000e+03 1.422594612565043770e-02
7.292000000000000000e+03 1.417454001358200641e-02
7.293000000000000000e+03 1.412397505312857487e-02
7.294000000000000000e+03 1.407448864758080800e-02
7.295000000000000000e+03 1.402629350392655717e-02
7.296000000000000000e+03 1.397957366817566272e-02
7.297000000000000000e+03 1.393448283721805334e-02
7.298000000000000000e+03 1.389114075382532308e-02
7.299000000000000000e+03 1.384963221931157298e-02
7.300000000000000000e+03 1.381001030082359624e-02
7.301000000000000000e+03 1.377229336460807779e-02
7.302000000000000000e+03 1.373646685523988858e-02
7.303000000000000000e+03 1.370248630608185761e-02
7.304000000000000000e+03 1.367028578824460057e-02
7.305000000000000000e+03 1.363977844881081140e-02
7.306000000000000000e+03 1.361086167453793086e-02
7.307000000000000000e+03 1.358342424090531672e-02
7.308000000000000000e+03 1.355735027926133381e-02
7.309000000000000000e+03 1.353252233491602716e-02
7.310000000000000000e+03 1.350882735435048054e-02
7.311000000000000000e+03 1.348615970882991594e-02
7.312000000000000000e+03 1.346442519485817682e-02
7.313000000000000000e+03 1.344354130565206251e-02
7.314000000000000000e+03 1.342344564992355507e-02
7.315000000000000000e+03 1.340409388085596690e-02
7.316000000000000000e+03 1.338545889844726909e-02
7.317000000000000000e+03 1.336752972538051906e-02
7.318000000000000000e+03 1.335031375795511267e-02
7.319000000000000000e+03 1.333383287237669204e-02
7.320000000000000000e+03 1.331812523314177335e-02
7.321000000000000000e+03 1.330324540012152099e-02
7.322000000000000000e+03 1.328925845012845358e-02
7.323000000000000000e+03 1.327624088926055747e-02
7.324000000000000000e+03 1.326427954829140221e-02
7.325000000000000000e+03 1.325347027036146222e-02
7.326000000000000000e+03 1.324391643117518204e-02
7.327000000000000000e+03 1.323572507094137457e-02
7.328000000000000000e+03 1.322900341808464809e-02
7.329000000000000000e+03 1.322386094907980654e-02
7.330000000000000000e+03 1.322040658925097839e-02
7.331000000000000000e+03 1.321874625536304318e-02
7.332000000000000000e+03 1.321897967480494332e-02
7.333000000000000000e+03 1.322120307369135418e-02
7.334000000000000000e+03 1.322550544690965016e-02
7.335000000000000000e+03 1.323196723840647585e-02
7.336000000000000000e+03 1.324066143021877112e-02
7.337000000000000000e+03 1.325165426505171135e-02
7.338000000000000000e+03 1.326500008480401699e-02
7.339000000000000000e+03 1.328074424171150208e-02
7.340000000000000000e+03 1.329892447703007879e-02
7.341000000000000000e+03 1.331956853327749025e-02
7.342000000000000000e+03 1.334269379035394124e-02
7.343000000000000000e+03 1.336831148791448737e-02
7.344000000000000000e+03 1.339642397060731432e-02
7.345000000000000000e+03 1.342702716597041906e-02
7.346000000000000000e+03 1.346010841405753319e-02
7.347000000000000000e+03 1.349564688815184377e-02
7.348000000000000000e+03 1.353361766198311542e-02
7.349000000000000000e+03 1.357399330007149491e-02
7.350000000000000000e+03 1.361674004695197226e-02
7.351000000000000000e+03 1.366182113018588051e-02
7.352000000000000000e+03 1.370919682397243704e-02
7.353000000000000000e+03 1.375882388960123284e-02
7.354000000000000000e+03 1.381065473202782931e-02
7.355000000000000000e+03 1.386463567078042788e-02
7.356000000000000000e+03 1.392071092293093240e-02
7.357000000000000000e+03 1.397881844504339673e-02
7.358000000000000000e+03 1.403889240606731939e-02
7.359000000000000000e+03 1.410086225298535709e-02
7.360000000000000000e+03 1.416465135961118491e-02
7.361000000000000000e+03 1.423018203395757034e-02
7.362000000000000000e+03 1.429737199906645946e-02
7.363000000000000000e+03 1.436613535243964034e-02
7.364000000000000000e+03 1.443638290881943398e-02
7.365000000000000000e+03 1.450802295248620859e-02
7.366000000000000000e+03 1.458095770871555702e-02
7.367000000000000000e+03 1.465508417522909217e-02
7.368000000000000000e+03 1.473029789786601401e-02
7.369000000000000000e+03 1.480648931008117682e-02
7.370000000000000000e+03 1.488354479858218851e-02
7.371000000000000000e+03 1.496134445314278340e-02
7.372000000000000000e+03 1.503976270551963743e-02
7.373000000000000000e+03 1.511866742879016193e-02
7.374000000000000000e+03 1.519792102529467399e-02
7.375000000000000000e+03 1.527737954947469903e-02
7.376000000000000000e+03 1.535688976740426370e-02
7.377000000000000000e+03 1.543629303328585174e-02
7.378000000000000000e+03 1.551542503464720460e-02
7.379000000000000000e+03 1.559411281056632959e-02
7.380000000000000000e+03 1.567217778520700600e-02
7.381000000000000000e+03 1.574943897585432545e-02
7.382000000000000000e+03 1.582571039516513997e-02
7.383000000000000000e+03 1.590080368272931213e-02
7.384000000000000000e+03 1.597452797656109813e-02
7.385000000000000000e+03 1.604668757282471866e-02
7.386000000000000000e+03 1.611708703736129678e-02
7.387000000000000000e+03 1.618553147708268192e-02
7.388000000000000000e+03 1.625182760195591214e-02
7.389000000000000000e+03 1.631578576019570431e-02
7.390000000000000000e+03 1.637721762167817369e-02
7.391000000000000000e+03 1.643593656535629124e-02
7.392000000000000000e+03 1.649176245507611577e-02
7.393000000000000000e+03 1.654451960623523621e-02
7.394000000000000000e+03 1.659403671628179033e-02
7.395000000000000000e+03 1.664015089985908941e-02
7.396000000000000000e+03 1.668270788535700794e-02
7.397000000000000000e+03 1.672156108220649445e-02
7.398000000000000000e+03 1.675657872635513690e-02
7.399000000000000000e+03 1.678763968639795240e-02
7.400000000000000000e+03 1.681463579419086377e-02
7.401000000000000000e+03 1.683747566108763707e-02
7.402000000000000000e+03 1.685608703900396549e-02
7.403000000000000000e+03 1.687042088510880278e-02
7.404000000000000000e+03 1.688045101624860087e-02
7.405000000000000000e+03 1.688617357159508114e-02
7.406000000000000000e+03 1.688761060033793990e-02
7.407000000000000000e+03 1.688481531880732869e-02
7.408000000000000000e+03 1.687786735361916646e-02
7.409000000000000000e+03 1.686687446973077209e-02
7.410000000000000000e+03 1.685197342497728873e-02
7.411000000000000000e+03 1.683332688614581560e-02
7.412000000000000000e+03 1.681111885531653277e-02
7.413000000000000000e+03 1.678555753292194225e-02
7.414000000000000000e+03 1.675687694298094027e-02
7.415000000000000000e+03 1.672532698476863339e-02
7.416000000000000000e+03 1.669117058286156974e-02
7.417000000000000000e+03 1.665468085951388871e-02
7.418000000000000000e+03 1.661613592465387146e-02
7.419000000000000000e+03 1.657581763442368336e-02
7.420000000000000000e+03 1.653400034729705578e-02
7.421000000000000000e+03 1.649094901294587134e-02
7.422000000000000000e+03 1.644691736373709440e-02
7.423000000000000000e+03 1.640214256114258529e-02
7.424000000000000000e+03 1.635684603671204440e-02
7.425000000000000000e+03 1.631123178520665212e-02
7.426000000000000000e+03 1.626548091227699583e-02
7.427000000000000000e+03 1.621975324453932277e-02
7.428000000000000000e+03 1.617418909893262452e-02
7.429000000000000000e+03 1.612890879928750507e-02
7.430000000000000000e+03 1.608401254170092540e-02
7.431000000000000000e+03 1.603958392292405277e-02
7.432000000000000000e+03 1.599569219739567158e-02
7.433000000000000000e+03 1.595239162622747592e-02
7.434000000000000000e+03 1.590972705279916286e-02
7.435000000000000000e+03 1.586773347991464814e-02
7.436000000000000000e+03 1.582643512860434573e-02
7.437000000000000000e+03 1.578584595476059671e-02
7.438000000000000000e+03 1.574597679038776746e-02
7.439000000000000000e+03 1.570683719877530304e-02
7.440000000000000000e+03 1.566843520221299774e-02
7.441000000000000000e+03 1.563078135897278190e-02
7.442000000000000000e+03 1.559388709691254121e-02
7.443000000000000000e+03 1.555776680318996484e-02
7.444000000000000000e+03 1.552243679496610219e-02
7.445000000000000000e+03 1.548791736865240062e-02
7.446000000000000000e+03 1.545422972976862562e-02
7.447000000000000000e+03 1.542140192095633154e-02
7.448000000000000000e+03 1.538946992623910041e-02
7.449000000000000000e+03 1.535847546861908962e-02
7.450000000000000000e+03 1.532846157978030172e-02
7.451000000000000000e+03 1.529947525386772533e-02
7.452000000000000000e+03 1.527156478059919602e-02
7.453000000000000000e+03 1.524478189002967561e-02
7.454000000000000000e+03 1.521917593048677936e-02
7.455000000000000000e+03 1.519479527289228395e-02
7.456000000000000000e+03 1.517168369444574054e-02
7.457000000000000000e+03 1.514988157383117921e-02
7.458000000000000000e+03 1.512942526268355216e-02
7.459000000000000000e+03 1.511034695348795719e-02
7.460000000000000000e+03 1.509267003096873005e-02
7.461000000000000000e+03 1.507641346013999066e-02
7.462000000000000000e+03 1.506159123659440817e-02
7.463000000000000000e+03 1.504820677973469321e-02
7.464000000000000000e+03 1.503625972570680688e-02
7.465000000000000000e+03 1.502574282988169800e-02
7.466000000000000000e+03 1.501664211398067578e-02
7.467000000000000000e+03 1.500893922842825440e-02
7.468000000000000000e+03 1.500260839595901965e-02
7.469000000000000000e+03 1.499761955378819955e-02
7.470000000000000000e+03 1.499393797030907673e-02
7.471000000000000000e+03 1.499152496220029773e-02
7.472000000000000000e+03 1.499034179167859498e-02
7.473000000000000000e+03 1.499034674463143105e-02
7.474000000000000000e+03 1.499149375827749965e-02
7.475000000000000000e+03 1.499373167607283806e-02
7.476000000000000000e+03 1.499700342091283070e-02
7.477000000000000000e+03 1.500124313876567347e-02
7.478000000000000000e+03 1.500637496750484648e-02
7.479000000000000000e+03 1.501231033911626725e-02
7.480000000000000000e+03 1.501894999826723295e-02
7.481000000000000000e+03 1.502618397369935056e-02
7.482000000000000000e+03 1.503389511252733492e-02
7.483000000000000000e+03 1.504195865501225908e-02
7.484000000000000000e+03 1.505023955226894583e-02
7.485000000000000000e+03 1.505858951935594610e-02
7.486000000000000000e+03 1.506685675446713286e-02
7.487000000000000000e+03 1.507488407257675730e-02
7.488000000000000000e+03 1.508250831311514634e-02
7.489000000000000000e+03 1.508956620702425755e-02
7.490000000000000000e+03 1.509589715355272657e-02
7.491000000000000000e+03 1.510134916657786264e-02
7.492000000000000000e+03 1.510577755131996963e-02
7.493000000000000000e+03 1.510904412083404966e-02
7.494000000000000000e+03 1.511102128588952438e-02
7.495000000000000000e+03 1.511159915397666809e-02
7.496000000000000000e+03 1.511068416244936222e-02
7.497000000000000000e+03 1.510819791302155796e-02
7.498000000000000000e+03 1.510408159730218872e-02
7.499000000000000000e+03 1.509829859735401653e-02
7.500000000000000000e+03 1.509083420088609337e-02
7.501000000000000000e+03 1.508169092357010237e-02
7.502000000000000000e+03 1.507089170410837176e-02
7.503000000000000000e+03 1.505848147553421994e-02
7.504000000000000000e+03 1.504452526109212318e-02
7.505000000000000000e+03 1.502910452663196693e-02
7.506000000000000000e+03 1.501231745907865602e-02
7.507000000000000000e+03 1.499427706342697925e-02
7.508000000000000000e+03 1.497510510886229662e-02
7.509000000000000000e+03 1.495493220646532985e-02
7.510000000000000000e+03 1.493390009518883940e-02
7.511000000000000000e+03 1.491215449383027740e-02
7.512000000000000000e+03 1.488984447426300491e-02
7.513000000000000000e+03 1.486711852983856746e-02
7.514000000000000000e+03 1.484411932048221305e-02
7.515000000000000000e+03 1.482098207881462314e-02
7.516000000000000000e+03 1.479783329941372107e-02
7.517000000000000000e+03 1.477479041315819808e-02
7.518000000000000000e+03 1.475195576481015680e-02
7.519000000000000000e+03 1.472941637669127057e-02
7.520000000000000000e+03 1.470724353859235653e-02
7.521000000000000000e+03 1.468549390924144167e-02
7.522000000000000000e+03 1.466420858702343136e-02
7.523000000000000000e+03 1.464341025163439294e-02
7.524000000000000000e+03 1.462310332823235116e-02
7.525000000000000000e+03 1.460327704455925343e-02
7.526000000000000000e+03 1.458390815797986143e-02
7.527000000000000000e+03 1.456496502607041929e-02
7.528000000000000000e+03 1.454640741582855466e-02
7.529000000000000000e+03 1.452819308499345499e-02
7.530000000000000000e+03 1.451027736251268851e-02
7.531000000000000000e+03 1.449261874633997992e-02
7.532000000000000000e+03 1.447518332733534717e-02
7.533000000000000000e+03 1.445794767967912078e-02
7.534000000000000000e+03 1.444090023486790074e-02
7.535000000000000000e+03 1.442404044602225641e-02
7.536000000000000000e+03 1.440738167544442991e-02
7.537000000000000000e+03 1.439094980284407431e-02
7.538000000000000000e+03 1.437478080790360185e-02
7.539000000000000000e+03 1.435892205437247840e-02
7.540000000000000000e+03 1.434343401342592396e-02
7.541000000000000000e+03 1.432838541156943729e-02
7.542000000000000000e+03 1.431384568358505527e-02
7.543000000000000000e+03 1.429988656769587245e-02
7.544000000000000000e+03 1.428658107527449629e-02
7.545000000000000000e+03 1.427399837693706444e-02
7.546000000000000000e+03 1.426219857618844615e-02
7.547000000000000000e+03 1.425123192018713444e-02
7.548000000000000000e+03 1.424113635647204432e-02
7.549000000000000000e+03 1.423193865573772060e-02
7.550000000000000000e+03 1.422365451235026862e-02
7.551000000000000000e+03 1.421628397683836684e-02
7.552000000000000000e+03 1.420980995953481305e-02
7.553000000000000000e+03 1.420420494500234526e-02
7.554000000000000000e+03 1.419943210216680421e-02
7.555000000000000000e+03 1.419544633450478544e-02
7.556000000000000000e+03 1.419219452813571918e-02
7.557000000000000000e+03 1.418962272868092532e-02
7.558000000000000000e+03 1.418768338588781083e-02
7.559000000000000000e+03 1.418633561765799203e-02
7.560000000000000000e+03 1.418554350300941375e-02
7.561000000000000000e+03 1.418528270058328974e-02
7.562000000000000000e+03 1.418554131432772474e-02
7.563000000000000000e+03 1.418631898426666801e-02
7.564000000000000000e+03 1.418763009308741073e-02
7.565000000000000000e+03 1.418950010127793121e-02
7.566000000000000000e+03 1.419196923291603761e-02
7.567000000000000000e+03 1.419508890725747208e-02
7.568000000000000000e+03 1.419891862599092364e-02
7.569000000000000000e+03 1.420352363937667055e-02
7.570000000000000000e+03 1.420897620459437433e-02
7.571000000000000000e+03 1.421535059424077277e-02
7.572000000000000000e+03 1.422272080794077624e-02
7.573000000000000000e+03 1.423115474234499384e-02
7.574000000000000000e+03 1.424070996065075756e-02
7.575000000000000000e+03 1.425143686713716169e-02
7.576000000000000000e+03 1.426337241549698043e-02
7.577000000000000000e+03 1.427653972006795446e-02
7.578000000000000000e+03 1.429094689662583142e-02
7.579000000000000000e+03 1.430658057900877425e-02
7.580000000000000000e+03 1.432340993933072654e-02
7.581000000000000000e+03 1.434138454782188724e-02
7.582000000000000000e+03 1.436043454084721428e-02
7.583000000000000000e+03 1.438047109044393937e-02
7.584000000000000000e+03 1.440138882977626440e-02
7.585000000000000000e+03 1.442306333480786185e-02
7.586000000000000000e+03 1.444535168652859303e-02
7.587000000000000000e+03 1.446809332271198692e-02
7.588000000000000000e+03 1.449111351264949395e-02
7.589000000000000000e+03 1.451422246943106023e-02
7.590000000000000000e+03 1.453721923729665855e-02
7.591000000000000000e+03 1.455989333505617461e-02
7.592000000000000000e+03 1.458202895855200895e-02
7.593000000000000000e+03 1.460340325802258338e-02
7.594000000000000000e+03 1.462379289116051001e-02
7.595000000000000000e+03 1.464297621216462120e-02
7.596000000000000000e+03 1.466073551407241771e-02
7.597000000000000000e+03 1.467686211395803630e-02
7.598000000000000000e+03 1.469115640105200793e-02
7.599000000000000000e+03 1.470343382957785619e-02
7.600000000000000000e+03 1.471352639901605912e-02
7.601000000000000000e+03 1.472128848391172744e-02
7.602000000000000000e+03 1.472659961907947165e-02
7.603000000000000000e+03 1.472936910740182959e-02
7.604000000000000000e+03 1.472954004985449483e-02
7.605000000000000000e+03 1.472708772984866396e-02
7.606000000000000000e+03 1.472202495495940344e-02
7.607000000000000000e+03 1.471439992117426140e-02
7.608000000000000000e+03 1.470429644872555536e-02
7.609000000000000000e+03 1.469183444694821886e-02
7.610000000000000000e+03 1.467716802682708307e-02
7.611000000000000000e+03 1.466048272696467494e-02
7.612000000000000000e+03 1.464199260498717792e-02
7.613000000000000000e+03 1.462193535855250796e-02
7.614000000000000000e+03 1.460056965209280411e-02
7.615000000000000000e+03 1.457816161660279407e-02
7.616000000000000000e+03 1.455497684461328801e-02
7.617000000000000000e+03 1.453127633828150446e-02
7.618000000000000000e+03 1.450731393392618029e-02
7.619000000000000000e+03 1.448333193681317077e-02
7.620000000000000000e+03 1.445955425822401108e-02
7.621000000000000000e+03 1.443617964813933771e-02
7.622000000000000000e+03 1.441337921376507902e-02
7.623000000000000000e+03 1.439129368532821723e-02
7.624000000000000000e+03 1.437003282365085198e-02
7.625000000000000000e+03 1.434967206842994655e-02
7.626000000000000000e+03 1.433025545580872938e-02
7.627000000000000000e+03 1.431179801836837684e-02
7.628000000000000000e+03 1.429428933744616298e-02
7.629000000000000000e+03 1.427769578552317772e-02
7.630000000000000000e+03 1.426196719375329505e-02
7.631000000000000000e+03 1.424703586606552649e-02
7.632000000000000000e+03 1.423282436219115189e-02
7.633000000000000000e+03 1.421925105926486951e-02
7.634000000000000000e+03 1.420623318360191879e-02
7.635000000000000000e+03 1.419369402495050669e-02
7.636000000000000000e+03 1.418156350055476723e-02
7.637000000000000000e+03 1.416978262987350287e-02
7.638000000000000000e+03 1.415830773696614628e-02
7.639000000000000000e+03 1.414710801023686022e-02
7.640000000000000000e+03 1.413616926978063064e-02
7.641000000000000000e+03 1.412549699596821022e-02
7.642000000000000000e+03 1.411511343592806306e-02
7.643000000000000000e+03 1.410505649441355820e-02
7.644000000000000000e+03 1.409537463791447551e-02
7.645000000000000000e+03 1.408612932236878203e-02
7.646000000000000000e+03 1.407739364521529493e-02
7.647000000000000000e+03 1.406924668776150279e-02
7.648000000000000000e+03 1.406177385847055122e-02
7.649000000000000000e+03 1.405506100060027741e-02
7.650000000000000000e+03 1.404919433681176347e-02
7.651000000000000000e+03 1.404425972653970678e-02
7.652000000000000000e+03 1.404033761983295749e-02
7.653000000000000000e+03 1.403750076135077199e-02
7.654000000000000000e+03 1.403581680321983743e-02
7.655000000000000000e+03 1.403535100607283294e-02
7.656000000000000000e+03 1.403616185518995543e-02
7.657000000000000000e+03 1.403829836788065416e-02
7.658000000000000000e+03 1.404179506739453714e-02
7.659000000000000000e+03 1.404667553546345114e-02
7.660000000000000000e+03 1.405295260075717888e-02
7.661000000000000000e+03 1.406062762474886117e-02
7.662000000000000000e+03 1.406968644957951042e-02
7.663000000000000000e+03 1.408009928547567999e-02
7.664000000000000000e+03 1.409182167693539753e-02
7.665000000000000000e+03 1.410479123526345996e-02
7.666000000000000000e+03 1.411892949879578821e-02
7.667000000000000000e+03 1.413413992496316898e-02
7.668000000000000000e+03 1.415031053713297279e-02
7.669000000000000000e+03 1.416731250709534796e-02
7.670000000000000000e+03 1.418500045767938020e-02
7.671000000000000000e+03 1.420321253809857937e-02
7.672000000000000000e+03 1.422177397887660136e-02
7.673000000000000000e+03 1.424050213656304770e-02
7.674000000000000000e+03 1.425921007601036600e-02
7.675000000000000000e+03 1.427770605970706333e-02
7.676000000000000000e+03 1.429579811006186432e-02
7.677000000000000000e+03 1.431329801757073514e-02
7.678000000000000000e+03 1.433002075139677527e-02
7.679000000000000000e+03 1.434578877994867330e-02
7.680000000000000000e+03 1.436043459577048161e-02
7.681000000000000000e+03 1.437380734136114654e-02
7.682000000000000000e+03 1.438577430415654071e-02
7.683000000000000000e+03 1.439622110346081008e-02
7.684000000000000000e+03 1.440505451088120413e-02
7.685000000000000000e+03 1.441220450186316872e-02
7.686000000000000000e+03 1.441762423121350709e-02
7.687000000000000000e+03 1.442129153695900778e-02
7.688000000000000000e+03 1.442320907513933333e-02
7.689000000000000000e+03 1.442340689372300158e-02
7.690000000000000000e+03 1.442194128830049868e-02
7.691000000000000000e+03 1.441889443706323090e-02
7.692000000000000000e+03 1.441437439976394133e-02
7.693000000000000000e+03 1.440851231019117662e-02
7.694000000000000000e+03 1.440146376076967966e-02
7.695000000000000000e+03 1.439340353597502557e-02
7.696000000000000000e+03 1.438452271510815700e-02
7.697000000000000000e+03 1.437502580826102022e-02
7.698000000000000000e+03 1.436512293776838825e-02
7.699000000000000000e+03 1.435503136130186590e-02
7.700000000000000000e+03 1.434496773377239368e-02
7.701000000000000000e+03 1.433514298972564036e-02
7.702000000000000000e+03 1.432576109236001136e-02
7.703000000000000000e+03 1.431701125397537300e-02
7.704000000000000000e+03 1.430907049094215684e-02
7.705000000000000000e+03 1.430209555149716989e-02
7.706000000000000000e+03 1.429622256180220624e-02
7.707000000000000000e+03 1.429156679858993931e-02
7.708000000000000000e+03 1.428821826621963498e-02
7.709000000000000000e+03 1.428624702802156268e-02
7.710000000000000000e+03 1.428570368991238966e-02
7.711000000000000000e+03 1.428661721273291260e-02
7.712000000000000000e+03 1.428900037893622750e-02
7.713000000000000000e+03 1.429285154881394793e-02
7.714000000000000000e+03 1.429815684225519551e-02
7.715000000000000000e+03 1.430489017038891718e-02
7.716000000000000000e+03 1.431301398477803459e-02
7.717000000000000000e+03 1.432248300581144898e-02
7.718000000000000000e+03 1.433324718364801381e-02
7.719000000000000000e+03 1.434525621233763079e-02
7.720000000000000000e+03 1.435845680981161047e-02
7.721000000000000000e+03 1.437279200163403721e-02
7.722000000000000000e+03 1.438820981954362643e-02
7.723000000000000000e+03 1.440466121462827612e-02
7.724000000000000000e+03 1.442209839950814830e-02
7.725000000000000000e+03 1.444047447814146047e-02
7.726000000000000000e+03 1.445974196888279509e-02
7.727000000000000000e+03 1.447985372944377361e-02
7.728000000000000000e+03 1.450076155829340720e-02
7.729000000000000000e+03 1.452241561786278903e-02
7.730000000000000000e+03 1.454476850466240173e-02
7.731000000000000000e+03 1.456777356601438381e-02
7.732000000000000000e+03 1.459138494848188396e-02
7.733000000000000000e+03 1.461555716783242455e-02
7.734000000000000000e+03 1.464024399580649699e-02
7.735000000000000000e+03 1.466540204515908233e-02
7.736000000000000000e+03 1.469099066159895023e-02
7.737000000000000000e+03 1.471697123212074160e-02
7.738000000000000000e+03 1.474331132017931215e-02
7.739000000000000000e+03 1.476998361971363499e-02
7.740000000000000000e+03 1.479696659775148193e-02
7.741000000000000000e+03 1.482424439491954529e-02
7.742000000000000000e+03 1.485180682737664501e-02
7.743000000000000000e+03 1.487965070536217960e-02
7.744000000000000000e+03 1.490778324883697270e-02
7.745000000000000000e+03 1.493621839753377784e-02
7.746000000000000000e+03 1.496497413044769846e-02
7.747000000000000000e+03 1.499407242762789902e-02
7.748000000000000000e+03 1.502353578582578050e-02
7.749000000000000000e+03 1.505338432057614848e-02
7.750000000000000000e+03 1.508363776099591255e-02
7.751000000000000000e+03 1.511430728381781864e-02
7.752000000000000000e+03 1.514539674630917265e-02
7.753000000000000000e+03 1.517689927946395262e-02
7.754000000000000000e+03 1.520879480382420976e-02
7.755000000000000000e+03 1.524104676530407126e-02
7.756000000000000000e+03 1.527360180889510317e-02
7.757000000000000000e+03 1.530638976529256554e-02
7.758000000000000000e+03 1.533932400159395901e-02
7.759000000000000000e+03 1.537229843799735318e-02
7.760000000000000000e+03 1.540519220550981908e-02
7.761000000000000000e+03 1.543786879503057305e-02
7.762000000000000000e+03 1.547018035710052974e-02
7.763000000000000000e+03 1.550196828430669936e-02
7.764000000000000000e+03 1.553306654530544825e-02
7.765000000000000000e+03 1.556330140549181187e-02
7.766000000000000000e+03 1.559249814794236820e-02
7.767000000000000000e+03 1.562048209538188792e-02
7.768000000000000000e+03 1.564708301114613176e-02
7.769000000000000000e+03 1.567213575300940853e-02
7.770000000000000000e+03 1.569548386622611480e-02
7.771000000000000000e+03 1.571697780568710387e-02
7.772000000000000000e+03 1.573647638009836175e-02
7.773000000000000000e+03 1.575385157539047065e-02
7.774000000000000000e+03 1.576898929846702602e-02
7.775000000000000000e+03 1.578178676933440772e-02
7.776000000000000000e+03 1.579215704133542925e-02
7.777000000000000000e+03 1.580002913943321513e-02
7.778000000000000000e+03 1.580534997577513756e-02
7.779000000000000000e+03 1.580808058291304982e-02
7.780000000000000000e+03 1.580819865567482940e-02
7.781000000000000000e+03 1.580570395657186419e-02
7.782000000000000000e+03 1.580060827727228223e-02
7.783000000000000000e+03 1.579293956595146167e-02
7.784000000000000000e+03 1.578274441327513766e-02
7.785000000000000000e+03 1.577008223935660175e-02
7.786000000000000000e+03 1.575502788590459058e-02
7.787000000000000000e+03 1.573767102914671451e-02
7.788000000000000000e+03 1.571811856923074555e-02
7.789000000000000000e+03 1.569648836590098462e-02
7.790000000000000000e+03 1.567290662740648127e-02
7.791000000000000000e+03 1.564751186025942556e-02
7.792000000000000000e+03 1.562045258298076778e-02
7.793000000000000000e+03 1.559189083259863648e-02
7.794000000000000000e+03 1.556199784945339233e-02
7.795000000000000000e+03 1.553094690036181842e-02
7.796000000000000000e+03 1.549891801554976328e-02
7.797000000000000000e+03 1.546609907260763569e-02
7.798000000000000000e+03 1.543268330037223315e-02
7.799000000000000000e+03 1.539886710655541217e-02
7.800000000000000000e+03 1.536484788515656355e-02
7.801000000000000000e+03 1.533082374063607020e-02
7.802000000000000000e+03 1.529699191773378937e-02
7.803000000000000000e+03 1.526354597152174836e-02
7.804000000000000000e+03 1.523067204202848898e-02
7.805000000000000000e+03 1.519854963882036163e-02
7.806000000000000000e+03 1.516734461252877177e-02
7.807000000000000000e+03 1.513721063528115744e-02
7.808000000000000000e+03 1.510828754721277485e-02
7.809000000000000000e+03 1.508069320570702351e-02
7.810000000000000000e+03 1.505452183047105777e-02
7.811000000000000000e+03 1.502984323203664790e-02
7.812000000000000000e+03 1.500670436976877034e-02
7.813000000000000000e+03 1.498512585004565731e-02
7.814000000000000000e+03 1.496509670345152684e-02
7.815000000000000000e+03 1.494658175421506585e-02
7.816000000000000000e+03 1.492951554969464828e-02
7.817000000000000000e+03 1.491380802952089676e-02
7.818000000000000000e+03 1.489934593387628320e-02
7.819000000000000000e+03 1.488599802766044436e-02
7.820000000000000000e+03 1.487361480578985179e-02
7.821000000000000000e+03 1.486203110855491630e-02
7.822000000000000000e+03 1.485107333194162979e-02
7.823000000000000000e+03 1.484056793290385035e-02
7.824000000000000000e+03 1.483034320270028295e-02
7.825000000000000000e+03 1.482023709223667662e-02
7.826000000000000000e+03 1.481009994615789353e-02
7.827000000000000000e+03 1.479980014480349396e-02
7.828000000000000000e+03 1.478923063349392442e-02
7.829000000000000000e+03 1.477831464452767848e-02
7.830000000000000000e+03 1.476700492122717291e-02
7.831000000000000000e+03 1.475528452087720294e-02
7.832000000000000000e+03 1.474316965024065687e-02
7.833000000000000000e+03 1.473070900079485358e-02
7.834000000000000000e+03 1.471798048475340438e-02
7.835000000000000000e+03 1.470509134042943117e-02
7.836000000000000000e+03 1.469216974937768115e-02
7.837000000000000000e+03 1.467936075421991116e-02
7.838000000000000000e+03 1.466682148401569387e-02
7.839000000000000000e+03 1.465471373225647050e-02
7.840000000000000000e+03 1.464319806975689607e-02
7.841000000000000000e+03 1.463243001861725713e-02
7.842000000000000000e+03 1.462255200939223572e-02
7.843000000000000000e+03 1.461369190074723878e-02
7.844000000000000000e+03 1.460595474511560202e-02
7.845000000000000000e+03 1.459941932800518267e-02
7.846000000000000000e+03 1.459413688138184312e-02
7.847000000000000000e+03 1.459012683258840287e-02
7.848000000000000000e+03 1.458737656693957253e-02
7.849000000000000000e+03 1.458584320412762911e-02
7.850000000000000000e+03 1.458545426650947538e-02
7.851000000000000000e+03 1.458610509254618798e-02
7.852000000000000000e+03 1.458766525425223351e-02
7.853000000000000000e+03 1.458998066679486130e-02
7.854000000000000000e+03 1.459287963946012852e-02
7.855000000000000000e+03 1.459617766339874403e-02
7.856000000000000000e+03 1.459968336529068531e-02
7.857000000000000000e+03 1.460320296506308242e-02
7.858000000000000000e+03 1.460654562346027849e-02
7.859000000000000000e+03 1.460953310497738709e-02
7.860000000000000000e+03 1.461200000887499621e-02
7.861000000000000000e+03 1.461380005978999905e-02
7.862000000000000000e+03 1.461481443556768116e-02
7.863000000000000000e+03 1.461495179328119176e-02
7.864000000000000000e+03 1.461415158142534421e-02
7.865000000000000000e+03 1.461238867761831088e-02
7.866000000000000000e+03 1.460967406740058989e-02
7.867000000000000000e+03 1.460605671996234936e-02
7.868000000000000000e+03 1.460162356633853617e-02
7.869000000000000000e+03 1.459649290421783166e-02
7.870000000000000000e+03 1.459081502841116235e-02
7.871000000000000000e+03 1.458476617769408241e-02
7.872000000000000000e+03 1.457854478183351690e-02
7.873000000000000000e+03 1.457236598799699183e-02
7.874000000000000000e+03 1.456645364650236210e-02
7.875000000000000000e+03 1.456103696787568180e-02
7.876000000000000000e+03 1.455634327011639043e-02
7.877000000000000000e+03 1.455259194324368122e-02
7.878000000000000000e+03 1.454998815984923782e-02
7.879000000000000000e+03 1.454872033707428278e-02
7.880000000000000000e+03 1.454895395805648819e-02
7.881000000000000000e+03 1.455082815110455598e-02
7.882000000000000000e+03 1.455445546534140863e-02
7.883000000000000000e+03 1.455990957262611948e-02
7.884000000000000000e+03 1.456722831670716027e-02
7.885000000000000000e+03 1.457641490386073907e-02
7.886000000000000000e+03 1.458743543084892007e-02
7.887000000000000000e+03 1.460022272251643681e-02
7.888000000000000000e+03 1.461467352109589897e-02
7.889000000000000000e+03 1.463065433859416994e-02
7.890000000000000000e+03 1.464800540743067120e-02
7.891000000000000000e+03 1.466654024537982284e-02
7.892000000000000000e+03 1.468604802378475384e-02
7.893000000000000000e+03 1.470630284035463753e-02
7.894000000000000000e+03 1.472706818547903085e-02
7.895000000000000000e+03 1.474810151334438220e-02
7.896000000000000000e+03 1.476916174385203839e-02
7.897000000000000000e+03 1.479001318225288061e-02
7.898000000000000000e+03 1.481043198644548323e-02
7.899000000000000000e+03 1.483021585856382496e-02
7.900000000000000000e+03 1.484918788148267312e-02
7.901000000000000000e+03 1.486720507868582314e-02
7.902000000000000000e+03 1.488415988731091669e-02
7.903000000000000000e+03 1.489998262906434487e-02
7.904000000000000000e+03 1.491464557617001863e-02
7.905000000000000000e+03 1.492816323051696092e-02
7.906000000000000000e+03 1.494059797735869041e-02
7.907000000000000000e+03 1.495205874949706061e-02
7.908000000000000000e+03 1.496269499301631188e-02
7.909000000000000000e+03 1.497269124534679301e-02
7.910000000000000000e+03 1.498226338154004002e-02
7.911000000000000000e+03 1.499165285459027816e-02
7.912000000000000000e+03 1.500111731626676756e-02
7.913000000000000000e+03 1.501092353090397770e-02
7.914000000000000000e+03 1.502133582873802116e-02
7.915000000000000000e+03 1.503260826229120203e-02
7.916000000000000000e+03 1.504497641328519930e-02
7.917000000000000000e+03 1.505865144669509340e-02
7.918000000000000000e+03 1.507381305458861676e-02
7.919000000000000000e+03 1.509060403545201684e-02
7.920000000000000000e+03 1.510912658958142932e-02
7.921000000000000000e+03 1.512944064468288614e-02
7.922000000000000000e+03 1.515156314372963914e-02
7.923000000000000000e+03 1.517546413847474691e-02
7.924000000000000000e+03 1.520107044873239902e-02
7.925000000000000000e+03 1.522826812937379433e-02
7.926000000000000000e+03 1.525691185807850556e-02
7.927000000000000000e+03 1.528682783238420953e-02
7.928000000000000000e+03 1.531781622807449825e-02
7.929000000000000000e+03 1.534966331374162593e-02
7.930000000000000000e+03 1.538214617999451514e-02
7.931000000000000000e+03 1.541503525023283153e-02
7.932000000000000000e+03 1.544810163220669552e-02
7.933000000000000000e+03 1.548112672357321480e-02
7.934000000000000000e+03 1.551390000510317890e-02
7.935000000000000000e+03 1.554622346170985575e-02
7.936000000000000000e+03 1.557791200564820691e-02
7.937000000000000000e+03 1.560880081580661577e-02
7.938000000000000000e+03 1.563874564747871204e-02
7.939000000000000000e+03 1.566762012566793802e-02
7.940000000000000000e+03 1.569531578937221825e-02
7.941000000000000000e+03 1.572174232225150015e-02
7.942000000000000000e+03 1.574682175872066381e-02
7.943000000000000000e+03 1.577048910618551042e-02
7.944000000000000000e+03 1.579268602722827541e-02
7.945000000000000000e+03 1.581335883617152049e-02
7.946000000000000000e+03 1.583245753062523589e-02
7.947000000000000000e+03 1.584993212703456750e-02
7.948000000000000000e+03 1.586573232658373273e-02
7.949000000000000000e+03 1.587980882975387198e-02
7.950000000000000000e+03 1.589210589142632524e-02
7.951000000000000000e+03 1.590256147733064979e-02
7.952000000000000000e+03 1.591110886662229496e-02
7.953000000000000000e+03 1.591767531954449422e-02
7.954000000000000000e+03 1.592218926829259279e-02
7.955000000000000000e+03 1.592457543202907555e-02
7.956000000000000000e+03 1.592475556355324104e-02
7.957000000000000000e+03 1.592264934250357117e-02
7.958000000000000000e+03 1.591817704855720897e-02
7.959000000000000000e+03 1.591126168445605032e-02
7.960000000000000000e+03 1.590182937052562681e-02
7.961000000000000000e+03 1.588981758845793568e-02
7.962000000000000000e+03 1.587516856642304242e-02
7.963000000000000000e+03 1.585782804320326825e-02
7.964000000000000000e+03 1.583775486861011342e-02
7.965000000000000000e+03 1.581491876251308465e-02
7.966000000000000000e+03 1.578929924229357379e-02
7.967000000000000000e+03 1.576088749942058248e-02
7.968000000000000000e+03 1.572968968394076322e-02
7.969000000000000000e+03 1.569572415802392845e-02
7.970000000000000000e+03 1.565901740495433125e-02
7.971000000000000000e+03 1.561961028365061593e-02
7.972000000000000000e+03 1.557755904311682385e-02
7.973000000000000000e+03 1.553293372741221777e-02
7.974000000000000000e+03 1.548581409695924324e-02
7.975000000000000000e+03 1.543629471990069779e-02
7.976000000000000000e+03 1.538448353253564320e-02
7.977000000000000000e+03 1.533050204327032415e-02
7.978000000000000000e+03 1.527448569971027320e-02
7.979000000000000000e+03 1.521658641413894605e-02
7.980000000000000000e+03 1.515696807452566498e-02
7.981000000000000000e+03 1.509580622948431677e-02
7.982000000000000000e+03 1.503328700469081652e-02
7.983000000000000000e+03 1.496960231234473540e-02
7.984000000000000000e+03 1.490495358748614163e-02
7.985000000000000000e+03 1.483954891292767371e-02
7.986000000000000000e+03 1.477360501813739305e-02
7.987000000000000000e+03 1.470733831840960112e-02
7.988000000000000000e+03 1.464096641260772928e-02
7.989000000000000000e+03 1.457470216486276768e-02
7.990000000000000000e+03 1.450875324359138241e-02
7.991000000000000000e+03 1.444332293936198552e-02
7.992000000000000000e+03 1.437859609364040489e-02
7.993000000000000000e+03 1.431474657184551511e-02
7.994000000000000000e+03 1.425193442734605173e-02
7.995000000000000000e+03 1.419030357621806071e-02
7.996000000000000000e+03 1.412997881780832937e-02
7.997000000000000000e+03 1.407106763074419953e-02
7.998000000000000000e+03 1.401365658816099841e-02
7.999000000000000000e+03 1.395781634700170651e-02
8.000000000000000000e+03 1.390359903964103264e-02
8.001000000000000000e+03 1.385103869408492797e-02
8.002000000000000000e+03 1.380015613631312837e-02
8.003000000000000000e+03 1.375095752000077449e-02
8.004000000000000000e+03 1.370343496540647049e-02
8.005000000000000000e+03 1.365756970575411622e-02
8.006000000000000000e+03 1.361333635926630439e-02
8.007000000000000000e+03 1.357069969970886927e-02
8.008000000000000000e+03 1.352961832059336456e-02
8.009000000000000000e+03 1.349004825436882563e-02
8.010000000000000000e+03 1.345194213004620096e-02
8.011000000000000000e+03 1.341525367597587448e-02
8.012000000000000000e+03 1.337993870496875098e-02
8.013000000000000000e+03 1.334595241334179255e-02
8.014000000000000000e+03 1.331325349042359642e-02
8.015000000000000000e+03 1.328180284223594472e-02
8.016000000000000000e+03 1.325156491075458152e-02
8.017000000000000000e+03 1.322250220201238655e-02
8.018000000000000000e+03 1.319458251717923331e-02
8.019000000000000000e+03 1.316777767764218572e-02
8.020000000000000000e+03 1.314206144410587709e-02
8.021000000000000000e+03 1.311741361635544376e-02
8.022000000000000000e+03 1.309381705567423670e-02
8.023000000000000000e+03 1.307125959737254033e-02
8.024000000000000000e+03 1.304973589664652767e-02
8.025000000000000000e+03 1.302924860544941651e-02
8.026000000000000000e+03 1.300981069015744521e-02
8.027000000000000000e+03 1.299144821316900594e-02
8.028000000000000000e+03 1.297420041790573603e-02
8.029000000000000000e+03 1.295812277826319074e-02
8.030000000000000000e+03 1.294328615308831809e-02
8.031000000000000000e+03 1.292978097643484453e-02
8.032000000000000000e+03 1.291771489988711649e-02
8.033000000000000000e+03 1.290721389147094639e-02
8.034000000000000000e+03 1.289841796393825096e-02
8.035000000000000000e+03 1.289148127205912500e-02
8.036000000000000000e+03 1.288656800858364176e-02
8.037000000000000000e+03 1.288385430807499621e-02
8.038000000000000000e+03 1.288352053500924424e-02
8.039000000000000000e+03 1.288574876225958080e-02
8.040000000000000000e+03 1.289071880645463811e-02
8.041000000000000000e+03 1.289860081910878045e-02
8.042000000000000000e+03 1.290955255812447841e-02
8.043000000000000000e+03 1.292371572873163982e-02
8.044000000000000000e+03 1.294121483179824436e-02
8.045000000000000000e+03 1.296215210040525638e-02
8.046000000000000000e+03 1.298660340032921703e-02
8.047000000000000000e+03 1.301462132146444239e-02
8.048000000000000000e+03 1.304623256171893141e-02
8.049000000000000000e+03 1.308143542905450957e-02
8.050000000000000000e+03 1.312019730498812688e-02
8.051000000000000000e+03 1.316245884127414945e-02
8.052000000000000000e+03 1.320813213724686755e-02
8.053000000000000000e+03 1.325709965732728424e-02
8.054000000000000000e+03 1.330921732666624259e-02
8.055000000000000000e+03 1.336431750147180735e-02
8.056000000000000000e+03 1.342220473429600602e-02
8.057000000000000000e+03 1.348265574880161757e-02
8.058000000000000000e+03 1.354542479100494592e-02
8.059000000000000000e+03 1.361024632145515882e-02
8.060000000000000000e+03 1.367683712541624408e-02
8.061000000000000000e+03 1.374489449934392093e-02
8.062000000000000000e+03 1.381410245669934499e-02
8.063000000000000000e+03 1.388413746280415216e-02
8.064000000000000000e+03 1.395467062146963505e-02
8.065000000000000000e+03 1.402537126013561793e-02
8.066000000000000000e+03 1.409590728727288383e-02
8.067000000000000000e+03 1.416595441939639058e-02
8.068000000000000000e+03 1.423520115287285268e-02
8.069000000000000000e+03 1.430335117336608772e-02
8.070000000000000000e+03 1.437013093917611541e-02
8.071000000000000000e+03 1.443529139563799225e-02
8.072000000000000000e+03 1.449861143933967728e-02
8.073000000000000000e+03 1.455990423885274512e-02
8.074000000000000000e+03 1.461902061381309403e-02
8.075000000000000000e+03 1.467584880517725995e-02
8.076000000000000000e+03 1.473032065917643726e-02
8.077000000000000000e+03 1.478240980319533993e-02
8.078000000000000000e+03 1.483212828179640216e-02
8.079000000000000000e+03 1.487952895579033354e-02
8.080000000000000000e+03 1.492470295273532963e-02
8.081000000000000000e+03 1.496778061386624947e-02
8.082000000000000000e+03 1.500892555916916171e-02
8.083000000000000000e+03 1.504832529827140192e-02
8.084000000000000000e+03 1.508618584791075051e-02
8.085000000000000000e+03 1.512273263001399047e-02
8.086000000000000000e+03 1.515820262279020739e-02
8.087000000000000000e+03 1.519284029383543427e-02
8.088000000000000000e+03 1.522689208943174381e-02
8.089000000000000000e+03 1.526060030847068913e-02
8.090000000000000000e+03 1.529419797889183981e-02
8.091000000000000000e+03 1.532790610792643046e-02
8.092000000000000000e+03 1.536193010985530127e-02
8.093000000000000000e+03 1.539645561397492805e-02
8.094000000000000000e+03 1.543164931076947133e-02
8.095000000000000000e+03 1.546765363086018141e-02
8.096000000000000000e+03 1.550458718902801569e-02
8.097000000000000000e+03 1.554254294752463982e-02
8.098000000000000000e+03 1.558158897019278934e-02
8.099000000000000000e+03 1.562176821901084187e-02
8.100000000000000000e+03 1.566309672715655160e-02
8.101000000000000000e+03 1.570556671009275262e-02
8.102000000000000000e+03 1.574914729919092010e-02
8.103000000000000000e+03 1.579378299773390865e-02
8.104000000000000000e+03 1.583939668004376300e-02
8.105000000000000000e+03 1.588589358254740430e-02
8.106000000000000000e+03 1.593316193036940082e-02
8.107000000000000000e+03 1.598107305872107156e-02
8.108000000000000000e+03 1.602948351143840267e-02
8.109000000000000000e+03 1.607823500593755922e-02
8.110000000000000000e+03 1.612715542842685715e-02
8.111000000000000000e+03 1.617606516259052774e-02
8.112000000000000000e+03 1.622477768260421199e-02
8.113000000000000000e+03 1.627310376770077158e-02
8.114000000000000000e+03 1.632084993285846247e-02
8.115000000000000000e+03 1.636781698305792704e-02
8.116000000000000000e+03 1.641380140864610870e-02
8.117000000000000000e+03 1.645859994865217155e-02
8.118000000000000000e+03 1.650200989476287294e-02
8.119000000000000000e+03 1.654382800842896240e-02
8.120000000000000000e+03 1.658385733571574386e-02
8.121000000000000000e+03 1.662190893520148344e-02
8.122000000000000000e+03 1.665780335059847961e-02
8.123000000000000000e+03 1.669137402344801624e-02
8.124000000000000000e+03 1.672246573453977508e-02
8.125000000000000000e+03 1.675094376660844764e-02
8.126000000000000000e+03 1.677669400881656031e-02
8.127000000000000000e+03 1.679962352622953875e-02
8.128000000000000000e+03 1.681966548244283322e-02
8.129000000000000000e+03 1.683678338838146687e-02
8.130000000000000000e+03 1.685096700235594325e-02
8.131000000000000000e+03 1.686223391191353504e-02
8.132000000000000000e+03 1.687063341928886698e-02
8.133000000000000000e+03 1.687624260403833287e-02
8.134000000000000000e+03 1.687916821171343146e-02
8.135000000000000000e+03 1.687954078024662963e-02
8.136000000000000000e+03 1.687751092159665844e-02
8.137000000000000000e+03 1.687325101040259429e-02
8.138000000000000000e+03 1.686695102532101420e-02
8.139000000000000000e+03 1.685880804236880581e-02
8.140000000000000000e+03 1.684902446997838324e-02
8.141000000000000000e+03 1.683780358113974585e-02
8.142000000000000000e+03 1.682534813893211967e-02
8.143000000000000000e+03 1.681185333105132337e-02
8.144000000000000000e+03 1.679750088175351388e-02
8.145000000000000000e+03 1.678246060214348689e-02
8.146000000000000000e+03 1.676688661406925199e-02
8.147000000000000000e+03 1.675090917876111141e-02
8.148000000000000000e+03 1.673463902982391324e-02
8.149000000000000000e+03 1.671816455347820141e-02
8.150000000000000000e+03 1.670154942223040645e-02
8.151000000000000000e+03 1.668483497724796566e-02
8.152000000000000000e+03 1.666804320049506197e-02
8.153000000000000000e+03 1.665117616272665871e-02
8.154000000000000000e+03 1.663421286858540044e-02
8.155000000000000000e+03 1.661711496339991767e-02
8.156000000000000000e+03 1.659982921881585083e-02
8.157000000000000000e+03 1.658228951041283011e-02
8.158000000000000000e+03 1.656441974164285513e-02
8.159000000000000000e+03 1.654613279588160527e-02
8.160000000000000000e+03 1.652733716072689665e-02
8.161000000000000000e+03 1.650794008639067112e-02
8.162000000000000000e+03 1.648785385025219874e-02
8.163000000000000000e+03 1.646699319239434967e-02
8.164000000000000000e+03 1.644527535896556786e-02
8.165000000000000000e+03 1.642262753408526774e-02
8.166000000000000000e+03 1.639898623995819996e-02
8.167000000000000000e+03 1.637430033235076632e-02
8.168000000000000000e+03 1.634853700367130958e-02
8.169000000000000000e+03 1.632167681519345812e-02
8.170000000000000000e+03 1.629371544347978443e-02
8.171000000000000000e+03 1.626466746146693759e-02
8.172000000000000000e+03 1.623456322901408941e-02
8.173000000000000000e+03 1.620344856750671053e-02
8.174000000000000000e+03 1.617138425557177947e-02
8.175000000000000000e+03 1.613844803524035199e-02
8.176000000000000000e+03 1.610473349018646388e-02
8.177000000000000000e+03 1.607034247541050745e-02
8.178000000000000000e+03 1.603538488285033425e-02
8.179000000000000000e+03 1.599997952250559186e-02
8.180000000000000000e+03 1.596424634594038189e-02
8.181000000000000000e+03 1.592830368093467452e-02
8.182000000000000000e+03 1.589226545703829180e-02
8.183000000000000000e+03 1.585624038807140548e-02
8.184000000000000000e+03 1.582032934880764005e-02
8.185000000000000000e+03 1.578462111815671226e-02
8.186000000000000000e+03 1.574919181796789053e-02
8.187000000000000000e+03 1.571410850980536900e-02
8.188000000000000000e+03 1.567942249809386318e-02
8.189000000000000000e+03 1.564516940240785400e-02
8.190000000000000000e+03 1.561136525029662228e-02
8.191000000000000000e+03 1.557801524004052279e-02
8.192000000000000000e+03 1.554511117627952257e-02
8.193000000000000000e+03 1.551263279528756339e-02
8.194000000000000000e+03 1.548054654356297889e-02
8.195000000000000000e+03 1.544880871905142394e-02
8.196000000000000000e+03 1.541736935077129764e-02
8.197000000000000000e+03 1.538617288299657000e-02
8.198000000000000000e+03 1.535515484511550469e-02
8.199000000000000000e+03 1.532425039381124857e-02
8.200000000000000000e+03 1.529339948080146033e-02
8.201000000000000000e+03 1.526254757369881199e-02
8.202000000000000000e+03 1.523164458209391031e-02
8.203000000000000000e+03 1.520064800437193053e-02
8.204000000000000000e+03 1.516952822394157518e-02
8.205000000000000000e+03 1.513826918459949648e-02
8.206000000000000000e+03 1.510686801944760571e-02
8.207000000000000000e+03 1.507533632127978224e-02
8.208000000000000000e+03 1.504369609613314361e-02
8.209000000000000000e+03 1.501197962776423638e-02
8.210000000000000000e+03 1.498023075771912939e-02
8.211000000000000000e+03 1.494850270441710691e-02
8.212000000000000000e+03 1.491685591759011817e-02
8.213000000000000000e+03 1.488535582876382608e-02
8.214000000000000000e+03 1.485407158452388410e-02
8.215000000000000000e+03 1.482307028367503207e-02
8.216000000000000000e+03 1.479241925763399162e-02
8.217000000000000000e+03 1.476218413820250784e-02
8.218000000000000000e+03 1.473242786653732039e-02
8.219000000000000000e+03 1.470320745420801607e-02
8.220000000000000000e+03 1.467457136021470959e-02
8.221000000000000000e+03 1.464656220486082114e-02
8.222000000000000000e+03 1.461921615433707522e-02
8.223000000000000000e+03 1.459256181391958840e-02
8.224000000000000000e+03 1.456661941780915473e-02
8.225000000000000000e+03 1.454140218504422488e-02
8.226000000000000000e+03 1.451691834464231834e-02
8.227000000000000000e+03 1.449316792869983703e-02
8.228000000000000000e+03 1.447014324318469589e-02
8.229000000000000000e+03 1.444783406761045164e-02
8.230000000000000000e+03 1.442622591415421152e-02
8.231000000000000000e+03 1.440530005051559453e-02
8.232000000000000000e+03 1.438503678295005583e-02
8.233000000000000000e+03 1.436541600719858612e-02
8.234000000000000000e+03 1.434641696015535872e-02
8.235000000000000000e+03 1.432801657009507776e-02
8.236000000000000000e+03 1.431019018982295637e-02
8.237000000000000000e+03 1.429291252197164956e-02
8.238000000000000000e+03 1.427615981332825551e-02
8.239000000000000000e+03 1.425990626551109849e-02
8.240000000000000000e+03 1.424412593401282005e-02
8.241000000000000000e+03 1.422879289569328222e-02
8.242000000000000000e+03 1.421388111526784154e-02
8.243000000000000000e+03 1.419936281858958510e-02
8.244000000000000000e+03 1.418520961644380123e-02
8.245000000000000000e+03 1.417139567713229104e-02
8.246000000000000000e+03 1.415789559645439649e-02
8.247000000000000000e+03 1.414468256119728179e-02
8.248000000000000000e+03 1.413173145067617500e-02
8.249000000000000000e+03 1.411902024460802083e-02
8.250000000000000000e+03 1.410652928437774317e-02
8.251000000000000000e+03 1.409423652954337400e-02
8.252000000000000000e+03 1.408212075844613755e-02
8.253000000000000000e+03 1.407016778310428776e-02
8.254000000000000000e+03 1.405836772101369189e-02
8.255000000000000000e+03 1.404670960043738481e-02
8.256000000000000000e+03 1.403518430458780726e-02
8.257000000000000000e+03 1.402378455163484118e-02
8.258000000000000000e+03 1.401250550597168271e-02
8.259000000000000000e+03 1.400134006602900619e-02
8.260000000000000000e+03 1.399028003056040394e-02
8.261000000000000000e+03 1.397931460710467866e-02
8.262000000000000000e+03 1.396843339892610281e-02
8.263000000000000000e+03 1.395762446881712582e-02
8.264000000000000000e+03 1.394687506916553882e-02
8.265000000000000000e+03 1.393616974795624554e-02
8.266000000000000000e+03 1.392549214567516576e-02
8.267000000000000000e+03 1.391482253401138056e-02
8.268000000000000000e+03 1.390414201155717316e-02
8.269000000000000000e+03 1.389342709133682859e-02
8.270000000000000000e+03 1.388265363769142051e-02
8.271000000000000000e+03 1.387179705172695600e-02
8.272000000000000000e+03 1.386083369711139587e-02
8.273000000000000000e+03 1.384974151847965032e-02
8.274000000000000000e+03 1.383850215216948440e-02
8.275000000000000000e+03 1.382710155903824067e-02
8.276000000000000000e+03 1.381552790839809912e-02
8.277000000000000000e+03 1.380377920364344452e-02
8.278000000000000000e+03 1.379186222272485440e-02
8.279000000000000000e+03 1.377978912200635703e-02
8.280000000000000000e+03 1.376758261213990690e-02
8.281000000000000000e+03 1.375527826141672780e-02
8.282000000000000000e+03 1.374291906844483935e-02
8.283000000000000000e+03 1.373055868679463540e-02
8.284000000000000000e+03 1.371826202948483314e-02
8.285000000000000000e+03 1.370610158966152625e-02
8.286000000000000000e+03 1.369415908532439947e-02
8.287000000000000000e+03 1.368252378590702895e-02
8.288000000000000000e+03 1.367129139251310049e-02
8.289000000000000000e+03 1.366056366592311756e-02
8.290000000000000000e+03 1.365044586756546455e-02
8.291000000000000000e+03 1.364104472152667322e-02
8.292000000000000000e+03 1.363246581003661403e-02
8.293000000000000000e+03 1.362481007012165610e-02
8.294000000000000000e+03 1.361817200207197584e-02
8.295000000000000000e+03 1.361263624853721772e-02
8.296000000000000000e+03 1.360827645517100407e-02
8.297000000000000000e+03 1.360515416283304344e-02
8.298000000000000000e+03 1.360331841610688992e-02
8.299000000000000000e+03 1.360280344400863380e-02
8.300000000000000000e+03 1.360362651073909399e-02
8.301000000000000000e+03 1.360578884145957450e-02
8.302000000000000000e+03 1.360927547716633303e-02
8.303000000000000000e+03 1.361405579749606735e-02
8.304000000000000000e+03 1.362008343823266701e-02
8.305000000000000000e+03 1.362729852789257290e-02
8.306000000000000000e+03 1.363562590906834335e-02
8.307000000000000000e+03 1.364497751561724245e-02
8.308000000000000000e+03 1.365525402356445282e-02
8.309000000000000000e+03 1.366634587098287772e-02
8.310000000000000000e+03 1.367813844700347184e-02
8.311000000000000000e+03 1.369051914442932436e-02
8.312000000000000000e+03 1.370337686418530120e-02
8.313000000000000000e+03 1.371660041039977906e-02
8.314000000000000000e+03 1.373008393483770954e-02
8.315000000000000000e+03 1.374373112627699615e-02
8.316000000000000000e+03 1.375745817716178543e-02
8.317000000000000000e+03 1.377119634247012635e-02
8.318000000000000000e+03 1.378489028236307493e-02
8.319000000000000000e+03 1.379850185393908038e-02
8.320000000000000000e+03 1.381201170232638706e-02
8.321000000000000000e+03 1.382542200906934984e-02
8.322000000000000000e+03 1.383875685869060540e-02
8.323000000000000000e+03 1.385206093004731284e-02
8.324000000000000000e+03 1.386539852718543173e-02
8.325000000000000000e+03 1.387885301306567010e-02
8.326000000000000000e+03 1.389252279020893217e-02
8.327000000000000000e+03 1.390652039751915682e-02
8.328000000000000000e+03 1.392096501943895087e-02
8.329000000000000000e+03 1.393597970576162734e-02
8.330000000000000000e+03 1.395169414397523511e-02
8.331000000000000000e+03 1.396823644077486992e-02
8.332000000000000000e+03 1.398572956096653594e-02
8.333000000000000000e+03 1.400429022517116380e-02
8.334000000000000000e+03 1.402402005783403433e-02
8.335000000000000000e+03 1.404500169306873401e-02
8.336000000000000000e+03 1.406729629525275277e-02
8.337000000000000000e+03 1.409094663722285957e-02
8.338000000000000000e+03 1.411597403041255604e-02
8.339000000000000000e+03 1.414237627459873602e-02
8.340000000000000000e+03 1.417013066953427651e-02
8.341000000000000000e+03 1.419919285207548072e-02
8.342000000000000000e+03 1.422949986703678227e-02
8.343000000000000000e+03 1.426097061095463539e-02
8.344000000000000000e+03 1.429350739667725571e-02
8.345000000000000000e+03 1.432699891265384537e-02
8.346000000000000000e+03 1.436132371750331593e-02
8.347000000000000000e+03 1.439635491831042780e-02
8.348000000000000000e+03 1.443196239654005036e-02
8.349000000000000000e+03 1.446801370333505692e-02
8.350000000000000000e+03 1.450437768627590648e-02
8.351000000000000000e+03 1.454092816581368554e-02
8.352000000000000000e+03 1.457754546551369261e-02
8.353000000000000000e+03 1.461412030085461680e-02
8.354000000000000000e+03 1.465055243526750331e-02
8.355000000000000000e+03 1.468675470198675670e-02
8.356000000000000000e+03 1.472265445341869317e-02
8.357000000000000000e+03 1.475819273462485731e-02
8.358000000000000000e+03 1.479332394318827633e-02
8.359000000000000000e+03 1.482801749855065972e-02
8.360000000000000000e+03 1.486225837626216698e-02
8.361000000000000000e+03 1.489604512579466300e-02
8.362000000000000000e+03 1.492938501922358094e-02
8.363000000000000000e+03 1.496229442770089305e-02
8.364000000000000000e+03 1.499479732523705498e-02
8.365000000000000000e+03 1.502692001688387888e-02
8.366000000000000000e+03 1.505869067865272734e-02
8.367000000000000000e+03 1.509013716489216936e-02
8.368000000000000000e+03 1.512128100397288136e-02
8.369000000000000000e+03 1.515213549754081297e-02
8.370000000000000000e+03 1.518269977792755833e-02
8.371000000000000000e+03 1.521295908396860103e-02
8.372000000000000000e+03 1.524288633502050502e-02
8.373000000000000000e+03 1.527243782984078271e-02
8.374000000000000000e+03 1.530155360577372531e-02
8.375000000000000000e+03 1.533015824972232960e-02
8.376000000000000000e+03 1.535816211359963129e-02
8.377000000000000000e+03 1.538546748298611974e-02
8.378000000000000000e+03 1.541196010004304562e-02
8.379000000000000000e+03 1.543751458324850098e-02
8.380000000000000000e+03 1.546200370426299188e-02
8.381000000000000000e+03 1.548529864325261240e-02
8.382000000000000000e+03 1.550727259292178188e-02
8.383000000000000000e+03 1.552780633554543682e-02
8.384000000000000000e+03 1.554679317133830611e-02
8.385000000000000000e+03 1.556414121370644152e-02
8.386000000000000000e+03 1.557977919496352469e-02
8.387000000000000000e+03 1.559365938507690716e-02
8.388000000000000000e+03 1.560575477836050572e-02
8.389000000000000000e+03 1.561606536551250757e-02
8.390000000000000000e+03 1.562462268667672363e-02
8.391000000000000000e+03 1.563147811510871843e-02
8.392000000000000000e+03 1.563670432522564629e-02
8.393000000000000000e+03 1.564039803311686669e-02
8.394000000000000000e+03 1.564267656020208730e-02
8.395000000000000000e+03 1.564367333998413490e-02
8.396000000000000000e+03 1.564353278282414744e-02
8.397000000000000000e+03 1.564240615730427136e-02
8.398000000000000000e+03 1.564044674112596844e-02
8.399000000000000000e+03 1.563780556762522575e-02
8.400000000000000000e+03 1.563462766806229809e-02
8.401000000000000000e+03 1.563105436651814756e-02
8.402000000000000000e+03 1.562721687309795437e-02
8.403000000000000000e+03 1.562323795451296682e-02
8.404000000000000000e+03 1.561922477499045302e-02
8.405000000000000000e+03 1.561526597183011261e-02
8.406000000000000000e+03 1.561143529037990751e-02
8.407000000000000000e+03 1.560779249420292739e-02
8.408000000000000000e+03 1.560438569230320621e-02
8.409000000000000000e+03 1.560124998925115948e-02
8.410000000000000000e+03 1.559840413460843525e-02
8.411000000000000000e+03 1.559585421992503058e-02
8.412000000000000000e+03 1.559359375727796537e-02
8.413000000000000000e+03 1.559160670101505768e-02
8.414000000000000000e+03 1.558986594755014041e-02
8.415000000000000000e+03 1.558833637092125329e-02
8.416000000000000000e+03 1.558697807277144298e-02
8.417000000000000000e+03 1.558574520095362854e-02
8.418000000000000000e+03 1.558458377897200750e-02
8.419000000000000000e+03 1.558343210399452256e-02
8.420000000000000000e+03 1.558222417200931346e-02
8.421000000000000000e+03 1.558089065107253965e-02
8.422000000000000000e+03 1.557935607898104646e-02
8.423000000000000000e+03 1.557754533782695905e-02
8.424000000000000000e+03 1.557538448447265064e-02
8.425000000000000000e+03 1.557280385918645600e-02
8.426000000000000000e+03 1.556973565051077146e-02
8.427000000000000000e+03 1.556611499795473863e-02
8.428000000000000000e+03 1.556188210553873311e-02
8.429000000000000000e+03 1.555698242537826778e-02
8.430000000000000000e+03 1.555136818244456237e-02
8.431000000000000000e+03 1.554500342400295249e-02
8.432000000000000000e+03 1.553786297716812717e-02
8.433000000000000000e+03 1.552993407725509860e-02
8.434000000000000000e+03 1.552121619814573680e-02
8.435000000000000000e+03 1.551172103210045512e-02
8.436000000000000000e+03 1.550147251050919273e-02
8.437000000000000000e+03 1.549050721359319580e-02
8.438000000000000000e+03 1.547886819833183686e-02
8.439000000000000000e+03 1.546660494907318301e-02
8.440000000000000000e+03 1.545377225522347187e-02
8.441000000000000000e+03 1.544042926842534476e-02
8.442000000000000000e+03 1.542663590788620823e-02
8.443000000000000000e+03 1.541244798084564702e-02
8.444000000000000000e+03 1.539791987344413769e-02
8.445000000000000000e+03 1.538310241399929931e-02
8.446000000000000000e+03 1.536803706622121533e-02
8.447000000000000000e+03 1.535275844874652018e-02
8.448000000000000000e+03 1.533729365569450054e-02
8.449000000000000000e+03 1.532166376421409924e-02
8.450000000000000000e+03 1.530588386646100467e-02
8.451000000000000000e+03 1.528996334356149886e-02
8.452000000000000000e+03 1.527390742513785524e-02
8.453000000000000000e+03 1.525771758531551184e-02
8.454000000000000000e+03 1.524139678893427288e-02
8.455000000000000000e+03 1.522495122043709612e-02
8.456000000000000000e+03 1.520838833515435889e-02
8.457000000000000000e+03 1.519172630132077130e-02
8.458000000000000000e+03 1.517499108763736143e-02
8.459000000000000000e+03 1.515821864286873676e-02
8.460000000000000000e+03 1.514145543905890887e-02
8.461000000000000000e+03 1.512475599157536363e-02
8.462000000000000000e+03 1.510818178894063682e-02
8.463000000000000000e+03 1.509180093879743806e-02
8.464000000000000000e+03 1.507568802073589766e-02
8.465000000000000000e+03 1.505991955234492301e-02
8.466000000000000000e+03 1.504457117848044360e-02
8.467000000000000000e+03 1.502971551798843938e-02
8.468000000000000000e+03 1.501541565123627742e-02
8.469000000000000000e+03 1.500172705584825600e-02
8.470000000000000000e+03 1.498869436501456057e-02
8.471000000000000000e+03 1.497634788307519726e-02
8.472000000000000000e+03 1.496470398680810852e-02
8.473000000000000000e+03 1.495376093648278018e-02
8.474000000000000000e+03 1.494349606771177771e-02
8.475000000000000000e+03 1.493386905539644330e-02
8.476000000000000000e+03 1.492482199668682293e-02
8.477000000000000000e+03 1.491628420268229990e-02
8.478000000000000000e+03 1.490817412739235681e-02
8.479000000000000000e+03 1.490039928975844113e-02
8.480000000000000000e+03 1.489286090097340955e-02
8.481000000000000000e+03 1.488546185585190584e-02
8.482000000000000000e+03 1.487810923236871502e-02
8.483000000000000000e+03 1.487072016075468434e-02
8.484000000000000000e+03 1.486322654226347739e-02
8.485000000000000000e+03 1.485558202553481644e-02
8.486000000000000000e+03 1.484776109058194571e-02
8.487000000000000000e+03 1.483976106497634714e-02
8.488000000000000000e+03 1.483160724942407527e-02
8.489000000000000000e+03 1.482335269201990116e-02
8.490000000000000000e+03 1.481507989803936172e-02
8.491000000000000000e+03 1.480690051885527256e-02
8.492000000000000000e+03 1.479894726813374070e-02
8.493000000000000000e+03 1.479137200167712080e-02
8.494000000000000000e+03 1.478434250574799450e-02
8.495000000000000000e+03 1.477803836644462146e-02
8.496000000000000000e+03 1.477264534948549875e-02
8.497000000000000000e+03 1.476834645610859004e-02
8.498000000000000000e+03 1.476531608053466629e-02
8.499000000000000000e+03 1.476371616261361840e-02
8.500000000000000000e+03 1.476369010598359982e-02
8.501000000000000000e+03 1.476535940787591927e-02
8.502000000000000000e+03 1.476882117763836898e-02
8.503000000000000000e+03 1.477414636795525149e-02
8.504000000000000000e+03 1.478137230088122887e-02
8.505000000000000000e+03 1.479050356418802441e-02
8.506000000000000000e+03 1.480150757378600503e-02
8.507000000000000000e+03 1.481431797851020908e-02
8.508000000000000000e+03 1.482883769555253667e-02
8.509000000000000000e+03 1.484493907376945726e-02
8.510000000000000000e+03 1.486246377476162922e-02
8.511000000000000000e+03 1.488123100774614571e-02
8.512000000000000000e+03 1.490104109357790786e-02
8.513000000000000000e+03 1.492167631833417156e-02
8.514000000000000000e+03 1.494291053996193649e-02
8.515000000000000000e+03 1.496451142777194786e-02
8.516000000000000000e+03 1.498624341222395268e-02
8.517000000000000000e+03 1.500787569550093327e-02
8.518000000000000000e+03 1.502918395561850251e-02
8.519000000000000000e+03 1.504995326731920283e-02
8.520000000000000000e+03 1.506998306325650280e-02
8.521000000000000000e+03 1.508909066342189326e-02
8.522000000000000000e+03 1.510711288341293375e-02
8.523000000000000000e+03 1.512390607777756510e-02
8.524000000000000000e+03 1.513934970916514314e-02
8.525000000000000000e+03 1.515334953712878935e-02
8.526000000000000000e+03 1.516583536977379049e-02
8.527000000000000000e+03 1.517675669695654241e-02
8.528000000000000000e+03 1.518608794529209202e-02
8.529000000000000000e+03 1.519382022759784012e-02
8.530000000000000000e+03 1.519996616753730226e-02
8.531000000000000000e+03 1.520455627738765900e-02
8.532000000000000000e+03 1.520763224003698379e-02
8.533000000000000000e+03 1.520924480656572937e-02
8.534000000000000000e+03 1.520945004187932055e-02
8.535000000000000000e+03 1.520830698661090191e-02
8.536000000000000000e+03 1.520587188876357763e-02
8.537000000000000000e+03 1.520219920008983143e-02
8.538000000000000000e+03 1.519734119081620968e-02
8.539000000000000000e+03 1.519134474564178688e-02
8.540000000000000000e+03 1.518424768621654507e-02
8.541000000000000000e+03 1.517608018783378650e-02
8.542000000000000000e+03 1.516686569925028427e-02
8.543000000000000000e+03 1.515662257776021621e-02
8.544000000000000000e+03 1.514536375330181352e-02
8.545000000000000000e+03 1.513309928241115231e-02
8.546000000000000000e+03 1.511983986823766009e-02
8.547000000000000000e+03 1.510559793671512399e-02
8.548000000000000000e+03 1.509038679351292107e-02
8.549000000000000000e+03 1.507422069870200873e-02
8.550000000000000000e+03 1.505711873173612610e-02
8.551000000000000000e+03 1.503910457480360681e-02
8.552000000000000000e+03 1.502020390837961565e-02
8.553000000000000000e+03 1.500044400909727842e-02
8.554000000000000000e+03 1.497985479001933025e-02
8.555000000000000000e+03 1.495846743582325902e-02
8.556000000000000000e+03 1.493631326369202102e-02
8.557000000000000000e+03 1.491341934918666463e-02
8.558000000000000000e+03 1.488980773440505903e-02
8.559000000000000000e+03 1.486549392226526288e-02
8.560000000000000000e+03 1.484048308787534048e-02
8.561000000000000000e+03 1.481476965996510187e-02
8.562000000000000000e+03 1.478833728816073521e-02
8.563000000000000000e+03 1.476115836157170999e-02
8.564000000000000000e+03 1.473319260136467246e-02
8.565000000000000000e+03 1.470438888177188173e-02
8.566000000000000000e+03 1.467468389362569341e-02
8.567000000000000000e+03 1.464400605376029937e-02
8.568000000000000000e+03 1.461227611791877934e-02
8.569000000000000000e+03 1.457940916752083205e-02
8.570000000000000000e+03 1.454532477642887268e-02
8.571000000000000000e+03 1.450994124600870142e-02
8.572000000000000000e+03 1.447317962965287939e-02
8.573000000000000000e+03 1.443497084510817277e-02
8.574000000000000000e+03 1.439526001139036608e-02
8.575000000000000000e+03 1.435400700137998836e-02
8.576000000000000000e+03 1.431119328980305118e-02
8.577000000000000000e+03 1.426682325725725509e-02
8.578000000000000000e+03 1.422092721274733317e-02
8.579000000000000000e+03 1.417356656950919877e-02
8.580000000000000000e+03 1.412483864684354815e-02
8.581000000000000000e+03 1.407487699623550560e-02
8.582000000000000000e+03 1.402385068466974194e-02
8.583000000000000000e+03 1.397196147886750790e-02
8.584000000000000000e+03 1.391944738719899828e-02
8.585000000000000000e+03 1.386658109386779136e-02
8.586000000000000000e+03 1.381366444250754083e-02
8.587000000000000000e+03 1.376102532765959008e-02
8.588000000000000000e+03 1.370901636221097571e-02
8.589000000000000000e+03 1.365800603459265891e-02
8.590000000000000000e+03 1.360837229998056522e-02
8.591000000000000000e+03 1.356049892084094932e-02
8.592000000000000000e+03 1.351476681809447161e-02
8.593000000000000000e+03 1.347154488199562954e-02
8.594000000000000000e+03 1.343119017247328129e-02
8.595000000000000000e+03 1.339404229670614586e-02
8.596000000000000000e+03 1.336041678056215133e-02
8.597000000000000000e+03 1.333060107487601259e-02
8.598000000000000000e+03 1.330485132959537131e-02
8.599000000000000000e+03 1.328339426051248356e-02
8.600000000000000000e+03 1.326642369315827671e-02
8.601000000000000000e+03 1.325409447198858288e-02
8.602000000000000000e+03 1.324652592780457827e-02
8.603000000000000000e+03 1.324380174459006618e-02
8.604000000000000000e+03 1.324596616383842684e-02
8.605000000000000000e+03 1.325302333422320213e-02
8.606000000000000000e+03 1.326494026183569312e-02
8.607000000000000000e+03 1.328164594668669943e-02
8.608000000000000000e+03 1.330303519774175477e-02
8.609000000000000000e+03 1.332897216455748365e-02
8.610000000000000000e+03 1.335928927634267779e-02
8.611000000000000000e+03 1.339378647956159657e-02
8.612000000000000000e+03 1.343223391910816980e-02
8.613000000000000000e+03 1.347437458097584459e-02
8.614000000000000000e+03 1.351992674942452399e-02
8.615000000000000000e+03 1.356858611538204300e-02
8.616000000000000000e+03 1.362002871849303520e-02
8.617000000000000000e+03 1.367391717686004121e-02
8.618000000000000000e+03 1.372990193974811188e-02
8.619000000000000000e+03 1.378762567096226445e-02
8.620000000000000000e+03 1.384672914135575209e-02
8.621000000000000000e+03 1.390685291332727398e-02
8.622000000000000000e+03 1.396763957441255269e-02
8.623000000000000000e+03 1.402874224222528700e-02
8.624000000000000000e+03 1.408982806073247503e-02
8.625000000000000000e+03 1.415057791130248585e-02
8.626000000000000000e+03 1.421069404919901406e-02
8.627000000000000000e+03 1.426990457871850707e-02
8.628000000000000000e+03 1.432796177193261869e-02
8.629000000000000000e+03 1.438464580837913245e-02
8.630000000000000000e+03 1.443976677928777291e-02
8.631000000000000000e+03 1.449316944273844505e-02
8.632000000000000000e+03 1.454473344106185957e-02
8.633000000000000000e+03 1.459437249611897011e-02
8.634000000000000000e+03 1.464203386192167861e-02
8.635000000000000000e+03 1.468769687257189156e-02
8.636000000000000000e+03 1.473137929262731405e-02
8.637000000000000000e+03 1.477312894354695406e-02
8.638000000000000000e+03 1.481301868519918283e-02
8.639000000000000000e+03 1.485115094719559325e-02
8.640000000000000000e+03 1.488764926146455073e-02
8.641000000000000000e+03 1.492265610016123810e-02
8.642000000000000000e+03 1.495632477708472644e-02
8.643000000000000000e+03 1.498882039055089190e-02
8.644000000000000000e+03 1.502031282388578345e-02
8.645000000000000000e+03 1.505097296599425261e-02
8.646000000000000000e+03 1.508096998118220802e-02
8.647000000000000000e+03 1.511046650228126467e-02
8.648000000000000000e+03 1.513961665199403325e-02
8.649000000000000000e+03 1.516855678996772983e-02
8.650000000000000000e+03 1.519740760351118158e-02
8.651000000000000000e+03 1.522626962845211908e-02
8.652000000000000000e+03 1.525521986342085606e-02
8.653000000000000000e+03 1.528431338269133771e-02
8.654000000000000000e+03 1.531358106422376492e-02
8.655000000000000000e+03 1.534302775705248881e-02
8.656000000000000000e+03 1.537263061212341617e-02
8.657000000000000000e+03 1.540234231417373159e-02
8.658000000000000000e+03 1.543209435918918918e-02
8.659000000000000000e+03 1.546179727159727527e-02
8.660000000000000000e+03 1.549133880332227708e-02
8.661000000000000000e+03 1.552059117832212294e-02
8.662000000000000000e+03 1.554941208032903713e-02
8.663000000000000000e+03 1.557764979136329678e-02
8.664000000000000000e+03 1.560514641375326458e-02
8.665000000000000000e+03 1.563174019846146762e-02
8.666000000000000000e+03 1.565726853929564136e-02
8.667000000000000000e+03 1.568157165401751207e-02
8.668000000000000000e+03 1.570449564242666282e-02
8.669000000000000000e+03 1.572589810092555121e-02
8.670000000000000000e+03 1.574564796390038462e-02
8.671000000000000000e+03 1.576362607829734017e-02
8.672000000000000000e+03 1.577973379774332691e-02
8.673000000000000000e+03 1.579389074061139653e-02
8.674000000000000000e+03 1.580603947933533621e-02
8.675000000000000000e+03 1.581614705989222228e-02
8.676000000000000000e+03 1.582420439949773494e-02
8.677000000000000000e+03 1.583022673942643954e-02
8.678000000000000000e+03 1.583425770431125951e-02
8.679000000000000000e+03 1.583636507236776958e-02
8.680000000000000000e+03 1.583664293216622068e-02
8.681000000000000000e+03 1.583520588469282397e-02
8.682000000000000000e+03 1.583218509286542230e-02
8.683000000000000000e+03 1.582772564540884178e-02
8.684000000000000000e+03 1.582198509853445165e-02
8.685000000000000000e+03 1.581513212374406965e-02
8.686000000000000000e+03 1.580734642364839404e-02
8.687000000000000000e+03 1.579880390915349569e-02
8.688000000000000000e+03 1.578967673729995622e-02
8.689000000000000000e+03 1.578013354731615941e-02
8.690000000000000000e+03 1.577033246923995394e-02
8.691000000000000000e+03 1.576041945076681744e-02
8.692000000000000000e+03 1.575052189651951484e-02
8.693000000000000000e+03 1.574074319903072394e-02
8.694000000000000000e+03 1.573116546592919635e-02
8.695000000000000000e+03 1.572184911011730024e-02
8.696000000000000000e+03 1.571283101177245456e-02
8.697000000000000000e+03 1.570412822506762549e-02
8.698000000000000000e+03 1.569573913191632877e-02
8.699000000000000000e+03 1.568764029436844898e-02
8.700000000000000000e+03 1.567978338443367162e-02
8.701000000000000000e+03 1.567210520366601328e-02
8.702000000000000000e+03 1.566453034609233130e-02
8.703000000000000000e+03 1.565696951603340326e-02
8.704000000000000000e+03 1.564932090108756349e-02
8.705000000000000000e+03 1.564147593278971890e-02
8.706000000000000000e+03 1.563331599611312087e-02
8.707000000000000000e+03 1.562471521917426290e-02
8.708000000000000000e+03 1.561554456188775537e-02
8.709000000000000000e+03 1.560567642372392462e-02
8.710000000000000000e+03 1.559498422958246859e-02
8.711000000000000000e+03 1.558334601094409771e-02
8.712000000000000000e+03 1.557064390964253871e-02
8.713000000000000000e+03 1.555676961413258313e-02
8.714000000000000000e+03 1.554162971724753171e-02
8.715000000000000000e+03 1.552514104805168688e-02
8.716000000000000000e+03 1.550723658822971210e-02
8.717000000000000000e+03 1.548786659219971232e-02
8.718000000000000000e+03 1.546699673346312379e-02
8.719000000000000000e+03 1.544460750258886891e-02
8.720000000000000000e+03 1.542069606873692350e-02
8.721000000000000000e+03 1.539528074677715824e-02
8.722000000000000000e+03 1.536839524540086453e-02
8.723000000000000000e+03 1.534009006009156781e-02
8.724000000000000000e+03 1.531042994125720279e-02
8.725000000000000000e+03 1.527949177561694488e-02
8.726000000000000000e+03 1.524736075703478876e-02
8.727000000000000000e+03 1.521413290957848025e-02
8.728000000000000000e+03 1.517991014940603053e-02
8.729000000000000000e+03 1.514479711162762185e-02
8.730000000000000000e+03 1.510889962005686378e-02
8.731000000000000000e+03 1.507232570074411825e-02
8.732000000000000000e+03 1.503518106939120969e-02
8.733000000000000000e+03 1.499756814478577990e-02
8.734000000000000000e+03 1.495958595962493948e-02
8.735000000000000000e+03 1.492133145551289598e-02
8.736000000000000000e+03 1.488289346228597806e-02
8.737000000000000000e+03 1.484435216813937905e-02
8.738000000000000000e+03 1.480578251140385326e-02
8.739000000000000000e+03 1.476725642192030716e-02
8.740000000000000000e+03 1.472884330888592913e-02
8.741000000000000000e+03 1.469061376102124249e-02
8.742000000000000000e+03 1.465263790995411514e-02
8.743000000000000000e+03 1.461498366102249175e-02
8.744000000000000000e+03 1.457771843131626735e-02
8.745000000000000000e+03 1.454091015802984679e-02
8.746000000000000000e+03 1.450462857750548645e-02
8.747000000000000000e+03 1.446894651240162449e-02
8.748000000000000000e+03 1.443393439236211398e-02
8.749000000000000000e+03 1.439966133477545845e-02
8.750000000000000000e+03 1.436619256726238449e-02
8.751000000000000000e+03 1.433358882811014770e-02
8.752000000000000000e+03 1.430190506197052611e-02
8.753000000000000000e+03 1.427118891052851779e-02
8.754000000000000000e+03 1.424148254426858481e-02
8.755000000000000000e+03 1.421282015323200275e-02
8.756000000000000000e+03 1.418522823291346047e-02
8.757000000000000000e+03 1.415872371664290627e-02
8.758000000000000000e+03 1.413331537707571486e-02
8.759000000000000000e+03 1.410900431728578236e-02
8.760000000000000000e+03 1.408578748098667996e-02
8.761000000000000000e+03 1.406366219372563731e-02
8.762000000000000000e+03 1.404262983282492799e-02
8.763000000000000000e+03 1.402270071008757113e-02
8.764000000000000000e+03 1.400389573163552184e-02
8.765000000000000000e+03 1.398624982792766487e-02
8.766000000000000000e+03 1.396981826329465881e-02
8.767000000000000000e+03 1.395467305865862213e-02
8.768000000000000000e+03 1.394090483565114946e-02
8.769000000000000000e+03 1.392862657126086104e-02
8.770000000000000000e+03 1.391797484724163064e-02
8.771000000000000000e+03 1.390910837823458417e-02
8.772000000000000000e+03 1.390220660974743686e-02
8.773000000000000000e+03 1.389746164484096866e-02
8.774000000000000000e+03 1.389507913870306581e-02
8.775000000000000000e+03 1.389527381159760995e-02
8.776000000000000000e+03 1.389826071425353735e-02
8.777000000000000000e+03 1.390425177206980334e-02
8.778000000000000000e+03 1.391344880313115200e-02
8.779000000000000000e+03 1.392603571819716300e-02
8.780000000000000000e+03 1.394217683601542065e-02
8.781000000000000000e+03 1.396201428922320444e-02
8.782000000000000000e+03 1.398565804899394929e-02
8.783000000000000000e+03 1.401318463605312481e-02
8.784000000000000000e+03 1.404463669762066533e-02
8.785000000000000000e+03 1.408001895678754126e-02
8.786000000000000000e+03 1.411929699517452085e-02
8.787000000000000000e+03 1.416239357226457135e-02
8.788000000000000000e+03 1.420919133826760092e-02
8.789000000000000000e+03 1.425953773304231009e-02
8.790000000000000000e+03 1.431324720208890233e-02
8.791000000000000000e+03 1.437009996223388188e-02
8.792000000000000000e+03 1.442984424349164942e-02
8.793000000000000000e+03 1.449220545961999937e-02
8.794000000000000000e+03 1.455688577247333214e-02
8.795000000000000000e+03 1.462356573604901150e-02
8.796000000000000000e+03 1.469190852173223386e-02
8.797000000000000000e+03 1.476156307159581793e-02
8.798000000000000000e+03 1.483217277324540631e-02
8.799000000000000000e+03 1.490337774516932966e-02
8.800000000000000000e+03 1.497482100447664055e-02
8.801000000000000000e+03 1.504615081070427400e-02
8.802000000000000000e+03 1.511702555626261851e-02
8.803000000000000000e+03 1.518711104069686568e-02
8.804000000000000000e+03 1.525608598818149406e-02
8.805000000000000000e+03 1.532365303772911629e-02
8.806000000000000000e+03 1.538953462545634109e-02
8.807000000000000000e+03 1.545347638579934978e-02
8.808000000000000000e+03 1.551524706326151866e-02
8.809000000000000000e+03 1.557463585107923820e-02
8.810000000000000000e+03 1.563145616532131757e-02
8.811000000000000000e+03 1.568554959300923202e-02
8.812000000000000000e+03 1.573678822230811097e-02
8.813000000000000000e+03 1.578507164213135971e-02
8.814000000000000000e+03 1.583032668512022317e-02
8.815000000000000000e+03 1.587250772192214804e-02
8.816000000000000000e+03 1.591159304895819332e-02
8.817000000000000000e+03 1.594758258487034494e-02
8.818000000000000000e+03 1.598049889326297671e-02
8.819000000000000000e+03 1.601038221495059560e-02
8.820000000000000000e+03 1.603728739240440487e-02
8.821000000000000000e+03 1.606127703570655457e-02
8.822000000000000000e+03 1.608242199742944412e-02
8.823000000000000000e+03 1.610079915146437127e-02
8.824000000000000000e+03 1.611647798128701056e-02
8.825000000000000000e+03 1.612952600064055872e-02
8.826000000000000000e+03 1.614000273949164205e-02
8.827000000000000000e+03 1.614795610185211158e-02
8.828000000000000000e+03 1.615342293057408715e-02
8.829000000000000000e+03 1.615642539184179369e-02
8.830000000000000000e+03 1.615697139526071566e-02
8.831000000000000000e+03 1.615504972401624745e-02
8.832000000000000000e+03 1.615063944999712425e-02
8.833000000000000000e+03 1.614371123191765678e-02
8.834000000000000000e+03 1.613422665120002597e-02
8.835000000000000000e+03 1.612214652550086197e-02
8.836000000000000000e+03 1.610743218882225436e-02
8.837000000000000000e+03 1.609004882876172854e-02
8.838000000000000000e+03 1.606996640769072643e-02
8.839000000000000000e+03 1.604716458055328171e-02
8.840000000000000000e+03 1.602163971171209622e-02
8.841000000000000000e+03 1.599340472540096425e-02
8.842000000000000000e+03 1.596249513517626270e-02
8.843000000000000000e+03 1.592897479759445081e-02
8.844000000000000000e+03 1.589292905006068485e-02
8.845000000000000000e+03 1.585446745610940081e-02
8.846000000000000000e+03 1.581372590009928053e-02
8.847000000000000000e+03 1.577086269437638286e-02
8.848000000000000000e+03 1.572606113655308085e-02
8.849000000000000000e+03 1.567952435939384132e-02
8.850000000000000000e+03 1.563147255069543412e-02
8.851000000000000000e+03 1.558213744734621327e-02
8.852000000000000000e+03 1.553176142025855869e-02
8.853000000000000000e+03 1.548058894318662948e-02
8.854000000000000000e+03 1.542886506009619532e-02
8.855000000000000000e+03 1.537683112881114457e-02
8.856000000000000000e+03 1.532471959644449155e-02
8.857000000000000000e+03 1.527275131974562862e-02
8.858000000000000000e+03 1.522112989741077060e-02
8.859000000000000000e+03 1.517004195874788533e-02
8.860000000000000000e+03 1.511965934671009176e-02
8.861000000000000000e+03 1.507013507810126517e-02
8.862000000000000000e+03 1.502159743179422476e-02
8.863000000000000000e+03 1.497415299511733154e-02
8.864000000000000000e+03 1.492789142925528278e-02
8.865000000000000000e+03 1.488288692493514725e-02
8.866000000000000000e+03 1.483920218028809274e-02
8.867000000000000000e+03 1.479688823254372149e-02
8.868000000000000000e+03 1.475598123987902771e-02
8.869000000000000000e+03 1.471651022674691847e-02
8.870000000000000000e+03 1.467849905232852456e-02
8.871000000000000000e+03 1.464197248038510979e-02
8.872000000000000000e+03 1.460695323514426582e-02
8.873000000000000000e+03 1.457346546883714344e-02
8.874000000000000000e+03 1.454153660325543593e-02
8.875000000000000000e+03 1.451119635420985293e-02
8.876000000000000000e+03 1.448247637047685513e-02
8.877000000000000000e+03 1.445541351442014046e-02
8.878000000000000000e+03 1.443005083694569313e-02
8.879000000000000000e+03 1.440643385434793415e-02
8.880000000000000000e+03 1.438460986437477621e-02
8.881000000000000000e+03 1.436462833368663816e-02
8.882000000000000000e+03 1.434653525781631050e-02
8.883000000000000000e+03 1.433037545723218377e-02
8.884000000000000000e+03 1.431619240476847410e-02
8.885000000000000000e+03 1.430402422443718957e-02
8.886000000000000000e+03 1.429390222718648386e-02
8.887000000000000000e+03 1.428584980209139654e-02
8.888000000000000000e+03 1.427988019195667452e-02
8.889000000000000000e+03 1.427599487087571201e-02
8.890000000000000000e+03 1.427418215858868369e-02
8.891000000000000000e+03 1.427441820147785402e-02
8.892000000000000000e+03 1.427666765788951873e-02
8.893000000000000000e+03 1.428087757398596030e-02
8.894000000000000000e+03 1.428698014053061960e-02
8.895000000000000000e+03 1.429489119483596388e-02
8.896000000000000000e+03 1.430451183574149229e-02
8.897000000000000000e+03 1.431572773657018016e-02
8.898000000000000000e+03 1.432841090215497548e-02
8.899000000000000000e+03 1.434241842139972328e-02
8.900000000000000000e+03 1.435759414477369780e-02
8.901000000000000000e+03 1.437376659842326196e-02
8.902000000000000000e+03 1.439075289150269429e-02
8.903000000000000000e+03 1.440836300254158195e-02
8.904000000000000000e+03 1.442639567390941423e-02
8.905000000000000000e+03 1.444464278371931573e-02
8.906000000000000000e+03 1.446288850850806912e-02
8.907000000000000000e+03 1.448091475401565992e-02
8.908000000000000000e+03 1.449850707571897525e-02
8.909000000000000000e+03 1.451545228149394781e-02
8.910000000000000000e+03 1.453154429102682110e-02
8.911000000000000000e+03 1.454658346395699617e-02
8.912000000000000000e+03 1.456038198939101601e-02
8.913000000000000000e+03 1.457276558030266497e-02
8.914000000000000000e+03 1.458358009995704141e-02
8.915000000000000000e+03 1.459269675065284766e-02
8.916000000000000000e+03 1.460001268631385372e-02
8.917000000000000000e+03 1.460544859607870380e-02
8.918000000000000000e+03 1.460895726481446083e-02
8.919000000000000000e+03 1.461052348498984021e-02
8.920000000000000000e+03 1.461016592291924932e-02
8.921000000000000000e+03 1.460793723394998578e-02
8.922000000000000000e+03 1.460392373719582304e-02
8.923000000000000000e+03 1.459825055704509073e-02
8.924000000000000000e+03 1.459107274808854951e-02
8.925000000000000000e+03 1.458257083180880022e-02
8.926000000000000000e+03 1.457294859162831975e-02
8.927000000000000000e+03 1.456243012809357515e-02
8.928000000000000000e+03 1.455125374813886693e-02
8.929000000000000000e+03 1.453966626449446943e-02
8.930000000000000000e+03 1.452791811651480899e-02
8.931000000000000000e+03 1.451626252273450872e-02
8.932000000000000000e+03 1.450494706521596351e-02
8.933000000000000000e+03 1.449420730632053692e-02
8.934000000000000000e+03 1.448426367064152218e-02
8.935000000000000000e+03 1.447531789522576648e-02
8.936000000000000000e+03 1.446754776751891375e-02
8.937000000000000000e+03 1.446110796889817085e-02
8.938000000000000000e+03 1.445613045874248603e-02
8.939000000000000000e+03 1.445271733880488726e-02
8.940000000000000000e+03 1.445094677823063195e-02
8.941000000000000000e+03 1.445087139718359559e-02
8.942000000000000000e+03 1.445251838300257857e-02
8.943000000000000000e+03 1.445589235797139702e-02
8.944000000000000000e+03 1.446097686339680929e-02
8.945000000000000000e+03 1.446774231563202617e-02
8.946000000000000000e+03 1.447614840845430281e-02
8.947000000000000000e+03 1.448614064006542579e-02
8.948000000000000000e+03 1.449765451440041854e-02
8.949000000000000000e+03 1.451062187293585340e-02
8.950000000000000000e+03 1.452497101689108165e-02
8.951000000000000000e+03 1.454062726267894845e-02
8.952000000000000000e+03 1.455751802585333529e-02
8.953000000000000000e+03 1.457557432418976444e-02
8.954000000000000000e+03 1.459472660458733737e-02
8.955000000000000000e+03 1.461490764292659381e-02
8.956000000000000000e+03 1.463605590331209551e-02
8.957000000000000000e+03 1.465811243142001175e-02
8.958000000000000000e+03 1.468102711218151162e-02
8.959000000000000000e+03 1.470475045840739098e-02
8.960000000000000000e+03 1.472923746976940312e-02
8.961000000000000000e+03 1.475445042949546579e-02
8.962000000000000000e+03 1.478035781519022179e-02
8.963000000000000000e+03 1.480693527218278696e-02
8.964000000000000000e+03 1.483416149513926488e-02
8.965000000000000000e+03 1.486202053780831533e-02
8.966000000000000000e+03 1.489050086928663148e-02
8.967000000000000000e+03 1.491959550090897826e-02
8.968000000000000000e+03 1.494930417445478402e-02
8.969000000000000000e+03 1.497962889412086246e-02
8.970000000000000000e+03 1.501057344593534348e-02
8.971000000000000000e+03 1.504214468465018759e-02
8.972000000000000000e+03 1.507435413331037130e-02
8.973000000000000000e+03 1.510721320768840248e-02
8.974000000000000000e+03 1.514072907638869779e-02
8.975000000000000000e+03 1.517490950776099329e-02
8.976000000000000000e+03 1.520975986052949293e-02
8.977000000000000000e+03 1.524528443567516392e-02
8.978000000000000000e+03 1.528148620689936434e-02
8.979000000000000000e+03 1.531836324780937522e-02
8.980000000000000000e+03 1.535590615443169910e-02
8.981000000000000000e+03 1.539409919812177556e-02
8.982000000000000000e+03 1.543292136916529778e-02
8.983000000000000000e+03 1.547234787370392259e-02
8.984000000000000000e+03 1.551234554162545659e-02
8.985000000000000000e+03 1.555287477221967488e-02
8.986000000000000000e+03 1.559388859738485705e-02
8.987000000000000000e+03 1.563533287645129527e-02
8.988000000000000000e+03 1.567714281135750010e-02
8.989000000000000000e+03 1.571924861721000002e-02
8.990000000000000000e+03 1.576157057481131565e-02
8.991000000000000000e+03 1.580401560874381689e-02
8.992000000000000000e+03 1.584648387324116489e-02
8.993000000000000000e+03 1.588886889574812195e-02
8.994000000000000000e+03 1.593105849247666156e-02
8.995000000000000000e+03 1.597293266396078437e-02
8.996000000000000000e+03 1.601436568310974501e-02
8.997000000000000000e+03 1.605521943662807649e-02
8.998000000000000000e+03 1.609535165553170610e-02
8.999000000000000000e+03 1.613461706942494883e-02
9.000000000000000000e+03 1.617286088274696998e-02
9.001000000000000000e+03 1.620992222044410902e-02
9.002000000000000000e+03 1.624563411454972572e-02
9.003000000000000000e+03 1.627982361885441792e-02
9.004000000000000000e+03 1.631231494363587220e-02
9.005000000000000000e+03 1.634292722911986212e-02
9.006000000000000000e+03 1.637148084658571895e-02
9.007000000000000000e+03 1.639779570372794718e-02
9.008000000000000000e+03 1.642168854711021850e-02
9.009000000000000000e+03 1.644297429965957402e-02
9.010000000000000000e+03 1.646147253272507716e-02
9.011000000000000000e+03 1.647701033483458047e-02
9.012000000000000000e+03 1.648941806683684730e-02
9.013000000000000000e+03 1.649853052256914851e-02
9.014000000000000000e+03 1.650419486030593741e-02
9.015000000000000000e+03 1.650627051000229037e-02
9.016000000000000000e+03 1.650463521983950438e-02
9.017000000000000000e+03 1.649918584061427912e-02
9.018000000000000000e+03 1.648984288477527149e-02
9.019000000000000000e+03 1.647654856111317040e-02
9.020000000000000000e+03 1.645927390933720619e-02
9.021000000000000000e+03 1.643801906551547315e-02
9.022000000000000000e+03 1.641281422728609399e-02
9.023000000000000000e+03 1.638372155420159126e-02
9.024000000000000000e+03 1.635083416084240349e-02
9.025000000000000000e+03 1.631427927443458714e-02
9.026000000000000000e+03 1.627421719902382574e-02
9.027000000000000000e+03 1.623084199165664154e-02
9.028000000000000000e+03 1.618437578039879157e-02
9.029000000000000000e+03 1.613506917150015624e-02
9.030000000000000000e+03 1.608319705310191916e-02
9.031000000000000000e+03 1.602905432464250476e-02
9.032000000000000000e+03 1.597294964785545002e-02
9.033000000000000000e+03 1.591520314346890272e-02
9.034000000000000000e+03 1.585613959480143553e-02
9.035000000000000000e+03 1.579608355360462291e-02
9.036000000000000000e+03 1.573535455925846246e-02
9.037000000000000000e+03 1.567426380988976020e-02
9.038000000000000000e+03 1.561310792955148026e-02
9.039000000000000000e+03 1.555216173359437806e-02
9.040000000000000000e+03 1.549167627587793791e-02
9.041000000000000000e+03 1.543187173959840661e-02
9.042000000000000000e+03 1.537294061442825988e-02
9.043000000000000000e+03 1.531504980781962094e-02
9.044000000000000000e+03 1.525833565654937177e-02
9.045000000000000000e+03 1.520290421124078847e-02
9.046000000000000000e+03 1.514883353022042703e-02
9.047000000000000000e+03 1.509617145016994497e-02
9.048000000000000000e+03 1.504493987149308799e-02
9.049000000000000000e+03 1.499514132085204635e-02
9.050000000000000000e+03 1.494676008233543005e-02
9.051000000000000000e+03 1.489976770200639525e-02
9.052000000000000000e+03 1.485412433473371624e-02
9.053000000000000000e+03 1.480978162621597941e-02
9.054000000000000000e+03 1.476668879968596679e-02
9.055000000000000000e+03 1.472479555807601308e-02
9.056000000000000000e+03 1.468405385539376523e-02
9.057000000000000000e+03 1.464442458152877269e-02
9.058000000000000000e+03 1.460587846138110442e-02
9.059000000000000000e+03 1.456839845709899210e-02
9.060000000000000000e+03 1.453197925687257225e-02
9.061000000000000000e+03 1.449663240536358186e-02
9.062000000000000000e+03 1.446238024541645489e-02
9.063000000000000000e+03 1.442926401091451996e-02
9.064000000000000000e+03 1.439733773741897448e-02
9.065000000000000000e+03 1.436666714985494926e-02
9.066000000000000000e+03 1.433732676976210742e-02
9.067000000000000000e+03 1.430939661929869940e-02
9.068000000000000000e+03 1.428296150637627451e-02
9.069000000000000000e+03 1.425810998405538724e-02
9.070000000000000000e+03 1.423493182886034422e-02
9.071000000000000000e+03 1.421351300292716599e-02
9.072000000000000000e+03 1.419393351480417384e-02
9.073000000000000000e+03 1.417626477918449215e-02
9.074000000000000000e+03 1.416056508559618288e-02
9.075000000000000000e+03 1.414687978582808599e-02
9.076000000000000000e+03 1.413523623438044281e-02
9.077000000000000000e+03 1.412564746795147604e-02
9.078000000000000000e+03 1.411810961665126499e-02
9.079000000000000000e+03 1.411260100692186652e-02
9.080000000000000000e+03 1.410907815007391569e-02
9.081000000000000000e+03 1.410748032324326065e-02
9.082000000000000000e+03 1.410772917318296217e-02
9.083000000000000000e+03 1.410973053147910813e-02
9.084000000000000000e+03 1.411337614386362280e-02
9.085000000000000000e+03 1.411854312457112154e-02
9.086000000000000000e+03 1.412509363681193307e-02
9.087000000000000000e+03 1.413287834838828673e-02
9.088000000000000000e+03 1.414173934958875417e-02
9.089000000000000000e+03 1.415151181857856981e-02
9.090000000000000000e+03 1.416202607460418511e-02
9.091000000000000000e+03 1.417310583435435131e-02
9.092000000000000000e+03 1.418457510998565735e-02
9.093000000000000000e+03 1.419625864298729341e-02
9.094000000000000000e+03 1.420798025014809694e-02
9.095000000000000000e+03 1.421957125176852993e-02
9.096000000000000000e+03 1.423086865346465807e-02
9.097000000000000000e+03 1.424171758286846799e-02
9.098000000000000000e+03 1.425197384916850399e-02
9.099000000000000000e+03 1.426150861609869896e-02
9.100000000000000000e+03 1.427020998126720883e-02
9.101000000000000000e+03 1.427798531722397277e-02
9.102000000000000000e+03 1.428476476318396061e-02
9.103000000000000000e+03 1.429050026331130790e-02
9.104000000000000000e+03 1.429516740448063747e-02
9.105000000000000000e+03 1.429876747688673018e-02
9.106000000000000000e+03 1.430133073490027704e-02
9.107000000000000000e+03 1.430291298375599429e-02
9.108000000000000000e+03 1.430359528151757022e-02
9.109000000000000000e+03 1.430348242050608759e-02
9.110000000000000000e+03 1.430270274181687229e-02
9.111000000000000000e+03 1.430140470774705734e-02
9.112000000000000000e+03 1.429975349629741127e-02
9.113000000000000000e+03 1.429792140406757790e-02
9.114000000000000000e+03 1.429608603893228920e-02
9.115000000000000000e+03 1.429442740245120275e-02
9.116000000000000000e+03 1.429312039233775894e-02
9.117000000000000000e+03 1.429232720514514443e-02
9.118000000000000000e+03 1.429219491958729979e-02
9.119000000000000000e+03 1.429284671825258729e-02
9.120000000000000000e+03 1.429437993473627738e-02
9.121000000000000000e+03 1.429686584730692316e-02
9.122000000000000000e+03 1.430034621750299675e-02
9.123000000000000000e+03 1.430483246313116186e-02
9.124000000000000000e+03 1.431030392856516738e-02
9.125000000000000000e+03 1.431671053426825796e-02
9.126000000000000000e+03 1.432397508972151935e-02
9.127000000000000000e+03 1.433199702592314814e-02
9.128000000000000000e+03 1.434065373279687708e-02
9.129000000000000000e+03 1.434980670653881497e-02
9.130000000000000000e+03 1.435930571596354469e-02
9.131000000000000000e+03 1.436899694360431468e-02
9.132000000000000000e+03 1.437872104126411421e-02
9.133000000000000000e+03 1.438832777038082274e-02
9.134000000000000000e+03 1.439768100848769217e-02
9.135000000000000000e+03 1.440665737856791292e-02
9.136000000000000000e+03 1.441515156760829475e-02
9.137000000000000000e+03 1.442308805770841501e-02
9.138000000000000000e+03 1.443042197872869588e-02
9.139000000000000000e+03 1.443714180507739940e-02
9.140000000000000000e+03 1.444326977937395590e-02
9.141000000000000000e+03 1.444886330897144841e-02
9.142000000000000000e+03 1.445401604277693486e-02
9.143000000000000000e+03 1.445885881505930802e-02
9.144000000000000000e+03 1.446355880888799614e-02
9.145000000000000000e+03 1.446831317184767325e-02
9.146000000000000000e+03 1.447334919313445628e-02
9.147000000000000000e+03 1.447892265920396743e-02
9.148000000000000000e+03 1.448530687094807742e-02
9.149000000000000000e+03 1.449278849974270506e-02
9.150000000000000000e+03 1.450166213805393137e-02
9.151000000000000000e+03 1.451222559120503991e-02
9.152000000000000000e+03 1.452477392420678873e-02
9.153000000000000000e+03 1.453959464589374938e-02
9.154000000000000000e+03 1.455696038102401516e-02
9.155000000000000000e+03 1.457712307793937283e-02
9.156000000000000000e+03 1.460030778826181333e-02
9.157000000000000000e+03 1.462670744662029378e-02
9.158000000000000000e+03 1.465648300638544739e-02
9.159000000000000000e+03 1.468975640461194637e-02
9.160000000000000000e+03 1.472660613620580330e-02
9.161000000000000000e+03 1.476706535562821374e-02
9.162000000000000000e+03 1.481111929820515261e-02
9.163000000000000000e+03 1.485870190258522378e-02
9.164000000000000000e+03 1.490970068939755089e-02
9.165000000000000000e+03 1.496395377966928085e-02
9.166000000000000000e+03 1.502125028549314810e-02
9.167000000000000000e+03 1.508132940983255774e-02
9.168000000000000000e+03 1.514388646369291963e-02
9.169000000000000000e+03 1.520857792117662546e-02
9.170000000000000000e+03 1.527502607221096348e-02
9.171000000000000000e+03 1.534282200695884571e-02
9.172000000000000000e+03 1.541152924287613607e-02
9.173000000000000000e+03 1.548069186251722559e-02
9.174000000000000000e+03 1.554984353433340460e-02
9.175000000000000000e+03 1.561851196526102027e-02
9.176000000000000000e+03 1.568622988057218406e-02
9.177000000000000000e+03 1.575254036531107890e-02
9.178000000000000000e+03 1.581700141675742438e-02
9.179000000000000000e+03 1.587919515807994369e-02
9.180000000000000000e+03 1.593873485361948020e-02
9.181000000000000000e+03 1.599526869856761346e-02
9.182000000000000000e+03 1.604848700340140433e-02
9.183000000000000000e+03 1.609812373272980282e-02
9.184000000000000000e+03 1.614396223673785630e-02
9.185000000000000000e+03 1.618583454795224225e-02
9.186000000000000000e+03 1.622362657960330079e-02
9.187000000000000000e+03 1.625727223447217054e-02
9.188000000000000000e+03 1.628675870988841728e-02
9.189000000000000000e+03 1.631211915470796164e-02
9.190000000000000000e+03 1.633343140327717102e-02
9.191000000000000000e+03 1.635081281842025794e-02
9.192000000000000000e+03 1.636441386987759483e-02
9.193000000000000000e+03 1.637441437422716695e-02
9.194000000000000000e+03 1.638101657928672447e-02
9.195000000000000000e+03 1.638444339258014748e-02
9.196000000000000000e+03 1.638492744391951972e-02
9.197000000000000000e+03 1.638270265290607541e-02
9.198000000000000000e+03 1.637800166434237592e-02
9.199000000000000000e+03 1.637105037615567416e-02
9.200000000000000000e+03 1.636206242767296315e-02
9.201000000000000000e+03 1.635123449988504923e-02
9.202000000000000000e+03 1.633874594279605130e-02
9.203000000000000000e+03 1.632475242657082173e-02
9.204000000000000000e+03 1.630938341735455738e-02
9.205000000000000000e+03 1.629274671165650140e-02
9.206000000000000000e+03 1.627492546181326730e-02
9.207000000000000000e+03 1.625597637883394869e-02
9.208000000000000000e+03 1.623593904075423117e-02
9.209000000000000000e+03 1.621483856751047836e-02
9.210000000000000000e+03 1.619268290542945701e-02
9.211000000000000000e+03 1.616946849562387115e-02
9.212000000000000000e+03 1.614518262987500036e-02
9.213000000000000000e+03 1.611980404709533951e-02
9.214000000000000000e+03 1.609330770080076231e-02
9.215000000000000000e+03 1.606566752313410076e-02
9.216000000000000000e+03 1.603686066809493008e-02
9.217000000000000000e+03 1.600686718119537222e-02
9.218000000000000000e+03 1.597567748410764002e-02
9.219000000000000000e+03 1.594329365783823602e-02
9.220000000000000000e+03 1.590972343774021275e-02
9.221000000000000000e+03 1.587498469105717153e-02
9.222000000000000000e+03 1.583910828388505193e-02
9.223000000000000000e+03 1.580213927690357623e-02
9.224000000000000000e+03 1.576413417589808685e-02
9.225000000000000000e+03 1.572515764170830110e-02
9.226000000000000000e+03 1.568528416159983493e-02
9.227000000000000000e+03 1.564460150414719031e-02
9.228000000000000000e+03 1.560320774899893147e-02
9.229000000000000000e+03 1.556120862717002076e-02
9.230000000000000000e+03 1.551871396747067644e-02
9.231000000000000000e+03 1.547583700634568363e-02
9.232000000000000000e+03 1.543269483074220100e-02
9.233000000000000000e+03 1.538940741675041274e-02
9.234000000000000000e+03 1.534609545485478635e-02
9.235000000000000000e+03 1.530287769066030965e-02
9.236000000000000000e+03 1.525987046114351230e-02
9.237000000000000000e+03 1.521718751061509368e-02
9.238000000000000000e+03 1.517494130292916348e-02
9.239000000000000000e+03 1.513323466145070559e-02
9.240000000000000000e+03 1.509216553727235968e-02
9.241000000000000000e+03 1.505182713274234169e-02
9.242000000000000000e+03 1.501230643169659817e-02
9.243000000000000000e+03 1.497368381599021095e-02
9.244000000000000000e+03 1.493603372795195179e-02
9.245000000000000000e+03 1.489942652004484606e-02
9.246000000000000000e+03 1.486392604564993475e-02
9.247000000000000000e+03 1.482958787891650553e-02
9.248000000000000000e+03 1.479645826164265737e-02
9.249000000000000000e+03 1.476457659879389095e-02
9.250000000000000000e+03 1.473397829629449936e-02
9.251000000000000000e+03 1.470469519659236071e-02
9.252000000000000000e+03 1.467675407569638338e-02
9.253000000000000000e+03 1.465018251710163352e-02
9.254000000000000000e+03 1.462500588631839016e-02
9.255000000000000000e+03 1.460124565042537556e-02
9.256000000000000000e+03 1.457892451211502405e-02
9.257000000000000000e+03 1.455806550162211735e-02
9.258000000000000000e+03 1.453869232901810679e-02
9.259000000000000000e+03 1.452082724955076551e-02
9.260000000000000000e+03 1.450449129849552994e-02
9.261000000000000000e+03 1.448970395841693570e-02
9.262000000000000000e+03 1.447648436452348038e-02
9.263000000000000000e+03 1.446484973257321574e-02
9.264000000000000000e+03 1.445481309379820917e-02
9.265000000000000000e+03 1.444638015925977376e-02
9.266000000000000000e+03 1.443955118149743699e-02
9.267000000000000000e+03 1.443431667615350730e-02
9.268000000000000000e+03 1.443065575111824109e-02
9.269000000000000000e+03 1.442853743070404531e-02
9.270000000000000000e+03 1.442791243726643420e-02
9.271000000000000000e+03 1.442871431406340769e-02
9.272000000000000000e+03 1.443086219186734409e-02
9.273000000000000000e+03 1.443425905085396824e-02
9.274000000000000000e+03 1.443879120123167312e-02
9.275000000000000000e+03 1.444432784994355637e-02
9.276000000000000000e+03 1.445072162439845105e-02
9.277000000000000000e+03 1.445781335504373565e-02
9.278000000000000000e+03 1.446543245746465846e-02
9.279000000000000000e+03 1.447340156764635385e-02
9.280000000000000000e+03 1.448153884166619547e-02
9.281000000000000000e+03 1.448966179810685408e-02
9.282000000000000000e+03 1.449758864820471435e-02
9.283000000000000000e+03 1.450514504387181818e-02
9.284000000000000000e+03 1.451216717154492700e-02
9.285000000000000000e+03 1.451850075132887427e-02
9.286000000000000000e+03 1.452400462422784831e-02
9.287000000000000000e+03 1.452855332046828866e-02
9.288000000000000000e+03 1.453203987896796792e-02
9.289000000000000000e+03 1.453437335193751706e-02
9.290000000000000000e+03 1.453548131527127377e-02
9.291000000000000000e+03 1.453531538043518340e-02
9.292000000000000000e+03 1.453384746141582473e-02
9.293000000000000000e+03 1.453106711690628494e-02
9.294000000000000000e+03 1.452697987297780005e-02
9.295000000000000000e+03 1.452161014893472990e-02
9.296000000000000000e+03 1.451500177818973100e-02
9.297000000000000000e+03 1.450721612093292673e-02
9.298000000000000000e+03 1.449832800520419601e-02
9.299000000000000000e+03 1.448842508185535852e-02
9.300000000000000000e+03 1.447760797422936729e-02
9.301000000000000000e+03 1.446598601505692805e-02
9.302000000000000000e+03 1.445367229664353166e-02
9.303000000000000000e+03 1.444078236810314615e-02
9.304000000000000000e+03 1.442743149120437850e-02
9.305000000000000000e+03 1.441373371719375726e-02
9.306000000000000000e+03 1.439980200652350023e-02
9.307000000000000000e+03 1.438574703952265332e-02
9.308000000000000000e+03 1.437167875259301800e-02
9.309000000000000000e+03 1.435770574979882558e-02
9.310000000000000000e+03 1.434393625726728023e-02
9.311000000000000000e+03 1.433047607606083990e-02
9.312000000000000000e+03 1.431743121334359825e-02
9.313000000000000000e+03 1.430490929167230717e-02
9.314000000000000000e+03 1.429301973994760375e-02
9.315000000000000000e+03 1.428187477480337420e-02
9.316000000000000000e+03 1.427159230995494327e-02
9.317000000000000000e+03 1.426229102738965811e-02
9.318000000000000000e+03 1.425408679813809296e-02
9.319000000000000000e+03 1.424709780686929904e-02
9.320000000000000000e+03 1.424144278333423080e-02
9.321000000000000000e+03 1.423723501668914398e-02
9.322000000000000000e+03 1.423458163934070153e-02
9.323000000000000000e+03 1.423358377667757746e-02
9.324000000000000000e+03 1.423432988665113488e-02
9.325000000000000000e+03 1.423689413957390272e-02
9.326000000000000000e+03 1.424133593338160197e-02
9.327000000000000000e+03 1.424769908266574833e-02
9.328000000000000000e+03 1.425601059544115076e-02
9.329000000000000000e+03 1.426627942129216758e-02
9.330000000000000000e+03 1.427850244241052335e-02
9.331000000000000000e+03 1.429265879324568070e-02
9.332000000000000000e+03 1.430871535868401961e-02
9.333000000000000000e+03 1.432662941070246727e-02
9.334000000000000000e+03 1.434634855882474004e-02
9.335000000000000000e+03 1.436781365185889336e-02
9.336000000000000000e+03 1.439096097200174770e-02
9.337000000000000000e+03 1.441572071861355400e-02
9.338000000000000000e+03 1.444202237507289516e-02
9.339000000000000000e+03 1.446979594892353234e-02
9.340000000000000000e+03 1.449897028413602712e-02
9.341000000000000000e+03 1.452947263824121323e-02
9.342000000000000000e+03 1.456122413710962335e-02
9.343000000000000000e+03 1.459414429599072485e-02
9.344000000000000000e+03 1.462815225931710442e-02
9.345000000000000000e+03 1.466315871962310495e-02
9.346000000000000000e+03 1.469906748444717824e-02
9.347000000000000000e+03 1.473577283690879862e-02
9.348000000000000000e+03 1.477315905381064443e-02
9.349000000000000000e+03 1.481109441388740733e-02
9.350000000000000000e+03 1.484943413147913130e-02
9.351000000000000000e+03 1.488801894695761241e-02
9.352000000000000000e+03 1.492667656203960566e-02
9.353000000000000000e+03 1.496521847511592292e-02
9.354000000000000000e+03 1.500344052904354492e-02
9.355000000000000000e+03 1.504112841426928984e-02
9.356000000000000000e+03 1.507805655648753081e-02
9.357000000000000000e+03 1.511398782337979724e-02
9.358000000000000000e+03 1.514868275897742790e-02
9.359000000000000000e+03 1.518190090891284767e-02
9.360000000000000000e+03 1.521340050653782403e-02
9.361000000000000000e+03 1.524294351483172945e-02
9.362000000000000000e+03 1.527030248973457356e-02
9.363000000000000000e+03 1.529526488283262237e-02
9.364000000000000000e+03 1.531763655284828704e-02
9.365000000000000000e+03 1.533724615038137284e-02
9.366000000000000000e+03 1.535394839209575091e-02
9.367000000000000000e+03 1.536762988198323715e-02
9.368000000000000000e+03 1.537821724662940051e-02
9.369000000000000000e+03 1.538567597673140032e-02
9.370000000000000000e+03 1.539001211848765004e-02
9.371000000000000000e+03 1.539127674175262521e-02
9.372000000000000000e+03 1.538956550795361061e-02
9.373000000000000000e+03 1.538501477564034776e-02
9.374000000000000000e+03 1.537779669297130274e-02
9.375000000000000000e+03 1.536812062470275728e-02
9.376000000000000000e+03 1.535622556627092711e-02
9.377000000000000000e+03 1.534237543254565739e-02
9.378000000000000000e+03 1.532685008873131347e-02
9.379000000000000000e+03 1.530993661351556789e-02
9.380000000000000000e+03 1.529192341690033263e-02
9.381000000000000000e+03 1.527309148550414289e-02
9.382000000000000000e+03 1.525370133918803328e-02
9.383000000000000000e+03 1.523399066518330881e-02
9.384000000000000000e+03 1.521416677219332957e-02
9.385000000000000000e+03 1.519439877740039017e-02
9.386000000000000000e+03 1.517481990227195938e-02
9.387000000000000000e+03 1.515552582636866576e-02
9.388000000000000000e+03 1.513657729048200652e-02
9.389000000000000000e+03 1.511799865479568350e-02
9.390000000000000000e+03 1.509978080687405556e-02
9.391000000000000000e+03 1.508188417982322602e-02
9.392000000000000000e+03 1.506424492479562817e-02
9.393000000000000000e+03 1.504677727176258195e-02
9.394000000000000000e+03 1.502938164679333728e-02
9.395000000000000000e+03 1.501195525452923320e-02
9.396000000000000000e+03 1.499439206823674833e-02
9.397000000000000000e+03 1.497658801950072470e-02
9.398000000000000000e+03 1.495844463472944044e-02
9.399000000000000000e+03 1.493987917643741295e-02
9.400000000000000000e+03 1.492082295572494388e-02
9.401000000000000000e+03 1.490122497042338859e-02
9.402000000000000000e+03 1.488105557485284655e-02
9.403000000000000000e+03 1.486030410972916452e-02
9.404000000000000000e+03 1.483898537219199669e-02
9.405000000000000000e+03 1.481713862719928262e-02
9.406000000000000000e+03 1.479482116273919332e-02
9.407000000000000000e+03 1.477211127504002297e-02
9.408000000000000000e+03 1.474910229174185294e-02
9.409000000000000000e+03 1.472590254037477869e-02
9.410000000000000000e+03 1.470263192717359210e-02
9.411000000000000000e+03 1.467941954360985762e-02
9.412000000000000000e+03 1.465640219258914842e-02
9.413000000000000000e+03 1.463371596231497970e-02
9.414000000000000000e+03 1.461149532732976264e-02
9.415000000000000000e+03 1.458986916444677054e-02
9.416000000000000000e+03 1.456895983833758103e-02
9.417000000000000000e+03 1.454887946280610314e-02
9.418000000000000000e+03 1.452972748738829215e-02
9.419000000000000000e+03 1.451158789128296003e-02
9.420000000000000000e+03 1.449452617595999374e-02
9.421000000000000000e+03 1.447858874735901552e-02
9.422000000000000000e+03 1.446380149762819048e-02
9.423000000000000000e+03 1.445016808228044916e-02
9.424000000000000000e+03 1.443767033409598319e-02
9.425000000000000000e+03 1.442626955455853649e-02
9.426000000000000000e+03 1.441590748892157547e-02
9.427000000000000000e+03 1.440650510112087036e-02
9.428000000000000000e+03 1.439797145229407445e-02
9.429000000000000000e+03 1.439020292453647987e-02
9.430000000000000000e+03 1.438308586219067160e-02
9.431000000000000000e+03 1.437649603416988470e-02
9.432000000000000000e+03 1.437030297513776714e-02
9.433000000000000000e+03 1.436437729820009938e-02
9.434000000000000000e+03 1.435859548655423791e-02
9.435000000000000000e+03 1.435284378829630551e-02
9.436000000000000000e+03 1.434702044154765807e-02
9.437000000000000000e+03 1.434103547750379196e-02
9.438000000000000000e+03 1.433481765957519277e-02
9.439000000000000000e+03 1.432831625159868179e-02
9.440000000000000000e+03 1.432150206203374257e-02
9.441000000000000000e+03 1.431436967858178838e-02
9.442000000000000000e+03 1.430693289362014974e-02
9.443000000000000000e+03 1.429922340800334271e-02
9.444000000000000000e+03 1.429129367569502602e-02
9.445000000000000000e+03 1.428321516074943995e-02
9.446000000000000000e+03 1.427507374955650638e-02
9.447000000000000000e+03 1.426697253363169368e-02
9.448000000000000000e+03 1.425902182870730089e-02
9.449000000000000000e+03 1.425133771768723190e-02
9.450000000000000000e+03 1.424403830126684881e-02
9.451000000000000000e+03 1.423724011715087404e-02
9.452000000000000000e+03 1.423105507990977611e-02
9.453000000000000000e+03 1.422558743824573965e-02
9.454000000000000000e+03 1.422093339958097752e-02
9.455000000000000000e+03 1.421717918609840745e-02
9.456000000000000000e+03 1.421439902563872114e-02
9.457000000000000000e+03 1.421265317111525608e-02
9.458000000000000000e+03 1.421198955859947349e-02
9.459000000000000000e+03 1.421244753631862277e-02
9.460000000000000000e+03 1.421405630166016308e-02
9.461000000000000000e+03 1.421683442243204878e-02
9.462000000000000000e+03 1.422079204431957004e-02
9.463000000000000000e+03 1.422593323790125562e-02
9.464000000000000000e+03 1.423225909613751346e-02
9.465000000000000000e+03 1.423977309720906095e-02
9.466000000000000000e+03 1.424847867473890556e-02
9.467000000000000000e+03 1.425838324092839129e-02
9.468000000000000000e+03 1.426949319161528035e-02
9.469000000000000000e+03 1.428181499420478652e-02
9.470000000000000000e+03 1.429535424577751436e-02
9.471000000000000000e+03 1.431011884595188854e-02
9.472000000000000000e+03 1.432611450943199229e-02
9.473000000000000000e+03 1.434334066261225282e-02
9.474000000000000000e+03 1.436179060318288833e-02
9.475000000000000000e+03 1.438144517298820327e-02
9.476000000000000000e+03 1.440226836690513060e-02
9.477000000000000000e+03 1.442420471069428764e-02
9.478000000000000000e+03 1.444718024042591226e-02
9.479000000000000000e+03 1.447109776628226034e-02
9.480000000000000000e+03 1.449583560655743654e-02
9.481000000000000000e+03 1.452124759804921533e-02
9.482000000000000000e+03 1.454716156683054720e-02
9.483000000000000000e+03 1.457338351392932149e-02
9.484000000000000000e+03 1.459970282723289589e-02
9.485000000000000000e+03 1.462589136454930244e-02
9.486000000000000000e+03 1.465170702020835054e-02
9.487000000000000000e+03 1.467689947754190205e-02
9.488000000000000000e+03 1.470121868016167725e-02
9.489000000000000000e+03 1.472442268555523327e-02
9.490000000000000000e+03 1.474628222588585981e-02
9.491000000000000000e+03 1.476658312960528810e-02
9.492000000000000000e+03 1.478513714527987868e-02
9.493000000000000000e+03 1.480178986886913038e-02
9.494000000000000000e+03 1.481642076088727361e-02
9.495000000000000000e+03 1.482894879248588746e-02
9.496000000000000000e+03 1.483934023528685718e-02
9.497000000000000000e+03 1.484760924348795322e-02
9.498000000000000000e+03 1.485382073223213105e-02
9.499000000000000000e+03 1.485808971884509597e-02
9.500000000000000000e+03 1.486057967540954650e-02
9.501000000000000000e+03 1.486149851889752120e-02
9.502000000000000000e+03 1.486109668742234199e-02
9.503000000000000000e+03 1.485966057916305455e-02
9.504000000000000000e+03 1.485751146345015879e-02
9.505000000000000000e+03 1.485499211530623420e-02
9.506000000000000000e+03 1.485246090693908769e-02
9.507000000000000000e+03 1.485028280993700572e-02
9.508000000000000000e+03 1.484882375812325052e-02
9.509000000000000000e+03 1.484844151883175575e-02
9.510000000000000000e+03 1.484947685342422746e-02
9.511000000000000000e+03 1.485224754665139847e-02
9.512000000000000000e+03 1.485703684211479685e-02
9.513000000000000000e+03 1.486409124766560098e-02
9.514000000000000000e+03 1.487361097865252425e-02
9.515000000000000000e+03 1.488574543289971144e-02
9.516000000000000000e+03 1.490059917597666081e-02
9.517000000000000000e+03 1.491822454867784004e-02
9.518000000000000000e+03 1.493862175117958643e-02
9.519000000000000000e+03 1.496174298515988779e-02
9.520000000000000000e+03 1.498748962252944433e-02
9.521000000000000000e+03 1.501571686743920046e-02
9.522000000000000000e+03 1.504623974817819940e-02
9.523000000000000000e+03 1.507884064896484327e-02
9.524000000000000000e+03 1.511327423546583379e-02
9.525000000000000000e+03 1.514927366999325661e-02
9.526000000000000000e+03 1.518655443085211061e-02
9.527000000000000000e+03 1.522482682204303467e-02
9.528000000000000000e+03 1.526380146047593908e-02
9.529000000000000000e+03 1.530319806975127817e-02
9.530000000000000000e+03 1.534275029430556998e-02
9.531000000000000000e+03 1.538221356920618441e-02
9.532000000000000000e+03 1.542137237379679129e-02
9.533000000000000000e+03 1.546004455832849893e-02
9.534000000000000000e+03 1.549807810436334976e-02
9.535000000000000000e+03 1.553535344283920802e-02
9.536000000000000000e+03 1.557178753285055894e-02
9.537000000000000000e+03 1.560733397985822335e-02
9.538000000000000000e+03 1.564197959223474071e-02
9.539000000000000000e+03 1.567574500466702159e-02
9.540000000000000000e+03 1.570867589177427776e-02
9.541000000000000000e+03 1.574084086156143231e-02
9.542000000000000000e+03 1.577232554358594385e-02
9.543000000000000000e+03 1.580322697488699413e-02
9.544000000000000000e+03 1.583364772129905451e-02
9.545000000000000000e+03 1.586369400811626570e-02
9.546000000000000000e+03 1.589346810957081510e-02
9.547000000000000000e+03 1.592306205499215838e-02
9.548000000000000000e+03 1.595255750930553093e-02
9.549000000000000000e+03 1.598202227774007250e-02
9.550000000000000000e+03 1.601150508915815535e-02
9.551000000000000000e+03 1.604103489627867196e-02
9.552000000000000000e+03 1.607061935006018349e-02
9.553000000000000000e+03 1.610024430145350419e-02
9.554000000000000000e+03 1.612987188704186059e-02
9.555000000000000000e+03 1.615944423200928182e-02
9.556000000000000000e+03 1.618887791565121886e-02
9.557000000000000000e+03 1.621806687116053580e-02
9.558000000000000000e+03 1.624688749292685364e-02
9.559000000000000000e+03 1.627519995390684648e-02
9.560000000000000000e+03 1.630285316146802554e-02
9.561000000000000000e+03 1.632968519074845179e-02
9.562000000000000000e+03 1.635552532192325464e-02
9.563000000000000000e+03 1.638019982904793947e-02
9.564000000000000000e+03 1.640353581999644261e-02
9.565000000000000000e+03 1.642536480239601554e-02
9.566000000000000000e+03 1.644552030186551689e-02
9.567000000000000000e+03 1.646384340163081078e-02
9.568000000000000000e+03 1.648019219352549886e-02
9.569000000000000000e+03 1.649443749087935868e-02
9.570000000000000000e+03 1.650646695049164114e-02
9.571000000000000000e+03 1.651618982525381724e-02
9.572000000000000000e+03 1.652353522669810365e-02
9.573000000000000000e+03 1.652845252598567072e-02
9.574000000000000000e+03 1.653091314616121632e-02
9.575000000000000000e+03 1.653091565129742244e-02
9.576000000000000000e+03 1.652848523358286040e-02
9.577000000000000000e+03 1.652366991424177034e-02
9.578000000000000000e+03 1.651653933651201639e-02
9.579000000000000000e+03 1.650718615433554096e-02
9.580000000000000000e+03 1.649572485392475710e-02
9.581000000000000000e+03 1.648228663384235237e-02
9.582000000000000000e+03 1.646701248543385593e-02
9.583000000000000000e+03 1.645005596020128469e-02
9.584000000000000000e+03 1.643157790391759632e-02
9.585000000000000000e+03 1.641174071919300481e-02
9.586000000000000000e+03 1.639070273820499024e-02
9.587000000000000000e+03 1.636861737338068251e-02
9.588000000000000000e+03 1.634562797034236695e-02
9.589000000000000000e+03 1.632186753853614655e-02
9.590000000000000000e+03 1.629745346489131982e-02
9.591000000000000000e+03 1.627248443411475481e-02
9.592000000000000000e+03 1.624703765485511348e-02
9.593000000000000000e+03 1.622116554704883945e-02
9.594000000000000000e+03 1.619489743293753975e-02
9.595000000000000000e+03 1.616824669830381478e-02
9.596000000000000000e+03 1.614120549545875610e-02
9.597000000000000000e+03 1.611374957062308710e-02
9.598000000000000000e+03 1.608583582264537515e-02
9.599000000000000000e+03 1.605740799185280399e-02
9.600000000000000000e+03 1.602839719725811934e-02
9.601000000000000000e+03 1.599872959451567947e-02
9.602000000000000000e+03 1.596833130140589210e-02
9.603000000000000000e+03 1.593713234152216093e-02
9.604000000000000000e+03 1.590506476787329274e-02
9.605000000000000000e+03 1.587206765290362365e-02
9.606000000000000000e+03 1.583809077182625133e-02
9.607000000000000000e+03 1.580310181301686212e-02
9.608000000000000000e+03 1.576708254972570070e-02
9.609000000000000000e+03 1.573003342647794067e-02
9.610000000000000000e+03 1.569196949346049474e-02
9.611000000000000000e+03 1.565292189570764714e-02
9.612000000000000000e+03 1.561293752125212687e-02
9.613000000000000000e+03 1.557207911916226942e-02
9.614000000000000000e+03 1.553042468909531307e-02
9.615000000000000000e+03 1.548806494326499320e-02
9.616000000000000000e+03 1.544509778563807334e-02
9.617000000000000000e+03 1.540162666151740842e-02
9.618000000000000000e+03 1.535776091467138012e-02
9.619000000000000000e+03 1.531361332890061530e-02
9.620000000000000000e+03 1.526930150734473121e-02
9.621000000000000000e+03 1.522494594937864529e-02
9.622000000000000000e+03 1.518066509677617505e-02
9.623000000000000000e+03 1.513657338045076850e-02
9.624000000000000000e+03 1.509278308509013830e-02
9.625000000000000000e+03 1.504940492518939618e-02
9.626000000000000000e+03 1.500654168122397825e-02
9.627000000000000000e+03 1.496428557819783414e-02
9.628000000000000000e+03 1.492272123779479244e-02
9.629000000000000000e+03 1.488192969586517658e-02
9.630000000000000000e+03 1.484198664688842102e-02
9.631000000000000000e+03 1.480295862252879041e-02
9.632000000000000000e+03 1.476490194258544240e-02
9.633000000000000000e+03 1.472786506158088767e-02
9.634000000000000000e+03 1.469188760141279873e-02
9.635000000000000000e+03 1.465699880923694229e-02
9.636000000000000000e+03 1.462321673909560207e-02
9.637000000000000000e+03 1.459055114369510811e-02
9.638000000000000000e+03 1.455900164581977463e-02
9.639000000000000000e+03 1.452855991393323630e-02
9.640000000000000000e+03 1.449920839533605510e-02
9.641000000000000000e+03 1.447092277083550545e-02
9.642000000000000000e+03 1.444367501338943843e-02
9.643000000000000000e+03 1.441742955362598777e-02
9.644000000000000000e+03 1.439215262481697774e-02
9.645000000000000000e+03 1.436781239672020420e-02
9.646000000000000000e+03 1.434438245753813512e-02
9.647000000000000000e+03 1.432184176913442811e-02
9.648000000000000000e+03 1.430017303169307114e-02
9.649000000000000000e+03 1.427936480609285665e-02
9.650000000000000000e+03 1.425941668423019032e-02
9.651000000000000000e+03 1.424033840060805189e-02
9.652000000000000000e+03 1.422215002209728865e-02
9.653000000000000000e+03 1.420488428430982664e-02
9.654000000000000000e+03 1.418858365966649965e-02
9.655000000000000000e+03 1.417329755369944704e-02
9.656000000000000000e+03 1.415907962499713020e-02
9.657000000000000000e+03 1.414598928509531832e-02
9.658000000000000000e+03 1.413409209237079939e-02
9.659000000000000000e+03 1.412345729977657408e-02
9.660000000000000000e+03 1.411415722468891375e-02
9.661000000000000000e+03 1.410626453090739474e-02
9.662000000000000000e+03 1.409984924007735493e-02
9.663000000000000000e+03 1.409497926172421922e-02
9.664000000000000000e+03 1.409172112075875866e-02
9.665000000000000000e+03 1.409013769275970634e-02
9.666000000000000000e+03 1.409028756333688057e-02
9.667000000000000000e+03 1.409222129150801417e-02
9.668000000000000000e+03 1.409597800005753243e-02
9.669000000000000000e+03 1.410158376336649935e-02
9.670000000000000000e+03 1.410905692006304141e-02
9.671000000000000000e+03 1.411840021721215421e-02
9.672000000000000000e+03 1.412960218605521789e-02
9.673000000000000000e+03 1.414263642355096176e-02
9.674000000000000000e+03 1.415746117341489668e-02
9.675000000000000000e+03 1.417401625492187636e-02
9.676000000000000000e+03 1.419222691612958415e-02
9.677000000000000000e+03 1.421200637113178081e-02
9.678000000000000000e+03 1.423325637338876057e-02
9.679000000000000000e+03 1.425587054330489621e-02
9.680000000000000000e+03 1.427973905560359080e-02
9.681000000000000000e+03 1.430474763099812835e-02
9.682000000000000000e+03 1.433078078717724482e-02
9.683000000000000000e+03 1.435772716367671523e-02
9.684000000000000000e+03 1.438548523730514769e-02
9.685000000000000000e+03 1.441396354699858023e-02
9.686000000000000000e+03 1.444308195860388895e-02
9.687000000000000000e+03 1.447277590485438088e-02
9.688000000000000000e+03 1.450299797196388275e-02
9.689000000000000000e+03 1.453371876809767156e-02
9.690000000000000000e+03 1.456492659037426918e-02
9.691000000000000000e+03 1.459662800651445429e-02
9.692000000000000000e+03 1.462884406445135073e-02
9.693000000000000000e+03 1.466161072070910898e-02
9.694000000000000000e+03 1.469497251939965235e-02
9.695000000000000000e+03 1.472898278594493571e-02
9.696000000000000000e+03 1.476370051472497384e-02
9.697000000000000000e+03 1.479918626489965319e-02
9.698000000000000000e+03 1.483549977469204167e-02
9.699000000000000000e+03 1.487269413187454654e-02
9.700000000000000000e+03 1.491081013928479380e-02
9.701000000000000000e+03 1.494987525440808970e-02
9.702000000000000000e+03 1.498990261677322910e-02
9.703000000000000000e+03 1.503088878218423671e-02
9.704000000000000000e+03 1.507280947340040693e-02
9.705000000000000000e+03 1.511561725718653902e-02
9.706000000000000000e+03 1.515924251502342307e-02
9.707000000000000000e+03 1.520359423883364813e-02
9.708000000000000000e+03 1.524855825214444828e-02
9.709000000000000000e+03 1.529400045019345573e-02
9.710000000000000000e+03 1.533976315017914448e-02
9.711000000000000000e+03 1.538566975940244483e-02
9.712000000000000000e+03 1.543152801255645232e-02
9.713000000000000000e+03 1.547713097126324037e-02
9.714000000000000000e+03 1.552225655162597223e-02
9.715000000000000000e+03 1.556667173365078143e-02
9.716000000000000000e+03 1.561013483380156372e-02
9.717000000000000000e+03 1.565239448097189429e-02
9.718000000000000000e+03 1.569319001758887749e-02
9.719000000000000000e+03 1.573225945318928315e-02
9.720000000000000000e+03 1.576933856546765267e-02
9.721000000000000000e+03 1.580416724335982626e-02
9.722000000000000000e+03 1.583649747974669175e-02
9.723000000000000000e+03 1.586608885386497567e-02
9.724000000000000000e+03 1.589270805773905504e-02
9.725000000000000000e+03 1.591613971308700540e-02
9.726000000000000000e+03 1.593618896509221838e-02
9.727000000000000000e+03 1.595268453196532071e-02
9.728000000000000000e+03 1.596547623739411059e-02
9.729000000000000000e+03 1.597443930709579324e-02
9.730000000000000000e+03 1.597947875025311493e-02
9.731000000000000000e+03 1.598053139622398339e-02
9.732000000000000000e+03 1.597756757925855586e-02
9.733000000000000000e+03 1.597059262899997931e-02
9.734000000000000000e+03 1.595965335759379558e-02
9.735000000000000000e+03 1.594483794098825249e-02
9.736000000000000000e+03 1.592626934059669652e-02
9.737000000000000000e+03 1.590410612374765914e-02
9.738000000000000000e+03 1.587854811892436269e-02
9.739000000000000000e+03 1.584982903735639853e-02
9.740000000000000000e+03 1.581821617697153765e-02
9.741000000000000000e+03 1.578400996074656726e-02
9.742000000000000000e+03 1.574753324464060744e-02
9.743000000000000000e+03 1.570912779670090298e-02
9.744000000000000000e+03 1.566915124805812881e-02
9.745000000000000000e+03 1.562797108495533188e-02
9.746000000000000000e+03 1.558595806280216323e-02
9.747000000000000000e+03 1.554348013744342658e-02
9.748000000000000000e+03 1.550089490432176274e-02
9.749000000000000000e+03 1.545854122092434058e-02
9.750000000000000000e+03 1.541673696240270473e-02
9.751000000000000000e+03 1.537577045472295068e-02
9.752000000000000000e+03 1.533589802512411518e-02
9.753000000000000000e+03 1.529733836794077914e-02
9.754000000000000000e+03 1.526027061860170744e-02
9.755000000000000000e+03 1.522483398749201362e-02
9.756000000000000000e+03 1.519112419250083154e-02
9.757000000000000000e+03 1.515919308673251489e-02
9.758000000000000000e+03 1.512905047641037448e-02
9.759000000000000000e+03 1.510066489249847071e-02
9.760000000000000000e+03 1.507396687142086369e-02
9.761000000000000000e+03 1.504885436284866471e-02
9.762000000000000000e+03 1.502519456992149754e-02
9.763000000000000000e+03 1.500282661860783892e-02
9.764000000000000000e+03 1.498156399715806081e-02
9.765000000000000000e+03 1.496120209774160978e-02
9.766000000000000000e+03 1.494152366307457611e-02
9.767000000000000000e+03 1.492229947841086646e-02
9.768000000000000000e+03 1.490329415506979303e-02
9.769000000000000000e+03 1.488427022913680134e-02
9.770000000000000000e+03 1.486499839944666751e-02
9.771000000000000000e+03 1.484525835239913771e-02
9.772000000000000000e+03 1.482484094945709860e-02
9.773000000000000000e+03 1.480355056847846087e-02
9.774000000000000000e+03 1.478121256343412071e-02
9.775000000000000000e+03 1.475767803361705162e-02
9.776000000000000000e+03 1.473281992620148820e-02
9.777000000000000000e+03 1.470654166384901748e-02
9.778000000000000000e+03 1.467877704183377652e-02
9.779000000000000000e+03 1.464948950618708175e-02
9.780000000000000000e+03 1.461867045046357644e-02
9.781000000000000000e+03 1.458633982898697480e-02
9.782000000000000000e+03 1.455254701290527135e-02
9.783000000000000000e+03 1.451736906732591266e-02
9.784000000000000000e+03 1.448091067450149073e-02
9.785000000000000000e+03 1.444329773041908883e-02
9.786000000000000000e+03 1.440467593369634640e-02
9.787000000000000000e+03 1.436521197148629865e-02
9.788000000000000000e+03 1.432509388549927515e-02
9.789000000000000000e+03 1.428452661288647993e-02
9.790000000000000000e+03 1.424372955903955087e-02
9.791000000000000000e+03 1.420293362276296885e-02
9.792000000000000000e+03 1.416238395901297034e-02
9.793000000000000000e+03 1.412233342187494897e-02
9.794000000000000000e+03 1.408304151800649287e-02
9.795000000000000000e+03 1.404477319869193788e-02
9.796000000000000000e+03 1.400779846403924118e-02
9.797000000000000000e+03 1.397238516450378595e-02
9.798000000000000000e+03 1.393879827021206330e-02
9.799000000000000000e+03 1.390729672624459873e-02
9.800000000000000000e+03 1.387813156912211243e-02
9.801000000000000000e+03 1.385154025467645426e-02
9.802000000000000000e+03 1.382774270062939528e-02
9.803000000000000000e+03 1.380693794794029226e-02
9.804000000000000000e+03 1.378930096400111591e-02
9.805000000000000000e+03 1.377497461764725338e-02
9.806000000000000000e+03 1.376406839492918741e-02
9.807000000000000000e+03 1.375665849344038204e-02
9.808000000000000000e+03 1.375278485724860597e-02
9.809000000000000000e+03 1.375244785253558998e-02
9.810000000000000000e+03 1.375560628260432371e-02
9.811000000000000000e+03 1.376217558382732825e-02
9.812000000000000000e+03 1.377202736950628240e-02
9.813000000000000000e+03 1.378499385926732976e-02
9.814000000000000000e+03 1.380087109554691341e-02
9.815000000000000000e+03 1.381942046742623206e-02
9.816000000000000000e+03 1.384037118050322757e-02
9.817000000000000000e+03 1.386342587048570996e-02
9.818000000000000000e+03 1.388826928486339152e-02
9.819000000000000000e+03 1.391457086123787205e-02
9.820000000000000000e+03 1.394199804636594639e-02
9.821000000000000000e+03 1.397022089900944349e-02
9.822000000000000000e+03 1.399891624911146076e-02
9.823000000000000000e+03 1.402777192863947572e-02
9.824000000000000000e+03 1.405649900411878352e-02
9.825000000000000000e+03 1.408484114560552489e-02
9.826000000000000000e+03 1.411257430166571077e-02
9.827000000000000000e+03 1.413951036335990216e-02
9.828000000000000000e+03 1.416549963824602701e-02
9.829000000000000000e+03 1.419043399087986657e-02
9.830000000000000000e+03 1.421424414236955105e-02
9.831000000000000000e+03 1.423690042710636788e-02
9.832000000000000000e+03 1.425840961085907480e-02
9.833000000000000000e+03 1.427880916043982457e-02
9.834000000000000000e+03 1.429816404809176357e-02
9.835000000000000000e+03 1.431656150464228477e-02
9.836000000000000000e+03 1.433410461030961390e-02
9.837000000000000000e+03 1.435090788645448576e-02
9.838000000000000000e+03 1.436708905858856411e-02
9.839000000000000000e+03 1.438276647772225927e-02
9.840000000000000000e+03 1.439805423166135370e-02
9.841000000000000000e+03 1.441305755190977478e-02
9.842000000000000000e+03 1.442787051597086909e-02
9.843000000000000000e+03 1.444257356950391993e-02
9.844000000000000000e+03 1.445723008009661137e-02
9.845000000000000000e+03 1.447188486921536718e-02
9.846000000000000000e+03 1.448657024774915696e-02
9.847000000000000000e+03 1.450129983765291800e-02
9.848000000000000000e+03 1.451606994752341860e-02
9.849000000000000000e+03 1.453086341096423116e-02
9.850000000000000000e+03 1.454564925508130407e-02
9.851000000000000000e+03 1.456038812933106719e-02
9.852000000000000000e+03 1.457502999898455803e-02
9.853000000000000000e+03 1.458952197496762859e-02
9.854000000000000000e+03 1.460381041415918790e-02
9.855000000000000000e+03 1.461784287324200543e-02
9.856000000000000000e+03 1.463157067548855050e-02
9.857000000000000000e+03 1.464494871478952409e-02
9.858000000000000000e+03 1.465793829074296326e-02
9.859000000000000000e+03 1.467050814045184337e-02
9.860000000000000000e+03 1.468263269298887910e-02
9.861000000000000000e+03 1.469429426649768167e-02
9.862000000000000000e+03 1.470548501956303947e-02
9.863000000000000000e+03 1.471621059345092769e-02
9.864000000000000000e+03 1.472648287052492552e-02
9.865000000000000000e+03 1.473632026121342656e-02
9.866000000000000000e+03 1.474574937781285983e-02
9.867000000000000000e+03 1.475480310698639580e-02
9.868000000000000000e+03 1.476351400002004662e-02
9.869000000000000000e+03 1.477191396034781279e-02
9.870000000000000000e+03 1.478003673848997390e-02
9.871000000000000000e+03 1.478791416081765182e-02
9.872000000000000000e+03 1.479558023794666152e-02
9.873000000000000000e+03 1.480306807378873810e-02
9.874000000000000000e+03 1.481041342730688576e-02
9.875000000000000000e+03 1.481765271546773080e-02
9.876000000000000000e+03 1.482482645034157755e-02
9.877000000000000000e+03 1.483198084154668112e-02
9.878000000000000000e+03 1.483916517503421073e-02
9.879000000000000000e+03 1.484643428603464772e-02
9.880000000000000000e+03 1.485385130155905328e-02
9.881000000000000000e+03 1.486148668428154823e-02
9.882000000000000000e+03 1.486942217676470897e-02
9.883000000000000000e+03 1.487775159868017123e-02
9.884000000000000000e+03 1.488657946798365231e-02
9.885000000000000000e+03 1.489601984901586448e-02
9.886000000000000000e+03 1.490619489598301803e-02
9.887000000000000000e+03 1.491723331922615615e-02
9.888000000000000000e+03 1.492926360997395493e-02
9.889000000000000000e+03 1.494241273022078181e-02
9.890000000000000000e+03 1.495680572851084897e-02
9.891000000000000000e+03 1.497256519048267495e-02
9.892000000000000000e+03 1.498980523821175428e-02
9.893000000000000000e+03 1.500862277386931336e-02
9.894000000000000000e+03 1.502909134040310811e-02
9.895000000000000000e+03 1.505126502993773402e-02
9.896000000000000000e+03 1.507517504650784934e-02
9.897000000000000000e+03 1.510082572652764535e-02
9.898000000000000000e+03 1.512819377909344759e-02
9.899000000000000000e+03 1.515722636937238271e-02
9.900000000000000000e+03 1.518783677194764786e-02
9.901000000000000000e+03 1.521990785540031262e-02
9.902000000000000000e+03 1.525329309398321988e-02
9.903000000000000000e+03 1.528781579061795279e-02
9.904000000000000000e+03 1.532327213222297105e-02
9.905000000000000000e+03 1.535943453550519394e-02
9.906000000000000000e+03 1.539605532284416337e-02
9.907000000000000000e+03 1.543287464998475619e-02
9.908000000000000000e+03 1.546962227425380254e-02
9.909000000000000000e+03 1.550602236611281493e-02
9.910000000000000000e+03 1.554179993145327066e-02
9.911000000000000000e+03 1.557668495779275866e-02
9.912000000000000000e+03 1.561042027080227976e-02
9.913000000000000000e+03 1.564276210016697644e-02
9.914000000000000000e+03 1.567348742858822724e-02
9.915000000000000000e+03 1.570239771007559890e-02
9.916000000000000000e+03 1.572932437374708822e-02
9.917000000000000000e+03 1.575413054729298684e-02
9.918000000000000000e+03 1.577671469920819899e-02
9.919000000000000000e+03 1.579701020100705844e-02
9.920000000000000000e+03 1.581498497236897421e-02
9.921000000000000000e+03 1.583063991717815686e-02
9.922000000000000000e+03 1.584400912027037617e-02
9.923000000000000000e+03 1.585515499203197370e-02
9.924000000000000000e+03 1.586416649843506999e-02
9.925000000000000000e+03 1.587115848886377564e-02
9.926000000000000000e+03 1.587626783062943622e-02
9.927000000000000000e+03 1.587964550624396814e-02
9.928000000000000000e+03 1.588145405284117906e-02
9.929000000000000000e+03 1.588186293256437301e-02
9.930000000000000000e+03 1.588104269596175844e-02
9.931000000000000000e+03 1.587916117284554618e-02
9.932000000000000000e+03 1.587638072011791218e-02
9.933000000000000000e+03 1.587285572800091818e-02
9.934000000000000000e+03 1.586872789004124817e-02
9.935000000000000000e+03 1.586412366503084717e-02
9.936000000000000000e+03 1.585915248489676299e-02
9.937000000000000000e+03 1.585390665896613954e-02
9.938000000000000000e+03 1.584845600086516940e-02
9.939000000000000000e+03 1.584284899176533618e-02
9.940000000000000000e+03 1.583711388891420949e-02
9.941000000000000000e+03 1.583126271878410735e-02
9.942000000000000000e+03 1.582528757389530319e-02
9.943000000000000000e+03 1.581916161626698361e-02
9.944000000000000000e+03 1.581284132743030965e-02
9.945000000000000000e+03 1.580627118946277554e-02
9.946000000000000000e+03 1.579939089832091068e-02
9.947000000000000000e+03 1.579213035624901090e-02
9.948000000000000000e+03 1.578441358999296482e-02
9.949000000000000000e+03 1.577616707742221860e-02
9.950000000000000000e+03 1.576731113494174094e-02
9.951000000000000000e+03 1.575776852306886439e-02
9.952000000000000000e+03 1.574747466797016618e-02
9.953000000000000000e+03 1.573637182636546117e-02
9.954000000000000000e+03 1.572441328249737230e-02
9.955000000000000000e+03 1.571156914788883474e-02
9.956000000000000000e+03 1.569782296240162384e-02
9.957000000000000000e+03 1.568317206658782423e-02
9.958000000000000000e+03 1.566762915797230427e-02
9.959000000000000000e+03 1.565122107398891210e-02
9.960000000000000000e+03 1.563398508302674128e-02
9.961000000000000000e+03 1.561597139970631425e-02
9.962000000000000000e+03 1.559724212077420041e-02
9.963000000000000000e+03 1.557786821188733919e-02
9.964000000000000000e+03 1.555792279848538379e-02
9.965000000000000000e+03 1.553748333393404138e-02
9.966000000000000000e+03 1.551662512533064434e-02
9.967000000000000000e+03 1.549541853533852563e-02
9.968000000000000000e+03 1.547392271329783159e-02
9.969000000000000000e+03 1.545218795643294590e-02
9.970000000000000000e+03 1.543024679773067828e-02
9.971000000000000000e+03 1.540811447175084031e-02
9.972000000000000000e+03 1.538579178612855050e-02
9.973000000000000000e+03 1.536326246955571975e-02
9.974000000000000000e+03 1.534049546448947900e-02
9.975000000000000000e+03 1.531744612348471916e-02
9.976000000000000000e+03 1.529405851700108010e-02
9.977000000000000000e+03 1.527026981355006190e-02
9.978000000000000000e+03 1.524601338979327328e-02
9.979000000000000000e+03 1.522122278826254678e-02
9.980000000000000000e+03 1.519583572930571780e-02
9.981000000000000000e+03 1.516979514039390638e-02
9.982000000000000000e+03 1.514305708392114577e-02
9.983000000000000000e+03 1.511559347485513446e-02
9.984000000000000000e+03 1.508739106465670915e-02
9.985000000000000000e+03 1.505845657891900606e-02
9.986000000000000000e+03 1.502882082984434084e-02
9.987000000000000000e+03 1.499853587073375280e-02
9.988000000000000000e+03 1.496766802218290476e-02
9.989000000000000000e+03 1.493629974792460777e-02
9.990000000000000000e+03 1.490452425352471050e-02
9.991000000000000000e+03 1.487244249270026908e-02
9.992000000000000000e+03 1.484015785198399516e-02
9.993000000000000000e+03 1.480777509565828730e-02
9.994000000000000000e+03 1.477539228006630873e-02
9.995000000000000000e+03 1.474309733669685457e-02
9.996000000000000000e+03 1.471096399826619591e-02
9.997000000000000000e+03 1.467904774995927759e-02
9.998000000000000000e+03 1.464738380888862442e-02
9.999000000000000000e+03 1.461599182107679688e-02
1.000000000000000000e+04 1.458487497296407330e-02
