# time_fs vacf
0.000000000000000000e+00 1.270007870929003543e-05
1.000000000000000000e+00 1.268150605659222637e-05
2.000000000000000000e+00 1.262584447122617426e-05
3.000000000000000000e+00 1.253331786795288119e-05
4.000000000000000000e+00 1.240429780721303150e-05
5.000000000000000000e+00 1.223930149349174337e-05
6.000000000000000000e+00 1.203898901499132206e-05
7.000000000000000000e+00 1.180415982649913466e-05
8.000000000000000000e+00 1.153574850782035335e-05
9.000000000000000000e+00 1.123481983973706442e-05
1.000000000000000000e+01 1.090256322621069249e-05
1.100000000000000000e+01 1.054028651552253040e-05
1.200000000000000000e+01 1.014940924745185561e-05
1.300000000000000000e+01 9.731455416193513118e-06
1.400000000000000000e+01 9.288045764094938250e-06
1.500000000000000000e+01 8.820889670627795955e-06
1.600000000000000000e+01 8.331776692600807401e-06
1.700000000000000000e+01 7.822567821103603483e-06
1.800000000000000000e+01 7.295186504993895976e-06
1.900000000000000000e+01 6.751609491111164278e-06
2.000000000000000000e+01 6.193857547398669138e-06
2.100000000000000000e+01 5.623986115346120101e-06
2.200000000000000000e+01 5.044075933840352780e-06
2.300000000000000000e+01 4.456223708694645606e-06
2.400000000000000000e+01 3.862532858005945585e-06
2.500000000000000000e+01 3.265104375587223984e-06
2.600000000000000000e+01 2.666027869416720467e-06
2.700000000000000000e+01 2.067372808221009886e-06
2.800000000000000000e+01 1.471180021301175739e-06
2.900000000000000000e+01 8.794534860061160508e-07
3.000000000000000000e+01 2.941523995060705188e-07
3.100000000000000000e+01 -2.828163790689244286e-07
3.200000000000000000e+01 -8.496055044334340038e-07
3.300000000000000000e+01 -1.404433941888277561e-06
3.400000000000000000e+01 -1.945593334544215086e-06
3.500000000000000000e+01 -2.471453936559858870e-06
3.600000000000000000e+01 -2.980470101754758821e-06
3.700000000000000000e+01 -3.471185290015939582e-06
3.800000000000000000e+01 -3.942236589356203384e-06
3.900000000000000000e+01 -4.392358771795215833e-06
4.000000000000000000e+01 -4.820387827491134729e-06
4.100000000000000000e+01 -5.225264011274530760e-06
4.200000000000000000e+01 -5.606034402558886156e-06
4.300000000000000000e+01 -5.961854939411575594e-06
4.400000000000000000e+01 -6.291991969680206471e-06
4.500000000000000000e+01 -6.595823307337174563e-06
4.600000000000000000e+01 -6.872838825796675348e-06
4.700000000000000000e+01 -7.122640531711461896e-06
4.800000000000000000e+01 -7.344942194276557246e-06
4.900000000000000000e+01 -7.539568513772731442e-06
5.000000000000000000e+01 -7.706453848937900219e-06
5.100000000000000000e+01 -7.845640504228477261e-06
5.200000000000000000e+01 -7.957276618622886557e-06
5.300000000000000000e+01 -8.041613655747115557e-06
5.400000000000000000e+01 -8.099003498201138632e-06
5.500000000000000000e+01 -8.129895196379124977e-06
5.600000000000000000e+01 -8.134831378567882785e-06
5.700000000000000000e+01 -8.114444325449675748e-06
5.800000000000000000e+01 -8.069451763227562205e-06
5.900000000000000000e+01 -8.000652363200714198e-06
6.000000000000000000e+01 -7.908920968209251476e-06
6.100000000000000000e+01 -7.795203613122143638e-06
6.200000000000000000e+01 -7.660512325310428570e-06
6.300000000000000000e+01 -7.505919734558446501e-06
6.400000000000000000e+01 -7.332553505946028341e-06
6.500000000000000000e+01 -7.141590635929998515e-06
6.600000000000000000e+01 -6.934251647132812520e-06
6.700000000000000000e+01 -6.711794667468233121e-06
6.800000000000000000e+01 -6.475509453690440664e-06
6.900000000000000000e+01 -6.226711363255205797e-06
7.000000000000000000e+01 -5.966735308998516053e-06
7.100000000000000000e+01 -5.696929717610114178e-06
7.200000000000000000e+01 -5.418650516650558531e-06
7.300000000000000000e+01 -5.133255167416299058e-06
7.400000000000000000e+01 -4.842096778052464102e-06
7.500000000000000000e+01 -4.546518318532015641e-06
7.600000000000000000e+01 -4.247846950268289709e-06
7.700000000000000000e+01 -3.947388513876613711e-06
7.800000000000000000e+01 -3.646422181886607843e-06
7.900000000000000000e+01 -3.346195300041201943e-06
8.000000000000000000e+01 -3.047918430387442837e-06
8.100000000000000000e+01 -2.752760627733598016e-06
8.200000000000000000e+01 -2.461844971053218716e-06
8.300000000000000000e+01 -2.176244362798900517e-06
8.400000000000000000e+01 -1.896977610084781535e-06
8.500000000000000000e+01 -1.625005799896602875e-06
8.600000000000000000e+01 -1.361228992754110167e-06
8.700000000000000000e+01 -1.106483244909649759e-06
8.800000000000000000e+01 -8.615379642571006485e-07
8.900000000000000000e+01 -6.270936241599727099e-07
9.000000000000000000e+01 -4.037798332390228075e-07
9.100000000000000000e+01 -1.921537655513198843e-07
9.200000000000000000e+01 7.301040605532324592e-09
9.300000000000000000e+01 1.941755103733363365e-07
9.400000000000000000e+01 3.681354849540785254e-07
9.500000000000000000e+01 5.289217969263072944e-07
9.600000000000000000e+01 6.763499777004444864e-07
9.700000000000000000e+01 8.103095919054874915e-07
9.800000000000000000e+01 9.307632081648275241e-07
9.900000000000000000e+01 1.037745029551112887e-06
1.000000000000000000e+02 1.131359169817341786e-06
1.010000000000000000e+02 1.211777593540199199e-06
1.020000000000000000e+02 1.279237732135004390e-06
1.030000000000000000e+02 1.334039816465452725e-06
1.040000000000000000e+02 1.376543904952753131e-06
1.050000000000000000e+02 1.407166632585627494e-06
1.060000000000000000e+02 1.426377737995826819e-06
1.070000000000000000e+02 1.434696341652651979e-06
1.080000000000000000e+02 1.432687026362595546e-06
1.090000000000000000e+02 1.420955734104551576e-06
1.100000000000000000e+02 1.400145489941493951e-06
1.110000000000000000e+02 1.370932012403188266e-06
1.120000000000000000e+02 1.334019196961607096e-06
1.130000000000000000e+02 1.290134541254960498e-06
1.140000000000000000e+02 1.240024493845382929e-06
1.150000000000000000e+02 1.184449764812526876e-06
1.160000000000000000e+02 1.124180647813407185e-06
1.170000000000000000e+02 1.059992356212496665e-06
1.180000000000000000e+02 9.926604168250958757e-07
1.190000000000000000e+02 9.229561185284377573e-07
1.200000000000000000e+02 8.516420649779775085e-07
1.210000000000000000e+02 7.794678570075369913e-07
1.220000000000000000e+02 7.071658924090919520e-07
1.230000000000000000e+02 6.354473395871962448e-07
1.240000000000000000e+02 5.649982940125687471e-07
1.250000000000000000e+02 4.964761371938399684e-07
1.260000000000000000e+02 4.305061123873329596e-07
1.270000000000000000e+02 3.676781286907649039e-07
1.280000000000000000e+02 3.085438233246886197e-07
1.290000000000000000e+02 2.536138843244072791e-07
1.300000000000000000e+02 2.033556371636468363e-07
1.310000000000000000e+02 1.581909249219399146e-07
1.320000000000000000e+02 1.184942727742544035e-07
1.330000000000000000e+02 8.459135046429474932e-08
1.340000000000000000e+02 5.675773408578227474e-08
1.350000000000000000e+02 3.521797284369216571e-08
1.360000000000000000e+02 2.014496418742362329e-08
1.370000000000000000e+02 1.165963316176754539e-08
1.380000000000000000e+02 9.830912034597837181e-09
1.390000000000000000e+02 1.467602835640140365e-08
1.400000000000000000e+02 2.616107708547768123e-08
1.410000000000000000e+02 4.420188768951893338e-08
1.420000000000000000e+02 6.866516834874049807e-08
1.430000000000000000e+02 9.936993045060049103e-08
1.440000000000000000e+02 1.360891474485830364e-07
1.450000000000000000e+02 1.785516862287814505e-07
1.460000000000000000e+02 2.264444639632312808e-07
1.470000000000000000e+02 2.794148231540433813e-07
1.480000000000000000e+02 3.370731177408863958e-07
1.490000000000000000e+02 3.989954795505723926e-07
1.500000000000000000e+02 4.647267604990637715e-07
1.510000000000000000e+02 5.337836303007806502e-07
1.520000000000000000e+02 6.056578089765155133e-07
1.530000000000000000e+02 6.798194235559134210e-07
1.540000000000000000e+02 7.557204526765918049e-07
1.550000000000000000e+02 8.327982553979076127e-07
1.560000000000000000e+02 9.104791561908752680e-07
1.570000000000000000e+02 9.881820640851044389e-07
1.580000000000000000e+02 1.065322123732478820e-06
1.590000000000000000e+02 1.141314354026811516e-06
1.600000000000000000e+02 1.215577269512399323e-06
1.610000000000000000e+02 1.287536465649051902e-06
1.620000000000000000e+02 1.356628140234408184e-06
1.630000000000000000e+02 1.422302525275630740e-06
1.640000000000000000e+02 1.484027232226865280e-06
1.650000000000000000e+02 1.541290480773831248e-06
1.660000000000000000e+02 1.593604196906650147e-06
1.670000000000000000e+02 1.640506955602365716e-06
1.680000000000000000e+02 1.681566762849307068e-06
1.690000000000000000e+02 1.716383658165513628e-06
1.700000000000000000e+02 1.744592130171091792e-06
1.710000000000000000e+02 1.765863306804224100e-06
1.720000000000000000e+02 1.779906959254641015e-06
1.730000000000000000e+02 1.786473266274829340e-06
1.740000000000000000e+02 1.785354336933983673e-06
1.750000000000000000e+02 1.776385505341330654e-06
1.760000000000000000e+02 1.759446370392348741e-06
1.770000000000000000e+02 1.734461584971480785e-06
1.780000000000000000e+02 1.701401389744896429e-06
1.790000000000000000e+02 1.660281894314440418e-06
1.800000000000000000e+02 1.611165090092797247e-06
1.810000000000000000e+02 1.554158614516309029e-06
1.820000000000000000e+02 1.489415257258965771e-06
1.830000000000000000e+02 1.417132209679015496e-06
1.840000000000000000e+02 1.337550086539276764e-06
1.850000000000000000e+02 1.250951691108301164e-06
1.860000000000000000e+02 1.157660543712547265e-06
1.870000000000000000e+02 1.058039195638986470e-06
1.880000000000000000e+02 9.524873292712424755e-07
1.890000000000000000e+02 8.414396507550145142e-07
1.900000000000000000e+02 7.253635920262982936e-07
1.910000000000000000e+02 6.047568367558967888e-07
1.920000000000000000e+02 4.801446808957726455e-07
1.930000000000000000e+02 3.520772462277025491e-07
1.940000000000000000e+02 2.211265681817155002e-07
1.950000000000000000e+02 8.788355308477844355e-08
1.960000000000000000e+02 -4.704515433575995420e-08
1.970000000000000000e+02 -1.830403835842547822e-07
1.980000000000000000e+02 -3.194737254395889776e-07
1.990000000000000000e+02 -4.557108595791879886e-07
2.000000000000000000e+02 -5.911148974754084447e-07
2.010000000000000000e+02 -7.250497566952775838e-07
2.020000000000000000e+02 -8.568835199333197046e-07
2.030000000000000000e+02 -9.859917700078686897e-07
2.040000000000000000e+02 -1.111760870781277598e-06
2.050000000000000000e+02 -1.233591203351595005e-06
2.060000000000000000e+02 -1.350900322204787324e-06
2.070000000000000000e+02 -1.463126004179517314e-06
2.080000000000000000e+02 -1.569729194822330293e-06
2.090000000000000000e+02 -1.670196823143286135e-06
2.100000000000000000e+02 -1.764044489103125299e-06
2.110000000000000000e+02 -1.850818989818933990e-06
2.120000000000000000e+02 -1.930100686552902985e-06
2.130000000000000000e+02 -2.001505674851310739e-06
2.140000000000000000e+02 -2.064687783211462357e-06
2.150000000000000000e+02 -2.119340367366845925e-06
2.160000000000000000e+02 -2.165197902569083584e-06
2.170000000000000000e+02 -2.202037349899675736e-06
2.180000000000000000e+02 -2.229679301593204910e-06
2.190000000000000000e+02 -2.247988912514904895e-06
2.200000000000000000e+02 -2.256876590777932358e-06
2.210000000000000000e+02 -2.256298455968792565e-06
2.220000000000000000e+02 -2.246256559868585340e-06
2.230000000000000000e+02 -2.226798877902507316e-06
2.240000000000000000e+02 -2.198019062165373730e-06
2.250000000000000000e+02 -2.160055959158920626e-06
2.260000000000000000e+02 -2.113092896158498288e-06
2.270000000000000000e+02 -2.057356756671656714e-06
2.280000000000000000e+02 -1.993116823629952127e-06
2.290000000000000000e+02 -1.920683410786138318e-06
2.300000000000000000e+02 -1.840406286564166004e-06
2.310000000000000000e+02 -1.752672907037409892e-06
2.320000000000000000e+02 -1.657906451718126435e-06
2.330000000000000000e+02 -1.556563689041038056e-06
2.340000000000000000e+02 -1.449132668340202045e-06
2.350000000000000000e+02 -1.336130261158716803e-06
2.360000000000000000e+02 -1.218099564894898291e-06
2.370000000000000000e+02 -1.095607173601521947e-06
2.380000000000000000e+02 -9.692403380946453150e-07
2.390000000000000000e+02 -8.396040182774979903e-07
2.400000000000000000e+02 -7.073178472886653695e-07
2.410000000000000000e+02 -5.730130463581372351e-07
2.420000000000000000e+02 -4.373292603096853850e-07
2.430000000000000000e+02 -3.009113713328220184e-07
2.440000000000000000e+02 -1.644062916373619519e-07
2.450000000000000000e+02 -2.845973895205569940e-08
2.460000000000000000e+02 1.062869686814155403e-07
2.470000000000000000e+02 2.392000877430164766e-07
2.480000000000000000e+02 3.696565834932763953e-07
2.490000000000000000e+02 4.970472119234763091e-07
2.500000000000000000e+02 6.207795206608521242e-07
2.510000000000000000e+02 7.402807514643139015e-07
2.520000000000000000e+02 8.550006506095616440e-07
2.530000000000000000e+02 9.644141581212042076e-07
2.540000000000000000e+02 1.068023949305426034e-06
2.550000000000000000e+02 1.165362838121611669e-06
2.560000000000000000e+02 1.255996025409354510e-06
2.570000000000000000e+02 1.339523178208851068e-06
2.580000000000000000e+02 1.415580318596667600e-06
2.590000000000000000e+02 1.483841528920828961e-06
2.600000000000000000e+02 1.544020455232918960e-06
2.610000000000000000e+02 1.595871610930059302e-06
2.620000000000000000e+02 1.639191461366783009e-06
2.630000000000000000e+02 1.673819294045567695e-06
2.640000000000000000e+02 1.699637872050651036e-06
2.650000000000000000e+02 1.716573863146245276e-06
2.660000000000000000e+02 1.724598048991886895e-06
2.670000000000000000e+02 1.723725307901319196e-06
2.680000000000000000e+02 1.714014377083347595e-06
2.690000000000000000e+02 1.695567390933350677e-06
2.700000000000000000e+02 1.668529211673803032e-06
2.710000000000000000e+02 1.633086536626347779e-06
2.720000000000000000e+02 1.589466806751398758e-06
2.730000000000000000e+02 1.537936912951863426e-06
2.740000000000000000e+02 1.478801719918086646e-06
2.750000000000000000e+02 1.412402392344444482e-06
2.760000000000000000e+02 1.339114553784207008e-06
2.770000000000000000e+02 1.259346274638944157e-06
2.780000000000000000e+02 1.173535929288604945e-06
2.790000000000000000e+02 1.082149898161946492e-06
2.800000000000000000e+02 9.856801270567107153e-07
2.810000000000000000e+02 8.846415951554536023e-07
2.820000000000000000e+02 7.795696714702224092e-07
2.830000000000000000e+02 6.710173850028142400e-07
2.840000000000000000e+02 5.595526161725238472e-07
2.850000000000000000e+02 4.457552382546527528e-07
2.860000000000000000e+02 3.302142039300014556e-07
2.870000000000000000e+02 2.135246115490776132e-07
2.880000000000000000e+02 9.628475423329055475e-08
2.890000000000000000e+02 -2.090683007926765793e-08
2.900000000000000000e+02 -1.374542977815698470e-07
2.910000000000000000e+02 -2.527673969499979381e-07
2.920000000000000000e+02 -3.662643312301527612e-07
2.930000000000000000e+02 -4.773745572230227220e-07
2.940000000000000000e+02 -5.855415200628615930e-07
2.950000000000000000e+02 -6.902252836622286711e-07
2.960000000000000000e+02 -7.909050916530511392e-07
2.970000000000000000e+02 -8.870817956680852459e-07
2.980000000000000000e+02 -9.782801712592028624e-07
2.990000000000000000e+02 -1.064051105985648076e-06
3.000000000000000000e+02 -1.143973631560392904e-06
3.010000000000000000e+02 -1.217656823497465602e-06
3.020000000000000000e+02 -1.284741523641962797e-06
3.030000000000000000e+02 -1.344901903452660601e-06
3.040000000000000000e+02 -1.397846865866658539e-06
3.050000000000000000e+02 -1.443321254299722640e-06
3.060000000000000000e+02 -1.481106881114754509e-06
3.070000000000000000e+02 -1.511023380783424286e-06
3.080000000000000000e+02 -1.532928860067135881e-06
3.090000000000000000e+02 -1.546720358651684383e-06
3.100000000000000000e+02 -1.552334131776350570e-06
3.110000000000000000e+02 -1.549745723470638306e-06
3.120000000000000000e+02 -1.538969859333767656e-06
3.130000000000000000e+02 -1.520060147196464022e-06
3.140000000000000000e+02 -1.493108591968585436e-06
3.150000000000000000e+02 -1.458244931967052335e-06
3.160000000000000000e+02 -1.415635799815289537e-06
3.170000000000000000e+02 -1.365483701833265221e-06
3.180000000000000000e+02 -1.308025836038227156e-06
3.190000000000000000e+02 -1.243532762495768893e-06
3.200000000000000000e+02 -1.172306912289075684e-06
3.210000000000000000e+02 -1.094680955286485948e-06
3.220000000000000000e+02 -1.011016036955843730e-06
3.230000000000000000e+02 -9.216998932329807899e-07
3.240000000000000000e+02 -8.271448373676458665e-07
3.250000000000000000e+02 -7.277856482426385929e-07
3.260000000000000000e+02 -6.240773765082414450e-07
3.270000000000000000e+02 -5.164930621870745102e-07
3.280000000000000000e+02 -4.055213749433998878e-07
3.290000000000000000e+02 -2.916642030235584799e-07
3.300000000000000000e+02 -1.754341941295308691e-07
3.310000000000000000e+02 -5.735225660188249967e-08
3.320000000000000000e+02 6.205496138362418604e-08
3.330000000000000000e+02 1.822575956676233783e-07
3.340000000000000000e+02 3.027251006857340758e-07
3.350000000000000000e+02 4.229287508828168678e-07
3.360000000000000000e+02 5.423441274177784208e-07
3.370000000000000000e+02 6.604535807593647503e-07
3.380000000000000000e+02 7.767486191999542870e-07
3.390000000000000000e+02 8.907322378056883669e-07
3.400000000000000000e+02 1.001921184351857137e-06
3.410000000000000000e+02 1.109848143084435833e-06
3.420000000000000000e+02 1.214063815604777582e-06
3.430000000000000000e+02 1.314138899892966925e-06
3.440000000000000000e+02 1.409665961671437203e-06
3.450000000000000000e+02 1.500261180185380633e-06
3.460000000000000000e+02 1.585565970113333983e-06
3.470000000000000000e+02 1.665248468724505198e-06
3.480000000000000000e+02 1.739004872506675084e-06
3.490000000000000000e+02 1.806560615651650563e-06
3.500000000000000000e+02 1.867671430044723810e-06
3.510000000000000000e+02 1.922124221869183568e-06
3.520000000000000000e+02 1.969737780590159831e-06
3.530000000000000000e+02 2.010363344015464139e-06
3.540000000000000000e+02 2.043884978117583381e-06
3.550000000000000000e+02 2.070219797680667017e-06
3.560000000000000000e+02 2.089318022299997889e-06
3.570000000000000000e+02 2.101162890581045283e-06
3.580000000000000000e+02 2.105770386708724497e-06
3.590000000000000000e+02 2.103188806275285164e-06
3.600000000000000000e+02 2.093498168869326931e-06
3.610000000000000000e+02 2.076809489457822763e-06
3.620000000000000000e+02 2.053263898196400268e-06
3.630000000000000000e+02 2.023031612699483039e-06
3.640000000000000000e+02 1.986310794991003056e-06
3.650000000000000000e+02 1.943326267542544279e-06
3.660000000000000000e+02 1.894328125277271018e-06
3.670000000000000000e+02 1.839590227346355743e-06
3.680000000000000000e+02 1.779408590282047033e-06
3.690000000000000000e+02 1.714099696548950180e-06
3.700000000000000000e+02 1.643998719624068427e-06
3.710000000000000000e+02 1.569457677233981698e-06
3.720000000000000000e+02 1.490843521583050036e-06
3.730000000000000000e+02 1.408536187447316429e-06
3.740000000000000000e+02 1.322926593075219997e-06
3.750000000000000000e+02 1.234414616820603259e-06
3.760000000000000000e+02 1.143407053672210849e-06
3.770000000000000000e+02 1.050315578036990244e-06
3.780000000000000000e+02 9.555546913946306119e-07
3.790000000000000000e+02 8.595396820867692516e-07
3.800000000000000000e+02 7.626846217058609618e-07
3.810000000000000000e+02 6.654003888524119710e-07
3.820000000000000000e+02 5.680927510725999088e-07
3.830000000000000000e+02 4.711604724804943782e-07
3.840000000000000000e+02 3.749935067707093072e-07
3.850000000000000000e+02 2.799712483585364593e-07
3.860000000000000000e+02 1.864608724451304285e-07
3.870000000000000000e+02 9.481575582842770127e-08
3.880000000000000000e+02 5.373991748612121325e-09
3.890000000000000000e+02 -8.154299592960189041e-08
3.900000000000000000e+02 -1.656317371029508818e-07
3.910000000000000000e+02 -2.466078858538298177e-07
3.920000000000000000e+02 -3.242072755148717076e-07
3.930000000000000000e+02 -3.981868597694849985e-07
3.940000000000000000e+02 -4.683255319390078084e-07
3.950000000000000000e+02 -5.344248262319066891e-07
3.960000000000000000e+02 -5.963094872070528787e-07
3.970000000000000000e+02 -6.538279176684227492e-07
3.980000000000000000e+02 -7.068525017786868379e-07
3.990000000000000000e+02 -7.552797951446216328e-07
4.000000000000000000e+02 -7.990306010868417734e-07
4.010000000000000000e+02 -8.380499090003524228e-07
4.020000000000000000e+02 -8.723067255446470940e-07
4.030000000000000000e+02 -9.017937840505646830e-07
4.040000000000000000e+02 -9.265271447784885415e-07
4.050000000000000000e+02 -9.465456763563245795e-07
4.060000000000000000e+02 -9.619104333551688536e-07
4.070000000000000000e+02 -9.727039269351488010e-07
4.080000000000000000e+02 -9.790293091471209217e-07
4.090000000000000000e+02 -9.810094626140643983e-07
4.100000000000000000e+02 -9.787860083519490880e-07
4.110000000000000000e+02 -9.725182297631690196e-07
4.120000000000000000e+02 -9.623819251495553803e-07
4.130000000000000000e+02 -9.485681998112144201e-07
4.140000000000000000e+02 -9.312821924856949081e-07
4.150000000000000000e+02 -9.107417605613503266e-07
4.160000000000000000e+02 -8.871761124967920353e-07
4.170000000000000000e+02 -8.608244137011897775e-07
4.180000000000000000e+02 -8.319343613490250638e-07
4.190000000000000000e+02 -8.007607342499260650e-07
4.200000000000000000e+02 -7.675639326888767503e-07
4.210000000000000000e+02 -7.326085222032558051e-07
4.220000000000000000e+02 -6.961617719244667142e-07
4.230000000000000000e+02 -6.584922010288689003e-07
4.240000000000000000e+02 -6.198681526237660451e-07
4.250000000000000000e+02 -5.805563838691512675e-07
4.260000000000000000e+02 -5.408206973553944662e-07
4.270000000000000000e+02 -5.009206017442626759e-07
4.280000000000000000e+02 -4.611100231315559777e-07
4.290000000000000000e+02 -4.216360679038071662e-07
4.300000000000000000e+02 -3.827378438905232273e-07
4.310000000000000000e+02 -3.446453424036206192e-07
4.320000000000000000e+02 -3.075783860040557794e-07
4.330000000000000000e+02 -2.717456524451592095e-07
4.340000000000000000e+02 -2.373437794774848635e-07
4.350000000000000000e+02 -2.045565379138801898e-07
4.360000000000000000e+02 -1.735540970860614075e-07
4.370000000000000000e+02 -1.444923779059417185e-07
4.380000000000000000e+02 -1.175124866856723401e-07
4.390000000000000000e+02 -9.274024857035837826e-08
4.400000000000000000e+02 -7.028582241428336553e-08
4.410000000000000000e+02 -5.024341504757869289e-08
4.420000000000000000e+02 -3.269108767051538649e-08
4.430000000000000000e+02 -1.769065845232333912e-08
4.440000000000000000e+02 -5.287687918418642640e-09
4.450000000000000000e+02 4.488437304641794968e-09
4.460000000000000000e+02 1.162433354926522705e-08
4.470000000000000000e+02 1.612236292057322781e-08
4.480000000000000000e+02 1.800029271615241013e-08
4.490000000000000000e+02 1.729087224527395213e-08
4.500000000000000000e+02 1.404134262844030728e-08
4.510000000000000000e+02 8.312857892100300171e-09
4.520000000000000000e+02 1.798453307587844697e-10
4.530000000000000000e+02 -1.027068988659470623e-08
4.540000000000000000e+02 -2.293993942536705800e-08
4.550000000000000000e+02 -3.771810338775564627e-08
4.560000000000000000e+02 -5.448525983172659969e-08
4.570000000000000000e+02 -7.311226607223344631e-08
4.580000000000000000e+02 -9.346170864902870533e-08
4.590000000000000000e+02 -1.153888771596055503e-07
4.600000000000000000e+02 -1.387427558202664662e-07
4.610000000000000000e+02 -1.633670359020048868e-07
4.620000000000000000e+02 -1.891011478773145051e-07
4.630000000000000000e+02 -2.157812862917675101e-07
4.640000000000000000e+02 -2.432414456002085526e-07
4.650000000000000000e+02 -2.713144347361625841e-07
4.660000000000000000e+02 -2.998328891728703751e-07
4.670000000000000000e+02 -3.286302549850768913e-07
4.680000000000000000e+02 -3.575417473498770655e-07
4.690000000000000000e+02 -3.864052820569755276e-07
4.700000000000000000e+02 -4.150623742381652248e-07
4.710000000000000000e+02 -4.433589870858827870e-07
4.720000000000000000e+02 -4.711463419154431350e-07
4.730000000000000000e+02 -4.982816838002391443e-07
4.740000000000000000e+02 -5.246289777911326918e-07
4.750000000000000000e+02 -5.500595494755248743e-07
4.760000000000000000e+02 -5.744526757950645390e-07
4.770000000000000000e+02 -5.976961032347441273e-07
4.780000000000000000e+02 -6.196865065658324515e-07
4.790000000000000000e+02 -6.403298773426204805e-07
4.800000000000000000e+02 -6.595418441767891770e-07
4.810000000000000000e+02 -6.772479229992920285e-07
4.820000000000000000e+02 -6.933836885399871204e-07
4.830000000000000000e+02 -7.078948906288331556e-07
4.840000000000000000e+02 -7.207374904485809009e-07
4.850000000000000000e+02 -7.318776410679342977e-07
4.860000000000000000e+02 -7.412915818562430081e-07
4.870000000000000000e+02 -7.489654731111848852e-07
4.880000000000000000e+02 -7.548951675308703901e-07
4.890000000000000000e+02 -7.590859277687824009e-07
4.900000000000000000e+02 -7.615520775723580067e-07
4.910000000000000000e+02 -7.623166032869270892e-07
4.920000000000000000e+02 -7.614106971864611484e-07
4.930000000000000000e+02 -7.588732647081493489e-07
4.940000000000000000e+02 -7.547503749069103801e-07
4.950000000000000000e+02 -7.490946804519094705e-07
4.960000000000000000e+02 -7.419648043576845079e-07
4.970000000000000000e+02 -7.334246885083002607e-07
4.980000000000000000e+02 -7.235429196077527900e-07
4.990000000000000000e+02 -7.123920443425265630e-07
5.000000000000000000e+02 -7.000478578172507728e-07
5.010000000000000000e+02 -6.865886836536647978e-07
5.020000000000000000e+02 -6.720946549782754875e-07
5.030000000000000000e+02 -6.566469926224602544e-07
5.040000000000000000e+02 -6.403272892905064960e-07
5.050000000000000000e+02 -6.232168138395139661e-07
5.060000000000000000e+02 -6.053958145303362391e-07
5.070000000000000000e+02 -5.869428515425606603e-07
5.080000000000000000e+02 -5.679341497198120857e-07
5.090000000000000000e+02 -5.484429749052616395e-07
5.100000000000000000e+02 -5.285390618645185943e-07
5.110000000000000000e+02 -5.082880714085101182e-07
5.120000000000000000e+02 -4.877510764494636295e-07
5.130000000000000000e+02 -4.669841045532919545e-07
5.140000000000000000e+02 -4.460377220778776229e-07
5.150000000000000000e+02 -4.249566732328023103e-07
5.160000000000000000e+02 -4.037795672486282550e-07
5.170000000000000000e+02 -3.825386218043412791e-07
5.180000000000000000e+02 -3.612594686238824046e-07
5.190000000000000000e+02 -3.399610068189013729e-07
5.200000000000000000e+02 -3.186553150854643751e-07
5.210000000000000000e+02 -2.973476242492443245e-07
5.220000000000000000e+02 -2.760363535376691792e-07
5.230000000000000000e+02 -2.547132151620954228e-07
5.240000000000000000e+02 -2.333633600161754496e-07
5.250000000000000000e+02 -2.119655876701640415e-07
5.260000000000000000e+02 -1.904926137707174323e-07
5.270000000000000000e+02 -1.689113972935983819e-07
5.280000000000000000e+02 -1.471835044902576972e-07
5.290000000000000000e+02 -1.252655411866678048e-07
5.300000000000000000e+02 -1.031096305073177802e-07
5.310000000000000000e+02 -8.066392846613613123e-08
5.320000000000000000e+02 -5.787318756886907590e-08
5.330000000000000000e+02 -3.467935610931519693e-08
5.340000000000000000e+02 -1.102221322076696931e-08
5.350000000000000000e+02 1.315996527123808529e-08
5.360000000000000000e+02 3.792972205756462402e-08
5.370000000000000000e+02 6.334969564085882829e-08
5.380000000000000000e+02 8.948189155198563829e-08
5.390000000000000000e+02 1.163869491127660212e-07
5.400000000000000000e+02 1.441233858343902061e-07
5.410000000000000000e+02 1.727468518579439166e-07
5.420000000000000000e+02 2.023093774843493274e-07
5.430000000000000000e+02 2.328586322205441350e-07
5.440000000000000000e+02 2.644371955225159839e-07
5.450000000000000000e+02 2.970818591896611897e-07
5.460000000000000000e+02 3.308229259912280408e-07
5.470000000000000000e+02 3.656835533728028646e-07
5.480000000000000000e+02 4.016791322047237428e-07
5.490000000000000000e+02 4.388166973479388378e-07
5.500000000000000000e+02 4.770943790205448855e-07
5.510000000000000000e+02 5.165009004619586752e-07
5.520000000000000000e+02 5.570151247525716626e-07
5.530000000000000000e+02 5.986056630258713263e-07
5.540000000000000000e+02 6.412305361597150675e-07
5.550000000000000000e+02 6.848368990966660576e-07
5.560000000000000000e+02 7.293608166885905736e-07
5.570000000000000000e+02 7.747271170597944649e-07
5.580000000000000000e+02 8.208493084006066405e-07
5.590000000000000000e+02 8.676295660238311213e-07
5.600000000000000000e+02 9.149587867519408186e-07
5.610000000000000000e+02 9.627167345812497234e-07
5.620000000000000000e+02 1.010772238529681687e-06
5.630000000000000000e+02 1.058983468871053006e-06
5.640000000000000000e+02 1.107198282678456321e-06
5.650000000000000000e+02 1.155254656982876095e-06
5.660000000000000000e+02 1.202981172600211205e-06
5.670000000000000000e+02 1.250197584269229034e-06
5.680000000000000000e+02 1.296715445767320186e-06
5.690000000000000000e+02 1.342338819058915951e-06
5.700000000000000000e+02 1.386865025502316884e-06
5.710000000000000000e+02 1.430085466801515389e-06
5.720000000000000000e+02 1.471786489703137768e-06
5.730000000000000000e+02 1.511750321622293475e-06
5.740000000000000000e+02 1.549756042340231076e-06
5.750000000000000000e+02 1.585580604281678115e-06
5.760000000000000000e+02 1.618999885593929323e-06
5.770000000000000000e+02 1.649789781674149874e-06
5.780000000000000000e+02 1.677727321465384834e-06
5.790000000000000000e+02 1.702591803590620010e-06
5.800000000000000000e+02 1.724165956491309716e-06
5.810000000000000000e+02 1.742237098420203434e-06
5.820000000000000000e+02 1.756598313647318634e-06
5.830000000000000000e+02 1.767049619983349855e-06
5.840000000000000000e+02 1.773399121819997693e-06
5.850000000000000000e+02 1.775464164931290711e-06
5.860000000000000000e+02 1.773072466838317487e-06
5.870000000000000000e+02 1.766063209696226957e-06
5.880000000000000000e+02 1.754288102702050677e-06
5.890000000000000000e+02 1.737612414736032696e-06
5.900000000000000000e+02 1.715915950276817145e-06
5.910000000000000000e+02 1.689093983464780890e-06
5.920000000000000000e+02 1.657058128068294071e-06
5.930000000000000000e+02 1.619737152730842065e-06
5.940000000000000000e+02 1.577077721681848264e-06
5.950000000000000000e+02 1.529045078867703870e-06
5.960000000000000000e+02 1.475623642748300356e-06
5.970000000000000000e+02 1.416817526555295718e-06
5.980000000000000000e+02 1.352650974896116831e-06
5.990000000000000000e+02 1.283168724121490675e-06
6.000000000000000000e+02 1.208436275181151258e-06
6.010000000000000000e+02 1.128540056395196467e-06
6.020000000000000000e+02 1.043587514330696140e-06
6.030000000000000000e+02 9.537071120077700854e-07
6.040000000000000000e+02 8.590482293850740826e-07
6.050000000000000000e+02 7.597809627610109152e-07
6.060000000000000000e+02 6.560958405206898960e-07
6.070000000000000000e+02 5.482034357912191589e-07
6.080000000000000000e+02 4.363339056417184284e-07
6.090000000000000000e+02 3.207364226390123390e-07
6.100000000000000000e+02 2.016785214555093829e-07
6.110000000000000000e+02 7.944536017811182825e-08
6.120000000000000000e+02 -4.566110217583961324e-08
6.130000000000000000e+02 -1.733230034163454734e-07
6.140000000000000000e+02 -3.032075666558915833e-07
6.150000000000000000e+02 -4.349681577849631882e-07
6.160000000000000000e+02 -5.682454028346018583e-07
6.170000000000000000e+02 -7.026683781134186883e-07
6.180000000000000000e+02 -8.378558609454699583e-07
6.190000000000000000e+02 -9.734176252125228474e-07
6.200000000000000000e+02 -1.108955794671816812e-06
6.210000000000000000e+02 -1.244066235304584468e-06
6.220000000000000000e+02 -1.378339990866113856e-06
6.230000000000000000e+02 -1.511364741130888555e-06
6.240000000000000000e+02 -1.642726292706434414e-06
6.250000000000000000e+02 -1.772010080604242251e-06
6.260000000000000000e+02 -1.898802683559195721e-06
6.270000000000000000e+02 -2.022693349778664724e-06
6.280000000000000000e+02 -2.143275517536911635e-06
6.290000000000000000e+02 -2.260148333385153147e-06
6.300000000000000000e+02 -2.372918153213813422e-06
6.310000000000000000e+02 -2.481200029128601686e-06
6.320000000000000000e+02 -2.584619175339962170e-06
6.330000000000000000e+02 -2.682812388332846262e-06
6.340000000000000000e+02 -2.775429441404471469e-06
6.350000000000000000e+02 -2.862134434126711322e-06
6.360000000000000000e+02 -2.942607103207265187e-06
6.370000000000000000e+02 -3.016544070460692146e-06
6.380000000000000000e+02 -3.083660040435080702e-06
6.390000000000000000e+02 -3.143688938227102629e-06
6.400000000000000000e+02 -3.196384980649378389e-06
6.410000000000000000e+02 -3.241523677536860522e-06
6.420000000000000000e+02 -3.278902746968903275e-06
6.430000000000000000e+02 -3.308342961305403696e-06
6.440000000000000000e+02 -3.329688922180395479e-06
6.450000000000000000e+02 -3.342809729241510299e-06
6.460000000000000000e+02 -3.347599577465222668e-06
6.470000000000000000e+02 -3.343978253103413272e-06
6.480000000000000000e+02 -3.331891548547641598e-06
6.490000000000000000e+02 -3.311311575545959446e-06
6.500000000000000000e+02 -3.282236972082125736e-06
6.510000000000000000e+02 -3.244693023430727087e-06
6.520000000000000000e+02 -3.198731687945889562e-06
6.530000000000000000e+02 -3.144431513094617163e-06
6.540000000000000000e+02 -3.081897456669846537e-06
6.550000000000000000e+02 -3.011260607830878981e-06
6.560000000000000000e+02 -2.932677818540561285e-06
6.570000000000000000e+02 -2.846331225400483366e-06
6.580000000000000000e+02 -2.752427691928083703e-06
6.590000000000000000e+02 -2.651198133670737889e-06
6.600000000000000000e+02 -2.542896774750357037e-06
6.610000000000000000e+02 -2.427800302302297064e-06
6.620000000000000000e+02 -2.306206955424474013e-06
6.630000000000000000e+02 -2.178435517290256334e-06
6.640000000000000000e+02 -2.044824223623826831e-06
6.650000000000000000e+02 -1.905729613786631853e-06
6.660000000000000000e+02 -1.761525298698215044e-06
6.670000000000000000e+02 -1.612600678384188468e-06
6.680000000000000000e+02 -1.459359590933606605e-06
6.690000000000000000e+02 -1.302218910772567091e-06
6.700000000000000000e+02 -1.141607098064761093e-06
6.710000000000000000e+02 -9.779627050428746064e-07
6.720000000000000000e+02 -8.117328346393729604e-07
6.730000000000000000e+02 -6.433715889044902757e-07
6.740000000000000000e+02 -4.733384828537844628e-07
6.750000000000000000e+02 -3.020968427248582031e-07
6.760000000000000000e+02 -1.301121927616188883e-07
6.770000000000000000e+02 4.214937325778295542e-08
6.780000000000000000e+02 2.142228167490164580e-07
6.790000000000000000e+02 3.856457579388591303e-07
6.800000000000000000e+02 5.559600722417012285e-07
6.810000000000000000e+02 7.247134699588304632e-07
6.820000000000000000e+02 8.914610362167388593e-07
6.830000000000000000e+02 1.055766749253167027e-06
6.840000000000000000e+02 1.217204951905521876e-06
6.850000000000000000e+02 1.375361773422031335e-06
6.860000000000000000e+02 1.529836509708276174e-06
6.870000000000000000e+02 1.680242917956974604e-06
6.880000000000000000e+02 1.826210476540802451e-06
6.890000000000000000e+02 1.967385558510067488e-06
6.900000000000000000e+02 2.103432539321480378e-06
6.910000000000000000e+02 2.234034820737215353e-06
6.920000000000000000e+02 2.358895770987375813e-06
6.930000000000000000e+02 2.477739566561333146e-06
6.940000000000000000e+02 2.590311964767643715e-06
6.950000000000000000e+02 2.696380971823508126e-06
6.960000000000000000e+02 2.795737414282094326e-06
6.970000000000000000e+02 2.888195408389732995e-06
6.980000000000000000e+02 2.973592724182799102e-06
6.990000000000000000e+02 3.051791063053629498e-06
7.000000000000000000e+02 3.122676226127482404e-06
7.010000000000000000e+02 3.186158169434808130e-06
7.020000000000000000e+02 3.242170969958771517e-06
7.030000000000000000e+02 3.290672690440821286e-06
7.040000000000000000e+02 3.331645138924823656e-06
7.050000000000000000e+02 3.365093523087879338e-06
7.060000000000000000e+02 3.391046041220601955e-06
7.070000000000000000e+02 3.409553347909515391e-06
7.080000000000000000e+02 3.420687934849061787e-06
7.090000000000000000e+02 3.424543450672875197e-06
7.100000000000000000e+02 3.421233920325810134e-06
7.110000000000000000e+02 3.410892897653517463e-06
7.120000000000000000e+02 3.393672540574366824e-06
7.130000000000000000e+02 3.369742624111323992e-06
7.140000000000000000e+02 3.339289505292934371e-06
7.150000000000000000e+02 3.302515030670067680e-06
7.160000000000000000e+02 3.259635379923695150e-06
7.170000000000000000e+02 3.210879895984074467e-06
7.180000000000000000e+02 3.156489862541123656e-06
7.190000000000000000e+02 3.096717260481178948e-06
7.200000000000000000e+02 3.031823514981944849e-06
7.210000000000000000e+02 2.962078221715663289e-06
7.220000000000000000e+02 2.887757855623929783e-06
7.230000000000000000e+02 2.809144491723229400e-06
7.240000000000000000e+02 2.726524524189152289e-06
7.250000000000000000e+02 2.640187414306312123e-06
7.260000000000000000e+02 2.550424450185166629e-06
7.270000000000000000e+02 2.457527524734639803e-06
7.280000000000000000e+02 2.361787954426402015e-06
7.290000000000000000e+02 2.263495333908020931e-06
7.300000000000000000e+02 2.162936432724655419e-06
7.310000000000000000e+02 2.060394144148922514e-06
7.320000000000000000e+02 1.956146484588970232e-06
7.330000000000000000e+02 1.850465648619268979e-06
7.340000000000000000e+02 1.743617124222326444e-06
7.350000000000000000e+02 1.635858881454583421e-06
7.360000000000000000e+02 1.527440617204936061e-06
7.370000000000000000e+02 1.418603081611947334e-06
7.380000000000000000e+02 1.309577473294767515e-06
7.390000000000000000e+02 1.200584908739546462e-06
7.400000000000000000e+02 1.091835971737948879e-06
7.410000000000000000e+02 9.835303331977813562e-07
7.420000000000000000e+02 8.758564485453651692e-07
7.430000000000000000e+02 7.689913403889501140e-07
7.440000000000000000e+02 6.631004520681346954e-07
7.450000000000000000e+02 5.583375751708576099e-07
7.460000000000000000e+02 4.548448513925789489e-07
7.470000000000000000e+02 3.527528478370447180e-07
7.480000000000000000e+02 2.521806934158918518e-07
7.490000000000000000e+02 1.532362947485253358e-07
7.500000000000000000e+02 5.601660596876328249e-08
7.510000000000000000e+02 -3.939204280643286455e-08
7.520000000000000000e+02 -1.329135603642991432e-07
7.530000000000000000e+02 -2.244816472470731857e-07
7.540000000000000000e+02 -3.140393172466609001e-07
7.550000000000000000e+02 -4.015383640073268108e-07
7.560000000000000000e+02 -4.869387954521049616e-07
7.570000000000000000e+02 -5.702082335513714030e-07
7.580000000000000000e+02 -6.513212900542411900e-07
7.590000000000000000e+02 -7.302589175209792258e-07
7.600000000000000000e+02 -8.070077414311918454e-07
7.610000000000000000e+02 -8.815593782627043909e-07
7.620000000000000000e+02 -9.539097572804729528e-07
7.630000000000000000e+02 -1.024058425587467672e-06
7.640000000000000000e+02 -1.092007871743588574e-06
7.650000000000000000e+02 -1.157762838832641471e-06
7.660000000000000000e+02 -1.221329669741400748e-06
7.670000000000000000e+02 -1.282715675941236585e-06
7.680000000000000000e+02 -1.341928505707192019e-06
7.690000000000000000e+02 -1.398975555225111096e-06
7.700000000000000000e+02 -1.453863408266254852e-06
7.710000000000000000e+02 -1.506597318761882118e-06
7.720000000000000000e+02 -1.557180722632483998e-06
7.730000000000000000e+02 -1.605614797997864448e-06
7.740000000000000000e+02 -1.651898070151271616e-06
7.750000000000000000e+02 -1.696026057440342907e-06
7.760000000000000000e+02 -1.737990972373950004e-06
7.770000000000000000e+02 -1.777781483225118919e-06
7.780000000000000000e+02 -1.815382525810096429e-06
7.790000000000000000e+02 -1.850775155036245288e-06
7.800000000000000000e+02 -1.883936471519928441e-06
7.810000000000000000e+02 -1.914839589532907183e-06
7.820000000000000000e+02 -1.943453675683153134e-06
7.830000000000000000e+02 -1.969744040039755119e-06
7.840000000000000000e+02 -1.993672270554094715e-06
7.850000000000000000e+02 -2.015196430844582652e-06
7.860000000000000000e+02 -2.034271322368301885e-06
7.870000000000000000e+02 -2.050848783740200867e-06
7.880000000000000000e+02 -2.064878037469900604e-06
7.890000000000000000e+02 -2.076306086143227532e-06
7.900000000000000000e+02 -2.085078169899478325e-06
7.910000000000000000e+02 -2.091138243485250037e-06
7.920000000000000000e+02 -2.094429499386026137e-06
7.930000000000000000e+02 -2.094894937864322374e-06
7.940000000000000000e+02 -2.092477947090140000e-06
7.950000000000000000e+02 -2.087122922622002368e-06
7.960000000000000000e+02 -2.078775909423445395e-06
7.970000000000000000e+02 -2.067385259753413671e-06
7.980000000000000000e+02 -2.052902305140959057e-06
7.990000000000000000e+02 -2.035282043993997819e-06
8.000000000000000000e+02 -2.014483827883435282e-06
8.010000000000000000e+02 -1.990472034353174863e-06
8.020000000000000000e+02 -1.963216750230179181e-06
8.030000000000000000e+02 -1.932694441519855665e-06
8.040000000000000000e+02 -1.898888605423517957e-06
8.050000000000000000e+02 -1.861790398967499467e-06
8.060000000000000000e+02 -1.821399246706862820e-06
8.070000000000000000e+02 -1.777723422349156495e-06
8.080000000000000000e+02 -1.730780587964444634e-06
8.090000000000000000e+02 -1.680598283426464221e-06
8.100000000000000000e+02 -1.627214392880948326e-06
8.110000000000000000e+02 -1.570677544226727338e-06
8.120000000000000000e+02 -1.511047476843133284e-06
8.130000000000000000e+02 -1.448395352572261865e-06
8.140000000000000000e+02 -1.382803995418465094e-06
8.150000000000000000e+02 -1.314368081233713553e-06
8.160000000000000000e+02 -1.243194258076522800e-06
8.170000000000000000e+02 -1.169401208731890164e-06
8.180000000000000000e+02 -1.093119650963522303e-06
8.190000000000000000e+02 -1.014492255957644175e-06
8.200000000000000000e+02 -9.336735065864919469e-07
8.210000000000000000e+02 -8.508294791232554356e-07
8.220000000000000000e+02 -7.661375557566733004e-07
8.230000000000000000e+02 -6.797860719116076845e-07
8.240000000000000000e+02 -5.919738839223962511e-07
8.250000000000000000e+02 -5.029098726193949672e-07
8.260000000000000000e+02 -4.128123788148387062e-07
8.270000000000000000e+02 -3.219085719573928234e-07
8.280000000000000000e+02 -2.304337563147027556e-07
8.290000000000000000e+02 -1.386306134867980849e-07
8.300000000000000000e+02 -4.674837635321394027e-08
8.310000000000000000e+02 4.495804722011686024e-08
8.320000000000000000e+02 1.362289980980964353e-07
8.330000000000000000e+02 2.268010494366119334e-07
8.340000000000000000e+02 3.164080271849758512e-07
8.350000000000000000e+02 4.047820673209578131e-07
8.360000000000000000e+02 4.916547127490593248e-07
8.370000000000000000e+02 5.767580402875525133e-07
8.380000000000000000e+02 6.598257980047789635e-07
8.390000000000000000e+02 7.405945822037326933e-07
8.400000000000000000e+02 8.188050129633212231e-07
8.410000000000000000e+02 8.942029159842684175e-07
8.420000000000000000e+02 9.665404947144669076e-07
8.430000000000000000e+02 1.035577511629866336e-06
8.440000000000000000e+02 1.101082455955441434e-06
8.450000000000000000e+02 1.162833677976173273e-06
8.460000000000000000e+02 1.220620503034799031e-06
8.470000000000000000e+02 1.274244311237064750e-06
8.480000000000000000e+02 1.323519578607792078e-06
8.490000000000000000e+02 1.368274878935661203e-06
8.500000000000000000e+02 1.408353818279928204e-06
8.510000000000000000e+02 1.443615927325356262e-06
8.520000000000000000e+02 1.473937485292098581e-06
8.530000000000000000e+02 1.499212282509461792e-06
8.540000000000000000e+02 1.519352301824006454e-06
8.550000000000000000e+02 1.534288337373108285e-06
8.560000000000000000e+02 1.543970516782126447e-06
8.570000000000000000e+02 1.548368749331700751e-06
8.580000000000000000e+02 1.547473081596405512e-06
8.590000000000000000e+02 1.541293966639020389e-06
8.600000000000000000e+02 1.529862436657319654e-06
8.610000000000000000e+02 1.513230187309192749e-06
8.620000000000000000e+02 1.491469570797365876e-06
8.630000000000000000e+02 1.464673482131963369e-06
8.640000000000000000e+02 1.432955153479512057e-06
8.650000000000000000e+02 1.396447867609611497e-06
8.660000000000000000e+02 1.355304547852713835e-06
8.670000000000000000e+02 1.309697283826866283e-06
8.680000000000000000e+02 1.259816748769021183e-06
8.690000000000000000e+02 1.205871521180708652e-06
8.700000000000000000e+02 1.148087330182792947e-06
8.710000000000000000e+02 1.086706215658093886e-06
8.720000000000000000e+02 1.021985605292943063e-06
8.730000000000000000e+02 9.541973109085551645e-07
8.740000000000000000e+02 8.836264499068194062e-07
8.750000000000000000e+02 8.105703091001728634e-07
8.760000000000000000e+02 7.353371314046175680e-07
8.770000000000000000e+02 6.582448591622249086e-07
8.780000000000000000e+02 5.796198108365560997e-07
8.790000000000000000e+02 4.997953200740363234e-07
8.800000000000000000e+02 4.191103340697792023e-07
8.810000000000000000e+02 3.379079749852342034e-07
8.820000000000000000e+02 2.565340661979457903e-07
8.830000000000000000e+02 1.753356456363607508e-07
8.840000000000000000e+02 9.465945898406564088e-08
8.850000000000000000e+02 1.485045179636810376e-08
8.860000000000000000e+02 -6.374972953609443951e-08
8.870000000000000000e+02 -1.408042576523818384e-07
8.880000000000000000e+02 -2.159826123665876055e-07
8.890000000000000000e+02 -2.889620463120034464e-07
8.900000000000000000e+02 -3.594290391139859032e-07
8.910000000000000000e+02 -4.270807008399079525e-07
8.920000000000000000e+02 -4.916261480554518245e-07
8.930000000000000000e+02 -5.527878266151450955e-07
8.940000000000000000e+02 -6.103027881293831785e-07
8.950000000000000000e+02 -6.639238904040632581e-07
8.960000000000000000e+02 -7.134209542822861290e-07
8.970000000000000000e+02 -7.585818466090938022e-07
8.980000000000000000e+02 -7.992134868661597062e-07
8.990000000000000000e+02 -8.351427640262687881e-07
9.000000000000000000e+02 -8.662173809783612852e-07
9.010000000000000000e+02 -8.923066078577772968e-07
9.020000000000000000e+02 -9.133019343808868208e-07
9.030000000000000000e+02 -9.291176416808551052e-07
9.040000000000000000e+02 -9.396912649408370269e-07
9.050000000000000000e+02 -9.449839627727565299e-07
9.060000000000000000e+02 -9.449807815257112200e-07
9.070000000000000000e+02 -9.396908108109886174e-07
9.080000000000000000e+02 -9.291472290172038070e-07
9.090000000000000000e+02 -9.134072462181675633e-07
9.100000000000000000e+02 -8.925519388674782819e-07
9.110000000000000000e+02 -8.666859795656631730e-07
9.120000000000000000e+02 -8.359372620467471929e-07
9.130000000000000000e+02 -8.004564137211685832e-07
9.140000000000000000e+02 -7.604161990479249704e-07
9.150000000000000000e+02 -7.160108325551787631e-07
9.160000000000000000e+02 -6.674551867701384789e-07
9.170000000000000000e+02 -6.149839042251538434e-07
9.180000000000000000e+02 -5.588504178489193777e-07
9.190000000000000000e+02 -4.993258726430521334e-07
9.200000000000000000e+02 -4.366979778250685424e-07
9.210000000000000000e+02 -3.712697740792124989e-07
9.220000000000000000e+02 -3.033583113013051825e-07
9.230000000000000000e+02 -2.332932772021620109e-07
9.240000000000000000e+02 -1.614155568140812199e-07
9.250000000000000000e+02 -8.807572554880525510e-08
9.260000000000000000e+02 -1.363250580468782445e-08
9.270000000000000000e+02 6.154882495303978326e-08
9.280000000000000000e+02 1.370980643947020225e-07
9.290000000000000000e+02 2.126417401049828673e-07
9.300000000000000000e+02 2.878047948327757375e-07
9.310000000000000000e+02 3.622122647553756900e-07
9.320000000000000000e+02 4.354909847956866702e-07
9.330000000000000000e+02 5.072712839083973186e-07
9.340000000000000000e+02 5.771886659618697800e-07
9.350000000000000000e+02 6.448854709789526955e-07
9.360000000000000000e+02 7.100125178657060679e-07
9.370000000000000000e+02 7.722307199098261876e-07
9.380000000000000000e+02 8.312126370508952186e-07
9.390000000000000000e+02 8.866439985852554572e-07
9.400000000000000000e+02 9.382251567431144543e-07
9.410000000000000000e+02 9.856724871220112644e-07
9.420000000000000000e+02 1.028719712139393172e-06
9.430000000000000000e+02 1.067119147247678805e-06
9.440000000000000000e+02 1.100642875180471474e-06
9.450000000000000000e+02 1.129083827856842868e-06
9.460000000000000000e+02 1.152256760270527522e-06
9.470000000000000000e+02 1.169999159735122148e-06
9.480000000000000000e+02 1.182172023259627176e-06
9.490000000000000000e+02 1.188660545957681148e-06
9.500000000000000000e+02 1.189374696338342338e-06
9.510000000000000000e+02 1.184249674227778821e-06
9.520000000000000000e+02 1.173246259844817145e-06
9.530000000000000000e+02 1.156351053833897858e-06
9.540000000000000000e+02 1.133576584696422244e-06
9.550000000000000000e+02 1.104961305305030261e-06
9.560000000000000000e+02 1.070569488594458131e-06
9.570000000000000000e+02 1.030490988471637734e-06
9.580000000000000000e+02 9.848408927371848205e-07
9.590000000000000000e+02 9.337590594138338210e-07
9.600000000000000000e+02 8.774095470501719496e-07
9.610000000000000000e+02 8.159799383630931319e-07
9.620000000000000000e+02 7.496805535322479436e-07
9.630000000000000000e+02 6.787435632492409362e-07
9.640000000000000000e+02 6.034220097638700031e-07
9.650000000000000000e+02 5.239887457670021204e-07
9.660000000000000000e+02 4.407352699067917622e-07
9.670000000000000000e+02 3.539704880051628338e-07
9.680000000000000000e+02 2.640194174990767960e-07
9.690000000000000000e+02 1.712218080169320707e-07
9.700000000000000000e+02 7.593070435533444244e-08
9.710000000000000000e+02 -2.148905861096325021e-08
9.720000000000000000e+02 -1.206623850778558993e-07
9.730000000000000000e+02 -2.212054962478324970e-07
9.740000000000000000e+02 -3.227275442992202285e-07
9.750000000000000000e+02 -4.248322438814488059e-07
9.760000000000000000e+02 -5.271195280487941862e-07
9.770000000000000000e+02 -6.291872228954846802e-07
9.780000000000000000e+02 -7.306326928660680503e-07
9.790000000000000000e+02 -8.310545162071103989e-07
9.800000000000000000e+02 -9.300541423887452254e-07
9.810000000000000000e+02 -1.027237510363932364e-06
9.820000000000000000e+02 -1.122216659380038276e-06
9.830000000000000000e+02 -1.214611315023740693e-06
9.840000000000000000e+02 -1.304050425778508816e-06
9.850000000000000000e+02 -1.390173644985519390e-06
9.860000000000000000e+02 -1.472632771198014140e-06
9.870000000000000000e+02 -1.551093145945439833e-06
9.880000000000000000e+02 -1.625234969444311160e-06
9.890000000000000000e+02 -1.694754557910725026e-06
9.900000000000000000e+02 -1.759365515075655071e-06
9.910000000000000000e+02 -1.818799841704816128e-06
9.920000000000000000e+02 -1.872808964107169573e-06
9.930000000000000000e+02 -1.921164669706088758e-06
9.940000000000000000e+02 -1.963659965001446601e-06
9.950000000000000000e+02 -2.000109830656015583e-06
9.960000000000000000e+02 -2.030351901769847050e-06
9.970000000000000000e+02 -2.054247031831723453e-06
9.980000000000000000e+02 -2.071679769924417231e-06
9.990000000000000000e+02 -2.082558733225538501e-06
1.000000000000000000e+03 -2.086816886654788789e-06
1.001000000000000000e+03 -2.084411722010462830e-06
1.002000000000000000e+03 -2.075325324650335612e-06
1.003000000000000000e+03 -2.059564359393297446e-06
1.004000000000000000e+03 -2.037159948563077575e-06
1.005000000000000000e+03 -2.008167450785530708e-06
1.006000000000000000e+03 -1.972666133069084057e-06
1.007000000000000000e+03 -1.930758769904967930e-06
1.008000000000000000e+03 -1.882571140139552180e-06
1.009000000000000000e+03 -1.828251437213295655e-06
1.010000000000000000e+03 -1.767969586079825287e-06
1.011000000000000000e+03 -1.701916480617808493e-06
1.012000000000000000e+03 -1.630303133587993877e-06
1.013000000000000000e+03 -1.553359772711641932e-06
1.014000000000000000e+03 -1.471334839288268246e-06
1.015000000000000000e+03 -1.384493938418816787e-06
1.016000000000000000e+03 -1.293118713950774543e-06
1.017000000000000000e+03 -1.197505680748319973e-06
1.018000000000000000e+03 -1.097964987371448145e-06
1.019000000000000000e+03 -9.948191490907838204e-07
1.020000000000000000e+03 -8.884017303215164120e-07
1.021000000000000000e+03 -7.790559915791314660e-07
1.022000000000000000e+03 -6.671335137552336907e-07
1.023000000000000000e+03 -5.529927942204093560e-07
1.024000000000000000e+03 -4.369978301804556829e-07
1.025000000000000000e+03 -3.195166872909536910e-07
1.026000000000000000e+03 -2.009200611869248833e-07
1.027000000000000000e+03 -8.157984618812236854e-08
1.028000000000000000e+03 3.813228763471682254e-08
1.029000000000000000e+03 1.578463002623387289e-07
1.030000000000000000e+03 2.771951744237407099e-07
1.031000000000000000e+03 3.958162761429869411e-07
1.032000000000000000e+03 5.133526754716534520e-07
1.033000000000000000e+03 6.294544447073180279e-07
1.034000000000000000e+03 7.437799017414819667e-07
1.035000000000000000e+03 8.559968093325431306e-07
1.036000000000000000e+03 9.657835153435620180e-07
1.037000000000000000e+03 1.072830036157196004e-06
1.038000000000000000e+03 1.176839086585716098e-06
1.039000000000000000e+03 1.277527033640457033e-06
1.040000000000000000e+03 1.374624783457409169e-06
1.041000000000000000e+03 1.467878591622117864e-06
1.042000000000000000e+03 1.557050817358467819e-06
1.043000000000000000e+03 1.641920572286355990e-06
1.044000000000000000e+03 1.722284296489425597e-06
1.045000000000000000e+03 1.797956265768701714e-06
1.046000000000000000e+03 1.868768992449530729e-06
1.047000000000000000e+03 1.934573563375513845e-06
1.048000000000000000e+03 1.995239886589567570e-06
1.049000000000000000e+03 2.050656850409944546e-06
1.050000000000000000e+03 2.100732408780549217e-06
1.051000000000000000e+03 2.145393571637308336e-06
1.052000000000000000e+03 2.184586315681040565e-06
1.053000000000000000e+03 2.218275424898872852e-06
1.054000000000000000e+03 2.246444246982747518e-06
1.055000000000000000e+03 2.269094365718855902e-06
1.056000000000000000e+03 2.286245204536048077e-06
1.057000000000000000e+03 2.297933570845131428e-06
1.058000000000000000e+03 2.304213122095904307e-06
1.059000000000000000e+03 2.305153769688674081e-06
1.060000000000000000e+03 2.300841025712407344e-06
1.061000000000000000e+03 2.291375300979627027e-06
1.062000000000000000e+03 2.276871138564811606e-06
1.063000000000000000e+03 2.257456408092191740e-06
1.064000000000000000e+03 2.233271464679928702e-06
1.065000000000000000e+03 2.204468257921213310e-06
1.066000000000000000e+03 2.171209422262547331e-06
1.067000000000000000e+03 2.133667334484364235e-06
1.068000000000000000e+03 2.092023156057995262e-06
1.069000000000000000e+03 2.046465850623179306e-06
1.070000000000000000e+03 1.997191194880324461e-06
1.071000000000000000e+03 1.944400798516995563e-06
1.072000000000000000e+03 1.888301104957911435e-06
1.073000000000000000e+03 1.829102412463369217e-06
1.074000000000000000e+03 1.767017910729341470e-06
1.075000000000000000e+03 1.702262731505700697e-06
1.076000000000000000e+03 1.635053019453245808e-06
1.077000000000000000e+03 1.565605022829846327e-06
1.078000000000000000e+03 1.494134224614243805e-06
1.079000000000000000e+03 1.420854499095467425e-06
1.080000000000000000e+03 1.345977319901576895e-06
1.081000000000000000e+03 1.269711011137225816e-06
1.082000000000000000e+03 1.192260039518363404e-06
1.083000000000000000e+03 1.113824339199992017e-06
1.084000000000000000e+03 1.034598706509382934e-06
1.085000000000000000e+03 9.547722471364351610e-07
1.086000000000000000e+03 8.745278621572918047e-07
1.087000000000000000e+03 7.940418061744426984e-07
1.088000000000000000e+03 7.134832956306361415e-07
1.089000000000000000e+03 6.330141699702739752e-07
1.090000000000000000e+03 5.527886194162475895e-07
1.091000000000000000e+03 4.729529704864713871e-07
1.092000000000000000e+03 3.936455169260457368e-07
1.093000000000000000e+03 3.149964162606839954e-07
1.094000000000000000e+03 2.371276373096516189e-07
1.095000000000000000e+03 1.601529725718417324e-07
1.096000000000000000e+03 8.417807835504793464e-08
1.097000000000000000e+03 9.300584889480840168e-09
1.098000000000000000e+03 -6.438974019764304754e-08
1.099000000000000000e+03 -1.368108068814102073e-07
1.100000000000000000e+03 -2.078879488880089983e-07
1.101000000000000000e+03 -2.775536569921885280e-07
1.102000000000000000e+03 -3.457472700172298998e-07
1.103000000000000000e+03 -4.124146102199076124e-07
1.104000000000000000e+03 -4.775076004388891901e-07
1.105000000000000000e+03 -5.409838720872251577e-07
1.106000000000000000e+03 -6.028063342635280157e-07
1.107000000000000000e+03 -6.629427292373785802e-07
1.108000000000000000e+03 -7.213651742160397472e-07
1.109000000000000000e+03 -7.780496934695365746e-07
1.110000000000000000e+03 -8.329757371499098822e-07
1.111000000000000000e+03 -8.861257013569623725e-07
1.112000000000000000e+03 -9.374844544584112249e-07
1.113000000000000000e+03 -9.870388662322075100e-07
1.114000000000000000e+03 -1.034777338381780603e-06
1.115000000000000000e+03 -1.080689353339485624e-06
1.116000000000000000e+03 -1.124765047412294940e-06
1.117000000000000000e+03 -1.166994793501337485e-06
1.118000000000000000e+03 -1.207368800765250837e-06
1.119000000000000000e+03 -1.245876749690336348e-06
1.120000000000000000e+03 -1.282507453184014136e-06
1.121000000000000000e+03 -1.317248551114968316e-06
1.122000000000000000e+03 -1.350086228234526287e-06
1.123000000000000000e+03 -1.381004984416424762e-06
1.124000000000000000e+03 -1.409987435933485049e-06
1.125000000000000000e+03 -1.437014147872072654e-06
1.126000000000000000e+03 -1.462063516953750575e-06
1.127000000000000000e+03 -1.485111695239007230e-06
1.128000000000000000e+03 -1.506132546105912548e-06
1.129000000000000000e+03 -1.525097659149203050e-06
1.130000000000000000e+03 -1.541976397186285680e-06
1.131000000000000000e+03 -1.556735981413169789e-06
1.132000000000000000e+03 -1.569341636664693225e-06
1.133000000000000000e+03 -1.579756765526071699e-06
1.134000000000000000e+03 -1.587943164352830469e-06
1.135000000000000000e+03 -1.593861282136968031e-06
1.136000000000000000e+03 -1.597470513687794596e-06
1.137000000000000000e+03 -1.598729521364408694e-06
1.138000000000000000e+03 -1.597596612158302150e-06
1.139000000000000000e+03 -1.594030122959136388e-06
1.140000000000000000e+03 -1.587988852828173215e-06
1.141000000000000000e+03 -1.579432502170597755e-06
1.142000000000000000e+03 -1.568322150855924855e-06
1.143000000000000000e+03 -1.554620742762479761e-06
1.144000000000000000e+03 -1.538293595466071101e-06
1.145000000000000000e+03 -1.519308906009922057e-06
1.146000000000000000e+03 -1.497638277870533353e-06
1.147000000000000000e+03 -1.473257258983739728e-06
1.148000000000000000e+03 -1.446145863855275680e-06
1.149000000000000000e+03 -1.416289098249926543e-06
1.150000000000000000e+03 -1.383677486911194898e-06
1.151000000000000000e+03 -1.348307584053639055e-06
1.152000000000000000e+03 -1.310182454970168514e-06
1.153000000000000000e+03 -1.269312159461433293e-06
1.154000000000000000e+03 -1.225714199169767975e-06
1.155000000000000000e+03 -1.179413955403926505e-06
1.156000000000000000e+03 -1.130445082027088182e-06
1.157000000000000000e+03 -1.078849866708083961e-06
1.158000000000000000e+03 -1.024679557852500937e-06
1.159000000000000000e+03 -9.679946594845177621e-07
1.160000000000000000e+03 -9.088651783767171520e-07
1.161000000000000000e+03 -8.473708301986490157e-07
1.162000000000000000e+03 -7.836011946179767019e-07
1.163000000000000000e+03 -7.176558184599636188e-07
1.164000000000000000e+03 -6.496442698444267990e-07
1.165000000000000000e+03 -5.796861398856582269e-07
1.166000000000000000e+03 -5.079109915326374996e-07
1.167000000000000000e+03 -4.344582573997176710e-07
1.168000000000000000e+03 -3.594770660620959172e-07
1.169000000000000000e+03 -2.831260339160485871e-07
1.170000000000000000e+03 -2.055729771700788489e-07
1.171000000000000000e+03 -1.269945793484586224e-07
1.172000000000000000e+03 -4.757600310304108120e-08
1.173000000000000000e+03 3.248957121133122036e-08
1.174000000000000000e+03 1.130014357534661908e-07
1.175000000000000000e+03 1.937519133769880825e-07
1.176000000000000000e+03 2.745269633254367339e-07
1.177000000000000000e+03 3.551068394001179061e-07
1.178000000000000000e+03 4.352667871379676885e-07
1.179000000000000000e+03 5.147778015608015339e-07
1.180000000000000000e+03 5.934073980300725835e-07
1.181000000000000000e+03 6.709204443971886227e-07
1.182000000000000000e+03 7.470800051159283256e-07
1.183000000000000000e+03 8.216482402468903811e-07
1.184000000000000000e+03 8.943873101681227917e-07
1.185000000000000000e+03 9.650603109285498100e-07
1.186000000000000000e+03 1.033432225126957991e-06
1.187000000000000000e+03 1.099270866559575363e-06
1.188000000000000000e+03 1.162347862243420807e-06
1.189000000000000000e+03 1.222439623771829116e-06
1.190000000000000000e+03 1.279328308844722623e-06
1.191000000000000000e+03 1.332802791963147436e-06
1.192000000000000000e+03 1.382659605587859094e-06
1.193000000000000000e+03 1.428703867202241743e-06
1.194000000000000000e+03 1.470750199492720804e-06
1.195000000000000000e+03 1.508623623099049577e-06
1.196000000000000000e+03 1.542160407096692921e-06
1.197000000000000000e+03 1.571208892235713125e-06
1.198000000000000000e+03 1.595630275762987843e-06
1.199000000000000000e+03 1.615299342376573021e-06
1.200000000000000000e+03 1.630105165988351144e-06
1.201000000000000000e+03 1.639951751773233259e-06
1.202000000000000000e+03 1.644758618550488124e-06
1.203000000000000000e+03 1.644461341800358404e-06
1.204000000000000000e+03 1.639012017870171738e-06
1.205000000000000000e+03 1.628379674757788188e-06
1.206000000000000000e+03 1.612550622222089554e-06
1.207000000000000000e+03 1.591528734600145685e-06
1.208000000000000000e+03 1.565335645100006736e-06
1.209000000000000000e+03 1.534010893721895972e-06
1.210000000000000000e+03 1.497611990535459654e-06
1.211000000000000000e+03 1.456214402671182629e-06
1.212000000000000000e+03 1.409911477593071361e-06
1.213000000000000000e+03 1.358814300552324149e-06
1.214000000000000000e+03 1.303051458765850087e-06
1.215000000000000000e+03 1.242768746687639248e-06
1.216000000000000000e+03 1.178128797545430725e-06
1.217000000000000000e+03 1.109310642004083941e-06
1.218000000000000000e+03 1.036509204433182899e-06
1.219000000000000000e+03 9.599347190514847395e-07
1.220000000000000000e+03 8.798121008632531874e-07
1.221000000000000000e+03 7.963802479081700227e-07
1.222000000000000000e+03 7.098912813605106697e-07
1.223000000000000000e+03 6.206097318860198358e-07
1.224000000000000000e+03 5.288116733095524413e-07
1.225000000000000000e+03 4.347838014316862687e-07
1.226000000000000000e+03 3.388224765346120388e-07
1.227000000000000000e+03 2.412327176633295064e-07
1.228000000000000000e+03 1.423271690145722544e-07
1.229000000000000000e+03 4.242501965752286508e-08
1.230000000000000000e+03 -5.814909067635472544e-08
1.231000000000000000e+03 -1.590661980367046706e-07
1.232000000000000000e+03 -2.599941656572072604e-07
1.233000000000000000e+03 -3.605988518539551659e-07
1.234000000000000000e+03 -4.605452844944089724e-07
1.235000000000000000e+03 -5.594988451102426547e-07
1.236000000000000000e+03 -6.571264487669378704e-07
1.237000000000000000e+03 -7.530977267471924824e-07
1.238000000000000000e+03 -8.470862078696939925e-07
1.239000000000000000e+03 -9.387704896767000298e-07
1.240000000000000000e+03 -1.027835380785946778e-06
1.241000000000000000e+03 -1.113973039071123637e-06
1.242000000000000000e+03 -1.196884080467993100e-06
1.243000000000000000e+03 -1.276278664334944847e-06
1.244000000000000000e+03 -1.351877542892586998e-06
1.245000000000000000e+03 -1.423413070380305489e-06
1.246000000000000000e+03 -1.490630180269615423e-06
1.247000000000000000e+03 -1.553287317340298520e-06
1.248000000000000000e+03 -1.611157335661570481e-06
1.249000000000000000e+03 -1.664028330318365733e-06
1.250000000000000000e+03 -1.711704411728281543e-06
1.251000000000000000e+03 -1.754006445212096245e-06
1.252000000000000000e+03 -1.790772716437859911e-06
1.253000000000000000e+03 -1.821859543921887757e-06
1.254000000000000000e+03 -1.847141828404213832e-06
1.255000000000000000e+03 -1.866513532814332185e-06
1.256000000000000000e+03 -1.879888105487504666e-06
1.257000000000000000e+03 -1.887198818047437298e-06
1.258000000000000000e+03 -1.888399057221236604e-06
1.259000000000000000e+03 -1.883462529512753480e-06
1.260000000000000000e+03 -1.872383400835786031e-06
1.261000000000000000e+03 -1.855176361447744105e-06
1.262000000000000000e+03 -1.831876632570029802e-06
1.263000000000000000e+03 -1.802539881466523762e-06
1.264000000000000000e+03 -1.767242081086301930e-06
1.265000000000000000e+03 -1.726079293360735700e-06
1.266000000000000000e+03 -1.679167372861172855e-06
1.267000000000000000e+03 -1.626641614307526314e-06
1.268000000000000000e+03 -1.568656329284540804e-06
1.269000000000000000e+03 -1.505384346135227950e-06
1.270000000000000000e+03 -1.437016444628817253e-06
1.271000000000000000e+03 -1.363760734252366313e-06
1.272000000000000000e+03 -1.285841968493945169e-06
1.273000000000000000e+03 -1.203500797337138624e-06
1.274000000000000000e+03 -1.116992964154172017e-06
1.275000000000000000e+03 -1.026588430653243673e-06
1.276000000000000000e+03 -9.325704820798846767e-07
1.277000000000000000e+03 -8.352347648374401588e-07
1.278000000000000000e+03 -7.348882818813919879e-07
1.279000000000000000e+03 -6.318483546193089812e-07
1.280000000000000000e+03 -5.264415415529529275e-07
1.281000000000000000e+03 -4.190025118036836899e-07
1.282000000000000000e+03 -3.098729017792731666e-07
1.283000000000000000e+03 -1.994001515128530822e-07
1.284000000000000000e+03 -8.793630192202075496e-08
1.285000000000000000e+03 2.416321139716042190e-08
1.286000000000000000e+03 1.365407764110585906e-07
1.287000000000000000e+03 2.488378368266678749e-07
1.288000000000000000e+03 3.606961240460552088e-07
1.289000000000000000e+03 4.717588756618304961e-07
1.290000000000000000e+03 5.816720778130576189e-07
1.291000000000000000e+03 6.900856747718626756e-07
1.292000000000000000e+03 7.966547579433604202e-07
1.293000000000000000e+03 9.010407474832090396e-07
1.294000000000000000e+03 1.002912542376417135e-06
1.295000000000000000e+03 1.101947652580550503e-06
1.296000000000000000e+03 1.197833285533389701e-06
1.297000000000000000e+03 1.290267397369830420e-06
1.298000000000000000e+03 1.378959708609146504e-06
1.299000000000000000e+03 1.463632665031198199e-06
1.300000000000000000e+03 1.544022356102771515e-06
1.301000000000000000e+03 1.619879390303445247e-06
1.302000000000000000e+03 1.690969703506618970e-06
1.303000000000000000e+03 1.757075315601702566e-06
1.304000000000000000e+03 1.817995022928757381e-06
1.305000000000000000e+03 1.873545028169041950e-06
1.306000000000000000e+03 1.923559502613043425e-06
1.307000000000000000e+03 1.967891074526132245e-06
1.308000000000000000e+03 2.006411280104537646e-06
1.309000000000000000e+03 2.039010909244932237e-06
1.310000000000000000e+03 2.065600294340009376e-06
1.311000000000000000e+03 2.086109520291568688e-06
1.312000000000000000e+03 2.100488570039051910e-06
1.313000000000000000e+03 2.108707390630982102e-06
1.314000000000000000e+03 2.110755891776159536e-06
1.315000000000000000e+03 2.106643861291046926e-06
1.316000000000000000e+03 2.096400819369114576e-06
1.317000000000000000e+03 2.080075805831557236e-06
1.318000000000000000e+03 2.057737085059501486e-06
1.319000000000000000e+03 2.029471788624951021e-06
1.320000000000000000e+03 1.995385494716828408e-06
1.321000000000000000e+03 1.955601750837814857e-06
1.322000000000000000e+03 1.910261525720691452e-06
1.323000000000000000e+03 1.859522608456031741e-06
1.324000000000000000e+03 1.803558953326578263e-06
1.325000000000000000e+03 1.742559972603892893e-06
1.326000000000000000e+03 1.676729783615246100e-06
1.327000000000000000e+03 1.606286418815160840e-06
1.328000000000000000e+03 1.531460987908997123e-06
1.329000000000000000e+03 1.452496794394531939e-06
1.330000000000000000e+03 1.369648442237594382e-06
1.331000000000000000e+03 1.283180904954036108e-06
1.332000000000000000e+03 1.193368571002021976e-06
1.333000000000000000e+03 1.100494265184181957e-06
1.334000000000000000e+03 1.004848265071736022e-06
1.335000000000000000e+03 9.067272979683261154e-07
1.336000000000000000e+03 8.064335257044201052e-07
1.337000000000000000e+03 7.042735379809702555e-07
1.338000000000000000e+03 6.005573359166551842e-07
1.339000000000000000e+03 4.955973197951126663e-07
1.340000000000000000e+03 3.897073037713186548e-07
1.341000000000000000e+03 2.832015141874379962e-07
1.342000000000000000e+03 1.763936059841140935e-07
1.343000000000000000e+03 6.959571683733766133e-08
1.344000000000000000e+03 -3.688247574115085913e-08
1.345000000000000000e+03 -1.427346749007817365e-07
1.346000000000000000e+03 -2.476588548731494156e-07
1.347000000000000000e+03 -3.513581197313929887e-07
1.348000000000000000e+03 -4.535415376331658502e-07
1.349000000000000000e+03 -5.539249427759285085e-07
1.350000000000000000e+03 -6.522317061612426798e-07
1.351000000000000000e+03 -7.481934702437006094e-07
1.352000000000000000e+03 -8.415508390797739744e-07
1.353000000000000000e+03 -9.320540404176534990e-07
1.354000000000000000e+03 -1.019463540659902221e-06
1.355000000000000000e+03 -1.103550629893328867e-06
1.356000000000000000e+03 -1.184097960345262733e-06
1.357000000000000000e+03 -1.260900054432715945e-06
1.358000000000000000e+03 -1.333763743829570647e-06
1.359000000000000000e+03 -1.402508594036554725e-06
1.360000000000000000e+03 -1.466967282164516457e-06
1.361000000000000000e+03 -1.526985932884509659e-06
1.362000000000000000e+03 -1.582424408360039302e-06
1.363000000000000000e+03 -1.633156553737320089e-06
1.364000000000000000e+03 -1.679070416965713261e-06
1.365000000000000000e+03 -1.720068417679790260e-06
1.366000000000000000e+03 -1.756067477752561544e-06
1.367000000000000000e+03 -1.786999115190057961e-06
1.368000000000000000e+03 -1.812809502360464597e-06
1.369000000000000000e+03 -1.833459484057763507e-06
1.370000000000000000e+03 -1.848924550824737455e-06
1.371000000000000000e+03 -1.859194785882476995e-06
1.372000000000000000e+03 -1.864274786059012469e-06
1.373000000000000000e+03 -1.864183532919478678e-06
1.374000000000000000e+03 -1.858954231340130317e-06
1.375000000000000000e+03 -1.848634130477007773e-06
1.376000000000000000e+03 -1.833284298296394711e-06
1.377000000000000000e+03 -1.812979370656511696e-06
1.378000000000000000e+03 -1.787807270894405557e-06
1.379000000000000000e+03 -1.757868897764403268e-06
1.380000000000000000e+03 -1.723277781834929754e-06
1.381000000000000000e+03 -1.684159726850321049e-06
1.382000000000000000e+03 -1.640652407495057366e-06
1.383000000000000000e+03 -1.592904957147598785e-06
1.384000000000000000e+03 -1.541077514028747360e-06
1.385000000000000000e+03 -1.485340748706209695e-06
1.386000000000000000e+03 -1.425875383301616721e-06
1.387000000000000000e+03 -1.362871671883859558e-06
1.388000000000000000e+03 -1.296528853234738610e-06
1.389000000000000000e+03 -1.227054603740547182e-06
1.390000000000000000e+03 -1.154664462677030871e-06
1.391000000000000000e+03 -1.079581233805794098e-06
1.392000000000000000e+03 -1.002034365738960581e-06
1.393000000000000000e+03 -9.222593244596573419e-07
1.394000000000000000e+03 -8.404969488165544606e-07
1.395000000000000000e+03 -7.569928025798162381e-07
1.396000000000000000e+03 -6.719964939174535386e-07
1.397000000000000000e+03 -5.857610004191003085e-07
1.398000000000000000e+03 -4.985419801145778277e-07
1.399000000000000000e+03 -4.105970714317700686e-07
1.400000000000000000e+03 -3.221851843360602178e-07
1.401000000000000000e+03 -2.335657893518139608e-07
1.402000000000000000e+03 -1.449982086692156110e-07
1.403000000000000000e+03 -5.674089355728284220e-08
1.404000000000000000e+03 3.094929010599491826e-08
1.405000000000000000e+03 1.178177856524920092e-07
1.406000000000000000e+03 2.036130528872080788e-07
1.407000000000000000e+03 2.880872694855444586e-07
1.408000000000000000e+03 3.709970361552196031e-07
1.409000000000000000e+03 4.521040735023483839e-07
1.410000000000000000e+03 5.311759058179427032e-07
1.411000000000000000e+03 6.079865242799480655e-07
1.412000000000000000e+03 6.823170501394753342e-07
1.413000000000000000e+03 7.539563698978331330e-07
1.414000000000000000e+03 8.227017554781346290e-07
1.415000000000000000e+03 8.883594639124081739e-07
1.416000000000000000e+03 9.507453126204394590e-07
1.417000000000000000e+03 1.009685239600086604e-06
1.418000000000000000e+03 1.065015821667817582e-06
1.419000000000000000e+03 1.116584774994807232e-06
1.420000000000000000e+03 1.164251425010543331e-06
1.421000000000000000e+03 1.207887140983341354e-06
1.422000000000000000e+03 1.247375750576839845e-06
1.423000000000000000e+03 1.282613898183860810e-06
1.424000000000000000e+03 1.313511381418274287e-06
1.425000000000000000e+03 1.339991448830868152e-06
1.426000000000000000e+03 1.361991056392873576e-06
1.427000000000000000e+03 1.379461088057003168e-06
1.428000000000000000e+03 1.392366527282574659e-06
1.429000000000000000e+03 1.400686596992417541e-06
1.430000000000000000e+03 1.404414847385868209e-06
1.431000000000000000e+03 1.403559199235706514e-06
1.432000000000000000e+03 1.398141948249454932e-06
1.433000000000000000e+03 1.388199728137853099e-06
1.434000000000000000e+03 1.373783413372871900e-06
1.435000000000000000e+03 1.354957983305148801e-06
1.436000000000000000e+03 1.331802350513366925e-06
1.437000000000000000e+03 1.304409137799096558e-06
1.438000000000000000e+03 1.272884405043230224e-06
1.439000000000000000e+03 1.237347331631496790e-06
1.440000000000000000e+03 1.197929852976084849e-06
1.441000000000000000e+03 1.154776261561708321e-06
1.442000000000000000e+03 1.108042768441476692e-06
1.443000000000000000e+03 1.057897012420781223e-06
1.444000000000000000e+03 1.004517528762623498e-06
1.445000000000000000e+03 9.480931929337288339e-07
1.446000000000000000e+03 8.888226195448235148e-07
1.447000000000000000e+03 8.269135208650561091e-07
1.448000000000000000e+03 7.625820487729605589e-07
1.449000000000000000e+03 6.960520899213405504e-07
1.450000000000000000e+03 6.275545392931699405e-07
1.451000000000000000e+03 5.573265467885662789e-07
1.452000000000000000e+03 4.856107381501371680e-07
1.453000000000000000e+03 4.126544164221529730e-07
1.454000000000000000e+03 3.387087403085399853e-07
1.455000000000000000e+03 2.640278883397374814e-07
1.456000000000000000e+03 1.888682084442480626e-07
1.457000000000000000e+03 1.134873570151102740e-07
1.458000000000000000e+03 3.814342968987717458e-08
1.459000000000000000e+03 -3.690590673653263832e-08
1.460000000000000000e+03 -1.114042946620137445e-07
1.461000000000000000e+03 -1.850975569792864067e-07
1.462000000000000000e+03 -2.577345735637967608e-07
1.463000000000000000e+03 -3.290681494601081151e-07
1.464000000000000000e+03 -3.988558677712682875e-07
1.465000000000000000e+03 -4.668609294842233990e-07
1.466000000000000000e+03 -5.328529822067179949e-07
1.467000000000000000e+03 -5.966089253843421641e-07
1.468000000000000000e+03 -6.579137080645538075e-07
1.469000000000000000e+03 -7.165610800895761750e-07
1.470000000000000000e+03 -7.723543319229566842e-07
1.471000000000000000e+03 -8.251069970163487090e-07
1.472000000000000000e+03 -8.746435122749360256e-07
1.473000000000000000e+03 -9.207998628484323141e-07
1.474000000000000000e+03 -9.634241757086301835e-07
1.475000000000000000e+03 -1.002377263905047641e-06
1.476000000000000000e+03 -1.037533143031659623e-06
1.477000000000000000e+03 -1.068779502273880916e-06
1.478000000000000000e+03 -1.096018114030374209e-06
1.479000000000000000e+03 -1.119165209762515490e-06
1.480000000000000000e+03 -1.138151795068225867e-06
1.481000000000000000e+03 -1.152923913032486079e-06
1.482000000000000000e+03 -1.163442857091785425e-06
1.483000000000000000e+03 -1.169685336021300082e-06
1.484000000000000000e+03 -1.171643578204772581e-06
1.485000000000000000e+03 -1.169325366934787970e-06
1.486000000000000000e+03 -1.162754027464076755e-06
1.487000000000000000e+03 -1.151968363821125441e-06
1.488000000000000000e+03 -1.137022533515595920e-06
1.489000000000000000e+03 -1.117985854644808347e-06
1.490000000000000000e+03 -1.094942561675735154e-06
1.491000000000000000e+03 -1.067991508693365594e-06
1.492000000000000000e+03 -1.037245806025099631e-06
1.493000000000000000e+03 -1.002832408081597848e-06
1.494000000000000000e+03 -9.648916438513374999e-07
1.495000000000000000e+03 -9.235766916328579961e-07
1.496000000000000000e+03 -8.790530145835906670e-07
1.497000000000000000e+03 -8.314977277197420149e-07
1.498000000000000000e+03 -7.810989186101993776e-07
1.499000000000000000e+03 -7.280549331505077611e-07
1.500000000000000000e+03 -6.725736124857094641e-07
1.501000000000000000e+03 -6.148714934916709306e-07
1.502000000000000000e+03 -5.551729705239874865e-07
1.503000000000000000e+03 -4.937094078982239770e-07
1.504000000000000000e+03 -4.307182393320169565e-07
1.505000000000000000e+03 -3.664420402318819193e-07
1.506000000000000000e+03 -3.011275647407814006e-07
1.507000000000000000e+03 -2.350247719532783991e-07
1.508000000000000000e+03 -1.683858304867146890e-07
1.509000000000000000e+03 -1.014641073295655699e-07
1.510000000000000000e+03 -3.451316728295489277e-08
1.511000000000000000e+03 3.221425194891036148e-08
1.512000000000000000e+03 9.846724494437608045e-08
1.513000000000000000e+03 1.639977495315697932e-07
1.514000000000000000e+03 2.285615608542265838e-07
1.515000000000000000e+03 2.919193086411132164e-07
1.516000000000000000e+03 3.538374253443119849e-07
1.517000000000000000e+03 4.140890833299531412e-07
1.518000000000000000e+03 4.724551199004451634e-07
1.519000000000000000e+03 5.287249221045737344e-07
1.520000000000000000e+03 5.826972856314270051e-07
1.521000000000000000e+03 6.341812196849630989e-07
1.522000000000000000e+03 6.829967237898189809e-07
1.523000000000000000e+03 7.289755024550371064e-07
1.524000000000000000e+03 7.719616464193026705e-07
1.525000000000000000e+03 8.118122534684598118e-07
1.526000000000000000e+03 8.483979976093427308e-07
1.527000000000000000e+03 8.816036326345153448e-07
1.528000000000000000e+03 9.113284452609053309e-07
1.529000000000000000e+03 9.374866253464812610e-07
1.530000000000000000e+03 9.600076064710307632e-07
1.531000000000000000e+03 9.788363154465171988e-07
1.532000000000000000e+03 9.939333590411790517e-07
1.533000000000000000e+03 1.005275139454251549e-06
1.534000000000000000e+03 1.012853896390851619e-06
1.535000000000000000e+03 1.016677690445530338e-06
1.536000000000000000e+03 1.016770313169017949e-06
1.537000000000000000e+03 1.013171115573420798e-06
1.538000000000000000e+03 1.005934788545268526e-06
1.539000000000000000e+03 9.951310650625882602e-07
1.540000000000000000e+03 9.808443550090404443e-07
1.541000000000000000e+03 9.631733217062078349e-07
1.542000000000000000e+03 9.422303828390641109e-07
1.543000000000000000e+03 9.181411671661368167e-07
1.544000000000000000e+03 8.910439005487961696e-07
1.545000000000000000e+03 8.610887543328490841e-07
1.546000000000000000e+03 8.284371230710788407e-07
1.547000000000000000e+03 7.932608501721565451e-07
1.548000000000000000e+03 7.557414369544536498e-07
1.549000000000000000e+03 7.160691854287030026e-07
1.550000000000000000e+03 6.744423144769317735e-07
1.551000000000000000e+03 6.310660376397612549e-07
1.552000000000000000e+03 5.861516208329191992e-07
1.553000000000000000e+03 5.399154099153398040e-07
1.554000000000000000e+03 4.925778392695180788e-07
1.555000000000000000e+03 4.443624278035242589e-07
1.556000000000000000e+03 3.954947552406925581e-07
1.557000000000000000e+03 3.462014442709130195e-07
1.558000000000000000e+03 2.967091390473498976e-07
1.559000000000000000e+03 2.472434952138310404e-07
1.560000000000000000e+03 1.980281616034195548e-07
1.561000000000000000e+03 1.492837818095716462e-07
1.562000000000000000e+03 1.012270101450823512e-07
1.563000000000000000e+03 5.406955302138073308e-08
1.564000000000000000e+03 8.017237615656094992e-09
1.565000000000000000e+03 -3.673088833942730146e-08
1.566000000000000000e+03 -7.998343468808251133e-08
1.567000000000000000e+03 -1.215575041686012296e-07
1.568000000000000000e+03 -1.612794709589320963e-07
1.569000000000000000e+03 -1.989857364844614217e-07
1.570000000000000000e+03 -2.345234269029967303e-07
1.571000000000000000e+03 -2.677510336137249089e-07
1.572000000000000000e+03 -2.985390140053584845e-07
1.573000000000000000e+03 -3.267703188553947995e-07
1.574000000000000000e+03 -3.523408733228974637e-07
1.575000000000000000e+03 -3.751599883473141490e-07
1.576000000000000000e+03 -3.951507141519135962e-07
1.577000000000000000e+03 -4.122501220298615855e-07
1.578000000000000000e+03 -4.264095338962267859e-07
1.579000000000000000e+03 -4.375946805582774295e-07
1.580000000000000000e+03 -4.457857788341173965e-07
1.581000000000000000e+03 -4.509775451153813662e-07
1.582000000000000000e+03 -4.531791524712456485e-07
1.583000000000000000e+03 -4.524141020404825268e-07
1.584000000000000000e+03 -4.487200490716615579e-07
1.585000000000000000e+03 -4.421485520853792935e-07
1.586000000000000000e+03 -4.327647496966912037e-07
1.587000000000000000e+03 -4.206469737604921495e-07
1.588000000000000000e+03 -4.058863124777832334e-07
1.589000000000000000e+03 -3.885861135577269872e-07
1.590000000000000000e+03 -3.688614085223046104e-07
1.591000000000000000e+03 -3.468383146273039445e-07
1.592000000000000000e+03 -3.226533554667990513e-07
1.593000000000000000e+03 -2.964527383892320907e-07
1.594000000000000000e+03 -2.683916008218084818e-07
1.595000000000000000e+03 -2.386332068769537472e-07
1.596000000000000000e+03 -2.073481027205691127e-07
1.597000000000000000e+03 -1.747132369020397102e-07
1.598000000000000000e+03 -1.409110571817617614e-07
1.599000000000000000e+03 -1.061285829751238927e-07
1.600000000000000000e+03 -7.055646196499500853e-08
1.601000000000000000e+03 -3.438799835721292089e-08
1.602000000000000000e+03 2.181823460891283311e-09
1.603000000000000000e+03 3.895731411470680003e-08
1.604000000000000000e+03 7.574306433322330332e-08
1.605000000000000000e+03 1.123449243342373018e-07
1.606000000000000000e+03 1.485709636832398161e-07
1.607000000000000000e+03 1.842324292536480653e-07
1.608000000000000000e+03 2.191446722462704049e-07
1.609000000000000000e+03 2.531280563876329616e-07
1.610000000000000000e+03 2.860088447121551201e-07
1.611000000000000000e+03 3.176200416891960316e-07
1.612000000000000000e+03 3.478022032984372111e-07
1.613000000000000000e+03 3.764042040135327929e-07
1.614000000000000000e+03 4.032839545442171252e-07
1.615000000000000000e+03 4.283090669045059875e-07
1.616000000000000000e+03 4.513574747204475611e-07
1.617000000000000000e+03 4.723179864395215153e-07
1.618000000000000000e+03 4.910907928115379256e-07
1.619000000000000000e+03 5.075878969370439079e-07
1.620000000000000000e+03 5.217334861354694138e-07
1.621000000000000000e+03 5.334642454542927345e-07
1.622000000000000000e+03 5.427295996252098592e-07
1.623000000000000000e+03 5.494918741612590333e-07
1.624000000000000000e+03 5.537264018940077436e-07
1.625000000000000000e+03 5.554215536364966103e-07
1.626000000000000000e+03 5.545786960892069307e-07
1.627000000000000000e+03 5.512120887385591827e-07
1.628000000000000000e+03 5.453487082771971119e-07
1.629000000000000000e+03 5.370280001280181605e-07
1.630000000000000000e+03 5.263015734509920350e-07
1.631000000000000000e+03 5.132328286116685230e-07
1.632000000000000000e+03 4.978965229850710625e-07
1.633000000000000000e+03 4.803782779860017924e-07
1.634000000000000000e+03 4.607740198796615927e-07
1.635000000000000000e+03 4.391893892696413560e-07
1.636000000000000000e+03 4.157390853013677633e-07
1.637000000000000000e+03 3.905461669270268731e-07
1.638000000000000000e+03 3.637413163732923524e-07
1.639000000000000000e+03 3.354620720689329835e-07
1.640000000000000000e+03 3.058520077656515341e-07
1.641000000000000000e+03 2.750599005390239584e-07
1.642000000000000000e+03 2.432388761630210714e-07
1.643000000000000000e+03 2.105455231182109933e-07
1.644000000000000000e+03 1.771389916268128010e-07
1.645000000000000000e+03 1.431801021361872428e-07
1.646000000000000000e+03 1.088304335335186422e-07
1.647000000000000000e+03 7.425141076078728424e-08
1.648000000000000000e+03 3.960340648374574830e-08
1.649000000000000000e+03 5.044853020155962234e-09
1.650000000000000000e+03 -2.926863632631868392e-08
1.651000000000000000e+03 -6.318512951514999118e-08
1.652000000000000000e+03 -9.655721035725156722e-08
1.653000000000000000e+03 -1.292427768120708643e-07
1.654000000000000000e+03 -1.611058200600045508e-07
1.655000000000000000e+03 -1.920171566867795827e-07
1.656000000000000000e+03 -2.218551221739225088e-07
1.657000000000000000e+03 -2.505062226526667763e-07
1.658000000000000000e+03 -2.778657302368302083e-07
1.659000000000000000e+03 -3.038382401793227722e-07
1.660000000000000000e+03 -3.283381649221740848e-07
1.661000000000000000e+03 -3.512901769247611581e-07
1.662000000000000000e+03 -3.726295835907225690e-07
1.663000000000000000e+03 -3.923026507044297261e-07
1.664000000000000000e+03 -4.102668572861053504e-07
1.665000000000000000e+03 -4.264910915797755663e-07
1.666000000000000000e+03 -4.409557725323056414e-07
1.667000000000000000e+03 -4.536529163086539675e-07
1.668000000000000000e+03 -4.645861399147728486e-07
1.669000000000000000e+03 -4.737705760513946355e-07
1.670000000000000000e+03 -4.812327487921331861e-07
1.671000000000000000e+03 -4.870103663205788580e-07
1.672000000000000000e+03 -4.911520567402315102e-07
1.673000000000000000e+03 -4.937170385047794434e-07
1.674000000000000000e+03 -4.947747347291428451e-07
1.675000000000000000e+03 -4.944043285908505951e-07
1.676000000000000000e+03 -4.926942536459991757e-07
1.677000000000000000e+03 -4.897416332778778250e-07
1.678000000000000000e+03 -4.856516613215630894e-07
1.679000000000000000e+03 -4.805369518302717446e-07
1.680000000000000000e+03 -4.745168350291259660e-07
1.681000000000000000e+03 -4.677166089632770881e-07
1.682000000000000000e+03 -4.602667572159205766e-07
1.683000000000000000e+03 -4.523021326438349825e-07
1.684000000000000000e+03 -4.439611001294273552e-07
1.685000000000000000e+03 -4.353846806530720452e-07
1.686000000000000000e+03 -4.267156450332358559e-07
1.687000000000000000e+03 -4.180976120057684381e-07
1.688000000000000000e+03 -4.096741334904636274e-07
1.689000000000000000e+03 -4.015877750351852856e-07
1.690000000000000000e+03 -3.939791901919697585e-07
1.691000000000000000e+03 -3.869862003391446130e-07
1.692000000000000000e+03 -3.807428960085464334e-07
1.693000000000000000e+03 -3.753787422600716789e-07
1.694000000000000000e+03 -3.710176976641022129e-07
1.695000000000000000e+03 -3.677773706995269940e-07
1.696000000000000000e+03 -3.657681946435944656e-07
1.697000000000000000e+03 -3.650926381712977851e-07
1.698000000000000000e+03 -3.658444616487631095e-07
1.699000000000000000e+03 -3.681080134211130414e-07
1.700000000000000000e+03 -3.719575712375794341e-07
1.701000000000000000e+03 -3.774567229102049957e-07
1.702000000000000000e+03 -3.846578163836081160e-07
1.703000000000000000e+03 -3.936014638744286833e-07
1.704000000000000000e+03 -4.043160973029560905e-07
1.705000000000000000e+03 -4.168175907466684258e-07
1.706000000000000000e+03 -4.311089438501878051e-07
1.707000000000000000e+03 -4.471800474812421625e-07
1.708000000000000000e+03 -4.650075009953166956e-07
1.709000000000000000e+03 -4.845545045534148136e-07
1.710000000000000000e+03 -5.057708338807956403e-07
1.711000000000000000e+03 -5.285928801464852579e-07
1.712000000000000000e+03 -5.529437558425328094e-07
1.713000000000000000e+03 -5.787334744861299403e-07
1.714000000000000000e+03 -6.058592243243801520e-07
1.715000000000000000e+03 -6.342056865521620184e-07
1.716000000000000000e+03 -6.636454354625451586e-07
1.717000000000000000e+03 -6.940394064608513059e-07
1.718000000000000000e+03 -7.252374392806297731e-07
1.719000000000000000e+03 -7.570788820991046230e-07
1.720000000000000000e+03 -7.893932523174480376e-07
1.721000000000000000e+03 -8.220009689846901407e-07
1.722000000000000000e+03 -8.547141284455921117e-07
1.723000000000000000e+03 -8.873373499989382697e-07
1.724000000000000000e+03 -9.196686703232186889e-07
1.725000000000000000e+03 -9.515004775345942039e-07
1.726000000000000000e+03 -9.826204870693247895e-07
1.727000000000000000e+03 -1.012812760436616243e-06
1.728000000000000000e+03 -1.041858763349795966e-06
1.729000000000000000e+03 -1.069538439596453797e-06
1.730000000000000000e+03 -1.095631311104029320e-06
1.731000000000000000e+03 -1.119917608275561831e-06
1.732000000000000000e+03 -1.142179397572410424e-06
1.733000000000000000e+03 -1.162201730756170869e-06
1.734000000000000000e+03 -1.179773795965972927e-06
1.735000000000000000e+03 -1.194690058249427603e-06
1.736000000000000000e+03 -1.206751396701569767e-06
1.737000000000000000e+03 -1.215766221295242694e-06
1.738000000000000000e+03 -1.221551568293292940e-06
1.739000000000000000e+03 -1.223934160601511214e-06
1.740000000000000000e+03 -1.222751463626036943e-06
1.741000000000000000e+03 -1.217852685537731894e-06
1.742000000000000000e+03 -1.209099738420701039e-06
1.743000000000000000e+03 -1.196368153653591039e-06
1.744000000000000000e+03 -1.179547952753216193e-06
1.745000000000000000e+03 -1.158544452309952966e-06
1.746000000000000000e+03 -1.133279000608620985e-06
1.747000000000000000e+03 -1.103689662530080944e-06
1.748000000000000000e+03 -1.069731833725458801e-06
1.749000000000000000e+03 -1.031378765344372608e-06
1.750000000000000000e+03 -9.886220336632095764e-07
1.751000000000000000e+03 -9.414719245880427937e-07
1.752000000000000000e+03 -8.899577298633028922e-07
1.753000000000000000e+03 -8.341279588680886739e-07
1.754000000000000000e+03 -7.740504698792819599e-07
1.755000000000000000e+03 -7.098125111198028885e-07
1.756000000000000000e+03 -6.415206681450400235e-07
1.757000000000000000e+03 -5.693007299966975212e-07
1.758000000000000000e+03 -4.932974647033727868e-07
1.759000000000000000e+03 -4.136743015072255723e-07
1.760000000000000000e+03 -3.306129190423727384e-07
1.761000000000000000e+03 -2.443127542758515587e-07
1.762000000000000000e+03 -1.549904237910206827e-07
1.763000000000000000e+03 -6.287905355886855056e-08
1.764000000000000000e+03 3.177246301542926124e-08
1.765000000000000000e+03 1.287002957270435494e-07
1.766000000000000000e+03 2.276265885517728443e-07
1.767000000000000000e+03 3.282604386473287866e-07
1.768000000000000000e+03 4.302989485313656622e-07
1.769000000000000000e+03 5.334283449167680656e-07
1.770000000000000000e+03 6.373251523434169021e-07
1.771000000000000000e+03 7.416574306259363640e-07
1.772000000000000000e+03 8.460860653604854641e-07
1.773000000000000000e+03 9.502660878825660242e-07
1.774000000000000000e+03 1.053848050584041073e-06
1.775000000000000000e+03 1.156479435160173830e-06
1.776000000000000000e+03 1.257806086943426674e-06
1.777000000000000000e+03 1.357473673687439051e-06
1.778000000000000000e+03 1.455129149222730507e-06
1.779000000000000000e+03 1.550422224546389564e-06
1.780000000000000000e+03 1.643006852253927198e-06
1.781000000000000000e+03 1.732542695414729893e-06
1.782000000000000000e+03 1.818696581583028910e-06
1.783000000000000000e+03 1.901143940401542150e-06
1.784000000000000000e+03 1.979570216166981137e-06
1.785000000000000000e+03 2.053672242461425247e-06
1.786000000000000000e+03 2.123159576583964166e-06
1.787000000000000000e+03 2.187755777744397149e-06
1.788000000000000000e+03 2.247199642972203271e-06
1.789000000000000000e+03 2.301246383735600997e-06
1.790000000000000000e+03 2.349668736445684825e-06
1.791000000000000000e+03 2.392257996886752061e-06
1.792000000000000000e+03 2.428824974682095837e-06
1.793000000000000000e+03 2.459200869367626037e-06
1.794000000000000000e+03 2.483238064061900968e-06
1.795000000000000000e+03 2.500810825135589685e-06
1.796000000000000000e+03 2.511815922598255326e-06
1.797000000000000000e+03 2.516173135077628242e-06
1.798000000000000000e+03 2.513825671222164484e-06
1.799000000000000000e+03 2.504740485030284531e-06
1.800000000000000000e+03 2.488908491912169777e-06
1.801000000000000000e+03 2.466344690576641515e-06
1.802000000000000000e+03 2.437088159176237764e-06
1.803000000000000000e+03 2.401201971574896122e-06
1.804000000000000000e+03 2.358773002059803784e-06
1.805000000000000000e+03 2.309911633665450534e-06
1.806000000000000000e+03 2.254751370848833299e-06
1.807000000000000000e+03 2.193448355796196365e-06
1.808000000000000000e+03 2.126180784850477231e-06
1.809000000000000000e+03 2.053148238001043279e-06
1.810000000000000000e+03 1.974570918591922585e-06
1.811000000000000000e+03 1.890688803590631942e-06
1.812000000000000000e+03 1.801760735374110552e-06
1.813000000000000000e+03 1.708063419054253702e-06
1.814000000000000000e+03 1.609890352823333155e-06
1.815000000000000000e+03 1.507550706941899251e-06
1.816000000000000000e+03 1.401368119658923143e-06
1.817000000000000000e+03 1.291679456948182520e-06
1.818000000000000000e+03 1.178833522201622316e-06
1.819000000000000000e+03 1.063189710216158348e-06
1.820000000000000000e+03 9.451166312220316249e-07
1.821000000000000000e+03 8.249907059883678001e-07
1.822000000000000000e+03 7.031947391707783303e-07
1.823000000000000000e+03 5.801164664555155530e-07
1.824000000000000000e+03 4.561470954245196935e-07
1.825000000000000000e+03 3.316798377337663851e-07
1.826000000000000000e+03 2.071084521791056222e-07
1.827000000000000000e+03 8.282577632217527935e-08
1.828000000000000000e+03 -4.077772853219571975e-08
1.829000000000000000e+03 -1.633154058657392897e-07
1.830000000000000000e+03 -2.844057959958710720e-07
1.831000000000000000e+03 -4.036740073364197725e-07
1.832000000000000000e+03 -5.207530655253292536e-07
1.833000000000000000e+03 -6.352852234910500422e-07
1.834000000000000000e+03 -7.469232107310682256e-07
1.835000000000000000e+03 -8.553314297763199557e-07
1.836000000000000000e+03 -9.601871157095689107e-07
1.837000000000000000e+03 -1.061181439729107759e-06
1.838000000000000000e+03 -1.158020529110856922e-06
1.839000000000000000e+03 -1.250426441559863593e-06
1.840000000000000000e+03 -1.338138067408045913e-06
1.841000000000000000e+03 -1.420911972093943408e-06
1.842000000000000000e+03 -1.498523145174213635e-06
1.843000000000000000e+03 -1.570765682354258066e-06
1.844000000000000000e+03 -1.637453394799786420e-06
1.845000000000000000e+03 -1.698420337347710720e-06
1.846000000000000000e+03 -1.753521254003767646e-06
1.847000000000000000e+03 -1.802631937072100743e-06
1.848000000000000000e+03 -1.845649519433747694e-06
1.849000000000000000e+03 -1.882492668151144831e-06
1.850000000000000000e+03 -1.913101708630596759e-06
1.851000000000000000e+03 -1.937438673528169797e-06
1.852000000000000000e+03 -1.955487253850091991e-06
1.853000000000000000e+03 -1.967252671073007190e-06
1.854000000000000000e+03 -1.972761482222454801e-06
1.855000000000000000e+03 -1.972061296517975822e-06
1.856000000000000000e+03 -1.965220421334818263e-06
1.857000000000000000e+03 -1.952327439118411434e-06
1.858000000000000000e+03 -1.933490695263152402e-06
1.859000000000000000e+03 -1.908837736067626189e-06
1.860000000000000000e+03 -1.878514663371519694e-06
1.861000000000000000e+03 -1.842685442248507901e-06
1.862000000000000000e+03 -1.801531128152179926e-06
1.863000000000000000e+03 -1.755249049171567677e-06
1.864000000000000000e+03 -1.704051935142789155e-06
1.865000000000000000e+03 -1.648167000009453196e-06
1.866000000000000000e+03 -1.587834974348587822e-06
1.867000000000000000e+03 -1.523309096089171449e-06
1.868000000000000000e+03 -1.454854060453432663e-06
1.869000000000000000e+03 -1.382744939407866668e-06
1.870000000000000000e+03 -1.307266067741170352e-06
1.871000000000000000e+03 -1.228709909788445408e-06
1.872000000000000000e+03 -1.147375906211387733e-06
1.873000000000000000e+03 -1.063569307432116202e-06
1.874000000000000000e+03 -9.775999931194757377e-07
1.875000000000000000e+03 -8.897812862372810572e-07
1.876000000000000000e+03 -8.004287657775132953e-07
1.877000000000000000e+03 -7.098590828969173482e-07
1.878000000000000000e+03 -6.183887968496208386e-07
1.879000000000000000e+03 -5.263332049565114306e-07
1.880000000000000000e+03 -4.340051998056465549e-07
1.881000000000000000e+03 -3.417141477513984432e-07
1.882000000000000000e+03 -2.497647952262751219e-07
1.883000000000000000e+03 -1.584561984246906762e-07
1.884000000000000000e+03 -6.808070770009629748e-08
1.885000000000000000e+03 2.107703852902096485e-08
1.886000000000000000e+03 1.087410580308465637e-07
1.887000000000000000e+03 1.946449343344400593e-07
1.888000000000000000e+03 2.785326643648833398e-07
1.889000000000000000e+03 3.601594564136356778e-07
1.890000000000000000e+03 4.392924773253812451e-07
1.891000000000000000e+03 5.157115421380181280e-07
1.892000000000000000e+03 5.892097334115207443e-07
1.893000000000000000e+03 6.595939701206825483e-07
1.894000000000000000e+03 7.266855112899992253e-07
1.895000000000000000e+03 7.903203918470221884e-07
1.896000000000000000e+03 8.503497895479154546e-07
1.897000000000000000e+03 9.066403270838135851e-07
1.898000000000000000e+03 9.590742970986082880e-07
1.899000000000000000e+03 1.007549837792624775e-06
1.900000000000000000e+03 1.051981027802079367e-06
1.901000000000000000e+03 1.092297914734420933e-06
1.902000000000000000e+03 1.128446482465446424e-06
1.903000000000000000e+03 1.160388558494963425e-06
1.904000000000000000e+03 1.188101648181318573e-06
1.905000000000000000e+03 1.211578705116153113e-06
1.906000000000000000e+03 1.230827852660483424e-06
1.907000000000000000e+03 1.245872037486036084e-06
1.908000000000000000e+03 1.256748631054704866e-06
1.909000000000000000e+03 1.263508985526478768e-06
1.910000000000000000e+03 1.266217921547970966e-06
1.911000000000000000e+03 1.264953195712334701e-06
1.912000000000000000e+03 1.259804908633747729e-06
1.913000000000000000e+03 1.250874869923024889e-06
1.914000000000000000e+03 1.238275935222165856e-06
1.915000000000000000e+03 1.222131309826577825e-06
1.916000000000000000e+03 1.202573833437318434e-06
1.917000000000000000e+03 1.179745211494950472e-06
1.918000000000000000e+03 1.153795247159783963e-06
1.919000000000000000e+03 1.124881046862825540e-06
1.920000000000000000e+03 1.093166225557179072e-06
1.921000000000000000e+03 1.058820092553040057e-06
1.922000000000000000e+03 1.022016827738124700e-06
1.923000000000000000e+03 9.829346736977493577e-07
1.924000000000000000e+03 9.417551139149282935e-07
1.925000000000000000e+03 8.986620587089429418e-07
1.926000000000000000e+03 8.538410478798476529e-07
1.927000000000000000e+03 8.074784635440506498e-07
1.928000000000000000e+03 7.597607634964047012e-07
1.929000000000000000e+03 7.108737316831412242e-07
1.930000000000000000e+03 6.610017581698160513e-07
1.931000000000000000e+03 6.103271376273270834e-07
1.932000000000000000e+03 5.590294036883525498e-07
1.933000000000000000e+03 5.072846935523125488e-07
1.934000000000000000e+03 4.552651450182604857e-07
1.935000000000000000e+03 4.031383244018237519e-07
1.936000000000000000e+03 3.510667030148852649e-07
1.937000000000000000e+03 2.992071660633645036e-07
1.938000000000000000e+03 2.477105690527590208e-07
1.939000000000000000e+03 1.967213295515455110e-07
1.940000000000000000e+03 1.463770519255254663e-07
1.941000000000000000e+03 9.680822048527145514e-08
1.942000000000000000e+03 4.813792260018070502e-08
1.943000000000000000e+03 4.816123851166425268e-10
1.944000000000000000e+03 -4.605308941722956424e-08
1.945000000000000000e+03 -9.136653263285437653e-08
1.946000000000000000e+03 -1.353671496468412977e-07
1.947000000000000000e+03 -1.779715164105455322e-07
1.948000000000000000e+03 -2.191043786087638985e-07
1.949000000000000000e+03 -2.586986433619729205e-07
1.950000000000000000e+03 -2.966953177051114215e-07
1.951000000000000000e+03 -3.330434245447519843e-07
1.952000000000000000e+03 -3.676998787754056951e-07
1.953000000000000000e+03 -4.006293362507660445e-07
1.954000000000000000e+03 -4.318040085930287527e-07
1.955000000000000000e+03 -4.612034458096041265e-07
1.956000000000000000e+03 -4.888142953706453754e-07
1.957000000000000000e+03 -5.146300465364204114e-07
1.958000000000000000e+03 -5.386507393886512772e-07
1.959000000000000000e+03 -5.608826607376192576e-07
1.960000000000000000e+03 -5.813380110925653231e-07
1.961000000000000000e+03 -6.000345727884589466e-07
1.962000000000000000e+03 -6.169953580913549140e-07
1.963000000000000000e+03 -6.322482363914482500e-07
1.964000000000000000e+03 -6.458255752835373397e-07
1.965000000000000000e+03 -6.577638505362330783e-07
1.966000000000000000e+03 -6.681032738973388905e-07
1.967000000000000000e+03 -6.768874102922393865e-07
1.968000000000000000e+03 -6.841627890518098941e-07
1.969000000000000000e+03 -6.899785245523972823e-07
1.970000000000000000e+03 -6.943859478695932740e-07
1.971000000000000000e+03 -6.974382390465502786e-07
1.972000000000000000e+03 -6.991900655593779911e-07
1.973000000000000000e+03 -6.996972279936500605e-07
1.974000000000000000e+03 -6.990163295448394839e-07
1.975000000000000000e+03 -6.972044635317362214e-07
1.976000000000000000e+03 -6.943188983235413988e-07
1.977000000000000000e+03 -6.904167898072325729e-07
1.978000000000000000e+03 -6.855549053850103025e-07
1.979000000000000000e+03 -6.797893788956451687e-07
1.980000000000000000e+03 -6.731754756504027655e-07
1.981000000000000000e+03 -6.657673800309390271e-07
1.982000000000000000e+03 -6.576180134748718433e-07
1.983000000000000000e+03 -6.487788610699788057e-07
1.984000000000000000e+03 -6.392998272743611399e-07
1.985000000000000000e+03 -6.292291110376858539e-07
1.986000000000000000e+03 -6.186131065789444744e-07
1.987000000000000000e+03 -6.074963111471582820e-07
1.988000000000000000e+03 -5.959212803110164060e-07
1.989000000000000000e+03 -5.839285891794206152e-07
1.990000000000000000e+03 -5.715568060581646656e-07
1.991000000000000000e+03 -5.588424955540628239e-07
1.992000000000000000e+03 -5.458202312048015990e-07
1.993000000000000000e+03 -5.325226476572354954e-07
1.994000000000000000e+03 -5.189804816588377412e-07
1.995000000000000000e+03 -5.052226374633136852e-07
1.996000000000000000e+03 -4.912762727386657410e-07
1.997000000000000000e+03 -4.771668842059048188e-07
1.998000000000000000e+03 -4.629184133663142533e-07
1.999000000000000000e+03 -4.485533530597191214e-07
2.000000000000000000e+03 -4.340928691720983768e-07
2.001000000000000000e+03 -4.195569268588184568e-07
2.002000000000000000e+03 -4.049644149243614094e-07
2.003000000000000000e+03 -3.903332816603736918e-07
2.004000000000000000e+03 -3.756806608781820528e-07
2.005000000000000000e+03 -3.610230081834878691e-07
2.006000000000000000e+03 -3.463762335998008670e-07
2.007000000000000000e+03 -3.317558278083487977e-07
2.008000000000000000e+03 -3.171769755935824490e-07
2.009000000000000000e+03 -3.026546790618753394e-07
2.010000000000000000e+03 -2.882038713960921008e-07
2.011000000000000000e+03 -2.738395260997501436e-07
2.012000000000000000e+03 -2.595767465563702040e-07
2.013000000000000000e+03 -2.454308514083419426e-07
2.014000000000000000e+03 -2.314174524316648102e-07
2.015000000000000000e+03 -2.175525184780773477e-07
2.016000000000000000e+03 -2.038524242426876919e-07
2.017000000000000000e+03 -1.903339945657403136e-07
2.018000000000000000e+03 -1.770145209463285349e-07
2.019000000000000000e+03 -1.639117857782401936e-07
2.020000000000000000e+03 -1.510440629727938338e-07
2.021000000000000000e+03 -1.384300943590306374e-07
2.022000000000000000e+03 -1.260890560519565010e-07
2.023000000000000000e+03 -1.140405232538994349e-07
2.024000000000000000e+03 -1.023044200017139735e-07
2.025000000000000000e+03 -9.090093748207375147e-08
2.026000000000000000e+03 -7.985044996487753550e-08
2.027000000000000000e+03 -6.917342358375248147e-08
2.028000000000000000e+03 -5.889030789605063986e-08
2.029000000000000000e+03 -4.902140949006938162e-08
2.030000000000000000e+03 -3.958676937021530898e-08
2.031000000000000000e+03 -3.060601756813508562e-08
2.032000000000000000e+03 -2.209823456398157737e-08
2.033000000000000000e+03 -1.408179173155487216e-08
2.034000000000000000e+03 -6.574196664627860785e-09
2.035000000000000000e+03 4.080685047797774589e-10
2.036000000000000000e+03 6.849714125701491747e-09
2.037000000000000000e+03 1.273680704664765440e-08
2.038000000000000000e+03 1.805693499624649587e-08
2.039000000000000000e+03 2.279936673237065180e-08
2.040000000000000000e+03 2.695521645046397471e-08
2.041000000000000000e+03 3.051759738593831646e-08
2.042000000000000000e+03 3.348177190915496376e-08
2.043000000000000000e+03 3.584529366299226730e-08
2.044000000000000000e+03 3.760813586611400057e-08
2.045000000000000000e+03 3.877281995038849416e-08
2.046000000000000000e+03 3.934451825863168136e-08
2.047000000000000000e+03 3.933115154723937514e-08
2.048000000000000000e+03 3.874348625242225803e-08
2.049000000000000000e+03 3.759520869002833656e-08
2.050000000000000000e+03 3.590296487684064784e-08
2.051000000000000000e+03 3.368640516738749592e-08
2.052000000000000000e+03 3.096820734545022425e-08
2.053000000000000000e+03 2.777408569135584376e-08
2.054000000000000000e+03 2.413276582209122135e-08
2.055000000000000000e+03 2.007595751750697517e-08
2.056000000000000000e+03 1.563830340764390150e-08
2.057000000000000000e+03 1.085731029983059393e-08
2.058000000000000000e+03 5.773253308024031112e-09
2.059000000000000000e+03 4.290710202084893663e-10
2.060000000000000000e+03 -5.129764509178721638e-09
2.061000000000000000e+03 -1.085540097069786369e-08
2.062000000000000000e+03 -1.669776125113302819e-08
2.063000000000000000e+03 -2.260472814852394065e-08
2.064000000000000000e+03 -2.852234596937943472e-08
2.065000000000000000e+03 -3.439503717324070377e-08
2.066000000000000000e+03 -4.016584048345116750e-08
2.067000000000000000e+03 -4.577664183619080800e-08
2.068000000000000000e+03 -5.116845010360700200e-08
2.069000000000000000e+03 -5.628167203485219829e-08
2.070000000000000000e+03 -6.105639434388776731e-08
2.071000000000000000e+03 -6.543267578173830076e-08
2.072000000000000000e+03 -6.935085392793506868e-08
2.073000000000000000e+03 -7.275185353388416325e-08
2.074000000000000000e+03 -7.557750211371680387e-08
2.075000000000000000e+03 -7.777084385838878872e-08
2.076000000000000000e+03 -7.927647645752465537e-08
2.077000000000000000e+03 -8.004087134145322551e-08
2.078000000000000000e+03 -8.001269373122845686e-08
2.079000000000000000e+03 -7.914312245173022975e-08
2.080000000000000000e+03 -7.738617085246286205e-08
2.081000000000000000e+03 -7.469899467743838677e-08
2.082000000000000000e+03 -7.104218955977975491e-08
2.083000000000000000e+03 -6.638008511973385777e-08
2.084000000000000000e+03 -6.068103142651169379e-08
2.085000000000000000e+03 -5.391765222868504714e-08
2.086000000000000000e+03 -4.606710139773416113e-08
2.087000000000000000e+03 -3.711129936144607124e-08
2.088000000000000000e+03 -2.703714926058566317e-08
2.089000000000000000e+03 -1.583673948040518265e-08
2.090000000000000000e+03 -3.507518253913383787e-09
2.091000000000000000e+03 9.947546561325683513e-09
2.092000000000000000e+03 2.451985196985650583e-08
2.093000000000000000e+03 4.019504417649545226e-08
2.094000000000000000e+03 5.695294377360844435e-08
2.095000000000000000e+03 7.476749114681877981e-08
2.096000000000000000e+03 9.360672528594259404e-08
2.097000000000000000e+03 1.134327805422842869e-07
2.098000000000000000e+03 1.342019179270618274e-07
2.099000000000000000e+03 1.558645850189842614e-07
2.100000000000000000e+03 1.783655006795422503e-07
2.101000000000000000e+03 2.016437667740229163e-07
2.102000000000000000e+03 2.256330325586359401e-07
2.103000000000000000e+03 2.502616614576339639e-07
2.104000000000000000e+03 2.754529429068732041e-07
2.105000000000000000e+03 3.011253316554569126e-07
2.106000000000000000e+03 3.271926955230817447e-07
2.107000000000000000e+03 3.535646149345458032e-07
2.108000000000000000e+03 3.801466930581469530e-07
2.109000000000000000e+03 4.068408867279463022e-07
2.110000000000000000e+03 4.335458698267061793e-07
2.111000000000000000e+03 4.601574279654501082e-07
2.112000000000000000e+03 4.865688525087957640e-07
2.113000000000000000e+03 5.126713790447422096e-07
2.114000000000000000e+03 5.383546265417007031e-07
2.115000000000000000e+03 5.635070506309441891e-07
2.116000000000000000e+03 5.880164247253308221e-07
2.117000000000000000e+03 6.117703205736666434e-07
2.118000000000000000e+03 6.346566025102070685e-07
2.119000000000000000e+03 6.565639205303323871e-07
2.120000000000000000e+03 6.773822196542337933e-07
2.121000000000000000e+03 6.970032509850292171e-07
2.122000000000000000e+03 7.153210826440014624e-07
2.123000000000000000e+03 7.322326007523808745e-07
2.124000000000000000e+03 7.476380077702194069e-07
2.125000000000000000e+03 7.614413134650371479e-07
2.126000000000000000e+03 7.735508153698703632e-07
2.127000000000000000e+03 7.838795663302182457e-07
2.128000000000000000e+03 7.923458370471556585e-07
2.129000000000000000e+03 7.988735458632214950e-07
2.130000000000000000e+03 8.033926660356720305e-07
2.131000000000000000e+03 8.058396364242693516e-07
2.132000000000000000e+03 8.061577226103243579e-07
2.133000000000000000e+03 8.042973615144963138e-07
2.134000000000000000e+03 8.002164843309985115e-07
2.135000000000000000e+03 7.938808023331975191e-07
2.136000000000000000e+03 7.852640618136962643e-07
2.137000000000000000e+03 7.743482783427911061e-07
2.138000000000000000e+03 7.611239229606165334e-07
2.139000000000000000e+03 7.455900803794275819e-07
2.140000000000000000e+03 7.277545723788727584e-07
2.141000000000000000e+03 7.076340418900510362e-07
2.142000000000000000e+03 6.852540074729709705e-07
2.143000000000000000e+03 6.606488718948345209e-07
2.144000000000000000e+03 6.338619047509813806e-07
2.145000000000000000e+03 6.049451670788952612e-07
2.146000000000000000e+03 5.739594168249126668e-07
2.147000000000000000e+03 5.409739638187792986e-07
2.148000000000000000e+03 5.060664974786363251e-07
2.149000000000000000e+03 4.693228757442266755e-07
2.150000000000000000e+03 4.308368665685598797e-07
2.151000000000000000e+03 3.907098666771297049e-07
2.152000000000000000e+03 3.490505782600971343e-07
2.153000000000000000e+03 3.059746667470031915e-07
2.154000000000000000e+03 2.616043663172696589e-07
2.155000000000000000e+03 2.160680658490069282e-07
2.156000000000000000e+03 1.694998659564438645e-07
2.157000000000000000e+03 1.220391113167863294e-07
2.158000000000000000e+03 7.382990622313674456e-08
2.159000000000000000e+03 2.502058556203386218e-08
2.160000000000000000e+03 -2.423681777166205158e-08
2.161000000000000000e+03 -7.378713332619542237e-08
2.162000000000000000e+03 -1.234726159903940309e-07
2.163000000000000000e+03 -1.731335443219825621e-07
2.164000000000000000e+03 -2.226088086272743222e-07
2.165000000000000000e+03 -2.717365136363930324e-07
2.166000000000000000e+03 -3.203545946793644382e-07
2.167000000000000000e+03 -3.683014295494122293e-07
2.168000000000000000e+03 -4.154164525148039051e-07
2.169000000000000000e+03 -4.615407566573802372e-07
2.170000000000000000e+03 -5.065177192068361775e-07
2.171000000000000000e+03 -5.501935934220321435e-07
2.172000000000000000e+03 -5.924181001506560826e-07
2.173000000000000000e+03 -6.330450149403569591e-07
2.174000000000000000e+03 -6.719327372423905856e-07
2.175000000000000000e+03 -7.089448417027625158e-07
2.176000000000000000e+03 -7.439506087914895788e-07
2.177000000000000000e+03 -7.768255311034150896e-07
2.178000000000000000e+03 -8.074518064962803963e-07
2.179000000000000000e+03 -8.357188061699405693e-07
2.180000000000000000e+03 -8.615235044663312956e-07
2.181000000000000000e+03 -8.847708725758560781e-07
2.182000000000000000e+03 -9.053742665248362023e-07
2.183000000000000000e+03 -9.232557765069659481e-07
2.184000000000000000e+03 -9.383465328974839249e-07
2.185000000000000000e+03 -9.505869791772456053e-07
2.186000000000000000e+03 -9.599271157184066635e-07
2.187000000000000000e+03 -9.663267025985920947e-07
2.188000000000000000e+03 -9.697554254809222229e-07
2.189000000000000000e+03 -9.701930271925674907e-07
2.190000000000000000e+03 -9.676293844134218843e-07
2.191000000000000000e+03 -9.620645687259221387e-07
2.192000000000000000e+03 -9.535088498379081525e-07
2.193000000000000000e+03 -9.419826703129740873e-07
2.194000000000000000e+03 -9.275165720393670100e-07
2.195000000000000000e+03 -9.101510915495308565e-07
2.196000000000000000e+03 -8.899366106295500100e-07
2.197000000000000000e+03 -8.669331732544446378e-07
2.198000000000000000e+03 -8.412102644474822697e-07
2.199000000000000000e+03 -8.128465512929546681e-07
2.200000000000000000e+03 -7.819296012815872059e-07
2.201000000000000000e+03 -7.485555504014334033e-07
2.202000000000000000e+03 -7.128287488433974512e-07
2.203000000000000000e+03 -6.748613711760469502e-07
2.204000000000000000e+03 -6.347730035316814693e-07
2.205000000000000000e+03 -5.926901882494680798e-07
2.206000000000000000e+03 -5.487459617096829549e-07
2.207000000000000000e+03 -5.030793662594589026e-07
2.208000000000000000e+03 -4.558349285095482952e-07
2.209000000000000000e+03 -4.071621346125864694e-07
2.210000000000000000e+03 -3.572148798410082904e-07
2.211000000000000000e+03 -3.061508948374402848e-07
2.212000000000000000e+03 -2.541311764043664260e-07
2.213000000000000000e+03 -2.013194070146152078e-07
2.214000000000000000e+03 -1.478813529482318965e-07
2.215000000000000000e+03 -9.398427848562352896e-08
2.216000000000000000e+03 -3.979634114083182112e-08
2.217000000000000000e+03 1.451400594249208644e-08
2.218000000000000000e+03 6.877860489070674967e-08
2.219000000000000000e+03 1.228301839186089758e-07
2.220000000000000000e+03 1.765029308683595294e-07
2.221000000000000000e+03 2.296330766091459278e-07
2.222000000000000000e+03 2.820594461108154953e-07
2.223000000000000000e+03 3.336240036577357556e-07
2.224000000000000000e+03 3.841723782230416970e-07
2.225000000000000000e+03 4.335543680755912093e-07
2.226000000000000000e+03 4.816244415545681509e-07
2.227000000000000000e+03 5.282421857509208688e-07
2.228000000000000000e+03 5.732727551831090801e-07
2.229000000000000000e+03 6.165872804826798961e-07
2.230000000000000000e+03 6.580632641891672718e-07
2.231000000000000000e+03 6.975849379183475023e-07
2.232000000000000000e+03 7.350435911714080218e-07
2.233000000000000000e+03 7.703378713675960013e-07
2.234000000000000000e+03 8.033740525443647896e-07
2.235000000000000000e+03 8.340662747575976371e-07
2.236000000000000000e+03 8.623367502355803974e-07
2.237000000000000000e+03 8.881159333959858961e-07
2.238000000000000000e+03 9.113426576694644640e-07
2.239000000000000000e+03 9.319642415906085660e-07
2.240000000000000000e+03 9.499365570157326303e-07
2.241000000000000000e+03 9.652240773533705809e-07
2.242000000000000000e+03 9.777998795975445463e-07
2.243000000000000000e+03 9.876456102300710261e-07
2.244000000000000000e+03 9.947514361187997638e-07
2.245000000000000000e+03 9.991159544927202861e-07
2.246000000000000000e+03 1.000746072905692576e-06
2.247000000000000000e+03 9.996568720067804737e-07
2.248000000000000000e+03 9.958714258967443224e-07
2.249000000000000000e+03 9.894205956430035314e-07
2.250000000000000000e+03 9.803428025961868950e-07
2.251000000000000000e+03 9.686837952677133570e-07
2.252000000000000000e+03 9.544963648702366435e-07
2.253000000000000000e+03 9.378400550047662279e-07
2.254000000000000000e+03 9.187808588424288083e-07
2.255000000000000000e+03 8.973908927249106723e-07
2.256000000000000000e+03 8.737480508206659954e-07
2.257000000000000000e+03 8.479356518158265674e-07
2.258000000000000000e+03 8.200420725397201048e-07
2.259000000000000000e+03 7.901603823522017378e-07
2.260000000000000000e+03 7.583879579537594732e-07
2.261000000000000000e+03 7.248260966404374150e-07
2.262000000000000000e+03 6.895796301134492033e-07
2.263000000000000000e+03 6.527565269425171459e-07
2.264000000000000000e+03 6.144674949930486534e-07
2.265000000000000000e+03 5.748255996961263941e-07
2.266000000000000000e+03 5.339458812062628730e-07
2.267000000000000000e+03 4.919449515411072087e-07
2.268000000000000000e+03 4.489406305013378946e-07
2.269000000000000000e+03 4.050515736023098086e-07
2.270000000000000000e+03 3.603969251127118027e-07
2.271000000000000000e+03 3.150959551243803828e-07
2.272000000000000000e+03 2.692677217281398226e-07
2.273000000000000000e+03 2.230307496742421136e-07
2.274000000000000000e+03 1.765027142760063712e-07
2.275000000000000000e+03 1.298001435881378830e-07
2.276000000000000000e+03 8.303812404725222793e-08
2.277000000000000000e+03 3.633003957752159296e-08
2.278000000000000000e+03 -1.021268470372751798e-08
2.279000000000000000e+03 -5.648081498189323997e-08
2.280000000000000000e+03 -1.023675358171158109e-07
2.281000000000000000e+03 -1.477686540701788437e-07
2.282000000000000000e+03 -1.925827913179913696e-07
2.283000000000000000e+03 -2.367115553565971744e-07
2.284000000000000000e+03 -2.800596934554925291e-07
2.285000000000000000e+03 -3.225352329129635472e-07
2.286000000000000000e+03 -3.640496023604381084e-07
2.287000000000000000e+03 -4.045177363933888532e-07
2.288000000000000000e+03 -4.438581717880099326e-07
2.289000000000000000e+03 -4.819931112385729697e-07
2.290000000000000000e+03 -5.188484992168552297e-07
2.291000000000000000e+03 -5.543540703927086987e-07
2.292000000000000000e+03 -5.884433877038552605e-07
2.293000000000000000e+03 -6.210538734681243385e-07
2.294000000000000000e+03 -6.521268103385040375e-07
2.295000000000000000e+03 -6.816073523422407538e-07
2.296000000000000000e+03 -7.094445226330900776e-07
2.297000000000000000e+03 -7.355911964398378806e-07
2.298000000000000000e+03 -7.600040659169878679e-07
2.299000000000000000e+03 -7.826436197748443239e-07
2.300000000000000000e+03 -8.034741033468636862e-07
2.301000000000000000e+03 -8.224634707262513514e-07
2.302000000000000000e+03 -8.395833383060086416e-07
2.303000000000000000e+03 -8.548089366850224056e-07
2.304000000000000000e+03 -8.681190543223964928e-07
2.305000000000000000e+03 -8.794959738383708814e-07
2.306000000000000000e+03 -8.889254082402424974e-07
2.307000000000000000e+03 -8.963964477906931154e-07
2.308000000000000000e+03 -9.019014888213511141e-07
2.309000000000000000e+03 -9.054361707367311159e-07
2.310000000000000000e+03 -9.069993215653403160e-07
2.311000000000000000e+03 -9.065928945409081295e-07
2.312000000000000000e+03 -9.042219131573995110e-07
2.313000000000000000e+03 -8.998944121364971461e-07
2.314000000000000000e+03 -8.936214058915747491e-07
2.315000000000000000e+03 -8.854168403765853644e-07
2.316000000000000000e+03 -8.752975415236027170e-07
2.317000000000000000e+03 -8.632831933562833133e-07
2.318000000000000000e+03 -8.493963072053503464e-07
2.319000000000000000e+03 -8.336622087219086887e-07
2.320000000000000000e+03 -8.161090163484700932e-07
2.321000000000000000e+03 -7.967676277722594479e-07
2.322000000000000000e+03 -7.756717143677494461e-07
2.323000000000000000e+03 -7.528577197594231289e-07
2.324000000000000000e+03 -7.283648661833213436e-07
2.325000000000000000e+03 -7.022351488985651038e-07
2.326000000000000000e+03 -6.745133514782384042e-07
2.327000000000000000e+03 -6.452470492204404038e-07
2.328000000000000000e+03 -6.144866239437487284e-07
2.329000000000000000e+03 -5.822852739867618979e-07
2.330000000000000000e+03 -5.486990255380085341e-07
2.331000000000000000e+03 -5.137867362179663683e-07
2.332000000000000000e+03 -4.776100992219799012e-07
2.333000000000000000e+03 -4.402336462513666187e-07
2.334000000000000000e+03 -4.017247353492888032e-07
2.335000000000000000e+03 -3.621535528040592247e-07
2.336000000000000000e+03 -3.215930904779203365e-07
2.337000000000000000e+03 -2.801191266945025916e-07
2.338000000000000000e+03 -2.378101887717569741e-07
2.339000000000000000e+03 -1.947475126918629910e-07
2.340000000000000000e+03 -1.510149963228215059e-07
2.341000000000000000e+03 -1.066991313866304719e-07
2.342000000000000000e+03 -6.188893327629788674e-08
2.343000000000000000e+03 -1.667585405812557436e-08
2.344000000000000000e+03 2.884631271369761905e-08
2.345000000000000000e+03 7.458155279871371641e-08
2.346000000000000000e+03 1.204317513067374435e-07
2.347000000000000000e+03 1.662968298578457316e-07
2.348000000000000000e+03 2.120748993001727029e-07
2.349000000000000000e+03 2.576624256309708313e-07
2.350000000000000000e+03 3.029544148047103311e-07
2.351000000000000000e+03 3.478445986713999508e-07
2.352000000000000000e+03 3.922256460769571726e-07
2.353000000000000000e+03 4.359893937036716649e-07
2.354000000000000000e+03 4.790270806251115502e-07
2.355000000000000000e+03 5.212295939408057103e-07
2.356000000000000000e+03 5.624877323518658321e-07
2.357000000000000000e+03 6.026924789801387698e-07
2.358000000000000000e+03 6.417352915170319209e-07
2.359000000000000000e+03 6.795083937907212127e-07
2.360000000000000000e+03 7.159050841675437697e-07
2.361000000000000000e+03 7.508200573224198000e-07
2.362000000000000000e+03 7.841497222391633406e-07
2.363000000000000000e+03 8.157925328266302540e-07
2.364000000000000000e+03 8.456493125485905740e-07
2.365000000000000000e+03 8.736236016777408629e-07
2.366000000000000000e+03 8.996219952532328764e-07
2.367000000000000000e+03 9.235544839944613522e-07
2.368000000000000000e+03 9.453347857247423027e-07
2.369000000000000000e+03 9.648806899201287204e-07
2.370000000000000000e+03 9.821143987367613444e-07
2.371000000000000000e+03 9.969628458419680595e-07
2.372000000000000000e+03 1.009358019621837480e-06
2.373000000000000000e+03 1.019237266484872783e-06
2.374000000000000000e+03 1.026543596964773280e-06
2.375000000000000000e+03 1.031225967638828475e-06
2.376000000000000000e+03 1.033239554961874551e-06
2.377000000000000000e+03 1.032546019638699506e-06
2.378000000000000000e+03 1.029113752395045724e-06
2.379000000000000000e+03 1.022918074365016466e-06
2.380000000000000000e+03 1.013941453970765683e-06
2.381000000000000000e+03 1.002173676538751839e-06
2.382000000000000000e+03 9.876119946290864674e-07
2.383000000000000000e+03 9.702612734780468331e-07
2.384000000000000000e+03 9.501340907778287792e-07
2.385000000000000000e+03 9.272508164529530823e-07
2.386000000000000000e+03 9.016396716031408117e-07
2.387000000000000000e+03 8.733367534624150698e-07
2.388000000000000000e+03 8.423860439190085732e-07
2.389000000000000000e+03 8.088393776426708948e-07
2.390000000000000000e+03 7.727563910514505052e-07
2.391000000000000000e+03 7.342044354410378705e-07
2.392000000000000000e+03 6.932584658835563651e-07
2.393000000000000000e+03 6.500009027344816577e-07
2.394000000000000000e+03 6.045214650338759543e-07
2.395000000000000000e+03 5.569169838384330229e-07
2.396000000000000000e+03 5.072911856091954086e-07
2.397000000000000000e+03 4.557544316672935296e-07
2.398000000000000000e+03 4.024234556050043593e-07
2.399000000000000000e+03 3.474210654220715633e-07
2.400000000000000000e+03 2.908758183334078299e-07
2.401000000000000000e+03 2.329216840039905224e-07
2.402000000000000000e+03 1.736976733505332062e-07
2.403000000000000000e+03 1.133474563493686410e-07
2.404000000000000000e+03 5.201895104263949139e-08
2.405000000000000000e+03 -1.013610564672088267e-08
2.406000000000000000e+03 -7.296258125147476969e-08
2.407000000000000000e+03 -1.363024099482310438e-07
2.408000000000000000e+03 -1.999950666122898226e-07
2.409000000000000000e+03 -2.638780396111684552e-07
2.410000000000000000e+03 -3.277873170291122650e-07
2.411000000000000000e+03 -3.915578960024968790e-07
2.412000000000000000e+03 -4.550242845216762465e-07
2.413000000000000000e+03 -5.180210102617306794e-07
2.414000000000000000e+03 -5.803831419726571697e-07
2.415000000000000000e+03 -6.419467906578371835e-07
2.416000000000000000e+03 -7.025496184332923374e-07
2.417000000000000000e+03 -7.620313540853160071e-07
2.418000000000000000e+03 -8.202342929361356104e-07
2.419000000000000000e+03 -8.770037961930851148e-07
2.420000000000000000e+03 -9.321887779813069347e-07
2.421000000000000000e+03 -9.856421780434674442e-07
2.422000000000000000e+03 -1.037221424525176518e-06
2.423000000000000000e+03 -1.086788886003437301e-06
2.424000000000000000e+03 -1.134212304828393176e-06
2.425000000000000000e+03 -1.179365215399741329e-06
2.426000000000000000e+03 -1.222127331717391013e-06
2.427000000000000000e+03 -1.262384922296420787e-06
2.428000000000000000e+03 -1.300031155579389471e-06
2.429000000000000000e+03 -1.334966433055985304e-06
2.430000000000000000e+03 -1.367098693674883695e-06
2.431000000000000000e+03 -1.396343684052460077e-06
2.432000000000000000e+03 -1.422625218840226130e-06
2.433000000000000000e+03 -1.445875383982554786e-06
2.434000000000000000e+03 -1.466034730530318869e-06
2.435000000000000000e+03 -1.483052429475740666e-06
2.436000000000000000e+03 -1.496886408000398792e-06
2.437000000000000000e+03 -1.507503441758919770e-06
2.438000000000000000e+03 -1.514879219136825251e-06
2.439000000000000000e+03 -1.518998378304535902e-06
2.440000000000000000e+03 -1.519854510583233637e-06
2.441000000000000000e+03 -1.517450130508483428e-06
2.442000000000000000e+03 -1.511796631934175306e-06
2.443000000000000000e+03 -1.502914188430073409e-06
2.444000000000000000e+03 -1.490831625907031502e-06
2.445000000000000000e+03 -1.475586286580283340e-06
2.446000000000000000e+03 -1.457223845958163240e-06
2.447000000000000000e+03 -1.435798100226636340e-06
2.448000000000000000e+03 -1.411370740774613221e-06
2.449000000000000000e+03 -1.384011093559332394e-06
2.450000000000000000e+03 -1.353795837136790420e-06
2.451000000000000000e+03 -1.320808691947383054e-06
2.452000000000000000e+03 -1.285140103354008826e-06
2.453000000000000000e+03 -1.246886871153430908e-06
2.454000000000000000e+03 -1.206151797730806836e-06
2.455000000000000000e+03 -1.163043294593652837e-06
2.456000000000000000e+03 -1.117674980980125316e-06
2.457000000000000000e+03 -1.070165266367394545e-06
2.458000000000000000e+03 -1.020636917907823231e-06
2.459000000000000000e+03 -9.692166176238552270e-07
2.460000000000000000e+03 -9.160345197322021320e-07
2.461000000000000000e+03 -8.612237948213671378e-07
2.462000000000000000e+03 -8.049201684699235141e-07
2.463000000000000000e+03 -7.472614684538290437e-07
2.464000000000000000e+03 -6.883871534055564447e-07
2.465000000000000000e+03 -6.284378616706236230e-07
2.466000000000000000e+03 -5.675549348213939757e-07
2.467000000000000000e+03 -5.058799743327240568e-07
2.468000000000000000e+03 -4.435543935747555021e-07
2.469000000000000000e+03 -3.807189817508676489e-07
2.470000000000000000e+03 -3.175134761002615415e-07
2.471000000000000000e+03 -2.540761355461116465e-07
2.472000000000000000e+03 -1.905433394194899171e-07
2.473000000000000000e+03 -1.270491985312281927e-07
2.474000000000000000e+03 -6.372518775509603079e-08
2.475000000000000000e+03 -6.997941165632155877e-10
2.476000000000000000e+03 6.190182975353690371e-08
2.477000000000000000e+03 1.239581724899571747e-07
2.478000000000000000e+03 1.853516658586671103e-07
2.479000000000000000e+03 2.459689475679965412e-07
2.480000000000000000e+03 3.057011094560061600e-07
2.481000000000000000e+03 3.644439224258226126e-07
2.482000000000000000e+03 4.220980422831702535e-07
2.483000000000000000e+03 4.785691904137626806e-07
2.484000000000000000e+03 5.337682918702888083e-07
2.485000000000000000e+03 5.876116037247422978e-07
2.486000000000000000e+03 6.400208009719178703e-07
2.487000000000000000e+03 6.909230567168952456e-07
2.488000000000000000e+03 7.402510832405762422e-07
2.489000000000000000e+03 7.879431493943551820e-07
2.490000000000000000e+03 8.339430727127563494e-07
2.491000000000000000e+03 8.782001867376370030e-07
2.492000000000000000e+03 9.206692887834343348e-07
2.493000000000000000e+03 9.613105512944274451e-07
2.494000000000000000e+03 1.000089425212848192e-06
2.495000000000000000e+03 1.036976512957393623e-06
2.496000000000000000e+03 1.071947421157172709e-06
2.497000000000000000e+03 1.104982608250585615e-06
2.498000000000000000e+03 1.136067191756220331e-06
2.499000000000000000e+03 1.165190765231480912e-06
2.500000000000000000e+03 1.192347180559782099e-06
2.501000000000000000e+03 1.217534319381676932e-06
2.502000000000000000e+03 1.240753871470536440e-06
2.503000000000000000e+03 1.262011096537861648e-06
2.504000000000000000e+03 1.281314550248776506e-06
2.505000000000000000e+03 1.298675844401415046e-06
2.506000000000000000e+03 1.314109399596951919e-06
2.507000000000000000e+03 1.327632175168225335e-06
2.508000000000000000e+03 1.339263398602385302e-06
2.509000000000000000e+03 1.349024320690887975e-06
2.510000000000000000e+03 1.356937953755670080e-06
2.511000000000000000e+03 1.363028825125972192e-06
2.512000000000000000e+03 1.367322735330634876e-06
2.513000000000000000e+03 1.369846527873953456e-06
2.514000000000000000e+03 1.370627850626962850e-06
2.515000000000000000e+03 1.369694946823796795e-06
2.516000000000000000e+03 1.367076464224326691e-06
2.517000000000000000e+03 1.362801254527738792e-06
2.518000000000000000e+03 1.356898209403317963e-06
2.519000000000000000e+03 1.349396097825843018e-06
2.520000000000000000e+03 1.340323425770645250e-06
2.521000000000000000e+03 1.329708305629851905e-06
2.522000000000000000e+03 1.317578353962981201e-06
2.523000000000000000e+03 1.303960604173395431e-06
2.524000000000000000e+03 1.288881424666793668e-06
2.525000000000000000e+03 1.272366470706434171e-06
2.526000000000000000e+03 1.254440652376739593e-06
2.527000000000000000e+03 1.235128123427379887e-06
2.528000000000000000e+03 1.214452287014130002e-06
2.529000000000000000e+03 1.192435820088855377e-06
2.530000000000000000e+03 1.169100716862666644e-06
2.531000000000000000e+03 1.144468342133254533e-06
2.532000000000000000e+03 1.118559513555396710e-06
2.533000000000000000e+03 1.091394597064892498e-06
2.534000000000000000e+03 1.062993634247401825e-06
2.535000000000000000e+03 1.033376452832109762e-06
2.536000000000000000e+03 1.002562822205670788e-06
2.537000000000000000e+03 9.705726140930108295e-07
2.538000000000000000e+03 9.374259679338202396e-07
2.539000000000000000e+03 9.031434728663245670e-07
2.540000000000000000e+03 8.677463644611829869e-07
2.541000000000000000e+03 8.312567144126825896e-07
2.542000000000000000e+03 7.936976452321262562e-07
2.543000000000000000e+03 7.550935293361212126e-07
2.544000000000000000e+03 7.154702119975700892e-07
2.545000000000000000e+03 6.748552133519970833e-07
2.546000000000000000e+03 6.332779561312618508e-07
2.547000000000000000e+03 5.907699622750434662e-07
2.548000000000000000e+03 5.473650611319696798e-07
2.549000000000000000e+03 5.030995772618846401e-07
2.550000000000000000e+03 4.580125191173845675e-07
2.551000000000000000e+03 4.121457541089549576e-07
2.552000000000000000e+03 3.655441692897487012e-07
2.553000000000000000e+03 3.182558246046701772e-07
2.554000000000000000e+03 2.703320757121181440e-07
2.555000000000000000e+03 2.218276819712838666e-07
2.556000000000000000e+03 1.728008981137244572e-07
2.557000000000000000e+03 1.233135555181168077e-07
2.558000000000000000e+03 7.343111663649548491e-08
2.559000000000000000e+03 2.322270242841037178e-08
2.560000000000000000e+03 -2.723891028676049399e-08
2.561000000000000000e+03 -7.787729717372381895e-08
2.562000000000000000e+03 -1.286124440078079329e-07
2.563000000000000000e+03 -1.793608142623899761e-07
2.564000000000000000e+03 -2.300354376934095778e-07
2.565000000000000000e+03 -2.805460359471482952e-07
2.566000000000000000e+03 -3.307991677517331314e-07
2.567000000000000000e+03 -3.806983933655521643e-07
2.568000000000000000e+03 -4.301444840129863111e-07
2.569000000000000000e+03 -4.790356452630721395e-07
2.570000000000000000e+03 -5.272677604203096696e-07
2.571000000000000000e+03 -5.747346620300195185e-07
2.572000000000000000e+03 -6.213284179588317083e-07
2.573000000000000000e+03 -6.669396480970541556e-07
2.574000000000000000e+03 -7.114578664433558191e-07
2.575000000000000000e+03 -7.547718326198177917e-07
2.576000000000000000e+03 -7.967699195340288401e-07
2.577000000000000000e+03 -8.373405187631202837e-07
2.578000000000000000e+03 -8.763724266379660692e-07
2.579000000000000000e+03 -9.137552827380895111e-07
2.580000000000000000e+03 -9.493800014809394299e-07
2.581000000000000000e+03 -9.831392054875089416e-07
2.582000000000000000e+03 -1.014927675774997804e-06
2.583000000000000000e+03 -1.044642812439863785e-06
2.584000000000000000e+03 -1.072185087019338913e-06
2.585000000000000000e+03 -1.097458503557588876e-06
2.586000000000000000e+03 -1.120371059549735867e-06
2.587000000000000000e+03 -1.140835196447549691e-06
2.588000000000000000e+03 -1.158768240144898976e-06
2.589000000000000000e+03 -1.174092857281653636e-06
2.590000000000000000e+03 -1.186737479483353963e-06
2.591000000000000000e+03 -1.196636722891079422e-06
2.592000000000000000e+03 -1.203731781268521933e-06
2.593000000000000000e+03 -1.207970802405613460e-06
2.594000000000000000e+03 -1.209309254685476356e-06
2.595000000000000000e+03 -1.207710279125889861e-06
2.596000000000000000e+03 -1.203144991352222781e-06
2.597000000000000000e+03 -1.195592770222108414e-06
2.598000000000000000e+03 -1.185041522073542515e-06
2.599000000000000000e+03 -1.171487904360632414e-06
2.600000000000000000e+03 -1.154937524329875190e-06
2.601000000000000000e+03 -1.135405101245825416e-06
2.602000000000000000e+03 -1.112914594356916569e-06
2.603000000000000000e+03 -1.087499295169308387e-06
2.604000000000000000e+03 -1.059201879174090995e-06
2.605000000000000000e+03 -1.028074438967502181e-06
2.606000000000000000e+03 -9.941784575655353516e-07
2.607000000000000000e+03 -9.575847404100190744e-07
2.608000000000000000e+03 -9.183733118372297360e-07
2.609000000000000000e+03 -8.766332890020037111e-07
2.610000000000000000e+03 -8.324626994434494629e-07
2.611000000000000000e+03 -7.859682618620763925e-07
2.612000000000000000e+03 -7.372651318261272774e-07
2.613000000000000000e+03 -6.864766188661826721e-07
2.614000000000000000e+03 -6.337338462750954689e-07
2.615000000000000000e+03 -5.791753896471909599e-07
2.616000000000000000e+03 -5.229468828544034305e-07
2.617000000000000000e+03 -4.652005802767790232e-07
2.618000000000000000e+03 -4.060949002725312020e-07
2.619000000000000000e+03 -3.457939182416042364e-07
2.620000000000000000e+03 -2.844668450561548391e-07
2.621000000000000000e+03 -2.222875038074708528e-07
2.622000000000000000e+03 -1.594337402766132533e-07
2.623000000000000000e+03 -9.608682373826282457e-08
2.624000000000000000e+03 -3.243084900334801274e-08
2.625000000000000000e+03 3.134788624555051094e-08
2.626000000000000000e+03 9.506152905592801708e-08
2.627000000000000000e+03 1.585213238038237329e-07
2.628000000000000000e+03 2.215382701041861725e-07
2.629000000000000000e+03 2.839237957199224908e-07
2.630000000000000000e+03 3.454904319937298758e-07
2.631000000000000000e+03 4.060524797486866574e-07
2.632000000000000000e+03 4.654266824677044756e-07
2.633000000000000000e+03 5.234328801732649180e-07
2.634000000000000000e+03 5.798946646632409501e-07
2.635000000000000000e+03 6.346400384299181395e-07
2.636000000000000000e+03 6.875020437808455626e-07
2.637000000000000000e+03 7.383193806415145745e-07
2.638000000000000000e+03 7.869370012204333411e-07
2.639000000000000000e+03 8.332066875340210608e-07
2.640000000000000000e+03 8.769875907691022230e-07
2.641000000000000000e+03 9.181467750937786178e-07
2.642000000000000000e+03 9.565597054399750906e-07
2.643000000000000000e+03 9.921107143342018295e-07
2.644000000000000000e+03 1.024693434059071881e-06
2.645000000000000000e+03 1.054211202581797054e-06
2.646000000000000000e+03 1.080577410209818194e-06
2.647000000000000000e+03 1.103715831818574603e-06
2.648000000000000000e+03 1.123560896446689553e-06
2.649000000000000000e+03 1.140057926579052422e-06
2.650000000000000000e+03 1.153163337351631877e-06
2.651000000000000000e+03 1.162844790919167504e-06
2.652000000000000000e+03 1.169081302378388565e-06
2.653000000000000000e+03 1.171863305641144368e-06
2.654000000000000000e+03 1.171192667632879811e-06
2.655000000000000000e+03 1.167082661121297563e-06
2.656000000000000000e+03 1.159557886032956354e-06
2.657000000000000000e+03 1.148654157813525750e-06
2.658000000000000000e+03 1.134418351379627108e-06
2.659000000000000000e+03 1.116908183950501609e-06
2.660000000000000000e+03 1.096191976622984149e-06
2.661000000000000000e+03 1.072348355423484768e-06
2.662000000000000000e+03 1.045465919405206291e-06
2.663000000000000000e+03 1.015642872052919386e-06
2.664000000000000000e+03 9.829866277959878134e-07
2.665000000000000000e+03 9.476133650176298563e-07
2.666000000000000000e+03 9.096475496661541954e-07
2.667000000000000000e+03 8.692214275243332853e-07
2.668000000000000000e+03 8.264744854546860473e-07
2.669000000000000000e+03 7.815528897170824808e-07
2.670000000000000000e+03 7.346089024961159048e-07
2.671000000000000000e+03 6.858002793837646016e-07
2.672000000000000000e+03 6.352896276010181999e-07
2.673000000000000000e+03 5.832437680296754124e-07
2.674000000000000000e+03 5.298330796977460629e-07
2.675000000000000000e+03 4.752308336799255810e-07
2.676000000000000000e+03 4.196125185389361066e-07
2.677000000000000000e+03 3.631551504354674334e-07
2.678000000000000000e+03 3.060365906193045637e-07
2.679000000000000000e+03 2.484348629840116908e-07
2.680000000000000000e+03 1.905274883151595649e-07
2.681000000000000000e+03 1.324908096218606338e-07
2.682000000000000000e+03 7.449933135827490624e-08
2.683000000000000000e+03 1.672507658502386901e-08
2.684000000000000000e+03 -4.066305512146874579e-08
2.685000000000000000e+03 -9.749989092245803256e-08
2.686000000000000000e+03 -1.536245773952632414e-07
2.687000000000000000e+03 -2.088811499213687314e-07
2.688000000000000000e+03 -2.631190802344877183e-07
2.689000000000000000e+03 -3.161937925049307581e-07
2.690000000000000000e+03 -3.679671399548115669e-07
2.691000000000000000e+03 -4.183078505459398672e-07
2.692000000000000000e+03 -4.670919574016340003e-07
2.693000000000000000e+03 -5.142031757190501483e-07
2.694000000000000000e+03 -5.595332483015915978e-07
2.695000000000000000e+03 -6.029822501507777668e-07
2.696000000000000000e+03 -6.444588565984943902e-07
2.697000000000000000e+03 -6.838805722105581668e-07
2.698000000000000000e+03 -7.211739050801484503e-07
2.699000000000000000e+03 -7.562745168770614881e-07
2.700000000000000000e+03 -7.891273141454416685e-07
2.701000000000000000e+03 -8.196865134956949635e-07
2.702000000000000000e+03 -8.479156546270182530e-07
2.703000000000000000e+03 -8.737875757736456247e-07
2.704000000000000000e+03 -8.972843517530962050e-07
2.705000000000000000e+03 -9.183971740575205093e-07
2.706000000000000000e+03 -9.371262147776880593e-07
2.707000000000000000e+03 -9.534804460993777852e-07
2.708000000000000000e+03 -9.674774023135081001e-07
2.709000000000000000e+03 -9.791429238999771985e-07
2.710000000000000000e+03 -9.885108739023404854e-07
2.711000000000000000e+03 -9.956228099729283968e-07
2.712000000000000000e+03 -1.000527617933371556e-06
2.713000000000000000e+03 -1.003281139772786986e-06
2.714000000000000000e+03 -1.003945779765219068e-06
2.715000000000000000e+03 -1.002590057568232663e-06
2.716000000000000000e+03 -9.992881587443303465e-07
2.717000000000000000e+03 -9.941194723839497129e-07
2.718000000000000000e+03 -9.871681007355356259e-07
2.719000000000000000e+03 -9.785223625877341874e-07
2.720000000000000000e+03 -9.682742833605485734e-07
2.721000000000000000e+03 -9.565190750078982889e-07
2.722000000000000000e+03 -9.433546045797832645e-07
2.723000000000000000e+03 -9.288808773988805155e-07
2.724000000000000000e+03 -9.131995076395964939e-07
2.725000000000000000e+03 -8.964131910863739607e-07
2.726000000000000000e+03 -8.786251957412588217e-07
2.727000000000000000e+03 -8.599388350714251720e-07
2.728000000000000000e+03 -8.404569658206943504e-07
2.729000000000000000e+03 -8.202814983034125137e-07
2.730000000000000000e+03 -7.995129289534929424e-07
2.731000000000000000e+03 -7.782498655534186746e-07
2.732000000000000000e+03 -7.565885834980404131e-07
2.733000000000000000e+03 -7.346226096020463334e-07
2.734000000000000000e+03 -7.124423089010470738e-07
2.735000000000000000e+03 -6.901345091746283336e-07
2.736000000000000000e+03 -6.677821491688367761e-07
2.737000000000000000e+03 -6.454639472312882572e-07
2.738000000000000000e+03 -6.232541062043993115e-07
2.739000000000000000e+03 -6.012220392917231940e-07
2.740000000000000000e+03 -5.794321297099823693e-07
2.741000000000000000e+03 -5.579435062495739610e-07
2.742000000000000000e+03 -5.368098729751959271e-07
2.743000000000000000e+03 -5.160793550475116554e-07
2.744000000000000000e+03 -4.957943780091626934e-07
2.745000000000000000e+03 -4.759915854740891001e-07
2.746000000000000000e+03 -4.567017892574229852e-07
2.747000000000000000e+03 -4.379499462009919618e-07
2.748000000000000000e+03 -4.197551682326802050e-07
2.749000000000000000e+03 -4.021307717432777698e-07
2.750000000000000000e+03 -3.850843381129941068e-07
2.751000000000000000e+03 -3.686178253411614449e-07
2.752000000000000000e+03 -3.527277032425891128e-07
2.753000000000000000e+03 -3.374051235231109175e-07
2.754000000000000000e+03 -3.226361153846409683e-07
2.755000000000000000e+03 -3.084018073198388194e-07
2.756000000000000000e+03 -2.946786583175661429e-07
2.757000000000000000e+03 -2.814387356775380824e-07
2.758000000000000000e+03 -2.686500024573808186e-07
2.759000000000000000e+03 -2.562766290010101034e-07
2.760000000000000000e+03 -2.442793277770227706e-07
2.761000000000000000e+03 -2.326156923891017543e-07
2.762000000000000000e+03 -2.212405646365886130e-07
2.763000000000000000e+03 -2.101064187705842762e-07
2.764000000000000000e+03 -1.991637457564908665e-07
2.765000000000000000e+03 -1.883614437104585135e-07
2.766000000000000000e+03 -1.776472104918639029e-07
2.767000000000000000e+03 -1.669679639984113815e-07
2.768000000000000000e+03 -1.562702489568646741e-07
2.769000000000000000e+03 -1.455006434583657673e-07
2.770000000000000000e+03 -1.346061503182595233e-07
2.771000000000000000e+03 -1.235346102706052574e-07
2.772000000000000000e+03 -1.122350919134898004e-07
2.773000000000000000e+03 -1.006582815208249692e-07
2.774000000000000000e+03 -8.875685085378263892e-08
2.775000000000000000e+03 -7.648581800775861236e-08
2.776000000000000000e+03 -6.380290015800219098e-08
2.777000000000000000e+03 -5.066884170177027185e-08
2.778000000000000000e+03 -3.704772414610465349e-08
2.779000000000000000e+03 -2.290726576099693521e-08
2.780000000000000000e+03 -8.219080426056933590e-09
2.781000000000000000e+03 7.041062102414156324e-09
2.782000000000000000e+03 2.289302400538746005e-08
2.783000000000000000e+03 3.935211039609339410e-08
2.784000000000000000e+03 5.642887993617975670e-08
2.785000000000000000e+03 7.412901157007444375e-08
2.786000000000000000e+03 9.245318846632033845e-08
2.787000000000000000e+03 1.113970222070293994e-07
2.788000000000000000e+03 1.309509952695198760e-07
2.789000000000000000e+03 1.511004226667886427e-07
2.790000000000000000e+03 1.718254732725066857e-07
2.791000000000000000e+03 1.931012050245454587e-07
2.792000000000000000e+03 2.148976251693038463e-07
2.793000000000000000e+03 2.371797855742082651e-07
2.794000000000000000e+03 2.599079171517649218e-07
2.795000000000000000e+03 2.830375855240663252e-07
2.796000000000000000e+03 3.065198605626500951e-07
2.797000000000000000e+03 3.303015342051931415e-07
2.798000000000000000e+03 3.543253516319584118e-07
2.799000000000000000e+03 3.785302585755814647e-07
2.800000000000000000e+03 4.028516896494013902e-07
2.801000000000000000e+03 4.272218809906091880e-07
2.802000000000000000e+03 4.515701779406633007e-07
2.803000000000000000e+03 4.758233784486394244e-07
2.804000000000000000e+03 4.999060820163382162e-07
2.805000000000000000e+03 5.237410648085217986e-07
2.806000000000000000e+03 5.472496669352419918e-07
2.807000000000000000e+03 5.703521688268448680e-07
2.808000000000000000e+03 5.929682006666479941e-07
2.809000000000000000e+03 6.150171490223525562e-07
2.810000000000000000e+03 6.364185609669363320e-07
2.811000000000000000e+03 6.570925494237669819e-07
2.812000000000000000e+03 6.769602097659828117e-07
2.813000000000000000e+03 6.959440225438821865e-07
2.814000000000000000e+03 7.139682649499877201e-07
2.815000000000000000e+03 7.309593862368463186e-07
2.816000000000000000e+03 7.468464045325087285e-07
2.817000000000000000e+03 7.615612658823058685e-07
2.818000000000000000e+03 7.750392229692272641e-07
2.819000000000000000e+03 7.872191730945040436e-07
2.820000000000000000e+03 7.980439823812248696e-07
2.821000000000000000e+03 8.074607934178586874e-07
2.822000000000000000e+03 8.154213142807850500e-07
2.823000000000000000e+03 8.218820858761364082e-07
2.824000000000000000e+03 8.268047189861615305e-07
2.825000000000000000e+03 8.301561128422970223e-07
2.826000000000000000e+03 8.319086537648025389e-07
2.827000000000000000e+03 8.320403621855949979e-07
2.828000000000000000e+03 8.305350464526649950e-07
2.829000000000000000e+03 8.273824106228824548e-07
2.830000000000000000e+03 8.225781193830726659e-07
2.831000000000000000e+03 8.161238514548845637e-07
2.832000000000000000e+03 8.080273289556020953e-07
2.833000000000000000e+03 7.983023051520453175e-07
2.834000000000000000e+03 7.869685187576935064e-07
2.835000000000000000e+03 7.740516370787448763e-07
2.836000000000000000e+03 7.595831578095298158e-07
2.837000000000000000e+03 7.436002846779058118e-07
2.838000000000000000e+03 7.261457856165085734e-07
2.839000000000000000e+03 7.072678174301378645e-07
2.840000000000000000e+03 6.870197328417143754e-07
2.841000000000000000e+03 6.654598555091413216e-07
2.842000000000000000e+03 6.426512383379227802e-07
2.843000000000000000e+03 6.186613915381746905e-07
2.844000000000000000e+03 5.935620126820497445e-07
2.845000000000000000e+03 5.674286751983250394e-07
2.846000000000000000e+03 5.403405150971859615e-07
2.847000000000000000e+03 5.123798957922569966e-07
2.848000000000000000e+03 4.836320687380937976e-07
2.849000000000000000e+03 4.541848127142440618e-07
2.850000000000000000e+03 4.241280691983848141e-07
2.851000000000000000e+03 3.935535691234043390e-07
2.852000000000000000e+03 3.625544489616150801e-07
2.853000000000000000e+03 3.312248638240048038e-07
2.854000000000000000e+03 2.996596054391058183e-07
2.855000000000000000e+03 2.679537264232078662e-07
2.856000000000000000e+03 2.362021495836445559e-07
2.857000000000000000e+03 2.044992805337354384e-07
2.858000000000000000e+03 1.729386403113546492e-07
2.859000000000000000e+03 1.416124993410722634e-07
2.860000000000000000e+03 1.106115083042702887e-07
2.861000000000000000e+03 8.002435176780699620e-08
2.862000000000000000e+03 4.993741778398332489e-08
2.863000000000000000e+03 2.043447261775978412e-08
2.864000000000000000e+03 -8.403652420754246500e-09
2.865000000000000000e+03 -3.649934630378028588e-08
2.866000000000000000e+03 -6.377849628969826763e-08
2.867000000000000000e+03 -9.017073625943192697e-08
2.868000000000000000e+03 -1.156096876027186190e-07
2.869000000000000000e+03 -1.400331707438504925e-07
2.870000000000000000e+03 -1.633833938336787557e-07
2.871000000000000000e+03 -1.856071303470770150e-07
2.872000000000000000e+03 -2.066558659217324199e-07
2.873000000000000000e+03 -2.264859232209905974e-07
2.874000000000000000e+03 -2.450585594945119820e-07
2.875000000000000000e+03 -2.623400477204851301e-07
2.876000000000000000e+03 -2.783017456179293030e-07
2.877000000000000000e+03 -2.929201027665599513e-07
2.878000000000000000e+03 -3.061766810568255183e-07
2.879000000000000000e+03 -3.180581527112352988e-07
2.880000000000000000e+03 -3.285562483138462677e-07
2.881000000000000000e+03 -3.376677163212702848e-07
2.882000000000000000e+03 -3.453942386770484882e-07
2.883000000000000000e+03 -3.517423330118408764e-07
2.884000000000000000e+03 -3.567232391522805668e-07
2.885000000000000000e+03 -3.603527910389604786e-07
2.886000000000000000e+03 -3.626512613224875749e-07
2.887000000000000000e+03 -3.636431973188989537e-07
2.888000000000000000e+03 -3.633572379798690764e-07
2.889000000000000000e+03 -3.618259114593980019e-07
2.890000000000000000e+03 -3.590854253064446044e-07
2.891000000000000000e+03 -3.551754415371030764e-07
2.892000000000000000e+03 -3.501388442868906674e-07
2.893000000000000000e+03 -3.440214842811263336e-07
2.894000000000000000e+03 -3.368719284131213453e-07
2.895000000000000000e+03 -3.287412063687746383e-07
2.896000000000000000e+03 -3.196825333953013211e-07
2.897000000000000000e+03 -3.097510381468292283e-07
2.898000000000000000e+03 -2.990034868946412382e-07
2.899000000000000000e+03 -2.874979981399950551e-07
2.900000000000000000e+03 -2.752937690724099738e-07
2.901000000000000000e+03 -2.624507937259904987e-07
2.902000000000000000e+03 -2.490295872502879503e-07
2.903000000000000000e+03 -2.350909201148655803e-07
2.904000000000000000e+03 -2.206955380407499590e-07
2.905000000000000000e+03 -2.059039031302278556e-07
2.906000000000000000e+03 -1.907759423652413631e-07
2.907000000000000000e+03 -1.753707994258175193e-07
2.908000000000000000e+03 -1.597466019426696535e-07
2.909000000000000000e+03 -1.439602373744098041e-07
2.910000000000000000e+03 -1.280671377989848960e-07
2.911000000000000000e+03 -1.121210864428316666e-07
2.912000000000000000e+03 -9.617402807533896875e-08
2.913000000000000000e+03 -8.027589928506666320e-08
2.914000000000000000e+03 -6.447447599576937982e-08
2.915000000000000000e+03 -4.881524060294587931e-08
2.916000000000000000e+03 -3.334124773063945326e-08
2.917000000000000000e+03 -1.809303256378695832e-08
2.918000000000000000e+03 -3.108523489158722958e-09
2.919000000000000000e+03 1.157703023984548837e-08
2.920000000000000000e+03 2.593111107373819651e-08
2.921000000000000000e+03 3.992397196137233798e-08
2.922000000000000000e+03 5.352864120018350227e-08
2.923000000000000000e+03 6.672092330708469216e-08
2.924000000000000000e+03 7.947938294500423475e-08
2.925000000000000000e+03 9.178530586386684592e-08
2.926000000000000000e+03 1.036226426152737339e-07
2.927000000000000000e+03 1.149779488304743355e-07
2.928000000000000000e+03 1.258403013802844949e-07
2.929000000000000000e+03 1.362012004080260152e-07
2.930000000000000000e+03 1.460544624344942064e-07
2.931000000000000000e+03 1.553960779677850497e-07
2.932000000000000000e+03 1.642240935634057601e-07
2.933000000000000000e+03 1.725384687233455797e-07
2.934000000000000000e+03 1.803409252341797342e-07
2.935000000000000000e+03 1.876347828935631957e-07
2.936000000000000000e+03 1.944247905025692660e-07
2.937000000000000000e+03 2.007169653409851719e-07
2.938000000000000000e+03 2.065183952065190736e-07
2.939000000000000000e+03 2.118370828620293737e-07
2.940000000000000000e+03 2.166817562606983142e-07
2.941000000000000000e+03 2.210616906439984202e-07
2.942000000000000000e+03 2.249865359576720555e-07
2.943000000000000000e+03 2.284661475207792616e-07
2.944000000000000000e+03 2.315104047262799530e-07
2.945000000000000000e+03 2.341290501169030547e-07
2.946000000000000000e+03 2.363315233390989384e-07
2.947000000000000000e+03 2.381268233799743664e-07
2.948000000000000000e+03 2.395233553395632903e-07
2.949000000000000000e+03 2.405288120228079791e-07
2.950000000000000000e+03 2.411500474164428193e-07
2.951000000000000000e+03 2.413929589118804161e-07
2.952000000000000000e+03 2.412623777515083015e-07
2.953000000000000000e+03 2.407619966054679197e-07
2.954000000000000000e+03 2.398942974907379970e-07
2.955000000000000000e+03 2.386604817991755250e-07
2.956000000000000000e+03 2.370604309632466134e-07
2.957000000000000000e+03 2.350926823311023045e-07
2.958000000000000000e+03 2.327544000724691108e-07
2.959000000000000000e+03 2.300413833095037492e-07
2.960000000000000000e+03 2.269480981727776349e-07
2.961000000000000000e+03 2.234676790288772324e-07
2.962000000000000000e+03 2.195919930599493918e-07
2.963000000000000000e+03 2.153117039748398930e-07
2.964000000000000000e+03 2.106163452927806628e-07
2.965000000000000000e+03 2.054944003932620933e-07
2.966000000000000000e+03 1.999334153632693140e-07
2.967000000000000000e+03 1.939201183161084441e-07
2.968000000000000000e+03 1.874405348809878191e-07
2.969000000000000000e+03 1.804801355702662011e-07
2.970000000000000000e+03 1.730239744558832301e-07
2.971000000000000000e+03 1.650568608408786593e-07
2.972000000000000000e+03 1.565635208296304741e-07
2.973000000000000000e+03 1.475287676900770528e-07
2.974000000000000000e+03 1.379376924705479997e-07
2.975000000000000000e+03 1.277758458750688766e-07
2.976000000000000000e+03 1.170294237120918714e-07
2.977000000000000000e+03 1.056854599297697959e-07
2.978000000000000000e+03 9.373202889744634070e-08
2.979000000000000000e+03 8.115844052606402534e-08
2.980000000000000000e+03 6.795541874028490168e-08
2.981000000000000000e+03 5.411530394784200353e-08
2.982000000000000000e+03 3.963224385487759913e-08
2.983000000000000000e+03 2.450237271607262685e-08
2.984000000000000000e+03 8.724000407729252765e-09
2.985000000000000000e+03 -7.702223493319941024e-09
2.986000000000000000e+03 -2.477314253240008587e-08
2.987000000000000000e+03 -4.248293966898969990e-08
2.988000000000000000e+03 -6.082299358707091493e-08
2.989000000000000000e+03 -7.978173577376488605e-08
2.990000000000000000e+03 -9.934455048857554172e-08
2.991000000000000000e+03 -1.194936643243617346e-07
2.992000000000000000e+03 -1.402080529041235607e-07
2.993000000000000000e+03 -1.614633690099519851e-07
2.994000000000000000e+03 -1.832318895160362713e-07
2.995000000000000000e+03 -2.054824670190025091e-07
2.996000000000000000e+03 -2.281805117543966826e-07
2.997000000000000000e+03 -2.512879989589695285e-07
2.998000000000000000e+03 -2.747634822218427843e-07
2.999000000000000000e+03 -2.985621269752360730e-07
3.000000000000000000e+03 -3.226357560473717929e-07
3.001000000000000000e+03 -3.469329272594779293e-07
3.002000000000000000e+03 -3.713990337855711148e-07
3.003000000000000000e+03 -3.959764203491847398e-07
3.004000000000000000e+03 -4.206045125517981344e-07
3.005000000000000000e+03 -4.452199676618445972e-07
3.006000000000000000e+03 -4.697568397110031226e-07
3.007000000000000000e+03 -4.941467729570977893e-07
3.008000000000000000e+03 -5.183191982843835308e-07
3.009000000000000000e+03 -5.422015628394249233e-07
3.010000000000000000e+03 -5.657195613274294350e-07
3.011000000000000000e+03 -5.887973788620503083e-07
3.012000000000000000e+03 -6.113579608232049059e-07
3.013000000000000000e+03 -6.333232803988686578e-07
3.014000000000000000e+03 -6.546146220205717247e-07
3.015000000000000000e+03 -6.751528814819217007e-07
3.016000000000000000e+03 -6.948588625939074916e-07
3.017000000000000000e+03 -7.136535903118848773e-07
3.018000000000000000e+03 -7.314586288129878998e-07
3.019000000000000000e+03 -7.481964004433231282e-07
3.020000000000000000e+03 -7.637905075247162363e-07
3.021000000000000000e+03 -7.781660468158735593e-07
3.022000000000000000e+03 -7.912499387788760521e-07
3.023000000000000000e+03 -8.029712535014234824e-07
3.024000000000000000e+03 -8.132615176980591896e-07
3.025000000000000000e+03 -8.220550353179745598e-07
3.026000000000000000e+03 -8.292891949140574179e-07
3.027000000000000000e+03 -8.349047547332824891e-07
3.028000000000000000e+03 -8.388461483785631913e-07
3.029000000000000000e+03 -8.410617588631665557e-07
3.030000000000000000e+03 -8.415041773055106188e-07
3.031000000000000000e+03 -8.401304763283241837e-07
3.032000000000000000e+03 -8.369024396079224711e-07
3.033000000000000000e+03 -8.317867832409815510e-07
3.034000000000000000e+03 -8.247553602537293395e-07
3.035000000000000000e+03 -8.157853661779802038e-07
3.036000000000000000e+03 -8.048595044320944518e-07
3.037000000000000000e+03 -7.919661512147130362e-07
3.038000000000000000e+03 -7.770994743302497169e-07
3.039000000000000000e+03 -7.602595610178645622e-07
3.040000000000000000e+03 -7.414525080718135749e-07
3.041000000000000000e+03 -7.206904927157884360e-07
3.042000000000000000e+03 -6.979918214120349487e-07
3.043000000000000000e+03 -6.733809505637980639e-07
3.044000000000000000e+03 -6.468884969912711054e-07
3.045000000000000000e+03 -6.185512136999635128e-07
3.046000000000000000e+03 -5.884119626976364883e-07
3.047000000000000000e+03 -5.565196470782262453e-07
3.048000000000000000e+03 -5.229291219292719840e-07
3.049000000000000000e+03 -4.877010795217378875e-07
3.050000000000000000e+03 -4.509019246631461034e-07
3.051000000000000000e+03 -4.126036252943375397e-07
3.052000000000000000e+03 -3.728835368495983487e-07
3.053000000000000000e+03 -3.318242100469337661e-07
3.054000000000000000e+03 -2.895131792227971877e-07
3.055000000000000000e+03 -2.460427338410023498e-07
3.056000000000000000e+03 -2.015096729183981305e-07
3.057000000000000000e+03 -1.560150381584314148e-07
3.058000000000000000e+03 -1.096638287429098803e-07
3.059000000000000000e+03 -6.256470223106204724e-08
3.060000000000000000e+03 -1.482967127209547287e-08
3.061000000000000000e+03 3.342622299257609300e-08
3.062000000000000000e+03 8.208524142993936322e-08
3.063000000000000000e+03 1.310273104056144973e-07
3.064000000000000000e+03 1.801303720093475232e-07
3.065000000000000000e+03 2.292707592816550926e-07
3.066000000000000000e+03 2.783235706817178445e-07
3.067000000000000000e+03 3.271630406466041357e-07
3.068000000000000000e+03 3.756629454210456315e-07
3.069000000000000000e+03 4.236969889839534888e-07
3.070000000000000000e+03 4.711391981415855521e-07
3.071000000000000000e+03 5.178643149819034475e-07
3.072000000000000000e+03 5.637481961889279688e-07
3.073000000000000000e+03 6.086681960646249387e-07
3.074000000000000000e+03 6.525035659188827431e-07
3.075000000000000000e+03 6.951358200186666413e-07
3.076000000000000000e+03 7.364491198687574769e-07
3.077000000000000000e+03 7.763306466912925774e-07
3.078000000000000000e+03 8.146709520439162108e-07
3.079000000000000000e+03 8.513642946216830945e-07
3.080000000000000000e+03 8.863089819550762973e-07
3.081000000000000000e+03 9.194076963816324998e-07
3.082000000000000000e+03 9.505678039763411481e-07
3.083000000000000000e+03 9.797016234298245158e-07
3.084000000000000000e+03 1.006726702163613218e-06
3.085000000000000000e+03 1.031566058252352621e-06
3.086000000000000000e+03 1.054148425976136442e-06
3.087000000000000000e+03 1.074408460366360195e-06
3.088000000000000000e+03 1.092286926855403659e-06
3.089000000000000000e+03 1.107730880986815826e-06
3.090000000000000000e+03 1.120693803430298233e-06
3.091000000000000000e+03 1.131135728753099605e-06
3.092000000000000000e+03 1.139023353611657028e-06
3.093000000000000000e+03 1.144330109710396635e-06
3.094000000000000000e+03 1.147036231227995666e-06
3.095000000000000000e+03 1.147128781801797259e-06
3.096000000000000000e+03 1.144601661810259656e-06
3.097000000000000000e+03 1.139455607832841400e-06
3.098000000000000000e+03 1.131698162773567032e-06
3.099000000000000000e+03 1.121343615960785547e-06
3.100000000000000000e+03 1.108412917555881046e-06
3.101000000000000000e+03 1.092933582747773607e-06
3.102000000000000000e+03 1.074939595630413194e-06
3.103000000000000000e+03 1.054471271702076490e-06
3.104000000000000000e+03 1.031575095413517221e-06
3.105000000000000000e+03 1.006303552793559941e-06
3.106000000000000000e+03 9.787149474174730580e-07
3.107000000000000000e+03 9.488731953488469147e-07
3.108000000000000000e+03 9.168476120829189941e-07
3.109000000000000000e+03 8.827126906405421022e-07
3.110000000000000000e+03 8.465478556285099029e-07
3.111000000000000000e+03 8.084372241099191415e-07
3.112000000000000000e+03 7.684693299625447886e-07
3.113000000000000000e+03 7.267368652079444358e-07
3.114000000000000000e+03 6.833364099544483980e-07
3.115000000000000000e+03 6.383681473309821142e-07
3.116000000000000000e+03 5.919355857522432015e-07
3.117000000000000000e+03 5.441452718416897676e-07
3.118000000000000000e+03 4.951064852614599586e-07
3.119000000000000000e+03 4.449309577080038495e-07
3.120000000000000000e+03 3.937325758244393917e-07
3.121000000000000000e+03 3.416270912160030945e-07
3.122000000000000000e+03 2.887318316097722855e-07
3.123000000000000000e+03 2.351654088991044295e-07
3.124000000000000000e+03 1.810474421290435191e-07
3.125000000000000000e+03 1.264982744563143704e-07
3.126000000000000000e+03 7.163870001860214794e-08
3.127000000000000000e+03 1.658970153798448525e-08
3.128000000000000000e+03 -3.852781978583657491e-08
3.129000000000000000e+03 -9.359330213386046142e-08
3.130000000000000000e+03 -1.484867760417967410e-07
3.131000000000000000e+03 -2.030890895326997930e-07
3.132000000000000000e+03 -2.572821389676532562e-07
3.133000000000000000e+03 -3.109491086623353041e-07
3.134000000000000000e+03 -3.639746924450310802e-07
3.135000000000000000e+03 -4.162452904507559406e-07
3.136000000000000000e+03 -4.676492097633843919e-07
3.137000000000000000e+03 -5.180768688718447775e-07
3.138000000000000000e+03 -5.674209935230677103e-07
3.139000000000000000e+03 -6.155767775402757489e-07
3.140000000000000000e+03 -6.624420617752891572e-07
3.141000000000000000e+03 -7.079175169790249709e-07
3.142000000000000000e+03 -7.519067742046354954e-07
3.143000000000000000e+03 -7.943165940873099471e-07
3.144000000000000000e+03 -8.350570129479215344e-07
3.145000000000000000e+03 -8.740414855084007657e-07
3.146000000000000000e+03 -9.111870144206263605e-07
3.147000000000000000e+03 -9.464142750325486821e-07
3.148000000000000000e+03 -9.796477307710083903e-07
3.149000000000000000e+03 -1.010815750261181428e-06
3.150000000000000000e+03 -1.039850727740667712e-06
3.151000000000000000e+03 -1.066689182101063341e-06
3.152000000000000000e+03 -1.091271847978542310e-06
3.153000000000000000e+03 -1.113543764252619264e-06
3.154000000000000000e+03 -1.133454364575937806e-06
3.155000000000000000e+03 -1.150957576345897470e-06
3.156000000000000000e+03 -1.166011886833207949e-06
3.157000000000000000e+03 -1.178580411658472631e-06
3.158000000000000000e+03 -1.188630977376973039e-06
3.159000000000000000e+03 -1.196136189781537351e-06
3.160000000000000000e+03 -1.201073482499712777e-06
3.161000000000000000e+03 -1.203425182290833490e-06
3.162000000000000000e+03 -1.203178570393516637e-06
3.163000000000000000e+03 -1.200325928680589280e-06
3.164000000000000000e+03 -1.194864574812469360e-06
3.165000000000000000e+03 -1.186796924121016310e-06
3.166000000000000000e+03 -1.176130529120591813e-06
3.167000000000000000e+03 -1.162878103522811600e-06
3.168000000000000000e+03 -1.147057547903284456e-06
3.169000000000000000e+03 -1.128691974660348359e-06
3.170000000000000000e+03 -1.107809723937955177e-06
3.171000000000000000e+03 -1.084444375872771396e-06
3.172000000000000000e+03 -1.058634740885004097e-06
3.173000000000000000e+03 -1.030424857480905472e-06
3.174000000000000000e+03 -9.998639828472226296e-07
3.175000000000000000e+03 -9.670065656749323778e-07
3.176000000000000000e+03 -9.319122279181927311e-07
3.177000000000000000e+03 -8.946457121906990823e-07
3.178000000000000000e+03 -8.552768215957055418e-07
3.179000000000000000e+03 -8.138803734601883507e-07
3.180000000000000000e+03 -7.705361149361760728e-07
3.181000000000000000e+03 -7.253286409840049384e-07
3.182000000000000000e+03 -6.783473081009873029e-07
3.183000000000000000e+03 -6.296861039830563480e-07
3.184000000000000000e+03 -5.794435366552601035e-07
3.185000000000000000e+03 -5.277225065132147760e-07
3.186000000000000000e+03 -4.746301481496730675e-07
3.187000000000000000e+03 -4.202776725969968956e-07
3.188000000000000000e+03 -3.647801796508025471e-07
3.189000000000000000e+03 -3.082564683494049896e-07
3.190000000000000000e+03 -2.508288242285462701e-07
3.191000000000000000e+03 -1.926228121007982674e-07
3.192000000000000000e+03 -1.337670289710355317e-07
3.193000000000000000e+03 -7.439285768234928836e-08
3.194000000000000000e+03 -1.463420363727828489e-08
3.195000000000000000e+03 4.537277730028385748e-08
3.196000000000000000e+03 1.054899810622273657e-07
3.197000000000000000e+03 1.655776410347905781e-07
3.198000000000000000e+03 2.254946334788154305e-07
3.199000000000000000e+03 2.850988216079905516e-07
3.200000000000000000e+03 3.442473829206561591e-07
3.201000000000000000e+03 4.027971509617464258e-07
3.202000000000000000e+03 4.606049707596890914e-07
3.203000000000000000e+03 5.175280485772438636e-07
3.204000000000000000e+03 5.734243301129639595e-07
3.205000000000000000e+03 6.281528738486828773e-07
3.206000000000000000e+03 6.815742374348827014e-07
3.207000000000000000e+03 7.335508635177395795e-07
3.208000000000000000e+03 7.839474532953790242e-07
3.209000000000000000e+03 8.326313672651747228e-07
3.210000000000000000e+03 8.794730094790844119e-07
3.211000000000000000e+03 9.243462230061408291e-07
3.212000000000000000e+03 9.671286709209783393e-07
3.213000000000000000e+03 1.007702239695338531e-06
3.214000000000000000e+03 1.045953411868149801e-06
3.215000000000000000e+03 1.081773642059622074e-06
3.216000000000000000e+03 1.115059744926618897e-06
3.217000000000000000e+03 1.145714230721922421e-06
3.218000000000000000e+03 1.173645673340381306e-06
3.219000000000000000e+03 1.198769052967752754e-06
3.220000000000000000e+03 1.221006081923119559e-06
3.221000000000000000e+03 1.240285513682276860e-06
3.222000000000000000e+03 1.256543435758053056e-06
3.223000000000000000e+03 1.269723564242518266e-06
3.224000000000000000e+03 1.279777496501925160e-06
3.225000000000000000e+03 1.286664964193488228e-06
3.226000000000000000e+03 1.290354057201484849e-06
3.227000000000000000e+03 1.290821414506963997e-06
3.228000000000000000e+03 1.288052414438975214e-06
3.229000000000000000e+03 1.282041320757857882e-06
3.230000000000000000e+03 1.272791424033905599e-06
3.231000000000000000e+03 1.260315131960520928e-06
3.232000000000000000e+03 1.244634053349876786e-06
3.233000000000000000e+03 1.225779055167748862e-06
3.234000000000000000e+03 1.203790261794863925e-06
3.235000000000000000e+03 1.178717056343277543e-06
3.236000000000000000e+03 1.150618037660919204e-06
3.237000000000000000e+03 1.119560956092807787e-06
3.238000000000000000e+03 1.085622610523725442e-06
3.239000000000000000e+03 1.048888707893377758e-06
3.240000000000000000e+03 1.009453709038428757e-06
3.241000000000000000e+03 9.674206193371697086e-07
3.242000000000000000e+03 9.229007539909103515e-07
3.243000000000000000e+03 8.760134832647122509e-07
3.244000000000000000e+03 8.268859456808970920e-07
3.245000000000000000e+03 7.756527223828418073e-07
3.246000000000000000e+03 7.224554968221197948e-07
3.247000000000000000e+03 6.674426514043108298e-07
3.248000000000000000e+03 6.107688733863160544e-07
3.249000000000000000e+03 5.525947142297814047e-07
3.250000000000000000e+03 4.930861377490508159e-07
3.251000000000000000e+03 4.324140248714048159e-07
3.252000000000000000e+03 3.707536706704107817e-07
3.253000000000000000e+03 3.082842646712160797e-07
3.254000000000000000e+03 2.451883447220715683e-07
3.255000000000000000e+03 1.816512192100279240e-07
3.256000000000000000e+03 1.178603910766756724e-07
3.257000000000000000e+03 5.400496167803702021e-08
3.258000000000000000e+03 -9.724975271575974568e-09
3.259000000000000000e+03 -7.313895552448606950e-08
3.260000000000000000e+03 -1.360467707878679474e-07
3.261000000000000000e+03 -1.982590917217866468e-07
3.262000000000000000e+03 -2.595881105154533604e-07
3.263000000000000000e+03 -3.198481739798869800e-07
3.264000000000000000e+03 -3.788564170431272302e-07
3.265000000000000000e+03 -4.364334097493909885e-07
3.266000000000000000e+03 -4.924037792824446043e-07
3.267000000000000000e+03 -5.465968316331281469e-07
3.268000000000000000e+03 -5.988471524371279070e-07
3.269000000000000000e+03 -6.489951981080368282e-07
3.270000000000000000e+03 -6.968878752166974013e-07
3.271000000000000000e+03 -7.423791005224372945e-07
3.272000000000000000e+03 -7.853303481529924643e-07
3.273000000000000000e+03 -8.256111572611827226e-07
3.274000000000000000e+03 -8.630996271002106313e-07
3.275000000000000000e+03 -8.976828880230145961e-07
3.276000000000000000e+03 -9.292575167196942358e-07
3.277000000000000000e+03 -9.577299574443626856e-07
3.278000000000000000e+03 -9.830168678233916632e-07
3.279000000000000000e+03 -1.005045457191603671e-06
3.280000000000000000e+03 -1.023753787023273095e-06
3.281000000000000000e+03 -1.039091035663699142e-06
3.282000000000000000e+03 -1.051017716259473162e-06
3.283000000000000000e+03 -1.059505849754360257e-06
3.284000000000000000e+03 -1.064539105014717844e-06
3.285000000000000000e+03 -1.066112886258219472e-06
3.286000000000000000e+03 -1.064234378244931958e-06
3.287000000000000000e+03 -1.058922573030350009e-06
3.288000000000000000e+03 -1.050208234820620056e-06
3.289000000000000000e+03 -1.038133815417076073e-06
3.290000000000000000e+03 -1.022753332587645505e-06
3.291000000000000000e+03 -1.004132193010588805e-06
3.292000000000000000e+03 -9.823469773661631823e-07
3.293000000000000000e+03 -9.574852017192564804e-07
3.294000000000000000e+03 -9.296450143454312411e-07
3.295000000000000000e+03 -8.989348567533810698e-07
3.296000000000000000e+03 -8.654730795465061661e-07
3.297000000000000000e+03 -8.293875204813719946e-07
3.298000000000000000e+03 -7.908150539281533833e-07
3.299000000000000000e+03 -7.499010924785559886e-07
3.300000000000000000e+03 -7.067990563449761042e-07
3.301000000000000000e+03 -6.616698216399561102e-07
3.302000000000000000e+03 -6.146811223615180453e-07
3.303000000000000000e+03 -5.660069228436736962e-07
3.304000000000000000e+03 -5.158267755529268373e-07
3.305000000000000000e+03 -4.643251540790614993e-07
3.306000000000000000e+03 -4.116907551859912183e-07
3.307000000000000000e+03 -3.581157951321830115e-07
3.308000000000000000e+03 -3.037952900261421579e-07
3.309000000000000000e+03 -2.489263052102388016e-07
3.310000000000000000e+03 -1.937072213888406484e-07
3.311000000000000000e+03 -1.383369700066018809e-07
3.312000000000000000e+03 -8.301428486226036554e-08
3.313000000000000000e+03 -2.793693515188526270e-08
3.314000000000000000e+03 2.669902490539132439e-08
3.315000000000000000e+03 8.069999022932330938e-08
3.316000000000000000e+03 1.338755574672838124e-07
3.317000000000000000e+03 1.860392483044133069e-07
3.318000000000000000e+03 2.370092196498374057e-07
3.319000000000000000e+03 2.866089532141655679e-07
3.320000000000000000e+03 3.346679371939261279e-07
3.321000000000000000e+03 3.810223108756654353e-07
3.322000000000000000e+03 4.255154863026414293e-07
3.323000000000000000e+03 4.679987384354118171e-07
3.324000000000000000e+03 5.083317727787764073e-07
3.325000000000000000e+03 5.463832470165484552e-07
3.326000000000000000e+03 5.820312547529468309e-07
3.327000000000000000e+03 6.151637754084438860e-07
3.328000000000000000e+03 6.456790730892164130e-07
3.329000000000000000e+03 6.734860765156801011e-07
3.330000000000000000e+03 6.985046970016005279e-07
3.331000000000000000e+03 7.206660994435486881e-07
3.332000000000000000e+03 7.399129372848639822e-07
3.333000000000000000e+03 7.561995252899128345e-07
3.334000000000000000e+03 7.694919713731505115e-07
3.335000000000000000e+03 7.797682536751362556e-07
3.336000000000000000e+03 7.870182628001774248e-07
3.337000000000000000e+03 7.912437768691348120e-07
3.338000000000000000e+03 7.924583878407301375e-07
3.339000000000000000e+03 7.906873951077726820e-07
3.340000000000000000e+03 7.859676428471366152e-07
3.341000000000000000e+03 7.783473020738216594e-07
3.342000000000000000e+03 7.678856163667403925e-07
3.343000000000000000e+03 7.546525837887374901e-07
3.344000000000000000e+03 7.387286310204207022e-07
3.345000000000000000e+03 7.202042178769345350e-07
3.346000000000000000e+03 6.991794112605117316e-07
3.347000000000000000e+03 6.757634135354916916e-07
3.348000000000000000e+03 6.500740601266715083e-07
3.349000000000000000e+03 6.222372825118012146e-07
3.350000000000000000e+03 5.923865403473383751e-07
3.351000000000000000e+03 5.606622272146769776e-07
3.352000000000000000e+03 5.272110330086269337e-07
3.353000000000000000e+03 4.921852867362335351e-07
3.354000000000000000e+03 4.557423047955238909e-07
3.355000000000000000e+03 4.180436922735754446e-07
3.356000000000000000e+03 3.792546356883955774e-07
3.357000000000000000e+03 3.395431840048160085e-07
3.358000000000000000e+03 2.990795225105787172e-07
3.359000000000000000e+03 2.580352473475833747e-07
3.360000000000000000e+03 2.165826262959798819e-07
3.361000000000000000e+03 1.748938653326805190e-07
3.362000000000000000e+03 1.331403812600816439e-07
3.363000000000000000e+03 9.149207914799178832e-08
3.364000000000000000e+03 5.011664275522500130e-08
3.365000000000000000e+03 9.178840511216975532e-09
3.366000000000000000e+03 -3.116016492601112819e-08
3.367000000000000000e+03 -7.074348470459827807e-08
3.368000000000000000e+03 -1.094191191833951832e-07
3.369000000000000000e+03 -1.470405843548316830e-07
3.370000000000000000e+03 -1.834674911525467083e-07
3.371000000000000000e+03 -2.185661095603889493e-07
3.372000000000000000e+03 -2.522099001726539163e-07
3.373000000000000000e+03 -2.842799849444287627e-07
3.374000000000000000e+03 -3.146656131479043065e-07
3.375000000000000000e+03 -3.432645703889125032e-07
3.376000000000000000e+03 -3.699835391865784435e-07
3.377000000000000000e+03 -3.947384341565709004e-07
3.378000000000000000e+03 -4.174546920985216804e-07
3.379000000000000000e+03 -4.380675083705105457e-07
3.380000000000000000e+03 -4.565220291563054408e-07
3.381000000000000000e+03 -4.727735072591882508e-07
3.382000000000000000e+03 -4.867874000830959158e-07
3.383000000000000000e+03 -4.985394369796295841e-07
3.384000000000000000e+03 -5.080156094114860899e-07
3.385000000000000000e+03 -5.152121484259768683e-07
3.386000000000000000e+03 -5.201354287712279282e-07
3.387000000000000000e+03 -5.228018400136645477e-07
3.388000000000000000e+03 -5.232376036739091065e-07
3.389000000000000000e+03 -5.214785670082089915e-07
3.390000000000000000e+03 -5.175699327101752001e-07
3.391000000000000000e+03 -5.115659535287643982e-07
3.392000000000000000e+03 -5.035295950873961412e-07
3.393000000000000000e+03 -4.935321538264555268e-07
3.394000000000000000e+03 -4.816528331925360762e-07
3.395000000000000000e+03 -4.679782994387472471e-07
3.396000000000000000e+03 -4.526022097268805650e-07
3.397000000000000000e+03 -4.356247016162763293e-07
3.398000000000000000e+03 -4.171518481328899733e-07
3.399000000000000000e+03 -3.972951132770158236e-07
3.400000000000000000e+03 -3.761707676802141915e-07
3.401000000000000000e+03 -3.538992941659776868e-07
3.402000000000000000e+03 -3.306047788985924550e-07
3.403000000000000000e+03 -3.064142917368288292e-07
3.404000000000000000e+03 -2.814572555290544782e-07
3.405000000000000000e+03 -2.558648139365260596e-07
3.406000000000000000e+03 -2.297691852597272284e-07
3.407000000000000000e+03 -2.033030272282264063e-07
3.408000000000000000e+03 -1.765987985070728465e-07
3.409000000000000000e+03 -1.497881482777038266e-07
3.410000000000000000e+03 -1.230012980112535472e-07
3.411000000000000000e+03 -9.636642373438969171e-08
3.412000000000000000e+03 -7.000906391747446236e-08
3.413000000000000000e+03 -4.405156297028558723e-08
3.414000000000000000e+03 -1.861251670322777366e-08
3.415000000000000000e+03 6.193763472891197527e-09
3.416000000000000000e+03 3.025774620635556665e-08
3.417000000000000000e+03 5.347517380862709663e-08
3.418000000000000000e+03 7.574748918738774594e-08
3.419000000000000000e+03 9.698225199212594408e-08
3.420000000000000000e+03 1.170935222915737703e-07
3.421000000000000000e+03 1.360022055248603973e-07
3.422000000000000000e+03 1.536363596195873347e-07
3.423000000000000000e+03 1.699314602741184592e-07
3.424000000000000000e+03 1.848306355014514146e-07
3.425000000000000000e+03 1.982848699678683445e-07
3.426000000000000000e+03 2.102531472386895177e-07
3.427000000000000000e+03 2.207025652847057446e-07
3.428000000000000000e+03 2.296083966097815144e-07
3.429000000000000000e+03 2.369541146802362603e-07
3.430000000000000000e+03 2.427313939247954698e-07
3.431000000000000000e+03 2.469400623697630477e-07
3.432000000000000000e+03 2.495880025790515274e-07
3.433000000000000000e+03 2.506910237573451105e-07
3.434000000000000000e+03 2.502726853481192413e-07
3.435000000000000000e+03 2.483640974337759692e-07
3.436000000000000000e+03 2.450036753887057227e-07
3.437000000000000000e+03 2.402368683203159448e-07
3.438000000000000000e+03 2.341158546216971196e-07
3.439000000000000000e+03 2.266991998723126633e-07
3.440000000000000000e+03 2.180514920305751460e-07
3.441000000000000000e+03 2.082429384660815277e-07
3.442000000000000000e+03 1.973489514248327464e-07
3.443000000000000000e+03 1.854497098594362752e-07
3.444000000000000000e+03 1.726296877013343674e-07
3.445000000000000000e+03 1.589771813107559036e-07
3.446000000000000000e+03 1.445838253244546932e-07
3.447000000000000000e+03 1.295440713403967381e-07
3.448000000000000000e+03 1.139546669062643563e-07
3.449000000000000000e+03 9.791413734471159191e-08
3.450000000000000000e+03 8.152224773337506505e-08
3.451000000000000000e+03 6.487947247143790497e-08
3.452000000000000000e+03 4.808645418347541997e-08
3.453000000000000000e+03 3.124348509930258553e-08
3.454000000000000000e+03 1.444997033499219414e-08
3.455000000000000000e+03 -2.196091269939280067e-09
3.456000000000000000e+03 -1.859861043515475073e-08
3.457000000000000000e+03 -3.466390433849388825e-08
3.458000000000000000e+03 -5.030116625610198809e-08
3.459000000000000000e+03 -6.542292719879958842e-08
3.460000000000000000e+03 -7.994549473276953691e-08
3.461000000000000000e+03 -9.378937543863723336e-08
3.462000000000000000e+03 -1.068796708344393231e-07
3.463000000000000000e+03 -1.191464338936650981e-07
3.464000000000000000e+03 -1.305250100449960799e-07
3.465000000000000000e+03 -1.409563529413736122e-07
3.466000000000000000e+03 -1.503873010004244051e-07
3.467000000000000000e+03 -1.587708249057983027e-07
3.468000000000000000e+03 -1.660662371032588342e-07
3.469000000000000000e+03 -1.722393845908917205e-07
3.470000000000000000e+03 -1.772627773139219798e-07
3.471000000000000000e+03 -1.811157085574778758e-07
3.472000000000000000e+03 -1.837843096969099188e-07
3.473000000000000000e+03 -1.852616010787688926e-07
3.474000000000000000e+03 -1.855474975681527658e-07
3.475000000000000000e+03 -1.846487577405558963e-07
3.476000000000000000e+03 -1.825789226705262545e-07
3.477000000000000000e+03 -1.793582028553980348e-07
3.478000000000000000e+03 -1.750133370102698891e-07
3.479000000000000000e+03 -1.695774063205124240e-07
3.480000000000000000e+03 -1.630896339452836658e-07
3.481000000000000000e+03 -1.555951551350453391e-07
3.482000000000000000e+03 -1.471447396560311912e-07
3.483000000000000000e+03 -1.377945053326870943e-07
3.484000000000000000e+03 -1.276055808547453904e-07
3.485000000000000000e+03 -1.166437508350757158e-07
3.486000000000000000e+03 -1.049790913011873293e-07
3.487000000000000000e+03 -9.268557543300845100e-08
3.488000000000000000e+03 -7.984065163198783678e-08
3.489000000000000000e+03 -6.652483468106143555e-08
3.490000000000000000e+03 -5.282124354936422337e-08
3.491000000000000000e+03 -3.881515044853167464e-08
3.492000000000000000e+03 -2.459351986256078892e-08
3.493000000000000000e+03 -1.024454536111693842e-08
3.494000000000000000e+03 4.142832545424006906e-09
3.495000000000000000e+03 1.847939759425179677e-08
3.496000000000000000e+03 3.267612667496590147e-08
3.497000000000000000e+03 4.664468018960510489e-08
3.498000000000000000e+03 6.029786110332699528e-08
3.499000000000000000e+03 7.355007776025065803e-08
3.500000000000000000e+03 8.631778983890457556e-08
3.501000000000000000e+03 9.851994298689060652e-08
3.502000000000000000e+03 1.100784012837385542e-07
3.503000000000000000e+03 1.209183399449072967e-07
3.504000000000000000e+03 1.309686332973699530e-07
3.505000000000000000e+03 1.401622164298585773e-07
3.506000000000000000e+03 1.484364347197192689e-07
3.507000000000000000e+03 1.557333633816620897e-07
3.508000000000000000e+03 1.620001049190460488e-07
3.509000000000000000e+03 1.671890509418442552e-07
3.510000000000000000e+03 1.712581256729235390e-07
3.511000000000000000e+03 1.741709928121790262e-07
3.512000000000000000e+03 1.758972386109811370e-07
3.513000000000000000e+03 1.764125132014973456e-07
3.514000000000000000e+03 1.756986660334194169e-07
3.515000000000000000e+03 1.737438199797964968e-07
3.516000000000000000e+03 1.705424311204546971e-07
3.517000000000000000e+03 1.660953096107970087e-07
3.518000000000000000e+03 1.604096066496496985e-07
3.519000000000000000e+03 1.534987757631118557e-07
3.520000000000000000e+03 1.453825076671160129e-07
3.521000000000000000e+03 1.360866178045180408e-07
3.522000000000000000e+03 1.256429053000386923e-07
3.523000000000000000e+03 1.140890021030913782e-07
3.524000000000000000e+03 1.014681799474445274e-07
3.525000000000000000e+03 8.782911593390494290e-08
3.526000000000000000e+03 7.322565273643808371e-08
3.527000000000000000e+03 5.771652599456506707e-08
3.528000000000000000e+03 4.136506497521666733e-08
3.529000000000000000e+03 2.423888300377750750e-08
3.530000000000000000e+03 6.409531676364332687e-09
3.531000000000000000e+03 -1.204784849751437133e-08
3.532000000000000000e+03 -3.105489989819229471e-08
3.533000000000000000e+03 -5.053043531384827198e-08
3.534000000000000000e+03 -7.039084396159646721e-08
3.535000000000000000e+03 -9.055049606226345914e-08
3.536000000000000000e+03 -1.109221598043695123e-07
3.537000000000000000e+03 -1.314174260150677383e-07
3.538000000000000000e+03 -1.519471379859400223e-07
3.539000000000000000e+03 -1.724218235725951460e-07
3.540000000000000000e+03 -1.927521145952795826e-07
3.541000000000000000e+03 -2.128491855616991639e-07
3.542000000000000000e+03 -2.326251742239805014e-07
3.543000000000000000e+03 -2.519935932838539548e-07
3.544000000000000000e+03 -2.708697277438758803e-07
3.545000000000000000e+03 -2.891710429423963726e-07
3.546000000000000000e+03 -3.068175600365225058e-07
3.547000000000000000e+03 -3.237322243253545883e-07
3.548000000000000000e+03 -3.398412546170642966e-07
3.549000000000000000e+03 -3.550744749070667177e-07
3.550000000000000000e+03 -3.693656251541110701e-07
3.551000000000000000e+03 -3.826526454264561160e-07
3.552000000000000000e+03 -3.948779474509729575e-07
3.553000000000000000e+03 -4.059886597703584169e-07
3.554000000000000000e+03 -4.159368464680047067e-07
3.555000000000000000e+03 -4.246797005848747003e-07
3.556000000000000000e+03 -4.321797172058366578e-07
3.557000000000000000e+03 -4.384048187048201541e-07
3.558000000000000000e+03 -4.433284629978534826e-07
3.559000000000000000e+03 -4.469297444442041584e-07
3.560000000000000000e+03 -4.491934382345573908e-07
3.561000000000000000e+03 -4.501100325581429460e-07
3.562000000000000000e+03 -4.496757332383045342e-07
3.563000000000000000e+03 -4.478924227282592017e-07
3.564000000000000000e+03 -4.447676097480080067e-07
3.565000000000000000e+03 -4.403143470798159107e-07
3.566000000000000000e+03 -4.345511204775316288e-07
3.567000000000000000e+03 -4.275017040486917125e-07
3.568000000000000000e+03 -4.191950118560017584e-07
3.569000000000000000e+03 -4.096649105444186217e-07
3.570000000000000000e+03 -3.989499994569405578e-07
3.571000000000000000e+03 -3.870933774403156534e-07
3.572000000000000000e+03 -3.741423976222455440e-07
3.573000000000000000e+03 -3.601483994066009293e-07
3.574000000000000000e+03 -3.451664135004534006e-07
3.575000000000000000e+03 -3.292548561962689155e-07
3.576000000000000000e+03 -3.124752147989712979e-07
3.577000000000000000e+03 -2.948917206883198390e-07
3.578000000000000000e+03 -2.765709930313185633e-07
3.579000000000000000e+03 -2.575816912692080883e-07
3.580000000000000000e+03 -2.379941578790549953e-07
3.581000000000000000e+03 -2.178800499207858880e-07
3.582000000000000000e+03 -1.973119605237812466e-07
3.583000000000000000e+03 -1.763630516186146597e-07
3.584000000000000000e+03 -1.551066966591133637e-07
3.585000000000000000e+03 -1.336161054415043372e-07
3.586000000000000000e+03 -1.119639547093726509e-07
3.587000000000000000e+03 -9.022203689675020492e-08
3.588000000000000000e+03 -6.846091915554017443e-08
3.589000000000000000e+03 -4.674961120813305175e-08
3.590000000000000000e+03 -2.515522361387801717e-08
3.591000000000000000e+03 -3.742659674064535115e-09
3.592000000000000000e+03 1.742567277856947244e-08
3.593000000000000000e+03 3.829013950705596036e-08
3.594000000000000000e+03 5.879413692996476580e-08
3.595000000000000000e+03 7.888433085419502057e-08
3.596000000000000000e+03 9.851086952213435154e-08
3.597000000000000000e+03 1.176275818698831185e-07
3.598000000000000000e+03 1.361921446814569840e-07
3.599000000000000000e+03 1.541662130415134659e-07
3.600000000000000000e+03 1.715155553400046225e-07
3.601000000000000000e+03 1.882101522349837062e-07
3.602000000000000000e+03 2.042242659955666312e-07
3.603000000000000000e+03 2.195364855636043150e-07
3.604000000000000000e+03 2.341297286451148895e-07
3.605000000000000000e+03 2.479912544932452137e-07
3.606000000000000000e+03 2.611126186321062324e-07
3.607000000000000000e+03 2.734896148261489515e-07
3.608000000000000000e+03 2.851221998622143032e-07
3.609000000000000000e+03 2.960143843325872051e-07
3.610000000000000000e+03 3.061741109903250092e-07
3.611000000000000000e+03 3.156130884973603661e-07
3.612000000000000000e+03 3.243466249048658672e-07
3.613000000000000000e+03 3.323934405542480799e-07
3.614000000000000000e+03 3.397754511495167785e-07
3.615000000000000000e+03 3.465175399127746435e-07
3.616000000000000000e+03 3.526473066465652290e-07
3.617000000000000000e+03 3.581948188941140698e-07
3.618000000000000000e+03 3.631923404332776580e-07
3.619000000000000000e+03 3.676740450592208033e-07
3.620000000000000000e+03 3.716757380302083199e-07
3.621000000000000000e+03 3.752345499914348493e-07
3.622000000000000000e+03 3.783886336840858904e-07
3.623000000000000000e+03 3.811768568381241786e-07
3.624000000000000000e+03 3.836384951862325345e-07
3.625000000000000000e+03 3.858129301916224896e-07
3.626000000000000000e+03 3.877393444236751922e-07
3.627000000000000000e+03 3.894564335397187258e-07
3.628000000000000000e+03 3.910021052042290204e-07
3.629000000000000000e+03 3.924131843001695379e-07
3.630000000000000000e+03 3.937251493413780986e-07
3.631000000000000000e+03 3.949718489732925014e-07
3.632000000000000000e+03 3.961852644378008655e-07
3.633000000000000000e+03 3.973952710774430540e-07
3.634000000000000000e+03 3.986294095473871445e-07
3.635000000000000000e+03 3.999126898027998271e-07
3.636000000000000000e+03 4.012673960756097836e-07
3.637000000000000000e+03 4.027129167514149719e-07
3.638000000000000000e+03 4.042655994200904665e-07
3.639000000000000000e+03 4.059386215232105785e-07
3.640000000000000000e+03 4.077418774498031912e-07
3.641000000000000000e+03 4.096818998198581248e-07
3.642000000000000000e+03 4.117617894482291962e-07
3.643000000000000000e+03 4.139811755849663326e-07
3.644000000000000000e+03 4.163361923969096715e-07
3.645000000000000000e+03 4.188194941424758701e-07
3.646000000000000000e+03 4.214202686891196325e-07
3.647000000000000000e+03 4.241242910648028545e-07
3.648000000000000000e+03 4.269139970623376506e-07
3.649000000000000000e+03 4.297685546207248139e-07
3.650000000000000000e+03 4.326639939974792766e-07
3.651000000000000000e+03 4.355733505801825273e-07
3.652000000000000000e+03 4.384668061580939771e-07
3.653000000000000000e+03 4.413118656324393881e-07
3.654000000000000000e+03 4.440735445024941136e-07
3.655000000000000000e+03 4.467145708543213105e-07
3.656000000000000000e+03 4.491956262127397769e-07
3.657000000000000000e+03 4.514755795022855817e-07
3.658000000000000000e+03 4.535117373031778050e-07
3.659000000000000000e+03 4.552601068958100565e-07
3.660000000000000000e+03 4.566756773657306936e-07
3.661000000000000000e+03 4.577127051268887705e-07
3.662000000000000000e+03 4.583250093042108796e-07
3.663000000000000000e+03 4.584662776373719074e-07
3.664000000000000000e+03 4.580903718936349698e-07
3.665000000000000000e+03 4.571516311166715104e-07
3.666000000000000000e+03 4.556051901499227770e-07
3.667000000000000000e+03 4.534072815938774757e-07
3.668000000000000000e+03 4.505155480735439901e-07
3.669000000000000000e+03 4.468893431086716793e-07
3.670000000000000000e+03 4.424900245040770044e-07
3.671000000000000000e+03 4.372812547550639675e-07
3.672000000000000000e+03 4.312292735258470408e-07
3.673000000000000000e+03 4.243031675718122572e-07
3.674000000000000000e+03 4.164751385900969638e-07
3.675000000000000000e+03 4.077207380908995304e-07
3.676000000000000000e+03 3.980190945314547380e-07
3.677000000000000000e+03 3.873531270815105614e-07
3.678000000000000000e+03 3.757097357521573283e-07
3.679000000000000000e+03 3.630799699685798850e-07
3.680000000000000000e+03 3.494591932541793323e-07
3.681000000000000000e+03 3.348472154931129023e-07
3.682000000000000000e+03 3.192483909944488008e-07
3.683000000000000000e+03 3.026717159088613468e-07
3.684000000000000000e+03 2.851308734042204839e-07
3.685000000000000000e+03 2.666442812899398300e-07
3.686000000000000000e+03 2.472351158548708048e-07
3.687000000000000000e+03 2.269312831465670109e-07
3.688000000000000000e+03 2.057653910028151459e-07
3.689000000000000000e+03 1.837746856373213654e-07
3.690000000000000000e+03 1.610009647557264239e-07
3.691000000000000000e+03 1.374904599852028341e-07
3.692000000000000000e+03 1.132937024161708314e-07
3.693000000000000000e+03 8.846535391739849055e-08
3.694000000000000000e+03 6.306402805046517456e-08
3.695000000000000000e+03 3.715207899439035502e-08
3.696000000000000000e+03 1.079537973230265559e-08
3.697000000000000000e+03 -1.593692717138607129e-08
3.698000000000000000e+03 -4.297270848108798283e-08
3.699000000000000000e+03 -7.023713907496978454e-08
3.700000000000000000e+03 -9.765298938128631673e-08
3.701000000000000000e+03 -1.251409528113223889e-07
3.702000000000000000e+03 -1.526199758376022824e-07
3.703000000000000000e+03 -1.800076092998095524e-07
3.704000000000000000e+03 -2.072203681145456255e-07
3.705000000000000000e+03 -2.341741039082836924e-07
3.706000000000000000e+03 -2.607843713426258432e-07
3.707000000000000000e+03 -2.869668204615268524e-07
3.708000000000000000e+03 -3.126375715638041373e-07
3.709000000000000000e+03 -3.377136092303243389e-07
3.710000000000000000e+03 -3.621131639376208880e-07
3.711000000000000000e+03 -3.857560886302931823e-07
3.712000000000000000e+03 -4.085642325470538990e-07
3.713000000000000000e+03 -4.304618131964006462e-07
3.714000000000000000e+03 -4.513757805292633497e-07
3.715000000000000000e+03 -4.712361710197685414e-07
3.716000000000000000e+03 -4.899764339512232163e-07
3.717000000000000000e+03 -5.075337616911953792e-07
3.718000000000000000e+03 -5.238493896726954377e-07
3.719000000000000000e+03 -5.388688908056219869e-07
3.720000000000000000e+03 -5.525424510823418135e-07
3.721000000000000000e+03 -5.648251117041207106e-07
3.722000000000000000e+03 -5.756769969611136070e-07
3.723000000000000000e+03 -5.850635220470629938e-07
3.724000000000000000e+03 -5.929555856242261278e-07
3.725000000000000000e+03 -5.993297120335859364e-07
3.726000000000000000e+03 -6.041681954733963446e-07
3.727000000000000000e+03 -6.074591960173467150e-07
3.728000000000000000e+03 -6.091968112193312423e-07
3.729000000000000000e+03 -6.093811330006231004e-07
3.730000000000000000e+03 -6.080182663843297888e-07
3.731000000000000000e+03 -6.051203269611679630e-07
3.732000000000000000e+03 -6.007053915819350277e-07
3.733000000000000000e+03 -5.947974507989447363e-07
3.734000000000000000e+03 -5.874263107018739679e-07
3.735000000000000000e+03 -5.786274732254914788e-07
3.736000000000000000e+03 -5.684419859517546753e-07
3.737000000000000000e+03 -5.569162793304040360e-07
3.738000000000000000e+03 -5.441019769725539950e-07
3.739000000000000000e+03 -5.300556662711163184e-07
3.740000000000000000e+03 -5.148386551488265090e-07
3.741000000000000000e+03 -4.985167126444739421e-07
3.742000000000000000e+03 -4.811597807972012028e-07
3.743000000000000000e+03 -4.628416731820421650e-07
3.744000000000000000e+03 -4.436397572816201770e-07
3.745000000000000000e+03 -4.236346114495814109e-07
3.746000000000000000e+03 -4.029096814837407348e-07
3.747000000000000000e+03 -3.815509193997503939e-07
3.748000000000000000e+03 -3.596464059562112622e-07
3.749000000000000000e+03 -3.372859600759590368e-07
3.750000000000000000e+03 -3.145607605245724108e-07
3.751000000000000000e+03 -2.915629550395627092e-07
3.752000000000000000e+03 -2.683852483551342370e-07
3.753000000000000000e+03 -2.451205242511274370e-07
3.754000000000000000e+03 -2.218614314010997523e-07
3.755000000000000000e+03 -1.986999958585820902e-07
3.756000000000000000e+03 -1.757272129333103971e-07
3.757000000000000000e+03 -1.530326651206581959e-07
3.758000000000000000e+03 -1.307041598584929305e-07
3.759000000000000000e+03 -1.088273281070767280e-07
3.760000000000000000e+03 -8.748527881573450561e-08
3.761000000000000000e+03 -6.675824011724216304e-08
3.762000000000000000e+03 -4.672323270584581174e-08
3.763000000000000000e+03 -2.745374346662800516e-08
3.764000000000000000e+03 -9.019408630731537314e-09
3.765000000000000000e+03 8.514253607996416968e-09
3.766000000000000000e+03 2.508612798283214254e-08
3.767000000000000000e+03 4.063975813268435042e-08
3.768000000000000000e+03 5.512355440594302275e-08
3.769000000000000000e+03 6.849100434180465007e-08
3.770000000000000000e+03 8.070086427717915618e-08
3.771000000000000000e+03 9.171732280629858032e-08
3.772000000000000000e+03 1.015101264382670834e-07
3.773000000000000000e+03 1.100546870821694532e-07
3.774000000000000000e+03 1.173321799627697248e-07
3.775000000000000000e+03 1.233296014165043793e-07
3.776000000000000000e+03 1.280398084661760361e-07
3.777000000000000000e+03 1.314615257374856868e-07
3.778000000000000000e+03 1.335993280053764914e-07
3.779000000000000000e+03 1.344635994261114981e-07
3.780000000000000000e+03 1.340704572873089689e-07
3.781000000000000000e+03 1.324416752386703013e-07
3.782000000000000000e+03 1.296045458780752146e-07
3.783000000000000000e+03 1.255917493918327496e-07
3.784000000000000000e+03 1.204411785949649916e-07
3.785000000000000000e+03 1.141957478286426917e-07
3.786000000000000000e+03 1.069031812538147685e-07
3.787000000000000000e+03 9.861578919445603045e-08
3.788000000000000000e+03 8.939019808902676130e-08
3.789000000000000000e+03 7.928709250395165211e-08
3.790000000000000000e+03 6.837091671114606899e-08
3.791000000000000000e+03 5.670956131800941306e-08
3.792000000000000000e+03 4.437404625908424293e-08
3.793000000000000000e+03 3.143820293858747943e-08
3.794000000000000000e+03 1.797830140235282993e-08
3.795000000000000000e+03 4.072701509632632664e-09
3.796000000000000000e+03 -1.019851673251670380e-08
3.797000000000000000e+03 -2.475392790608432668e-08
3.798000000000000000e+03 -3.951112820177714137e-08
3.799000000000000000e+03 -5.438712418864894368e-08
3.800000000000000000e+03 -6.929871059628051396e-08
3.801000000000000000e+03 -8.416286168293515930e-08
3.802000000000000000e+03 -9.889710329889712697e-08
3.803000000000000000e+03 -1.134198981967244672e-07
3.804000000000000000e+03 -1.276510073056281038e-07
3.805000000000000000e+03 -1.415118425390025465e-07
3.806000000000000000e+03 -1.549258314892837540e-07
3.807000000000000000e+03 -1.678187424690778391e-07
3.808000000000000000e+03 -1.801190329806051031e-07
3.809000000000000000e+03 -1.917581446528580641e-07
3.810000000000000000e+03 -2.026708121209408549e-07
3.811000000000000000e+03 -2.127953452371240427e-07
3.812000000000000000e+03 -2.220738848316039079e-07
3.813000000000000000e+03 -2.304526393992159650e-07
3.814000000000000000e+03 -2.378821201887334965e-07
3.815000000000000000e+03 -2.443173513954871800e-07
3.816000000000000000e+03 -2.497180567242107126e-07
3.817000000000000000e+03 -2.540488061149466971e-07
3.818000000000000000e+03 -2.572791515505239577e-07
3.819000000000000000e+03 -2.593837457875532513e-07
3.820000000000000000e+03 -2.603424350290809762e-07
3.821000000000000000e+03 -2.601403211185291834e-07
3.822000000000000000e+03 -2.587678004149344356e-07
3.823000000000000000e+03 -2.562205831235942811e-07
3.824000000000000000e+03 -2.524996856460522385e-07
3.825000000000000000e+03 -2.476114116442187578e-07
3.826000000000000000e+03 -2.415672942675497456e-07
3.827000000000000000e+03 -2.343840239279990204e-07
3.828000000000000000e+03 -2.260833363911700074e-07
3.829000000000000000e+03 -2.166919095926315843e-07
3.830000000000000000e+03 -2.062412082537471031e-07
3.831000000000000000e+03 -1.947673274692732543e-07
3.832000000000000000e+03 -1.823108126600959555e-07
3.833000000000000000e+03 -1.689164681210549633e-07
3.834000000000000000e+03 -1.546331258727356417e-07
3.835000000000000000e+03 -1.395134115543151378e-07
3.836000000000000000e+03 -1.236135082636487189e-07
3.837000000000000000e+03 -1.069928792583392207e-07
3.838000000000000000e+03 -8.971399651560595246e-08
3.839000000000000000e+03 -7.184204689526429744e-08
3.840000000000000000e+03 -5.344463797822389156e-08
3.841000000000000000e+03 -3.459149930797787629e-08
3.842000000000000000e+03 -1.535416822423746436e-08
3.843000000000000000e+03 4.194322506592040135e-09
3.844000000000000000e+03 2.397978224141227497e-08
3.845000000000000000e+03 4.392718802709954917e-08
3.846000000000000000e+03 6.396099368667036735e-08
3.847000000000000000e+03 8.400547141659055462e-08
3.848000000000000000e+03 1.039850117508504515e-07
3.849000000000000000e+03 1.238244356161717623e-07
3.850000000000000000e+03 1.434493155556866021e-07
3.851000000000000000e+03 1.627862888386059738e-07
3.852000000000000000e+03 1.817633473830148513e-07
3.853000000000000000e+03 2.003101236331315793e-07
3.854000000000000000e+03 2.183581613780505812e-07
3.855000000000000000e+03 2.358411876959159605e-07
3.856000000000000000e+03 2.526953676015594723e-07
3.857000000000000000e+03 2.688595443886536831e-07
3.858000000000000000e+03 2.842754613471375019e-07
3.859000000000000000e+03 2.988879796487986760e-07
3.860000000000000000e+03 3.126452802144246581e-07
3.861000000000000000e+03 3.254990442940509512e-07
3.862000000000000000e+03 3.374046168217592901e-07
3.863000000000000000e+03 3.483211648627590920e-07
3.864000000000000000e+03 3.582118027692088321e-07
3.865000000000000000e+03 3.670437193780611659e-07
3.866000000000000000e+03 3.747882791263108637e-07
3.867000000000000000e+03 3.814211015136821320e-07
3.868000000000000000e+03 3.869221327298660340e-07
3.869000000000000000e+03 3.912756844164938370e-07
3.870000000000000000e+03 3.944704665645773777e-07
3.871000000000000000e+03 3.964995957450792940e-07
3.872000000000000000e+03 3.973606019433042923e-07
3.873000000000000000e+03 3.970554040509463722e-07
3.874000000000000000e+03 3.955902605580446294e-07
3.875000000000000000e+03 3.929757108576623287e-07
3.876000000000000000e+03 3.892264999555002850e-07
3.877000000000000000e+03 3.843614901835206867e-07
3.878000000000000000e+03 3.784035500116243231e-07
3.879000000000000000e+03 3.713794299574196318e-07
3.880000000000000000e+03 3.633196256511696177e-07
3.881000000000000000e+03 3.542582207511282759e-07
3.882000000000000000e+03 3.442327246860815341e-07
3.883000000000000000e+03 3.332838875626066906e-07
3.884000000000000000e+03 3.214555074998098181e-07
3.885000000000000000e+03 3.087942287223494182e-07
3.886000000000000000e+03 2.953493225069310970e-07
3.887000000000000000e+03 2.811724766942140729e-07
3.888000000000000000e+03 2.663175582594756800e-07
3.889000000000000000e+03 2.508403623112575339e-07
3.890000000000000000e+03 2.347983860231886186e-07
3.891000000000000000e+03 2.182505834776858546e-07
3.892000000000000000e+03 2.012570962214303647e-07
3.893000000000000000e+03 1.838790050524417883e-07
3.894000000000000000e+03 1.661780783687149367e-07
3.895000000000000000e+03 1.482165046720245687e-07
3.896000000000000000e+03 1.300566403138356883e-07
3.897000000000000000e+03 1.117607649094137688e-07
3.898000000000000000e+03 9.339082973996204757e-08
3.899000000000000000e+03 7.500820458968267690e-08
3.900000000000000000e+03 5.667344454468140328e-08
3.901000000000000000e+03 3.844606865853168163e-08
3.902000000000000000e+03 2.038431914911670419e-08
3.903000000000000000e+03 2.544954353587925816e-09
3.904000000000000000e+03 -1.501696269127467499e-08
3.905000000000000000e+03 -3.224825912751282807e-08
3.906000000000000000e+03 -4.909781505340011805e-08
3.907000000000000000e+03 -6.551675066171090983e-08
3.908000000000000000e+03 -8.145858916479389259e-08
3.909000000000000000e+03 -9.687939532700075554e-08
3.910000000000000000e+03 -1.117379102745578903e-07
3.911000000000000000e+03 -1.259956561986471544e-07
3.912000000000000000e+03 -1.396170452031429091e-07
3.913000000000000000e+03 -1.525694573484776243e-07
3.914000000000000000e+03 -1.648233187056802826e-07
3.915000000000000000e+03 -1.763521555946472479e-07
3.916000000000000000e+03 -1.871326354946422653e-07
3.917000000000000000e+03 -1.971445912309727902e-07
3.918000000000000000e+03 -2.063710283278919177e-07
3.919000000000000000e+03 -2.147981208782299654e-07
3.920000000000000000e+03 -2.224152033390668573e-07
3.921000000000000000e+03 -2.292147237318102406e-07
3.922000000000000000e+03 -2.351921932550345178e-07
3.923000000000000000e+03 -2.403461239868980680e-07
3.924000000000000000e+03 -2.446779519978858854e-07
3.925000000000000000e+03 -2.481919518539987717e-07
3.926000000000000000e+03 -2.508951511740688072e-07
3.927000000000000000e+03 -2.527972163616043472e-07
3.928000000000000000e+03 -2.539103439223239609e-07
3.929000000000000000e+03 -2.542491178602207904e-07
3.930000000000000000e+03 -2.538303761926764684e-07
3.931000000000000000e+03 -2.526730776307007228e-07
3.932000000000000000e+03 -2.507981471572619344e-07
3.933000000000000000e+03 -2.482283205765205749e-07
3.934000000000000000e+03 -2.449880044136882290e-07
3.935000000000000000e+03 -2.411031041425784538e-07
3.936000000000000000e+03 -2.366008572526064003e-07
3.937000000000000000e+03 -2.315096746023115979e-07
3.938000000000000000e+03 -2.258589784501776668e-07
3.939000000000000000e+03 -2.196790383113229332e-07
3.940000000000000000e+03 -2.130008051300415770e-07
3.941000000000000000e+03 -2.058557507623991161e-07
3.942000000000000000e+03 -1.982757135481511375e-07
3.943000000000000000e+03 -1.902927470835109941e-07
3.944000000000000000e+03 -1.819389733016971548e-07
3.945000000000000000e+03 -1.732464388988450682e-07
3.946000000000000000e+03 -1.642469864944515957e-07
3.947000000000000000e+03 -1.549721273452103725e-07
3.948000000000000000e+03 -1.454529211902619205e-07
3.949000000000000000e+03 -1.357198603086354815e-07
3.950000000000000000e+03 -1.258027783893308793e-07
3.951000000000000000e+03 -1.157307474948109601e-07
3.952000000000000000e+03 -1.055319944808723564e-07
3.953000000000000000e+03 -9.523383621758793278e-08
3.954000000000000000e+03 -8.486260863199585027e-08
3.955000000000000000e+03 -7.444360834766869218e-08
3.956000000000000000e+03 -6.400105061981109287e-08
3.957000000000000000e+03 -5.355803464103616880e-08
3.958000000000000000e+03 -4.313652589900761205e-08
3.959000000000000000e+03 -3.275732956271122005e-08
3.960000000000000000e+03 -2.244007941568463144e-08
3.961000000000000000e+03 -1.220324748301268440e-08
3.962000000000000000e+03 -2.064139741576740611e-09
3.963000000000000000e+03 7.961076752353725656e-09
3.964000000000000000e+03 1.785736617967219522e-08
3.965000000000000000e+03 2.761078724999166274e-08
3.966000000000000000e+03 3.720844250748178428e-08
3.967000000000000000e+03 4.663845991714764913e-08
3.968000000000000000e+03 5.588994891422758407e-08
3.969000000000000000e+03 6.495293164424471046e-08
3.970000000000000000e+03 7.381831313229068120e-08
3.971000000000000000e+03 8.247781121259237409e-08
3.972000000000000000e+03 9.092390153403178615e-08
3.973000000000000000e+03 9.914977287324004528e-08
3.974000000000000000e+03 1.071492586936010137e-07
3.975000000000000000e+03 1.149167729359940411e-07
3.976000000000000000e+03 1.224472605950823367e-07
3.977000000000000000e+03 1.297361456902391691e-07
3.978000000000000000e+03 1.367792631751885798e-07
3.979000000000000000e+03 1.435727986628960509e-07
3.980000000000000000e+03 1.501132608337054719e-07
3.981000000000000000e+03 1.563974138710822608e-07
3.982000000000000000e+03 1.624222494954347326e-07
3.983000000000000000e+03 1.681849195302402601e-07
3.984000000000000000e+03 1.736827177382433575e-07
3.985000000000000000e+03 1.789130338484394679e-07
3.986000000000000000e+03 1.838733255715117998e-07
3.987000000000000000e+03 1.885610965877080079e-07
3.988000000000000000e+03 1.929738723351971194e-07
3.989000000000000000e+03 1.971091668444157627e-07
3.990000000000000000e+03 2.009644911677538493e-07
3.991000000000000000e+03 2.045373554809958029e-07
3.992000000000000000e+03 2.078252557892327110e-07
3.993000000000000000e+03 2.108256628134617256e-07
3.994000000000000000e+03 2.135360602203076246e-07
3.995000000000000000e+03 2.159539549334060032e-07
3.996000000000000000e+03 2.180768947084304187e-07
3.997000000000000000e+03 2.199025056995716165e-07
3.998000000000000000e+03 2.214285115464853189e-07
3.999000000000000000e+03 2.226527669427388825e-07
4.000000000000000000e+03 2.235732869862226337e-07
4.001000000000000000e+03 2.241882946674040233e-07
4.002000000000000000e+03 2.244962670797865495e-07
4.003000000000000000e+03 2.244959691261569754e-07
4.004000000000000000e+03 2.241865031585184224e-07
4.005000000000000000e+03 2.235673412660750441e-07
4.006000000000000000e+03 2.226383672657142283e-07
4.007000000000000000e+03 2.213999170069670054e-07
4.008000000000000000e+03 2.198528189647809344e-07
4.009000000000000000e+03 2.179984389182056235e-07
4.010000000000000000e+03 2.158386942864076009e-07
4.011000000000000000e+03 2.133761068198792200e-07
4.012000000000000000e+03 2.106138146157039574e-07
4.013000000000000000e+03 2.075556008262674456e-07
4.014000000000000000e+03 2.042059168991675161e-07
4.015000000000000000e+03 2.005698826831699212e-07
4.016000000000000000e+03 1.966533061443430225e-07
4.017000000000000000e+03 1.924626873119579964e-07
4.018000000000000000e+03 1.880052055776641856e-07
4.019000000000000000e+03 1.832887198914323571e-07
4.020000000000000000e+03 1.783217590561870831e-07
4.021000000000000000e+03 1.731135059317906922e-07
4.022000000000000000e+03 1.676737690494688208e-07
4.023000000000000000e+03 1.620129559228837734e-07
4.024000000000000000e+03 1.561420416387999947e-07
4.025000000000000000e+03 1.500725362804386403e-07
4.026000000000000000e+03 1.438164360384149448e-07
4.027000000000000000e+03 1.373861722980125006e-07
4.028000000000000000e+03 1.307945746853025318e-07
4.029000000000000000e+03 1.240548141038937477e-07
4.030000000000000000e+03 1.171803500080224146e-07
4.031000000000000000e+03 1.101848812136690724e-07
4.032000000000000000e+03 1.030822795082552535e-07
4.033000000000000000e+03 9.588653111907035589e-08
4.034000000000000000e+03 8.861167334346132973e-08
4.035000000000000000e+03 8.127173595973342679e-08
4.036000000000000000e+03 7.388068797866544177e-08
4.037000000000000000e+03 6.645238412560672260e-08
4.038000000000000000e+03 5.900048490985893044e-08
4.039000000000000000e+03 5.153841145266677169e-08
4.040000000000000000e+03 4.407928300052742497e-08
4.041000000000000000e+03 3.663585511372509996e-08
4.042000000000000000e+03 2.922046681036621371e-08
4.043000000000000000e+03 2.184498842005084581e-08
4.044000000000000000e+03 1.452076723103333011e-08
4.045000000000000000e+03 7.258589929506366893e-09
4.046000000000000000e+03 6.863342337156063079e-11
4.047000000000000000e+03 -7.039582069845545653e-09
4.048000000000000000e+03 -1.405723996938776952e-08
4.049000000000000000e+03 -2.097625003447236720e-08
4.050000000000000000e+03 -2.778927822040718849e-08
4.051000000000000000e+03 -3.448977890821738803e-08
4.052000000000000000e+03 -4.107201356080338144e-08
4.053000000000000000e+03 -4.753106385522193686e-08
4.054000000000000000e+03 -5.386286720244016427e-08
4.055000000000000000e+03 -6.006419857012162895e-08
4.056000000000000000e+03 -6.613268320241313624e-08
4.057000000000000000e+03 -7.206678949762753694e-08
4.058000000000000000e+03 -7.786582531392118779e-08
4.059000000000000000e+03 -8.352993040140995104e-08
4.060000000000000000e+03 -8.906005312401890976e-08
4.061000000000000000e+03 -9.445793132913535005e-08
4.062000000000000000e+03 -9.972605546173481537e-08
4.063000000000000000e+03 -1.048676322800282568e-07
4.064000000000000000e+03 -1.098865473196597203e-07
4.065000000000000000e+03 -1.147873187034387964e-07
4.066000000000000000e+03 -1.195750529664707474e-07
4.067000000000000000e+03 -1.242553804396831548e-07
4.068000000000000000e+03 -1.288343908677793378e-07
4.069000000000000000e+03 -1.333185779000876285e-07
4.070000000000000000e+03 -1.377147613169124729e-07
4.071000000000000000e+03 -1.420300302282429653e-07
4.072000000000000000e+03 -1.462716676793634479e-07
4.073000000000000000e+03 -1.504470578101651422e-07
4.074000000000000000e+03 -1.545636111640241701e-07
4.075000000000000000e+03 -1.586286810455480500e-07
4.076000000000000000e+03 -1.626494833938647300e-07
4.077000000000000000e+03 -1.666330050839633309e-07
4.078000000000000000e+03 -1.705859190401699158e-07
4.079000000000000000e+03 -1.745145052346502310e-07
4.080000000000000000e+03 -1.784245555476081619e-07
4.081000000000000000e+03 -1.823212847031503785e-07
4.082000000000000000e+03 -1.862092496614328084e-07
4.083000000000000000e+03 -1.900922595005179548e-07
4.084000000000000000e+03 -1.939733073704744114e-07
4.085000000000000000e+03 -1.978544951529484101e-07
4.086000000000000000e+03 -2.017369418164389373e-07
4.087000000000000000e+03 -2.056207233865241755e-07
4.088000000000000000e+03 -2.095048068702249807e-07
4.089000000000000000e+03 -2.133869972231103768e-07
4.090000000000000000e+03 -2.172638724240266171e-07
4.091000000000000000e+03 -2.211307315408336870e-07
4.092000000000000000e+03 -2.249815614168236873e-07
4.093000000000000000e+03 -2.288089888553629907e-07
4.094000000000000000e+03 -2.326042515020316568e-07
4.095000000000000000e+03 -2.363571868454064222e-07
4.096000000000000000e+03 -2.400562061967533610e-07
4.097000000000000000e+03 -2.436882967892439058e-07
4.098000000000000000e+03 -2.472390293218384870e-07
4.099000000000000000e+03 -2.506925702933803785e-07
4.100000000000000000e+03 -2.540317045611658320e-07
4.101000000000000000e+03 -2.572378719456841736e-07
4.102000000000000000e+03 -2.602912014381191884e-07
4.103000000000000000e+03 -2.631705710881002675e-07
4.104000000000000000e+03 -2.658536833436456418e-07
4.105000000000000000e+03 -2.683171308022902597e-07
4.106000000000000000e+03 -2.705364875936279014e-07
4.107000000000000000e+03 -2.724863831827256352e-07
4.108000000000000000e+03 -2.741406103130723581e-07
4.109000000000000000e+03 -2.754722454362226647e-07
4.110000000000000000e+03 -2.764537710762567201e-07
4.111000000000000000e+03 -2.770571841896066540e-07
4.112000000000000000e+03 -2.772541500348812838e-07
4.113000000000000000e+03 -2.770161416469809232e-07
4.114000000000000000e+03 -2.763145852998934705e-07
4.115000000000000000e+03 -2.751210167747569733e-07
4.116000000000000000e+03 -2.734072548771206718e-07
4.117000000000000000e+03 -2.711455599160132192e-07
4.118000000000000000e+03 -2.683087882287853949e-07
4.119000000000000000e+03 -2.648705852479049641e-07
4.120000000000000000e+03 -2.608055526868400934e-07
4.121000000000000000e+03 -2.560894277982824406e-07
4.122000000000000000e+03 -2.506992574499487650e-07
4.123000000000000000e+03 -2.446135813259982434e-07
4.124000000000000000e+03 -2.378125984613389144e-07
4.125000000000000000e+03 -2.302783415537281076e-07
4.126000000000000000e+03 -2.219948603322437952e-07
4.127000000000000000e+03 -2.129483720394293389e-07
4.128000000000000000e+03 -2.031274253141959624e-07
4.129000000000000000e+03 -1.925230524397369556e-07
4.130000000000000000e+03 -1.811289106145512268e-07
4.131000000000000000e+03 -1.689414326282802127e-07
4.132000000000000000e+03 -1.559599415638363216e-07
4.133000000000000000e+03 -1.421867694844523518e-07
4.134000000000000000e+03 -1.276273644774231117e-07
4.135000000000000000e+03 -1.122903865563248132e-07
4.136000000000000000e+03 -9.618778714217241130e-08
4.137000000000000000e+03 -7.933487444211085345e-08
4.138000000000000000e+03 -6.175035548930455423e-08
4.139000000000000000e+03 -4.345637489456910024e-08
4.140000000000000000e+03 -2.447854093238460199e-08
4.141000000000000000e+03 -4.845933988500465298e-09
4.142000000000000000e+03 1.540891587287100430e-08
4.143000000000000000e+03 3.625006184388956822e-08
4.144000000000000000e+03 5.763818300053296087e-08
4.145000000000000000e+03 7.953063632715342862e-08
4.146000000000000000e+03 1.018815396661208915e-07
4.147000000000000000e+03 1.246418754490550284e-07
4.148000000000000000e+03 1.477595854523425113e-07
4.149000000000000000e+03 1.711797231533024840e-07
4.150000000000000000e+03 1.948445824661167925e-07
4.151000000000000000e+03 2.186938684861802195e-07
4.152000000000000000e+03 2.426648648243955078e-07
4.153000000000000000e+03 2.666926166458574090e-07
4.154000000000000000e+03 2.907101380362325869e-07
4.155000000000000000e+03 3.146486285277562933e-07
4.156000000000000000e+03 3.384377010737385890e-07
4.157000000000000000e+03 3.620056065582637381e-07
4.158000000000000000e+03 3.852794858753907146e-07
4.159000000000000000e+03 4.081856275392306206e-07
4.160000000000000000e+03 4.306497243881182914e-07
4.161000000000000000e+03 4.525971478498646215e-07
4.162000000000000000e+03 4.739532175624531194e-07
4.163000000000000000e+03 4.946434806939891931e-07
4.164000000000000000e+03 5.145939948310575222e-07
4.165000000000000000e+03 5.337316171975200280e-07
4.166000000000000000e+03 5.519842949820126857e-07
4.167000000000000000e+03 5.692813502626120830e-07
4.168000000000000000e+03 5.855537584552712350e-07
4.169000000000000000e+03 6.007344407770213521e-07
4.170000000000000000e+03 6.147585476832967178e-07
4.171000000000000000e+03 6.275637268742735856e-07
4.172000000000000000e+03 6.390903946495607024e-07
4.173000000000000000e+03 6.492820103973571713e-07
4.174000000000000000e+03 6.580853336365036989e-07
4.175000000000000000e+03 6.654506594801764941e-07
4.176000000000000000e+03 6.713320514172910383e-07
4.177000000000000000e+03 6.756875684536699497e-07
4.178000000000000000e+03 6.784794790991156007e-07
4.179000000000000000e+03 6.796744620077627760e-07
4.180000000000000000e+03 6.792437811331398055e-07
4.181000000000000000e+03 6.771634582234607982e-07
4.182000000000000000e+03 6.734144180575272799e-07
4.183000000000000000e+03 6.679826411467274160e-07
4.184000000000000000e+03 6.608592541372044053e-07
4.185000000000000000e+03 6.520406322861459114e-07
4.186000000000000000e+03 6.415284773224192620e-07
4.187000000000000000e+03 6.293298767849094446e-07
4.188000000000000000e+03 6.154573397560756002e-07
4.189000000000000000e+03 5.999288004636871574e-07
4.190000000000000000e+03 5.827676231303066253e-07
4.191000000000000000e+03 5.640025840259560254e-07
4.192000000000000000e+03 5.436678172369226521e-07
4.193000000000000000e+03 5.218027448590077979e-07
4.194000000000000000e+03 4.984519960339585113e-07
4.195000000000000000e+03 4.736652894120519251e-07
4.196000000000000000e+03 4.474973069345833564e-07
4.197000000000000000e+03 4.200075552463597826e-07
4.198000000000000000e+03 3.912601730446666577e-07
4.199000000000000000e+03 3.613237706511669804e-07
4.200000000000000000e+03 3.302712354794690203e-07
4.201000000000000000e+03 2.981794899085431430e-07
4.202000000000000000e+03 2.651292679760179403e-07
4.203000000000000000e+03 2.312048557654303108e-07
4.204000000000000000e+03 1.964938274427270686e-07
4.205000000000000000e+03 1.610867620906595795e-07
4.206000000000000000e+03 1.250769669426736456e-07
4.207000000000000000e+03 8.856015327859144522e-08
4.208000000000000000e+03 5.163412546786262001e-08
4.209000000000000000e+03 1.439845436136762323e-08
4.210000000000000000e+03 -2.304585558232966220e-08
4.211000000000000000e+03 -6.059672310217927614e-08
4.212000000000000000e+03 -9.815132932617684250e-08
4.213000000000000000e+03 -1.356064822769350447e-07
4.214000000000000000e+03 -1.728589895870861452e-07
4.215000000000000000e+03 -2.098060265273332599e-07
4.216000000000000000e+03 -2.463454825011457741e-07
4.217000000000000000e+03 -2.823763410037009844e-07
4.218000000000000000e+03 -3.177990498635075708e-07
4.219000000000000000e+03 -3.525158792971950780e-07
4.220000000000000000e+03 -3.864312789585585763e-07
4.221000000000000000e+03 -4.194522320909953308e-07
4.222000000000000000e+03 -4.514886000767146411e-07
4.223000000000000000e+03 -4.824534434689328231e-07
4.224000000000000000e+03 -5.122633651389035961e-07
4.225000000000000000e+03 -5.408388255820433387e-07
4.226000000000000000e+03 -5.681044352685464019e-07
4.227000000000000000e+03 -5.939892127232745390e-07
4.228000000000000000e+03 -6.184268663983803737e-07
4.229000000000000000e+03 -6.413560460055676772e-07
4.230000000000000000e+03 -6.627205593748702703e-07
4.231000000000000000e+03 -6.824695791563131582e-07
4.232000000000000000e+03 -7.005578266304196463e-07
4.233000000000000000e+03 -7.169457424378443373e-07
4.234000000000000000e+03 -7.315996225296618963e-07
4.235000000000000000e+03 -7.444917431972054046e-07
4.236000000000000000e+03 -7.556004432512940640e-07
4.237000000000000000e+03 -7.649101870609280080e-07
4.238000000000000000e+03 -7.724116214729735858e-07
4.239000000000000000e+03 -7.781016042161718156e-07
4.240000000000000000e+03 -7.819832045649429647e-07
4.241000000000000000e+03 -7.840656790855234888e-07
4.242000000000000000e+03 -7.843644011013833790e-07
4.243000000000000000e+03 -7.829007946267840233e-07
4.244000000000000000e+03 -7.797022376461416026e-07
4.245000000000000000e+03 -7.748019465697882055e-07
4.246000000000000000e+03 -7.682388272948466986e-07
4.247000000000000000e+03 -7.600573199875911896e-07
4.248000000000000000e+03 -7.503071902659329529e-07
4.249000000000000000e+03 -7.390433299781655966e-07
4.250000000000000000e+03 -7.263255223708095059e-07
4.251000000000000000e+03 -7.122181990228148185e-07
4.252000000000000000e+03 -6.967901738315483115e-07
4.253000000000000000e+03 -6.801143536101341716e-07
4.254000000000000000e+03 -6.622674398216972799e-07
4.255000000000000000e+03 -6.433296079478219085e-07
4.256000000000000000e+03 -6.233841693696070581e-07
4.257000000000000000e+03 -6.025172366154896127e-07
4.258000000000000000e+03 -5.808173562835091006e-07
4.259000000000000000e+03 -5.583751437761368832e-07
4.260000000000000000e+03 -5.352829298835184647e-07
4.261000000000000000e+03 -5.116343703737492178e-07
4.262000000000000000e+03 -4.875240634618053626e-07
4.263000000000000000e+03 -4.630471718839455996e-07
4.264000000000000000e+03 -4.382990163162126239e-07
4.265000000000000000e+03 -4.133746872607220453e-07
4.266000000000000000e+03 -3.883686572383399587e-07
4.267000000000000000e+03 -3.633743906646763296e-07
4.268000000000000000e+03 -3.384839702668054248e-07
4.269000000000000000e+03 -3.137877198998439595e-07
4.270000000000000000e+03 -2.893738283086517310e-07
4.271000000000000000e+03 -2.653279842001417095e-07
4.272000000000000000e+03 -2.417330448341054367e-07
4.273000000000000000e+03 -2.186686931207962510e-07
4.274000000000000000e+03 -1.962111174300731804e-07
4.275000000000000000e+03 -1.744326939384870771e-07
4.276000000000000000e+03 -1.534016962610935072e-07
4.277000000000000000e+03 -1.331820318868209842e-07
4.278000000000000000e+03 -1.138329723893798302e-07
4.279000000000000000e+03 -9.540892902998109985e-08
4.280000000000000000e+03 -7.795923649643207332e-08
4.281000000000000000e+03 -6.152796029107595769e-08
4.282000000000000000e+03 -4.615372406020355718e-08
4.283000000000000000e+03 -3.186956652900738042e-08
4.284000000000000000e+03 -1.870282088744003956e-08
4.285000000000000000e+03 -6.675021448657430879e-09
4.286000000000000000e+03 4.198168655180299416e-09
4.287000000000000000e+03 1.390701344790274167e-08
4.288000000000000000e+03 2.244769693485128434e-08
4.289000000000000000e+03 2.982233377923254330e-08
4.290000000000000000e+03 3.603893821624756709e-08
4.291000000000000000e+03 4.111136104447860261e-08
4.292000000000000000e+03 4.505920705438176828e-08
4.293000000000000000e+03 4.790771586232107111e-08
4.294000000000000000e+03 4.968763476468121164e-08
4.295000000000000000e+03 5.043505425777557012e-08
4.296000000000000000e+03 5.019123602352183863e-08
4.297000000000000000e+03 4.900240086441323560e-08
4.298000000000000000e+03 4.691948864635324776e-08
4.299000000000000000e+03 4.399790027083694774e-08
4.300000000000000000e+03 4.029722624366883928e-08
4.301000000000000000e+03 3.588096821106103461e-08
4.302000000000000000e+03 3.081622027886423026e-08
4.303000000000000000e+03 2.517333119054581812e-08
4.304000000000000000e+03 1.902559677506554201e-08
4.305000000000000000e+03 1.244888079314899856e-08
4.306000000000000000e+03 5.521232674653613563e-09
4.307000000000000000e+03 -1.677472410263080432e-09
4.308000000000000000e+03 -9.065931789230534935e-09
4.309000000000000000e+03 -1.656181797325595169e-08
4.310000000000000000e+03 -2.408217800512065894e-08
4.311000000000000000e+03 -3.154384623753414255e-08
4.312000000000000000e+03 -3.886384386749283888e-08
4.313000000000000000e+03 -4.595979582197732897e-08
4.314000000000000000e+03 -5.275033640368454094e-08
4.315000000000000000e+03 -5.915551550965332996e-08
4.316000000000000000e+03 -6.509718864129977248e-08
4.317000000000000000e+03 -7.049940063025080911e-08
4.318000000000000000e+03 -7.528877575326361848e-08
4.319000000000000000e+03 -7.939489649792581383e-08
4.320000000000000000e+03 -8.275064462824594169e-08
4.321000000000000000e+03 -8.529255063024932053e-08
4.322000000000000000e+03 -8.696111950869704677e-08
4.323000000000000000e+03 -8.770112376205886184e-08
4.324000000000000000e+03 -8.746189035619852082e-08
4.325000000000000000e+03 -8.619756497545931044e-08
4.326000000000000000e+03 -8.386736409031485101e-08
4.327000000000000000e+03 -8.043576626355774718e-08
4.328000000000000000e+03 -7.587271697898700481e-08
4.329000000000000000e+03 -7.015377907508585741e-08
4.330000000000000000e+03 -6.326028646096803922e-08
4.331000000000000000e+03 -5.517944556230731549e-08
4.332000000000000000e+03 -4.590439827437488253e-08
4.333000000000000000e+03 -3.543429133739283862e-08
4.334000000000000000e+03 -2.377428588142177009e-08
4.335000000000000000e+03 -1.093555800649696026e-08
4.336000000000000000e+03 3.064743354572561512e-09
4.337000000000000000e+03 1.820356307575056849e-08
4.338000000000000000e+03 3.445202720678252877e-08
4.339000000000000000e+03 5.177555907284107633e-08
4.340000000000000000e+03 7.013403429530926445e-08
4.341000000000000000e+03 8.948196451717024169e-08
4.342000000000000000e+03 1.097686860140552752e-07
4.343000000000000000e+03 1.309385905377875978e-07
4.344000000000000000e+03 1.529313725612484853e-07
4.345000000000000000e+03 1.756822886647437910e-07
4.346000000000000000e+03 1.991224477786272892e-07
4.347000000000000000e+03 2.231791026108189524e-07
4.348000000000000000e+03 2.477760089888984033e-07
4.349000000000000000e+03 2.728337620762476064e-07
4.350000000000000000e+03 2.982701366190431243e-07
4.351000000000000000e+03 3.240004484288150618e-07
4.352000000000000000e+03 3.499379408647045565e-07
4.353000000000000000e+03 3.759941620149313682e-07
4.354000000000000000e+03 4.020793744115588203e-07
4.355000000000000000e+03 4.281029573412749824e-07
4.356000000000000000e+03 4.539737994719192694e-07
4.357000000000000000e+03 4.796007088973541760e-07
4.358000000000000000e+03 5.048928040475618236e-07
4.359000000000000000e+03 5.297599280653679716e-07
4.360000000000000000e+03 5.541130374220330893e-07
4.361000000000000000e+03 5.778645868432665891e-07
4.362000000000000000e+03 6.009289203662498680e-07
4.363000000000000000e+03 6.232226408873819830e-07
4.364000000000000000e+03 6.446649626469369814e-07
4.365000000000000000e+03 6.651780695220460604e-07
4.366000000000000000e+03 6.846874358901175278e-07
4.367000000000000000e+03 7.031221198439919627e-07
4.368000000000000000e+03 7.204150589084030332e-07
4.369000000000000000e+03 7.365033530734597239e-07
4.370000000000000000e+03 7.513285169116402879e-07
4.371000000000000000e+03 7.648367109760239305e-07
4.372000000000000000e+03 7.769789456704906324e-07
4.373000000000000000e+03 7.877112652659112636e-07
4.374000000000000000e+03 7.969949093557530023e-07
4.375000000000000000e+03 8.047964430451136311e-07
4.376000000000000000e+03 8.110878712772779279e-07
4.377000000000000000e+03 8.158467191554970904e-07
4.378000000000000000e+03 8.190560853508845262e-07
4.379000000000000000e+03 8.207046891206292437e-07
4.380000000000000000e+03 8.207868773981252649e-07
4.381000000000000000e+03 8.193025982640391604e-07
4.382000000000000000e+03 8.162573689019658525e-07
4.383000000000000000e+03 8.116622131478459323e-07
4.384000000000000000e+03 8.055335619352963622e-07
4.385000000000000000e+03 7.978931423349402487e-07
4.386000000000000000e+03 7.887678365392831929e-07
4.387000000000000000e+03 7.781895252974093941e-07
4.388000000000000000e+03 7.661949139194049659e-07
4.389000000000000000e+03 7.528253279917204564e-07
4.390000000000000000e+03 7.381264823489992824e-07
4.391000000000000000e+03 7.221482531896820769e-07
4.392000000000000000e+03 7.049444195869404698e-07
4.393000000000000000e+03 6.865723918823583810e-07
4.394000000000000000e+03 6.670929210549527262e-07
4.395000000000000000e+03 6.465698071921333703e-07
4.396000000000000000e+03 6.250695859402693063e-07
4.397000000000000000e+03 6.026612178616515635e-07
4.398000000000000000e+03 5.794157599689731911e-07
4.399000000000000000e+03 5.554060355687296697e-07
4.400000000000000000e+03 5.307063002497694134e-07
4.401000000000000000e+03 5.053918985073258350e-07
4.402000000000000000e+03 4.795389253279335530e-07
4.403000000000000000e+03 4.532239009794859678e-07
4.404000000000000000e+03 4.265234290760983216e-07
4.405000000000000000e+03 3.995138690358727597e-07
4.406000000000000000e+03 3.722710007325222045e-07
4.407000000000000000e+03 3.448697278448883188e-07
4.408000000000000000e+03 3.173837680479779153e-07
4.409000000000000000e+03 2.898853682474256192e-07
4.410000000000000000e+03 2.624450151969193777e-07
4.411000000000000000e+03 2.351311647466932413e-07
4.412000000000000000e+03 2.080099797542492736e-07
4.413000000000000000e+03 1.811450754166749414e-07
4.414000000000000000e+03 1.545973112728479283e-07
4.415000000000000000e+03 1.284245838152546364e-07
4.416000000000000000e+03 1.026816376988079645e-07
4.417000000000000000e+03 7.741988855987300722e-08
4.418000000000000000e+03 5.268728089887383572e-08
4.419000000000000000e+03 2.852816995089374499e-08
4.420000000000000000e+03 4.983187312420067269e-09
4.421000000000000000e+03 -1.791084151009568128e-08
4.422000000000000000e+03 -4.012096482938686290e-08
4.423000000000000000e+03 -6.161815379947776679e-08
4.424000000000000000e+03 -8.237732328410762627e-08
4.425000000000000000e+03 -1.023773424066350944e-07
4.426000000000000000e+03 -1.216010302600129439e-07
4.427000000000000000e+03 -1.400351062505101103e-07
4.428000000000000000e+03 -1.576701508981597996e-07
4.429000000000000000e+03 -1.745005311978794710e-07
4.430000000000000000e+03 -1.905243164662873236e-07
4.431000000000000000e+03 -2.057431758274382075e-07
4.432000000000000000e+03 -2.201622469556416049e-07
4.433000000000000000e+03 -2.337900009885174440e-07
4.434000000000000000e+03 -2.466380849938954653e-07
4.435000000000000000e+03 -2.587211516569798466e-07
4.436000000000000000e+03 -2.700566894304835091e-07
4.437000000000000000e+03 -2.806648480712706592e-07
4.438000000000000000e+03 -2.905682136854787933e-07
4.439000000000000000e+03 -2.997916034952124173e-07
4.440000000000000000e+03 -3.083618540171192689e-07
4.441000000000000000e+03 -3.163075993832485575e-07
4.442000000000000000e+03 -3.236590489059909026e-07
4.443000000000000000e+03 -3.304477509668369053e-07
4.444000000000000000e+03 -3.367063517587901668e-07
4.445000000000000000e+03 -3.424683737774785155e-07
4.446000000000000000e+03 -3.477679627524122885e-07
4.447000000000000000e+03 -3.526396564627690220e-07
4.448000000000000000e+03 -3.571181611928345252e-07
4.449000000000000000e+03 -3.612381184842099574e-07
4.450000000000000000e+03 -3.650338804380470323e-07
4.451000000000000000e+03 -3.685392882989459864e-07
4.452000000000000000e+03 -3.717874637088189594e-07
4.453000000000000000e+03 -3.748105967169958112e-07
4.454000000000000000e+03 -3.776397562881151869e-07
4.455000000000000000e+03 -3.803046998874539251e-07
4.456000000000000000e+03 -3.828336970442566888e-07
4.457000000000000000e+03 -3.852533763260712651e-07
4.458000000000000000e+03 -3.875885722526720986e-07
4.459000000000000000e+03 -3.898621836667724803e-07
4.460000000000000000e+03 -3.920950403313408438e-07
4.461000000000000000e+03 -3.943058067639459716e-07
4.462000000000000000e+03 -3.965108786024891920e-07
4.463000000000000000e+03 -3.987243111877254577e-07
4.464000000000000000e+03 -4.009577502195182258e-07
4.465000000000000000e+03 -4.032203790190828898e-07
4.466000000000000000e+03 -4.055188872138762230e-07
4.467000000000000000e+03 -4.078574619117937532e-07
4.468000000000000000e+03 -4.102377790470854394e-07
4.469000000000000000e+03 -4.126590116927240349e-07
4.470000000000000000e+03 -4.151178625223446789e-07
4.471000000000000000e+03 -4.176086068859111417e-07
4.472000000000000000e+03 -4.201231486383722208e-07
4.473000000000000000e+03 -4.226510904592585900e-07
4.474000000000000000e+03 -4.251798271868445699e-07
4.475000000000000000e+03 -4.276946383258923031e-07
4.476000000000000000e+03 -4.301788069073737360e-07
4.477000000000000000e+03 -4.326137425926204364e-07
4.478000000000000000e+03 -4.349790970366814513e-07
4.479000000000000000e+03 -4.372529268430039829e-07
4.480000000000000000e+03 -4.394118447817191441e-07
4.481000000000000000e+03 -4.414311715179052879e-07
4.482000000000000000e+03 -4.432851074520663871e-07
4.483000000000000000e+03 -4.449469181740968896e-07
4.484000000000000000e+03 -4.463891066651427351e-07
4.485000000000000000e+03 -4.475836034098572555e-07
4.486000000000000000e+03 -4.485019735495190132e-07
4.487000000000000000e+03 -4.491156046233818144e-07
4.488000000000000000e+03 -4.493958989459803551e-07
4.489000000000000000e+03 -4.493144614148456891e-07
4.490000000000000000e+03 -4.488433081043431532e-07
4.491000000000000000e+03 -4.479550558276739606e-07
4.492000000000000000e+03 -4.466231141283317169e-07
4.493000000000000000e+03 -4.448218764062260012e-07
4.494000000000000000e+03 -4.425269009780614902e-07
4.495000000000000000e+03 -4.397151071467989175e-07
4.496000000000000000e+03 -4.363649315711414169e-07
4.497000000000000000e+03 -4.324564943014801852e-07
4.498000000000000000e+03 -4.279717608537682012e-07
4.499000000000000000e+03 -4.228946938178506248e-07
4.500000000000000000e+03 -4.172113963484694571e-07
4.501000000000000000e+03 -4.109102345892934409e-07
4.502000000000000000e+03 -4.039819575835369323e-07
4.503000000000000000e+03 -3.964197994087248010e-07
4.504000000000000000e+03 -3.882195656632752127e-07
4.505000000000000000e+03 -3.793797130942575262e-07
4.506000000000000000e+03 -3.699014106048407403e-07
4.507000000000000000e+03 -3.597885930366960076e-07
4.508000000000000000e+03 -3.490480003818355339e-07
4.509000000000000000e+03 -3.376891902299900667e-07
4.510000000000000000e+03 -3.257245417249722067e-07
4.511000000000000000e+03 -3.131692588578421460e-07
4.512000000000000000e+03 -3.000413388698588590e-07
4.513000000000000000e+03 -2.863615235707747368e-07
4.514000000000000000e+03 -2.721532598189559508e-07
4.515000000000000000e+03 -2.574426276069947765e-07
4.516000000000000000e+03 -2.422582499321961820e-07
4.517000000000000000e+03 -2.266311889352551675e-07
4.518000000000000000e+03 -2.105948307427278604e-07
4.519000000000000000e+03 -1.941847689633720692e-07
4.520000000000000000e+03 -1.774386697377315463e-07
4.521000000000000000e+03 -1.603961251565852429e-07
4.522000000000000000e+03 -1.430984976609777183e-07
4.523000000000000000e+03 -1.255887412022424179e-07
4.524000000000000000e+03 -1.079112319410095687e-07
4.525000000000000000e+03 -9.011158679023863397e-08
4.526000000000000000e+03 -7.223646640992602398e-08
4.527000000000000000e+03 -5.433337396813249730e-08
4.528000000000000000e+03 -3.645045827471685830e-08
4.529000000000000000e+03 -1.863630270785800187e-08
4.530000000000000000e+03 -9.397238111512647572e-10
4.531000000000000000e+03 1.659044017006352269e-08
4.532000000000000000e+03 3.390554080186368940e-08
4.533000000000000000e+03 5.095734935360213563e-08
4.534000000000000000e+03 6.769825674480990494e-08
4.535000000000000000e+03 8.408147359625163012e-08
4.536000000000000000e+03 1.000612472868173677e-07
4.537000000000000000e+03 1.155930639679062281e-07
4.538000000000000000e+03 1.306338289474495652e-07
4.539000000000000000e+03 1.451420635906538954e-07
4.540000000000000000e+03 1.590780836120359381e-07
4.541000000000000000e+03 1.724041794803264711e-07
4.542000000000000000e+03 1.850847602566084946e-07
4.543000000000000000e+03 1.970865223159651630e-07
4.544000000000000000e+03 2.083785861833725710e-07
4.545000000000000000e+03 2.189326218595163276e-07
4.546000000000000000e+03 2.287229547688434100e-07
4.547000000000000000e+03 2.377266701471283946e-07
4.548000000000000000e+03 2.459237038235957114e-07
4.549000000000000000e+03 2.532969170291995136e-07
4.550000000000000000e+03 2.598321496058868806e-07
4.551000000000000000e+03 2.655182525572240356e-07
4.552000000000000000e+03 2.703471207299789403e-07
4.553000000000000000e+03 2.743136999393261837e-07
4.554000000000000000e+03 2.774159866485316260e-07
4.555000000000000000e+03 2.796550181552430183e-07
4.556000000000000000e+03 2.810348185493733172e-07
4.557000000000000000e+03 2.815623628572790613e-07
4.558000000000000000e+03 2.812475053458598140e-07
4.559000000000000000e+03 2.801029169775143658e-07
4.560000000000000000e+03 2.781439956655058068e-07
4.561000000000000000e+03 2.753887697615788779e-07
4.562000000000000000e+03 2.718577904019668742e-07
4.563000000000000000e+03 2.675740019993692433e-07
4.564000000000000000e+03 2.625626253816660410e-07
4.565000000000000000e+03 2.568510114162393903e-07
4.566000000000000000e+03 2.504684803628670988e-07
4.567000000000000000e+03 2.434461926644243732e-07
4.568000000000000000e+03 2.358169879029065019e-07
4.569000000000000000e+03 2.276152098766788431e-07
4.570000000000000000e+03 2.188765549606482080e-07
4.571000000000000000e+03 2.096378812145077117e-07
4.572000000000000000e+03 1.999370432419951915e-07
4.573000000000000000e+03 1.898126995287439064e-07
4.574000000000000000e+03 1.793041430690796840e-07
4.575000000000000000e+03 1.684511273399979545e-07
4.576000000000000000e+03 1.572936901465651475e-07
4.577000000000000000e+03 1.458719743007278338e-07
4.578000000000000000e+03 1.342260550524325716e-07
4.579000000000000000e+03 1.223957707646354804e-07
4.580000000000000000e+03 1.104205699100037239e-07
4.581000000000000000e+03 9.833934992818917247e-08
4.582000000000000000e+03 8.619030977568188494e-08
4.583000000000000000e+03 7.401079975068114848e-08
4.584000000000000000e+03 6.183718124493542670e-08
4.585000000000000000e+03 4.970471990007495822e-08
4.586000000000000000e+03 3.764746315179278241e-08
4.587000000000000000e+03 2.569813975761155083e-08
4.588000000000000000e+03 1.388805940012909883e-08
4.589000000000000000e+03 2.247031823063429986e-09
4.590000000000000000e+03 -9.196713814224169017e-09
4.591000000000000000e+03 -2.041657805021351726e-08
4.592000000000000000e+03 -3.138765099387112848e-08
4.593000000000000000e+03 -4.208675734456935365e-08
4.594000000000000000e+03 -5.249248278558901771e-08
4.595000000000000000e+03 -6.258518914143111443e-08
4.596000000000000000e+03 -7.234703608122105375e-08
4.597000000000000000e+03 -8.176197263669759893e-08
4.598000000000000000e+03 -9.081572343659830037e-08
4.599000000000000000e+03 -9.949576678513142664e-08
4.600000000000000000e+03 -1.077913073584881702e-07
4.601000000000000000e+03 -1.156932402712963277e-07
4.602000000000000000e+03 -1.231941038261381145e-07
4.603000000000000000e+03 -1.302880357568828101e-07
4.604000000000000000e+03 -1.369707106429766450e-07
4.605000000000000000e+03 -1.432392717350017294e-07
4.606000000000000000e+03 -1.490922606554077169e-07
4.607000000000000000e+03 -1.545295321940573834e-07
4.608000000000000000e+03 -1.595521895004679567e-07
4.609000000000000000e+03 -1.641624893851223610e-07
4.610000000000000000e+03 -1.683637504091967508e-07
4.611000000000000000e+03 -1.721602718976741402e-07
4.612000000000000000e+03 -1.755572421047232288e-07
4.613000000000000000e+03 -1.785606402247436731e-07
4.614000000000000000e+03 -1.811771499562121519e-07
4.615000000000000000e+03 -1.834140593692195237e-07
4.616000000000000000e+03 -1.852791632760840198e-07
4.617000000000000000e+03 -1.867806927777846466e-07
4.618000000000000000e+03 -1.879272138823146134e-07
4.619000000000000000e+03 -1.887275557656853271e-07
4.620000000000000000e+03 -1.891907140110328536e-07
4.621000000000000000e+03 -1.893257706123874271e-07
4.622000000000000000e+03 -1.891418280519443206e-07
4.623000000000000000e+03 -1.886479344200733724e-07
4.624000000000000000e+03 -1.878530172410860017e-07
4.625000000000000000e+03 -1.867658206614530066e-07
4.626000000000000000e+03 -1.853948627894641966e-07
4.627000000000000000e+03 -1.837483838040904928e-07
4.628000000000000000e+03 -1.818342899083602784e-07
4.629000000000000000e+03 -1.796601226293441046e-07
4.630000000000000000e+03 -1.772330114363964001e-07
4.631000000000000000e+03 -1.745596581680292870e-07
4.632000000000000000e+03 -1.716463092536293351e-07
4.633000000000000000e+03 -1.684987475052824576e-07
4.634000000000000000e+03 -1.651222729779461726e-07
4.635000000000000000e+03 -1.615216980182277504e-07
4.636000000000000000e+03 -1.577013500093310633e-07
4.637000000000000000e+03 -1.536650840837251373e-07
4.638000000000000000e+03 -1.494162730862618390e-07
4.639000000000000000e+03 -1.449578419709337759e-07
4.640000000000000000e+03 -1.402922824985681327e-07
4.641000000000000000e+03 -1.354216694579633947e-07
4.642000000000000000e+03 -1.303477060699540846e-07
4.643000000000000000e+03 -1.250717397427245748e-07
4.644000000000000000e+03 -1.195948129028845655e-07
4.645000000000000000e+03 -1.139176821608670143e-07
4.646000000000000000e+03 -1.080408723227853502e-07
4.647000000000000000e+03 -1.019647375454359069e-07
4.648000000000000000e+03 -9.568949975494569674e-08
4.649000000000000000e+03 -8.921529366874443574e-08
4.650000000000000000e+03 -8.254224576895053939e-08
4.651000000000000000e+03 -7.567051057091696090e-08
4.652000000000000000e+03 -6.860032465071016824e-08
4.653000000000000000e+03 -6.133206525048877242e-08
4.654000000000000000e+03 -5.386631567702753716e-08
4.655000000000000000e+03 -4.620391944177586890e-08
4.656000000000000000e+03 -3.834602552295504078e-08
4.657000000000000000e+03 -3.029415400568069522e-08
4.658000000000000000e+03 -2.205024067982406021e-08
4.659000000000000000e+03 -1.361667772725576027e-08
4.660000000000000000e+03 -4.996385367212901576e-09
4.661000000000000000e+03 3.807156987260085346e-09
4.662000000000000000e+03 1.278987057024345876e-08
4.663000000000000000e+03 2.194704027078865519e-08
4.664000000000000000e+03 3.127328224676040635e-08
4.665000000000000000e+03 4.076251545153664120e-08
4.666000000000000000e+03 5.040793055836339222e-08
4.667000000000000000e+03 6.020198616537766485e-08
4.668000000000000000e+03 7.013638592135195601e-08
4.669000000000000000e+03 8.020207699816926452e-08
4.670000000000000000e+03 9.038923651399475832e-08
4.671000000000000000e+03 1.006872810770839493e-07
4.672000000000000000e+03 1.110848788225698277e-07
4.673000000000000000e+03 1.215699501869004668e-07
4.674000000000000000e+03 1.321296817870464579e-07
4.675000000000000000e+03 1.427505556171579257e-07
4.676000000000000000e+03 1.534183800258123296e-07
4.677000000000000000e+03 1.641183169308656732e-07
4.678000000000000000e+03 1.748349127270738536e-07
4.679000000000000000e+03 1.855521505021169036e-07
4.680000000000000000e+03 1.962534775387751720e-07
4.681000000000000000e+03 2.069218694025096392e-07
4.682000000000000000e+03 2.175398689717161958e-07
4.683000000000000000e+03 2.280896521485199030e-07
4.684000000000000000e+03 2.385530756743114542e-07
4.685000000000000000e+03 2.489117422024840627e-07
4.686000000000000000e+03 2.591470461241202037e-07
4.687000000000000000e+03 2.692402416857423313e-07
4.688000000000000000e+03 2.791725165498648834e-07
4.689000000000000000e+03 2.889250534723350936e-07
4.690000000000000000e+03 2.984790949648800115e-07
4.691000000000000000e+03 3.078160169957931749e-07
4.692000000000000000e+03 3.169173846472145876e-07
4.693000000000000000e+03 3.257650245878440287e-07
4.694000000000000000e+03 3.343410755736050970e-07
4.695000000000000000e+03 3.426280635295087300e-07
4.696000000000000000e+03 3.506089531255734828e-07
4.697000000000000000e+03 3.582672060625413335e-07
4.698000000000000000e+03 3.655868464392181621e-07
4.699000000000000000e+03 3.725524943775402450e-07
4.700000000000000000e+03 3.791494336528808841e-07
4.701000000000000000e+03 3.853636522049503324e-07
4.702000000000000000e+03 3.911818763057899206e-07
4.703000000000000000e+03 3.965916188800459233e-07
4.704000000000000000e+03 4.015812115297794822e-07
4.705000000000000000e+03 4.061398305984291755e-07
4.706000000000000000e+03 4.102575104497573320e-07
4.707000000000000000e+03 4.139251735030292179e-07
4.708000000000000000e+03 4.171346372516662101e-07
4.709000000000000000e+03 4.198786243773084539e-07
4.710000000000000000e+03 4.221507622017271594e-07
4.711000000000000000e+03 4.239455789184913278e-07
4.712000000000000000e+03 4.252585025080254304e-07
4.713000000000000000e+03 4.260858426227876222e-07
4.714000000000000000e+03 4.264247865183096510e-07
4.715000000000000000e+03 4.262733788530412063e-07
4.716000000000000000e+03 4.256304979548564132e-07
4.717000000000000000e+03 4.244958265532196335e-07
4.718000000000000000e+03 4.228698189231475949e-07
4.719000000000000000e+03 4.207536646311473395e-07
4.720000000000000000e+03 4.181492568509115342e-07
4.721000000000000000e+03 4.150591448854776856e-07
4.722000000000000000e+03 4.114865130853268078e-07
4.723000000000000000e+03 4.074351397703533804e-07
4.724000000000000000e+03 4.029093419255444752e-07
4.725000000000000000e+03 3.979139475494635149e-07
4.726000000000000000e+03 3.924542332691929466e-07
4.727000000000000000e+03 3.865358988527292058e-07
4.728000000000000000e+03 3.801650208920884657e-07
4.729000000000000000e+03 3.733480267147996468e-07
4.730000000000000000e+03 3.660916534865101340e-07
4.731000000000000000e+03 3.584029087618832599e-07
4.732000000000000000e+03 3.502890542562710936e-07
4.733000000000000000e+03 3.417575467726484755e-07
4.734000000000000000e+03 3.328160298378389140e-07
4.735000000000000000e+03 3.234723094628258786e-07
4.736000000000000000e+03 3.137343402673208035e-07
4.737000000000000000e+03 3.036102179652073808e-07
4.738000000000000000e+03 2.931081486083205478e-07
4.739000000000000000e+03 2.822364538797211289e-07
4.740000000000000000e+03 2.710035644847657330e-07
4.741000000000000000e+03 2.594180360971530897e-07
4.742000000000000000e+03 2.474885365236461287e-07
4.743000000000000000e+03 2.352238516779608346e-07
4.744000000000000000e+03 2.226328945980899823e-07
4.745000000000000000e+03 2.097247243380714014e-07
4.746000000000000000e+03 1.965085692715550318e-07
4.747000000000000000e+03 1.829938523827480068e-07
4.748000000000000000e+03 1.691902047133998088e-07
4.749000000000000000e+03 1.551074880334618618e-07
4.750000000000000000e+03 1.407558442063345622e-07
4.751000000000000000e+03 1.261457081101396905e-07
4.752000000000000000e+03 1.112878578265660581e-07
4.753000000000000000e+03 9.619344228331749440e-08
4.754000000000000000e+03 8.087400713583716400e-08
4.755000000000000000e+03 6.534154953510813664e-08
4.756000000000000000e+03 4.960855545480838349e-08
4.757000000000000000e+03 3.368804302257186048e-08
4.758000000000000000e+03 1.759359159563425398e-08
4.759000000000000000e+03 1.339388514656564087e-09
4.760000000000000000e+03 -1.505972350138026672e-08
4.761000000000000000e+03 -3.158823111000846577e-08
4.762000000000000000e+03 -4.822991511848954487e-08
4.763000000000000000e+03 -6.496781114523744972e-08
4.764000000000000000e+03 -8.178419146169009556e-08
4.765000000000000000e+03 -9.866050971408211800e-08
4.766000000000000000e+03 -1.155774075505989283e-07
4.767000000000000000e+03 -1.325146814416592576e-07
4.768000000000000000e+03 -1.494512751395364467e-07
4.769000000000000000e+03 -1.663652717679330119e-07
4.770000000000000000e+03 -1.832338929772998285e-07
4.771000000000000000e+03 -2.000335101130745300e-07
4.772000000000000000e+03 -2.167396408339584494e-07
4.773000000000000000e+03 -2.333269563695691384e-07
4.774000000000000000e+03 -2.497693158551545068e-07
4.775000000000000000e+03 -2.660397998691499609e-07
4.776000000000000000e+03 -2.821107408491596490e-07
4.777000000000000000e+03 -2.979537640850610470e-07
4.778000000000000000e+03 -3.135398227554120171e-07
4.779000000000000000e+03 -3.288392548360434547e-07
4.780000000000000000e+03 -3.438218497804863346e-07
4.781000000000000000e+03 -3.584569075217693822e-07
4.782000000000000000e+03 -3.727133103050588067e-07
4.783000000000000000e+03 -3.865595882090457490e-07
4.784000000000000000e+03 -3.999640036179684029e-07
4.785000000000000000e+03 -4.128946379987673317e-07
4.786000000000000000e+03 -4.253194816735810041e-07
4.787000000000000000e+03 -4.372065353233797218e-07
4.788000000000000000e+03 -4.485239067088185345e-07
4.789000000000000000e+03 -4.592399304593204892e-07
4.790000000000000000e+03 -4.693232597504881184e-07
4.791000000000000000e+03 -4.787429968999927025e-07
4.792000000000000000e+03 -4.874687994101583351e-07
4.793000000000000000e+03 -4.954710097775841167e-07
4.794000000000000000e+03 -5.027207642140894929e-07
4.795000000000000000e+03 -5.091901341821543610e-07
4.796000000000000000e+03 -5.148522538937979023e-07
4.797000000000000000e+03 -5.196814373666928219e-07
4.798000000000000000e+03 -5.236533138023686960e-07
4.799000000000000000e+03 -5.267449621350547619e-07
4.800000000000000000e+03 -5.289350492674751214e-07
4.801000000000000000e+03 -5.302039529547446864e-07
4.802000000000000000e+03 -5.305338839945973399e-07
4.803000000000000000e+03 -5.299090091108970112e-07
4.804000000000000000e+03 -5.283155695473103677e-07
4.805000000000000000e+03 -5.257419997856592627e-07
4.806000000000000000e+03 -5.221790398449183719e-07
4.807000000000000000e+03 -5.176198360506385805e-07
4.808000000000000000e+03 -5.120600459994777533e-07
4.809000000000000000e+03 -5.054979237621015391e-07
4.810000000000000000e+03 -4.979344121151490762e-07
4.811000000000000000e+03 -4.893732159900723107e-07
4.812000000000000000e+03 -4.798208481280785518e-07
4.813000000000000000e+03 -4.692867047162309402e-07
4.814000000000000000e+03 -4.577830996717266465e-07
4.815000000000000000e+03 -4.453253124884935547e-07
4.816000000000000000e+03 -4.319316006124137785e-07
4.817000000000000000e+03 -4.176232064526552404e-07
4.818000000000000000e+03 -4.024243684229547211e-07
4.819000000000000000e+03 -3.863623081292808202e-07
4.820000000000000000e+03 -3.694672021590175191e-07
4.821000000000000000e+03 -3.517721391774273657e-07
4.822000000000000000e+03 -3.333130732204324779e-07
4.823000000000000000e+03 -3.141287627949200693e-07
4.824000000000000000e+03 -2.942606901285207896e-07
4.825000000000000000e+03 -2.737529710181546725e-07
4.826000000000000000e+03 -2.526522585809497901e-07
4.827000000000000000e+03 -2.310076297179994194e-07
4.828000000000000000e+03 -2.088704474298276603e-07
4.829000000000000000e+03 -1.862942335653608081e-07
4.830000000000000000e+03 -1.633345132733050868e-07
4.831000000000000000e+03 -1.400486582522686090e-07
4.832000000000000000e+03 -1.164957105386280856e-07
4.833000000000000000e+03 -9.273619127416652129e-08
4.834000000000000000e+03 -6.883192915696404379e-08
4.835000000000000000e+03 -4.484585413618143404e-08
4.836000000000000000e+03 -2.084178152270300137e-08
4.837000000000000000e+03 3.115797752795721620e-09
4.838000000000000000e+03 2.696194770877473362e-08
4.839000000000000000e+03 5.063150250475605849e-08
4.840000000000000000e+03 7.405928629110306229e-08
4.841000000000000000e+03 9.718035767511665078e-08
4.842000000000000000e+03 1.199302572005337748e-07
4.843000000000000000e+03 1.422452288540810231e-07
4.844000000000000000e+03 1.640624700388210961e-07
4.845000000000000000e+03 1.853203702503985166e-07
4.846000000000000000e+03 2.059587404742376615e-07
4.847000000000000000e+03 2.259190495428209239e-07
4.848000000000000000e+03 2.451446510186814907e-07
4.849000000000000000e+03 2.635810141121923800e-07
4.850000000000000000e+03 2.811759398341809359e-07
4.851000000000000000e+03 2.978797686117355292e-07
4.852000000000000000e+03 3.136455949753817433e-07
4.853000000000000000e+03 3.284294408094054842e-07
4.854000000000000000e+03 3.421904489439951971e-07
4.855000000000000000e+03 3.548910580850644450e-07
4.856000000000000000e+03 3.664971638182555175e-07
4.857000000000000000e+03 3.769782562913418044e-07
4.858000000000000000e+03 3.863075630808920405e-07
4.859000000000000000e+03 3.944621521155230361e-07
4.860000000000000000e+03 4.014230438717499819e-07
4.861000000000000000e+03 4.071752885247384236e-07
4.862000000000000000e+03 4.117080476098171698e-07
4.863000000000000000e+03 4.150146372459448515e-07
4.864000000000000000e+03 4.170925696730523663e-07
4.865000000000000000e+03 4.179435664946493617e-07
4.866000000000000000e+03 4.175735707145392391e-07
4.867000000000000000e+03 4.159927059292794494e-07
4.868000000000000000e+03 4.132152645955221467e-07
4.869000000000000000e+03 4.092596502467201579e-07
4.870000000000000000e+03 4.041483085303909409e-07
4.871000000000000000e+03 3.979076271439066780e-07
4.872000000000000000e+03 3.905678445294412229e-07
4.873000000000000000e+03 3.821629215749507546e-07
4.874000000000000000e+03 3.727304009278553470e-07
4.875000000000000000e+03 3.623112489261991286e-07
4.876000000000000000e+03 3.509496932693571661e-07
4.877000000000000000e+03 3.386930214686676948e-07
4.878000000000000000e+03 3.255913988115311311e-07
4.879000000000000000e+03 3.116976658233950291e-07
4.880000000000000000e+03 2.970671032605214195e-07
4.881000000000000000e+03 2.817572046793500949e-07
4.882000000000000000e+03 2.658274402355537448e-07
4.883000000000000000e+03 2.493389820011277129e-07
4.884000000000000000e+03 2.323544523171306599e-07
4.885000000000000000e+03 2.149376765240074083e-07
4.886000000000000000e+03 1.971533996921975844e-07
4.887000000000000000e+03 1.790670184615935531e-07
4.888000000000000000e+03 1.607443052448250213e-07
4.889000000000000000e+03 1.422511441405727548e-07
4.890000000000000000e+03 1.236532450952494017e-07
4.891000000000000000e+03 1.050158732808778009e-07
4.892000000000000000e+03 8.640357097537819769e-08
4.893000000000000000e+03 6.787990226051738225e-08
4.894000000000000000e+03 4.950719258456768809e-08
4.895000000000000000e+03 3.134628606569198442e-08
4.896000000000000000e+03 1.345628520247254355e-08
4.897000000000000000e+03 -4.105674095040762728e-09
4.898000000000000000e+03 -2.128465580241659275e-08
4.899000000000000000e+03 -3.802813299725640817e-08
4.900000000000000000e+03 -5.428618084240919787e-08
4.901000000000000000e+03 -7.001167194621895974e-08
4.902000000000000000e+03 -8.516044640440013723e-08
4.903000000000000000e+03 -9.969146296690426660e-08
4.904000000000000000e+03 -1.135669561069439708e-07
4.905000000000000000e+03 -1.267525577495831612e-07
4.906000000000000000e+03 -1.392174128882119379e-07
4.907000000000000000e+03 -1.509342756473254863e-07
4.908000000000000000e+03 -1.618795713007134218e-07
4.909000000000000000e+03 -1.720334653871556607e-07
4.910000000000000000e+03 -1.813798883285080877e-07
4.911000000000000000e+03 -1.899065638705480749e-07
4.912000000000000000e+03 -1.976050089269279842e-07
4.913000000000000000e+03 -2.044705283470519111e-07
4.914000000000000000e+03 -2.105021832445199525e-07
4.915000000000000000e+03 -2.157027337797409907e-07
4.916000000000000000e+03 -2.200785673917564827e-07
4.917000000000000000e+03 -2.236396275408776593e-07
4.918000000000000000e+03 -2.263993091500480456e-07
4.919000000000000000e+03 -2.283743490268387413e-07
4.920000000000000000e+03 -2.295846915844192674e-07
4.921000000000000000e+03 -2.300533482129362417e-07
4.922000000000000000e+03 -2.298062367447545087e-07
4.923000000000000000e+03 -2.288720256455920723e-07
4.924000000000000000e+03 -2.272819364271604253e-07
4.925000000000000000e+03 -2.250695606642879266e-07
4.926000000000000000e+03 -2.222706602123601362e-07
4.927000000000000000e+03 -2.189229488430548083e-07
4.928000000000000000e+03 -2.150658886639247452e-07
4.929000000000000000e+03 -2.107404623206253977e-07
4.930000000000000000e+03 -2.059889542557041037e-07
4.931000000000000000e+03 -2.008547196091816163e-07
4.932000000000000000e+03 -1.953819466753380568e-07
4.933000000000000000e+03 -1.896154086396387750e-07
4.934000000000000000e+03 -1.836002486048758917e-07
4.935000000000000000e+03 -1.773817349676621197e-07
4.936000000000000000e+03 -1.710050219590552632e-07
4.937000000000000000e+03 -1.645149299271928581e-07
4.938000000000000000e+03 -1.579557010952820901e-07
4.939000000000000000e+03 -1.513707946575995672e-07
4.940000000000000000e+03 -1.448026615612862146e-07
4.941000000000000000e+03 -1.382925348021426462e-07
4.942000000000000000e+03 -1.318802252743976030e-07
4.943000000000000000e+03 -1.256039346840251522e-07
4.944000000000000000e+03 -1.195000715968575816e-07
4.945000000000000000e+03 -1.136030840193081841e-07
4.946000000000000000e+03 -1.079452982920770910e-07
4.947000000000000000e+03 -1.025567699595277559e-07
4.948000000000000000e+03 -9.746515235517208674e-08
4.949000000000000000e+03 -9.269558279862558750e-08
4.950000000000000000e+03 -8.827057572830999392e-08
4.951000000000000000e+03 -8.420993117216661869e-08
4.952000000000000000e+03 -8.053066795348259993e-08
4.953000000000000000e+03 -7.724695572513973031e-08
4.954000000000000000e+03 -7.437008338051005016e-08
4.955000000000000000e+03 -7.190842251506811570e-08
4.956000000000000000e+03 -6.986742174317001020e-08
4.957000000000000000e+03 -6.824962970525013696e-08
4.958000000000000000e+03 -6.705469877386923592e-08
4.959000000000000000e+03 -6.627943290028987863e-08
4.960000000000000000e+03 -6.591784230210052532e-08
4.961000000000000000e+03 -6.596121171231759993e-08
4.962000000000000000e+03 -6.639820128156584630e-08
4.963000000000000000e+03 -6.721494210363594824e-08
4.964000000000000000e+03 -6.839515408787215164e-08
4.965000000000000000e+03 -6.992028595168247321e-08
4.966000000000000000e+03 -7.176965454227479648e-08
4.967000000000000000e+03 -7.392059682093945632e-08
4.968000000000000000e+03 -7.634863749554401067e-08
4.969000000000000000e+03 -7.902766380230355244e-08
4.970000000000000000e+03 -8.193012049676558497e-08
4.971000000000000000e+03 -8.502719742597514316e-08
4.972000000000000000e+03 -8.828903205007919605e-08
4.973000000000000000e+03 -9.168491147847928834e-08
4.974000000000000000e+03 -9.518347461258225932e-08
4.975000000000000000e+03 -9.875292368830399842e-08
4.976000000000000000e+03 -1.023612343113613450e-07
4.977000000000000000e+03 -1.059763613645640473e-07
4.978000000000000000e+03 -1.095664473515175185e-07
4.979000000000000000e+03 -1.131000282556444392e-07
4.980000000000000000e+03 -1.165462115742243620e-07
4.981000000000000000e+03 -1.198748699241639339e-07
4.982000000000000000e+03 -1.230568410709964424e-07
4.983000000000000000e+03 -1.260640951370048366e-07
4.984000000000000000e+03 -1.288698892388138021e-07
4.985000000000000000e+03 -1.314489220882553634e-07
4.986000000000000000e+03 -1.337774964695289643e-07
4.987000000000000000e+03 -1.358336313732561677e-07
4.988000000000000000e+03 -1.375971873809733451e-07
4.989000000000000000e+03 -1.390499687465463656e-07
4.990000000000000000e+03 -1.401758134878301838e-07
4.991000000000000000e+03 -1.409606741005292544e-07
4.992000000000000000e+03 -1.413926877467485381e-07
4.993000000000000000e+03 -1.414622199702212105e-07
4.994000000000000000e+03 -1.411618909649541495e-07
4.995000000000000000e+03 -1.404865920250790920e-07
4.996000000000000000e+03 -1.394334967001491768e-07
4.997000000000000000e+03 -1.380020413358759966e-07
4.998000000000000000e+03 -1.361939091672202081e-07
4.999000000000000000e+03 -1.340129852530393360e-07
5.000000000000000000e+03 -1.314652958756657622e-07
5.001000000000000000e+03 -1.285589460072758766e-07
5.002000000000000000e+03 -1.253040277383596924e-07
5.003000000000000000e+03 -1.217125389057100605e-07
5.004000000000000000e+03 -1.177982696893947855e-07
5.005000000000000000e+03 -1.135766875862762513e-07
5.006000000000000000e+03 -1.090648097774140648e-07
5.007000000000000000e+03 -1.042810592999865996e-07
5.008000000000000000e+03 -9.924511493347969013e-08
5.009000000000000000e+03 -9.397777881585519795e-08
5.010000000000000000e+03 -8.850081480194225320e-08
5.011000000000000000e+03 -8.283677665585224823e-08
5.012000000000000000e+03 -7.700886105631256047e-08
5.013000000000000000e+03 -7.104072507230915363e-08
5.014000000000000000e+03 -6.495631835737951069e-08
5.015000000000000000e+03 -5.877973430490506913e-08
5.016000000000000000e+03 -5.253502339935429398e-08
5.017000000000000000e+03 -4.624603626947425539e-08
5.018000000000000000e+03 -3.993624792842365864e-08
5.019000000000000000e+03 -3.362859781188236718e-08
5.020000000000000000e+03 -2.734534422101017403e-08
5.021000000000000000e+03 -2.110792329448056773e-08
5.022000000000000000e+03 -1.493678957175876591e-08
5.023000000000000000e+03 -8.851283075857913485e-09
5.024000000000000000e+03 -2.869490351894062338e-09
5.025000000000000000e+03 2.991866524694233987e-09
5.026000000000000000e+03 8.717533530013011957e-09
5.027000000000000000e+03 1.429382637809249013e-08
5.028000000000000000e+03 1.970870884690791813e-08
5.029000000000000000e+03 2.495190078084535129e-08
5.030000000000000000e+03 3.001492737914151700e-08
5.031000000000000000e+03 3.489119433690641528e-08
5.032000000000000000e+03 3.957601628475998474e-08
5.033000000000000000e+03 4.406666609638148309e-08
5.034000000000000000e+03 4.836239330926072488e-08
5.035000000000000000e+03 5.246443537040833056e-08
5.036000000000000000e+03 5.637601231468365726e-08
5.037000000000000000e+03 6.010230667957615094e-08
5.038000000000000000e+03 6.365042683979625609e-08
5.039000000000000000e+03 6.702938454480084580e-08
5.040000000000000000e+03 7.025002064336592996e-08
5.041000000000000000e+03 7.332496775970348234e-08
5.042000000000000000e+03 7.626855340791314671e-08
5.043000000000000000e+03 7.909670887354970711e-08
5.044000000000000000e+03 8.182689190994667387e-08
5.045000000000000000e+03 8.447795229996412699e-08
5.046000000000000000e+03 8.707002418601710987e-08
5.047000000000000000e+03 8.962439712320310595e-08
5.048000000000000000e+03 9.216337136517702508e-08
5.049000000000000000e+03 9.471009946566327882e-08
5.050000000000000000e+03 9.728845419756125970e-08
5.051000000000000000e+03 9.992285118223990917e-08
5.052000000000000000e+03 1.026380692349907304e-07
5.053000000000000000e+03 1.054591068799700937e-07
5.054000000000000000e+03 1.084109912781258334e-07
5.055000000000000000e+03 1.115185987406760809e-07
5.056000000000000000e+03 1.148064615597164670e-07
5.057000000000000000e+03 1.182986012462977800e-07
5.058000000000000000e+03 1.220183470288468345e-07
5.059000000000000000e+03 1.259881401242310744e-07
5.060000000000000000e+03 1.302293712044147955e-07
5.061000000000000000e+03 1.347621895612367483e-07
5.062000000000000000e+03 1.396053405870925127e-07
5.063000000000000000e+03 1.447759850117768788e-07
5.064000000000000000e+03 1.502895453229724667e-07
5.065000000000000000e+03 1.561595573412390261e-07
5.066000000000000000e+03 1.623975147280782937e-07
5.067000000000000000e+03 1.690127372546864274e-07
5.068000000000000000e+03 1.760122256707586646e-07
5.069000000000000000e+03 1.834005483134461473e-07
5.070000000000000000e+03 1.911797349436689873e-07
5.071000000000000000e+03 1.993491740737385754e-07
5.072000000000000000e+03 2.079055347908254417e-07
5.073000000000000000e+03 2.168426995687671904e-07
5.074000000000000000e+03 2.261516951595392424e-07
5.075000000000000000e+03 2.358206525842603109e-07
5.076000000000000000e+03 2.458347696617078689e-07
5.077000000000000000e+03 2.561763086740604643e-07
5.078000000000000000e+03 2.668245829862939529e-07
5.079000000000000000e+03 2.777559771400430658e-07
5.080000000000000000e+03 2.889439814211961662e-07
5.081000000000000000e+03 3.003592440827085667e-07
5.082000000000000000e+03 3.119696440590842399e-07
5.083000000000000000e+03 3.237403525134397864e-07
5.084000000000000000e+03 3.356339360347657584e-07
5.085000000000000000e+03 3.476104773924860671e-07
5.086000000000000000e+03 3.596277003627150917e-07
5.087000000000000000e+03 3.716411147571113231e-07
5.088000000000000000e+03 3.836041723081972395e-07
5.089000000000000000e+03 3.954684457202442424e-07
5.090000000000000000e+03 4.071838296682596460e-07
5.091000000000000000e+03 4.186987319286249440e-07
5.092000000000000000e+03 4.299602661868107661e-07
5.093000000000000000e+03 4.409145024910773249e-07
5.094000000000000000e+03 4.515067057268056826e-07
5.095000000000000000e+03 4.616815703462227251e-07
5.096000000000000000e+03 4.713834709756716994e-07
5.097000000000000000e+03 4.805567204401843051e-07
5.098000000000000000e+03 4.891458278982625711e-07
5.099000000000000000e+03 4.970957588604341091e-07
5.100000000000000000e+03 5.043522188125082934e-07
5.101000000000000000e+03 5.108619236314683536e-07
5.102000000000000000e+03 5.165728678837685512e-07
5.103000000000000000e+03 5.214345889675557810e-07
5.104000000000000000e+03 5.253984314154099506e-07
5.105000000000000000e+03 5.284178081535964075e-07
5.106000000000000000e+03 5.304484511331412256e-07
5.107000000000000000e+03 5.314486578210615502e-07
5.108000000000000000e+03 5.313795278915257507e-07
5.109000000000000000e+03 5.302051920188885274e-07
5.110000000000000000e+03 5.278930307553211734e-07
5.111000000000000000e+03 5.244138867023559976e-07
5.112000000000000000e+03 5.197422505885159803e-07
5.113000000000000000e+03 5.138564332819596936e-07
5.114000000000000000e+03 5.067387368414674816e-07
5.115000000000000000e+03 4.983756027479399136e-07
5.116000000000000000e+03 4.887577387012700028e-07
5.117000000000000000e+03 4.778802309994609487e-07
5.118000000000000000e+03 4.657426423299005810e-07
5.119000000000000000e+03 4.523490747812935291e-07
5.120000000000000000e+03 4.377082459034632414e-07
5.121000000000000000e+03 4.218335111979206204e-07
5.122000000000000000e+03 4.047428646245730543e-07
5.123000000000000000e+03 3.864589504815213796e-07
5.124000000000000000e+03 3.670090308515669862e-07
5.125000000000000000e+03 3.464249382430114433e-07
5.126000000000000000e+03 3.247430024227126052e-07
5.127000000000000000e+03 3.020039773917157911e-07
5.128000000000000000e+03 2.782529292660076571e-07
5.129000000000000000e+03 2.535390988269909727e-07
5.130000000000000000e+03 2.279157655550679252e-07
5.131000000000000000e+03 2.014400795352087043e-07
5.132000000000000000e+03 1.741728986752379709e-07
5.133000000000000000e+03 1.461785750319874003e-07
5.134000000000000000e+03 1.175247457470159222e-07
5.135000000000000000e+03 8.828210076539014282e-08
5.136000000000000000e+03 5.852413805815568021e-08
5.137000000000000000e+03 2.832691983197719152e-08
5.138000000000000000e+03 -2.231199180978762262e-09
5.139000000000000000e+03 -3.306983579271662335e-08
5.140000000000000000e+03 -6.410687244220996648e-08
5.141000000000000000e+03 -9.525874930247454789e-08
5.142000000000000000e+03 -1.264407613683329326e-07
5.143000000000000000e+03 -1.575673568034574349e-07
5.144000000000000000e+03 -1.885524507977208838e-07
5.145000000000000000e+03 -2.193097321195052617e-07
5.146000000000000000e+03 -2.497529812639154919e-07
5.147000000000000000e+03 -2.797963947649708065e-07
5.148000000000000000e+03 -3.093548947015734275e-07
5.149000000000000000e+03 -3.383444407061358557e-07
5.150000000000000000e+03 -3.666823330433219147e-07
5.151000000000000000e+03 -3.942875168302950017e-07
5.152000000000000000e+03 -4.210808860440739768e-07
5.153000000000000000e+03 -4.469855679006098134e-07
5.154000000000000000e+03 -4.719272096097473129e-07
5.155000000000000000e+03 -4.958342532039649342e-07
5.156000000000000000e+03 -5.186382086043646801e-07
5.157000000000000000e+03 -5.402738779787208832e-07
5.158000000000000000e+03 -5.606796241319321325e-07
5.159000000000000000e+03 -5.797975943043385122e-07
5.160000000000000000e+03 -5.975739238139849641e-07
5.161000000000000000e+03 -6.139589299471699823e-07
5.162000000000000000e+03 -6.289072912704404724e-07
5.163000000000000000e+03 -6.423782097195834206e-07
5.164000000000000000e+03 -6.543355624400934010e-07
5.165000000000000000e+03 -6.647480310049952952e-07
5.166000000000000000e+03 -6.735892087089454250e-07
5.167000000000000000e+03 -6.808376717778351954e-07
5.168000000000000000e+03 -6.864770688485589253e-07
5.169000000000000000e+03 -6.904961603112212287e-07
5.170000000000000000e+03 -6.928888365933405631e-07
5.171000000000000000e+03 -6.936541268165616310e-07
5.172000000000000000e+03 -6.927961727609428946e-07
5.173000000000000000e+03 -6.903241968765888692e-07
5.174000000000000000e+03 -6.862524541320847317e-07
5.175000000000000000e+03 -6.806001631750207788e-07
5.176000000000000000e+03 -6.733913973986871937e-07
5.177000000000000000e+03 -6.646549634404455550e-07
5.178000000000000000e+03 -6.544242907717452217e-07
5.179000000000000000e+03 -6.427372834164932348e-07
5.180000000000000000e+03 -6.296361239708188024e-07
5.181000000000000000e+03 -6.151671044008671820e-07
5.182000000000000000e+03 -5.993804316828100798e-07
5.183000000000000000e+03 -5.823300203394667379e-07
5.184000000000000000e+03 -5.640732721321225867e-07
5.185000000000000000e+03 -5.446708414248512383e-07
5.186000000000000000e+03 -5.241863866579850966e-07
5.187000000000000000e+03 -5.026863097423113670e-07
5.188000000000000000e+03 -4.802395064985106786e-07
5.189000000000000000e+03 -4.569170912953319870e-07
5.190000000000000000e+03 -4.327921309148632367e-07
5.191000000000000000e+03 -4.079393556628187147e-07
5.192000000000000000e+03 -3.824348779750836561e-07
5.193000000000000000e+03 -3.563559084662224209e-07
5.194000000000000000e+03 -3.297804774707350289e-07
5.195000000000000000e+03 -3.027871324914953666e-07
5.196000000000000000e+03 -2.754546669322362362e-07
5.197000000000000000e+03 -2.478618541740008955e-07
5.198000000000000000e+03 -2.200871598297416945e-07
5.199000000000000000e+03 -1.922084789778339817e-07
5.200000000000000000e+03 -1.643028622909672404e-07
5.201000000000000000e+03 -1.364462664537427270e-07
5.202000000000000000e+03 -1.087133084793140355e-07
5.203000000000000000e+03 -8.117702242609952704e-08
5.204000000000000000e+03 -5.390863692060234424e-08
5.205000000000000000e+03 -2.697736936681472739e-08
5.206000000000000000e+03 -4.502250371316723710e-10
5.207000000000000000e+03 2.560821798356556575e-08
5.208000000000000000e+03 5.113597234156113885e-08
5.209000000000000000e+03 7.607379476944951103e-08
5.210000000000000000e+03 1.003653311292358753e-07
5.211000000000000000e+03 1.239572563150645506e-07
5.212000000000000000e+03 1.467993918364443261e-07
5.213000000000000000e+03 1.688448104500061318e-07
5.214000000000000000e+03 1.900499250278871076e-07
5.215000000000000000e+03 2.103745613433823114e-07
5.216000000000000000e+03 2.297820242874011313e-07
5.217000000000000000e+03 2.482391193147735750e-07
5.218000000000000000e+03 2.657161815450601859e-07
5.219000000000000000e+03 2.821871019197961810e-07
5.220000000000000000e+03 2.976293083193222924e-07
5.221000000000000000e+03 3.120237708516090177e-07
5.222000000000000000e+03 3.253549593555775765e-07
5.223000000000000000e+03 3.376108116521024434e-07
5.224000000000000000e+03 3.487826777532271189e-07
5.225000000000000000e+03 3.588652628109262639e-07
5.226000000000000000e+03 3.678565544915364021e-07
5.227000000000000000e+03 3.757577333360953212e-07
5.228000000000000000e+03 3.825730744672814991e-07
5.229000000000000000e+03 3.883098657272063735e-07
5.230000000000000000e+03 3.929782793380369987e-07
5.231000000000000000e+03 3.965912703770296983e-07
5.232000000000000000e+03 3.991644490201489295e-07
5.233000000000000000e+03 4.007159444222667378e-07
5.234000000000000000e+03 4.012662911744675962e-07
5.235000000000000000e+03 4.008382862513859429e-07
5.236000000000000000e+03 3.994568347004080582e-07
5.237000000000000000e+03 3.971488112024370173e-07
5.238000000000000000e+03 3.939429044548792367e-07
5.239000000000000000e+03 3.898694747190109392e-07
5.240000000000000000e+03 3.849604053707782047e-07
5.241000000000000000e+03 3.792489426112717933e-07
5.242000000000000000e+03 3.727695492851523982e-07
5.243000000000000000e+03 3.655577364491192012e-07
5.244000000000000000e+03 3.576499381828395954e-07
5.245000000000000000e+03 3.490833450736096618e-07
5.246000000000000000e+03 3.398957685974397808e-07
5.247000000000000000e+03 3.301254764946452772e-07
5.248000000000000000e+03 3.198110527702990754e-07
5.249000000000000000e+03 3.089912794267700829e-07
5.250000000000000000e+03 2.977049907499260939e-07
5.251000000000000000e+03 2.859909266407412023e-07
5.252000000000000000e+03 2.738876230647953531e-07
5.253000000000000000e+03 2.614332813877279248e-07
5.254000000000000000e+03 2.486656644723528565e-07
5.255000000000000000e+03 2.356219993502457283e-07
5.256000000000000000e+03 2.223388455817461293e-07
5.257000000000000000e+03 2.088520038420277574e-07
5.258000000000000000e+03 1.951964240614344253e-07
5.259000000000000000e+03 1.814061233822508543e-07
5.260000000000000000e+03 1.675141052809429722e-07
5.261000000000000000e+03 1.535522683498006953e-07
5.262000000000000000e+03 1.395513474087184555e-07
5.263000000000000000e+03 1.255408530348371368e-07
5.264000000000000000e+03 1.115490082344995406e-07
5.265000000000000000e+03 9.760270483534888428e-08
5.266000000000000000e+03 8.372742122950553361e-08
5.267000000000000000e+03 6.994723160825724640e-08
5.268000000000000000e+03 5.628474953093799947e-08
5.269000000000000000e+03 4.276110397250413423e-08
5.270000000000000000e+03 2.939591704137780167e-08
5.271000000000000000e+03 1.620729238284938082e-08
5.272000000000000000e+03 3.211800895105903902e-09
5.273000000000000000e+03 -9.575505961951290473e-09
5.274000000000000000e+03 -2.214109287064373828e-08
5.275000000000000000e+03 -3.447294399434605746e-08
5.276000000000000000e+03 -4.656053096299023396e-08
5.277000000000000000e+03 -5.839478406217647178e-08
5.278000000000000000e+03 -6.996805395596878450e-08
5.279000000000000000e+03 -8.127408886728082514e-08
5.280000000000000000e+03 -9.230797777183551061e-08
5.281000000000000000e+03 -1.030661151558762819e-07
5.282000000000000000e+03 -1.135461445024121889e-07
5.283000000000000000e+03 -1.237469028375505108e-07
5.284000000000000000e+03 -1.336683455408003980e-07
5.285000000000000000e+03 -1.433114987349749735e-07
5.286000000000000000e+03 -1.526783879948113577e-07
5.287000000000000000e+03 -1.617719574021874996e-07
5.288000000000000000e+03 -1.705959982297824565e-07
5.289000000000000000e+03 -1.791550730829232735e-07
5.290000000000000000e+03 -1.874544150247475256e-07
5.291000000000000000e+03 -1.954998691189626258e-07
5.292000000000000000e+03 -2.032977908299178302e-07
5.293000000000000000e+03 -2.108549583541322174e-07
5.294000000000000000e+03 -2.181784912237209271e-07
5.295000000000000000e+03 -2.252757589592507646e-07
5.296000000000000000e+03 -2.321542698010545416e-07
5.297000000000000000e+03 -2.388216050604903972e-07
5.298000000000000000e+03 -2.452853215127075231e-07
5.299000000000000000e+03 -2.515528438744012590e-07
5.300000000000000000e+03 -2.576313953473413079e-07
5.301000000000000000e+03 -2.635279117030941740e-07
5.302000000000000000e+03 -2.692489501785413187e-07
5.303000000000000000e+03 -2.748006241692114933e-07
5.304000000000000000e+03 -2.801885207383804322e-07
5.305000000000000000e+03 -2.854176383099769801e-07
5.306000000000000000e+03 -2.904923272855101100e-07
5.307000000000000000e+03 -2.954162072135772794e-07
5.308000000000000000e+03 -3.001921564266641828e-07
5.309000000000000000e+03 -3.048222365755939971e-07
5.310000000000000000e+03 -3.093076658084892508e-07
5.311000000000000000e+03 -3.136488085729893834e-07
5.312000000000000000e+03 -3.178451324851741466e-07
5.313000000000000000e+03 -3.218951829485099659e-07
5.314000000000000000e+03 -3.257965988778008498e-07
5.315000000000000000e+03 -3.295461021111277889e-07
5.316000000000000000e+03 -3.331395017248532294e-07
5.317000000000000000e+03 -3.365717158368769458e-07
5.318000000000000000e+03 -3.398367936191807316e-07
5.319000000000000000e+03 -3.429279387341901580e-07
5.320000000000000000e+03 -3.458375192060546661e-07
5.321000000000000000e+03 -3.485571310562560251e-07
5.322000000000000000e+03 -3.510776222472519290e-07
5.323000000000000000e+03 -3.533891420247528184e-07
5.324000000000000000e+03 -3.554811967024942408e-07
5.325000000000000000e+03 -3.573426969724551619e-07
5.326000000000000000e+03 -3.589620275597777908e-07
5.327000000000000000e+03 -3.603270918358413991e-07
5.328000000000000000e+03 -3.614253900008309731e-07
5.329000000000000000e+03 -3.622440891404079430e-07
5.330000000000000000e+03 -3.627701035752597940e-07
5.331000000000000000e+03 -3.629901412210091917e-07
5.332000000000000000e+03 -3.628907819379170577e-07
5.333000000000000000e+03 -3.624585755902566002e-07
5.334000000000000000e+03 -3.616800997307761220e-07
5.335000000000000000e+03 -3.605420603499088665e-07
5.336000000000000000e+03 -3.590313655524379930e-07
5.337000000000000000e+03 -3.571352032480915000e-07
5.338000000000000000e+03 -3.548411241947256424e-07
5.339000000000000000e+03 -3.521371248865833757e-07
5.340000000000000000e+03 -3.490117205785448033e-07
5.341000000000000000e+03 -3.454540136418076755e-07
5.342000000000000000e+03 -3.414537808594892326e-07
5.343000000000000000e+03 -3.370015598744355789e-07
5.344000000000000000e+03 -3.320887034428855343e-07
5.345000000000000000e+03 -3.267074357788153537e-07
5.346000000000000000e+03 -3.208509237985683467e-07
5.347000000000000000e+03 -3.145133415934681005e-07
5.348000000000000000e+03 -3.076899284123001969e-07
5.349000000000000000e+03 -3.003770179582674571e-07
5.350000000000000000e+03 -2.925721086413739852e-07
5.351000000000000000e+03 -2.842738821766441059e-07
5.352000000000000000e+03 -2.754822480543208361e-07
5.353000000000000000e+03 -2.661983785800270730e-07
5.354000000000000000e+03 -2.564247378632171467e-07
5.355000000000000000e+03 -2.461650902242895234e-07
5.356000000000000000e+03 -2.354245210350825049e-07
5.357000000000000000e+03 -2.242094338106492312e-07
5.358000000000000000e+03 -2.125275659194066907e-07
5.359000000000000000e+03 -2.003879976129588828e-07
5.360000000000000000e+03 -1.878011385580136586e-07
5.361000000000000000e+03 -1.747787078681138524e-07
5.362000000000000000e+03 -1.613337415050414037e-07
5.363000000000000000e+03 -1.474805619401508968e-07
5.364000000000000000e+03 -1.332347708379669959e-07
5.365000000000000000e+03 -1.186132169171782676e-07
5.366000000000000000e+03 -1.036339625697705370e-07
5.367000000000000000e+03 -8.831626256414063767e-08
5.368000000000000000e+03 -7.268054103612174987e-08
5.369000000000000000e+03 -5.674832594946096296e-08
5.370000000000000000e+03 -4.054220654077283219e-08
5.371000000000000000e+03 -2.408580917821168230e-08
5.372000000000000000e+03 -7.403745720583026011e-09
5.373000000000000000e+03 9.478430056712103654e-09
5.374000000000000000e+03 2.653429016873825501e-08
5.375000000000000000e+03 4.373661070211442234e-08
5.376000000000000000e+03 6.105744194661796271e-08
5.377000000000000000e+03 7.846815457818635844e-08
5.378000000000000000e+03 9.593951908057436613e-08
5.379000000000000000e+03 1.134417809697860475e-07
5.380000000000000000e+03 1.309447419423607342e-07
5.381000000000000000e+03 1.484178346306445431e-07
5.382000000000000000e+03 1.658302153401898811e-07
5.383000000000000000e+03 1.831508508078137685e-07
5.384000000000000000e+03 2.003485996522750496e-07
5.385000000000000000e+03 2.173923028362204152e-07
5.386000000000000000e+03 2.342508658552559011e-07
5.387000000000000000e+03 2.508933657051739563e-07
5.388000000000000000e+03 2.672891364861591616e-07
5.389000000000000000e+03 2.834078751808006539e-07
5.390000000000000000e+03 2.992197558089018135e-07
5.391000000000000000e+03 3.146954856912757766e-07
5.392000000000000000e+03 3.298064041822054609e-07
5.393000000000000000e+03 3.445245825827487304e-07
5.394000000000000000e+03 3.588229186200423879e-07
5.395000000000000000e+03 3.726752184177496519e-07
5.396000000000000000e+03 3.860562754920631884e-07
5.397000000000000000e+03 3.989419764208471209e-07
5.398000000000000000e+03 4.113093580923077934e-07
5.399000000000000000e+03 4.231366958374106442e-07
5.400000000000000000e+03 4.344035616082208742e-07
5.401000000000000000e+03 4.450908996240768315e-07
5.402000000000000000e+03 4.551810875066836238e-07
5.403000000000000000e+03 4.646579763537747947e-07
5.404000000000000000e+03 4.735069607555372887e-07
5.405000000000000000e+03 4.817150009588947347e-07
5.406000000000000000e+03 4.892706854462796202e-07
5.407000000000000000e+03 4.961642461939228075e-07
5.408000000000000000e+03 5.023875901934943339e-07
5.409000000000000000e+03 5.079343108610574705e-07
5.410000000000000000e+03 5.127997018613537995e-07
5.411000000000000000e+03 5.169807588581939409e-07
5.412000000000000000e+03 5.204761742921841249e-07
5.413000000000000000e+03 5.232863372689184781e-07
5.414000000000000000e+03 5.254133047926322153e-07
5.415000000000000000e+03 5.268607654077883058e-07
5.416000000000000000e+03 5.276340148534627441e-07
5.417000000000000000e+03 5.277399089537285755e-07
5.418000000000000000e+03 5.271868287682962378e-07
5.419000000000000000e+03 5.259846161164795418e-07
5.420000000000000000e+03 5.241444994530301142e-07
5.421000000000000000e+03 5.216790312050877223e-07
5.422000000000000000e+03 5.186020128105480530e-07
5.423000000000000000e+03 5.149284242951757551e-07
5.424000000000000000e+03 5.106743334476378553e-07
5.425000000000000000e+03 5.058567999962808806e-07
5.426000000000000000e+03 5.004937993782992810e-07
5.427000000000000000e+03 4.946041144249285732e-07
5.428000000000000000e+03 4.882072525364138817e-07
5.429000000000000000e+03 4.813233342486396349e-07
5.430000000000000000e+03 4.739729982656653437e-07
5.431000000000000000e+03 4.661773192798912627e-07
5.432000000000000000e+03 4.579577102064333747e-07
5.433000000000000000e+03 4.493358034396096176e-07
5.434000000000000000e+03 4.403333803955284454e-07
5.435000000000000000e+03 4.309722992144795175e-07
5.436000000000000000e+03 4.212743796763596358e-07
5.437000000000000000e+03 4.112613534029435546e-07
5.438000000000000000e+03 4.009547749062896849e-07
5.439000000000000000e+03 3.903759406322681886e-07
5.440000000000000000e+03 3.795458316772477325e-07
5.441000000000000000e+03 3.684850370762524295e-07
5.442000000000000000e+03 3.572137023812658243e-07
5.443000000000000000e+03 3.457514794668550209e-07
5.444000000000000000e+03 3.341175039936710511e-07
5.445000000000000000e+03 3.223303416092066044e-07
5.446000000000000000e+03 3.104079591481407084e-07
5.447000000000000000e+03 2.983676915617610182e-07
5.448000000000000000e+03 2.862262281281014163e-07
5.449000000000000000e+03 2.739995961468379346e-07
5.450000000000000000e+03 2.617031462323817399e-07
5.451000000000000000e+03 2.493515426354356744e-07
5.452000000000000000e+03 2.369587770702780419e-07
5.453000000000000000e+03 2.245381948610924874e-07
5.454000000000000000e+03 2.121024743528877972e-07
5.455000000000000000e+03 1.996636615768640280e-07
5.456000000000000000e+03 1.872331858704212764e-07
5.457000000000000000e+03 1.748218887631313885e-07
5.458000000000000000e+03 1.624400449629775086e-07
5.459000000000000000e+03 1.500973874432853738e-07
5.460000000000000000e+03 1.378031679029640450e-07
5.461000000000000000e+03 1.255661935412592541e-07
5.462000000000000000e+03 1.133948649683080544e-07
5.463000000000000000e+03 1.012972146099964340e-07
5.464000000000000000e+03 8.928095149571169715e-08
5.465000000000000000e+03 7.735351380777693991e-08
5.466000000000000000e+03 6.552211057777639146e-08
5.467000000000000000e+03 5.379376833089727614e-08
5.468000000000000000e+03 4.217538925949131649e-08
5.469000000000000000e+03 3.067378797999202216e-08
5.470000000000000000e+03 1.929573689645864463e-08
5.471000000000000000e+03 8.047990861546572709e-09
5.472000000000000000e+03 -3.062658830717604213e-09
5.473000000000000000e+03 -1.402933237704551748e-08
5.474000000000000000e+03 -2.484504346249988680e-08
5.475000000000000000e+03 -3.550267143913287069e-08
5.476000000000000000e+03 -4.599492980129804826e-08
5.477000000000000000e+03 -5.631434150235435972e-08
5.478000000000000000e+03 -6.645321803571003842e-08
5.479000000000000000e+03 -7.640365495572592499e-08
5.480000000000000000e+03 -8.615750426309580229e-08
5.481000000000000000e+03 -9.570638290615859273e-08
5.482000000000000000e+03 -1.050416597636011837e-07
5.483000000000000000e+03 -1.141544567797926172e-07
5.484000000000000000e+03 -1.230356705634207580e-07
5.485000000000000000e+03 -1.316759609995364726e-07
5.486000000000000000e+03 -1.400657806372184403e-07
5.487000000000000000e+03 -1.481953890825162750e-07
5.488000000000000000e+03 -1.560548649633692033e-07
5.489000000000000000e+03 -1.636341640717702207e-07
5.490000000000000000e+03 -1.709231388652518838e-07
5.491000000000000000e+03 -1.779115771899184313e-07
5.492000000000000000e+03 -1.845892309631020308e-07
5.493000000000000000e+03 -1.909458839683738783e-07
5.494000000000000000e+03 -1.969713920753047130e-07
5.495000000000000000e+03 -2.026557489443709269e-07
5.496000000000000000e+03 -2.079891150738768016e-07
5.497000000000000000e+03 -2.129618792601248331e-07
5.498000000000000000e+03 -2.175647335151677287e-07
5.499000000000000000e+03 -2.217887384235351390e-07
5.500000000000000000e+03 -2.256253908163571683e-07
5.501000000000000000e+03 -2.290666829510333799e-07
5.502000000000000000e+03 -2.321051571707048924e-07
5.503000000000000000e+03 -2.347339786688361037e-07
5.504000000000000000e+03 -2.369469846520534064e-07
5.505000000000000000e+03 -2.387387643686937439e-07
5.506000000000000000e+03 -2.401047352782009404e-07
5.507000000000000000e+03 -2.410411819614618995e-07
5.508000000000000000e+03 -2.415453223692321570e-07
5.509000000000000000e+03 -2.416153596716935424e-07
5.510000000000000000e+03 -2.412505314340798085e-07
5.511000000000000000e+03 -2.404511583776881044e-07
5.512000000000000000e+03 -2.392187092464686108e-07
5.513000000000000000e+03 -2.375558150461150979e-07
5.514000000000000000e+03 -2.354662966290897957e-07
5.515000000000000000e+03 -2.329552100188585579e-07
5.516000000000000000e+03 -2.300288818854639899e-07
5.517000000000000000e+03 -2.266949227778992176e-07
5.518000000000000000e+03 -2.229622454766335362e-07
5.519000000000000000e+03 -2.188410852683123350e-07
5.520000000000000000e+03 -2.143429845698594649e-07
5.521000000000000000e+03 -2.094808004929622539e-07
5.522000000000000000e+03 -2.042686931645122600e-07
5.523000000000000000e+03 -1.987221138877940096e-07
5.524000000000000000e+03 -1.928577999201999751e-07
5.525000000000000000e+03 -1.866937451939804104e-07
5.526000000000000000e+03 -1.802491690985611169e-07
5.527000000000000000e+03 -1.735445013570286750e-07
5.528000000000000000e+03 -1.666013134716468655e-07
5.529000000000000000e+03 -1.594422895080684890e-07
5.530000000000000000e+03 -1.520911844101579312e-07
5.531000000000000000e+03 -1.445727585518938220e-07
5.532000000000000000e+03 -1.369127270719297389e-07
5.533000000000000000e+03 -1.291376727891135517e-07
5.534000000000000000e+03 -1.212749848772051349e-07
5.535000000000000000e+03 -1.133527774819283100e-07
5.536000000000000000e+03 -1.053998041942964222e-07
5.537000000000000000e+03 -9.744536892844883588e-08
5.538000000000000000e+03 -8.951923474554990096e-08
5.539000000000000000e+03 -8.165150491194072092e-08
5.540000000000000000e+03 -7.387253887825260385e-08
5.541000000000000000e+03 -6.621282470248294548e-08
5.542000000000000000e+03 -5.870287852419568369e-08
5.543000000000000000e+03 -5.137311704340728905e-08
5.544000000000000000e+03 -4.425374236245727403e-08
5.545000000000000000e+03 -3.737462553065858936e-08
5.546000000000000000e+03 -3.076516862933912556e-08
5.547000000000000000e+03 -2.445417969749351156e-08
5.548000000000000000e+03 -1.846974623766844632e-08
5.549000000000000000e+03 -1.283909695446452570e-08
5.550000000000000000e+03 -7.588494616272457836e-09
5.551000000000000000e+03 -2.743111801807657031e-09
5.552000000000000000e+03 1.673095539982033975e-09
5.553000000000000000e+03 5.637521779138687286e-09
5.554000000000000000e+03 9.129013273501002220e-09
5.555000000000000000e+03 1.212798986754096249e-08
5.556000000000000000e+03 1.461654683280832129e-08
5.557000000000000000e+03 1.657856699411555297e-08
5.558000000000000000e+03 1.799982460222253112e-08
5.559000000000000000e+03 1.886804837482193521e-08
5.560000000000000000e+03 1.917302395748445845e-08
5.561000000000000000e+03 1.890665770995002016e-08
5.562000000000000000e+03 1.806306349334322406e-08
5.563000000000000000e+03 1.663861709299128511e-08
5.564000000000000000e+03 1.463202026373115906e-08
5.565000000000000000e+03 1.204434123961539156e-08
5.566000000000000000e+03 8.879026800286340055e-09
5.567000000000000000e+03 5.141932743117558582e-09
5.568000000000000000e+03 8.413552505472293100e-10
5.569000000000000000e+03 -4.011959742569978559e-09
5.570000000000000000e+03 -9.404855276057979173e-09
5.571000000000000000e+03 -1.532176644918222177e-08
5.572000000000000000e+03 -2.174476156837277966e-08
5.573000000000000000e+03 -2.865358941948789331e-08
5.574000000000000000e+03 -3.602572849663964388e-08
5.575000000000000000e+03 -4.383645638899777935e-08
5.576000000000000000e+03 -5.205891060070897100e-08
5.577000000000000000e+03 -6.066418541312572445e-08
5.578000000000000000e+03 -6.962143692872435681e-08
5.579000000000000000e+03 -7.889799929002282961e-08
5.580000000000000000e+03 -8.845950724474905608e-08
5.581000000000000000e+03 -9.826999994067535341e-08
5.582000000000000000e+03 -1.082920769287693889e-07
5.583000000000000000e+03 -1.184870355999481182e-07
5.584000000000000000e+03 -1.288150261202840195e-07
5.585000000000000000e+03 -1.392352133294440093e-07
5.586000000000000000e+03 -1.497059322770197651e-07
5.587000000000000000e+03 -1.601848515999722733e-07
5.588000000000000000e+03 -1.706291407663398940e-07
5.589000000000000000e+03 -1.809956537113698742e-07
5.590000000000000000e+03 -1.912411014768521869e-07
5.591000000000000000e+03 -2.013222290858928909e-07
5.592000000000000000e+03 -2.111959946832248605e-07
5.593000000000000000e+03 -2.208197400749091301e-07
5.594000000000000000e+03 -2.301513858834204249e-07
5.595000000000000000e+03 -2.391496037250575128e-07
5.596000000000000000e+03 -2.477739910131327424e-07
5.597000000000000000e+03 -2.559852481218032570e-07
5.598000000000000000e+03 -2.637453419015948953e-07
5.599000000000000000e+03 -2.710176728534637007e-07
5.600000000000000000e+03 -2.777672266533624382e-07
5.601000000000000000e+03 -2.839607261554519295e-07
5.602000000000000000e+03 -2.895668030166646998e-07
5.603000000000000000e+03 -2.945561189494621123e-07
5.604000000000000000e+03 -2.989014979257011195e-07
5.605000000000000000e+03 -3.025780683018818871e-07
5.606000000000000000e+03 -3.055633531384047911e-07
5.607000000000000000e+03 -3.078373927778761464e-07
5.608000000000000000e+03 -3.093828391651175951e-07
5.609000000000000000e+03 -3.101850233342108240e-07
5.610000000000000000e+03 -3.102320377599026617e-07
5.611000000000000000e+03 -3.095148012224675079e-07
5.612000000000000000e+03 -3.080271110582592322e-07
5.613000000000000000e+03 -3.057656650243349544e-07
5.614000000000000000e+03 -3.027301004965351643e-07
5.615000000000000000e+03 -2.989229999262493800e-07
5.616000000000000000e+03 -2.943499056718465340e-07
5.617000000000000000e+03 -2.890193089953040606e-07
5.618000000000000000e+03 -2.829426363716769961e-07
5.619000000000000000e+03 -2.761342323644311319e-07
5.620000000000000000e+03 -2.686112985758375794e-07
5.621000000000000000e+03 -2.603938394754965237e-07
5.622000000000000000e+03 -2.515046003101970238e-07
5.623000000000000000e+03 -2.419690040585120589e-07
5.624000000000000000e+03 -2.318150623520142153e-07
5.625000000000000000e+03 -2.210732756416473648e-07
5.626000000000000000e+03 -2.097765163933265560e-07
5.627000000000000000e+03 -1.979599375463013012e-07
5.628000000000000000e+03 -1.856608448818877713e-07
5.629000000000000000e+03 -1.729185466610745224e-07
5.630000000000000000e+03 -1.597742202755643445e-07
5.631000000000000000e+03 -1.462707670562216019e-07
5.632000000000000000e+03 -1.324526559104599332e-07
5.633000000000000000e+03 -1.183657396778536625e-07
5.634000000000000000e+03 -1.040570917050720939e-07
5.635000000000000000e+03 -8.957482665048724732e-08
5.636000000000000000e+03 -7.496790977254661767e-08
5.637000000000000000e+03 -6.028598441466013156e-08
5.638000000000000000e+03 -4.557916404321486000e-08
5.639000000000000000e+03 -3.089784453950001320e-08
5.640000000000000000e+03 -1.629250275048948101e-08
5.641000000000000000e+03 -1.813488532447492785e-09
5.642000000000000000e+03 1.248917145692047533e-08
5.643000000000000000e+03 2.656596314159655151e-08
5.644000000000000000e+03 4.036809883636763053e-08
5.645000000000000000e+03 5.384772241422862259e-08
5.646000000000000000e+03 6.695810813422967291e-08
5.647000000000000000e+03 7.965382633627205083e-08
5.648000000000000000e+03 9.189095963861070562e-08
5.649000000000000000e+03 1.036272929535839274e-07
5.650000000000000000e+03 1.148224870175971364e-07
5.651000000000000000e+03 1.254382530704001434e-07
5.652000000000000000e+03 1.354385263379088129e-07
5.653000000000000000e+03 1.447896219674510584e-07
5.654000000000000000e+03 1.534603987018440490e-07
5.655000000000000000e+03 1.614224022220347617e-07
5.656000000000000000e+03 1.686499884191795335e-07
5.657000000000000000e+03 1.751204335545602310e-07
5.658000000000000000e+03 1.808140641393391045e-07
5.659000000000000000e+03 1.857143518996003883e-07
5.660000000000000000e+03 1.898079860143983460e-07
5.661000000000000000e+03 1.930849509167039636e-07
5.662000000000000000e+03 1.955385580813872927e-07
5.663000000000000000e+03 1.971654978587648915e-07
5.664000000000000000e+03 1.979658661239925781e-07
5.665000000000000000e+03 1.979431796387498238e-07
5.666000000000000000e+03 1.971043552260707973e-07
5.667000000000000000e+03 1.954596890916219274e-07
5.668000000000000000e+03 1.930228226797339976e-07
5.669000000000000000e+03 1.898106895619972697e-07
5.670000000000000000e+03 1.858434345902510625e-07
5.671000000000000000e+03 1.811443413581478079e-07
5.672000000000000000e+03 1.757397365699276861e-07
5.673000000000000000e+03 1.696588696990577459e-07
5.674000000000000000e+03 1.629337918407630022e-07
5.675000000000000000e+03 1.555992362281341349e-07
5.676000000000000000e+03 1.476924632098414628e-07
5.677000000000000000e+03 1.392530891609676414e-07
5.678000000000000000e+03 1.303229273790161104e-07
5.679000000000000000e+03 1.209458149593631117e-07
5.680000000000000000e+03 1.111674120132647124e-07
5.681000000000000000e+03 1.010350127778742903e-07
5.682000000000000000e+03 9.059733516202427194e-08
5.683000000000000000e+03 7.990431078232865453e-08
5.684000000000000000e+03 6.900688906399362848e-08
5.685000000000000000e+03 5.795681091942734423e-08
5.686000000000000000e+03 4.680639664085974415e-08
5.687000000000000000e+03 3.560830082013525716e-08
5.688000000000000000e+03 2.441527922000972756e-08
5.689000000000000000e+03 1.327999076668814717e-08
5.690000000000000000e+03 2.254766493876603797e-09
5.691000000000000000e+03 -8.608618060149431043e-09
5.692000000000000000e+03 -1.925918558266933222e-08
5.693000000000000000e+03 -2.964696577163519236e-08
5.694000000000000000e+03 -3.972320135340926947e-08
5.695000000000000000e+03 -4.944055225890926081e-08
5.696000000000000000e+03 -5.875329255591238579e-08
5.697000000000000000e+03 -6.761750371860991538e-08
5.698000000000000000e+03 -7.599126525977071497e-08
5.699000000000000000e+03 -8.383482894720023865e-08
5.700000000000000000e+03 -9.111077146697900885e-08
5.701000000000000000e+03 -9.778415215639308574e-08
5.702000000000000000e+03 -1.038226534266439984e-07
5.703000000000000000e+03 -1.091967138189798376e-07
5.704000000000000000e+03 -1.138796422231656891e-07
5.705000000000000000e+03 -1.178477115944289103e-07
5.706000000000000000e+03 -1.210802514928640737e-07
5.707000000000000000e+03 -1.235597232374755637e-07
5.708000000000000000e+03 -1.252717774680359927e-07
5.709000000000000000e+03 -1.262052853537777752e-07
5.710000000000000000e+03 -1.263523713622803735e-07
5.711000000000000000e+03 -1.257084352364799185e-07
5.712000000000000000e+03 -1.242721363647261200e-07
5.713000000000000000e+03 -1.220454042908390477e-07
5.714000000000000000e+03 -1.190334042737320916e-07
5.715000000000000000e+03 -1.152444859453884628e-07
5.716000000000000000e+03 -1.106901263172940564e-07
5.717000000000000000e+03 -1.053848473537012268e-07
5.718000000000000000e+03 -9.934614535706796140e-08
5.719000000000000000e+03 -9.259436762970432700e-08
5.720000000000000000e+03 -8.515261842139849312e-08
5.721000000000000000e+03 -7.704663868901099551e-08
5.722000000000000000e+03 -6.830466621676328295e-08
5.723000000000000000e+03 -5.895727305291129027e-08
5.724000000000000000e+03 -4.903720861393242933e-08
5.725000000000000000e+03 -3.857924498756185676e-08
5.726000000000000000e+03 -2.762000078307937413e-08
5.727000000000000000e+03 -1.619775143717058904e-08
5.728000000000000000e+03 -4.352247117442595496e-09
5.729000000000000000e+03 7.875471983328751418e-09
5.730000000000000000e+03 2.044328460081384105e-08
5.731000000000000000e+03 3.330819103985839352e-08
5.732000000000000000e+03 4.642651075356776379e-08
5.733000000000000000e+03 5.975408478081558467e-08
5.734000000000000000e+03 7.324648027592816948e-08
5.735000000000000000e+03 8.685919084793837066e-08
5.736000000000000000e+03 1.005478469248870727e-07
5.737000000000000000e+03 1.142684019186073107e-07
5.738000000000000000e+03 1.279773314082963153e-07
5.739000000000000000e+03 1.416318045186461990e-07
5.740000000000000000e+03 1.551898609584543052e-07
5.741000000000000000e+03 1.686106110130296616e-07
5.742000000000000000e+03 1.818543817829184963e-07
5.743000000000000000e+03 1.948828708526077115e-07
5.744000000000000000e+03 2.076593081731492566e-07
5.745000000000000000e+03 2.201485779609223196e-07
5.746000000000000000e+03 2.323173407092030753e-07
5.747000000000000000e+03 2.441341454867056650e-07
5.748000000000000000e+03 2.555695223655494212e-07
5.749000000000000000e+03 2.665960783662439493e-07
5.750000000000000000e+03 2.771885723781676703e-07
5.751000000000000000e+03 2.873239699007076840e-07
5.752000000000000000e+03 2.969814857495820614e-07
5.753000000000000000e+03 3.061426135472736678e-07
5.754000000000000000e+03 3.147911375749827169e-07
5.755000000000000000e+03 3.229131655175372539e-07
5.756000000000000000e+03 3.304970840480861250e-07
5.757000000000000000e+03 3.375335356850378340e-07
5.758000000000000000e+03 3.440153865822328962e-07
5.759000000000000000e+03 3.499376930497483804e-07
5.760000000000000000e+03 3.552976284018575600e-07
5.761000000000000000e+03 3.600944164809088009e-07
5.762000000000000000e+03 3.643292414035440524e-07
5.763000000000000000e+03 3.680051409466425631e-07
5.764000000000000000e+03 3.711269236372972900e-07
5.765000000000000000e+03 3.737010361486568934e-07
5.766000000000000000e+03 3.757354506220292463e-07
5.767000000000000000e+03 3.772395502763971910e-07
5.768000000000000000e+03 3.782239854814559205e-07
5.769000000000000000e+03 3.787005340123319538e-07
5.770000000000000000e+03 3.786819561823138379e-07
5.771000000000000000e+03 3.781818666852254161e-07
5.772000000000000000e+03 3.772145745249748706e-07
5.773000000000000000e+03 3.757949331019293570e-07
5.774000000000000000e+03 3.739382033632017637e-07
5.775000000000000000e+03 3.716599120487950063e-07
5.776000000000000000e+03 3.689757137640969595e-07
5.777000000000000000e+03 3.659012413165848268e-07
5.778000000000000000e+03 3.624519827106456174e-07
5.779000000000000000e+03 3.586431553405602874e-07
5.780000000000000000e+03 3.544895677070419170e-07
5.781000000000000000e+03 3.500055288736607772e-07
5.782000000000000000e+03 3.452047318437431805e-07
5.783000000000000000e+03 3.401001475204947964e-07
5.784000000000000000e+03 3.347039287959083224e-07
5.785000000000000000e+03 3.290273362421745018e-07
5.786000000000000000e+03 3.230806796527651268e-07
5.787000000000000000e+03 3.168732350914653044e-07
5.788000000000000000e+03 3.104131855849559219e-07
5.789000000000000000e+03 3.037076082365269257e-07
5.790000000000000000e+03 2.967624588145795560e-07
5.791000000000000000e+03 2.895825252277788895e-07
5.792000000000000000e+03 2.821714227985164500e-07
5.793000000000000000e+03 2.745315909011793244e-07
5.794000000000000000e+03 2.666643412756865175e-07
5.795000000000000000e+03 2.585698739454707566e-07
5.796000000000000000e+03 2.502473147617053941e-07
5.797000000000000000e+03 2.416947648855509356e-07
5.798000000000000000e+03 2.329093666332510318e-07
5.799000000000000000e+03 2.238873785925884781e-07
5.800000000000000000e+03 2.146242550894205290e-07
5.801000000000000000e+03 2.051147426307137403e-07
5.802000000000000000e+03 1.953529922336102705e-07
5.803000000000000000e+03 1.853326647724429428e-07
5.804000000000000000e+03 1.750470408281133598e-07
5.805000000000000000e+03 1.644891408518081382e-07
5.806000000000000000e+03 1.536518660033891595e-07
5.807000000000000000e+03 1.425281316150646792e-07
5.808000000000000000e+03 1.311109989090292288e-07
5.809000000000000000e+03 1.193938033639278021e-07
5.810000000000000000e+03 1.073703114607697812e-07
5.811000000000000000e+03 9.503488591007382108e-08
5.812000000000000000e+03 8.238260399741137144e-08
5.813000000000000000e+03 6.940941766471409517e-08
5.814000000000000000e+03 5.611228275907732099e-08
5.815000000000000000e+03 4.248933227757188034e-08
5.816000000000000000e+03 2.853998986931818815e-08
5.817000000000000000e+03 1.426512173858724743e-08
5.818000000000000000e+03 -3.328404499244722570e-10
5.819000000000000000e+03 -1.524978991648439449e-08
5.820000000000000000e+03 -3.047980857776807926e-08
5.821000000000000000e+03 -4.601506509284287402e-08
5.822000000000000000e+03 -6.184571711790250211e-08
5.823000000000000000e+03 -7.795982052685313014e-08
5.824000000000000000e+03 -9.434326648551950894e-08
5.825000000000000000e+03 -1.109796921536577584e-07
5.826000000000000000e+03 -1.278504364987731706e-07
5.827000000000000000e+03 -1.449344835023080056e-07
5.828000000000000000e+03 -1.622084476027065046e-07
5.829000000000000000e+03 -1.796465674160403075e-07
5.830000000000000000e+03 -1.972206897873328737e-07
5.831000000000000000e+03 -2.149002965235771775e-07
5.832000000000000000e+03 -2.326525139951989075e-07
5.833000000000000000e+03 -2.504421780084905233e-07
5.834000000000000000e+03 -2.682318882840566613e-07
5.835000000000000000e+03 -2.859820970553409048e-07
5.836000000000000000e+03 -3.036512034659149913e-07
5.837000000000000000e+03 -3.211956491748715239e-07
5.838000000000000000e+03 -3.385700640836455234e-07
5.839000000000000000e+03 -3.557273753898698667e-07
5.840000000000000000e+03 -3.726189853816135765e-07
5.841000000000000000e+03 -3.891949343141945476e-07
5.842000000000000000e+03 -4.054041047730281833e-07
5.843000000000000000e+03 -4.211944008604681616e-07
5.844000000000000000e+03 -4.365129502563189889e-07
5.845000000000000000e+03 -4.513063368509766062e-07
5.846000000000000000e+03 -4.655208452795889497e-07
5.847000000000000000e+03 -4.791026859349102805e-07
5.848000000000000000e+03 -4.919982471977454585e-07
5.849000000000000000e+03 -5.041543487394651307e-07
5.850000000000000000e+03 -5.155185264832963002e-07
5.851000000000000000e+03 -5.260393015160301231e-07
5.852000000000000000e+03 -5.356664563864674512e-07
5.853000000000000000e+03 -5.443512868190770817e-07
5.854000000000000000e+03 -5.520468997693818876e-07
5.855000000000000000e+03 -5.587084687827123948e-07
5.856000000000000000e+03 -5.642935204746931881e-07
5.857000000000000000e+03 -5.687622081473337393e-07
5.858000000000000000e+03 -5.720775614800682229e-07
5.859000000000000000e+03 -5.742057247900166762e-07
5.860000000000000000e+03 -5.751162105780144829e-07
5.861000000000000000e+03 -5.747821298037658255e-07
5.862000000000000000e+03 -5.731804187058614423e-07
5.863000000000000000e+03 -5.702920345538233603e-07
5.864000000000000000e+03 -5.661021331918806782e-07
5.865000000000000000e+03 -5.606002613157361610e-07
5.866000000000000000e+03 -5.537804968717276360e-07
5.867000000000000000e+03 -5.456415703154065204e-07
5.868000000000000000e+03 -5.361869895069316119e-07
5.869000000000000000e+03 -5.254251262170672958e-07
5.870000000000000000e+03 -5.133692850573917737e-07
5.871000000000000000e+03 -5.000377491236096455e-07
5.872000000000000000e+03 -4.854537991266268324e-07
5.873000000000000000e+03 -4.696456899918841101e-07
5.874000000000000000e+03 -4.526466316726127448e-07
5.875000000000000000e+03 -4.344947296988410096e-07
5.876000000000000000e+03 -4.152329021243762915e-07
5.877000000000000000e+03 -3.949087688160051889e-07
5.878000000000000000e+03 -3.735745241022203882e-07
5.879000000000000000e+03 -3.512867758338239634e-07
5.880000000000000000e+03 -3.281063771084342771e-07
5.881000000000000000e+03 -3.040981877751084327e-07
5.882000000000000000e+03 -2.793308513794799359e-07
5.883000000000000000e+03 -2.538765671552323750e-07
5.884000000000000000e+03 -2.278108070224789464e-07
5.885000000000000000e+03 -2.012120263584662528e-07
5.886000000000000000e+03 -1.741613560607974719e-07
5.887000000000000000e+03 -1.467422872305558172e-07
5.888000000000000000e+03 -1.190403376646474084e-07
5.889000000000000000e+03 -9.114268326739296136e-08
5.890000000000000000e+03 -6.313781132077530320e-08
5.891000000000000000e+03 -3.511514322648290838e-08
5.892000000000000000e+03 -7.164650877614293507e-09
5.893000000000000000e+03 2.062351991510082140e-08
5.894000000000000000e+03 4.815944081075902858e-08
5.895000000000000000e+03 7.535378323647986742e-08
5.896000000000000000e+03 1.021182276477826255e-07
5.897000000000000000e+03 1.283658294256700958e-07
5.898000000000000000e+03 1.540114173443823336e-07
5.899000000000000000e+03 1.789719861280881882e-07
5.900000000000000000e+03 2.031670406529400539e-07
5.901000000000000000e+03 2.265189501810994249e-07
5.902000000000000000e+03 2.489533065207354651e-07
5.903000000000000000e+03 2.703992805473867519e-07
5.904000000000000000e+03 2.907899305091205708e-07
5.905000000000000000e+03 3.100624808530736238e-07
5.906000000000000000e+03 3.281586142383978961e-07
5.907000000000000000e+03 3.450247410310430637e-07
5.908000000000000000e+03 3.606122336023353443e-07
5.909000000000000000e+03 3.748776409639850573e-07
5.910000000000000000e+03 3.877828843302573273e-07
5.911000000000000000e+03 3.992954238154245916e-07
5.912000000000000000e+03 4.093884033176112219e-07
5.913000000000000000e+03 4.180407672776164575e-07
5.914000000000000000e+03 4.252373482289644702e-07
5.915000000000000000e+03 4.309689335859649996e-07
5.916000000000000000e+03 4.352322903235553187e-07
5.917000000000000000e+03 4.380301709088105476e-07
5.918000000000000000e+03 4.393713058557200298e-07
5.919000000000000000e+03 4.392703433800051477e-07
5.920000000000000000e+03 4.377477795321242581e-07
5.921000000000000000e+03 4.348298648553716355e-07
5.922000000000000000e+03 4.305484609559076766e-07
5.923000000000000000e+03 4.249408988778001688e-07
5.924000000000000000e+03 4.180497860266752703e-07
5.925000000000000000e+03 4.099228026347394456e-07
5.926000000000000000e+03 4.006124795822426970e-07
5.927000000000000000e+03 3.901759545141682735e-07
5.928000000000000000e+03 3.786746937630164035e-07
5.929000000000000000e+03 3.661741915103003048e-07
5.930000000000000000e+03 3.527436632569052191e-07
5.931000000000000000e+03 3.384557261248107105e-07
5.932000000000000000e+03 3.233860350465776033e-07
5.933000000000000000e+03 3.076129241244558268e-07
5.934000000000000000e+03 2.912170357766853531e-07
5.935000000000000000e+03 2.742809521550349854e-07
5.936000000000000000e+03 2.568887911606482964e-07
5.937000000000000000e+03 2.391258288368816856e-07
5.938000000000000000e+03 2.210780925667449596e-07
5.939000000000000000e+03 2.028319495589620708e-07
5.940000000000000000e+03 1.844737163856151541e-07
5.941000000000000000e+03 1.660892455901908668e-07
5.942000000000000000e+03 1.477635377412312928e-07
5.943000000000000000e+03 1.295803502231587166e-07
5.944000000000000000e+03 1.116218030745871722e-07
5.945000000000000000e+03 9.396800494226075808e-08
5.946000000000000000e+03 7.669669323986683978e-08
5.947000000000000000e+03 5.988289034997633757e-08
5.948000000000000000e+03 4.359855476041086047e-08
5.949000000000000000e+03 2.791226591713112468e-08
5.950000000000000000e+03 1.288893002423145500e-08
5.951000000000000000e+03 -1.410530125860038219e-09
5.952000000000000000e+03 -1.492941831086178493e-08
5.953000000000000000e+03 -2.761550631089660279e-08
5.954000000000000000e+03 -3.942127559987059050e-08
5.955000000000000000e+03 -5.030408555435758247e-08
5.956000000000000000e+03 -6.022636490939144302e-08
5.957000000000000000e+03 -6.915576089943025011e-08
5.958000000000000000e+03 -7.706526506340989623e-08
5.959000000000000000e+03 -8.393328948713470032e-08
5.960000000000000000e+03 -8.974373021029690587e-08
5.961000000000000000e+03 -9.448602708405898903e-08
5.962000000000000000e+03 -9.815518417550436662e-08
5.963000000000000000e+03 -1.007517495098177528e-07
5.964000000000000000e+03 -1.022817628834364373e-07
5.965000000000000000e+03 -1.027567077124391944e-07
5.966000000000000000e+03 -1.021934070709066911e-07
5.967000000000000000e+03 -1.006139045432672117e-07
5.968000000000000000e+03 -9.804531420591331539e-08
5.969000000000000000e+03 -9.451967931893219290e-08
5.970000000000000000e+03 -9.007374793837912286e-08
5.971000000000000000e+03 -8.474878246736279339e-08
5.972000000000000000e+03 -7.859031688345257055e-08
5.973000000000000000e+03 -7.164789758796379535e-08
5.974000000000000000e+03 -6.397481260984119136e-08
5.975000000000000000e+03 -5.562780340727700605e-08
5.976000000000000000e+03 -4.666674740988682578e-08
5.977000000000000000e+03 -3.715436497139844055e-08
5.978000000000000000e+03 -2.715586591797035360e-08
5.979000000000000000e+03 -1.673860819574260665e-08
5.980000000000000000e+03 -5.971752730606318160e-09
5.981000000000000000e+03 5.074088201332546242e-09
5.982000000000000000e+03 1.632720469293400347e-08
5.983000000000000000e+03 2.771517969419451863e-08
5.984000000000000000e+03 3.916522838015885572e-08
5.985000000000000000e+03 5.060456283372578323e-08
5.986000000000000000e+03 6.196077302058597626e-08
5.987000000000000000e+03 7.316218459381546128e-08
5.988000000000000000e+03 8.413820177856876633e-08
5.989000000000000000e+03 9.481966513749009729e-08
5.990000000000000000e+03 1.051391650756656275e-07
5.991000000000000000e+03 1.150313605691585100e-07
5.992000000000000000e+03 1.244333110619133735e-07
5.993000000000000000e+03 1.332847778648331631e-07
5.994000000000000000e+03 1.415284869029409975e-07
5.995000000000000000e+03 1.491103889831038613e-07
5.996000000000000000e+03 1.559799118673927532e-07
5.997000000000000000e+03 1.620901805388413150e-07
5.998000000000000000e+03 1.673982313657361397e-07
5.999000000000000000e+03 1.718651831424450406e-07
6.000000000000000000e+03 1.754563944268923560e-07
6.001000000000000000e+03 1.781416112751505793e-07
6.002000000000000000e+03 1.798950868523985352e-07
6.003000000000000000e+03 1.806956704912699901e-07
6.004000000000000000e+03 1.805268899622617545e-07
6.005000000000000000e+03 1.793769823860144800e-07
6.006000000000000000e+03 1.772389088349923212e-07
6.007000000000000000e+03 1.741103754281064384e-07
6.008000000000000000e+03 1.699938064274233248e-07
6.009000000000000000e+03 1.648963031137308064e-07
6.010000000000000000e+03 1.588295644972362195e-07
6.011000000000000000e+03 1.518098014698053686e-07
6.012000000000000000e+03 1.438576375036611398e-07
6.013000000000000000e+03 1.349979830101402219e-07
6.014000000000000000e+03 1.252598700371416829e-07
6.015000000000000000e+03 1.146762909212761995e-07
6.016000000000000000e+03 1.032840339241527172e-07
6.017000000000000000e+03 9.112347894792742394e-08
6.018000000000000000e+03 7.823838046258870478e-08
6.019000000000000000e+03 6.467563529783929915e-08
6.020000000000000000e+03 5.048504566569379064e-08
6.021000000000000000e+03 3.571906116981754603e-08
6.022000000000000000e+03 2.043252277076808084e-08
6.023000000000000000e+03 4.682392659932365018e-09
6.024000000000000000e+03 -1.147254006939556162e-08
6.025000000000000000e+03 -2.797193597735744618e-08
6.026000000000000000e+03 -4.475419154481330850e-08
6.027000000000000000e+03 -6.175673565413569228e-08
6.028000000000000000e+03 -7.891634099184919672e-08
6.029000000000000000e+03 -9.616941032524681872e-08
6.030000000000000000e+03 -1.134522693506497352e-07
6.031000000000000000e+03 -1.307014818856060316e-07
6.032000000000000000e+03 -1.478541373743443472e-07
6.033000000000000000e+03 -1.648481279565637891e-07
6.034000000000000000e+03 -1.816224273269694055e-07
6.035000000000000000e+03 -1.981173848309333819e-07
6.036000000000000000e+03 -2.142749919630715361e-07
6.037000000000000000e+03 -2.300390984587012669e-07
6.038000000000000000e+03 -2.453556706550847307e-07
6.039000000000000000e+03 -2.601730220039203697e-07
6.040000000000000000e+03 -2.744420483230228755e-07
6.041000000000000000e+03 -2.881164103575142525e-07
6.042000000000000000e+03 -3.011527246516774520e-07
6.043000000000000000e+03 -3.135107200462497169e-07
6.044000000000000000e+03 -3.251534104656353507e-07
6.045000000000000000e+03 -3.360472279090112953e-07
6.046000000000000000e+03 -3.461621360381955115e-07
6.047000000000000000e+03 -3.554717253553857524e-07
6.048000000000000000e+03 -3.639532798191149626e-07
6.049000000000000000e+03 -3.715878517598924681e-07
6.050000000000000000e+03 -3.783603067150566969e-07
6.051000000000000000e+03 -3.842593332448277698e-07
6.052000000000000000e+03 -3.892774422850341448e-07
6.053000000000000000e+03 -3.934109550577759026e-07
6.054000000000000000e+03 -3.966599647136087225e-07
6.055000000000000000e+03 -3.990282677308226810e-07
6.056000000000000000e+03 -4.005233078000874377e-07
6.057000000000000000e+03 -4.011560735129214588e-07
6.058000000000000000e+03 -4.009409816428307743e-07
6.059000000000000000e+03 -3.998957452891262240e-07
6.060000000000000000e+03 -3.980412212260744352e-07
6.061000000000000000e+03 -3.954012583918173418e-07
6.062000000000000000e+03 -3.920025215772064751e-07
6.063000000000000000e+03 -3.878743066047497552e-07
6.064000000000000000e+03 -3.830483377972547084e-07
6.065000000000000000e+03 -3.775585615426288624e-07
6.066000000000000000e+03 -3.714409365670167755e-07
6.067000000000000000e+03 -3.647331867503933444e-07
6.068000000000000000e+03 -3.574745630902638736e-07
6.069000000000000000e+03 -3.497056176917599580e-07
6.070000000000000000e+03 -3.414679595273198395e-07
6.071000000000000000e+03 -3.328040161050519629e-07
6.072000000000000000e+03 -3.237567863035376148e-07
6.073000000000000000e+03 -3.143695949507235293e-07
6.074000000000000000e+03 -3.046858575455093517e-07
6.075000000000000000e+03 -2.947488209303777302e-07
6.076000000000000000e+03 -2.846013504990575926e-07
6.077000000000000000e+03 -2.742857013577027804e-07
6.078000000000000000e+03 -2.638433021191774025e-07
6.079000000000000000e+03 -2.533145235267784511e-07
6.080000000000000000e+03 -2.427385149701222643e-07
6.081000000000000000e+03 -2.321530148416859977e-07
6.082000000000000000e+03 -2.215941632743193239e-07
6.083000000000000000e+03 -2.110963386131456653e-07
6.084000000000000000e+03 -2.006920220223137679e-07
6.085000000000000000e+03 -1.904116719060225673e-07
6.086000000000000000e+03 -1.802836083786749024e-07
6.087000000000000000e+03 -1.703339125643122160e-07
6.088000000000000000e+03 -1.605863419900636709e-07
6.089000000000000000e+03 -1.510622523548250337e-07
6.090000000000000000e+03 -1.417805369452827888e-07
6.091000000000000000e+03 -1.327576023181816952e-07
6.092000000000000000e+03 -1.240073474234303887e-07
6.093000000000000000e+03 -1.155411458427679762e-07
6.094000000000000000e+03 -1.073678579799080741e-07
6.095000000000000000e+03 -9.949383726533802891e-08
6.096000000000000000e+03 -9.192300240057188893e-08
6.097000000000000000e+03 -8.465685812244439885e-08
6.098000000000000000e+03 -7.769453583768449862e-08
6.099000000000000000e+03 -7.103288846239006033e-08
6.100000000000000000e+03 -6.466656844035591270e-08
6.101000000000000000e+03 -5.858809282258086413e-08
6.102000000000000000e+03 -5.278796499528594537e-08
6.103000000000000000e+03 -4.725477823800112805e-08
6.104000000000000000e+03 -4.197533022754740374e-08
6.105000000000000000e+03 -3.693475061930805261e-08
6.106000000000000000e+03 -3.211662411753878657e-08
6.107000000000000000e+03 -2.750313513920108505e-08
6.108000000000000000e+03 -2.307519267905539320e-08
6.109000000000000000e+03 -1.881258806777908556e-08
6.110000000000000000e+03 -1.469412318340431705e-08
6.111000000000000000e+03 -1.069778123446682509e-08
6.112000000000000000e+03 -6.800864195802916715e-09
6.113000000000000000e+03 -2.980149839698691606e-09
6.114000000000000000e+03 7.879726577729005519e-10
6.115000000000000000e+03 4.527333136318895155e-09
6.116000000000000000e+03 8.261847027951179674e-09
6.117000000000000000e+03 1.201536713505059884e-08
6.118000000000000000e+03 1.581153019533881942e-08
6.119000000000000000e+03 1.967361758889451319e-08
6.120000000000000000e+03 2.362441676330899855e-08
6.121000000000000000e+03 2.768606896572171752e-08
6.122000000000000000e+03 3.187996636822827802e-08
6.123000000000000000e+03 3.622663424546752748e-08
6.124000000000000000e+03 4.074560400425999921e-08
6.125000000000000000e+03 4.545529803794709068e-08
6.126000000000000000e+03 5.037292185785527723e-08
6.127000000000000000e+03 5.551437513088595342e-08
6.128000000000000000e+03 6.089416177746039156e-08
6.129000000000000000e+03 6.652529297409575970e-08
6.130000000000000000e+03 7.241921744663733759e-08
6.131000000000000000e+03 7.858575425910868293e-08
6.132000000000000000e+03 8.503302434279597963e-08
6.133000000000000000e+03 9.176740388058880252e-08
6.134000000000000000e+03 9.879349038293989694e-08
6.135000000000000000e+03 1.061140446928525366e-07
6.136000000000000000e+03 1.137299822293456592e-07
6.137000000000000000e+03 1.216403471154526925e-07
6.138000000000000000e+03 1.298422817961494207e-07
6.139000000000000000e+03 1.383310609312675968e-07
6.140000000000000000e+03 1.471000825839506217e-07
6.141000000000000000e+03 1.561408981744306816e-07
6.142000000000000000e+03 1.654432229002137711e-07
6.143000000000000000e+03 1.749949819931670387e-07
6.144000000000000000e+03 1.847823487718769430e-07
6.145000000000000000e+03 1.947897884331506904e-07
6.146000000000000000e+03 2.050001219729590176e-07
6.147000000000000000e+03 2.153946196185600754e-07
6.148000000000000000e+03 2.259530661763155059e-07
6.149000000000000000e+03 2.366538470706700998e-07
6.150000000000000000e+03 2.474740293460404170e-07
6.151000000000000000e+03 2.583894556555262173e-07
6.152000000000000000e+03 2.693748678395739311e-07
6.153000000000000000e+03 2.804040090523110412e-07
6.154000000000000000e+03 2.914497267626635336e-07
6.155000000000000000e+03 3.024840887145536580e-07
6.156000000000000000e+03 3.134784866124673283e-07
6.157000000000000000e+03 3.244037755473447516e-07
6.158000000000000000e+03 3.352303863576738916e-07
6.159000000000000000e+03 3.459284485024542893e-07
6.160000000000000000e+03 3.564679157105174103e-07
6.161000000000000000e+03 3.668186838014264555e-07
6.162000000000000000e+03 3.769507091013820896e-07
6.163000000000000000e+03 3.868341261981003222e-07
6.164000000000000000e+03 3.964393459958512640e-07
6.165000000000000000e+03 4.057371993247277450e-07
6.166000000000000000e+03 4.146990396869496849e-07
6.167000000000000000e+03 4.232968299079136755e-07
6.168000000000000000e+03 4.315032633280411934e-07
6.169000000000000000e+03 4.392918331858404483e-07
6.170000000000000000e+03 4.466369436736970872e-07
6.171000000000000000e+03 4.535140004753719832e-07
6.172000000000000000e+03 4.598994692803737967e-07
6.173000000000000000e+03 4.657709644060600484e-07
6.174000000000000000e+03 4.711073198712058418e-07
6.175000000000000000e+03 4.758886298475499134e-07
6.176000000000000000e+03 4.800963217237884486e-07
6.177000000000000000e+03 4.837131858084317445e-07
6.178000000000000000e+03 4.867234038041700258e-07
6.179000000000000000e+03 4.891126004323792691e-07
6.180000000000000000e+03 4.908678639941727656e-07
6.181000000000000000e+03 4.919777638002209572e-07
6.182000000000000000e+03 4.924323440196601135e-07
6.183000000000000000e+03 4.922231447622136282e-07
6.184000000000000000e+03 4.913431932193774502e-07
6.185000000000000000e+03 4.897870028238880079e-07
6.186000000000000000e+03 4.875505570878932245e-07
6.187000000000000000e+03 4.846312875613824968e-07
6.188000000000000000e+03 4.810280469756573546e-07
6.189000000000000000e+03 4.767410735101409390e-07
6.190000000000000000e+03 4.717719703192218308e-07
6.191000000000000000e+03 4.661236631711387658e-07
6.192000000000000000e+03 4.598003656343568197e-07
6.193000000000000000e+03 4.528075258424731155e-07
6.194000000000000000e+03 4.451517898350283367e-07
6.195000000000000000e+03 4.368409585995100880e-07
6.196000000000000000e+03 4.278839381716687318e-07
6.197000000000000000e+03 4.182906981752530884e-07
6.198000000000000000e+03 4.080722414790116936e-07
6.199000000000000000e+03 3.972405522073978893e-07
6.200000000000000000e+03 3.858085332180180326e-07
6.201000000000000000e+03 3.737899713711908691e-07
6.202000000000000000e+03 3.611995024134499355e-07
6.203000000000000000e+03 3.480525590806207166e-07
6.204000000000000000e+03 3.343653527201554814e-07
6.205000000000000000e+03 3.201548336471194341e-07
6.206000000000000000e+03 3.054386605261860489e-07
6.207000000000000000e+03 2.902351678645901154e-07
6.208000000000000000e+03 2.745633531300335119e-07
6.209000000000000000e+03 2.584428570235524038e-07
6.210000000000000000e+03 2.418939302600813800e-07
6.211000000000000000e+03 2.249374418493345569e-07
6.212000000000000000e+03 2.075948788576577393e-07
6.213000000000000000e+03 1.898883181619739563e-07
6.214000000000000000e+03 1.718404324022793865e-07
6.215000000000000000e+03 1.534744891009678514e-07
6.216000000000000000e+03 1.348143570536684873e-07
6.217000000000000000e+03 1.158845200807441048e-07
6.218000000000000000e+03 9.671008245831372870e-08
6.219000000000000000e+03 7.731678301085616691e-08
6.220000000000000000e+03 5.773099245850491655e-08
6.221000000000000000e+03 3.797973963791300579e-08
6.222000000000000000e+03 1.809072748647160053e-08
6.223000000000000000e+03 -1.907644105647471723e-09
6.224000000000000000e+03 -2.198627762207466621e-08
6.225000000000000000e+03 -4.211536938803277331e-08
6.226000000000000000e+03 -6.226439731163471567e-08
6.227000000000000000e+03 -8.240210545881593247e-08
6.228000000000000000e+03 -1.024965120585712938e-07
6.229000000000000000e+03 -1.225148894114458338e-07
6.230000000000000000e+03 -1.424237687646088172e-07
6.231000000000000000e+03 -1.621889548164912578e-07
6.232000000000000000e+03 -1.817755486334763279e-07
6.233000000000000000e+03 -2.011479664945019686e-07
6.234000000000000000e+03 -2.202699423358009456e-07
6.235000000000000000e+03 -2.391045718600385838e-07
6.236000000000000000e+03 -2.576143544136490760e-07
6.237000000000000000e+03 -2.757612203552692365e-07
6.238000000000000000e+03 -2.935065955251680198e-07
6.239000000000000000e+03 -3.108114773483277142e-07
6.240000000000000000e+03 -3.276364777898391845e-07
6.241000000000000000e+03 -3.439419267717841217e-07
6.242000000000000000e+03 -3.596879446557165468e-07
6.243000000000000000e+03 -3.748345560889578206e-07
6.244000000000000000e+03 -3.893417814413152493e-07
6.245000000000000000e+03 -4.031697394734241140e-07
6.246000000000000000e+03 -4.162787904184190003e-07
6.247000000000000000e+03 -4.286296649093595302e-07
6.248000000000000000e+03 -4.401835789697198171e-07
6.249000000000000000e+03 -4.509024171439463942e-07
6.250000000000000000e+03 -4.607488574567041007e-07
6.251000000000000000e+03 -4.696865418470901931e-07
6.252000000000000000e+03 -4.776802520054406390e-07
6.253000000000000000e+03 -4.846960525277481837e-07
6.254000000000000000e+03 -4.907014617817091567e-07
6.255000000000000000e+03 -4.956656534868754891e-07
6.256000000000000000e+03 -4.995596476840400892e-07
6.257000000000000000e+03 -5.023564563191117898e-07
6.258000000000000000e+03 -5.040312619583906376e-07
6.259000000000000000e+03 -5.045616238913547114e-07
6.260000000000000000e+03 -5.039276464678701601e-07
6.261000000000000000e+03 -5.021121354280239626e-07
6.262000000000000000e+03 -4.991007787515165149e-07
6.263000000000000000e+03 -4.948823073990053511e-07
6.264000000000000000e+03 -4.894486516745334257e-07
6.265000000000000000e+03 -4.827950884350068242e-07
6.266000000000000000e+03 -4.749203924429925796e-07
6.267000000000000000e+03 -4.658269371611941709e-07
6.268000000000000000e+03 -4.555208211778606191e-07
6.269000000000000000e+03 -4.440119613824907338e-07
6.270000000000000000e+03 -4.313141865214112542e-07
6.271000000000000000e+03 -4.174453272387857464e-07
6.272000000000000000e+03 -4.024272470355317122e-07
6.273000000000000000e+03 -3.862858949068151908e-07
6.274000000000000000e+03 -3.690513261644377139e-07
6.275000000000000000e+03 -3.507577208649602805e-07
6.276000000000000000e+03 -3.314434017495033080e-07
6.277000000000000000e+03 -3.111507824686238448e-07
6.278000000000000000e+03 -2.899263326082585796e-07
6.279000000000000000e+03 -2.678204920641415799e-07
6.280000000000000000e+03 -2.448876139483648103e-07
6.281000000000000000e+03 -2.211858600575747364e-07
6.282000000000000000e+03 -1.967770804591520114e-07
6.283000000000000000e+03 -1.717266864006628487e-07
6.284000000000000000e+03 -1.461034791608121285e-07
6.285000000000000000e+03 -1.199794859883577783e-07
6.286000000000000000e+03 -9.342977078547215070e-08
6.287000000000000000e+03 -6.653222519432403432e-08
6.288000000000000000e+03 -3.936736972231978614e-08
6.289000000000000000e+03 -1.201810042720813365e-08
6.290000000000000000e+03 1.543056033921034110e-08
6.291000000000000000e+03 4.289172590396168047e-08
6.292000000000000000e+03 7.027690924190112385e-08
6.293000000000000000e+03 9.749632476828770779e-08
6.294000000000000000e+03 1.244591840951092752e-07
6.295000000000000000e+03 1.510740128624015500e-07
6.296000000000000000e+03 1.772489706706065969e-07
6.297000000000000000e+03 2.028921798152649786e-07
6.298000000000000000e+03 2.279120598019182108e-07
6.299000000000000000e+03 2.522176632713503506e-07
6.300000000000000000e+03 2.757190269413779093e-07
6.301000000000000000e+03 2.983275103738191636e-07
6.302000000000000000e+03 3.199561485590383743e-07
6.303000000000000000e+03 3.405199804891505832e-07
6.304000000000000000e+03 3.599364297755687731e-07
6.305000000000000000e+03 3.781256292110918715e-07
6.306000000000000000e+03 3.950107716302925477e-07
6.307000000000000000e+03 4.105184258034583466e-07
6.308000000000000000e+03 4.245788736959975451e-07
6.309000000000000000e+03 4.371264179063036774e-07
6.310000000000000000e+03 4.480996716543778644e-07
6.311000000000000000e+03 4.574418649694467681e-07
6.312000000000000000e+03 4.651011165558045713e-07
6.313000000000000000e+03 4.710306876938970208e-07
6.314000000000000000e+03 4.751892130243749738e-07
6.315000000000000000e+03 4.775409408411550102e-07
6.316000000000000000e+03 4.780559604374204565e-07
6.317000000000000000e+03 4.767103503300850710e-07
6.318000000000000000e+03 4.734863625676119965e-07
6.319000000000000000e+03 4.683725571688424281e-07
6.320000000000000000e+03 4.613639311630177002e-07
6.321000000000000000e+03 4.524620373984979730e-07
6.322000000000000000e+03 4.416750134159302185e-07
6.323000000000000000e+03 4.290176533958989338e-07
6.324000000000000000e+03 4.145114449007324218e-07
6.325000000000000000e+03 3.981845392914333160e-07
6.326000000000000000e+03 3.800717239501793699e-07
6.327000000000000000e+03 3.602143605667399059e-07
6.328000000000000000e+03 3.386603241899659324e-07
6.329000000000000000e+03 3.154638651019120777e-07
6.330000000000000000e+03 2.906854878005403196e-07
6.331000000000000000e+03 2.643917712584140482e-07
6.332000000000000000e+03 2.366552008773995629e-07
6.333000000000000000e+03 2.075539427714402942e-07
6.334000000000000000e+03 1.771716211030672286e-07
6.335000000000000000e+03 1.455970394468123538e-07
6.336000000000000000e+03 1.129239209099501577e-07
6.337000000000000000e+03 7.925056926572245209e-08
6.338000000000000000e+03 4.467956094716047944e-08
6.339000000000000000e+03 9.317398383001115407e-09
6.340000000000000000e+03 -2.672585668771929898e-08
6.341000000000000000e+03 -6.333697612512865575e-08
6.342000000000000000e+03 -1.003999444394822318e-07
6.343000000000000000e+03 -1.377963712121428636e-07
6.344000000000000000e+03 -1.754059204357122957e-07
6.345000000000000000e+03 -2.131067250351817372e-07
6.346000000000000000e+03 -2.507758469341121088e-07
6.347000000000000000e+03 -2.882896829989844712e-07
6.348000000000000000e+03 -3.255244347034710898e-07
6.349000000000000000e+03 -3.623565740413774370e-07
6.350000000000000000e+03 -3.986632629247149992e-07
6.351000000000000000e+03 -4.343228237728748527e-07
6.352000000000000000e+03 -4.692151842882645445e-07
6.353000000000000000e+03 -5.032223163884704451e-07
6.354000000000000000e+03 -5.362286692614404983e-07
6.355000000000000000e+03 -5.681216059000497252e-07
6.356000000000000000e+03 -5.987917994676198825e-07
6.357000000000000000e+03 -6.281336612143447506e-07
6.358000000000000000e+03 -6.560457099065630054e-07
6.359000000000000000e+03 -6.824309591776727723e-07
6.360000000000000000e+03 -7.071972757378421894e-07
6.361000000000000000e+03 -7.302577230848924754e-07
6.362000000000000000e+03 -7.515308660066808384e-07
6.363000000000000000e+03 -7.709410988981352979e-07
6.364000000000000000e+03 -7.884188964745235078e-07
6.365000000000000000e+03 -8.039010659272321351e-07
6.366000000000000000e+03 -8.173310032875946973e-07
6.367000000000000000e+03 -8.286588908182057230e-07
6.368000000000000000e+03 -8.378418586361103682e-07
6.369000000000000000e+03 -8.448441460880634660e-07
6.370000000000000000e+03 -8.496372391070062744e-07
6.371000000000000000e+03 -8.521999569929256046e-07
6.372000000000000000e+03 -8.525185372712354082e-07
6.373000000000000000e+03 -8.505866567048039803e-07
6.374000000000000000e+03 -8.464054688369182007e-07
6.375000000000000000e+03 -8.399835753736797347e-07
6.376000000000000000e+03 -8.313369932920825061e-07
6.377000000000000000e+03 -8.204890845494039094e-07
6.378000000000000000e+03 -8.074704510119779575e-07
6.379000000000000000e+03 -7.923188029995448679e-07
6.380000000000000000e+03 -7.750788132383821879e-07
6.381000000000000000e+03 -7.558019362865344773e-07
6.382000000000000000e+03 -7.345462001262457107e-07
6.383000000000000000e+03 -7.113759894863794638e-07
6.384000000000000000e+03 -6.863617952028061701e-07
6.385000000000000000e+03 -6.595799397531467280e-07
6.386000000000000000e+03 -6.311122864987310658e-07
6.387000000000000000e+03 -6.010459492136223126e-07
6.388000000000000000e+03 -5.694729507264267157e-07
6.389000000000000000e+03 -5.364898893926455400e-07
6.390000000000000000e+03 -5.021975670334921053e-07
6.391000000000000000e+03 -4.667006114361954547e-07
6.392000000000000000e+03 -4.301071010885281750e-07
6.393000000000000000e+03 -3.925281653164272586e-07
6.394000000000000000e+03 -3.540776089865587654e-07
6.395000000000000000e+03 -3.148714871826523391e-07
6.396000000000000000e+03 -2.750277107868236745e-07
6.397000000000000000e+03 -2.346655923860908993e-07
6.398000000000000000e+03 -1.939054611885720264e-07
6.399000000000000000e+03 -1.528682341738449805e-07
6.400000000000000000e+03 -1.116749829986550344e-07
6.401000000000000000e+03 -7.044652588178200365e-08
6.402000000000000000e+03 -2.930301017222701490e-08
6.403000000000000000e+03 1.163647315918538597e-08
6.404000000000000000e+03 5.225429108239396134e-08
6.405000000000000000e+03 9.243468543306027413e-08
6.406000000000000000e+03 1.320641415513391907e-07
6.407000000000000000e+03 1.710317771528087183e-07
6.408000000000000000e+03 2.092297143171754010e-07
6.409000000000000000e+03 2.465534301286294132e-07
6.410000000000000000e+03 2.829020748533742377e-07
6.411000000000000000e+03 3.181788062934724226e-07
6.412000000000000000e+03 3.522910968025416867e-07
6.413000000000000000e+03 3.851510223404002864e-07
6.414000000000000000e+03 4.166755229386328949e-07
6.415000000000000000e+03 4.467866742427712871e-07
6.416000000000000000e+03 4.754119170554042256e-07
6.417000000000000000e+03 5.024842550151800084e-07
6.418000000000000000e+03 5.279424629688534758e-07
6.419000000000000000e+03 5.517312417676934686e-07
6.420000000000000000e+03 5.738013654278220394e-07
6.421000000000000000e+03 5.941098086407777338e-07
6.422000000000000000e+03 6.126198207921510072e-07
6.423000000000000000e+03 6.293010354910036113e-07
6.424000000000000000e+03 6.441295086281927739e-07
6.425000000000000000e+03 6.570877233091905988e-07
6.426000000000000000e+03 6.681645841433627360e-07
6.427000000000000000e+03 6.773554150203208658e-07
6.428000000000000000e+03 6.846618701126066229e-07
6.429000000000000000e+03 6.900919003813768137e-07
6.430000000000000000e+03 6.936596437927168082e-07
6.431000000000000000e+03 6.953853049554436292e-07
6.432000000000000000e+03 6.952950140395140385e-07
6.433000000000000000e+03 6.934206588346967356e-07
6.434000000000000000e+03 6.897997176994541605e-07
6.435000000000000000e+03 6.844750497326730029e-07
6.436000000000000000e+03 6.774946529976947515e-07
6.437000000000000000e+03 6.689114564521223776e-07
6.438000000000000000e+03 6.587830577159376567e-07
6.439000000000000000e+03 6.471714671625549055e-07
6.440000000000000000e+03 6.341428004015584466e-07
6.441000000000000000e+03 6.197669973753170259e-07
6.442000000000000000e+03 6.041174994607319441e-07
6.443000000000000000e+03 5.872709724568166435e-07
6.444000000000000000e+03 5.693069505689749081e-07
6.445000000000000000e+03 5.503075169430151190e-07
6.446000000000000000e+03 5.303569729948734624e-07
6.447000000000000000e+03 5.095414873174358568e-07
6.448000000000000000e+03 4.879487662213672918e-07
6.449000000000000000e+03 4.656677017064858674e-07
6.450000000000000000e+03 4.427880420815428040e-07
6.451000000000000000e+03 4.194000478245861194e-07
6.452000000000000000e+03 3.955941490518821707e-07
6.453000000000000000e+03 3.714606102399804828e-07
6.454000000000000000e+03 3.470892030790996297e-07
6.455000000000000000e+03 3.225689029698772852e-07
6.456000000000000000e+03 2.979875437228282358e-07
6.457000000000000000e+03 2.734315181241910524e-07
6.458000000000000000e+03 2.489854912386286731e-07
6.459000000000000000e+03 2.247321052196499243e-07
6.460000000000000000e+03 2.007517023878130829e-07
6.461000000000000000e+03 1.771220789517720465e-07
6.462000000000000000e+03 1.539182211869237303e-07
6.463000000000000000e+03 1.312120615151386314e-07
6.464000000000000000e+03 1.090722592071186655e-07
6.465000000000000000e+03 8.756401548705673348e-08
6.466000000000000000e+03 6.674888780597405553e-08
6.467000000000000000e+03 4.668460643183896040e-08
6.468000000000000000e+03 2.742490388680168469e-08
6.469000000000000000e+03 9.019398615811152986e-09
6.470000000000000000e+03 -8.486518132245543814e-09
6.471000000000000000e+03 -2.505180242866744444e-08
6.472000000000000000e+03 -4.063981927432453440e-08
6.473000000000000000e+03 -5.521841871018918232e-08
6.474000000000000000e+03 -6.875994035228072055e-08
6.475000000000000000e+03 -8.124125885941360651e-08
6.476000000000000000e+03 -9.264379174993093165e-08
6.477000000000000000e+03 -1.029534548761267038e-07
6.478000000000000000e+03 -1.121606556847660913e-07
6.479000000000000000e+03 -1.202602199786192177e-07
6.480000000000000000e+03 -1.272513400037821030e-07
6.481000000000000000e+03 -1.331374629585923924e-07
6.482000000000000000e+03 -1.379262079214450268e-07
6.483000000000000000e+03 -1.416292575075793946e-07
6.484000000000000000e+03 -1.442622197742982003e-07
6.485000000000000000e+03 -1.458444718003014051e-07
6.486000000000000000e+03 -1.463990127352335748e-07
6.487000000000000000e+03 -1.459522790892756466e-07
6.488000000000000000e+03 -1.445339862001955402e-07
6.489000000000000000e+03 -1.421769224486181079e-07
6.490000000000000000e+03 -1.389167610653050547e-07
6.491000000000000000e+03 -1.347918430177802471e-07
6.492000000000000000e+03 -1.298429872323775194e-07
6.493000000000000000e+03 -1.241132565675579963e-07
6.494000000000000000e+03 -1.176477598159999183e-07
6.495000000000000000e+03 -1.104933954847095077e-07
6.496000000000000000e+03 -1.026986494214805730e-07
6.497000000000000000e+03 -9.431335710875532815e-08
6.498000000000000000e+03 -8.538849022923709327e-08
6.499000000000000000e+03 -7.597592848042180972e-08
6.500000000000000000e+03 -6.612822348125028884e-08
6.501000000000000000e+03 -5.589838662843947810e-08
6.502000000000000000e+03 -4.533965465818319617e-08
6.503000000000000000e+03 -3.450529879359579521e-08
6.504000000000000000e+03 -2.344841700368268734e-08
6.505000000000000000e+03 -1.222171710355865772e-08
6.506000000000000000e+03 -8.773416869166786552e-10
6.507000000000000000e+03 1.053332052495466299e-08
6.508000000000000000e+03 2.195980582204369205e-08
6.509000000000000000e+03 3.335276715508467460e-08
6.510000000000000000e+03 4.466410752422493878e-08
6.511000000000000000e+03 5.584714420454914269e-08
6.512000000000000000e+03 6.685675835201579874e-08
6.513000000000000000e+03 7.764950697337502361e-08
6.514000000000000000e+03 8.818372403222111553e-08
6.515000000000000000e+03 9.841967160470832368e-08
6.516000000000000000e+03 1.083196177438607544e-07
6.517000000000000000e+03 1.178479336195030953e-07
6.518000000000000000e+03 1.269711574278289496e-07
6.519000000000000000e+03 1.356580554579239285e-07
6.520000000000000000e+03 1.438796744713196753e-07
6.521000000000000000e+03 1.516093976097267165e-07
6.522000000000000000e+03 1.588229798064475178e-07
6.523000000000000000e+03 1.654985468494923200e-07
6.524000000000000000e+03 1.716166250301820706e-07
6.525000000000000000e+03 1.771601123632482154e-07
6.526000000000000000e+03 1.821142938316595271e-07
6.527000000000000000e+03 1.864668231721570555e-07
6.528000000000000000e+03 1.902076878081780184e-07
6.529000000000000000e+03 1.933291775073483605e-07
6.530000000000000000e+03 1.958258395871299609e-07
6.531000000000000000e+03 1.976944157082068610e-07
6.532000000000000000e+03 1.989337897488010561e-07
6.533000000000000000e+03 1.995449432122402874e-07
6.534000000000000000e+03 1.995308777997855212e-07
6.535000000000000000e+03 1.988965309226526871e-07
6.536000000000000000e+03 1.976487149269747456e-07
6.537000000000000000e+03 1.957960549787455373e-07
6.538000000000000000e+03 1.933488624975619718e-07
6.539000000000000000e+03 1.903190688999939009e-07
6.540000000000000000e+03 1.867201418727950861e-07
6.541000000000000000e+03 1.825670112915783698e-07
6.542000000000000000e+03 1.778759580843959580e-07
6.543000000000000000e+03 1.726645477089890125e-07
6.544000000000000000e+03 1.669515126999077993e-07
6.545000000000000000e+03 1.607566704973193631e-07
6.546000000000000000e+03 1.541008088802655997e-07
6.547000000000000000e+03 1.470056100226297303e-07
6.548000000000000000e+03 1.394935565107025500e-07
6.549000000000000000e+03 1.315878430674994332e-07
6.550000000000000000e+03 1.233122890816272438e-07
6.551000000000000000e+03 1.146912467196696158e-07
6.552000000000000000e+03 1.057495267034219439e-07
6.553000000000000000e+03 9.651229149462172081e-08
6.554000000000000000e+03 8.700500399095087422e-08
6.555000000000000000e+03 7.725333429792106615e-08
6.556000000000000000e+03 6.728309815394167945e-08
6.557000000000000000e+03 5.712019277703906087e-08
6.558000000000000000e+03 4.679052392280155520e-08
6.559000000000000000e+03 3.631991370969057069e-08
6.560000000000000000e+03 2.573408926096853090e-08
6.561000000000000000e+03 1.505862563712486759e-08
6.562000000000000000e+03 4.318883603113816974e-09
6.563000000000000000e+03 -6.460053505949058273e-09
6.564000000000000000e+03 -1.725342287573777671e-08
6.565000000000000000e+03 -2.803682335323180520e-08
6.566000000000000000e+03 -3.878624774883280788e-08
6.567000000000000000e+03 -4.947812436153487202e-08
6.568000000000000000e+03 -6.008937130927414770e-08
6.569000000000000000e+03 -7.059741998581298727e-08
6.570000000000000000e+03 -8.098025672182994021e-08
6.571000000000000000e+03 -9.121647297393929387e-08
6.572000000000000000e+03 -1.012852863914378687e-07
6.573000000000000000e+03 -1.111665788924676720e-07
6.574000000000000000e+03 -1.208409317006046985e-07
6.575000000000000000e+03 -1.302896515365308804e-07
6.576000000000000000e+03 -1.394948007314942736e-07
6.577000000000000000e+03 -1.484392340840757741e-07
6.578000000000000000e+03 -1.571066199114977127e-07
6.579000000000000000e+03 -1.654814602738932641e-07
6.580000000000000000e+03 -1.735491320104573796e-07
6.581000000000000000e+03 -1.812959106171148025e-07
6.582000000000000000e+03 -1.887089626909279717e-07
6.583000000000000000e+03 -1.957763987776394091e-07
6.584000000000000000e+03 -2.024872678073665211e-07
6.585000000000000000e+03 -2.088316029878808273e-07
6.586000000000000000e+03 -2.148004266223731558e-07
6.587000000000000000e+03 -2.203857382336030327e-07
6.588000000000000000e+03 -2.255805504620789412e-07
6.589000000000000000e+03 -2.303788732426548922e-07
6.590000000000000000e+03 -2.347757058010921295e-07
6.591000000000000000e+03 -2.387670336276016479e-07
6.592000000000000000e+03 -2.423498554191329719e-07
6.593000000000000000e+03 -2.455221650504719499e-07
6.594000000000000000e+03 -2.482829405825431189e-07
6.595000000000000000e+03 -2.506321393296923730e-07
6.596000000000000000e+03 -2.525706740615577498e-07
6.597000000000000000e+03 -2.541004075126611588e-07
6.598000000000000000e+03 -2.552241424394344149e-07
6.599000000000000000e+03 -2.559456000329959957e-07
6.600000000000000000e+03 -2.562693938574477728e-07
6.601000000000000000e+03 -2.562010095896845768e-07
6.602000000000000000e+03 -2.557467915592104139e-07
6.603000000000000000e+03 -2.549139091222687191e-07
6.604000000000000000e+03 -2.537103495593552091e-07
6.605000000000000000e+03 -2.521448622078496443e-07
6.606000000000000000e+03 -2.502269370711400119e-07
6.607000000000000000e+03 -2.479667960624787788e-07
6.608000000000000000e+03 -2.453753401274197761e-07
6.609000000000000000e+03 -2.424640973673423613e-07
6.610000000000000000e+03 -2.392451989866314674e-07
6.611000000000000000e+03 -2.357313215192130464e-07
6.612000000000000000e+03 -2.319356682252440930e-07
6.613000000000000000e+03 -2.278718954568534738e-07
6.614000000000000000e+03 -2.235540603830521717e-07
6.615000000000000000e+03 -2.189965707006262015e-07
6.616000000000000000e+03 -2.142141180231402978e-07
6.617000000000000000e+03 -2.092216389818208264e-07
6.618000000000000000e+03 -2.040342231508802326e-07
6.619000000000000000e+03 -1.986670600226124915e-07
6.620000000000000000e+03 -1.931353982737098591e-07
6.621000000000000000e+03 -1.874544498863195461e-07
6.622000000000000000e+03 -1.816393462410686875e-07
6.623000000000000000e+03 -1.757050725848156546e-07
6.624000000000000000e+03 -1.696663849156949421e-07
6.625000000000000000e+03 -1.635377690642697639e-07
6.626000000000000000e+03 -1.573333798164276303e-07
6.627000000000000000e+03 -1.510669899207854809e-07
6.628000000000000000e+03 -1.447519565389489828e-07
6.629000000000000000e+03 -1.384011354497750605e-07
6.630000000000000000e+03 -1.320268637114184470e-07
6.631000000000000000e+03 -1.256409272744329109e-07
6.632000000000000000e+03 -1.192545112541922493e-07
6.633000000000000000e+03 -1.128781823771026665e-07
6.634000000000000000e+03 -1.065218445539933982e-07
6.635000000000000000e+03 -1.001947320539928964e-07
6.636000000000000000e+03 -9.390538035715411052e-08
6.637000000000000000e+03 -8.766161374281942000e-08
6.638000000000000000e+03 -8.147053047851025100e-08
6.639000000000000000e+03 -7.533851415434713221e-08
6.640000000000000000e+03 -6.927123029771075879e-08
6.641000000000000000e+03 -6.327362779587260545e-08
6.642000000000000000e+03 -5.734992719813820568e-08
6.643000000000000000e+03 -5.150364098339972640e-08
6.644000000000000000e+03 -4.573759014462385861e-08
6.645000000000000000e+03 -4.005391411962718601e-08
6.646000000000000000e+03 -3.445409123835191937e-08
6.647000000000000000e+03 -2.893894492143925017e-08
6.648000000000000000e+03 -2.350867721422611549e-08
6.649000000000000000e+03 -1.816292311813598346e-08
6.650000000000000000e+03 -1.290075273055926271e-08
6.651000000000000000e+03 -7.720721386447150887e-09
6.652000000000000000e+03 -2.620883038430844218e-09
6.653000000000000000e+03 2.401162037129316004e-09
6.654000000000000000e+03 7.348210492868159555e-09
6.655000000000000000e+03 1.222342320309140944e-08
6.656000000000000000e+03 1.703029495102956013e-08
6.657000000000000000e+03 2.177260094984139324e-08
6.658000000000000000e+03 2.645435021169129697e-08
6.659000000000000000e+03 3.107973416389372079e-08
6.660000000000000000e+03 3.565307184899277089e-08
6.661000000000000000e+03 4.017874852766426105e-08
6.662000000000000000e+03 4.466115608969557006e-08
6.663000000000000000e+03 4.910465103828149513e-08
6.664000000000000000e+03 5.351351406857295105e-08
6.665000000000000000e+03 5.789187365523378029e-08
6.666000000000000000e+03 6.224367119187330033e-08
6.667000000000000000e+03 6.657257662479997722e-08
6.668000000000000000e+03 7.088195618176187349e-08
6.669000000000000000e+03 7.517484173568893317e-08
6.670000000000000000e+03 7.945383323544331056e-08
6.671000000000000000e+03 8.372107352135454862e-08
6.672000000000000000e+03 8.797822175238424465e-08
6.673000000000000000e+03 9.222637985138175320e-08
6.674000000000000000e+03 9.646605127166499744e-08
6.675000000000000000e+03 1.006971413942830243e-07
6.676000000000000000e+03 1.049189439325945044e-07
6.677000000000000000e+03 1.091300484857165255e-07
6.678000000000000000e+03 1.133283292684063409e-07
6.679000000000000000e+03 1.175109454666391045e-07
6.680000000000000000e+03 1.216743039452315370e-07
6.681000000000000000e+03 1.258140820643287349e-07
6.682000000000000000e+03 1.299251969238018627e-07
6.683000000000000000e+03 1.340018170669475079e-07
6.684000000000000000e+03 1.380373610981382627e-07
6.685000000000000000e+03 1.420245075892010030e-07
6.686000000000000000e+03 1.459552147414458644e-07
6.687000000000000000e+03 1.498207520155185989e-07
6.688000000000000000e+03 1.536116922054350900e-07
6.689000000000000000e+03 1.573179835853189281e-07
6.690000000000000000e+03 1.609289673333094606e-07
6.691000000000000000e+03 1.644334245674084490e-07
6.692000000000000000e+03 1.678196047577221335e-07
6.693000000000000000e+03 1.710752655250836352e-07
6.694000000000000000e+03 1.741877387620104273e-07
6.695000000000000000e+03 1.771439792970493636e-07
6.696000000000000000e+03 1.799306169556741690e-07
6.697000000000000000e+03 1.825340538704770116e-07
6.698000000000000000e+03 1.849404931734483415e-07
6.699000000000000000e+03 1.871360101474667674e-07
6.700000000000000000e+03 1.891066391261441580e-07
6.701000000000000000e+03 1.908384238314065961e-07
6.702000000000000000e+03 1.923174927609274677e-07
6.703000000000000000e+03 1.935301431518882300e-07
6.704000000000000000e+03 1.944629021552923480e-07
6.705000000000000000e+03 1.951026206115582592e-07
6.706000000000000000e+03 1.954365170661587258e-07
6.707000000000000000e+03 1.954522697188070799e-07
6.708000000000000000e+03 1.951380773969150050e-07
6.709000000000000000e+03 1.944827398199411689e-07
6.710000000000000000e+03 1.934757204155404093e-07
6.711000000000000000e+03 1.921072257225387279e-07
6.712000000000000000e+03 1.903682485606162213e-07
6.713000000000000000e+03 1.882506400514463993e-07
6.714000000000000000e+03 1.857471572556147335e-07
6.715000000000000000e+03 1.828515448945046064e-07
6.716000000000000000e+03 1.795585502584411959e-07
6.717000000000000000e+03 1.758639865259267749e-07
6.718000000000000000e+03 1.717647547715426289e-07
6.719000000000000000e+03 1.672588985618997961e-07
6.720000000000000000e+03 1.623456336280345992e-07
6.721000000000000000e+03 1.570253811849589586e-07
6.722000000000000000e+03 1.512997875801503421e-07
6.723000000000000000e+03 1.451717182545324815e-07
6.724000000000000000e+03 1.386452982926290292e-07
6.725000000000000000e+03 1.317259055646715734e-07
6.726000000000000000e+03 1.244201988678026206e-07
6.727000000000000000e+03 1.167360823581618733e-07
6.728000000000000000e+03 1.086827147807613833e-07
6.729000000000000000e+03 1.002704891915786538e-07
6.730000000000000000e+03 9.151101048596986839e-08
6.731000000000000000e+03 8.241708422652501521e-08
6.732000000000000000e+03 7.300269890208975628e-08
6.733000000000000000e+03 6.328300384644655817e-08
6.734000000000000000e+03 5.327423464813498629e-08
6.735000000000000000e+03 4.299371251356875021e-08
6.736000000000000000e+03 3.245977938116301294e-08
6.737000000000000000e+03 2.169175776599823684e-08
6.738000000000000000e+03 1.070987499471242608e-08
6.739000000000000000e+03 -4.647900143633462961e-10
6.740000000000000000e+03 -1.181035692575527504e-08
6.741000000000000000e+03 -2.330421373534186910e-08
6.742000000000000000e+03 -3.492310491479647094e-08
6.743000000000000000e+03 -4.664319323930653568e-08
6.744000000000000000e+03 -5.844014154069259070e-08
6.745000000000000000e+03 -7.028918871960690745e-08
6.746000000000000000e+03 -8.216524413385752315e-08
6.747000000000000000e+03 -9.404296811929370508e-08
6.748000000000000000e+03 -1.058968587707864159e-07
6.749000000000000000e+03 -1.177013442875291920e-07
6.750000000000000000e+03 -1.294308750199297448e-07
6.751000000000000000e+03 -1.410599958483789113e-07
6.752000000000000000e+03 -1.525634332662430985e-07
6.753000000000000000e+03 -1.639161916792411217e-07
6.754000000000000000e+03 -1.750936373941640022e-07
6.755000000000000000e+03 -1.860715953711397812e-07
6.756000000000000000e+03 -1.968263890297264095e-07
6.757000000000000000e+03 -2.073349344131511152e-07
6.758000000000000000e+03 -2.175748122268648518e-07
6.759000000000000000e+03 -2.275243254298210266e-07
6.760000000000000000e+03 -2.371626002614185302e-07
6.761000000000000000e+03 -2.464695929527707816e-07
6.762000000000000000e+03 -2.554261603770044106e-07
6.763000000000000000e+03 -2.640141368963983066e-07
6.764000000000000000e+03 -2.722163462133472358e-07
6.765000000000000000e+03 -2.800166184388537018e-07
6.766000000000000000e+03 -2.873998323312208706e-07
6.767000000000000000e+03 -2.943519250625944976e-07
6.768000000000000000e+03 -3.008599248553471027e-07
6.769000000000000000e+03 -3.069119506558372487e-07
6.770000000000000000e+03 -3.124972210405695992e-07
6.771000000000000000e+03 -3.176060414403067661e-07
6.772000000000000000e+03 -3.222298045234090523e-07
6.773000000000000000e+03 -3.263609957451205123e-07
6.774000000000000000e+03 -3.299931725982763883e-07
6.775000000000000000e+03 -3.331209328307162873e-07
6.776000000000000000e+03 -3.357398823061527626e-07
6.777000000000000000e+03 -3.378466332471698651e-07
6.778000000000000000e+03 -3.394387399988905021e-07
6.779000000000000000e+03 -3.405147161168049212e-07
6.780000000000000000e+03 -3.410739388833827979e-07
6.781000000000000000e+03 -3.411166296358267384e-07
6.782000000000000000e+03 -3.406438163566388123e-07
6.783000000000000000e+03 -3.396572873128444367e-07
6.784000000000000000e+03 -3.381595461696575224e-07
6.785000000000000000e+03 -3.361537700975624392e-07
6.786000000000000000e+03 -3.336437579269898250e-07
6.787000000000000000e+03 -3.306338927185596748e-07
6.788000000000000000e+03 -3.271290852474233080e-07
6.789000000000000000e+03 -3.231347357140644773e-07
6.790000000000000000e+03 -3.186567120195846790e-07
6.791000000000000000e+03 -3.137012992616541523e-07
6.792000000000000000e+03 -3.082751500953554098e-07
6.793000000000000000e+03 -3.023852714910534226e-07
6.794000000000000000e+03 -2.960389687284523691e-07
6.795000000000000000e+03 -2.892438215616649053e-07
6.796000000000000000e+03 -2.820076563291435460e-07
6.797000000000000000e+03 -2.743385153578398880e-07
6.798000000000000000e+03 -2.662446515388463794e-07
6.799000000000000000e+03 -2.577345045097825429e-07
6.800000000000000000e+03 -2.488166900360817880e-07
6.801000000000000000e+03 -2.395000081768059746e-07
6.802000000000000000e+03 -2.297934604154000975e-07
6.803000000000000000e+03 -2.197062114443484481e-07
6.804000000000000000e+03 -2.092476360330567033e-07
6.805000000000000000e+03 -1.984273019605595429e-07
6.806000000000000000e+03 -1.872550347747668052e-07
6.807000000000000000e+03 -1.757409253660120730e-07
6.808000000000000000e+03 -1.638953433700119696e-07
6.809000000000000000e+03 -1.517289862438223750e-07
6.810000000000000000e+03 -1.392529272006237599e-07
6.811000000000000000e+03 -1.264786176811162833e-07
6.812000000000000000e+03 -1.134179528113288953e-07
6.813000000000000000e+03 -1.000833250708463631e-07
6.814000000000000000e+03 -8.648766212324298089e-08
6.815000000000000000e+03 -7.264445000743660819e-08
6.816000000000000000e+03 -5.856777011113914492e-08
6.817000000000000000e+03 -4.427236496517138978e-08
6.818000000000000000e+03 -2.977366093784830263e-08
6.819000000000000000e+03 -1.508781929187542489e-08
6.820000000000000000e+03 -2.317821838215239896e-10
6.821000000000000000e+03 1.477673611843409134e-08
6.822000000000000000e+03 2.991921152234661283e-08
6.823000000000000000e+03 4.517627580434043397e-08
6.824000000000000000e+03 6.052768940295805215e-08
6.825000000000000000e+03 7.595234174835344705e-08
6.826000000000000000e+03 9.142825076329828447e-08
6.827000000000000000e+03 1.069325765504171424e-07
6.828000000000000000e+03 1.224415980361159262e-07
6.829000000000000000e+03 1.379307275001574789e-07
6.830000000000000000e+03 1.533745423311257873e-07
6.831000000000000000e+03 1.687468242622678097e-07
6.832000000000000000e+03 1.840205815815627028e-07
6.833000000000000000e+03 1.991680811474997265e-07
6.834000000000000000e+03 2.141609042090074744e-07
6.835000000000000000e+03 2.289700159805273181e-07
6.836000000000000000e+03 2.435658040720133407e-07
6.837000000000000000e+03 2.579181446331305127e-07
6.838000000000000000e+03 2.719964984006214931e-07
6.839000000000000000e+03 2.857700034500275543e-07
6.840000000000000000e+03 2.992075445004712451e-07
6.841000000000000000e+03 3.122778586898336906e-07
6.842000000000000000e+03 3.249496312853326762e-07
6.843000000000000000e+03 3.371916159536072671e-07
6.844000000000000000e+03 3.489727139498268296e-07
6.845000000000000000e+03 3.602620867723736844e-07
6.846000000000000000e+03 3.710292584727623499e-07
6.847000000000000000e+03 3.812442311635725309e-07
6.848000000000000000e+03 3.908776252744091122e-07
6.849000000000000000e+03 3.999007653939795843e-07
6.850000000000000000e+03 4.082857965295664893e-07
6.851000000000000000e+03 4.160058164428724409e-07
6.852000000000000000e+03 4.230350039852391180e-07
6.853000000000000000e+03 4.293486936456915615e-07
6.854000000000000000e+03 4.349235046767273231e-07
6.855000000000000000e+03 4.397374484488461463e-07
6.856000000000000000e+03 4.437700190780529466e-07
6.857000000000000000e+03 4.470023063230461036e-07
6.858000000000000000e+03 4.494170913662377162e-07
6.859000000000000000e+03 4.509989204115138067e-07
6.860000000000000000e+03 4.517341917890321462e-07
6.861000000000000000e+03 4.516112328910408891e-07
6.862000000000000000e+03 4.506203751379524228e-07
6.863000000000000000e+03 4.487540572235743376e-07
6.864000000000000000e+03 4.460068356198718548e-07
6.865000000000000000e+03 4.423754638833056784e-07
6.866000000000000000e+03 4.378589281163725931e-07
6.867000000000000000e+03 4.324585096280846055e-07
6.868000000000000000e+03 4.261777938995200948e-07
6.869000000000000000e+03 4.190227201281281026e-07
6.870000000000000000e+03 4.110015980672531860e-07
6.871000000000000000e+03 4.021251386841951052e-07
6.872000000000000000e+03 3.924064442830371935e-07
6.873000000000000000e+03 3.818610295949814391e-07
6.874000000000000000e+03 3.705068207253186596e-07
6.875000000000000000e+03 3.583641570541717597e-07
6.876000000000000000e+03 3.454557666783026256e-07
6.877000000000000000e+03 3.318067454701874622e-07
6.878000000000000000e+03 3.174445227319671291e-07
6.879000000000000000e+03 3.023987956117461247e-07
6.880000000000000000e+03 2.867015134373517267e-07
6.881000000000000000e+03 2.703868229746646532e-07
6.882000000000000000e+03 2.534909967374346547e-07
6.883000000000000000e+03 2.360523825061603246e-07
6.884000000000000000e+03 2.181112944282332770e-07
6.885000000000000000e+03 1.997099530871265711e-07
6.886000000000000000e+03 1.808923869358568191e-07
6.887000000000000000e+03 1.617043404567260869e-07
6.888000000000000000e+03 1.421931509480320140e-07
6.889000000000000000e+03 1.224076142137334872e-07
6.890000000000000000e+03 1.023978622531262710e-07
6.891000000000000000e+03 8.221523380094708582e-08
6.892000000000000000e+03 6.191214157719637512e-08
6.893000000000000000e+03 4.154191000645153906e-08
6.894000000000000000e+03 2.115863548370109989e-08
6.895000000000000000e+03 8.170117221455952166e-10
6.896000000000000000e+03 -1.942783953037228252e-08
6.897000000000000000e+03 -3.952053356288828758e-08
6.898000000000000000e+03 -5.940562316027074848e-08
6.899000000000000000e+03 -7.902775519577147855e-08
6.900000000000000000e+03 -9.833185720616441211e-08
6.901000000000000000e+03 -1.172633039102471053e-07
6.902000000000000000e+03 -1.357681139645704301e-07
6.903000000000000000e+03 -1.537931168820328284e-07
6.904000000000000000e+03 -1.712861718207024261e-07
6.905000000000000000e+03 -1.881963522137485851e-07
6.906000000000000000e+03 -2.044741176461890569e-07
6.907000000000000000e+03 -2.200714910409590922e-07
6.908000000000000000e+03 -2.349422581717582142e-07
6.909000000000000000e+03 -2.490421322790391391e-07
6.910000000000000000e+03 -2.623289455541214152e-07
6.911000000000000000e+03 -2.747627973793314647e-07
6.912000000000000000e+03 -2.863062457383624962e-07
6.913000000000000000e+03 -2.969244258618897982e-07
6.914000000000000000e+03 -3.065852139540500483e-07
6.915000000000000000e+03 -3.152593754419581689e-07
6.916000000000000000e+03 -3.229207046311120681e-07
6.917000000000000000e+03 -3.295461324722512363e-07
6.918000000000000000e+03 -3.351158324737483007e-07
6.919000000000000000e+03 -3.396133296213796783e-07
6.920000000000000000e+03 -3.430255920549794987e-07
6.921000000000000000e+03 -3.453430984778899626e-07
6.922000000000000000e+03 -3.465599039722369832e-07
6.923000000000000000e+03 -3.466736856850835235e-07
6.924000000000000000e+03 -3.456857846768021682e-07
6.925000000000000000e+03 -3.436012098573008638e-07
6.926000000000000000e+03 -3.404286482635807755e-07
6.927000000000000000e+03 -3.361804370232194829e-07
6.928000000000000000e+03 -3.308725567300636843e-07
6.929000000000000000e+03 -3.245245632831783928e-07
6.930000000000000000e+03 -3.171595175161306961e-07
6.931000000000000000e+03 -3.088039140283512211e-07
6.932000000000000000e+03 -2.994875670795537107e-07
6.933000000000000000e+03 -2.892435243743413799e-07
6.934000000000000000e+03 -2.781079470065154412e-07
6.935000000000000000e+03 -2.661199633822685911e-07
6.936000000000000000e+03 -2.533215308206361573e-07
6.937000000000000000e+03 -2.397572589326462502e-07
6.938000000000000000e+03 -2.254742253651858873e-07
6.939000000000000000e+03 -2.105217981605543995e-07
6.940000000000000000e+03 -1.949514399350338082e-07
6.941000000000000000e+03 -1.788165123504729669e-07
6.942000000000000000e+03 -1.621720631375801948e-07
6.943000000000000000e+03 -1.450746187726460219e-07
6.944000000000000000e+03 -1.275819506543685680e-07
6.945000000000000000e+03 -1.097528589044409142e-07
6.946000000000000000e+03 -9.164696313660846603e-08
6.947000000000000000e+03 -7.332446111305935718e-08
6.948000000000000000e+03 -5.484590528778870137e-08
6.949000000000000000e+03 -3.627194849382264888e-08
6.950000000000000000e+03 -1.766312851139112440e-08
6.951000000000000000e+03 9.203286990713348362e-10
6.952000000000000000e+03 1.941872308475491850e-08
6.953000000000000000e+03 3.777314388450263361e-08
6.954000000000000000e+03 5.592565971950791624e-08
6.955000000000000000e+03 7.381949648696257003e-08
6.956000000000000000e+03 9.139924817422333134e-08
6.957000000000000000e+03 1.086110723693605242e-07
6.958000000000000000e+03 1.254028680780305269e-07
6.959000000000000000e+03 1.417244674015761554e-07
6.960000000000000000e+03 1.575277904759570100e-07
6.961000000000000000e+03 1.727670071523538575e-07
6.962000000000000000e+03 1.873986704661221152e-07
6.963000000000000000e+03 2.013818619658960699e-07
6.964000000000000000e+03 2.146783249447846480e-07
6.965000000000000000e+03 2.272525919386732057e-07
6.966000000000000000e+03 2.390720783403790285e-07
6.967000000000000000e+03 2.501071811392311456e-07
6.968000000000000000e+03 2.603313683581877756e-07
6.969000000000000000e+03 2.697212429298389557e-07
6.970000000000000000e+03 2.782565946829691085e-07
6.971000000000000000e+03 2.859204540932583418e-07
6.972000000000000000e+03 2.926990982188478273e-07
6.973000000000000000e+03 2.985820912338214655e-07
6.974000000000000000e+03 3.035622694662638162e-07
6.975000000000000000e+03 3.076357445476751326e-07
6.976000000000000000e+03 3.108018799803648176e-07
6.977000000000000000e+03 3.130632416356848097e-07
6.978000000000000000e+03 3.144255561071599017e-07
6.979000000000000000e+03 3.148976416047371211e-07
6.980000000000000000e+03 3.144913092792391707e-07
6.981000000000000000e+03 3.132212715059983713e-07
6.982000000000000000e+03 3.111050661986428647e-07
6.983000000000000000e+03 3.081629116684977773e-07
6.984000000000000000e+03 3.044176088157568122e-07
6.985000000000000000e+03 2.998943673291547068e-07
6.986000000000000000e+03 2.946206864190105503e-07
6.987000000000000000e+03 2.886261906852146158e-07
6.988000000000000000e+03 2.819424582087150772e-07
6.989000000000000000e+03 2.746028732917745043e-07
6.990000000000000000e+03 2.666424333710401310e-07
6.991000000000000000e+03 2.580975756335705393e-07
6.992000000000000000e+03 2.490060089390498444e-07
6.993000000000000000e+03 2.394065164966010825e-07
6.994000000000000000e+03 2.293387727115162319e-07
6.995000000000000000e+03 2.188431588704911413e-07
6.996000000000000000e+03 2.079605715053440095e-07
6.997000000000000000e+03 1.967322365102745645e-07
6.998000000000000000e+03 1.851995241012129309e-07
6.999000000000000000e+03 1.734037983348867748e-07
7.000000000000000000e+03 1.613862178450901512e-07
7.001000000000000000e+03 1.491875646732709199e-07
7.002000000000000000e+03 1.368480945304834528e-07
7.003000000000000000e+03 1.244073694286301955e-07
7.004000000000000000e+03 1.119041077229476217e-07
7.005000000000000000e+03 9.937604252980880789e-08
7.006000000000000000e+03 8.685977620510338313e-08
7.007000000000000000e+03 7.439064132032513859e-08
7.008000000000000000e+03 6.200261995111350738e-08
7.009000000000000000e+03 4.972821418847223806e-08
7.010000000000000000e+03 3.759835738186081758e-08
7.011000000000000000e+03 2.564232228823500428e-08
7.012000000000000000e+03 1.388767005683395932e-08
7.013000000000000000e+03 2.360172108346187009e-09
7.014000000000000000e+03 -8.916263202375372964e-09
7.015000000000000000e+03 -1.991962110055401482e-08
7.016000000000000000e+03 -3.062982468771058328e-08
7.017000000000000000e+03 -4.102877019480945409e-08
7.018000000000000000e+03 -5.110032222704050224e-08
7.019000000000000000e+03 -6.083033287252290433e-08
7.020000000000000000e+03 -7.020663712439529308e-08
7.021000000000000000e+03 -7.921905590799290643e-08
7.022000000000000000e+03 -8.785935041175739830e-08
7.023000000000000000e+03 -9.612120526932192763e-08
7.024000000000000000e+03 -1.040001871927417201e-07
7.025000000000000000e+03 -1.114936979010010741e-07
7.026000000000000000e+03 -1.186009065324507944e-07
7.027000000000000000e+03 -1.253227089975216277e-07
7.028000000000000000e+03 -1.316616230034037625e-07
7.029000000000000000e+03 -1.376217231685729643e-07
7.030000000000000000e+03 -1.432085560478258355e-07
7.031000000000000000e+03 -1.484290318205077847e-07
7.032000000000000000e+03 -1.532913359622089837e-07
7.033000000000000000e+03 -1.578048382555205354e-07
7.034000000000000000e+03 -1.619800010476790898e-07
7.035000000000000000e+03 -1.658281964040319272e-07
7.036000000000000000e+03 -1.693616538999027751e-07
7.037000000000000000e+03 -1.725933421746454209e-07
7.038000000000000000e+03 -1.755368276232061584e-07
7.039000000000000000e+03 -1.782061802086865965e-07
7.040000000000000000e+03 -1.806158606499123687e-07
7.041000000000000000e+03 -1.827806116517779488e-07
7.042000000000000000e+03 -1.847153312287828641e-07
7.043000000000000000e+03 -1.864350018179022055e-07
7.044000000000000000e+03 -1.879545741262112785e-07
7.045000000000000000e+03 -1.892888742651157684e-07
7.046000000000000000e+03 -1.904525131490025700e-07
7.047000000000000000e+03 -1.914598185826298360e-07
7.048000000000000000e+03 -1.923247426211919014e-07
7.049000000000000000e+03 -1.930608095957699468e-07
7.050000000000000000e+03 -1.936810240026194561e-07
7.051000000000000000e+03 -1.941978105789192810e-07
7.052000000000000000e+03 -1.946229517634766040e-07
7.053000000000000000e+03 -1.949675303090107134e-07
7.054000000000000000e+03 -1.952418834681365229e-07
7.055000000000000000e+03 -1.954555898400842245e-07
7.056000000000000000e+03 -1.956174071995070083e-07
7.057000000000000000e+03 -1.957352542242002445e-07
7.058000000000000000e+03 -1.958161873114858062e-07
7.059000000000000000e+03 -1.958663725164217087e-07
7.060000000000000000e+03 -1.958910604209816973e-07
7.061000000000000000e+03 -1.958945879291470795e-07
7.062000000000000000e+03 -1.958803859361591020e-07
7.063000000000000000e+03 -1.958509973788852888e-07
7.064000000000000000e+03 -1.958080616326031537e-07
7.065000000000000000e+03 -1.957523481609794950e-07
7.066000000000000000e+03 -1.956837612627364916e-07
7.067000000000000000e+03 -1.956013694415920980e-07
7.068000000000000000e+03 -1.955034287185951357e-07
7.069000000000000000e+03 -1.953874235754054427e-07
7.070000000000000000e+03 -1.952500827629510680e-07
7.071000000000000000e+03 -1.950874360864076294e-07
7.072000000000000000e+03 -1.948948591195627145e-07
7.073000000000000000e+03 -1.946671214390661135e-07
7.074000000000000000e+03 -1.943984648437279111e-07
7.075000000000000000e+03 -1.940826643962020735e-07
7.076000000000000000e+03 -1.937130790803872955e-07
7.077000000000000000e+03 -1.932826890257725204e-07
7.078000000000000000e+03 -1.927841634675946885e-07
7.079000000000000000e+03 -1.922099304397971180e-07
7.080000000000000000e+03 -1.915522673863831408e-07
7.081000000000000000e+03 -1.908033918789528613e-07
7.082000000000000000e+03 -1.899555141299203166e-07
7.083000000000000000e+03 -1.890009150073926344e-07
7.084000000000000000e+03 -1.879320081438655228e-07
7.085000000000000000e+03 -1.867414295832870166e-07
7.086000000000000000e+03 -1.854220871805629685e-07
7.087000000000000000e+03 -1.839672532089197104e-07
7.088000000000000000e+03 -1.823706410010085056e-07
7.089000000000000000e+03 -1.806264391020610610e-07
7.090000000000000000e+03 -1.787293864253131190e-07
7.091000000000000000e+03 -1.766748472274193066e-07
7.092000000000000000e+03 -1.744588464747243645e-07
7.093000000000000000e+03 -1.720781412455314746e-07
7.094000000000000000e+03 -1.695302402257195967e-07
7.095000000000000000e+03 -1.668134646067269095e-07
7.096000000000000000e+03 -1.639269877640979813e-07
7.097000000000000000e+03 -1.608708468315770930e-07
7.098000000000000000e+03 -1.576459901543525883e-07
7.099000000000000000e+03 -1.542542850309452909e-07
7.100000000000000000e+03 -1.506985486084298473e-07
7.101000000000000000e+03 -1.469825019216138043e-07
7.102000000000000000e+03 -1.431108167431586345e-07
7.103000000000000000e+03 -1.390891092340029439e-07
7.104000000000000000e+03 -1.349238985237406925e-07
7.105000000000000000e+03 -1.306226027606958880e-07
7.106000000000000000e+03 -1.261935180075087851e-07
7.107000000000000000e+03 -1.216457986546610294e-07
7.108000000000000000e+03 -1.169894220850394197e-07
7.109000000000000000e+03 -1.122351433324830384e-07
7.110000000000000000e+03 -1.073944444303579699e-07
7.111000000000000000e+03 -1.024794823662832801e-07
7.112000000000000000e+03 -9.750303869412897020e-08
7.113000000000000000e+03 -9.247848000142183427e-08
7.114000000000000000e+03 -8.741969471905718740e-08
7.115000000000000000e+03 -8.234102229272768756e-08
7.116000000000000000e+03 -7.725718787291229684e-08
7.117000000000000000e+03 -7.218322598104510115e-08
7.118000000000000000e+03 -6.713440709640010987e-08
7.119000000000000000e+03 -6.212614337280535140e-08
7.120000000000000000e+03 -5.717396534450269100e-08
7.121000000000000000e+03 -5.229340911050638510e-08
7.122000000000000000e+03 -4.749992364772838484e-08
7.123000000000000000e+03 -4.280879835691639538e-08
7.124000000000000000e+03 -3.823508344449191569e-08
7.125000000000000000e+03 -3.379348894466377823e-08
7.126000000000000000e+03 -2.949830315863163336e-08
7.127000000000000000e+03 -2.536330108925665619e-08
7.128000000000000000e+03 -2.140166560437655433e-08
7.129000000000000000e+03 -1.762589928631677612e-08
7.130000000000000000e+03 -1.404774952649846194e-08
7.131000000000000000e+03 -1.067814234001341830e-08
7.132000000000000000e+03 -7.527104357399178072e-09
7.133000000000000000e+03 -4.603665380749725676e-09
7.134000000000000000e+03 -1.915826217156529530e-09
7.135000000000000000e+03 5.295492061325004950e-10
7.136000000000000000e+03 2.726740833466689764e-09
7.137000000000000000e+03 4.671256765189535016e-09
7.138000000000000000e+03 6.359863515199650423e-09
7.139000000000000000e+03 7.790633323508346272e-09
7.140000000000000000e+03 8.962961605091250273e-09
7.141000000000000000e+03 9.877595708694289622e-09
7.142000000000000000e+03 1.053665680552786616e-08
7.143000000000000000e+03 1.094365394416596128e-08
7.144000000000000000e+03 1.110349063928037318e-08
7.145000000000000000e+03 1.102246200356550849e-08
7.146000000000000000e+03 1.070823672805794819e-08
7.147000000000000000e+03 1.016983450268112027e-08
7.148000000000000000e+03 9.417605426140337027e-09
7.149000000000000000e+03 8.463182080946024846e-09
7.150000000000000000e+03 7.319437470007405135e-09
7.151000000000000000e+03 6.000430830508069537e-09
7.152000000000000000e+03 4.521338090730052231e-09
7.153000000000000000e+03 2.898428153479277289e-09
7.154000000000000000e+03 1.148973162399419169e-09
7.155000000000000000e+03 -7.088392804419673603e-10
7.156000000000000000e+03 -2.656001613386591027e-09
7.157000000000000000e+03 -4.672769904725391004e-09
7.158000000000000000e+03 -6.738733047230187470e-09
7.159000000000000000e+03 -8.832921720958503751e-09
7.160000000000000000e+03 -1.093392078382390251e-08
7.161000000000000000e+03 -1.301992940356431542e-08
7.162000000000000000e+03 -1.506891122175801552e-08
7.163000000000000000e+03 -1.705867435763681465e-08
7.164000000000000000e+03 -1.896699010773875326e-08
7.165000000000000000e+03 -2.077170130925330694e-08
7.166000000000000000e+03 -2.245082039217194913e-08
7.167000000000000000e+03 -2.398262196842537024e-08
7.168000000000000000e+03 -2.534577262818127362e-08
7.169000000000000000e+03 -2.651944373020213591e-08
7.170000000000000000e+03 -2.748339144318746475e-08
7.171000000000000000e+03 -2.821806228656014804e-08
7.172000000000000000e+03 -2.870468445141941954e-08
7.173000000000000000e+03 -2.892534993548001976e-08
7.174000000000000000e+03 -2.886312491086732374e-08
7.175000000000000000e+03 -2.850211303738716311e-08
7.176000000000000000e+03 -2.782756955431369763e-08
7.177000000000000000e+03 -2.682593934676270078e-08
7.178000000000000000e+03 -2.548496315038342823e-08
7.179000000000000000e+03 -2.379372411290177846e-08
7.180000000000000000e+03 -2.174272503090882441e-08
7.181000000000000000e+03 -1.932394002295953172e-08
7.182000000000000000e+03 -1.653084527846777025e-08
7.183000000000000000e+03 -1.335847691144422349e-08
7.184000000000000000e+03 -9.803449819945324311e-09
7.185000000000000000e+03 -5.863978847051438084e-09
7.186000000000000000e+03 -1.539905369193794995e-09
7.187000000000000000e+03 3.167291084976535268e-09
7.188000000000000000e+03 8.254480048400372315e-09
7.189000000000000000e+03 1.371691601668027509e-08
7.190000000000000000e+03 1.954822231816954871e-08
7.191000000000000000e+03 2.574043082159285428e-08
7.192000000000000000e+03 3.228400825773138910e-08
7.193000000000000000e+03 3.916787947214906373e-08
7.194000000000000000e+03 4.637947097627507948e-08
7.195000000000000000e+03 5.390477827973316088e-08
7.196000000000000000e+03 6.172843963312466246e-08
7.197000000000000000e+03 6.983376125468476321e-08
7.198000000000000000e+03 7.820278519242545409e-08
7.199000000000000000e+03 8.681638303522233083e-08
7.200000000000000000e+03 9.565429629241548593e-08
7.201000000000000000e+03 1.046952167956863938e-07
7.202000000000000000e+03 1.139169040571351213e-07
7.203000000000000000e+03 1.232962196409321706e-07
7.204000000000000000e+03 1.328092524142047452e-07
7.205000000000000000e+03 1.424313989627943473e-07
7.206000000000000000e+03 1.521374485592244312e-07
7.207000000000000000e+03 1.619016794287597032e-07
7.208000000000000000e+03 1.716979565576373439e-07
7.209000000000000000e+03 1.814998353972645016e-07
7.210000000000000000e+03 1.912806526233996119e-07
7.211000000000000000e+03 2.010136036486259267e-07
7.212000000000000000e+03 2.106718396985973256e-07
7.213000000000000000e+03 2.202285718426823860e-07
7.214000000000000000e+03 2.296571414994351747e-07
7.215000000000000000e+03 2.389311369295048140e-07
7.216000000000000000e+03 2.480244721574862844e-07
7.217000000000000000e+03 2.569114774742250539e-07
7.218000000000000000e+03 2.655669875979439476e-07
7.219000000000000000e+03 2.739664241360863340e-07
7.220000000000000000e+03 2.820858635384498794e-07
7.221000000000000000e+03 2.899021254020648887e-07
7.222000000000000000e+03 2.973928279857316039e-07
7.223000000000000000e+03 3.045364796962194045e-07
7.224000000000000000e+03 3.113125134421364383e-07
7.225000000000000000e+03 3.177013837836678221e-07
7.226000000000000000e+03 3.236845936390642653e-07
7.227000000000000000e+03 3.292447698733796327e-07
7.228000000000000000e+03 3.343656788774440649e-07
7.229000000000000000e+03 3.390323020304121075e-07
7.230000000000000000e+03 3.432308462073209839e-07
7.231000000000000000e+03 3.469488012679718015e-07
7.232000000000000000e+03 3.501749588480456848e-07
7.233000000000000000e+03 3.528994198435164903e-07
7.234000000000000000e+03 3.551136001050147123e-07
7.235000000000000000e+03 3.568102491576581698e-07
7.236000000000000000e+03 3.579834542229582516e-07
7.237000000000000000e+03 3.586286472721305016e-07
7.238000000000000000e+03 3.587425703318687795e-07
7.239000000000000000e+03 3.583232779333028534e-07
7.240000000000000000e+03 3.573700968712099748e-07
7.241000000000000000e+03 3.558836248978415816e-07
7.242000000000000000e+03 3.538656788726037837e-07
7.243000000000000000e+03 3.513192784513226860e-07
7.244000000000000000e+03 3.482486287650628270e-07
7.245000000000000000e+03 3.446590390161066213e-07
7.246000000000000000e+03 3.405568841989097524e-07
7.247000000000000000e+03 3.359495874753128275e-07
7.248000000000000000e+03 3.308455546897068411e-07
7.249000000000000000e+03 3.252541387929340709e-07
7.250000000000000000e+03 3.191856082543543501e-07
7.251000000000000000e+03 3.126510930271074678e-07
7.252000000000000000e+03 3.056625357493896190e-07
7.253000000000000000e+03 2.982326412106814354e-07
7.254000000000000000e+03 2.903748384319909315e-07
7.255000000000000000e+03 2.821032433902797772e-07
7.256000000000000000e+03 2.734326165099201811e-07
7.257000000000000000e+03 2.643782949251599256e-07
7.258000000000000000e+03 2.549561764281244916e-07
7.259000000000000000e+03 2.451826835380048555e-07
7.260000000000000000e+03 2.350747192417345661e-07
7.261000000000000000e+03 2.246496621777840444e-07
7.262000000000000000e+03 2.139253119817361416e-07
7.263000000000000000e+03 2.029198483556900699e-07
7.264000000000000000e+03 1.916518233558671758e-07
7.265000000000000000e+03 1.801401372236834724e-07
7.266000000000000000e+03 1.684039791111825839e-07
7.267000000000000000e+03 1.564628122401228250e-07
7.268000000000000000e+03 1.443363671393516477e-07
7.269000000000000000e+03 1.320446342273443954e-07
7.270000000000000000e+03 1.196078080753506346e-07
7.271000000000000000e+03 1.070462598264328588e-07
7.272000000000000000e+03 9.438051951131919963e-08
7.273000000000000000e+03 8.163126778773451380e-08
7.274000000000000000e+03 6.881929419939156581e-08
7.275000000000000000e+03 5.596548671330216920e-08
7.276000000000000000e+03 4.309079194497280077e-08
7.277000000000000000e+03 3.021622915305984048e-08
7.278000000000000000e+03 1.736282928164875480e-08
7.279000000000000000e+03 4.551627292407956318e-09
7.280000000000000000e+03 -8.196374563298316873e-09
7.281000000000000000e+03 -2.086024680704002048e-08
7.282000000000000000e+03 -3.341913712855183824e-08
7.283000000000000000e+03 -4.585230735111092716e-08
7.284000000000000000e+03 -5.813916366459221913e-08
7.285000000000000000e+03 -7.025928667387419957e-08
7.286000000000000000e+03 -8.219245772013012946e-08
7.287000000000000000e+03 -9.391867513379127046e-08
7.288000000000000000e+03 -1.054182098793874239e-07
7.289000000000000000e+03 -1.166716242144905401e-07
7.290000000000000000e+03 -1.276597917329081244e-07
7.291000000000000000e+03 -1.383639605067913213e-07
7.292000000000000000e+03 -1.487657299336422975e-07
7.293000000000000000e+03 -1.588470934553915802e-07
7.294000000000000000e+03 -1.685904865442653007e-07
7.295000000000000000e+03 -1.779787748637515868e-07
7.296000000000000000e+03 -1.869953032387219179e-07
7.297000000000000000e+03 -1.956239285157137423e-07
7.298000000000000000e+03 -2.038490294068653019e-07
7.299000000000000000e+03 -2.116555411520459895e-07
7.300000000000000000e+03 -2.190289790036893566e-07
7.301000000000000000e+03 -2.259554886461230162e-07
7.302000000000000000e+03 -2.324218359543790195e-07
7.303000000000000000e+03 -2.384154622267708530e-07
7.304000000000000000e+03 -2.439244981998380886e-07
7.305000000000000000e+03 -2.489377634537196992e-07
7.306000000000000000e+03 -2.534448193431161948e-07
7.307000000000000000e+03 -2.574359965604482850e-07
7.308000000000000000e+03 -2.609024117121260870e-07
7.309000000000000000e+03 -2.638359980288631773e-07
7.310000000000000000e+03 -2.662295292442424345e-07
7.311000000000000000e+03 -2.680766469847162059e-07
7.312000000000000000e+03 -2.693718792865874793e-07
7.313000000000000000e+03 -2.701106915657629449e-07
7.314000000000000000e+03 -2.702894924594401241e-07
7.315000000000000000e+03 -2.699056583523859142e-07
7.316000000000000000e+03 -2.689575634617109313e-07
7.317000000000000000e+03 -2.674446238715367163e-07
7.318000000000000000e+03 -2.653673077080862169e-07
7.319000000000000000e+03 -2.627271854366863306e-07
7.320000000000000000e+03 -2.595269409922363238e-07
7.321000000000000000e+03 -2.557703980704836575e-07
7.322000000000000000e+03 -2.514625565333909511e-07
7.323000000000000000e+03 -2.466096194932326357e-07
7.324000000000000000e+03 -2.412190145822970434e-07
7.325000000000000000e+03 -2.352994197765374451e-07
7.326000000000000000e+03 -2.288607629579841889e-07
7.327000000000000000e+03 -2.219142790821646483e-07
7.328000000000000000e+03 -2.144725235532882021e-07
7.329000000000000000e+03 -2.065493636696113338e-07
7.330000000000000000e+03 -1.981600098277137157e-07
7.331000000000000000e+03 -1.893210100485755808e-07
7.332000000000000000e+03 -1.800502767800450782e-07
7.333000000000000000e+03 -1.703670689676769233e-07
7.334000000000000000e+03 -1.602919755554306905e-07
7.335000000000000000e+03 -1.498469317365756616e-07
7.336000000000000000e+03 -1.390551851373025910e-07
7.337000000000000000e+03 -1.279412718465968818e-07
7.338000000000000000e+03 -1.165309849039907989e-07
7.339000000000000000e+03 -1.048513403426023737e-07
7.340000000000000000e+03 -9.293053313568088756e-08
7.341000000000000000e+03 -8.079788448603254369e-08
7.342000000000000000e+03 -6.848378686966255503e-08
7.343000000000000000e+03 -5.601964176352703558e-08
7.344000000000000000e+03 -4.343781530789770603e-08
7.345000000000000000e+03 -3.077155108674175065e-08
7.346000000000000000e+03 -1.805487029138390994e-08
7.347000000000000000e+03 -5.322477567093272582e-09
7.348000000000000000e+03 7.390292119959768891e-09
7.349000000000000000e+03 2.004761276285995536e-08
7.350000000000000000e+03 3.261325363036743848e-08
7.351000000000000000e+03 4.505065508973172906e-08
7.352000000000000000e+03 5.732307744227087288e-08
7.353000000000000000e+03 6.939370749236200309e-08
7.354000000000000000e+03 8.122576116397334504e-08
7.355000000000000000e+03 9.278259023460320450e-08
7.356000000000000000e+03 1.040278241685558047e-07
7.357000000000000000e+03 1.149255036809810086e-07
7.358000000000000000e+03 1.254401650603089641e-07
7.359000000000000000e+03 1.355369815013259676e-07
7.360000000000000000e+03 1.451819023282710576e-07
7.361000000000000000e+03 1.543417638051745713e-07
7.362000000000000000e+03 1.629844159059702363e-07
7.363000000000000000e+03 1.710788230092820908e-07
7.364000000000000000e+03 1.785952100952579998e-07
7.365000000000000000e+03 1.855051345328059870e-07
7.366000000000000000e+03 1.917816182829981086e-07
7.367000000000000000e+03 1.973992264906698335e-07
7.368000000000000000e+03 2.023342000674876691e-07
7.369000000000000000e+03 2.065645751589951953e-07
7.370000000000000000e+03 2.100702531512866942e-07
7.371000000000000000e+03 2.128330856851931956e-07
7.372000000000000000e+03 2.148369743133075792e-07
7.373000000000000000e+03 2.160679206791437649e-07
7.374000000000000000e+03 2.165141166978962000e-07
7.375000000000000000e+03 2.161660034339261537e-07
7.376000000000000000e+03 2.150163307047915552e-07
7.377000000000000000e+03 2.130602221759233049e-07
7.378000000000000000e+03 2.102951666609688574e-07
7.379000000000000000e+03 2.067210492685001610e-07
7.380000000000000000e+03 2.023402202110523950e-07
7.381000000000000000e+03 1.971574987786739769e-07
7.382000000000000000e+03 1.911801638668138708e-07
7.383000000000000000e+03 1.844179485571310248e-07
7.384000000000000000e+03 1.768830305007858757e-07
7.385000000000000000e+03 1.685900195795562403e-07
7.386000000000000000e+03 1.595559279263813818e-07
7.387000000000000000e+03 1.498001037518596977e-07
7.388000000000000000e+03 1.393441974514681177e-07
7.389000000000000000e+03 1.282121206663143871e-07
7.390000000000000000e+03 1.164299356005466046e-07
7.391000000000000000e+03 1.040258123316725067e-07
7.392000000000000000e+03 9.102993758035515709e-08
7.393000000000000000e+03 7.747440533920969239e-08
7.394000000000000000e+03 6.339310188534632505e-08
7.395000000000000000e+03 4.882162298095445851e-08
7.396000000000000000e+03 3.379714428077018769e-08
7.397000000000000000e+03 1.835828004473558645e-08
7.398000000000000000e+03 2.544954936001888341e-09
7.399000000000000000e+03 -1.360170979719048943e-08
7.400000000000000000e+03 -3.003956055184464026e-08
7.401000000000000000e+03 -4.672552306184726982e-08
7.402000000000000000e+03 -6.361578141627263961e-08
7.403000000000000000e+03 -8.066591516411069978e-08
7.404000000000000000e+03 -9.783101557260459472e-08
7.405000000000000000e+03 -1.150658705258243268e-07
7.406000000000000000e+03 -1.323250674083431161e-07
7.407000000000000000e+03 -1.495631849694429523e-07
7.408000000000000000e+03 -1.667349439368551223e-07
7.409000000000000000e+03 -1.837953583182691763e-07
7.410000000000000000e+03 -2.006998368611475911e-07
7.411000000000000000e+03 -2.174043180186586216e-07
7.412000000000000000e+03 -2.338654536796525257e-07
7.413000000000000000e+03 -2.500407063109859771e-07
7.414000000000000000e+03 -2.658884897509987658e-07
7.415000000000000000e+03 -2.813683009661579255e-07
7.416000000000000000e+03 -2.964408243514633488e-07
7.417000000000000000e+03 -3.110680345376833404e-07
7.418000000000000000e+03 -3.252133203996300498e-07
7.419000000000000000e+03 -3.388416151958534105e-07
7.420000000000000000e+03 -3.519194860982674477e-07
7.421000000000000000e+03 -3.644152069913223138e-07
7.422000000000000000e+03 -3.762988387085609753e-07
7.423000000000000000e+03 -3.875423650089155421e-07
7.424000000000000000e+03 -3.981196849500513568e-07
7.425000000000000000e+03 -4.080067021261581588e-07
7.426000000000000000e+03 -4.171813760045100229e-07
7.427000000000000000e+03 -4.256237665032525272e-07
7.428000000000000000e+03 -4.333160449642234110e-07
7.429000000000000000e+03 -4.402425368934974338e-07
7.430000000000000000e+03 -4.463897367196933069e-07
7.431000000000000000e+03 -4.517462906687028066e-07
7.432000000000000000e+03 -4.563030083202300526e-07
7.433000000000000000e+03 -4.600528431315901515e-07
7.434000000000000000e+03 -4.629908865762792129e-07
7.435000000000000000e+03 -4.651143149090266460e-07
7.436000000000000000e+03 -4.664223662122797677e-07
7.437000000000000000e+03 -4.669162720347385988e-07
7.438000000000000000e+03 -4.665992284974274714e-07
7.439000000000000000e+03 -4.654763100491548752e-07
7.440000000000000000e+03 -4.635543970060599984e-07
7.441000000000000000e+03 -4.608420902169984595e-07
7.442000000000000000e+03 -4.573496619856575556e-07
7.443000000000000000e+03 -4.530889932921803517e-07
7.444000000000000000e+03 -4.480734808688518665e-07
7.445000000000000000e+03 -4.423179272643358520e-07
7.446000000000000000e+03 -4.358384448226965631e-07
7.447000000000000000e+03 -4.286523553357362091e-07
7.448000000000000000e+03 -4.207781066117818794e-07
7.449000000000000000e+03 -4.122351781252443784e-07
7.450000000000000000e+03 -4.030439985749638852e-07
7.451000000000000000e+03 -3.932258579849446159e-07
7.452000000000000000e+03 -3.828028007579574330e-07
7.453000000000000000e+03 -3.717975432312946431e-07
7.454000000000000000e+03 -3.602334496523690608e-07
7.455000000000000000e+03 -3.481344008703601362e-07
7.456000000000000000e+03 -3.355247187868703588e-07
7.457000000000000000e+03 -3.224291419671664822e-07
7.458000000000000000e+03 -3.088727022846927963e-07
7.459000000000000000e+03 -2.948807043882233803e-07
7.460000000000000000e+03 -2.804786573073657899e-07
7.461000000000000000e+03 -2.656922033763976616e-07
7.462000000000000000e+03 -2.505471081536456570e-07
7.463000000000000000e+03 -2.350691957649892216e-07
7.464000000000000000e+03 -2.192842895358414428e-07
7.465000000000000000e+03 -2.032181709096410384e-07
7.466000000000000000e+03 -1.868965602723671248e-07
7.467000000000000000e+03 -1.703450875196963292e-07
7.468000000000000000e+03 -1.535892453998686919e-07
7.469000000000000000e+03 -1.366544035578643496e-07
7.470000000000000000e+03 -1.195657649428093359e-07
7.471000000000000000e+03 -1.023483219849242969e-07
7.472000000000000000e+03 -8.502686270832238181e-08
7.473000000000000000e+03 -6.762595861978469406e-08
7.474000000000000000e+03 -5.016995674871111417e-08
7.475000000000000000e+03 -3.268296743634289665e-08
7.476000000000000000e+03 -1.518882658971304843e-08
7.477000000000000000e+03 2.288887391830033809e-09
7.478000000000000000e+03 1.972686414049590397e-08
7.479000000000000000e+03 3.710207442608079381e-08
7.480000000000000000e+03 5.439179402763353218e-08
7.481000000000000000e+03 7.157362124466110376e-08
7.482000000000000000e+03 8.862543212050489576e-08
7.483000000000000000e+03 1.055253988837016535e-07
7.484000000000000000e+03 1.222520028879433771e-07
7.485000000000000000e+03 1.387840512417663710e-07
7.486000000000000000e+03 1.551006751411592509e-07
7.487000000000000000e+03 1.711812935098040443e-07
7.488000000000000000e+03 1.870056569583209236e-07
7.489000000000000000e+03 2.025538606821512841e-07
7.490000000000000000e+03 2.178063506031807486e-07
7.491000000000000000e+03 2.327439368320701786e-07
7.492000000000000000e+03 2.473477868125580879e-07
7.493000000000000000e+03 2.615994371924486740e-07
7.494000000000000000e+03 2.754808155607129090e-07
7.495000000000000000e+03 2.889742594857102025e-07
7.496000000000000000e+03 3.020624994148965953e-07
7.497000000000000000e+03 3.147286889364853094e-07
7.498000000000000000e+03 3.269563697878941340e-07
7.499000000000000000e+03 3.387295277151835285e-07
7.500000000000000000e+03 3.500325948692543848e-07
7.501000000000000000e+03 3.608504640133960851e-07
7.502000000000000000e+03 3.711684595762282318e-07
7.503000000000000000e+03 3.809723656484024032e-07
7.504000000000000000e+03 3.902484201367020945e-07
7.505000000000000000e+03 3.989833250740320372e-07
7.506000000000000000e+03 4.071642615226486034e-07
7.507000000000000000e+03 4.147788628447273900e-07
7.508000000000000000e+03 4.218152378590155336e-07
7.509000000000000000e+03 4.282620049707273539e-07
7.510000000000000000e+03 4.341082738748321413e-07
7.511000000000000000e+03 4.393436857380555300e-07
7.512000000000000000e+03 4.439584370623410502e-07
7.513000000000000000e+03 4.479432592077617132e-07
7.514000000000000000e+03 4.512894456876027233e-07
7.515000000000000000e+03 4.539889077298583895e-07
7.516000000000000000e+03 4.560341750293680537e-07
7.517000000000000000e+03 4.574184452397845980e-07
7.518000000000000000e+03 4.581356264700202900e-07
7.519000000000000000e+03 4.581803573967918052e-07
7.520000000000000000e+03 4.575480533070341925e-07
7.521000000000000000e+03 4.562349319024690268e-07
7.522000000000000000e+03 4.542380764792629728e-07
7.523000000000000000e+03 4.515554983019239700e-07
7.524000000000000000e+03 4.481861635300653267e-07
7.525000000000000000e+03 4.441300061627401911e-07
7.526000000000000000e+03 4.393880220179161668e-07
7.527000000000000000e+03 4.339623082960062619e-07
7.528000000000000000e+03 4.278561087085044521e-07
7.529000000000000000e+03 4.210738433784312015e-07
7.530000000000000000e+03 4.136211784060517715e-07
7.531000000000000000e+03 4.055050396980779018e-07
7.532000000000000000e+03 3.967336672371859481e-07
7.533000000000000000e+03 3.873166529774638267e-07
7.534000000000000000e+03 3.772650154689793377e-07
7.535000000000000000e+03 3.665911901131381159e-07
7.536000000000000000e+03 3.553090812904412695e-07
7.537000000000000000e+03 3.434341329854318897e-07
7.538000000000000000e+03 3.309833247741717594e-07
7.539000000000000000e+03 3.179752023808873750e-07
7.540000000000000000e+03 3.044299180917710441e-07
7.541000000000000000e+03 2.903692189390056849e-07
7.542000000000000000e+03 2.758164880411498760e-07
7.543000000000000000e+03 2.607967427014217299e-07
7.544000000000000000e+03 2.453366409907628839e-07
7.545000000000000000e+03 2.294645156748326426e-07
7.546000000000000000e+03 2.132103263931916943e-07
7.547000000000000000e+03 1.966056705206942354e-07
7.548000000000000000e+03 1.796837762266497022e-07
7.549000000000000000e+03 1.624794460530352327e-07
7.550000000000000000e+03 1.450290280764962769e-07
7.551000000000000000e+03 1.273704069013279167e-07
7.552000000000000000e+03 1.095429078552390128e-07
7.553000000000000000e+03 9.158726652601666866e-08
7.554000000000000000e+03 7.354553029225768518e-08
7.555000000000000000e+03 5.546098544566438802e-08
7.556000000000000000e+03 3.737804809245962936e-08
7.557000000000000000e+03 1.934214986425531738e-08
7.558000000000000000e+03 1.399648026738552507e-09
7.559000000000000000e+03 -1.640232802342410942e-08
7.560000000000000000e+03 -3.401596936786119283e-08
7.561000000000000000e+03 -5.139291614833452272e-08
7.562000000000000000e+03 -6.848444155250710235e-08
7.563000000000000000e+03 -8.524159351753698109e-08
7.564000000000000000e+03 -1.016153460474569116e-07
7.565000000000000000e+03 -1.175567984054733287e-07
7.566000000000000000e+03 -1.330173050809036907e-07
7.567000000000000000e+03 -1.479486649293642277e-07
7.568000000000000000e+03 -1.623032571366650074e-07
7.569000000000000000e+03 -1.760342481898727579e-07
7.570000000000000000e+03 -1.890957773584351998e-07
7.571000000000000000e+03 -2.014431246792597144e-07
7.572000000000000000e+03 -2.130329096922186046e-07
7.573000000000000000e+03 -2.238232558454247266e-07
7.574000000000000000e+03 -2.337739982581632334e-07
7.575000000000000000e+03 -2.428468431723164291e-07
7.576000000000000000e+03 -2.510055621934608069e-07
7.577000000000000000e+03 -2.582161591016648998e-07
7.578000000000000000e+03 -2.644470449303536059e-07
7.579000000000000000e+03 -2.696691798140855279e-07
7.580000000000000000e+03 -2.738562817339310739e-07
7.581000000000000000e+03 -2.769849537519565727e-07
7.582000000000000000e+03 -2.790348413486913458e-07
7.583000000000000000e+03 -2.799887691490633354e-07
7.584000000000000000e+03 -2.798328817275771152e-07
7.585000000000000000e+03 -2.785567380713982071e-07
7.586000000000000000e+03 -2.761534139039251201e-07
7.587000000000000000e+03 -2.726196208328052951e-07
7.588000000000000000e+03 -2.679558064993826787e-07
7.589000000000000000e+03 -2.621662004850298102e-07
7.590000000000000000e+03 -2.552588928593281350e-07
7.591000000000000000e+03 -2.472458636695595024e-07
7.592000000000000000e+03 -2.381430259652888334e-07
7.593000000000000000e+03 -2.279702723664404587e-07
7.594000000000000000e+03 -2.167514338533942860e-07
7.595000000000000000e+03 -2.045142902931596587e-07
7.596000000000000000e+03 -1.912905507363377559e-07
7.597000000000000000e+03 -1.771157878342288837e-07
7.598000000000000000e+03 -1.620294148718397572e-07
7.599000000000000000e+03 -1.460745899683081939e-07
7.600000000000000000e+03 -1.292981675069496899e-07
7.601000000000000000e+03 -1.117505633296453399e-07
7.602000000000000000e+03 -9.348566148406065024e-08
7.603000000000000000e+03 -7.456067016577191394e-08
7.604000000000000000e+03 -5.503597661660723214e-08
7.605000000000000000e+03 -3.497497018406880012e-08
7.606000000000000000e+03 -1.444391399716106077e-08
7.607000000000000000e+03 6.488271555550618122e-09
7.608000000000000000e+03 2.775020449734153516e-08
7.609000000000000000e+03 4.926830082566228402e-08
7.610000000000000000e+03 7.096695635347092722e-08
7.611000000000000000e+03 9.276878894168463104e-08
7.612000000000000000e+03 1.145949178309913524e-07
7.613000000000000000e+03 1.363652054509464905e-07
7.614000000000000000e+03 1.579985280324469397e-07
7.615000000000000000e+03 1.794130527849469641e-07
7.616000000000000000e+03 2.005265429890503682e-07
7.617000000000000000e+03 2.212566368868380268e-07
7.618000000000000000e+03 2.415211741396299718e-07
7.619000000000000000e+03 2.612384761664772907e-07
7.620000000000000000e+03 2.803276655082591253e-07
7.621000000000000000e+03 2.987089243752474215e-07
7.622000000000000000e+03 3.163038446864301680e-07
7.623000000000000000e+03 3.330357467989807651e-07
7.624000000000000000e+03 3.488299645270215267e-07
7.625000000000000000e+03 3.636141560184283130e-07
7.626000000000000000e+03 3.773185803660864524e-07
7.627000000000000000e+03 3.898764181976784556e-07
7.628000000000000000e+03 4.012240099687479550e-07
7.629000000000000000e+03 4.113011493265691284e-07
7.630000000000000000e+03 4.200513232757683984e-07
7.631000000000000000e+03 4.274220039257186139e-07
7.632000000000000000e+03 4.333648507032718436e-07
7.633000000000000000e+03 4.378359730494645654e-07
7.634000000000000000e+03 4.407961111485636539e-07
7.635000000000000000e+03 4.422108337109053208e-07
7.636000000000000000e+03 4.420507525491141941e-07
7.637000000000000000e+03 4.402916675015980809e-07
7.638000000000000000e+03 4.369147052324216920e-07
7.639000000000000000e+03 4.319064238701808247e-07
7.640000000000000000e+03 4.252589647236744949e-07
7.641000000000000000e+03 4.169701402274530550e-07
7.642000000000000000e+03 4.070435064287015691e-07
7.643000000000000000e+03 3.954883963180222337e-07
7.644000000000000000e+03 3.823199364287151692e-07
7.645000000000000000e+03 3.675590659914615808e-07
7.646000000000000000e+03 3.512325453330241022e-07
7.647000000000000000e+03 3.333728928090459900e-07
7.648000000000000000e+03 3.140183435776136043e-07
7.649000000000000000e+03 2.932127657466073324e-07
7.650000000000000000e+03 2.710055611291048484e-07
7.651000000000000000e+03 2.474515470269690616e-07
7.652000000000000000e+03 2.226108163870149138e-07
7.653000000000000000e+03 1.965485611603263079e-07
7.654000000000000000e+03 1.693348918447548014e-07
7.655000000000000000e+03 1.410446639806452199e-07
7.656000000000000000e+03 1.117572323920069081e-07
7.657000000000000000e+03 8.155620214588372753e-08
7.658000000000000000e+03 5.052916716515605801e-08
7.659000000000000000e+03 1.876740134919073608e-08
7.660000000000000000e+03 -1.363441487722516483e-08
7.661000000000000000e+03 -4.657848022773623891e-08
7.662000000000000000e+03 -7.996423702127801027e-08
7.663000000000000000e+03 -1.136887073513137332e-07
7.664000000000000000e+03 -1.476468329028755245e-07
7.665000000000000000e+03 -1.817318503613513897e-07
7.666000000000000000e+03 -2.158356490174671414e-07
7.667000000000000000e+03 -2.498491569885400047e-07
7.668000000000000000e+03 -2.836627303447736872e-07
7.669000000000000000e+03 -3.171665058715080716e-07
7.670000000000000000e+03 -3.502508198736478964e-07
7.671000000000000000e+03 -3.828066134210643864e-07
7.672000000000000000e+03 -4.147258096054660322e-07
7.673000000000000000e+03 -4.459016932481368092e-07
7.674000000000000000e+03 -4.762292551201917725e-07
7.675000000000000000e+03 -5.056056193927328898e-07
7.676000000000000000e+03 -5.339304036893063565e-07
7.677000000000000000e+03 -5.611060822434643227e-07
7.678000000000000000e+03 -5.870382940124844714e-07
7.679000000000000000e+03 -6.116362078403286235e-07
7.680000000000000000e+03 -6.348128376395840161e-07
7.681000000000000000e+03 -6.564853724726054919e-07
7.682000000000000000e+03 -6.765754498725425051e-07
7.683000000000000000e+03 -6.950094434017308579e-07
7.684000000000000000e+03 -7.117187179375544330e-07
7.685000000000000000e+03 -7.266398961698533401e-07
7.686000000000000000e+03 -7.397150554610710204e-07
7.687000000000000000e+03 -7.508919498571165553e-07
7.688000000000000000e+03 -7.601241706076850927e-07
7.689000000000000000e+03 -7.673713496036963610e-07
7.690000000000000000e+03 -7.725992979820816707e-07
7.691000000000000000e+03 -7.757801209754104660e-07
7.692000000000000000e+03 -7.768922974318889027e-07
7.693000000000000000e+03 -7.759207625313638720e-07
7.694000000000000000e+03 -7.728569606565954665e-07
7.695000000000000000e+03 -7.676988361524001647e-07
7.696000000000000000e+03 -7.604508865393711996e-07
7.697000000000000000e+03 -7.511241350735247725e-07
7.698000000000000000e+03 -7.397360655461905066e-07
7.699000000000000000e+03 -7.263105537758546422e-07
7.700000000000000000e+03 -7.108778177273614251e-07
7.701000000000000000e+03 -6.934742815691456770e-07
7.702000000000000000e+03 -6.741424611397289973e-07
7.703000000000000000e+03 -6.529308056090717125e-07
7.704000000000000000e+03 -6.298935365928142721e-07
7.705000000000000000e+03 -6.050904659654258855e-07
7.706000000000000000e+03 -5.785868174997140646e-07
7.707000000000000000e+03 -5.504530077125301086e-07
7.708000000000000000e+03 -5.207643670647948159e-07
7.709000000000000000e+03 -4.896009650777458157e-07
7.710000000000000000e+03 -4.570473091169592215e-07
7.711000000000000000e+03 -4.231920770805348702e-07
7.712000000000000000e+03 -3.881278615393998900e-07
7.713000000000000000e+03 -3.519508518264789400e-07
7.714000000000000000e+03 -3.147605285373892045e-07
7.715000000000000000e+03 -2.766593513537830225e-07
7.716000000000000000e+03 -2.377524449458853910e-07
7.717000000000000000e+03 -1.981472828109804966e-07
7.718000000000000000e+03 -1.579533216147001062e-07
7.719000000000000000e+03 -1.172816578618795993e-07
7.720000000000000000e+03 -7.624468813802041749e-08
7.721000000000000000e+03 -3.495575925389985119e-08
7.722000000000000000e+03 6.471165371428071029e-09
7.723000000000000000e+03 4.792187922171928642e-08
7.724000000000000000e+03 8.928227269030850471e-08
7.725000000000000000e+03 1.304387109651634190e-07
7.726000000000000000e+03 1.712783559648149143e-07
7.727000000000000000e+03 2.116895354310179751e-07
7.728000000000000000e+03 2.515620970208056644e-07
7.729000000000000000e+03 2.907877434910034436e-07
7.730000000000000000e+03 3.292603444057355601e-07
7.731000000000000000e+03 3.668762460979934548e-07
7.732000000000000000e+03 4.035345800951456278e-07
7.733000000000000000e+03 4.391375712662047505e-07
7.734000000000000000e+03 4.735907991483536725e-07
7.735000000000000000e+03 5.068035199698217205e-07
7.736000000000000000e+03 5.386888782747381221e-07
7.737000000000000000e+03 5.691641659082566111e-07
7.738000000000000000e+03 5.981510117038534697e-07
7.739000000000000000e+03 6.255756493092118789e-07
7.740000000000000000e+03 6.513690766979605206e-07
7.741000000000000000e+03 6.754672494268674677e-07
7.742000000000000000e+03 6.978111981345090217e-07
7.743000000000000000e+03 7.183472044483624835e-07
7.744000000000000000e+03 7.370269082729631268e-07
7.745000000000000000e+03 7.538074450059054022e-07
7.746000000000000000e+03 7.686515064649983251e-07
7.747000000000000000e+03 7.815274022506961660e-07
7.748000000000000000e+03 7.924091336994695554e-07
7.749000000000000000e+03 8.012763921252790056e-07
7.750000000000000000e+03 8.081145991678088288e-07
7.751000000000000000e+03 8.129149089730138061e-07
7.752000000000000000e+03 8.156741884574718498e-07
7.753000000000000000e+03 8.163949561244266501e-07
7.754000000000000000e+03 8.150853352381600356e-07
7.755000000000000000e+03 8.117590134510145287e-07
7.756000000000000000e+03 8.064351327909251509e-07
7.757000000000000000e+03 7.991381995739047111e-07
7.758000000000000000e+03 7.898980091377324571e-07
7.759000000000000000e+03 7.787494765379165981e-07
7.760000000000000000e+03 7.657324818610044531e-07
7.761000000000000000e+03 7.508917286268241183e-07
7.762000000000000000e+03 7.342765572500531115e-07
7.763000000000000000e+03 7.159407961507672782e-07
7.764000000000000000e+03 6.959425908028240695e-07
7.765000000000000000e+03 6.743441998568866672e-07
7.766000000000000000e+03 6.512117687245801738e-07
7.767000000000000000e+03 6.266151191236971559e-07
7.768000000000000000e+03 6.006274747637598092e-07
7.769000000000000000e+03 5.733252781168511428e-07
7.770000000000000000e+03 5.447878907877606180e-07
7.771000000000000000e+03 5.150973941197325770e-07
7.772000000000000000e+03 4.843383070874913112e-07
7.773000000000000000e+03 4.525972803496346562e-07
7.774000000000000000e+03 4.199628817501813257e-07
7.775000000000000000e+03 3.865253132124341682e-07
7.776000000000000000e+03 3.523761141473822190e-07
7.777000000000000000e+03 3.176078877362344282e-07
7.778000000000000000e+03 2.823140367330244509e-07
7.779000000000000000e+03 2.465884631085934053e-07
7.780000000000000000e+03 2.105253202122818722e-07
7.781000000000000000e+03 1.742186729564778704e-07
7.782000000000000000e+03 1.377622791582166152e-07
7.783000000000000000e+03 1.012492803281134906e-07
7.784000000000000000e+03 6.477199295245332123e-08
7.785000000000000000e+03 2.842163791467749283e-08
7.786000000000000000e+03 -7.711909567945357437e-09
7.787000000000000000e+03 -4.354037575905063103e-08
7.788000000000000000e+03 -7.897729890730422720e-08
7.789000000000000000e+03 -1.139382744634015732e-07
7.790000000000000000e+03 -1.483411803319249837e-07
7.791000000000000000e+03 -1.821063940690070094e-07
7.792000000000000000e+03 -2.151569745203685077e-07
7.793000000000000000e+03 -2.474188469219498590e-07
7.794000000000000000e+03 -2.788209731371826375e-07
7.795000000000000000e+03 -3.092955206719711405e-07
7.796000000000000000e+03 -3.387780363915099468e-07
7.797000000000000000e+03 -3.672075818293964810e-07
7.798000000000000000e+03 -3.945269209067759518e-07
7.799000000000000000e+03 -4.206825816994389628e-07
7.800000000000000000e+03 -4.456249888323091633e-07
7.801000000000000000e+03 -4.693085535273587461e-07
7.802000000000000000e+03 -4.916917964667677570e-07
7.803000000000000000e+03 -5.127373833700447200e-07
7.804000000000000000e+03 -5.324122231965259952e-07
7.805000000000000000e+03 -5.506874714359060785e-07
7.806000000000000000e+03 -5.675385710390968335e-07
7.807000000000000000e+03 -5.829452512808162974e-07
7.808000000000000000e+03 -5.968915280747700639e-07
7.809000000000000000e+03 -6.093657101000171860e-07
7.810000000000000000e+03 -6.203603430106002512e-07
7.811000000000000000e+03 -6.298721705270769965e-07
7.812000000000000000e+03 -6.379020926511470819e-07
7.813000000000000000e+03 -6.444550659521811625e-07
7.814000000000000000e+03 -6.495400486719039028e-07
7.815000000000000000e+03 -6.531698883481912984e-07
7.816000000000000000e+03 -6.553612021382925078e-07
7.817000000000000000e+03 -6.561342422578742792e-07
7.818000000000000000e+03 -6.555127785135140322e-07
7.819000000000000000e+03 -6.535239511699477677e-07
7.820000000000000000e+03 -6.501981271231294943e-07
7.821000000000000000e+03 -6.455687117511609002e-07
7.822000000000000000e+03 -6.396720270205508763e-07
7.823000000000000000e+03 -6.325471155896451512e-07
7.824000000000000000e+03 -6.242355748663565964e-07
7.825000000000000000e+03 -6.147813733216958152e-07
7.826000000000000000e+03 -6.042306777445300746e-07
7.827000000000000000e+03 -5.926316529266747874e-07
7.828000000000000000e+03 -5.800342641894912718e-07
7.829000000000000000e+03 -5.664900758076634843e-07
7.830000000000000000e+03 -5.520520608231145682e-07
7.831000000000000000e+03 -5.367743791107676743e-07
7.832000000000000000e+03 -5.207121991607756859e-07
7.833000000000000000e+03 -5.039215056680843549e-07
7.834000000000000000e+03 -4.864588601643957248e-07
7.835000000000000000e+03 -4.683812003072493709e-07
7.836000000000000000e+03 -4.497456525445065714e-07
7.837000000000000000e+03 -4.306093231518212277e-07
7.838000000000000000e+03 -4.110291278167983228e-07
7.839000000000000000e+03 -3.910615915268546620e-07
7.840000000000000000e+03 -3.707626361779245637e-07
7.841000000000000000e+03 -3.501874411962353747e-07
7.842000000000000000e+03 -3.293902468293547401e-07
7.843000000000000000e+03 -3.084241888055941929e-07
7.844000000000000000e+03 -2.873411912691054477e-07
7.845000000000000000e+03 -2.661918159950412043e-07
7.846000000000000000e+03 -2.450251032523835137e-07
7.847000000000000000e+03 -2.238884450798905055e-07
7.848000000000000000e+03 -2.028274639078436452e-07
7.849000000000000000e+03 -1.818859603595925436e-07
7.850000000000000000e+03 -1.611057854706544670e-07
7.851000000000000000e+03 -1.405267578472021060e-07
7.852000000000000000e+03 -1.201866009662631257e-07
7.853000000000000000e+03 -1.001208819268211931e-07
7.854000000000000000e+03 -8.036294410506863861e-08
7.855000000000000000e+03 -6.094389404155435670e-08
7.856000000000000000e+03 -4.189255949933805056e-08
7.857000000000000000e+03 -2.323545679991442251e-08
7.858000000000000000e+03 -4.996788978474305969e-09
7.859000000000000000e+03 1.280155559585574741e-08
7.860000000000000000e+03 3.013997709567315871e-08
7.861000000000000000e+03 4.700114285763293335e-08
7.862000000000000000e+03 6.336996758323638477e-08
7.863000000000000000e+03 7.923357203616128163e-08
7.864000000000000000e+03 9.458121073350894535e-08
7.865000000000000000e+03 1.094042194180385711e-07
7.866000000000000000e+03 1.236959419257037220e-07
7.867000000000000000e+03 1.374516272364972923e-07
7.868000000000000000e+03 1.506683534556348707e-07
7.869000000000000000e+03 1.633449472465132734e-07
7.870000000000000000e+03 1.754818703778713381e-07
7.871000000000000000e+03 1.870811080305944338e-07
7.872000000000000000e+03 1.981460257457436797e-07
7.873000000000000000e+03 2.086812961952546760e-07
7.874000000000000000e+03 2.186927847378619632e-07
7.875000000000000000e+03 2.281873966763784244e-07
7.876000000000000000e+03 2.371729669884697524e-07
7.877000000000000000e+03 2.456581579362218925e-07
7.878000000000000000e+03 2.536522833142134046e-07
7.879000000000000000e+03 2.611652426007356192e-07
7.880000000000000000e+03 2.682073952950609801e-07
7.881000000000000000e+03 2.747894457323527721e-07
7.882000000000000000e+03 2.809223283457641739e-07
7.883000000000000000e+03 2.866171207036748875e-07
7.884000000000000000e+03 2.918849403947317697e-07
7.885000000000000000e+03 2.967368508981603364e-07
7.886000000000000000e+03 3.011837639749846253e-07
7.887000000000000000e+03 3.052363673174777976e-07
7.888000000000000000e+03 3.089050412423750786e-07
7.889000000000000000e+03 3.121997843227757883e-07
7.890000000000000000e+03 3.151301741521024866e-07
7.891000000000000000e+03 3.177052832039374154e-07
7.892000000000000000e+03 3.199336062950484538e-07
7.893000000000000000e+03 3.218230145319749467e-07
7.894000000000000000e+03 3.233807251406310380e-07
7.895000000000000000e+03 3.246132743786486200e-07
7.896000000000000000e+03 3.255264686883477068e-07
7.897000000000000000e+03 3.261253231473608603e-07
7.898000000000000000e+03 3.264140805364359706e-07
7.899000000000000000e+03 3.263961876207336396e-07
7.900000000000000000e+03 3.260742512557161988e-07
7.901000000000000000e+03 3.254500349518198797e-07
7.902000000000000000e+03 3.245244775006716307e-07
7.903000000000000000e+03 3.232977169741323219e-07
7.904000000000000000e+03 3.217690639176232349e-07
7.905000000000000000e+03 3.199370804248026804e-07
7.906000000000000000e+03 3.177996221154701309e-07
7.907000000000000000e+03 3.153538313785192794e-07
7.908000000000000000e+03 3.125962080597113119e-07
7.909000000000000000e+03 3.095226854548134217e-07
7.910000000000000000e+03 3.061286679836203295e-07
7.911000000000000000e+03 3.024091072404739335e-07
7.912000000000000000e+03 2.983585614028005896e-07
7.913000000000000000e+03 2.939712827883781619e-07
7.914000000000000000e+03 2.892413267506014296e-07
7.915000000000000000e+03 2.841625971958421920e-07
7.916000000000000000e+03 2.787289700583063378e-07
7.917000000000000000e+03 2.729343875873475497e-07
7.918000000000000000e+03 2.667729591331750590e-07
7.919000000000000000e+03 2.602390476292569023e-07
7.920000000000000000e+03 2.533273611333685290e-07
7.921000000000000000e+03 2.460330857289126220e-07
7.922000000000000000e+03 2.383519871570498825e-07
7.923000000000000000e+03 2.302805114962625968e-07
7.924000000000000000e+03 2.218158854334016250e-07
7.925000000000000000e+03 2.129562170106817051e-07
7.926000000000000000e+03 2.037006090846329544e-07
7.927000000000000000e+03 1.940492808135869275e-07
7.928000000000000000e+03 1.840036455526200381e-07
7.929000000000000000e+03 1.735663962409030137e-07
7.930000000000000000e+03 1.627416549229585235e-07
7.931000000000000000e+03 1.515350041858884755e-07
7.932000000000000000e+03 1.399535894297497114e-07
7.933000000000000000e+03 1.280062028069851035e-07
7.934000000000000000e+03 1.157033516257176806e-07
7.935000000000000000e+03 1.030572927834194574e-07
7.936000000000000000e+03 9.008210941454516113e-08
7.937000000000000000e+03 7.679373630233407831e-08
7.938000000000000000e+03 6.320998019195364215e-08
7.939000000000000000e+03 4.935055365268695112e-08
7.940000000000000000e+03 3.523707256959999393e-08
7.941000000000000000e+03 2.089308499138191738e-08
7.942000000000000000e+03 6.344004013657070425e-09
7.943000000000000000e+03 -8.382948318948360051e-09
7.944000000000000000e+03 -2.325871844602741922e-08
7.945000000000000000e+03 -3.825253584831199925e-08
7.946000000000000000e+03 -5.333196908516917352e-08
7.947000000000000000e+03 -6.846300847852653695e-08
7.948000000000000000e+03 -8.361015288059220839e-08
7.949000000000000000e+03 -9.873653136418533486e-08
7.950000000000000000e+03 -1.138039719216682415e-07
7.951000000000000000e+03 -1.287731498743635197e-07
7.952000000000000000e+03 -1.436037580544829746e-07
7.953000000000000000e+03 -1.582546410673536559e-07
7.954000000000000000e+03 -1.726838984523786583e-07
7.955000000000000000e+03 -1.868490097297066689e-07
7.956000000000000000e+03 -2.007070433177986842e-07
7.957000000000000000e+03 -2.142147797698148911e-07
7.958000000000000000e+03 -2.273289260947881549e-07
7.959000000000000000e+03 -2.400062205696837506e-07
7.960000000000000000e+03 -2.522036755592840350e-07
7.961000000000000000e+03 -2.638787119263663580e-07
7.962000000000000000e+03 -2.749893714415521847e-07
7.963000000000000000e+03 -2.854944454194853130e-07
7.964000000000000000e+03 -2.953536653134928376e-07
7.965000000000000000e+03 -3.045279141882187061e-07
7.966000000000000000e+03 -3.129793865101701513e-07
7.967000000000000000e+03 -3.206717542034338439e-07
7.968000000000000000e+03 -3.275703052534792771e-07
7.969000000000000000e+03 -3.336421144926157347e-07
7.970000000000000000e+03 -3.388562043178467833e-07
7.971000000000000000e+03 -3.431837000096054146e-07
7.972000000000000000e+03 -3.465979675700581271e-07
7.973000000000000000e+03 -3.490747592462307241e-07
7.974000000000000000e+03 -3.505923675660544648e-07
7.975000000000000000e+03 -3.511317408943942191e-07
7.976000000000000000e+03 -3.506765998111039391e-07
7.977000000000000000e+03 -3.492135359443533273e-07
7.978000000000000000e+03 -3.467321282702187818e-07
7.979000000000000000e+03 -3.432250149931073284e-07
7.980000000000000000e+03 -3.386879479305367256e-07
7.981000000000000000e+03 -3.331198516332237756e-07
7.982000000000000000e+03 -3.265229097075317617e-07
7.983000000000000000e+03 -3.189025894593475538e-07
7.984000000000000000e+03 -3.102676764158631325e-07
7.985000000000000000e+03 -3.006302931392367219e-07
7.986000000000000000e+03 -2.900058793011327800e-07
7.987000000000000000e+03 -2.784131914758616781e-07
7.988000000000000000e+03 -2.658742843782386585e-07
7.989000000000000000e+03 -2.524144904815787858e-07
7.990000000000000000e+03 -2.380623338592823355e-07
7.991000000000000000e+03 -2.228495170700785382e-07
7.992000000000000000e+03 -2.068108209918164679e-07
7.993000000000000000e+03 -1.899839841910944286e-07
7.994000000000000000e+03 -1.724096365233918454e-07
7.995000000000000000e+03 -1.541312117253164468e-07
7.996000000000000000e+03 -1.351947886604792470e-07
7.997000000000000000e+03 -1.156490010713432119e-07
7.998000000000000000e+03 -9.554485652221216370e-08
7.999000000000000000e+03 -7.493566304236998951e-08
8.000000000000000000e+03 -5.387682242042153713e-08
8.001000000000000000e+03 -3.242564308883201522e-08
8.002000000000000000e+03 -1.064116542403738279e-08
8.003000000000000000e+03 1.141599832784864062e-08
8.004000000000000000e+03 3.368386005485485367e-08
8.005000000000000000e+03 5.609928115607993407e-08
8.006000000000000000e+03 7.859817567773651143e-08
8.007000000000000000e+03 1.011157085447544598e-07
8.008000000000000000e+03 1.235865454967056234e-07
8.009000000000000000e+03 1.459450627748602220e-07
8.010000000000000000e+03 1.681256048528016641e-07
8.011000000000000000e+03 1.900627069209431016e-07
8.012000000000000000e+03 2.116913836191682193e-07
8.013000000000000000e+03 2.329472942744843443e-07
8.014000000000000000e+03 2.537670346176852402e-07
8.015000000000000000e+03 2.740883771253320540e-07
8.016000000000000000e+03 2.938504835019676653e-07
8.017000000000000000e+03 3.129941862275226745e-07
8.018000000000000000e+03 3.314621842015040687e-07
8.019000000000000000e+03 3.491992789732553138e-07
8.020000000000000000e+03 3.661526019273199098e-07
8.021000000000000000e+03 3.822717832017745808e-07
8.022000000000000000e+03 3.975091749139689702e-07
8.023000000000000000e+03 4.118200703021791431e-07
8.024000000000000000e+03 4.251628519810019503e-07
8.025000000000000000e+03 4.374991719730658950e-07
8.026000000000000000e+03 4.487940768415730783e-07
8.027000000000000000e+03 4.590161419329417494e-07
8.028000000000000000e+03 4.681376136880024372e-07
8.029000000000000000e+03 4.761344894902788636e-07
8.030000000000000000e+03 4.829866094458177858e-07
8.031000000000000000e+03 4.886777299452600492e-07
8.032000000000000000e+03 4.931956025031325184e-07
8.033000000000000000e+03 4.965320026482678479e-07
8.034000000000000000e+03 4.986827073548708477e-07
8.035000000000000000e+03 4.996475114563631686e-07
8.036000000000000000e+03 4.994302247821490436e-07
8.037000000000000000e+03 4.980386328164583324e-07
8.038000000000000000e+03 4.954844578483195987e-07
8.039000000000000000e+03 4.917832946284265135e-07
8.040000000000000000e+03 4.869545499307079840e-07
8.041000000000000000e+03 4.810213250781334863e-07
8.042000000000000000e+03 4.740103481214552462e-07
8.043000000000000000e+03 4.659518483189005396e-07
8.044000000000000000e+03 4.568794263792801064e-07
8.045000000000000000e+03 4.468299004971876864e-07
8.046000000000000000e+03 4.358431590531677700e-07
8.047000000000000000e+03 4.239619691777353998e-07
8.048000000000000000e+03 4.112318337122224018e-07
8.049000000000000000e+03 3.977008107380799937e-07
8.050000000000000000e+03 3.834193129906868968e-07
8.051000000000000000e+03 3.684398984746356892e-07
8.052000000000000000e+03 3.528170357459560259e-07
8.053000000000000000e+03 3.366068854143961234e-07
8.054000000000000000e+03 3.198670567040278250e-07
8.055000000000000000e+03 3.026563453965076779e-07
8.056000000000000000e+03 2.850345192759049285e-07
8.057000000000000000e+03 2.670620530565732708e-07
8.058000000000000000e+03 2.487998432058029771e-07
8.059000000000000000e+03 2.303089360902900930e-07
8.060000000000000000e+03 2.116502918664141623e-07
8.061000000000000000e+03 1.928845128132510495e-07
8.062000000000000000e+03 1.740715357849648404e-07
8.063000000000000000e+03 1.552703855434315437e-07
8.064000000000000000e+03 1.365389407520451605e-07
8.065000000000000000e+03 1.179336662464358932e-07
8.066000000000000000e+03 9.950936326974391650e-08
8.067000000000000000e+03 8.131889200236856263e-08
8.068000000000000000e+03 6.341293139240552386e-08
8.069000000000000000e+03 4.583981523381133793e-08
8.070000000000000000e+03 2.864531289225503999e-08
8.071000000000000000e+03 1.187236854546256483e-08
8.072000000000000000e+03 -4.439026284918416436e-09
8.073000000000000000e+03 -2.025200192567167330e-08
8.074000000000000000e+03 -3.553294899949567615e-08
8.075000000000000000e+03 -5.025165328735053827e-08
8.076000000000000000e+03 -6.438137438101335893e-08
8.077000000000000000e+03 -7.789897170345709302e-08
8.078000000000000000e+03 -9.078493981801920252e-08
8.079000000000000000e+03 -1.030234761052872690e-07
8.080000000000000000e+03 -1.146025408196958154e-07
8.081000000000000000e+03 -1.255138235500653810e-07
8.082000000000000000e+03 -1.357527423832069716e-07
8.083000000000000000e+03 -1.453184088715613297e-07
8.084000000000000000e+03 -1.542135774225495669e-07
8.085000000000000000e+03 -1.624446470693197071e-07
8.086000000000000000e+03 -1.700214837200803532e-07
8.087000000000000000e+03 -1.769573512179879428e-07
8.088000000000000000e+03 -1.832688117903358448e-07
8.089000000000000000e+03 -1.889756055296239012e-07
8.090000000000000000e+03 -1.941004594149667034e-07
8.091000000000000000e+03 -1.986689574577878435e-07
8.092000000000000000e+03 -2.027093806388403428e-07
8.093000000000000000e+03 -2.062524564928585340e-07
8.094000000000000000e+03 -2.093312018057080343e-07
8.095000000000000000e+03 -2.119807131365962275e-07
8.096000000000000000e+03 -2.142378728980519929e-07
8.097000000000000000e+03 -2.161411379431608076e-07
8.098000000000000000e+03 -2.177302679748483336e-07
8.099000000000000000e+03 -2.190460771538605731e-07
8.100000000000000000e+03 -2.201301777476127528e-07
8.101000000000000000e+03 -2.210246975394249335e-07
8.102000000000000000e+03 -2.217719645878516756e-07
8.103000000000000000e+03 -2.224142820883341407e-07
8.104000000000000000e+03 -2.229936260400499525e-07
8.105000000000000000e+03 -2.235513185397615845e-07
8.106000000000000000e+03 -2.241278061141342135e-07
8.107000000000000000e+03 -2.247623572270567992e-07
8.108000000000000000e+03 -2.254927862771042454e-07
8.109000000000000000e+03 -2.263552292757764058e-07
8.110000000000000000e+03 -2.273838843678114007e-07
8.111000000000000000e+03 -2.286107308238870918e-07
8.112000000000000000e+03 -2.300653071338217470e-07
8.113000000000000000e+03 -2.317745383136277271e-07
8.114000000000000000e+03 -2.337625357673510566e-07
8.115000000000000000e+03 -2.360504105462297939e-07
8.116000000000000000e+03 -2.386560745594745196e-07
8.117000000000000000e+03 -2.415941520251043176e-07
8.118000000000000000e+03 -2.448758291895982306e-07
8.119000000000000000e+03 -2.485087623125442542e-07
8.120000000000000000e+03 -2.524970003534066974e-07
8.121000000000000000e+03 -2.568409341291905394e-07
8.122000000000000000e+03 -2.615372829203412518e-07
8.123000000000000000e+03 -2.665790196704583783e-07
8.124000000000000000e+03 -2.719554530380969788e-07
8.125000000000000000e+03 -2.776522234970961266e-07
8.126000000000000000e+03 -2.836513885649751924e-07
8.127000000000000000e+03 -2.899314348322805615e-07
8.128000000000000000e+03 -2.964674189724949492e-07
8.129000000000000000e+03 -3.032310863953123592e-07
8.130000000000000000e+03 -3.101910421665773090e-07
8.131000000000000000e+03 -3.173128738208148090e-07
8.132000000000000000e+03 -3.245593259311161898e-07
8.133000000000000000e+03 -3.318905261262768281e-07
8.134000000000000000e+03 -3.392641779950187020e-07
8.135000000000000000e+03 -3.466358007376747968e-07
8.136000000000000000e+03 -3.539589886358060212e-07
8.137000000000000000e+03 -3.611856173966514500e-07
8.138000000000000000e+03 -3.682661275071344886e-07
8.139000000000000000e+03 -3.751498056313530554e-07
8.140000000000000000e+03 -3.817851014502117191e-07
8.141000000000000000e+03 -3.881199300926584377e-07
8.142000000000000000e+03 -3.941019064295331544e-07
8.143000000000000000e+03 -3.996786961429975025e-07
8.144000000000000000e+03 -4.047983145150982023e-07
8.145000000000000000e+03 -4.094093965308899077e-07
8.146000000000000000e+03 -4.134615052615977658e-07
8.147000000000000000e+03 -4.169054365708594496e-07
8.148000000000000000e+03 -4.196935155329168273e-07
8.149000000000000000e+03 -4.217798695909605508e-07
8.150000000000000000e+03 -4.231207271960092835e-07
8.151000000000000000e+03 -4.236746588349846353e-07
8.152000000000000000e+03 -4.234028366226887110e-07
8.153000000000000000e+03 -4.222692953803716516e-07
8.154000000000000000e+03 -4.202411426796490954e-07
8.155000000000000000e+03 -4.172887912808441050e-07
8.156000000000000000e+03 -4.133861647833856535e-07
8.157000000000000000e+03 -4.085108772135037615e-07
8.158000000000000000e+03 -4.026444263747548240e-07
8.159000000000000000e+03 -3.957723053857110108e-07
8.160000000000000000e+03 -3.878841369066920433e-07
8.161000000000000000e+03 -3.789737848478294493e-07
8.162000000000000000e+03 -3.690394549461171202e-07
8.163000000000000000e+03 -3.580837278578822295e-07
8.164000000000000000e+03 -3.461136386530091272e-07
8.165000000000000000e+03 -3.331407011540831603e-07
8.166000000000000000e+03 -3.191809181321032831e-07
8.167000000000000000e+03 -3.042547349858904547e-07
8.168000000000000000e+03 -2.883870373898413044e-07
8.169000000000000000e+03 -2.716070848975029208e-07
8.170000000000000000e+03 -2.539484269008640901e-07
8.171000000000000000e+03 -2.354488625340787927e-07
8.172000000000000000e+03 -2.161502927145149209e-07
8.173000000000000000e+03 -1.960985980086864143e-07
8.174000000000000000e+03 -1.753434897978669042e-07
8.175000000000000000e+03 -1.539383298070326244e-07
8.176000000000000000e+03 -1.319399978726483531e-07
8.177000000000000000e+03 -1.094087055793590736e-07
8.178000000000000000e+03 -8.640777005852048859e-08
8.179000000000000000e+03 -6.300333581630340852e-08
8.180000000000000000e+03 -3.926418484869219132e-08
8.181000000000000000e+03 -1.526148665730878981e-08
8.182000000000000000e+03 8.931473778798766513e-09
8.183000000000000000e+03 3.323956419382531700e-08
8.184000000000000000e+03 5.758605650615566315e-08
8.185000000000000000e+03 8.189294624899537366e-08
8.186000000000000000e+03 1.060812862916280842e-07
8.187000000000000000e+03 1.300715089749781114e-07
8.188000000000000000e+03 1.537837286026064646e-07
8.189000000000000000e+03 1.771380443316168748e-07
8.190000000000000000e+03 2.000548639982355080e-07
8.191000000000000000e+03 2.224552506978270309e-07
8.192000000000000000e+03 2.442612626651980188e-07
8.193000000000000000e+03 2.653962945998319244e-07
8.194000000000000000e+03 2.857854045106834935e-07
8.195000000000000000e+03 3.053556439956986646e-07
8.196000000000000000e+03 3.240363538797529174e-07
8.197000000000000000e+03 3.417595337297024838e-07
8.198000000000000000e+03 3.584601490550928290e-07
8.199000000000000000e+03 3.740763850725848351e-07
8.200000000000000000e+03 3.885500108925504911e-07
8.201000000000000000e+03 4.018266419720551528e-07
8.202000000000000000e+03 4.138559989773795814e-07
8.203000000000000000e+03 4.245921302921158981e-07
8.204000000000000000e+03 4.339937304103291913e-07
8.205000000000000000e+03 4.420242660412268936e-07
8.206000000000000000e+03 4.486522452789142662e-07
8.207000000000000000e+03 4.538513571829052275e-07
8.208000000000000000e+03 4.576006047520289266e-07
8.209000000000000000e+03 4.598844973202601068e-07
8.210000000000000000e+03 4.606931580639685093e-07
8.211000000000000000e+03 4.600224326621778998e-07
8.212000000000000000e+03 4.578739049849729875e-07
8.213000000000000000e+03 4.542549553399658939e-07
8.214000000000000000e+03 4.491787379419788031e-07
8.215000000000000000e+03 4.426641840598139247e-07
8.216000000000000000e+03 4.347359619433194705e-07
8.217000000000000000e+03 4.254243912403286057e-07
8.218000000000000000e+03 4.147652776179299846e-07
8.219000000000000000e+03 4.027998066340716239e-07
8.220000000000000000e+03 3.895744061535054073e-07
8.221000000000000000e+03 3.751405605126289216e-07
8.222000000000000000e+03 3.595545881643551301e-07
8.223000000000000000e+03 3.428773928969443898e-07
8.224000000000000000e+03 3.251741808724966785e-07
8.225000000000000000e+03 3.065142021781748156e-07
8.226000000000000000e+03 2.869704483951233654e-07
8.227000000000000000e+03 2.666193287301141163e-07
8.228000000000000000e+03 2.455403406660932395e-07
8.229000000000000000e+03 2.238156819176024432e-07
8.230000000000000000e+03 2.015299316244577488e-07
8.231000000000000000e+03 1.787696673677509363e-07
8.232000000000000000e+03 1.556230981209931257e-07
8.233000000000000000e+03 1.321796844958097314e-07
8.234000000000000000e+03 1.085297426046761450e-07
8.235000000000000000e+03 8.476406149096227950e-08
8.236000000000000000e+03 6.097349343165303350e-08
8.237000000000000000e+03 3.724860051274651403e-08
8.238000000000000000e+03 1.367923982392006314e-08
8.239000000000000000e+03 -9.645763902454847061e-09
8.240000000000000000e+03 -3.263899871493832258e-08
8.241000000000000000e+03 -5.521481361860034249e-08
8.242000000000000000e+03 -7.728966774174793871e-08
8.243000000000000000e+03 -9.878243422279366339e-08
8.244000000000000000e+03 -1.196147943250515106e-07
8.245000000000000000e+03 -1.397115423258856895e-07
8.246000000000000000e+03 -1.590008242617932992e-07
8.247000000000000000e+03 -1.774144040294264137e-07
8.248000000000000000e+03 -1.948879313569153903e-07
8.249000000000000000e+03 -2.113611644531581221e-07
8.250000000000000000e+03 -2.267781935854585119e-07
8.251000000000000000e+03 -2.410876223229524868e-07
8.252000000000000000e+03 -2.542427481495831015e-07
8.253000000000000000e+03 -2.662016595345041776e-07
8.254000000000000000e+03 -2.769273718919729929e-07
8.255000000000000000e+03 -2.863879159464251359e-07
8.256000000000000000e+03 -2.945563869174295689e-07
8.257000000000000000e+03 -3.014110378106403885e-07
8.258000000000000000e+03 -3.069352428060527716e-07
8.259000000000000000e+03 -3.111175198356417265e-07
8.260000000000000000e+03 -3.139514842526823809e-07
8.261000000000000000e+03 -3.154357904287385366e-07
8.262000000000000000e+03 -3.155740527098474852e-07
8.263000000000000000e+03 -3.143747699351979235e-07
8.264000000000000000e+03 -3.118511884277217785e-07
8.265000000000000000e+03 -3.080211812524615289e-07
8.266000000000000000e+03 -3.029070550248078627e-07
8.267000000000000000e+03 -2.965354562542830639e-07
8.268000000000000000e+03 -2.889370958205928029e-07
8.269000000000000000e+03 -2.801466137484816428e-07
8.270000000000000000e+03 -2.702023909851178052e-07
8.271000000000000000e+03 -2.591463193345953013e-07
8.272000000000000000e+03 -2.470235186901790163e-07
8.273000000000000000e+03 -2.338821542306455948e-07
8.274000000000000000e+03 -2.197731832135304092e-07
8.275000000000000000e+03 -2.047501272185841986e-07
8.276000000000000000e+03 -1.888687974838431661e-07
8.277000000000000000e+03 -1.721870333464131746e-07
8.278000000000000000e+03 -1.547644801592616654e-07
8.279000000000000000e+03 -1.366623017778462272e-07
8.280000000000000000e+03 -1.179429204362474983e-07
8.281000000000000000e+03 -9.866974010502935174e-08
8.282000000000000000e+03 -7.890695453688817912e-08
8.283000000000000000e+03 -5.871924677660357076e-08
8.284000000000000000e+03 -3.817156074276873486e-08
8.285000000000000000e+03 -1.732886103983919334e-08
8.286000000000000000e+03 3.744142591239261744e-09
8.287000000000000000e+03 2.498317969165431224e-08
8.288000000000000000e+03 4.632462710548738200e-08
8.289000000000000000e+03 6.770576777677271514e-08
8.290000000000000000e+03 8.906499555322565188e-08
8.291000000000000000e+03 1.103420213431482602e-07
8.292000000000000000e+03 1.314780668392476381e-07
8.293000000000000000e+03 1.524159920988487752e-07
8.294000000000000000e+03 1.731005127814702274e-07
8.295000000000000000e+03 1.934782887624621003e-07
8.296000000000000000e+03 2.134981554399602718e-07
8.297000000000000000e+03 2.331112243305360728e-07
8.298000000000000000e+03 2.522709759262298511e-07
8.299000000000000000e+03 2.709334061134250423e-07
8.300000000000000000e+03 2.890570520702383763e-07
8.301000000000000000e+03 3.066030811389159034e-07
8.302000000000000000e+03 3.235353724459264155e-07
8.303000000000000000e+03 3.398205274158421309e-07
8.304000000000000000e+03 3.554279153633110732e-07
8.305000000000000000e+03 3.703296816779131999e-07
8.306000000000000000e+03 3.845007307016884824e-07
8.307000000000000000e+03 3.979187244529158052e-07
8.308000000000000000e+03 4.105640069696735423e-07
8.309000000000000000e+03 4.224195873521866420e-07
8.310000000000000000e+03 4.334710687394646195e-07
8.311000000000000000e+03 4.437065361151002648e-07
8.312000000000000000e+03 4.531164414741604981e-07
8.313000000000000000e+03 4.616935144464825432e-07
8.314000000000000000e+03 4.694326134502039320e-07
8.315000000000000000e+03 4.763306486882405268e-07
8.316000000000000000e+03 4.823864259641626970e-07
8.317000000000000000e+03 4.876004746595541928e-07
8.318000000000000000e+03 4.919749204974607401e-07
8.319000000000000000e+03 4.955133162757969779e-07
8.320000000000000000e+03 4.982204627195927695e-07
8.321000000000000000e+03 5.001023177729381303e-07
8.322000000000000000e+03 5.011658264426655394e-07
8.323000000000000000e+03 5.014187598757234859e-07
8.324000000000000000e+03 5.008695562358523422e-07
8.325000000000000000e+03 4.995271827680178712e-07
8.326000000000000000e+03 4.974009988987914390e-07
8.327000000000000000e+03 4.945006719434088719e-07
8.328000000000000000e+03 4.908360534369496178e-07
8.329000000000000000e+03 4.864170899423771587e-07
8.330000000000000000e+03 4.812536956505721334e-07
8.331000000000000000e+03 4.753557216943318381e-07
8.332000000000000000e+03 4.687328648295747534e-07
8.333000000000000000e+03 4.613946221305651147e-07
8.334000000000000000e+03 4.533502383136776709e-07
8.335000000000000000e+03 4.446086911605191742e-07
8.336000000000000000e+03 4.351786743646874056e-07
8.337000000000000000e+03 4.250685770305836667e-07
8.338000000000000000e+03 4.142865135924292854e-07
8.339000000000000000e+03 4.028403399453514875e-07
8.340000000000000000e+03 3.907376870318258774e-07
8.341000000000000000e+03 3.779860228328649789e-07
8.342000000000000000e+03 3.645926797528784470e-07
8.343000000000000000e+03 3.505649230732886801e-07
8.344000000000000000e+03 3.359100284551605035e-07
8.345000000000000000e+03 3.206353610861919003e-07
8.346000000000000000e+03 3.047484332187975100e-07
8.347000000000000000e+03 2.882570242568263910e-07
8.348000000000000000e+03 2.711693295241643828e-07
8.349000000000000000e+03 2.534940655989853350e-07
8.350000000000000000e+03 2.352405640008656034e-07
8.351000000000000000e+03 2.164188634266611164e-07
8.352000000000000000e+03 1.970398506143477900e-07
8.353000000000000000e+03 1.771154007013805794e-07
8.354000000000000000e+03 1.566585019870242694e-07
8.355000000000000000e+03 1.356833822272213203e-07
8.356000000000000000e+03 1.142056169895354877e-07
8.357000000000000000e+03 9.224231612856583168e-08
8.358000000000000000e+03 6.981220550637534671e-08
8.359000000000000000e+03 4.693574912801342631e-08
8.360000000000000000e+03 2.363527353480913897e-08
8.361000000000000000e+03 -6.497266747703763566e-11
8.362000000000000000e+03 -2.413871394399199788e-08
8.363000000000000000e+03 -4.855753695190486550e-08
8.364000000000000000e+03 -7.329083431309274320e-08
8.365000000000000000e+03 -9.830575766873395339e-08
8.366000000000000000e+03 -1.235671578406564810e-07
8.367000000000000000e+03 -1.490375947509086810e-07
8.368000000000000000e+03 -1.746772968269846417e-07
8.369000000000000000e+03 -2.004441595749131962e-07
8.370000000000000000e+03 -2.262937579868895945e-07
8.371000000000000000e+03 -2.521793858691206728e-07
8.372000000000000000e+03 -2.780521232429673280e-07
8.373000000000000000e+03 -3.038608961136405245e-07
8.374000000000000000e+03 -3.295525551827265929e-07
8.375000000000000000e+03 -3.550719645242513953e-07
8.376000000000000000e+03 -3.803621336856723842e-07
8.377000000000000000e+03 -4.053643628994050132e-07
8.378000000000000000e+03 -4.300183365499945673e-07
8.379000000000000000e+03 -4.542623307804298210e-07
8.380000000000000000e+03 -4.780333374900089120e-07
8.381000000000000000e+03 -5.012672902063562885e-07
8.382000000000000000e+03 -5.238992605456175850e-07
8.383000000000000000e+03 -5.458636693202247899e-07
8.384000000000000000e+03 -5.670944716353205530e-07
8.385000000000000000e+03 -5.875253631213307811e-07
8.386000000000000000e+03 -6.070900715683139615e-07
8.387000000000000000e+03 -6.257225837495819855e-07
8.388000000000000000e+03 -6.433574201141224132e-07
8.389000000000000000e+03 -6.599298637115727251e-07
8.390000000000000000e+03 -6.753762146404303162e-07
8.391000000000000000e+03 -6.896340683908091979e-07
8.392000000000000000e+03 -7.026425933264194788e-07
8.393000000000000000e+03 -7.143428431511428311e-07
8.394000000000000000e+03 -7.246779686977275503e-07
8.395000000000000000e+03 -7.335935235871118491e-07
8.396000000000000000e+03 -7.410377453260024370e-07
8.397000000000000000e+03 -7.469618041651532589e-07
8.398000000000000000e+03 -7.513201157002115655e-07
8.399000000000000000e+03 -7.540705973371738230e-07
8.400000000000000000e+03 -7.551748982103784050e-07
8.401000000000000000e+03 -7.545986801276924635e-07
8.402000000000000000e+03 -7.523118483790172518e-07
8.403000000000000000e+03 -7.482887991097921162e-07
8.404000000000000000e+03 -7.425086112558295598e-07
8.405000000000000000e+03 -7.349552652290887303e-07
8.406000000000000000e+03 -7.256178997430829568e-07
8.407000000000000000e+03 -7.144909825242257293e-07
8.408000000000000000e+03 -7.015744498271678478e-07
8.409000000000000000e+03 -6.868738711394002575e-07
8.410000000000000000e+03 -6.704005771118758434e-07
8.411000000000000000e+03 -6.521717758566322419e-07
8.412000000000000000e+03 -6.322106012883597450e-07
8.413000000000000000e+03 -6.105462144649028760e-07
8.414000000000000000e+03 -5.872138454577915560e-07
8.415000000000000000e+03 -5.622548182757632254e-07
8.416000000000000000e+03 -5.357164807306015702e-07
8.417000000000000000e+03 -5.076522114904803536e-07
8.418000000000000000e+03 -4.781213002672406948e-07
8.419000000000000000e+03 -4.471889114328368434e-07
8.420000000000000000e+03 -4.149259502625114946e-07
8.421000000000000000e+03 -3.814089325584199857e-07
8.422000000000000000e+03 -3.467197648317061653e-07
8.423000000000000000e+03 -3.109455618356488306e-07
8.424000000000000000e+03 -2.741783865062027239e-07
8.425000000000000000e+03 -2.365150138552745429e-07
8.426000000000000000e+03 -1.980566270674259483e-07
8.427000000000000000e+03 -1.589084840748707689e-07
8.428000000000000000e+03 -1.191796106429895268e-07
8.429000000000000000e+03 -7.898245776959914293e-08
8.430000000000000000e+03 -3.843242274033279434e-08
8.431000000000000000e+03 2.352477208774262166e-09
8.432000000000000000e+03 4.325201734005212794e-08
8.433000000000000000e+03 8.414421092395984065e-08
8.434000000000000000e+03 1.249058012131772946e-07
8.435000000000000000e+03 1.654127191692851064e-07
8.436000000000000000e+03 2.055405251415868492e-07
8.437000000000000000e+03 2.451648834645008885e-07
8.438000000000000000e+03 2.841620508701716074e-07
8.439000000000000000e+03 3.224093809838657869e-07
8.440000000000000000e+03 3.597858194981823700e-07
8.441000000000000000e+03 3.961723597075589280e-07
8.442000000000000000e+03 4.314525319681988249e-07
8.443000000000000000e+03 4.655128888391480613e-07
8.444000000000000000e+03 4.982434701875752156e-07
8.445000000000000000e+03 5.295382443771403594e-07
8.446000000000000000e+03 5.592955777604436626e-07
8.447000000000000000e+03 5.874186561451021406e-07
8.448000000000000000e+03 6.138158840251347215e-07
8.449000000000000000e+03 6.384013003435578901e-07
8.450000000000000000e+03 6.610950025176465953e-07
8.451000000000000000e+03 6.818234853928798636e-07
8.452000000000000000e+03 7.005199601942708074e-07
8.453000000000000000e+03 7.171246227996927419e-07
8.454000000000000000e+03 7.315850004058657060e-07
8.455000000000000000e+03 7.438561913128937509e-07
8.456000000000000000e+03 7.539010474850275634e-07
8.457000000000000000e+03 7.616904111195764835e-07
8.458000000000000000e+03 7.672032483891287002e-07
8.459000000000000000e+03 7.704267314019780646e-07
8.460000000000000000e+03 7.713563554033578365e-07
8.461000000000000000e+03 7.699959261759088159e-07
8.462000000000000000e+03 7.663575857464318657e-07
8.463000000000000000e+03 7.604617811244779735e-07
8.464000000000000000e+03 7.523371509003036537e-07
8.465000000000000000e+03 7.420203640467277571e-07
8.466000000000000000e+03 7.295559987876420849e-07
8.467000000000000000e+03 7.149963373048926696e-07
8.468000000000000000e+03 6.984011500249902211e-07
8.469000000000000000e+03 6.798373752399770189e-07
8.470000000000000000e+03 6.593788465664147584e-07
8.471000000000000000e+03 6.371059220056102127e-07
8.472000000000000000e+03 6.131051715938865843e-07
8.473000000000000000e+03 5.874689275997615085e-07
8.474000000000000000e+03 5.602948606819759221e-07
8.475000000000000000e+03 5.316855420725693295e-07
8.476000000000000000e+03 5.017480063063371641e-07
8.477000000000000000e+03 4.705932564382195225e-07
8.478000000000000000e+03 4.383357559819254320e-07
8.479000000000000000e+03 4.050929498930930505e-07
8.480000000000000000e+03 3.709847269450738296e-07
8.481000000000000000e+03 3.361329019623421045e-07
8.482000000000000000e+03 3.006606709845124186e-07
8.483000000000000000e+03 2.646920916913484351e-07
8.484000000000000000e+03 2.283515742191694265e-07
8.485000000000000000e+03 1.917632884305749915e-07
8.486000000000000000e+03 1.550506863397982276e-07
8.487000000000000000e+03 1.183360461366211367e-07
8.488000000000000000e+03 8.173988668302326738e-08
8.489000000000000000e+03 4.538051651651051270e-08
8.490000000000000000e+03 9.373643220549306014e-09
8.491000000000000000e+03 -2.616812875308826589e-08
8.492000000000000000e+03 -6.113573693422282055e-08
8.493000000000000000e+03 -9.542405077886007365e-08
8.494000000000000000e+03 -1.289322185728380088e-07
8.495000000000000000e+03 -1.615640503056301861e-07
8.496000000000000000e+03 -1.932283138611573660e-07
8.497000000000000000e+03 -2.238390068753981670e-07
8.498000000000000000e+03 -2.533156174177557268e-07
8.499000000000000000e+03 -2.815833671776279926e-07
8.500000000000000000e+03 -3.085733790746193061e-07
8.501000000000000000e+03 -3.342228612235183230e-07
8.502000000000000000e+03 -3.584752625224079239e-07
8.503000000000000000e+03 -3.812803686757048587e-07
8.504000000000000000e+03 -4.025943394627254407e-07
8.505000000000000000e+03 -4.223797657621784527e-07
8.506000000000000000e+03 -4.406057163842541113e-07
8.507000000000000000e+03 -4.572476355304261056e-07
8.508000000000000000e+03 -4.722873803997313926e-07
8.509000000000000000e+03 -4.857131855927730712e-07
8.510000000000000000e+03 -4.975195270816264498e-07
8.511000000000000000e+03 -5.077069931551186085e-07
8.512000000000000000e+03 -5.162821547479906485e-07
8.513000000000000000e+03 -5.232574172700644269e-07
8.514000000000000000e+03 -5.286508389045126905e-07
8.515000000000000000e+03 -5.324859064968053617e-07
8.516000000000000000e+03 -5.347912744892139923e-07
8.517000000000000000e+03 -5.356005184631706169e-07
8.518000000000000000e+03 -5.349518712175752025e-07
8.519000000000000000e+03 -5.328879953923828069e-07
8.520000000000000000e+03 -5.294556694699466807e-07
8.521000000000000000e+03 -5.247054403307910030e-07
8.522000000000000000e+03 -5.186913053119388520e-07
8.523000000000000000e+03 -5.114704009624099339e-07
8.524000000000000000e+03 -5.031026759343572407e-07
8.525000000000000000e+03 -4.936505530361934242e-07
8.526000000000000000e+03 -4.831785576429918384e-07
8.527000000000000000e+03 -4.717529834318787472e-07
8.528000000000000000e+03 -4.594415490624876297e-07
8.529000000000000000e+03 -4.463130318475481162e-07
8.530000000000000000e+03 -4.324369644132156246e-07
8.531000000000000000e+03 -4.178832988692783944e-07
8.532000000000000000e+03 -4.027220148154976947e-07
8.533000000000000000e+03 -3.870228452496558981e-07
8.534000000000000000e+03 -3.708549203561956934e-07
8.535000000000000000e+03 -3.542864610858689228e-07
8.536000000000000000e+03 -3.373844698968189294e-07
8.537000000000000000e+03 -3.202144956682626007e-07
8.538000000000000000e+03 -3.028403571968076307e-07
8.539000000000000000e+03 -2.853238312427909732e-07
8.540000000000000000e+03 -2.677244039538510034e-07
8.541000000000000000e+03 -2.500990469810374007e-07
8.542000000000000000e+03 -2.325020358264689668e-07
8.543000000000000000e+03 -2.149847340011452716e-07
8.544000000000000000e+03 -1.975953934043518103e-07
8.545000000000000000e+03 -1.803790493029308474e-07
8.546000000000000000e+03 -1.633772523257335165e-07
8.547000000000000000e+03 -1.466281119961278323e-07
8.548000000000000000e+03 -1.301661393302726288e-07
8.549000000000000000e+03 -1.140221478229052046e-07
8.550000000000000000e+03 -9.822328378534085072e-08
8.551000000000000000e+03 -8.279296269191645221e-08
8.552000000000000000e+03 -6.775085953177756817e-08
8.553000000000000000e+03 -5.311294955214333763e-08
8.554000000000000000e+03 -3.889158671638212746e-08
8.555000000000000000e+03 -2.509555527516420391e-08
8.556000000000000000e+03 -1.173015521108477739e-08
8.557000000000000000e+03 1.202662751706354189e-09
8.558000000000000000e+03 1.370412668878143790e-08
8.559000000000000000e+03 2.577849530488160474e-08
8.560000000000000000e+03 3.743288351286642650e-08
8.561000000000000000e+03 4.867708146897990404e-08
8.562000000000000000e+03 5.952330300295050395e-08
8.563000000000000000e+03 6.998595028240521111e-08
8.564000000000000000e+03 8.008138652593241661e-08
8.565000000000000000e+03 8.982769629637150562e-08
8.566000000000000000e+03 9.924440511983104663e-08
8.567000000000000000e+03 1.083522163186549651e-07
8.568000000000000000e+03 1.171727333594812169e-07
8.569000000000000000e+03 1.257281774462741109e-07
8.570000000000000000e+03 1.340411212228439306e-07
8.571000000000000000e+03 1.421341597640520826e-07
8.572000000000000000e+03 1.500296660240161172e-07
8.573000000000000000e+03 1.577495384431368914e-07
8.574000000000000000e+03 1.653148894110519762e-07
8.575000000000000000e+03 1.727458144702571189e-07
8.576000000000000000e+03 1.800611234983290536e-07
8.577000000000000000e+03 1.872780847282361577e-07
8.578000000000000000e+03 1.944121674438789647e-07
8.579000000000000000e+03 2.014769052387865529e-07
8.580000000000000000e+03 2.084836816692898696e-07
8.581000000000000000e+03 2.154415022241350536e-07
8.582000000000000000e+03 2.223568603869138561e-07
8.583000000000000000e+03 2.292336094353908541e-07
8.584000000000000000e+03 2.360727877276136306e-07
8.585000000000000000e+03 2.428725152441436627e-07
8.586000000000000000e+03 2.496279506827811564e-07
8.587000000000000000e+03 2.563312765076761745e-07
8.588000000000000000e+03 2.629716421091096547e-07
8.589000000000000000e+03 2.695351947188525103e-07
8.590000000000000000e+03 2.760050995092410293e-07
8.591000000000000000e+03 2.823615818697017852e-07
8.592000000000000000e+03 2.885819794629060331e-07
8.593000000000000000e+03 2.946409480493605748e-07
8.594000000000000000e+03 3.005105395570346265e-07
8.595000000000000000e+03 3.061603465901838323e-07
8.596000000000000000e+03 3.115576880250696832e-07
8.597000000000000000e+03 3.166678854338880680e-07
8.598000000000000000e+03 3.214544653677395728e-07
8.599000000000000000e+03 3.258794039145991859e-07
8.600000000000000000e+03 3.299033351444016313e-07
8.601000000000000000e+03 3.334859283483092151e-07
8.602000000000000000e+03 3.365861353385803843e-07
8.603000000000000000e+03 3.391624736237907421e-07
8.604000000000000000e+03 3.411733471067489636e-07
8.605000000000000000e+03 3.425774312145349558e-07
8.606000000000000000e+03 3.433339169862652143e-07
8.607000000000000000e+03 3.434028724763988649e-07
8.608000000000000000e+03 3.427455917248765185e-07
8.609000000000000000e+03 3.413249167365835373e-07
8.610000000000000000e+03 3.391055382427178047e-07
8.611000000000000000e+03 3.360542506380733666e-07
8.612000000000000000e+03 3.321403244895651041e-07
8.613000000000000000e+03 3.273357331477688132e-07
8.614000000000000000e+03 3.216154539863646398e-07
8.615000000000000000e+03 3.149578000464885789e-07
8.616000000000000000e+03 3.073445842849967321e-07
8.617000000000000000e+03 2.987613547707862157e-07
8.618000000000000000e+03 2.891976296122533053e-07
8.619000000000000000e+03 2.786470531822438244e-07
8.620000000000000000e+03 2.671076171060471476e-07
8.621000000000000000e+03 2.545818556695206757e-07
8.622000000000000000e+03 2.410769242339105813e-07
8.623000000000000000e+03 2.266046889475236818e-07
8.624000000000000000e+03 2.111818094211814023e-07
8.625000000000000000e+03 1.948297991871120302e-07
8.626000000000000000e+03 1.775750275225166180e-07
8.627000000000000000e+03 1.594487494764822412e-07
8.628000000000000000e+03 1.404870872319097368e-07
8.629000000000000000e+03 1.207309554512672249e-07
8.630000000000000000e+03 1.002259848067674843e-07
8.631000000000000000e+03 7.902242880729907697e-08
8.632000000000000000e+03 5.717498881994126375e-08
8.633000000000000000e+03 3.474270226351752818e-08
8.634000000000000000e+03 1.178868645551200472e-08
8.635000000000000000e+03 -1.162004278758786497e-08
8.636000000000000000e+03 -3.541287599215660829e-08
8.637000000000000000e+03 -5.951583595833733026e-08
8.638000000000000000e+03 -8.385194177575660681e-08
8.639000000000000000e+03 -1.083414351910679948e-07
8.640000000000000000e+03 -1.329021099202814510e-07
8.641000000000000000e+03 -1.574496674402768536e-07
8.642000000000000000e+03 -1.818981013273485361e-07
8.643000000000000000e+03 -2.061600853199284256e-07
8.644000000000000000e+03 -2.301473742385498984e-07
8.645000000000000000e+03 -2.537712263961123396e-07
8.646000000000000000e+03 -2.769427516818304640e-07
8.647000000000000000e+03 -2.995733509922370568e-07
8.648000000000000000e+03 -3.215751887064486784e-07
8.649000000000000000e+03 -3.428615898569669311e-07
8.650000000000000000e+03 -3.633474487518974772e-07
8.651000000000000000e+03 -3.829496685195594067e-07
8.652000000000000000e+03 -4.015875821632613141e-07
8.653000000000000000e+03 -4.191833705817335670e-07
8.654000000000000000e+03 -4.356624781786051164e-07
8.655000000000000000e+03 -4.509539913521451828e-07
8.656000000000000000e+03 -4.649910455356276525e-07
8.657000000000000000e+03 -4.777111706357418126e-07
8.658000000000000000e+03 -4.890566551294065196e-07
8.659000000000000000e+03 -4.989748279724184543e-07
8.660000000000000000e+03 -5.074183762674130249e-07
8.661000000000000000e+03 -5.143456913385290353e-07
8.662000000000000000e+03 -5.197210917187376691e-07
8.663000000000000000e+03 -5.235150401946680493e-07
8.664000000000000000e+03 -5.257043211589463745e-07
8.665000000000000000e+03 -5.262722542428513182e-07
8.666000000000000000e+03 -5.252088736380005326e-07
8.667000000000000000e+03 -5.225109628871888012e-07
8.668000000000000000e+03 -5.181821123623757133e-07
8.669000000000000000e+03 -5.122327771510342761e-07
8.670000000000000000e+03 -5.046802689894450296e-07
8.671000000000000000e+03 -4.955487178765772100e-07
8.672000000000000000e+03 -4.848690405790737949e-07
8.673000000000000000e+03 -4.726787673203859726e-07
8.674000000000000000e+03 -4.590220005557422797e-07
8.675000000000000000e+03 -4.439491242970529725e-07
8.676000000000000000e+03 -4.275166470251226987e-07
8.677000000000000000e+03 -4.097869941549970437e-07
8.678000000000000000e+03 -3.908282026420616171e-07
8.679000000000000000e+03 -3.707135798573499425e-07
8.680000000000000000e+03 -3.495214612483178480e-07
8.681000000000000000e+03 -3.273347820554588363e-07
8.682000000000000000e+03 -3.042407171275968680e-07
8.683000000000000000e+03 -2.803302739633752591e-07
8.684000000000000000e+03 -2.556978816940587270e-07
8.685000000000000000e+03 -2.304409258078668431e-07
8.686000000000000000e+03 -2.046593267847598504e-07
8.687000000000000000e+03 -1.784550723606137575e-07
8.688000000000000000e+03 -1.519317098436020040e-07
8.689000000000000000e+03 -1.251938818291507791e-07
8.690000000000000000e+03 -9.834683628785076777e-08
8.691000000000000000e+03 -7.149588067588777824e-08
8.692000000000000000e+03 -4.474589673267734091e-08
8.693000000000000000e+03 -1.820086366786261696e-08
8.694000000000000000e+03 8.036689426047023825e-09
8.695000000000000000e+03 3.386613202320803045e-08
8.696000000000000000e+03 5.918921489767100234e-08
8.697000000000000000e+03 8.391054746635745519e-08
8.698000000000000000e+03 1.079380295052045786e-07
8.699000000000000000e+03 1.311833698035398231e-07
8.700000000000000000e+03 1.535625290453389428e-07
8.701000000000000000e+03 1.749960524194299011e-07
8.702000000000000000e+03 1.954094911247343703e-07
8.703000000000000000e+03 2.147337506278466173e-07
8.704000000000000000e+03 2.329053972907973338e-07
8.705000000000000000e+03 2.498669885148438103e-07
8.706000000000000000e+03 2.655674305784283802e-07
8.707000000000000000e+03 2.799621414827847035e-07
8.708000000000000000e+03 2.930133285616668624e-07
8.709000000000000000e+03 3.046901449293841409e-07
8.710000000000000000e+03 3.149688354535927904e-07
8.711000000000000000e+03 3.238328446468253830e-07
8.712000000000000000e+03 3.312729099176463174e-07
8.713000000000000000e+03 3.372871125151139058e-07
8.714000000000000000e+03 3.418808598525108489e-07
8.715000000000000000e+03 3.450668076737224526e-07
8.716000000000000000e+03 3.468647963674395083e-07
8.717000000000000000e+03 3.473017675177353336e-07
8.718000000000000000e+03 3.464116047776172586e-07
8.719000000000000000e+03 3.442349819942450192e-07
8.720000000000000000e+03 3.408190958799540507e-07
8.721000000000000000e+03 3.362173678024815092e-07
8.722000000000000000e+03 3.304892049539357722e-07
8.723000000000000000e+03 3.236996316083829545e-07
8.724000000000000000e+03 3.159189161836591607e-07
8.725000000000000000e+03 3.072222154236057914e-07
8.726000000000000000e+03 2.976891552613705111e-07
8.727000000000000000e+03 2.874033583677627511e-07
8.728000000000000000e+03 2.764520176023923901e-07
8.729000000000000000e+03 2.649253597771830405e-07
8.730000000000000000e+03 2.529161514211011905e-07
8.731000000000000000e+03 2.405192414222849261e-07
8.732000000000000000e+03 2.278310053854355552e-07
8.733000000000000000e+03 2.149487855863248772e-07
8.734000000000000000e+03 2.019703497618890069e-07
8.735000000000000000e+03 1.889933655258927973e-07
8.736000000000000000e+03 1.761148268679270430e-07
8.737000000000000000e+03 1.634305824093001061e-07
8.738000000000000000e+03 1.510347585473881313e-07
8.739000000000000000e+03 1.390192450878508404e-07
8.740000000000000000e+03 1.274731263470150781e-07
8.741000000000000000e+03 1.164822233804712108e-07
8.742000000000000000e+03 1.061286125469319987e-07
8.743000000000000000e+03 9.649014819211343177e-08
8.744000000000000000e+03 8.763996699868401058e-08
8.745000000000000000e+03 7.964612613180085885e-08
8.746000000000000000e+03 7.257118786925043471e-08
8.747000000000000000e+03 6.647185715224505210e-08
8.748000000000000000e+03 6.139859984946693015e-08
8.749000000000000000e+03 5.739537525232600221e-08
8.750000000000000000e+03 5.449929723660340976e-08
8.751000000000000000e+03 5.274040324633819197e-08
8.752000000000000000e+03 5.214146235129770855e-08
8.753000000000000000e+03 5.271776207615599068e-08
8.754000000000000000e+03 5.447699160699251772e-08
8.755000000000000000e+03 5.741919639637996242e-08
8.756000000000000000e+03 6.153666033930198429e-08
8.757000000000000000e+03 6.681381379039280885e-08
8.758000000000000000e+03 7.322736892314786659e-08
8.759000000000000000e+03 8.074638457133741164e-08
8.760000000000000000e+03 8.933234323004273565e-08
8.761000000000000000e+03 9.893939052365405396e-08
8.762000000000000000e+03 1.095144520528267936e-07
8.763000000000000000e+03 1.209975423228022864e-07
8.764000000000000000e+03 1.333220029382475314e-07
8.765000000000000000e+03 1.464148356675444041e-07
8.766000000000000000e+03 1.601971260296481869e-07
8.767000000000000000e+03 1.745844076045750510e-07
8.768000000000000000e+03 1.894870884436576031e-07
8.769000000000000000e+03 2.048109317004023140e-07
8.770000000000000000e+03 2.204575755840967363e-07
8.771000000000000000e+03 2.363250975596963972e-07
8.772000000000000000e+03 2.523085638214651412e-07
8.773000000000000000e+03 2.683006108041433575e-07
8.774000000000000000e+03 2.841920647183066787e-07
8.775000000000000000e+03 2.998725144121524796e-07
8.776000000000000000e+03 3.152309544636073544e-07
8.777000000000000000e+03 3.301564148818391207e-07
8.778000000000000000e+03 3.445386095834838570e-07
8.779000000000000000e+03 3.582685641772218152e-07
8.780000000000000000e+03 3.712393234074812005e-07
8.781000000000000000e+03 3.833464613941160411e-07
8.782000000000000000e+03 3.944886944016801310e-07
8.783000000000000000e+03 4.045685670500267374e-07
8.784000000000000000e+03 4.134929770187356060e-07
8.785000000000000000e+03 4.211736604350734383e-07
8.786000000000000000e+03 4.275277636674527004e-07
8.787000000000000000e+03 4.324783785983377323e-07
8.788000000000000000e+03 4.359550062402445210e-07
8.789000000000000000e+03 4.378940137493920293e-07
8.790000000000000000e+03 4.382389830426579048e-07
8.791000000000000000e+03 4.369411104152652049e-07
8.792000000000000000e+03 4.339595053033191174e-07
8.793000000000000000e+03 4.292615446683885730e-07
8.794000000000000000e+03 4.228230940685696172e-07
8.795000000000000000e+03 4.146286906772948639e-07
8.796000000000000000e+03 4.046717370453888273e-07
8.797000000000000000e+03 3.929546057591436013e-07
8.798000000000000000e+03 3.794886738993779647e-07
8.799000000000000000e+03 3.642944167953069941e-07
8.800000000000000000e+03 3.474013369039170624e-07
8.801000000000000000e+03 3.288478886124647468e-07
8.802000000000000000e+03 3.086812969972333540e-07
8.803000000000000000e+03 2.869575182862640684e-07
8.804000000000000000e+03 2.637408756170848919e-07
8.805000000000000000e+03 2.391038610402452288e-07
8.806000000000000000e+03 2.131268109470284943e-07
8.807000000000000000e+03 1.858975669139744395e-07
8.808000000000000000e+03 1.575110762718827508e-07
8.809000000000000000e+03 1.280689153141163877e-07
8.810000000000000000e+03 9.767878894062918394e-08
8.811000000000000000e+03 6.645409947334098560e-08
8.812000000000000000e+03 3.451338977509917151e-08
8.813000000000000000e+03 1.979663456356714294e-09
8.814000000000000000e+03 -3.102018458237601554e-08
8.815000000000000000e+03 -6.435588703718086632e-08
8.816000000000000000e+03 -9.789450119718262012e-08
8.817000000000000000e+03 -1.315011382379664471e-07
8.818000000000000000e+03 -1.650395431639868333e-07
8.819000000000000000e+03 -1.983728710091133408e-07
8.820000000000000000e+03 -2.313643127903723987e-07
8.821000000000000000e+03 -2.638778399423202368e-07
8.822000000000000000e+03 -2.957788133830523344e-07
8.823000000000000000e+03 -3.269346583545670777e-07
8.824000000000000000e+03 -3.572156092272044898e-07
8.825000000000000000e+03 -3.864952752331666100e-07
8.826000000000000000e+03 -4.146513008403372326e-07
8.827000000000000000e+03 -4.415659302708627755e-07
8.828000000000000000e+03 -4.671266129704848957e-07
8.829000000000000000e+03 -4.912266290942513540e-07
8.830000000000000000e+03 -5.137655154652665262e-07
8.831000000000000000e+03 -5.346496206961646642e-07
8.832000000000000000e+03 -5.537925654897811563e-07
8.833000000000000000e+03 -5.711156817148032140e-07
8.834000000000000000e+03 -5.865483705359758051e-07
8.835000000000000000e+03 -6.000284288370657737e-07
8.836000000000000000e+03 -6.115023881408493732e-07
8.837000000000000000e+03 -6.209257781333948509e-07
8.838000000000000000e+03 -6.282633141675060525e-07
8.839000000000000000e+03 -6.334890827733289530e-07
8.840000000000000000e+03 -6.365867150784785089e-07
8.841000000000000000e+03 -6.375493927745768551e-07
8.842000000000000000e+03 -6.363799321793499122e-07
8.843000000000000000e+03 -6.330907564214838618e-07
8.844000000000000000e+03 -6.277038420863230365e-07
8.845000000000000000e+03 -6.202506987606665061e-07
8.846000000000000000e+03 -6.107721889600518703e-07
8.847000000000000000e+03 -5.993182788876584965e-07
8.848000000000000000e+03 -5.859478330676660244e-07
8.849000000000000000e+03 -5.707283297190024905e-07
8.850000000000000000e+03 -5.537355381534905701e-07
8.851000000000000000e+03 -5.350531541879901445e-07
8.852000000000000000e+03 -5.147724630372998212e-07
8.853000000000000000e+03 -4.929918757132793987e-07
8.854000000000000000e+03 -4.698164350085629136e-07
8.855000000000000000e+03 -4.453573369637679940e-07
8.856000000000000000e+03 -4.197314701525246926e-07
8.857000000000000000e+03 -3.930608343710979009e-07
8.858000000000000000e+03 -3.654719188032957382e-07
8.859000000000000000e+03 -3.370951055576616628e-07
8.860000000000000000e+03 -3.080641002719632380e-07
8.861000000000000000e+03 -2.785152241350788006e-07
8.862000000000000000e+03 -2.485867819339462047e-07
8.863000000000000000e+03 -2.184183813325839363e-07
8.864000000000000000e+03 -1.881503511721967193e-07
8.865000000000000000e+03 -1.579229792857267461e-07
8.866000000000000000e+03 -1.278758291597204383e-07
8.867000000000000000e+03 -9.814705795638869284e-08
8.868000000000000000e+03 -6.887279015772501574e-08
8.869000000000000000e+03 -4.018644315688843404e-08
8.870000000000000000e+03 -1.221802698067380606e-08
8.871000000000000000e+03 1.490648939697102848e-08
8.872000000000000000e+03 4.106579281226843055e-08
8.873000000000000000e+03 6.614382832732044859e-08
8.874000000000000000e+03 9.003040818266428680e-08
8.875000000000000000e+03 1.126217479787216059e-07
8.876000000000000000e+03 1.338209577335335438e-07
8.877000000000000000e+03 1.535385752773189073e-07
8.878000000000000000e+03 1.716929929386629846e-07
8.879000000000000000e+03 1.882108999765855459e-07
8.880000000000000000e+03 2.030276460426312704e-07
8.881000000000000000e+03 2.160875473645959290e-07
8.882000000000000000e+03 2.273441402248592481e-07
8.883000000000000000e+03 2.367604666778055385e-07
8.884000000000000000e+03 2.443092528833361789e-07
8.885000000000000000e+03 2.499730637930698559e-07
8.886000000000000000e+03 2.537443396678274682e-07
8.887000000000000000e+03 2.556254605792882302e-07
8.888000000000000000e+03 2.556287053275258106e-07
8.889000000000000000e+03 2.537761901896905237e-07
8.890000000000000000e+03 2.500996677244420864e-07
8.891000000000000000e+03 2.446404535036325037e-07
8.892000000000000000e+03 2.374491683032507371e-07
8.893000000000000000e+03 2.285854308989136125e-07
8.894000000000000000e+03 2.181175579341357299e-07
8.895000000000000000e+03 2.061221581611243957e-07
8.896000000000000000e+03 1.926838000985505058e-07
8.897000000000000000e+03 1.778944568649111173e-07
8.898000000000000000e+03 1.618530524161190869e-07
8.899000000000000000e+03 1.446649351704263984e-07
8.900000000000000000e+03 1.264413538138649871e-07
8.901000000000000000e+03 1.072987397132887011e-07
8.902000000000000000e+03 8.735809662236617776e-08
8.903000000000000000e+03 6.674442394029920689e-08
8.904000000000000000e+03 4.558602478359676030e-08
8.905000000000000000e+03 2.401378631417908888e-08
8.906000000000000000e+03 2.160488743825737240e-09
8.907000000000000000e+03 -1.983990417468281077e-08
8.908000000000000000e+03 -4.185302938598247531e-08
8.909000000000000000e+03 -6.374485805584901856e-08
8.910000000000000000e+03 -8.538236044173098951e-08
8.911000000000000000e+03 -1.066342354746459690e-07
8.912000000000000000e+03 -1.273716253051812330e-07
8.913000000000000000e+03 -1.474687928243968074e-07
8.914000000000000000e+03 -1.668038768202058152e-07
8.915000000000000000e+03 -1.852594440794609291e-07
8.916000000000000000e+03 -2.027231329886081092e-07
8.917000000000000000e+03 -2.190882673592138337e-07
8.918000000000000000e+03 -2.342544421217236271e-07
8.919000000000000000e+03 -2.481280185992421895e-07
8.920000000000000000e+03 -2.606226407579173072e-07
8.921000000000000000e+03 -2.716597173317015079e-07
8.922000000000000000e+03 -2.811687866479782054e-07
8.923000000000000000e+03 -2.890878915017971701e-07
8.924000000000000000e+03 -2.953638324821080684e-07
8.925000000000000000e+03 -2.999524362314978415e-07
8.926000000000000000e+03 -3.028189009402764925e-07
8.927000000000000000e+03 -3.039378617630146146e-07
8.928000000000000000e+03 -3.032935100142651319e-07
8.929000000000000000e+03 -3.008797324999264279e-07
8.930000000000000000e+03 -2.967000518262795048e-07
8.931000000000000000e+03 -2.907676266861851162e-07
8.932000000000000000e+03 -2.831051532881883411e-07
8.933000000000000000e+03 -2.737447952092937329e-07
8.934000000000000000e+03 -2.627280495991359845e-07
8.935000000000000000e+03 -2.501054675431746759e-07
8.936000000000000000e+03 -2.359364021794503670e-07
8.937000000000000000e+03 -2.202887723447532240e-07
8.938000000000000000e+03 -2.032386795730759011e-07
8.939000000000000000e+03 -1.848700684293542732e-07
8.940000000000000000e+03 -1.652743073320218839e-07
8.941000000000000000e+03 -1.445497322585264873e-07
8.942000000000000000e+03 -1.228012168010948085e-07
8.943000000000000000e+03 -1.001396308063944802e-07
8.944000000000000000e+03 -7.668128932681666420e-08
8.945000000000000000e+03 -5.254743602114690609e-08
8.946000000000000000e+03 -2.786364170362512615e-08
8.947000000000000000e+03 -2.759160451424076574e-09
8.948000000000000000e+03 2.263373303776380620e-08
8.949000000000000000e+03 4.818030457490435909e-08
8.950000000000000000e+03 7.374403255053312592e-08
8.951000000000000000e+03 9.918736985015017595e-08
8.952000000000000000e+03 1.243723085173540418e-07
8.953000000000000000e+03 1.491610629352814269e-07
8.954000000000000000e+03 1.734168660490172017e-07
8.955000000000000000e+03 1.970045798820265428e-07
8.956000000000000000e+03 2.197914027128077538e-07
8.957000000000000000e+03 2.416475474896927678e-07
8.958000000000000000e+03 2.624469568458452417e-07
8.959000000000000000e+03 2.820678871364038519e-07
8.960000000000000000e+03 3.003935710900522436e-07
8.961000000000000000e+03 3.173128128276860366e-07
8.962000000000000000e+03 3.327205790538994197e-07
8.963000000000000000e+03 3.465185511431287621e-07
8.964000000000000000e+03 3.586157297556706860e-07
8.965000000000000000e+03 3.689289230745625299e-07
8.966000000000000000e+03 3.773831959397661187e-07
8.967000000000000000e+03 3.839122650769611079e-07
8.968000000000000000e+03 3.884588443410382429e-07
8.969000000000000000e+03 3.909751138384787929e-07
8.970000000000000000e+03 3.914230276876211505e-07
8.971000000000000000e+03 3.897744960360700305e-07
8.972000000000000000e+03 3.860115139715320562e-07
8.973000000000000000e+03 3.801264143389574573e-07
8.974000000000000000e+03 3.721219496858704257e-07
8.975000000000000000e+03 3.620113556349527210e-07
8.976000000000000000e+03 3.498183643397350019e-07
8.977000000000000000e+03 3.355771431480957737e-07
8.978000000000000000e+03 3.193322089630912879e-07
8.979000000000000000e+03 3.011382209087489427e-07
8.980000000000000000e+03 2.810598011165996136e-07
8.981000000000000000e+03 2.591713225220231647e-07
8.982000000000000000e+03 2.355565838103426752e-07
8.983000000000000000e+03 2.103085463972964645e-07
8.984000000000000000e+03 1.835289397396560816e-07
8.985000000000000000e+03 1.553277757647954753e-07
8.986000000000000000e+03 1.258229291053153468e-07
8.987000000000000000e+03 9.513961966262636838e-08
8.988000000000000000e+03 6.340990920968534616e-08
8.989000000000000000e+03 3.077210556784368434e-08
8.990000000000000000e+03 -2.629777763749880143e-09
8.991000000000000000e+03 -3.664671835438079741e-08
8.992000000000000000e+03 -7.112534834578835134e-08
8.993000000000000000e+03 -1.059085065241512077e-07
8.994000000000000000e+03 -1.408360307071790537e-07
8.995000000000000000e+03 -1.757454762527088877e-07
8.996000000000000000e+03 -2.104727669125642663e-07
8.997000000000000000e+03 -2.448529511897943911e-07
8.998000000000000000e+03 -2.787208971577545082e-07
8.999000000000000000e+03 -3.119121256651969145e-07
9.000000000000000000e+03 -3.442635776009779682e-07
9.001000000000000000e+03 -3.756142890373234022e-07
9.002000000000000000e+03 -4.058061764350447020e-07
9.003000000000000000e+03 -4.346847275605963881e-07
9.004000000000000000e+03 -4.620997264502132058e-07
9.005000000000000000e+03 -4.879059836665315160e-07
9.006000000000000000e+03 -5.119640816500687434e-07
9.007000000000000000e+03 -5.341410829387941950e-07
9.008000000000000000e+03 -5.543111363058993678e-07
9.009000000000000000e+03 -5.723560662742689453e-07
9.010000000000000000e+03 -5.881660099661296776e-07
9.011000000000000000e+03 -6.016399352860722574e-07
9.012000000000000000e+03 -6.126861646950598548e-07
9.013000000000000000e+03 -6.212229393121279028e-07
9.014000000000000000e+03 -6.271788897980747358e-07
9.015000000000000000e+03 -6.304933545316183853e-07
9.016000000000000000e+03 -6.311167952687119084e-07
9.017000000000000000e+03 -6.290110633830291826e-07
9.018000000000000000e+03 -6.241496762707036598e-07
9.019000000000000000e+03 -6.165180796867242170e-07
9.020000000000000000e+03 -6.061137390923989893e-07
9.021000000000000000e+03 -5.929462617970308602e-07
9.022000000000000000e+03 -5.770373820250351342e-07
9.023000000000000000e+03 -5.584210729031342864e-07
9.024000000000000000e+03 -5.371434320269609658e-07
9.025000000000000000e+03 -5.132625213923637841e-07
9.026000000000000000e+03 -4.868481574661742507e-07
9.027000000000000000e+03 -4.579816687605797795e-07
9.028000000000000000e+03 -4.267556192044970279e-07
9.029000000000000000e+03 -3.932734767384885702e-07
9.030000000000000000e+03 -3.576491303407179413e-07
9.031000000000000000e+03 -3.200065471145301696e-07
9.032000000000000000e+03 -2.804792333580230966e-07
9.033000000000000000e+03 -2.392096414135039658e-07
9.034000000000000000e+03 -1.963485621591846814e-07
9.035000000000000000e+03 -1.520544961318583258e-07
9.036000000000000000e+03 -1.064930097050344173e-07
9.037000000000000000e+03 -5.983602758597502313e-08
9.038000000000000000e+03 -1.226110623579763283e-08
9.039000000000000000e+03 3.604932795437622406e-08
9.040000000000000000e+03 8.490878552139475419e-08
9.041000000000000000e+03 1.341274167857713630e-07
9.042000000000000000e+03 1.835129242500038911e-07
9.043000000000000000e+03 2.328714877503872168e-07
9.044000000000000000e+03 2.820085361598445456e-07
9.045000000000000000e+03 3.307295106709668989e-07
9.046000000000000000e+03 3.788408234544982295e-07
9.047000000000000000e+03 4.261506008124150221e-07
9.048000000000000000e+03 4.724696095343078067e-07
9.049000000000000000e+03 5.176119756815274259e-07
9.050000000000000000e+03 5.613961618142165432e-07
9.051000000000000000e+03 6.036456757796163409e-07
9.052000000000000000e+03 6.441898785939656886e-07
9.053000000000000000e+03 6.828647354741082018e-07
9.054000000000000000e+03 7.195136030392778268e-07
9.055000000000000000e+03 7.539879178640753609e-07
9.056000000000000000e+03 7.861477608052801613e-07
9.057000000000000000e+03 8.158625969099159800e-07
9.058000000000000000e+03 8.430119161163588663e-07
9.059000000000000000e+03 8.674857801485706766e-07
9.060000000000000000e+03 8.891852727413096152e-07
9.061000000000000000e+03 9.080230008946639697e-07
9.062000000000000000e+03 9.239234403746147888e-07
9.063000000000000000e+03 9.368233608912093215e-07
9.064000000000000000e+03 9.466720754996977722e-07
9.065000000000000000e+03 9.534316914811450233e-07
9.066000000000000000e+03 9.570772829767904324e-07
9.067000000000000000e+03 9.575969319514328646e-07
9.068000000000000000e+03 9.549918229701811042e-07
9.069000000000000000e+03 9.492761117606208846e-07
9.070000000000000000e+03 9.404769890568772015e-07
9.071000000000000000e+03 9.286344555129320627e-07
9.072000000000000000e+03 9.138011344657514696e-07
9.073000000000000000e+03 8.960420207191740028e-07
9.074000000000000000e+03 8.754341391894319080e-07
9.075000000000000000e+03 8.520662108936232489e-07
9.076000000000000000e+03 8.260381142380842241e-07
9.077000000000000000e+03 7.974604149090891898e-07
9.078000000000000000e+03 7.664539159022742108e-07
9.079000000000000000e+03 7.331491014303696502e-07
9.080000000000000000e+03 6.976854303103420606e-07
9.081000000000000000e+03 6.602106570815910390e-07
9.082000000000000000e+03 6.208803045558355957e-07
9.083000000000000000e+03 5.798568675335666696e-07
9.084000000000000000e+03 5.373090724587510396e-07
9.085000000000000000e+03 4.934111608687681782e-07
9.086000000000000000e+03 4.483420911878023630e-07
9.087000000000000000e+03 4.022847526547414391e-07
9.088000000000000000e+03 3.554251717451626832e-07
9.089000000000000000e+03 3.079517702093285921e-07
9.090000000000000000e+03 2.600544802146838899e-07
9.091000000000000000e+03 2.119239568159816573e-07
9.092000000000000000e+03 1.637507464408126748e-07
9.093000000000000000e+03 1.157244996802480651e-07
9.094000000000000000e+03 6.803322458575532774e-08
9.095000000000000000e+03 2.086248067904120651e-08
9.096000000000000000e+03 -2.560535404446705292e-08
9.097000000000000000e+03 -7.119177199207996395e-08
9.098000000000000000e+03 -1.157229182771038810e-07
9.099000000000000000e+03 -1.590302714387658119e-07
9.100000000000000000e+03 -2.009513562414907657e-07
9.101000000000000000e+03 -2.413303194903532993e-07
9.102000000000000000e+03 -2.800185539689514095e-07
9.103000000000000000e+03 -3.168753158490644645e-07
9.104000000000000000e+03 -3.517682853736393673e-07
9.105000000000000000e+03 -3.845740775522445452e-07
9.106000000000000000e+03 -4.151786316101606068e-07
9.107000000000000000e+03 -4.434776903175176948e-07
9.108000000000000000e+03 -4.693772218628035518e-07
9.109000000000000000e+03 -4.927938104909744532e-07
9.110000000000000000e+03 -5.136548900974495531e-07
9.111000000000000000e+03 -5.318989895178749682e-07
9.112000000000000000e+03 -5.474760443457781976e-07
9.113000000000000000e+03 -5.603475000064833974e-07
9.114000000000000000e+03 -5.704864341907016362e-07
9.115000000000000000e+03 -5.778776400482684893e-07
9.116000000000000000e+03 -5.825176443781749929e-07
9.117000000000000000e+03 -5.844145928457735794e-07
9.118000000000000000e+03 -5.835882921703352533e-07
9.119000000000000000e+03 -5.800700530280420440e-07
9.120000000000000000e+03 -5.739024537635704780e-07
9.121000000000000000e+03 -5.651392559589224933e-07
9.122000000000000000e+03 -5.538451129779204520e-07
9.123000000000000000e+03 -5.400952662526979914e-07
9.124000000000000000e+03 -5.239752456860612911e-07
9.125000000000000000e+03 -5.055804177026356231e-07
9.126000000000000000e+03 -4.850156157960219893e-07
9.127000000000000000e+03 -4.623946527889653850e-07
9.128000000000000000e+03 -4.378398581381840777e-07
9.129000000000000000e+03 -4.114815637866680669e-07
9.130000000000000000e+03 -3.834575473252752791e-07
9.131000000000000000e+03 -3.539123474219987637e-07
9.132000000000000000e+03 -3.229967052916361757e-07
9.133000000000000000e+03 -2.908669057974297509e-07
9.134000000000000000e+03 -2.576840857831012401e-07
9.135000000000000000e+03 -2.236134901282816403e-07
9.136000000000000000e+03 -1.888238030701052351e-07
9.137000000000000000e+03 -1.534863832573938723e-07
9.138000000000000000e+03 -1.177744760352540795e-07
9.139000000000000000e+03 -8.186244917557205917e-08
9.140000000000000000e+03 -4.592497711566497466e-08
9.141000000000000000e+03 -1.013635397147045391e-08
9.142000000000000000e+03 2.533038486152444599e-08
9.143000000000000000e+03 6.030433416391515819e-08
9.144000000000000000e+03 9.461736109388905477e-08
9.145000000000000000e+03 1.281049877888120852e-07
9.146000000000000000e+03 1.606070700432230516e-07
9.147000000000000000e+03 1.919685958759582786e-07
9.148000000000000000e+03 2.220403603684914174e-07
9.149000000000000000e+03 2.506797451524623242e-07
9.150000000000000000e+03 2.777512719042112848e-07
9.151000000000000000e+03 3.031273131261588696e-07
9.152000000000000000e+03 3.266887388149912233e-07
9.153000000000000000e+03 3.483253144776800399e-07
9.154000000000000000e+03 3.679362851239042656e-07
9.155000000000000000e+03 3.854308727862640683e-07
9.156000000000000000e+03 4.007286658283419380e-07
9.157000000000000000e+03 4.137599632015164359e-07
9.158000000000000000e+03 4.244660467686758802e-07
9.159000000000000000e+03 4.327993969198889414e-07
9.160000000000000000e+03 4.387240505703521507e-07
9.161000000000000000e+03 4.422156331622961047e-07
9.162000000000000000e+03 4.432614513918601882e-07
9.163000000000000000e+03 4.418605048765604522e-07
9.164000000000000000e+03 4.380234331996173032e-07
9.165000000000000000e+03 4.317724882532399086e-07
9.166000000000000000e+03 4.231414108678947288e-07
9.167000000000000000e+03 4.121751863975679730e-07
9.168000000000000000e+03 3.989296928717203385e-07
9.169000000000000000e+03 3.834715139712709898e-07
9.170000000000000000e+03 3.658774509720360636e-07
9.171000000000000000e+03 3.462341882304249328e-07
9.172000000000000000e+03 3.246377852804107197e-07
9.173000000000000000e+03 3.011931739095317312e-07
9.174000000000000000e+03 2.760136111852510993e-07
9.175000000000000000e+03 2.492200498103642259e-07
9.176000000000000000e+03 2.209405096734733141e-07
9.177000000000000000e+03 1.913094006427409662e-07
9.178000000000000000e+03 1.604668319488968905e-07
9.179000000000000000e+03 1.285578887342043168e-07
9.180000000000000000e+03 9.573196170637874960e-08
9.181000000000000000e+03 6.214203835466272083e-08
9.182000000000000000e+03 2.794375722068743373e-08
9.183000000000000000e+03 -6.705321610310464974e-09
9.184000000000000000e+03 -4.164641611785601349e-08
9.185000000000000000e+03 -7.672032809383047188e-08
9.186000000000000000e+03 -1.117682022686069625e-07
9.187000000000000000e+03 -1.466323892849706766e-07
9.188000000000000000e+03 -1.811571693325357282e-07
9.189000000000000000e+03 -2.151894012592431496e-07
9.190000000000000000e+03 -2.485792770513010709e-07
9.191000000000000000e+03 -2.811809787952560281e-07
9.192000000000000000e+03 -3.128533193226175597e-07
9.193000000000000000e+03 -3.434604648231187938e-07
9.194000000000000000e+03 -3.728725488877853514e-07
9.195000000000000000e+03 -4.009661461778326272e-07
9.196000000000000000e+03 -4.276247742968077762e-07
9.197000000000000000e+03 -4.527394139936789187e-07
9.198000000000000000e+03 -4.762089518358497900e-07
9.199000000000000000e+03 -4.979405832148187467e-07
9.200000000000000000e+03 -5.178501919605187387e-07
9.201000000000000000e+03 -5.358626023942486242e-07
9.202000000000000000e+03 -5.519118564070871905e-07
9.203000000000000000e+03 -5.659414039518295621e-07
9.204000000000000000e+03 -5.779043668895810686e-07
9.205000000000000000e+03 -5.877636001455607058e-07
9.206000000000000000e+03 -5.954918045453805596e-07
9.207000000000000000e+03 -6.010715990776834547e-07
9.208000000000000000e+03 -6.044954871840888805e-07
9.209000000000000000e+03 -6.057657804798009085e-07
9.210000000000000000e+03 -6.048945455142747123e-07
9.211000000000000000e+03 -6.019034551002694799e-07
9.212000000000000000e+03 -5.968236939519964455e-07
9.213000000000000000e+03 -5.896957030599889080e-07
9.214000000000000000e+03 -5.805688855428358827e-07
9.215000000000000000e+03 -5.695013063771079457e-07
9.216000000000000000e+03 -5.565593725167750133e-07
9.217000000000000000e+03 -5.418174865446247711e-07
9.218000000000000000e+03 -5.253576309870714415e-07
9.219000000000000000e+03 -5.072689392190169698e-07
9.220000000000000000e+03 -4.876472867453472814e-07
9.221000000000000000e+03 -4.665948214445015191e-07
9.222000000000000000e+03 -4.442194578474284908e-07
9.223000000000000000e+03 -4.206343578612653816e-07
9.224000000000000000e+03 -3.959572655583129643e-07
9.225000000000000000e+03 -3.703100969801676961e-07
9.226000000000000000e+03 -3.438183520863731359e-07
9.227000000000000000e+03 -3.166106176522527867e-07
9.228000000000000000e+03 -2.888179713763941381e-07
9.229000000000000000e+03 -2.605732129791870953e-07
9.230000000000000000e+03 -2.320104090460588449e-07
9.231000000000000000e+03 -2.032642938573209204e-07
9.232000000000000000e+03 -1.744696471754752528e-07
9.233000000000000000e+03 -1.457605930110903976e-07
9.234000000000000000e+03 -1.172700258624369580e-07
9.235000000000000000e+03 -8.912894886242646102e-08
9.236000000000000000e+03 -6.146593283932126230e-08
9.237000000000000000e+03 -3.440656850269157433e-08
9.238000000000000000e+03 -8.072760556004485369e-09
9.239000000000000000e+03 1.741777875353705306e-08
9.240000000000000000e+03 4.195214998789979576e-08
9.241000000000000000e+03 6.542280158446436278e-08
9.242000000000000000e+03 8.772808368163438515e-08
9.243000000000000000e+03 1.087727111231286676e-07
9.244000000000000000e+03 1.284682873195314448e-07
9.245000000000000000e+03 1.467337281232668667e-07
9.246000000000000000e+03 1.634956561467316696e-07
9.247000000000000000e+03 1.786888981224181713e-07
9.248000000000000000e+03 1.922566789806152267e-07
9.249000000000000000e+03 2.041510252844833714e-07
9.250000000000000000e+03 2.143329907091967392e-07
9.251000000000000000e+03 2.227728673566463720e-07
9.252000000000000000e+03 2.294502126333361776e-07
9.253000000000000000e+03 2.343541347406464214e-07
9.254000000000000000e+03 2.374833058600474540e-07
9.255000000000000000e+03 2.388459712783140566e-07
9.256000000000000000e+03 2.384598883466883584e-07
9.257000000000000000e+03 2.363522581581589520e-07
9.258000000000000000e+03 2.325594972006010802e-07
9.259000000000000000e+03 2.271271577296999118e-07
9.260000000000000000e+03 2.201095881016127637e-07
9.261000000000000000e+03 2.115696300116609065e-07
9.262000000000000000e+03 2.015782846604458873e-07
9.263000000000000000e+03 1.902142419542751394e-07
9.264000000000000000e+03 1.775634497419492729e-07
9.265000000000000000e+03 1.637186309260645024e-07
9.266000000000000000e+03 1.487787151528489054e-07
9.267000000000000000e+03 1.328482695595904067e-07
9.268000000000000000e+03 1.160368737286922781e-07
9.269000000000000000e+03 9.845849162216585810e-08
9.270000000000000000e+03 8.023080046825533910e-08
9.271000000000000000e+03 6.147449391903408305e-08
9.272000000000000000e+03 4.231264729703177637e-08
9.273000000000000000e+03 2.286999840736749767e-08
9.274000000000000000e+03 3.272236272559147916e-09
9.275000000000000000e+03 -1.635484881179433291e-08
9.276000000000000000e+03 -3.588595785570337243e-08
9.277000000000000000e+03 -5.519699941073929020e-08
9.278000000000000000e+03 -7.416574724837963939e-08
9.279000000000000000e+03 -9.267255886945881633e-08
9.280000000000000000e+03 -1.106011022179794010e-07
9.281000000000000000e+03 -1.278390197264339846e-07
9.282000000000000000e+03 -1.442785016178694349e-07
9.283000000000000000e+03 -1.598168072981825658e-07
9.284000000000000000e+03 -1.743568615317192180e-07
9.285000000000000000e+03 -1.878078694407592963e-07
9.286000000000000000e+03 -2.000858028853222830e-07
9.287000000000000000e+03 -2.111138795276353829e-07
9.288000000000000000e+03 -2.208227980051958324e-07
9.289000000000000000e+03 -2.291511445657144106e-07
9.290000000000000000e+03 -2.360458493236602919e-07
9.291000000000000000e+03 -2.414623564021273196e-07
9.292000000000000000e+03 -2.453647997852076014e-07
9.293000000000000000e+03 -2.477261526303760274e-07
9.294000000000000000e+03 -2.485283542197787131e-07
9.295000000000000000e+03 -2.477622672808051940e-07
9.296000000000000000e+03 -2.454277343687922494e-07
9.297000000000000000e+03 -2.415335472118792784e-07
9.298000000000000000e+03 -2.360973603592785888e-07
9.299000000000000000e+03 -2.291454015175878769e-07
9.300000000000000000e+03 -2.207123069668456216e-07
9.301000000000000000e+03 -2.108408892379468771e-07
9.302000000000000000e+03 -1.995817927315664018e-07
9.303000000000000000e+03 -1.869931232279134664e-07
9.304000000000000000e+03 -1.731400371215438835e-07
9.305000000000000000e+03 -1.580944709452284945e-07
9.306000000000000000e+03 -1.419346064489272836e-07
9.307000000000000000e+03 -1.247444532966731548e-07
9.308000000000000000e+03 -1.066133055589444665e-07
9.309000000000000000e+03 -8.763521055838054101e-08
9.310000000000000000e+03 -6.790843161906295321e-08
9.311000000000000000e+03 -4.753497679734275941e-08
9.312000000000000000e+03 -2.661997458187996148e-08
9.313000000000000000e+03 -5.271051422449400110e-09
9.314000000000000000e+03 1.640213722334798107e-08
9.315000000000000000e+03 3.828860596238285628e-08
9.316000000000000000e+03 6.027649708640570472e-08
9.317000000000000000e+03 8.225363600273711384e-08
9.318000000000000000e+03 1.041081491075076247e-07
9.319000000000000000e+03 1.257290288320427101e-07
9.320000000000000000e+03 1.470067418372093777e-07
9.321000000000000000e+03 1.678338769874690969e-07
9.322000000000000000e+03 1.881055805934288895e-07
9.323000000000000000e+03 2.077199863227158591e-07
9.324000000000000000e+03 2.265788559557292545e-07
9.325000000000000000e+03 2.445881011736896002e-07
9.326000000000000000e+03 2.616582197780577572e-07
9.327000000000000000e+03 2.777046238900032395e-07
9.328000000000000000e+03 2.926481837857811790e-07
9.329000000000000000e+03 3.064155549321369208e-07
9.330000000000000000e+03 3.189395545035696560e-07
9.331000000000000000e+03 3.301594899026462046e-07
9.332000000000000000e+03 3.400214008699596869e-07
9.333000000000000000e+03 3.484782670702121172e-07
9.334000000000000000e+03 3.554901913996392173e-07
9.335000000000000000e+03 3.610245419192342419e-07
9.336000000000000000e+03 3.650560576158002103e-07
9.337000000000000000e+03 3.675670180377650012e-07
9.338000000000000000e+03 3.685471791515055395e-07
9.339000000000000000e+03 3.679938279999927648e-07
9.340000000000000000e+03 3.659117450707915223e-07
9.341000000000000000e+03 3.623131504419953027e-07
9.342000000000000000e+03 3.572174918312028770e-07
9.343000000000000000e+03 3.506513734304125237e-07
9.344000000000000000e+03 3.426484934628558605e-07
9.345000000000000000e+03 3.332493103178213017e-07
9.346000000000000000e+03 3.225009088831806019e-07
9.347000000000000000e+03 3.104567592792575359e-07
9.348000000000000000e+03 2.971763436630236558e-07
9.349000000000000000e+03 2.827249790878245470e-07
9.350000000000000000e+03 2.671734607538829149e-07
9.351000000000000000e+03 2.505976011291576619e-07
9.352000000000000000e+03 2.330778949726968002e-07
9.353000000000000000e+03 2.146993315109529769e-07
9.354000000000000000e+03 1.955508558806249557e-07
9.355000000000000000e+03 1.757250392608145233e-07
9.356000000000000000e+03 1.553175534459996741e-07
9.357000000000000000e+03 1.344267475238631686e-07
9.358000000000000000e+03 1.131531623172991239e-07
9.359000000000000000e+03 9.159909578899047680e-08
9.360000000000000000e+03 6.986806954915063657e-08
9.361000000000000000e+03 4.806445059065182758e-08
9.362000000000000000e+03 2.629273384916107470e-08
9.363000000000000000e+03 4.657125264464777671e-09
9.364000000000000000e+03 -1.673892813179359719e-08
9.365000000000000000e+03 -3.779330975074096686e-08
9.366000000000000000e+03 -5.840577108877560759e-08
9.367000000000000000e+03 -7.847835175974236301e-08
9.368000000000000000e+03 -9.791599375498124717e-08
9.369000000000000000e+03 -1.166270063678677040e-07
9.370000000000000000e+03 -1.345235406007270619e-07
9.371000000000000000e+03 -1.515221438468992362e-07
9.372000000000000000e+03 -1.675441164555075368e-07
9.373000000000000000e+03 -1.825159797878060424e-07
9.374000000000000000e+03 -1.963698464363665206e-07
9.375000000000000000e+03 -2.090436823052877871e-07
9.376000000000000000e+03 -2.204817058104154653e-07
9.377000000000000000e+03 -2.306345888763007823e-07
9.378000000000000000e+03 -2.394597440595313542e-07
9.379000000000000000e+03 -2.469216046376340002e-07
9.380000000000000000e+03 -2.529917224310226585e-07
9.381000000000000000e+03 -2.576488747464267936e-07
9.382000000000000000e+03 -2.608790743331699477e-07
9.383000000000000000e+03 -2.626756091102488822e-07
9.384000000000000000e+03 -2.630390256052053205e-07
9.385000000000000000e+03 -2.619770763594937017e-07
9.386000000000000000e+03 -2.595046046485870371e-07
9.387000000000000000e+03 -2.556434978924816758e-07
9.388000000000000000e+03 -2.504224408447041876e-07
9.389000000000000000e+03 -2.438766159463068898e-07
9.390000000000000000e+03 -2.360474647924898075e-07
9.391000000000000000e+03 -2.269825045030347247e-07
9.392000000000000000e+03 -2.167348858572080310e-07
9.393000000000000000e+03 -2.053630977245640187e-07
9.394000000000000000e+03 -1.929306830037375168e-07
9.395000000000000000e+03 -1.795058570298156427e-07
9.396000000000000000e+03 -1.651609902543821747e-07
9.397000000000000000e+03 -1.499721421384480912e-07
9.398000000000000000e+03 -1.340187493136023483e-07
9.399000000000000000e+03 -1.173830916916622882e-07
9.400000000000000000e+03 -1.001498682705149447e-07
9.401000000000000000e+03 -8.240567743815407295e-08
9.402000000000000000e+03 -6.423856803954612036e-08
9.403000000000000000e+03 -4.573752570511988902e-08
9.404000000000000000e+03 -2.699199917526613916e-08
9.405000000000000000e+03 -8.091468348212688381e-09
9.406000000000000000e+03 1.087508486517671566e-08
9.407000000000000000e+03 2.981948334628512352e-08
9.408000000000000000e+03 4.865484534932384016e-08
9.409000000000000000e+03 6.729611726789032618e-08
9.410000000000000000e+03 8.566034833352396687e-08
9.411000000000000000e+03 1.036671355738431144e-07
9.412000000000000000e+03 1.212390067986184364e-07
9.413000000000000000e+03 1.383016905481556285e-07
9.414000000000000000e+03 1.547845621336734908e-07
9.415000000000000000e+03 1.706208747061963250e-07
9.416000000000000000e+03 1.857480109904019159e-07
9.417000000000000000e+03 2.001077751997682062e-07
9.418000000000000000e+03 2.136465288503307797e-07
9.419000000000000000e+03 2.263154191806784107e-07
9.420000000000000000e+03 2.380705679561786010e-07
9.421000000000000000e+03 2.488730491781608075e-07
9.422000000000000000e+03 2.586890260120420122e-07
9.423000000000000000e+03 2.674898604893792047e-07
9.424000000000000000e+03 2.752521675271367725e-07
9.425000000000000000e+03 2.819576625227079566e-07
9.426000000000000000e+03 2.875932668544995280e-07
9.427000000000000000e+03 2.921510796691353045e-07
9.428000000000000000e+03 2.956282704638324149e-07
9.429000000000000000e+03 2.980269829070923346e-07
9.430000000000000000e+03 2.993542227245740652e-07
9.431000000000000000e+03 2.996217452447983543e-07
9.432000000000000000e+03 2.988459487873209077e-07
9.433000000000000000e+03 2.970476265195015530e-07
9.434000000000000000e+03 2.942518519170079493e-07
9.435000000000000000e+03 2.904877989899291611e-07
9.436000000000000000e+03 2.857884471916154738e-07
9.437000000000000000e+03 2.801903286989909060e-07
9.438000000000000000e+03 2.737334791243304844e-07
9.439000000000000000e+03 2.664610141994972139e-07
9.440000000000000000e+03 2.584189487155681426e-07
9.441000000000000000e+03 2.496560375103167018e-07
9.442000000000000000e+03 2.402232783927438154e-07
9.443000000000000000e+03 2.301738554800504804e-07
9.444000000000000000e+03 2.195627903163355959e-07
9.445000000000000000e+03 2.084466390669070277e-07
9.446000000000000000e+03 1.968832201118593637e-07
9.447000000000000000e+03 1.849312592339182234e-07
9.448000000000000000e+03 1.726501800425919056e-07
9.449000000000000000e+03 1.600998556981812147e-07
9.450000000000000000e+03 1.473402880727641340e-07
9.451000000000000000e+03 1.344313833908214593e-07
9.452000000000000000e+03 1.214327416044514591e-07
9.453000000000000000e+03 1.084033056386055113e-07
9.454000000000000000e+03 9.540123803150438282e-08
9.455000000000000000e+03 8.248354681783153288e-08
9.456000000000000000e+03 6.970600056731162129e-08
9.457000000000000000e+03 5.712283214389712759e-08
9.458000000000000000e+03 4.478657375065108204e-08
9.459000000000000000e+03 3.274781973125418590e-08
9.460000000000000000e+03 2.105519808706721399e-08
9.461000000000000000e+03 9.755143312228563064e-09
9.462000000000000000e+03 -1.108257663373105407e-09
9.463000000000000000e+03 -1.149353746384344907e-08
9.464000000000000000e+03 -2.136187536366798050e-08
9.465000000000000000e+03 -3.067713277145651168e-08
9.466000000000000000e+03 -3.940601213406288189e-08
9.467000000000000000e+03 -4.751811611470003314e-08
9.468000000000000000e+03 -5.498605209672467437e-08
9.469000000000000000e+03 -6.178549847961963501e-08
9.470000000000000000e+03 -6.789527314370085788e-08
9.471000000000000000e+03 -7.329736505136894674e-08
9.472000000000000000e+03 -7.797699632535690521e-08
9.473000000000000000e+03 -8.192253056764029510e-08
9.474000000000000000e+03 -8.512556636797468828e-08
9.475000000000000000e+03 -8.758098732937923136e-08
9.476000000000000000e+03 -8.928692408516693905e-08
9.477000000000000000e+03 -9.024468839439414905e-08
9.478000000000000000e+03 -9.045878871812379858e-08
9.479000000000000000e+03 -8.993685458544498609e-08
9.480000000000000000e+03 -8.868955889391663792e-08
9.481000000000000000e+03 -8.673060340961581598e-08
9.482000000000000000e+03 -8.407655464577015259e-08
9.483000000000000000e+03 -8.074676422561210180e-08
9.484000000000000000e+03 -7.676330450514112273e-08
9.485000000000000000e+03 -7.215074466727330550e-08
9.486000000000000000e+03 -6.693612270397738453e-08
9.487000000000000000e+03 -6.114869897334786396e-08
9.488000000000000000e+03 -5.481975195555836921e-08
9.489000000000000000e+03 -4.798244777632658677e-08
9.490000000000000000e+03 -4.067168288467667933e-08
9.491000000000000000e+03 -3.292373411384483341e-08
9.492000000000000000e+03 -2.477626641752326064e-08
9.493000000000000000e+03 -1.626809742563215511e-08
9.494000000000000000e+03 -7.438840631550349511e-09
9.495000000000000000e+03 1.671201835642972851e-09
9.496000000000000000e+03 1.102133826130317758e-08
9.497000000000000000e+03 2.057068567928959125e-08
9.498000000000000000e+03 3.027829149054500150e-08
9.499000000000000000e+03 4.010337547641168497e-08
9.500000000000000000e+03 5.000541317608642302e-08
9.501000000000000000e+03 5.994434970622439309e-08
9.502000000000000000e+03 6.988078225571798171e-08
9.503000000000000000e+03 7.977616069582713428e-08
9.504000000000000000e+03 8.959280679828357864e-08
9.505000000000000000e+03 9.929413695688436492e-08
9.506000000000000000e+03 1.088448129642887894e-07
9.507000000000000000e+03 1.182107185654620249e-07
9.508000000000000000e+03 1.273591077679058956e-07
9.509000000000000000e+03 1.362587056771332172e-07
9.510000000000000000e+03 1.448796551884177975e-07
9.511000000000000000e+03 1.531936281219506048e-07
9.512000000000000000e+03 1.611738986216699436e-07
9.513000000000000000e+03 1.687951835762334162e-07
9.514000000000000000e+03 1.760337373724722553e-07
9.515000000000000000e+03 1.828673605307272878e-07
9.516000000000000000e+03 1.892753701184726434e-07
9.517000000000000000e+03 1.952384677949765962e-07
9.518000000000000000e+03 2.007386434639784273e-07
9.519000000000000000e+03 2.057593101659970396e-07
9.520000000000000000e+03 2.102850736505583944e-07
9.521000000000000000e+03 2.143016914762152104e-07
9.522000000000000000e+03 2.177959553483849646e-07
9.523000000000000000e+03 2.207556385894293751e-07
9.524000000000000000e+03 2.231695313090282433e-07
9.525000000000000000e+03 2.250271257351025170e-07
9.526000000000000000e+03 2.263186889376828728e-07
9.527000000000000000e+03 2.270352199090314128e-07
9.528000000000000000e+03 2.271683431017030473e-07
9.529000000000000000e+03 2.267101893006734762e-07
9.530000000000000000e+03 2.256534733450486228e-07
9.531000000000000000e+03 2.239914791780498205e-07
9.532000000000000000e+03 2.217179215002807984e-07
9.533000000000000000e+03 2.188270855936306750e-07
9.534000000000000000e+03 2.153137240133748318e-07
9.535000000000000000e+03 2.111730328545276979e-07
9.536000000000000000e+03 2.064006118166852803e-07
9.537000000000000000e+03 2.009926874417673947e-07
9.538000000000000000e+03 1.949462294854158027e-07
9.539000000000000000e+03 1.882587454505001044e-07
9.540000000000000000e+03 1.809283864882938621e-07
9.541000000000000000e+03 1.729542582438908925e-07
9.542000000000000000e+03 1.643361001680617546e-07
9.543000000000000000e+03 1.550745236598121109e-07
9.544000000000000000e+03 1.451710718952997329e-07
9.545000000000000000e+03 1.346282862778305503e-07
9.546000000000000000e+03 1.234497347397983626e-07
9.547000000000000000e+03 1.116399984540534855e-07
9.548000000000000000e+03 9.920484547017406674e-08
9.549000000000000000e+03 8.615131289998241460e-08
9.550000000000000000e+03 7.248759818027024151e-08
9.551000000000000000e+03 5.822323211415175748e-08
9.552000000000000000e+03 4.336909375352639540e-08
9.553000000000000000e+03 2.793741655940094097e-08
9.554000000000000000e+03 1.194203282091806348e-08
9.555000000000000000e+03 -4.601731900902308647e-09
9.556000000000000000e+03 -2.167691518768863312e-08
9.557000000000000000e+03 -3.926488611564431436e-08
9.558000000000000000e+03 -5.734527231715307306e-08
9.559000000000000000e+03 -7.589598186375068171e-08
9.560000000000000000e+03 -9.489315073945981881e-08
9.561000000000000000e+03 -1.143107680782736951e-07
9.562000000000000000e+03 -1.341207119464154794e-07
9.563000000000000000e+03 -1.542926698791857961e-07
9.564000000000000000e+03 -1.747941285114047027e-07
9.565000000000000000e+03 -1.955905030690544847e-07
9.566000000000000000e+03 -2.166450275088041788e-07
9.567000000000000000e+03 -2.379187048828386573e-07
9.568000000000000000e+03 -2.593703574272704149e-07
9.569000000000000000e+03 -2.809565588411893767e-07
9.570000000000000000e+03 -3.026317695224548077e-07
9.571000000000000000e+03 -3.243484737925443589e-07
9.572000000000000000e+03 -3.460571413520808598e-07
9.573000000000000000e+03 -3.677061494348228366e-07
9.574000000000000000e+03 -3.892420823487560143e-07
9.575000000000000000e+03 -4.106098063109810327e-07
9.576000000000000000e+03 -4.317526112409352727e-07
9.577000000000000000e+03 -4.526123096568414788e-07
9.578000000000000000e+03 -4.731294697942983518e-07
9.579000000000000000e+03 -4.932434454868985110e-07
9.580000000000000000e+03 -5.128926007976996743e-07
9.581000000000000000e+03 -5.320145689022755470e-07
9.582000000000000000e+03 -5.505464298253705360e-07
9.583000000000000000e+03 -5.684248966688096210e-07
9.584000000000000000e+03 -5.855864361148242960e-07
9.585000000000000000e+03 -6.019675796571668483e-07
9.586000000000000000e+03 -6.175053365822510807e-07
9.587000000000000000e+03 -6.321373247129404603e-07
9.588000000000000000e+03 -6.458020519610086959e-07
9.589000000000000000e+03 -6.584388985780258558e-07
9.590000000000000000e+03 -6.699886013646379298e-07
9.591000000000000000e+03 -6.803935208085091248e-07
9.592000000000000000e+03 -6.895978023401935267e-07
9.593000000000000000e+03 -6.975476240416894327e-07
9.594000000000000000e+03 -7.041914901811423498e-07
9.595000000000000000e+03 -7.094805142090084330e-07
9.596000000000000000e+03 -7.133686898280452714e-07
9.597000000000000000e+03 -7.158133019055193667e-07
9.598000000000000000e+03 -7.167749521831819349e-07
9.599000000000000000e+03 -7.162178069308145899e-07
9.600000000000000000e+03 -7.141098710342255196e-07
9.601000000000000000e+03 -7.104232743382620214e-07
9.602000000000000000e+03 -7.051345147072993824e-07
9.603000000000000000e+03 -6.982246538059667839e-07
9.604000000000000000e+03 -6.896796721899434264e-07
9.605000000000000000e+03 -6.794904226408527406e-07
9.606000000000000000e+03 -6.676530350938673153e-07
9.607000000000000000e+03 -6.541691306141852390e-07
9.608000000000000000e+03 -6.390457324257290537e-07
9.609000000000000000e+03 -6.222955927929163877e-07
9.610000000000000000e+03 -6.039371066266240465e-07
9.611000000000000000e+03 -5.839946924123741294e-07
9.612000000000000000e+03 -5.624987683000059330e-07
9.613000000000000000e+03 -5.394857145120943476e-07
9.614000000000000000e+03 -5.149978107700858696e-07
9.615000000000000000e+03 -4.890833954566658654e-07
9.616000000000000000e+03 -4.617966589620540585e-07
9.617000000000000000e+03 -4.331974528621054846e-07
9.618000000000000000e+03 -4.033512569270269757e-07
9.619000000000000000e+03 -3.723290508954741207e-07
9.620000000000000000e+03 -3.402070596750687146e-07
9.621000000000000000e+03 -3.070664066871704556e-07
9.622000000000000000e+03 -2.729930991772456973e-07
9.623000000000000000e+03 -2.380776342098748775e-07
9.624000000000000000e+03 -2.024147030815370700e-07
9.625000000000000000e+03 -1.661026569756955956e-07
9.626000000000000000e+03 -1.292431703205266335e-07
9.627000000000000000e+03 -9.194106699622550941e-08
9.628000000000000000e+03 -5.430376714229819623e-08
9.629000000000000000e+03 -1.644100086075532912e-08
9.630000000000000000e+03 2.153567904522939084e-08
9.631000000000000000e+03 5.951329380976078015e-08
9.632000000000000000e+03 9.737775584847151179e-08
9.633000000000000000e+03 1.350142379704040437e-07
9.634000000000000000e+03 1.723079038840020996e-07
9.635000000000000000e+03 2.091440286366583708e-07
9.636000000000000000e+03 2.454087061427717870e-07
9.637000000000000000e+03 2.809891587638993565e-07
9.638000000000000000e+03 3.157743663099446384e-07
9.639000000000000000e+03 3.496553913411141229e-07
9.640000000000000000e+03 3.825257398335151747e-07
9.641000000000000000e+03 4.142821775639848015e-07
9.642000000000000000e+03 4.448248008977854445e-07
9.643000000000000000e+03 4.740575210763117973e-07
9.644000000000000000e+03 5.018885528004864664e-07
9.645000000000000000e+03 5.282309295396398675e-07
9.646000000000000000e+03 5.530026659891044810e-07
9.647000000000000000e+03 5.761273399723194368e-07
9.648000000000000000e+03 5.975345088103283879e-07
9.649000000000000000e+03 6.171599105291599513e-07
9.650000000000000000e+03 6.349456640265486583e-07
9.651000000000000000e+03 6.508404447232230339e-07
9.652000000000000000e+03 6.647998930812496299e-07
9.653000000000000000e+03 6.767865828421609756e-07
9.654000000000000000e+03 6.867703228852375790e-07
9.655000000000000000e+03 6.947283161440004785e-07
9.656000000000000000e+03 7.006450433981909648e-07
9.657000000000000000e+03 7.045123833713378829e-07
9.658000000000000000e+03 7.063298088667064960e-07
9.659000000000000000e+03 7.061039543872039061e-07
9.660000000000000000e+03 7.038487267679035300e-07
9.661000000000000000e+03 6.995851746748118227e-07
9.662000000000000000e+03 6.933415836917983424e-07
9.663000000000000000e+03 6.851530841164309068e-07
9.664000000000000000e+03 6.750615599579896064e-07
9.665000000000000000e+03 6.631154256546325885e-07
9.666000000000000000e+03 6.493693848585784161e-07
9.667000000000000000e+03 6.338843963440993203e-07
9.668000000000000000e+03 6.167273918679323236e-07
9.669000000000000000e+03 5.979708127955471425e-07
9.670000000000000000e+03 5.776923473008778261e-07
9.671000000000000000e+03 5.559744362579116520e-07
9.672000000000000000e+03 5.329044042656884027e-07
9.673000000000000000e+03 5.085739654170126276e-07
9.674000000000000000e+03 4.830788897703805436e-07
9.675000000000000000e+03 4.565184903125758993e-07
9.676000000000000000e+03 4.289955076353781515e-07
9.677000000000000000e+03 4.006155465247907897e-07
9.678000000000000000e+03 3.714866250457689879e-07
9.679000000000000000e+03 3.417187146595258583e-07
9.680000000000000000e+03 3.114234148932454916e-07
9.681000000000000000e+03 2.807137404066654328e-07
9.682000000000000000e+03 2.497033814851045056e-07
9.683000000000000000e+03 2.185063426397034299e-07
9.684000000000000000e+03 1.872365176267172086e-07
9.685000000000000000e+03 1.560071727893768345e-07
9.686000000000000000e+03 1.249306679754897340e-07
9.687000000000000000e+03 9.411793973737731907e-08
9.688000000000000000e+03 6.367800716403868533e-08
9.689000000000000000e+03 3.371734102162796352e-08
9.690000000000000000e+03 4.339616410757385890e-09
9.691000000000000000e+03 -2.435479963184065771e-08
9.692000000000000000e+03 -5.226909000569763855e-08
9.693000000000000000e+03 -7.931057380998419017e-08
9.694000000000000000e+03 -1.053909661969802809e-07
9.695000000000000000e+03 -1.304270286814922984e-07
9.696000000000000000e+03 -1.543405063316610975e-07
9.697000000000000000e+03 -1.770582992065558356e-07
9.698000000000000000e+03 -1.985131325233295933e-07
9.699000000000000000e+03 -2.186435650336800608e-07
9.700000000000000000e+03 -2.373940615186419771e-07
9.701000000000000000e+03 -2.547152951391678039e-07
9.702000000000000000e+03 -2.705641666174596289e-07
9.703000000000000000e+03 -2.849040716768198906e-07
9.704000000000000000e+03 -2.977050443017812215e-07
9.705000000000000000e+03 -3.089433952390142674e-07
9.706000000000000000e+03 -3.186020759008352795e-07
9.707000000000000000e+03 -3.266704540076281194e-07
9.708000000000000000e+03 -3.331445102220010148e-07
9.709000000000000000e+03 -3.380265455123590369e-07
9.710000000000000000e+03 -3.413253400429762647e-07
9.711000000000000000e+03 -3.430558719231362703e-07
9.712000000000000000e+03 -3.432392015895927497e-07
9.713000000000000000e+03 -3.419023415069657157e-07
9.714000000000000000e+03 -3.390780744562651937e-07
9.715000000000000000e+03 -3.348048507555024854e-07
9.716000000000000000e+03 -3.291262794837276897e-07
9.717000000000000000e+03 -3.220910032449879545e-07
9.718000000000000000e+03 -3.137525178942194441e-07
9.719000000000000000e+03 -3.041688942453683071e-07
9.720000000000000000e+03 -2.934024762666034632e-07
9.721000000000000000e+03 -2.815193441620854702e-07
9.722000000000000000e+03 -2.685895828974423304e-07
9.723000000000000000e+03 -2.546866901073069214e-07
9.724000000000000000e+03 -2.398872845851015680e-07
9.725000000000000000e+03 -2.242706701030523355e-07
9.726000000000000000e+03 -2.079183600711573370e-07
9.727000000000000000e+03 -1.909141601511399628e-07
9.728000000000000000e+03 -1.733436022361672175e-07
9.729000000000000000e+03 -1.552935795067798609e-07
9.730000000000000000e+03 -1.368518183300089216e-07
9.731000000000000000e+03 -1.181066737775262227e-07
9.732000000000000000e+03 -9.914674865557593960e-08
9.733000000000000000e+03 -8.006053400711843351e-08
9.734000000000000000e+03 -6.093600610522080748e-08
9.735000000000000000e+03 -4.186018319730513601e-08
9.736000000000000000e+03 -2.291865566233747679e-08
9.737000000000000000e+03 -4.195302579792810793e-09
9.738000000000000000e+03 1.422802050127772604e-08
9.739000000000000000e+03 3.227172916959800139e-08
9.740000000000000000e+03 4.985892198750092865e-08
9.741000000000000000e+03 6.691580597811146376e-08
9.742000000000000000e+03 8.337201054106291196e-08
9.743000000000000000e+03 9.916086000758320015e-08
9.744000000000000000e+03 1.142198021928792582e-07
9.745000000000000000e+03 1.284906074672751347e-07
9.746000000000000000e+03 1.419196008513880146e-07
9.747000000000000000e+03 1.544577441811050047e-07
9.748000000000000000e+03 1.660614149429832647e-07
9.749000000000000000e+03 1.766923593751897336e-07
9.750000000000000000e+03 1.863178743199716265e-07
9.751000000000000000e+03 1.949107982945742355e-07
9.752000000000000000e+03 2.024499861121405367e-07
9.753000000000000000e+03 2.089203797694877351e-07
9.754000000000000000e+03 2.143127392818507964e-07
9.755000000000000000e+03 2.186240275134860151e-07
9.756000000000000000e+03 2.218573276381099623e-07
9.757000000000000000e+03 2.240214364958923533e-07
9.758000000000000000e+03 2.251310380656296595e-07
9.759000000000000000e+03 2.252067335882050338e-07
9.760000000000000000e+03 2.242748110116662022e-07
9.761000000000000000e+03 2.223669916260218969e-07
9.762000000000000000e+03 2.195200930539258128e-07
9.763000000000000000e+03 2.157759725904272180e-07
9.764000000000000000e+03 2.111811332870212927e-07
9.765000000000000000e+03 2.057865011373660642e-07
9.766000000000000000e+03 1.996469453696497045e-07
9.767000000000000000e+03 1.928211745585829436e-07
9.768000000000000000e+03 1.853708272414169702e-07
9.769000000000000000e+03 1.773602630797555593e-07
9.770000000000000000e+03 1.688563073519934503e-07
9.771000000000000000e+03 1.599279859552795224e-07
9.772000000000000000e+03 1.506454873036945077e-07
9.773000000000000000e+03 1.410799445091915786e-07
9.774000000000000000e+03 1.313030032137918625e-07
9.775000000000000000e+03 1.213862545521413060e-07
9.776000000000000000e+03 1.114007707524051980e-07
9.777000000000000000e+03 1.014171155475328912e-07
9.778000000000000000e+03 9.150451483681698386e-08
9.779000000000000000e+03 8.173046261385086459e-08
9.780000000000000000e+03 7.216034478513173589e-08
9.781000000000000000e+03 6.285695201310241142e-08
9.782000000000000000e+03 5.388038912617331808e-08
9.783000000000000000e+03 4.528723471557100751e-08
9.784000000000000000e+03 3.713067201292883108e-08
9.785000000000000000e+03 2.946013085105419532e-08
9.786000000000000000e+03 2.232092109747763331e-08
9.787000000000000000e+03 1.575387646446407140e-08
9.788000000000000000e+03 9.795027659564068119e-09
9.789000000000000000e+03 4.475518061583367530e-09
9.790000000000000000e+03 -1.783269661409268251e-10
9.791000000000000000e+03 -4.145435100829753761e-09
9.792000000000000000e+03 -7.409833861499836930e-09
9.793000000000000000e+03 -9.960626626023311259e-09
9.794000000000000000e+03 -1.179253430311802148e-08
9.795000000000000000e+03 -1.290545398565212666e-08
9.796000000000000000e+03 -1.330433182021355565e-08
9.797000000000000000e+03 -1.299906865044042472e-08
9.798000000000000000e+03 -1.200517586049787449e-08
9.799000000000000000e+03 -1.034313780564850336e-08
9.800000000000000000e+03 -8.038033906673575522e-09
9.801000000000000000e+03 -5.119421000170302009e-09
9.802000000000000000e+03 -1.621674668937444281e-09
9.803000000000000000e+03 2.416539166361786526e-09
9.804000000000000000e+03 6.952359476486464247e-09
9.805000000000000000e+03 1.193893606602787063e-08
9.806000000000000000e+03 1.732592560899819168e-08
9.807000000000000000e+03 2.305981290611876842e-08
9.808000000000000000e+03 2.908410369531571511e-08
9.809000000000000000e+03 3.533955603615343899e-08
9.810000000000000000e+03 4.176490495768092693e-08
9.811000000000000000e+03 4.829705713099630610e-08
9.812000000000000000e+03 5.487122368686482414e-08
9.813000000000000000e+03 6.142123683541833917e-08
9.814000000000000000e+03 6.788062552948083835e-08
9.815000000000000000e+03 7.418291240394635477e-08
9.816000000000000000e+03 8.026168185456263526e-08
9.817000000000000000e+03 8.605120678367231546e-08
9.818000000000000000e+03 9.148681798607998508e-08
9.819000000000000000e+03 9.650551895160619490e-08
9.820000000000000000e+03 1.010462926283492805e-07
9.821000000000000000e+03 1.050507172125440034e-07
9.822000000000000000e+03 1.084632995255223313e-07
9.823000000000000000e+03 1.112318928932473213e-07
9.824000000000000000e+03 1.133084477757897520e-07
9.825000000000000000e+03 1.146489459488153201e-07
9.826000000000000000e+03 1.152139908248660739e-07
9.827000000000000000e+03 1.149693830944254876e-07
9.828000000000000000e+03 1.138863240416051091e-07
9.829000000000000000e+03 1.119416822815736126e-07
9.830000000000000000e+03 1.091186169361061735e-07
9.831000000000000000e+03 1.054061806049758014e-07
9.832000000000000000e+03 1.007997428258693458e-07
9.833000000000000000e+03 9.530153199184877533e-08
9.834000000000000000e+03 8.892014806708387025e-08
9.835000000000000000e+03 8.167086691977169731e-08
9.836000000000000000e+03 7.357556884067202542e-08
9.837000000000000000e+03 6.466254062795314327e-08
9.838000000000000000e+03 5.496631153181800753e-08
9.839000000000000000e+03 4.452756310539827145e-08
9.840000000000000000e+03 3.339302396616366851e-08
9.841000000000000000e+03 2.161495306156031335e-08
9.842000000000000000e+03 9.251069551545584747e-09
9.843000000000000000e+03 -3.635317837384861575e-09
9.844000000000000000e+03 -1.697617864618576843e-08
9.845000000000000000e+03 -3.069939421311670131e-08
9.846000000000000000e+03 -4.472878797579574397e-08
9.847000000000000000e+03 -5.898436733253071749e-08
9.848000000000000000e+03 -7.338304174730128219e-08
9.849000000000000000e+03 -8.783922550596391334e-08
9.850000000000000000e+03 -1.022650113758353708e-07
9.851000000000000000e+03 -1.165709675350429110e-07
9.852000000000000000e+03 -1.306669800993582832e-07
9.853000000000000000e+03 -1.444623038802208636e-07
9.854000000000000000e+03 -1.578667331035088333e-07
9.855000000000000000e+03 -1.707909956721830252e-07
9.856000000000000000e+03 -1.831472348335252539e-07
9.857000000000000000e+03 -1.948498868656746712e-07
9.858000000000000000e+03 -2.058163458575552428e-07
9.859000000000000000e+03 -2.159669841518873134e-07
9.860000000000000000e+03 -2.252260865651812804e-07
9.861000000000000000e+03 -2.335225859541752526e-07
9.862000000000000000e+03 -2.407906573837269175e-07
9.863000000000000000e+03 -2.469696523495636703e-07
9.864000000000000000e+03 -2.520048485037296899e-07
9.865000000000000000e+03 -2.558477750594599462e-07
9.866000000000000000e+03 -2.584564195488060200e-07
9.867000000000000000e+03 -2.597957731805843567e-07
9.868000000000000000e+03 -2.598375902937724886e-07
9.869000000000000000e+03 -2.585608771170141726e-07
9.870000000000000000e+03 -2.559517332011176489e-07
9.871000000000000000e+03 -2.520039494021605610e-07
9.872000000000000000e+03 -2.467197329874262849e-07
9.873000000000000000e+03 -2.401085664069715745e-07
9.874000000000000000e+03 -2.321877135251540535e-07
9.875000000000000000e+03 -2.229825295059234267e-07
9.876000000000000000e+03 -2.125258351889199161e-07
9.877000000000000000e+03 -2.008575279114849175e-07
9.878000000000000000e+03 -1.880250266902364081e-07
9.879000000000000000e+03 -1.740829773323078670e-07
9.880000000000000000e+03 -1.590929297563244944e-07
9.881000000000000000e+03 -1.431229162906953186e-07
9.882000000000000000e+03 -1.262473510046164171e-07
9.883000000000000000e+03 -1.085464779519640054e-07
9.884000000000000000e+03 -9.010555537858264640e-08
9.885000000000000000e+03 -7.101448650983559543e-08
9.886000000000000000e+03 -5.136748076300597538e-08
9.887000000000000000e+03 -3.126212426702688394e-08
9.888000000000000000e+03 -1.079970103953636932e-08
9.889000000000000000e+03 9.915743824572548530e-09
9.890000000000000000e+03 3.077817619560122486e-08
9.891000000000000000e+03 5.168049172373751910e-08
9.892000000000000000e+03 7.251471391635182310e-08
9.893000000000000000e+03 9.317271199208301872e-08
9.894000000000000000e+03 1.135464079663580491e-07
9.895000000000000000e+03 1.335286048241810011e-07
9.896000000000000000e+03 1.530136515028483097e-07
9.897000000000000000e+03 1.718976171128279472e-07
9.898000000000000000e+03 1.900794423527185279e-07
9.899000000000000000e+03 2.074611726577531608e-07
9.900000000000000000e+03 2.239482862332362857e-07
9.901000000000000000e+03 2.394509112671551570e-07
9.902000000000000000e+03 2.538835948205378180e-07
9.903000000000000000e+03 2.671664734268213780e-07
9.904000000000000000e+03 2.792249567810860455e-07
9.905000000000000000e+03 2.899910664764844286e-07
9.906000000000000000e+03 2.994035616068259917e-07
9.907000000000000000e+03 3.074079739971280625e-07
9.908000000000000000e+03 3.139561055007810649e-07
9.909000000000000000e+03 3.190077531749481412e-07
9.910000000000000000e+03 3.225299424067006643e-07
9.911000000000000000e+03 3.244967843939030449e-07
9.912000000000000000e+03 3.248905210456620938e-07
9.913000000000000000e+03 3.237009653618517604e-07
9.914000000000000000e+03 3.209262692509759360e-07
9.915000000000000000e+03 3.165722331421578396e-07
9.916000000000000000e+03 3.106514987380251275e-07
9.917000000000000000e+03 3.031841995255823862e-07
9.918000000000000000e+03 2.941982005003003371e-07
9.919000000000000000e+03 2.837284738716562280e-07
9.920000000000000000e+03 2.718173508995031216e-07
9.921000000000000000e+03 2.585129542005553513e-07
9.922000000000000000e+03 2.438681329974441076e-07
9.923000000000000000e+03 2.279416496930442512e-07
9.924000000000000000e+03 2.107974355288430300e-07
9.925000000000000000e+03 1.925037973184441732e-07
9.926000000000000000e+03 1.731331894399349268e-07
9.927000000000000000e+03 1.527621795057655855e-07
9.928000000000000000e+03 1.314700313339515591e-07
9.929000000000000000e+03 1.093382200877138484e-07
9.930000000000000000e+03 8.645034869794487988e-08
9.931000000000000000e+03 6.289194989511101900e-08
9.932000000000000000e+03 3.875004144696484310e-08
9.933000000000000000e+03 1.411234113334323238e-08
9.934000000000000000e+03 -1.093311282604463251e-08
9.935000000000000000e+03 -3.629953215177404075e-08
9.936000000000000000e+03 -6.190019743966017218e-08
9.937000000000000000e+03 -8.764915832592313437e-08
9.938000000000000000e+03 -1.134616559910360852e-07
9.939000000000000000e+03 -1.392545919747830227e-07
9.940000000000000000e+03 -1.649475514568978980e-07
9.941000000000000000e+03 -1.904618256475504700e-07
9.942000000000000000e+03 -2.157216503529175268e-07
9.943000000000000000e+03 -2.406543502990970526e-07
9.944000000000000000e+03 -2.651893129209103139e-07
9.945000000000000000e+03 -2.892598878784113865e-07
9.946000000000000000e+03 -3.128024294473791042e-07
9.947000000000000000e+03 -3.357579965020251716e-07
9.948000000000000000e+03 -3.580705448892446663e-07
9.949000000000000000e+03 -3.796868796715306735e-07
9.950000000000000000e+03 -4.005586848838279250e-07
9.951000000000000000e+03 -4.206414451433827601e-07
9.952000000000000000e+03 -4.398943052826415565e-07
9.953000000000000000e+03 -4.582792002690264069e-07
9.954000000000000000e+03 -4.757627982840669564e-07
9.955000000000000000e+03 -4.923146514340293464e-07
9.956000000000000000e+03 -5.079092770031641158e-07
9.957000000000000000e+03 -5.225233374469269072e-07
9.958000000000000000e+03 -5.361362778417838076e-07
9.959000000000000000e+03 -5.487323424898564543e-07
9.960000000000000000e+03 -5.602987059215920913e-07
9.961000000000000000e+03 -5.708246337603235575e-07
9.962000000000000000e+03 -5.803021503985672691e-07
9.963000000000000000e+03 -5.887249959777627494e-07
9.964000000000000000e+03 -5.960903693514835224e-07
9.965000000000000000e+03 -6.023965835809431985e-07
9.966000000000000000e+03 -6.076438987279957134e-07
9.967000000000000000e+03 -6.118348617754223974e-07
9.968000000000000000e+03 -6.149750381388937280e-07
9.969000000000000000e+03 -6.170713642816557966e-07
9.970000000000000000e+03 -6.181322466219745311e-07
9.971000000000000000e+03 -6.181698353404446897e-07
9.972000000000000000e+03 -6.171988570080004155e-07
9.973000000000000000e+03 -6.152342177446531155e-07
9.974000000000000000e+03 -6.122968885176469117e-07
9.975000000000000000e+03 -6.084053828519731711e-07
9.976000000000000000e+03 -6.035807395945555499e-07
9.977000000000000000e+03 -5.978469141875140881e-07
9.978000000000000000e+03 -5.912308475220777927e-07
9.979000000000000000e+03 -5.837626052673723099e-07
9.980000000000000000e+03 -5.754752287294548906e-07
9.981000000000000000e+03 -5.664064181304987438e-07
9.982000000000000000e+03 -5.565956138057833582e-07
9.983000000000000000e+03 -5.460836252643778800e-07
9.984000000000000000e+03 -5.349137805211241737e-07
9.985000000000000000e+03 -5.231280366590878465e-07
9.986000000000000000e+03 -5.107726902556226628e-07
9.987000000000000000e+03 -4.978997781934679040e-07
9.988000000000000000e+03 -4.845649920630136884e-07
9.989000000000000000e+03 -4.708288593720014435e-07
9.990000000000000000e+03 -4.567536254343249097e-07
9.991000000000000000e+03 -4.423978316795387574e-07
9.992000000000000000e+03 -4.278227295811868146e-07
9.993000000000000000e+03 -4.130934067752553975e-07
9.994000000000000000e+03 -3.982712395457590245e-07
9.995000000000000000e+03 -3.834170074013669561e-07
9.996000000000000000e+03 -3.685954870523091475e-07
9.997000000000000000e+03 -3.538685285783461411e-07
9.998000000000000000e+03 -3.392981819437373688e-07
9.999000000000000000e+03 -3.249487608699034819e-07
1.000000000000000000e+04 -3.108710610591299550e-07
