# time_fs msd_A2
0.000000000000000000e+00 0.000000000000000000e+00
1.000000000000000000e+00 4.983792621688798062e-05
2.000000000000000000e+00 1.990475892624460959e-04
3.000000000000000000e+00 4.469506965021020819e-04
4.000000000000000000e+00 7.925644790034086029e-04
5.000000000000000000e+00 1.234594906918586987e-03
6.000000000000000000e+00 1.771433948982740689e-03
7.000000000000000000e+00 2.401159991254096099e-03
8.000000000000000000e+00 3.121543208085242674e-03
9.000000000000000000e+00 3.930055536246720646e-03
1.000000000000000000e+01 4.823889510152664511e-03
1.100000000000000000e+01 5.799976035696937683e-03
1.200000000000000000e+01 6.855014371809430018e-03
1.300000000000000000e+01 7.985509652345935960e-03
1.400000000000000000e+01 9.187792767482811859e-03
1.500000000000000000e+01 1.045805527208986709e-02
1.600000000000000000e+01 1.179237685853530559e-02
1.700000000000000000e+01 1.318675099199008785e-02
1.800000000000000000e+01 1.463710533848667714e-02
1.900000000000000000e+01 1.613933191445516419e-02
2.000000000000000000e+01 1.768930350683395325e-02
2.100000000000000000e+01 1.928288388054763200e-02
2.200000000000000000e+01 2.091594216206843146e-02
2.300000000000000000e+01 2.258435948841808899e-02
2.400000000000000000e+01 2.428403345439588204e-02
2.500000000000000000e+01 2.601086155453122273e-02
2.600000000000000000e+01 2.776073260591264968e-02
2.700000000000000000e+01 2.952951653739746898e-02
2.800000000000000000e+01 3.131304584410041225e-02
2.900000000000000000e+01 3.310710131519155330e-02
3.000000000000000000e+01 3.490741048164885951e-02
3.100000000000000000e+01 3.670963453609195348e-02
3.200000000000000000e+01 3.850938376096080945e-02
3.300000000000000000e+01 4.030223091347256981e-02
3.400000000000000000e+01 4.208374138756258015e-02
3.500000000000000000e+01 4.384951197733122363e-02
3.600000000000000000e+01 4.559521128034271092e-02
3.700000000000000000e+01 4.731662988541626702e-02
3.800000000000000000e+01 4.900972199884204294e-02
3.900000000000000000e+01 5.067065096982770189e-02
4.000000000000000000e+01 5.229583308144984677e-02
4.100000000000000000e+01 5.388195161131038857e-02
4.200000000000000000e+01 5.542598488042808913e-02
4.300000000000000000e+01 5.692520812109425066e-02
4.400000000000000000e+01 5.837718500381948450e-02
4.500000000000000000e+01 5.977975355142586822e-02
4.600000000000000000e+01 6.113101157892961157e-02
4.700000000000000000e+01 6.242930530037538173e-02
4.800000000000000000e+01 6.367320274204338326e-02
4.900000000000000000e+01 6.486148260803945020e-02
5.000000000000000000e+01 6.599312118435610164e-02
5.100000000000000000e+01 6.706727762563852169e-02
5.200000000000000000e+01 6.808330651347289930e-02
5.300000000000000000e+01 6.904075363637976470e-02
5.400000000000000000e+01 6.993936008566918605e-02
5.500000000000000000e+01 7.077907484886911127e-02
5.600000000000000000e+01 7.156007007897803585e-02
5.700000000000000000e+01 7.228272954031103592e-02
5.800000000000000000e+01 7.294765210249125331e-02
5.900000000000000000e+01 7.355566765867102563e-02
6.000000000000000000e+01 7.410781441933983471e-02
6.100000000000000000e+01 7.460533861625048835e-02
6.200000000000000000e+01 7.504968015884042054e-02
6.300000000000000000e+01 7.544245065096673308e-02
6.400000000000000000e+01 7.578541195968876987e-02
6.500000000000000000e+01 7.608045846695110637e-02
6.600000000000000000e+01 7.632960690607989984e-02
6.700000000000000000e+01 7.653497742478648780e-02
6.800000000000000000e+01 7.669878235647453746e-02
6.900000000000000000e+01 7.682329445675548096e-02
7.000000000000000000e+01 7.691084492142827300e-02
7.100000000000000000e+01 7.696380844934040677e-02
7.200000000000000000e+01 7.698458935457117014e-02
7.300000000000000000e+01 7.697560112833005952e-02
7.400000000000000000e+01 7.693924310560706914e-02
7.500000000000000000e+01 7.687789836071264038e-02
7.600000000000000000e+01 7.679392816088559393e-02
7.700000000000000000e+01 7.668966123978469829e-02
7.800000000000000000e+01 7.656737413710107409e-02
7.900000000000000000e+01 7.642927549508757301e-02
8.000000000000000000e+01 7.627749078130702243e-02
8.100000000000000000e+01 7.611405091094403108e-02
8.200000000000000000e+01 7.594088237750055981e-02
8.300000000000000000e+01 7.575978099297639434e-02
8.400000000000000000e+01 7.557237447559803090e-02
8.500000000000000000e+01 7.538009767381120829e-02
8.600000000000000000e+01 7.518417427543769294e-02
8.700000000000000000e+01 7.498560565826808966e-02
8.800000000000000000e+01 7.478516359078550557e-02
8.900000000000000000e+01 7.458337831628589210e-02
9.000000000000000000e+01 7.438053154448742710e-02
9.100000000000000000e+01 7.417666568457403908e-02
9.200000000000000000e+01 7.397160073420179505e-02
9.300000000000000000e+01 7.376494478752911033e-02
9.400000000000000000e+01 7.355612526782322191e-02
9.500000000000000000e+01 7.334442568890980896e-02
9.600000000000000000e+01 7.312903631879355548e-02
9.700000000000000000e+01 7.290910013632674602e-02
9.800000000000000000e+01 7.268377672651513133e-02
9.900000000000000000e+01 7.245230389456544517e-02
1.000000000000000000e+02 7.221406331862882666e-02
1.010000000000000000e+02 7.196862235377159134e-02
1.020000000000000000e+02 7.171578458965874314e-02
1.030000000000000000e+02 7.145560517039099835e-02
1.040000000000000000e+02 7.118839934341769649e-02
1.050000000000000000e+02 7.091474486285440082e-02
1.060000000000000000e+02 7.063544755778798645e-02
1.070000000000000000e+02 7.035151147011134420e-02
1.080000000000000000e+02 7.006409152400723539e-02
1.090000000000000000e+02 6.977444448500068341e-02
1.100000000000000000e+02 6.948386598415939863e-02
1.110000000000000000e+02 6.919363925812010985e-02
1.120000000000000000e+02 6.890499084676710018e-02
1.130000000000000000e+02 6.861905205697746424e-02
1.140000000000000000e+02 6.833682449766567690e-02
1.150000000000000000e+02 6.805915539899992650e-02
1.160000000000000000e+02 6.778672115801147313e-02
1.170000000000000000e+02 6.752001416927959354e-02
1.180000000000000000e+02 6.725935261784565800e-02
1.190000000000000000e+02 6.700489977772731975e-02
1.200000000000000000e+02 6.675669130984836219e-02
1.210000000000000000e+02 6.651466184429441486e-02
1.220000000000000000e+02 6.627866313397903775e-02
1.230000000000000000e+02 6.604850024421857202e-02
1.240000000000000000e+02 6.582396585632901975e-02
1.250000000000000000e+02 6.560484685121366344e-02
1.260000000000000000e+02 6.539092372354304850e-02
1.270000000000000000e+02 6.518198917978941520e-02
1.280000000000000000e+02 6.497784844091759882e-02
1.290000000000000000e+02 6.477830492820180197e-02
1.300000000000000000e+02 6.458317383320519300e-02
1.310000000000000000e+02 6.439227425418181383e-02
1.320000000000000000e+02 6.420541923934708350e-02
1.330000000000000000e+02 6.402242183304719669e-02
1.340000000000000000e+02 6.384309305311430816e-02
1.350000000000000000e+02 6.366725287698152269e-02
1.360000000000000000e+02 6.349474052671788549e-02
1.370000000000000000e+02 6.332542164508975224e-02
1.380000000000000000e+02 6.315920261752321074e-02
1.390000000000000000e+02 6.299603867716931094e-02
1.400000000000000000e+02 6.283594122440369634e-02
1.410000000000000000e+02 6.267899152112951788e-02
1.420000000000000000e+02 6.252534987757157880e-02
1.430000000000000000e+02 6.237526383596495028e-02
1.440000000000000000e+02 6.222905323684905371e-02
1.450000000000000000e+02 6.208710224350868362e-02
1.460000000000000000e+02 6.194984684312093703e-02
1.470000000000000000e+02 6.181776140207606574e-02
1.480000000000000000e+02 6.169133818108131495e-02
1.490000000000000000e+02 6.157104795449536150e-02
1.500000000000000000e+02 6.145731411132229066e-02
1.510000000000000000e+02 6.135048491359088030e-02
1.520000000000000000e+02 6.125081170743776338e-02
1.530000000000000000e+02 6.115843535232194650e-02
1.540000000000000000e+02 6.107338031412609669e-02
1.550000000000000000e+02 6.099557410319310369e-02
1.560000000000000000e+02 6.092485986497293837e-02
1.570000000000000000e+02 6.086101751010651595e-02
1.580000000000000000e+02 6.080380473364950522e-02
1.590000000000000000e+02 6.075298651943655814e-02
1.600000000000000000e+02 6.070835882909636494e-02
1.610000000000000000e+02 6.066979009286652819e-02
1.620000000000000000e+02 6.063725104769047969e-02
1.630000000000000000e+02 6.061083024253437201e-02
1.640000000000000000e+02 6.059073565926333116e-02
1.650000000000000000e+02 6.057729193201463053e-02
1.660000000000000000e+02 6.057092127521147840e-02
1.670000000000000000e+02 6.057213129718732464e-02
1.680000000000000000e+02 6.058148510159322431e-02
1.690000000000000000e+02 6.059958080975443029e-02
1.700000000000000000e+02 6.062703397682263351e-02
1.710000000000000000e+02 6.066443506717173612e-02
1.720000000000000000e+02 6.071233702824956058e-02
1.730000000000000000e+02 6.077122552370847752e-02
1.740000000000000000e+02 6.084149464219684722e-02
1.750000000000000000e+02 6.092342122035984686e-02
1.760000000000000000e+02 6.101715948320046712e-02
1.770000000000000000e+02 6.112271781321211572e-02
1.780000000000000000e+02 6.123995535176759986e-02
1.790000000000000000e+02 6.136856530376446489e-02
1.800000000000000000e+02 6.150807197086615580e-02
1.810000000000000000e+02 6.165782173834587210e-02
1.820000000000000000e+02 6.181698639449774435e-02
1.830000000000000000e+02 6.198456244853747105e-02
1.840000000000000000e+02 6.215937068865820536e-02
1.850000000000000000e+02 6.234006227592576305e-02
1.860000000000000000e+02 6.252513524584984994e-02
1.870000000000000000e+02 6.271295486351252668e-02
1.880000000000000000e+02 6.290177063104898658e-02
1.890000000000000000e+02 6.308974643266571092e-02
1.900000000000000000e+02 6.327500189607600245e-02
1.910000000000000000e+02 6.345565530607998050e-02
1.920000000000000000e+02 6.362986087980188055e-02
1.930000000000000000e+02 6.379586353760886841e-02
1.940000000000000000e+02 6.395205428061073727e-02
1.950000000000000000e+02 6.409702745316159245e-02
1.960000000000000000e+02 6.422962632468853794e-02
1.970000000000000000e+02 6.434897617718614293e-02
1.980000000000000000e+02 6.445451172933269746e-02
1.990000000000000000e+02 6.454598291304344815e-02
2.000000000000000000e+02 6.462342644871019171e-02
2.010000000000000000e+02 6.468714215893539565e-02
2.020000000000000000e+02 6.473764794263671407e-02
2.030000000000000000e+02 6.477561272971055217e-02
2.040000000000000000e+02 6.480179673708366672e-02
2.050000000000000000e+02 6.481698408605256201e-02
2.060000000000000000e+02 6.482192889953858339e-02
2.070000000000000000e+02 6.481728744857054303e-02
2.080000000000000000e+02 6.480358748194622875e-02
2.090000000000000000e+02 6.478120968577413819e-02
2.100000000000000000e+02 6.475036010116259899e-02
2.110000000000000000e+02 6.471109051341281115e-02
2.120000000000000000e+02 6.466328968909480779e-02
2.130000000000000000e+02 6.460672584553893427e-02
2.140000000000000000e+02 6.454108557506312016e-02
2.150000000000000000e+02 6.446601094909168439e-02
2.160000000000000000e+02 6.438115101219382685e-02
2.170000000000000000e+02 6.428620231047249556e-02
2.180000000000000000e+02 6.418096198574853306e-02
2.190000000000000000e+02 6.406537364179093474e-02
2.200000000000000000e+02 6.393954794695787258e-02
2.210000000000000000e+02 6.380379292360857657e-02
2.220000000000000000e+02 6.365861443627930660e-02
2.230000000000000000e+02 6.350470997389448535e-02
2.240000000000000000e+02 6.334294437132938216e-02
2.250000000000000000e+02 6.317432874613300442e-02
2.260000000000000000e+02 6.299998402899040228e-02
2.270000000000000000e+02 6.282110293439029103e-02
2.280000000000000000e+02 6.263891439316092435e-02
2.290000000000000000e+02 6.245463956211142614e-02
2.300000000000000000e+02 6.226947286037419482e-02
2.310000000000000000e+02 6.208456183506119025e-02
2.320000000000000000e+02 6.190099236795834625e-02
2.330000000000000000e+02 6.171977074088235565e-02
2.340000000000000000e+02 6.154182542377224785e-02
2.350000000000000000e+02 6.136799044426441418e-02
2.360000000000000000e+02 6.119900826578004993e-02
2.370000000000000000e+02 6.103553068914165797e-02
2.380000000000000000e+02 6.087810410520633209e-02
2.390000000000000000e+02 6.072717136471840471e-02
2.400000000000000000e+02 6.058307557447466241e-02
2.410000000000000000e+02 6.044606202847387783e-02
2.420000000000000000e+02 6.031627627710568762e-02
2.430000000000000000e+02 6.019377960391765481e-02
2.440000000000000000e+02 6.007855965815295241e-02
2.450000000000000000e+02 5.997053237479386956e-02
2.460000000000000000e+02 5.986953733724380278e-02
2.470000000000000000e+02 5.977533207209242971e-02
2.480000000000000000e+02 5.968756581270488748e-02
2.490000000000000000e+02 5.960574882447412792e-02
2.500000000000000000e+02 5.952922750353944331e-02
2.510000000000000000e+02 5.945717261294838907e-02
2.520000000000000000e+02 5.938855854145227986e-02
2.530000000000000000e+02 5.932217453940021035e-02
2.540000000000000000e+02 5.925667340058182742e-02
2.550000000000000000e+02 5.919059345081098544e-02
2.560000000000000000e+02 5.912241766955456113e-02
2.570000000000000000e+02 5.905064001231179888e-02
2.580000000000000000e+02 5.897383476404279012e-02
2.590000000000000000e+02 5.889070589342815243e-02
2.600000000000000000e+02 5.880014748213809733e-02
2.610000000000000000e+02 5.870128173360694701e-02
2.620000000000000000e+02 5.859348403971427477e-02
2.630000000000000000e+02 5.847639568951979588e-02
2.640000000000000000e+02 5.834991804562525419e-02
2.650000000000000000e+02 5.821420639476818093e-02
2.660000000000000000e+02 5.806964049464014704e-02
2.670000000000000000e+02 5.791680334450419881e-02
2.680000000000000000e+02 5.775644367834086718e-02
2.690000000000000000e+02 5.758943771004140788e-02
2.700000000000000000e+02 5.741675229157491844e-02
2.710000000000000000e+02 5.723941254948484991e-02
2.720000000000000000e+02 5.705845507936906091e-02
2.730000000000000000e+02 5.687489271042471539e-02
2.740000000000000000e+02 5.668966713951961722e-02
2.750000000000000000e+02 5.650361747013793456e-02
2.760000000000000000e+02 5.631744638237100309e-02
2.770000000000000000e+02 5.613168763062911099e-02
2.780000000000000000e+02 5.594669668811715763e-02
2.790000000000000000e+02 5.576264069635683551e-02
2.800000000000000000e+02 5.557949074698111114e-02
2.810000000000000000e+02 5.539702709519035706e-02
2.820000000000000000e+02 5.521486012226196893e-02
2.830000000000000000e+02 5.503247658419544580e-02
2.840000000000000000e+02 5.484926525413931497e-02
2.850000000000000000e+02 5.466455217353552443e-02
2.860000000000000000e+02 5.447764326784181044e-02
2.870000000000000000e+02 5.428787042805967994e-02
2.880000000000000000e+02 5.409463358786469056e-02
2.890000000000000000e+02 5.389743519408939781e-02
2.900000000000000000e+02 5.369589295122777217e-02
2.910000000000000000e+02 5.348975305443343098e-02
2.920000000000000000e+02 5.327889908946197017e-02
2.930000000000000000e+02 5.306334691757163408e-02
2.940000000000000000e+02 5.284322645315332051e-02
2.950000000000000000e+02 5.261877278878031305e-02
2.960000000000000000e+02 5.239028470623528083e-02
2.970000000000000000e+02 5.215811242221197325e-02
2.980000000000000000e+02 5.192263382230018903e-02
2.990000000000000000e+02 5.168424561734265288e-02
3.000000000000000000e+02 5.144335946900270573e-02
3.010000000000000000e+02 5.120038824589417947e-02
3.020000000000000000e+02 5.095574762659764445e-02
3.030000000000000000e+02 5.070985118277179793e-02
3.040000000000000000e+02 5.046310976775290891e-02
3.050000000000000000e+02 5.021593181406937278e-02
3.060000000000000000e+02 4.996872169115380846e-02
3.070000000000000000e+02 4.972187467397887889e-02
3.080000000000000000e+02 4.947577289771319664e-02
3.090000000000000000e+02 4.923079940848881786e-02
3.100000000000000000e+02 4.898734332333717911e-02
3.110000000000000000e+02 4.874581856663233459e-02
3.120000000000000000e+02 4.850667844133980944e-02
3.130000000000000000e+02 4.827044260149964544e-02
3.140000000000000000e+02 4.803771970636046273e-02
3.150000000000000000e+02 4.780921679545950542e-02
3.160000000000000000e+02 4.758574636543139169e-02
3.170000000000000000e+02 4.736822747161296976e-02
3.180000000000000000e+02 4.715767629492818858e-02
3.190000000000000000e+02 4.695517143990469988e-02
3.200000000000000000e+02 4.676183204341116673e-02
3.210000000000000000e+02 4.657879547045881696e-02
3.220000000000000000e+02 4.640716993921491923e-02
3.230000000000000000e+02 4.624800861146430991e-02
3.240000000000000000e+02 4.610227393499603810e-02
3.250000000000000000e+02 4.597081027296564398e-02
3.260000000000000000e+02 4.585433499172250627e-02
3.270000000000000000e+02 4.575342796724712890e-02
3.280000000000000000e+02 4.566851436743320225e-02
3.290000000000000000e+02 4.559986317514515275e-02
3.300000000000000000e+02 4.554759329067360751e-02
3.310000000000000000e+02 4.551167823106075372e-02
3.320000000000000000e+02 4.549194144876109180e-02
3.330000000000000000e+02 4.548805662703200858e-02
3.340000000000000000e+02 4.549954211019228284e-02
3.350000000000000000e+02 4.552577061700563421e-02
3.360000000000000000e+02 4.556596241367534550e-02
3.370000000000000000e+02 4.561919730791330618e-02
3.380000000000000000e+02 4.568441786807418692e-02
3.390000000000000000e+02 4.576045483596095226e-02
3.400000000000000000e+02 4.584605869356581098e-02
3.410000000000000000e+02 4.593992503595074189e-02
3.420000000000000000e+02 4.604074012178636238e-02
3.430000000000000000e+02 4.614721647880204447e-02
3.440000000000000000e+02 4.625813914507783536e-02
3.450000000000000000e+02 4.637240568604265867e-02
3.460000000000000000e+02 4.648905930301652084e-02
3.470000000000000000e+02 4.660731298074541340e-02
3.480000000000000000e+02 4.672655529959507392e-02
3.490000000000000000e+02 4.684635240966538577e-02
3.500000000000000000e+02 4.696643567981016038e-02
3.510000000000000000e+02 4.708668672094008800e-02
3.520000000000000000e+02 4.720710526552550357e-02
3.530000000000000000e+02 4.732778499125032956e-02
3.540000000000000000e+02 4.744886908371094558e-02
3.550000000000000000e+02 4.757052200671057357e-02
3.560000000000000000e+02 4.769290633708029442e-02
3.570000000000000000e+02 4.781616649926159063e-02
3.580000000000000000e+02 4.794040824277771840e-02
3.590000000000000000e+02 4.806571478906642575e-02
3.600000000000000000e+02 4.819214685726633252e-02
3.610000000000000000e+02 4.831973937273334463e-02
3.620000000000000000e+02 4.844852547048333902e-02
3.630000000000000000e+02 4.857855098499454238e-02
3.640000000000000000e+02 4.870989493643816670e-02
3.650000000000000000e+02 4.884266756838348544e-02
3.660000000000000000e+02 4.897703639273499887e-02
3.670000000000000000e+02 4.911323133964977383e-02
3.680000000000000000e+02 4.925155154345875474e-02
3.690000000000000000e+02 4.939235641000318255e-02
3.700000000000000000e+02 4.953605279508786763e-02
3.710000000000000000e+02 4.968308091750002486e-02
3.720000000000000000e+02 4.983388684479316683e-02
3.730000000000000000e+02 4.998890133916555900e-02
3.740000000000000000e+02 5.014852239846527560e-02
3.750000000000000000e+02 5.031308832531634218e-02
3.760000000000000000e+02 5.048286319775596720e-02
3.770000000000000000e+02 5.065802698984671337e-02
3.780000000000000000e+02 5.083865882861074437e-02
3.790000000000000000e+02 5.102474253263997173e-02
3.800000000000000000e+02 5.121617797364091257e-02
3.810000000000000000e+02 5.141279464289616463e-02
3.820000000000000000e+02 5.161435364826125194e-02
3.830000000000000000e+02 5.182055421093013925e-02
3.840000000000000000e+02 5.203104674041457434e-02
3.850000000000000000e+02 5.224545333830819815e-02
3.860000000000000000e+02 5.246337498368033175e-02
3.870000000000000000e+02 5.268439136231811704e-02
3.880000000000000000e+02 5.290807115659435650e-02
3.890000000000000000e+02 5.313397000767589029e-02
3.900000000000000000e+02 5.336164031934043095e-02
3.910000000000000000e+02 5.359062188377391317e-02
3.920000000000000000e+02 5.382044330660247511e-02
3.930000000000000000e+02 5.405062345529645929e-02
3.940000000000000000e+02 5.428066532788083931e-02
3.950000000000000000e+02 5.451006202364935826e-02
3.960000000000000000e+02 5.473829513389964069e-02
3.970000000000000000e+02 5.496484340703652882e-02
3.980000000000000000e+02 5.518917676927079241e-02
3.990000000000000000e+02 5.541075385870467690e-02
4.000000000000000000e+02 5.562902258996610394e-02
4.010000000000000000e+02 5.584341694067186668e-02
4.020000000000000000e+02 5.605336660909886887e-02
4.030000000000000000e+02 5.625829398771729078e-02
4.040000000000000000e+02 5.645761981889402259e-02
4.050000000000000000e+02 5.665076143724061264e-02
4.060000000000000000e+02 5.683714432697457852e-02
4.070000000000000000e+02 5.701621417740818099e-02
4.080000000000000000e+02 5.718746144882916327e-02
4.090000000000000000e+02 5.735045092587656712e-02
4.100000000000000000e+02 5.750483533208745196e-02
4.110000000000000000e+02 5.765038651699414679e-02
4.120000000000000000e+02 5.778701200922842229e-02
4.130000000000000000e+02 5.791478352084810516e-02
4.140000000000000000e+02 5.803395164646557580e-02
4.150000000000000000e+02 5.814494898925909316e-02
4.160000000000000000e+02 5.824838699704971284e-02
4.170000000000000000e+02 5.834505100635654917e-02
4.180000000000000000e+02 5.843587510145463459e-02
4.190000000000000000e+02 5.852189654306635264e-02
4.200000000000000000e+02 5.860422467967430632e-02
4.210000000000000000e+02 5.868400591739758587e-02
4.220000000000000000e+02 5.876236794701811261e-02
4.230000000000000000e+02 5.884038472138204690e-02
4.240000000000000000e+02 5.891903762246231829e-02
4.250000000000000000e+02 5.899917568498851822e-02
4.260000000000000000e+02 5.908150352542138051e-02
4.270000000000000000e+02 5.916655624413781622e-02
4.280000000000000000e+02 5.925466813355823037e-02
4.290000000000000000e+02 5.934596443419572209e-02
4.300000000000000000e+02 5.944035809912604634e-02
4.310000000000000000e+02 5.953754427977554775e-02
4.320000000000000000e+02 5.963701320145228801e-02
4.330000000000000000e+02 5.973805377632515623e-02
4.340000000000000000e+02 5.983976432418885993e-02
4.350000000000000000e+02 5.994109310549119995e-02
4.360000000000000000e+02 6.004087320549211793e-02
4.370000000000000000e+02 6.013786298021659565e-02
4.380000000000000000e+02 6.023081528688953301e-02
4.390000000000000000e+02 6.031854162255894519e-02
4.400000000000000000e+02 6.039997004913411072e-02
4.410000000000000000e+02 6.047421552053299648e-02
4.420000000000000000e+02 6.054062926213002460e-02
4.430000000000000000e+02 6.059883273644169066e-02
4.440000000000000000e+02 6.064874930096014749e-02
4.450000000000000000e+02 6.069061493439940891e-02
4.460000000000000000e+02 6.072496989495784064e-02
4.470000000000000000e+02 6.075262882860438252e-02
4.480000000000000000e+02 6.077465591133864031e-02
4.490000000000000000e+02 6.079230485482581270e-02
4.500000000000000000e+02 6.080697031854248591e-02
4.510000000000000000e+02 6.082012874635998878e-02
4.520000000000000000e+02 6.083328324969405204e-02
4.530000000000000000e+02 6.084790656106497941e-02
4.540000000000000000e+02 6.086540429679511421e-02
4.550000000000000000e+02 6.088707017737567811e-02
4.560000000000000000e+02 6.091404828780122571e-02
4.570000000000000000e+02 6.094731667469666103e-02
4.580000000000000000e+02 6.098766487377969836e-02
4.590000000000000000e+02 6.103568831039345860e-02
4.600000000000000000e+02 6.109177240132748071e-02
4.610000000000000000e+02 6.115611003617565933e-02
4.620000000000000000e+02 6.122869261089562698e-02
4.630000000000000000e+02 6.130931647184929834e-02
4.640000000000000000e+02 6.139759404123770054e-02
4.650000000000000000e+02 6.149296133153943356e-02
4.660000000000000000e+02 6.159468317773785645e-02
4.670000000000000000e+02 6.170186997132721951e-02
4.680000000000000000e+02 6.181349287481771593e-02
4.690000000000000000e+02 6.192840115816622415e-02
4.700000000000000000e+02 6.204535200759275781e-02
4.710000000000000000e+02 6.216303377238292793e-02
4.720000000000000000e+02 6.228008565369223815e-02
4.730000000000000000e+02 6.239512994879962970e-02
4.740000000000000000e+02 6.250681537469685023e-02
4.750000000000000000e+02 6.261384019641735854e-02
4.760000000000000000e+02 6.271499246513995152e-02
4.770000000000000000e+02 6.280919233138990143e-02
4.780000000000000000e+02 6.289551629126305388e-02
4.790000000000000000e+02 6.297321388884209725e-02
4.800000000000000000e+02 6.304172735119435711e-02
4.810000000000000000e+02 6.310069268523958719e-02
4.820000000000000000e+02 6.314994958372643907e-02
4.830000000000000000e+02 6.318953042567977685e-02
4.840000000000000000e+02 6.321964644674804568e-02
4.850000000000000000e+02 6.324065096945238884e-02
4.860000000000000000e+02 6.325301834358867947e-02
4.870000000000000000e+02 6.325730711965708852e-02
4.880000000000000000e+02 6.325412578727826474e-02
4.890000000000000000e+02 6.324410372684191595e-02
4.900000000000000000e+02 6.322785242439138420e-02
4.910000000000000000e+02 6.320592733630925331e-02
4.920000000000000000e+02 6.317879031078707519e-02
4.930000000000000000e+02 6.314676759798466821e-02
4.940000000000000000e+02 6.311002616238173268e-02
4.950000000000000000e+02 6.306854542253580165e-02
4.960000000000000000e+02 6.302208977856701977e-02
4.970000000000000000e+02 6.297019846657367359e-02
4.980000000000000000e+02 6.291218246256562174e-02
4.990000000000000000e+02 6.284714661888633758e-02
5.000000000000000000e+02 6.277401935597562432e-02
5.010000000000000000e+02 6.269159944778990301e-02
5.020000000000000000e+02 6.259861187173901276e-02
5.030000000000000000e+02 6.249377941014682553e-02
5.040000000000000000e+02 6.237588663776560960e-02
5.050000000000000000e+02 6.224384073768180620e-02
5.060000000000000000e+02 6.209672710134740703e-02
5.070000000000000000e+02 6.193384884425030823e-02
5.080000000000000000e+02 6.175476225163888805e-02
5.090000000000000000e+02 6.155928530142662503e-02
5.100000000000000000e+02 6.134748213515692217e-02
5.110000000000000000e+02 6.111965523894143104e-02
5.120000000000000000e+02 6.087632772638192080e-02
5.130000000000000000e+02 6.061820594140188839e-02
5.140000000000000000e+02 6.034613181564710271e-02
5.150000000000000000e+02 6.006106286595486871e-02
5.160000000000000000e+02 5.976403642698437102e-02
5.170000000000000000e+02 5.945614476445569563e-02
5.180000000000000000e+02 5.913852863463479187e-02
5.190000000000000000e+02 5.881237258879699892e-02
5.200000000000000000e+02 5.847890168308998715e-02
5.210000000000000000e+02 5.813940016203807126e-02
5.220000000000000000e+02 5.779522240806381911e-02
5.230000000000000000e+02 5.744782802607706351e-02
5.240000000000000000e+02 5.709879553608265823e-02
5.250000000000000000e+02 5.674983636854923769e-02
5.260000000000000000e+02 5.640280734088456982e-02
5.270000000000000000e+02 5.605971646007074094e-02
5.280000000000000000e+02 5.572269929138524980e-02
5.290000000000000000e+02 5.539399487437246528e-02
5.300000000000000000e+02 5.507589384695294604e-02
5.310000000000000000e+02 5.477070146778738324e-02
5.320000000000000000e+02 5.448067968975760234e-02
5.330000000000000000e+02 5.420799628350364552e-02
5.340000000000000000e+02 5.395467972730526307e-02
5.350000000000000000e+02 5.372256975332931339e-02
5.360000000000000000e+02 5.351328435113036908e-02
5.370000000000000000e+02 5.332818573613455626e-02
5.380000000000000000e+02 5.316835591768351993e-02
5.390000000000000000e+02 5.303458893604637986e-02
5.400000000000000000e+02 5.292739190272759131e-02
5.410000000000000000e+02 5.284699038559800138e-02
5.420000000000000000e+02 5.279333931332767099e-02
5.430000000000000000e+02 5.276613668083719733e-02
5.440000000000000000e+02 5.276484661331876103e-02
5.450000000000000000e+02 5.278871686371077593e-02
5.460000000000000000e+02 5.283681865166474367e-02
5.470000000000000000e+02 5.290808630586453509e-02
5.480000000000000000e+02 5.300134481906144945e-02
5.490000000000000000e+02 5.311534943014190741e-02
5.500000000000000000e+02 5.324882534004732326e-02
5.510000000000000000e+02 5.340052231722533516e-02
5.520000000000000000e+02 5.356926076731369918e-02
5.530000000000000000e+02 5.375397355581534864e-02
5.540000000000000000e+02 5.395373998675985494e-02
5.550000000000000000e+02 5.416779760627376400e-02
5.560000000000000000e+02 5.439556801304742256e-02
5.570000000000000000e+02 5.463665484963146218e-02
5.580000000000000000e+02 5.489082724696904558e-02
5.590000000000000000e+02 5.515799481111182540e-02
5.600000000000000000e+02 5.543815396076452739e-02
5.610000000000000000e+02 5.573132895737327452e-02
5.620000000000000000e+02 5.603752768263087214e-02
5.630000000000000000e+02 5.635667544940662493e-02
5.640000000000000000e+02 5.668857316006332969e-02
5.650000000000000000e+02 5.703286598757524584e-02
5.660000000000000000e+02 5.738901584858464855e-02
5.670000000000000000e+02 5.775629828294168155e-02
5.680000000000000000e+02 5.813380776531204552e-02
5.690000000000000000e+02 5.852049268988517017e-02
5.700000000000000000e+02 5.891519056288230943e-02
5.710000000000000000e+02 5.931666479423249733e-02
5.720000000000000000e+02 5.972365320995574878e-02
5.730000000000000000e+02 6.013491019529376702e-02
5.740000000000000000e+02 6.054923798612554808e-02
5.750000000000000000e+02 6.096551839598951528e-02
5.760000000000000000e+02 6.138271863378010063e-02
5.770000000000000000e+02 6.179989792177569691e-02
5.780000000000000000e+02 6.221619604116671032e-02
5.790000000000000000e+02 6.263081375383308669e-02
5.800000000000000000e+02 6.304298871742243515e-02
5.810000000000000000e+02 6.345197459686330310e-02
5.820000000000000000e+02 6.385702432834358677e-02
5.830000000000000000e+02 6.425737666961894856e-02
5.840000000000000000e+02 6.465223906444339530e-02
5.850000000000000000e+02 6.504077713097733415e-02
5.860000000000000000e+02 6.542209616128534522e-02
5.870000000000000000e+02 6.579524017037896577e-02
5.880000000000000000e+02 6.615919736620820557e-02
5.890000000000000000e+02 6.651288945682597153e-02
5.900000000000000000e+02 6.685517305983118552e-02
5.910000000000000000e+02 6.718484423398160543e-02
5.920000000000000000e+02 6.750063132792494258e-02
5.930000000000000000e+02 6.780120449764732993e-02
5.940000000000000000e+02 6.808520601391632177e-02
5.950000000000000000e+02 6.835126522476932254e-02
5.960000000000000000e+02 6.859802081677218721e-02
5.970000000000000000e+02 6.882414341408682468e-02
5.980000000000000000e+02 6.902836312889436277e-02
5.990000000000000000e+02 6.920948805224813594e-02
6.000000000000000000e+02 6.936642325215129634e-02
6.010000000000000000e+02 6.949818868915569325e-02
6.020000000000000000e+02 6.960392835108990262e-02
6.030000000000000000e+02 6.968292351724078570e-02
6.040000000000000000e+02 6.973461120962556881e-02
6.050000000000000000e+02 6.975858059074993567e-02
6.060000000000000000e+02 6.975460364014834935e-02
6.070000000000000000e+02 6.972264999013509656e-02
6.080000000000000000e+02 6.966288435329723305e-02
6.090000000000000000e+02 6.957568193839341886e-02
6.100000000000000000e+02 6.946162929076760140e-02
6.110000000000000000e+02 6.932152398923355219e-02
6.120000000000000000e+02 6.915636936654762090e-02
6.130000000000000000e+02 6.896734726980588426e-02
6.140000000000000000e+02 6.875578267131328414e-02
6.150000000000000000e+02 6.852309914576275307e-02
6.160000000000000000e+02 6.827077444846518794e-02
6.170000000000000000e+02 6.800029750578800991e-02
6.180000000000000000e+02 6.771312787069450057e-02
6.190000000000000000e+02 6.741067588339491601e-02
6.200000000000000000e+02 6.709429023495658284e-02
6.210000000000000000e+02 6.676524312960059604e-02
6.220000000000000000e+02 6.642473829042928879e-02
6.230000000000000000e+02 6.607392107041351603e-02
6.240000000000000000e+02 6.571387463199566958e-02
6.250000000000000000e+02 6.534564048359671473e-02
6.260000000000000000e+02 6.497022434457624951e-02
6.270000000000000000e+02 6.458859214573152430e-02
6.280000000000000000e+02 6.420166542806152177e-02
6.290000000000000000e+02 6.381032710522827056e-02
6.300000000000000000e+02 6.341541526147541352e-02
6.310000000000000000e+02 6.301771090468025194e-02
6.320000000000000000e+02 6.261793581179736501e-02
6.330000000000000000e+02 6.221674818327051909e-02
6.340000000000000000e+02 6.181475182483148201e-02
6.350000000000000000e+02 6.141248713230485629e-02
6.360000000000000000e+02 6.101043608316009809e-02
6.370000000000000000e+02 6.060902446937009580e-02
6.380000000000000000e+02 6.020863415260503670e-02
6.390000000000000000e+02 5.980959610907928686e-02
6.400000000000000000e+02 5.941218095721038234e-02
6.410000000000000000e+02 5.901660120692872602e-02
6.420000000000000000e+02 5.862300536165526710e-02
6.430000000000000000e+02 5.823148318085637903e-02
6.440000000000000000e+02 5.784206087959097020e-02
6.450000000000000000e+02 5.745469941767086808e-02
6.460000000000000000e+02 5.706929358044379730e-02
6.470000000000000000e+02 5.668567417908687567e-02
6.480000000000000000e+02 5.630362107838297880e-02
6.490000000000000000e+02 5.592287087154694525e-02
6.500000000000000000e+02 5.554311850553453334e-02
6.510000000000000000e+02 5.516402543386401958e-02
6.520000000000000000e+02 5.478523153202170121e-02
6.530000000000000000e+02 5.440636453371809622e-02
6.540000000000000000e+02 5.402705261029185774e-02
6.550000000000000000e+02 5.364693152336298676e-02
6.560000000000000000e+02 5.326567472956882099e-02
6.570000000000000000e+02 5.288300904114145995e-02
6.580000000000000000e+02 5.249873574211867677e-02
6.590000000000000000e+02 5.211275707657618550e-02
6.600000000000000000e+02 5.172508978346145730e-02
6.610000000000000000e+02 5.133587819990657886e-02
6.620000000000000000e+02 5.094540445363009151e-02
6.630000000000000000e+02 5.055408635552427477e-02
6.640000000000000000e+02 5.016248324546319221e-02
6.650000000000000000e+02 4.977127710795626464e-02
6.660000000000000000e+02 4.938127034534402215e-02
6.670000000000000000e+02 4.899338774637749389e-02
6.680000000000000000e+02 4.860864941367947639e-02
6.690000000000000000e+02 4.822817393680237097e-02
6.700000000000000000e+02 4.785318124630834336e-02
6.710000000000000000e+02 4.748497712276987526e-02
6.720000000000000000e+02 4.712494681034513910e-02
6.730000000000000000e+02 4.677453880204977127e-02
6.740000000000000000e+02 4.643524305318566525e-02
6.750000000000000000e+02 4.610854957013438282e-02
6.760000000000000000e+02 4.579593026862807670e-02
6.770000000000000000e+02 4.549881386777948622e-02
6.780000000000000000e+02 4.521853005916633833e-02
6.790000000000000000e+02 4.495628485948678643e-02
6.800000000000000000e+02 4.471315472091981491e-02
6.810000000000000000e+02 4.449006833314900905e-02
6.820000000000000000e+02 4.428780801037962567e-02
6.830000000000000000e+02 4.410701175308906485e-02
6.840000000000000000e+02 4.394817280527701930e-02
6.850000000000000000e+02 4.381163439363156692e-02
6.860000000000000000e+02 4.369759588716216892e-02
6.870000000000000000e+02 4.360610772432306492e-02
6.880000000000000000e+02 4.353706749395092057e-02
6.890000000000000000e+02 4.349022673001334827e-02
6.900000000000000000e+02 4.346520141757713451e-02
6.910000000000000000e+02 4.346148016277602555e-02
6.920000000000000000e+02 4.347844374657208050e-02
6.930000000000000000e+02 4.351538586104262973e-02
6.940000000000000000e+02 4.357154506750728074e-02
6.950000000000000000e+02 4.364612809967077789e-02
6.960000000000000000e+02 4.373834158393556659e-02
6.970000000000000000e+02 4.384741864020787888e-02
6.980000000000000000e+02 4.397262781049576796e-02
6.990000000000000000e+02 4.411329366549209680e-02
7.000000000000000000e+02 4.426881782757706441e-02
7.010000000000000000e+02 4.443869246763394038e-02
7.020000000000000000e+02 4.462250787989498896e-02
7.030000000000000000e+02 4.481994107628802654e-02
7.040000000000000000e+02 4.503075786338736619e-02
7.050000000000000000e+02 4.525478954972864121e-02
7.060000000000000000e+02 4.549191507513367788e-02
7.070000000000000000e+02 4.574202986990330566e-02
7.080000000000000000e+02 4.600501848538288141e-02
7.090000000000000000e+02 4.628072576442849445e-02
7.100000000000000000e+02 4.656892506353457056e-02
7.110000000000000000e+02 4.686928875676008022e-02
7.120000000000000000e+02 4.718138126558564516e-02
7.130000000000000000e+02 4.750466096671810551e-02
7.140000000000000000e+02 4.783846306011394628e-02
7.150000000000000000e+02 4.818201662783664491e-02
7.160000000000000000e+02 4.853446258595942031e-02
7.170000000000000000e+02 4.889486981314071501e-02
7.180000000000000000e+02 4.926226522858088985e-02
7.190000000000000000e+02 4.963564972022668081e-02
7.200000000000000000e+02 5.001400492439758011e-02
7.210000000000000000e+02 5.039630484103568842e-02
7.220000000000000000e+02 5.078153307821101081e-02
7.230000000000000000e+02 5.116868546323187494e-02
7.240000000000000000e+02 5.155675308841553561e-02
7.250000000000000000e+02 5.194472937163509274e-02
7.260000000000000000e+02 5.233158811718119363e-02
7.270000000000000000e+02 5.271627357580518924e-02
7.280000000000000000e+02 5.309769225746809040e-02
7.290000000000000000e+02 5.347470538905535475e-02
7.300000000000000000e+02 5.384611995880072416e-02
7.310000000000000000e+02 5.421068981907738865e-02
7.320000000000000000e+02 5.456714063082903493e-02
7.330000000000000000e+02 5.491418959346754114e-02
7.340000000000000000e+02 5.525057703672977411e-02
7.350000000000000000e+02 5.557510712891768068e-02
7.360000000000000000e+02 5.588668057439924453e-02
7.370000000000000000e+02 5.618432627919429934e-02
7.380000000000000000e+02 5.646722626800433631e-02
7.390000000000000000e+02 5.673472919070358944e-02
7.400000000000000000e+02 5.698634756768751475e-02
7.410000000000000000e+02 5.722174227341342290e-02
7.420000000000000000e+02 5.744071212135251625e-02
7.430000000000000000e+02 5.764317132020310708e-02
7.440000000000000000e+02 5.782911514907816686e-02
7.450000000000000000e+02 5.799860160130895087e-02
7.460000000000000000e+02 5.815174659600893387e-02
7.470000000000000000e+02 5.828871682415837086e-02
7.480000000000000000e+02 5.840972553735829936e-02
7.490000000000000000e+02 5.851503051322980153e-02
7.500000000000000000e+02 5.860492791716387373e-02
7.510000000000000000e+02 5.867976344729676497e-02
7.520000000000000000e+02 5.873992950944943725e-02
7.530000000000000000e+02 5.878585274802343441e-02
7.540000000000000000e+02 5.881799701559818627e-02
7.550000000000000000e+02 5.883685839910031412e-02
7.560000000000000000e+02 5.884295033171621503e-02
7.570000000000000000e+02 5.883680952160695588e-02
7.580000000000000000e+02 5.881900841851115530e-02
7.590000000000000000e+02 5.879013375794185647e-02
7.600000000000000000e+02 5.875078701878942017e-02
7.610000000000000000e+02 5.870158228427591052e-02
7.620000000000000000e+02 5.864313287073490838e-02
7.630000000000000000e+02 5.857604042235849129e-02
7.640000000000000000e+02 5.850089360476605493e-02
7.650000000000000000e+02 5.841823863756092500e-02
7.660000000000000000e+02 5.832856827532732075e-02
7.670000000000000000e+02 5.823231270210803973e-02
7.680000000000000000e+02 5.812983313373695782e-02
7.690000000000000000e+02 5.802142576867280743e-02
7.700000000000000000e+02 5.790732157969839811e-02
7.710000000000000000e+02 5.778771485268177632e-02
7.720000000000000000e+02 5.766278342793941525e-02
7.730000000000000000e+02 5.753270665663014205e-02
7.740000000000000000e+02 5.739769978654696986e-02
7.750000000000000000e+02 5.725805302599477203e-02
7.760000000000000000e+02 5.711415120560005276e-02
7.770000000000000000e+02 5.696648230861499351e-02
7.780000000000000000e+02 5.681564403008225461e-02
7.790000000000000000e+02 5.666235494601354339e-02
7.800000000000000000e+02 5.650742929811622406e-02
7.810000000000000000e+02 5.635175577876488928e-02
7.820000000000000000e+02 5.619626448139170005e-02
7.830000000000000000e+02 5.604188426553981250e-02
7.840000000000000000e+02 5.588948830435085113e-02
7.850000000000000000e+02 5.573986290670419896e-02
7.860000000000000000e+02 5.559365969411686481e-02
7.870000000000000000e+02 5.545135769034426065e-02
7.880000000000000000e+02 5.531324870668445637e-02
7.890000000000000000e+02 5.517940974716427360e-02
7.900000000000000000e+02 5.504970720800270167e-02
7.910000000000000000e+02 5.492381047340622741e-02
7.920000000000000000e+02 5.480121338171303758e-02
7.930000000000000000e+02 5.468128659791742646e-02
7.940000000000000000e+02 5.456332842751576012e-02
7.950000000000000000e+02 5.444663145008268174e-02
7.960000000000000000e+02 5.433054200618937790e-02
7.970000000000000000e+02 5.421452297640040607e-02
7.980000000000000000e+02 5.409817661403920619e-02
7.990000000000000000e+02 5.398126413706487436e-02
8.000000000000000000e+02 5.386369210931048201e-02
8.010000000000000000e+02 5.374548704202578020e-02
8.020000000000000000e+02 5.362674211082296694e-02
8.030000000000000000e+02 5.350757797883734512e-02
8.040000000000000000e+02 5.338811469781148261e-02
8.050000000000000000e+02 5.326845022149694769e-02
8.060000000000000000e+02 5.314865628225760863e-02
8.070000000000000000e+02 5.302879703792268140e-02
8.080000000000000000e+02 5.290893593719264709e-02
8.090000000000000000e+02 5.278915726044393353e-02
8.100000000000000000e+02 5.266958922190177750e-02
8.110000000000000000e+02 5.255043341195068940e-02
8.120000000000000000e+02 5.243197705546267379e-02
8.130000000000000000e+02 5.231460543994757850e-02
8.140000000000000000e+02 5.219881098329089142e-02
8.150000000000000000e+02 5.208519893362342779e-02
8.160000000000000000e+02 5.197447443446141790e-02
8.170000000000000000e+02 5.186743553325685180e-02
8.180000000000000000e+02 5.176495145847474777e-02
8.190000000000000000e+02 5.166792981720880890e-02
8.200000000000000000e+02 5.157727664893571595e-02
8.210000000000000000e+02 5.149385703445256979e-02
8.220000000000000000e+02 5.141847023184255294e-02
8.230000000000000000e+02 5.135180447543434556e-02
8.240000000000000000e+02 5.129440185606709557e-02
8.250000000000000000e+02 5.124662997185047003e-02
8.260000000000000000e+02 5.120867103851550750e-02
8.270000000000000000e+02 5.118050360010775734e-02
8.280000000000000000e+02 5.116190348550003764e-02
8.290000000000000000e+02 5.115245682384864795e-02
8.300000000000000000e+02 5.115157315561626172e-02
8.310000000000000000e+02 5.115849932414225087e-02
8.320000000000000000e+02 5.117234137409496647e-02
8.330000000000000000e+02 5.119209211353970002e-02
8.340000000000000000e+02 5.121665290611031318e-02
8.350000000000000000e+02 5.124487292386419035e-02
8.360000000000000000e+02 5.127557221295221679e-02
8.370000000000000000e+02 5.130755541441037182e-02
8.380000000000000000e+02 5.133963667174628459e-02
8.390000000000000000e+02 5.137065517922548286e-02
8.400000000000000000e+02 5.139949823903970649e-02
8.410000000000000000e+02 5.142511362432085342e-02
8.420000000000000000e+02 5.144651525342134463e-02
8.430000000000000000e+02 5.146279536152773004e-02
8.440000000000000000e+02 5.147312880762329457e-02
8.450000000000000000e+02 5.147678243763154082e-02
8.460000000000000000e+02 5.147311811901581630e-02
8.470000000000000000e+02 5.146160468100981211e-02
8.480000000000000000e+02 5.144182577885295093e-02
8.490000000000000000e+02 5.141348581205488349e-02
8.500000000000000000e+02 5.137641974488643681e-02
8.510000000000000000e+02 5.133062036419594465e-02
8.520000000000000000e+02 5.127625914753219938e-02
8.530000000000000000e+02 5.121371640534876091e-02
8.540000000000000000e+02 5.114362014452018129e-02
8.550000000000000000e+02 5.106688894646163601e-02
8.560000000000000000e+02 5.098476139231433030e-02
8.570000000000000000e+02 5.089881408254666451e-02
8.580000000000000000e+02 5.081096310653909764e-02
8.590000000000000000e+02 5.072342895784442973e-02
8.600000000000000000e+02 5.063868695980469625e-02
8.610000000000000000e+02 5.055938002010673671e-02
8.620000000000000000e+02 5.048821195801463102e-02
8.630000000000000000e+02 5.042783116995622900e-02
8.640000000000000000e+02 5.038072022796750982e-02
8.650000000000000000e+02 5.034911018601512939e-02
8.660000000000000000e+02 5.033490088096166659e-02
8.670000000000000000e+02 5.033960798198203190e-02
8.680000000000000000e+02 5.036434767839203380e-02
8.690000000000000000e+02 5.040983722546747009e-02
8.700000000000000000e+02 5.047640806259643537e-02
8.710000000000000000e+02 5.056403521603494017e-02
8.720000000000000000e+02 5.067238902226996883e-02
8.730000000000000000e+02 5.080087394488087826e-02
8.740000000000000000e+02 5.094869563959766867e-02
8.750000000000000000e+02 5.111490276365175667e-02
8.760000000000000000e+02 5.129843704338642868e-02
8.770000000000000000e+02 5.149818762271991812e-02
8.780000000000000000e+02 5.171301719895243787e-02
8.790000000000000000e+02 5.194180172905277226e-02
8.800000000000000000e+02 5.218343347260535892e-02
8.810000000000000000e+02 5.243682707025770773e-02
8.820000000000000000e+02 5.270091761781833112e-02
8.830000000000000000e+02 5.297464585238668283e-02
8.840000000000000000e+02 5.325695056430013868e-02
8.850000000000000000e+02 5.354676129326013667e-02
8.860000000000000000e+02 5.384298597978347950e-02
8.870000000000000000e+02 5.414451042939265324e-02
8.880000000000000000e+02 5.445020466940589388e-02
8.890000000000000000e+02 5.475893989399846506e-02
8.900000000000000000e+02 5.506961358513368099e-02
8.910000000000000000e+02 5.538115749157198481e-02
8.920000000000000000e+02 5.569256524558369170e-02
8.930000000000000000e+02 5.600292563498781434e-02
8.940000000000000000e+02 5.631145309514687392e-02
8.950000000000000000e+02 5.661751017533878105e-02
8.960000000000000000e+02 5.692063188813357988e-02
8.970000000000000000e+02 5.722054713070558185e-02
8.980000000000000000e+02 5.751719056495905452e-02
8.990000000000000000e+02 5.781070604946993152e-02
9.000000000000000000e+02 5.810144342828958697e-02
9.010000000000000000e+02 5.838994476414724466e-02
9.020000000000000000e+02 5.867691859084658151e-02
9.030000000000000000e+02 5.896320605794592301e-02
9.040000000000000000e+02 5.924974335332991449e-02
9.050000000000000000e+02 5.953750290536095890e-02
9.060000000000000000e+02 5.982744439921194868e-02
9.070000000000000000e+02 6.012047257593002708e-02
9.080000000000000000e+02 6.041737678240447634e-02
9.090000000000000000e+02 6.071877187635102424e-02
9.100000000000000000e+02 6.102505198273496662e-02
9.110000000000000000e+02 6.133635992954585697e-02
9.120000000000000000e+02 6.165255338766102711e-02
9.130000000000000000e+02 6.197318273781012715e-02
9.140000000000000000e+02 6.229748836502061599e-02
9.150000000000000000e+02 6.262440842837126154e-02
9.160000000000000000e+02 6.295259418578189048e-02
9.170000000000000000e+02 6.328044383879624646e-02
9.180000000000000000e+02 6.360614802867996243e-02
9.190000000000000000e+02 6.392773454193187432e-02
9.200000000000000000e+02 6.424313892948919913e-02
9.210000000000000000e+02 6.455028633219805911e-02
9.220000000000000000e+02 6.484715804796764571e-02
9.230000000000000000e+02 6.513187208073283052e-02
9.240000000000000000e+02 6.540275017409787062e-02
9.250000000000000000e+02 6.565838122146941402e-02
9.260000000000000000e+02 6.589767817005093287e-02
9.270000000000000000e+02 6.611991270245816399e-02
9.280000000000000000e+02 6.632473081920445268e-02
9.290000000000000000e+02 6.651215240834346121e-02
9.300000000000000000e+02 6.668254348113197838e-02
9.310000000000000000e+02 6.683657682246881004e-02
9.320000000000000000e+02 6.697520522330327464e-02
9.330000000000000000e+02 6.709959414305471936e-02
9.340000000000000000e+02 6.721105105314303940e-02
9.350000000000000000e+02 6.731096725202984077e-02
9.360000000000000000e+02 6.740076211156603714e-02
9.370000000000000000e+02 6.748182653592207925e-02
9.380000000000000000e+02 6.755548300974670295e-02
9.390000000000000000e+02 6.762295736453720341e-02
9.400000000000000000e+02 6.768533740678536748e-02
9.410000000000000000e+02 6.774355640222728958e-02
9.420000000000000000e+02 6.779837168519201041e-02
9.430000000000000000e+02 6.785037493681916887e-02
9.440000000000000000e+02 6.789998582526465820e-02
9.450000000000000000e+02 6.794744862988802425e-02
9.460000000000000000e+02 6.799284192528201598e-02
9.470000000000000000e+02 6.803608759959785257e-02
9.480000000000000000e+02 6.807695632768125116e-02
9.490000000000000000e+02 6.811508088672781069e-02
9.500000000000000000e+02 6.814995859146114054e-02
9.510000000000000000e+02 6.818095574292398764e-02
9.520000000000000000e+02 6.820733434764672531e-02
9.530000000000000000e+02 6.822825258810996663e-02
9.540000000000000000e+02 6.824276707111526230e-02
9.550000000000000000e+02 6.824985478534900674e-02
9.560000000000000000e+02 6.824843059562345216e-02
9.570000000000000000e+02 6.823737124731629744e-02
9.580000000000000000e+02 6.821555064899317844e-02
9.590000000000000000e+02 6.818189000672558731e-02
9.600000000000000000e+02 6.813538308375963193e-02
9.610000000000000000e+02 6.807514886267197751e-02
9.620000000000000000e+02 6.800048887743961878e-02
9.630000000000000000e+02 6.791092699338227567e-02
9.640000000000000000e+02 6.780623561655631237e-02
9.650000000000000000e+02 6.768645649416953070e-02
9.660000000000000000e+02 6.755191080772125767e-02
9.670000000000000000e+02 6.740318131829597936e-02
9.680000000000000000e+02 6.724108720724300547e-02
9.690000000000000000e+02 6.706665565636704684e-02
9.700000000000000000e+02 6.688107691928066312e-02
9.710000000000000000e+02 6.668565382317696855e-02
9.720000000000000000e+02 6.648174511395330000e-02
9.730000000000000000e+02 6.627072271951758853e-02
9.740000000000000000e+02 6.605393570515871726e-02
9.750000000000000000e+02 6.583267732487062263e-02
9.760000000000000000e+02 6.560814869587375253e-02
9.770000000000000000e+02 6.538143767294049558e-02
9.780000000000000000e+02 6.515349987720958636e-02
9.790000000000000000e+02 6.492515201562214233e-02
9.800000000000000000e+02 6.469707520715042848e-02
9.810000000000000000e+02 6.446981717606004025e-02
9.820000000000000000e+02 6.424379179106964877e-02
9.830000000000000000e+02 6.401928408744433918e-02
9.840000000000000000e+02 6.379645198976904852e-02
9.850000000000000000e+02 6.357533002776880049e-02
9.860000000000000000e+02 6.335583342220210690e-02
9.870000000000000000e+02 6.313776941356788464e-02
9.880000000000000000e+02 6.292084247710037770e-02
9.890000000000000000e+02 6.270465742722991509e-02
9.900000000000000000e+02 6.248874575367160955e-02
9.910000000000000000e+02 6.227258025081112286e-02
9.920000000000000000e+02 6.205560321370584553e-02
9.930000000000000000e+02 6.183727592644707588e-02
9.940000000000000000e+02 6.161711268597163532e-02
9.950000000000000000e+02 6.139471973069787064e-02
9.960000000000000000e+02 6.116983075349247817e-02
9.970000000000000000e+02 6.094234334143882464e-02
9.980000000000000000e+02 6.071233952828867381e-02
9.990000000000000000e+02 6.048009821564145905e-02
1.000000000000000000e+03 6.024608331184776178e-02
1.001000000000000000e+03 6.001092726761947382e-02
1.002000000000000000e+03 5.977540889763884036e-02
1.003000000000000000e+03 5.954041245344465771e-02
1.004000000000000000e+03 5.930688019010597195e-02
1.005000000000000000e+03 5.907577396015954024e-02
1.006000000000000000e+03 5.884801666129623604e-02
1.007000000000000000e+03 5.862445956521966650e-02
1.008000000000000000e+03 5.840584811004626009e-02
1.009000000000000000e+03 5.819279273564075677e-02
1.010000000000000000e+03 5.798574294374766319e-02
1.011000000000000000e+03 5.778497699668448673e-02
1.012000000000000000e+03 5.759061530291563480e-02
1.013000000000000000e+03 5.740262652071399796e-02
1.014000000000000000e+03 5.722084625440564121e-02
1.015000000000000000e+03 5.704500901162697091e-02
1.016000000000000000e+03 5.687477101440129718e-02
1.017000000000000000e+03 5.670973919777727579e-02
1.018000000000000000e+03 5.654949968579389002e-02
1.019000000000000000e+03 5.639364554801393203e-02
1.020000000000000000e+03 5.624179486035245368e-02
1.021000000000000000e+03 5.609360328212816688e-02
1.022000000000000000e+03 5.594878408231514222e-02
1.023000000000000000e+03 5.580710986355606751e-02
1.024000000000000000e+03 5.566840444270265698e-02
1.025000000000000000e+03 5.553254521280062694e-02
1.026000000000000000e+03 5.539945297697636273e-02
1.027000000000000000e+03 5.526908047048631478e-02
1.028000000000000000e+03 5.514139634539062806e-02
1.029000000000000000e+03 5.501638048602763842e-02
1.030000000000000000e+03 5.489401936281308042e-02
1.031000000000000000e+03 5.477429611349428351e-02
1.032000000000000000e+03 5.465720261945519742e-02
1.033000000000000000e+03 5.454274518182459369e-02
1.034000000000000000e+03 5.443096083906371480e-02
1.035000000000000000e+03 5.432193197652977756e-02
1.036000000000000000e+03 5.421580209764761960e-02
1.037000000000000000e+03 5.411277915039619524e-02
1.038000000000000000e+03 5.401314496881118310e-02
1.039000000000000000e+03 5.391724788786785710e-02
1.040000000000000000e+03 5.382550369021629755e-02
1.041000000000000000e+03 5.373838153861856815e-02
1.042000000000000000e+03 5.365637710526929144e-02
1.043000000000000000e+03 5.357998858316542073e-02
1.044000000000000000e+03 5.350970135788965520e-02
1.045000000000000000e+03 5.344596668675928586e-02
1.046000000000000000e+03 5.338917799971788086e-02
1.047000000000000000e+03 5.333966035683811169e-02
1.048000000000000000e+03 5.329766155432676122e-02
1.049000000000000000e+03 5.326334194131250588e-02
1.050000000000000000e+03 5.323677636630423649e-02
1.051000000000000000e+03 5.321796124676325679e-02
1.052000000000000000e+03 5.320681120461107083e-02
1.053000000000000000e+03 5.320316923454723040e-02
1.054000000000000000e+03 5.320683403281067925e-02
1.055000000000000000e+03 5.321755716262260849e-02
1.056000000000000000e+03 5.323504580682610760e-02
1.057000000000000000e+03 5.325896797941898075e-02
1.058000000000000000e+03 5.328895676730230346e-02
1.059000000000000000e+03 5.332461617196146419e-02
1.060000000000000000e+03 5.336550871826414855e-02
1.061000000000000000e+03 5.341115643810721847e-02
1.062000000000000000e+03 5.346103289430106931e-02
1.063000000000000000e+03 5.351456593566458753e-02
1.064000000000000000e+03 5.357113845642200167e-02
1.065000000000000000e+03 5.363009078862995133e-02
1.066000000000000000e+03 5.369072723661953705e-02
1.067000000000000000e+03 5.375231764903463244e-02
1.068000000000000000e+03 5.381411611856781740e-02
1.069000000000000000e+03 5.387537709380058049e-02
1.070000000000000000e+03 5.393537271911712228e-02
1.071000000000000000e+03 5.399341559644265515e-02
1.072000000000000000e+03 5.404888623180284513e-02
1.073000000000000000e+03 5.410124030322274735e-02
1.074000000000000000e+03 5.415003218724037670e-02
1.075000000000000000e+03 5.419491438490131596e-02
1.076000000000000000e+03 5.423564111868786619e-02
1.077000000000000000e+03 5.427207599479992595e-02
1.078000000000000000e+03 5.430419224739949091e-02
1.079000000000000000e+03 5.433206167078924453e-02
1.080000000000000000e+03 5.435584518397709730e-02
1.081000000000000000e+03 5.437577774225681171e-02
1.082000000000000000e+03 5.439215815604162702e-02
1.083000000000000000e+03 5.440533427736921751e-02
1.084000000000000000e+03 5.441569983832056367e-02
1.085000000000000000e+03 5.442366527232901652e-02
1.086000000000000000e+03 5.442964776777835245e-02
1.087000000000000000e+03 5.443405061439059167e-02
1.088000000000000000e+03 5.443724700505234160e-02
1.089000000000000000e+03 5.443956935126032654e-02
1.090000000000000000e+03 5.444130292954828948e-02
1.091000000000000000e+03 5.444267883980039718e-02
1.092000000000000000e+03 5.444386512027116209e-02
1.093000000000000000e+03 5.444496084585526141e-02
1.094000000000000000e+03 5.444600560536951711e-02
1.095000000000000000e+03 5.444699122419852100e-02
1.096000000000000000e+03 5.444787429359022879e-02
1.097000000000000000e+03 5.444858498793234830e-02
1.098000000000000000e+03 5.444904762626546352e-02
1.099000000000000000e+03 5.444918461403364107e-02
1.100000000000000000e+03 5.444893444173483366e-02
1.101000000000000000e+03 5.444826801085723977e-02
1.102000000000000000e+03 5.444717896556834635e-02
1.103000000000000000e+03 5.444568933187532433e-02
1.104000000000000000e+03 5.444384239160758587e-02
1.105000000000000000e+03 5.444168751225426928e-02
1.106000000000000000e+03 5.443927169141568601e-02
1.107000000000000000e+03 5.443662690146369720e-02
1.108000000000000000e+03 5.443374073929273249e-02
1.109000000000000000e+03 5.443054439086934815e-02
1.110000000000000000e+03 5.442689948840562231e-02
1.111000000000000000e+03 5.442258482274694997e-02
1.112000000000000000e+03 5.441730233238042946e-02
1.113000000000000000e+03 5.441067890364392062e-02
1.114000000000000000e+03 5.440228494887058841e-02
1.115000000000000000e+03 5.439165039496408893e-02
1.116000000000000000e+03 5.437827943802712310e-02
1.117000000000000000e+03 5.436168341494071465e-02
1.118000000000000000e+03 5.434140857823448190e-02
1.119000000000000000e+03 5.431708000182795815e-02
1.120000000000000000e+03 5.428842376550691018e-02
1.121000000000000000e+03 5.425529087250015314e-02
1.122000000000000000e+03 5.421767365244498094e-02
1.123000000000000000e+03 5.417571685283117944e-02
1.124000000000000000e+03 5.412970516403661780e-02
1.125000000000000000e+03 5.408005882085115124e-02
1.126000000000000000e+03 5.402730705469309391e-02
1.127000000000000000e+03 5.397206309161770021e-02
1.128000000000000000e+03 5.391499310201077616e-02
1.129000000000000000e+03 5.385678885521190395e-02
1.130000000000000000e+03 5.379812294694567842e-02
1.131000000000000000e+03 5.373961797440188204e-02
1.132000000000000000e+03 5.368183557580022414e-02
1.133000000000000000e+03 5.362524055759486374e-02
1.134000000000000000e+03 5.357019333797077149e-02
1.135000000000000000e+03 5.351694109411346545e-02
1.136000000000000000e+03 5.346560995083327050e-02
1.137000000000000000e+03 5.341620556105441259e-02
1.138000000000000000e+03 5.336862225716424574e-02
1.139000000000000000e+03 5.332264339550318172e-02
1.140000000000000000e+03 5.327795684474978533e-02
1.141000000000000000e+03 5.323417576687382996e-02
1.142000000000000000e+03 5.319086867412256558e-02
1.143000000000000000e+03 5.314759596636346034e-02
1.144000000000000000e+03 5.310393932879018536e-02
1.145000000000000000e+03 5.305953901598504940e-02
1.146000000000000000e+03 5.301413697529180208e-02
1.147000000000000000e+03 5.296760833688488740e-02
1.148000000000000000e+03 5.291997991851488115e-02
1.149000000000000000e+03 5.287142475650462997e-02
1.150000000000000000e+03 5.282225739020998678e-02
1.151000000000000000e+03 5.277291135950373802e-02
1.152000000000000000e+03 5.272390326804464455e-02
1.153000000000000000e+03 5.267578144809836188e-02
1.154000000000000000e+03 5.262908763766364906e-02
1.155000000000000000e+03 5.258431182081443889e-02
1.156000000000000000e+03 5.254185419112195055e-02
1.157000000000000000e+03 5.250200043242610193e-02
1.158000000000000000e+03 5.246488955954607680e-02
1.159000000000000000e+03 5.243050653718223097e-02
1.160000000000000000e+03 5.239868730305474731e-02
1.161000000000000000e+03 5.236912499414385358e-02
1.162000000000000000e+03 5.234138338677173097e-02
1.163000000000000000e+03 5.231493793758159455e-02
1.164000000000000000e+03 5.228919874100153298e-02
1.165000000000000000e+03 5.226354647236025608e-02
1.166000000000000000e+03 5.223737288241837168e-02
1.167000000000000000e+03 5.221012449864394223e-02
1.168000000000000000e+03 5.218134088922916219e-02
1.169000000000000000e+03 5.215068153964516617e-02
1.170000000000000000e+03 5.211797591897819604e-02
1.171000000000000000e+03 5.208324864458224734e-02
1.172000000000000000e+03 5.204674371806344152e-02
1.173000000000000000e+03 5.200892301347814772e-02
1.174000000000000000e+03 5.197047053366560254e-02
1.175000000000000000e+03 5.193228484596740246e-02
1.176000000000000000e+03 5.189544732930866100e-02
1.177000000000000000e+03 5.186118894194087503e-02
1.178000000000000000e+03 5.183085185077256074e-02
1.179000000000000000e+03 5.180583900280220921e-02
1.180000000000000000e+03 5.178756938472134363e-02
1.181000000000000000e+03 5.177744599049705077e-02
1.182000000000000000e+03 5.177680530548297438e-02
1.183000000000000000e+03 5.178689176943537809e-02
1.184000000000000000e+03 5.180883891109951123e-02
1.185000000000000000e+03 5.184364608930911583e-02
1.186000000000000000e+03 5.189216621950004660e-02
1.187000000000000000e+03 5.195509797589367706e-02
1.188000000000000000e+03 5.203298247948583838e-02
1.189000000000000000e+03 5.212619351797045247e-02
1.190000000000000000e+03 5.223494517654189706e-02
1.191000000000000000e+03 5.235929020141132095e-02
1.192000000000000000e+03 5.249911827346856463e-02
1.193000000000000000e+03 5.265415399835005061e-02
1.194000000000000000e+03 5.282394404137509547e-02
1.195000000000000000e+03 5.300786100870278489e-02
1.196000000000000000e+03 5.320509846079285454e-02
1.197000000000000000e+03 5.341467530016542897e-02
1.198000000000000000e+03 5.363543664392914079e-02
1.199000000000000000e+03 5.386607114884689462e-02
1.200000000000000000e+03 5.410513416271175990e-02
1.201000000000000000e+03 5.435105966070007122e-02
1.202000000000000000e+03 5.460219629379124001e-02
1.203000000000000000e+03 5.485683639177320325e-02
1.204000000000000000e+03 5.511325730776039933e-02
1.205000000000000000e+03 5.536976116985435625e-02
1.206000000000000000e+03 5.562471707432874862e-02
1.207000000000000000e+03 5.587661215633809436e-02
1.208000000000000000e+03 5.612408969941284909e-02
1.209000000000000000e+03 5.636597714591151664e-02
1.210000000000000000e+03 5.660131730027229136e-02
1.211000000000000000e+03 5.682940209874898230e-02
1.212000000000000000e+03 5.704977726871465066e-02
1.213000000000000000e+03 5.726223878537035905e-02
1.214000000000000000e+03 5.746682859194360976e-02
1.215000000000000000e+03 5.766381753530644416e-02
1.216000000000000000e+03 5.785366445571730326e-02
1.217000000000000000e+03 5.803698760710045146e-02
1.218000000000000000e+03 5.821451405401494028e-02
1.219000000000000000e+03 5.838702511988889954e-02
1.220000000000000000e+03 5.855532103896431834e-02
1.221000000000000000e+03 5.872019134235678672e-02
1.222000000000000000e+03 5.888237444699095935e-02
1.223000000000000000e+03 5.904253538781742416e-02
1.224000000000000000e+03 5.920124241235807938e-02
1.225000000000000000e+03 5.935896715344431140e-02
1.226000000000000000e+03 5.951607998543478883e-02
1.227000000000000000e+03 5.967285813247868997e-02
1.228000000000000000e+03 5.982948897501311897e-02
1.229000000000000000e+03 5.998606676622674633e-02
1.230000000000000000e+03 6.014261558748416198e-02
1.231000000000000000e+03 6.029910679975200583e-02
1.232000000000000000e+03 6.045544959914596339e-02
1.233000000000000000e+03 6.061151152795314634e-02
1.234000000000000000e+03 6.076714681358201531e-02
1.235000000000000000e+03 6.092220300004978772e-02
1.236000000000000000e+03 6.107652766794133270e-02
1.237000000000000000e+03 6.122998219562696132e-02
1.238000000000000000e+03 6.138244476929715504e-02
1.239000000000000000e+03 6.153381442030562976e-02
1.240000000000000000e+03 6.168399992662883247e-02
1.241000000000000000e+03 6.183291719171749024e-02
1.242000000000000000e+03 6.198049114245625379e-02
1.243000000000000000e+03 6.212664370147907844e-02
1.244000000000000000e+03 6.227129666015891046e-02
1.245000000000000000e+03 6.241436650946104170e-02
1.246000000000000000e+03 6.255577075404353260e-02
1.247000000000000000e+03 6.269543183582614032e-02
1.248000000000000000e+03 6.283329483553737327e-02
1.249000000000000000e+03 6.296933938140031328e-02
1.250000000000000000e+03 6.310359130918802295e-02
1.251000000000000000e+03 6.323613518560597391e-02
1.252000000000000000e+03 6.336712144738890218e-02
1.253000000000000000e+03 6.349677713595115736e-02
1.254000000000000000e+03 6.362540019438021888e-02
1.255000000000000000e+03 6.375334177046787509e-02
1.256000000000000000e+03 6.388098339506112500e-02
1.257000000000000000e+03 6.400870552374547662e-02
1.258000000000000000e+03 6.413686087996614549e-02
1.259000000000000000e+03 6.426572815553180384e-02
1.260000000000000000e+03 6.439549056095776602e-02
1.261000000000000000e+03 6.452620078866264097e-02
1.262000000000000000e+03 6.465775621486929969e-02
1.263000000000000000e+03 6.478989324474293543e-02
1.264000000000000000e+03 6.492217884055553889e-02
1.265000000000000000e+03 6.505402773404073136e-02
1.266000000000000000e+03 6.518471953364313176e-02
1.267000000000000000e+03 6.531342908516739321e-02
1.268000000000000000e+03 6.543925429281836903e-02
1.269000000000000000e+03 6.556125227107376108e-02
1.270000000000000000e+03 6.567847793977066306e-02
1.271000000000000000e+03 6.579002642716091920e-02
1.272000000000000000e+03 6.589505989731708757e-02
1.273000000000000000e+03 6.599283399497274383e-02
1.274000000000000000e+03 6.608271454942743484e-02
1.275000000000000000e+03 6.616420065611613999e-02
1.276000000000000000e+03 6.623694214411589287e-02
1.277000000000000000e+03 6.630074001491403912e-02
1.278000000000000000e+03 6.635554982972266536e-02
1.279000000000000000e+03 6.640147863782885906e-02
1.280000000000000000e+03 6.643877143271491315e-02
1.281000000000000000e+03 6.646779631227028862e-02
1.282000000000000000e+03 6.648902418554614169e-02
1.283000000000000000e+03 6.650300322213659188e-02
1.284000000000000000e+03 6.651033392915882414e-02
1.285000000000000000e+03 6.651164879963458731e-02
1.286000000000000000e+03 6.650758790911374951e-02
1.287000000000000000e+03 6.649877169918493036e-02
1.288000000000000000e+03 6.648579195377660178e-02
1.289000000000000000e+03 6.646919168842474468e-02
1.290000000000000000e+03 6.644945963599016570e-02
1.291000000000000000e+03 6.642702987841751783e-02
1.292000000000000000e+03 6.640228312316140413e-02
1.293000000000000000e+03 6.637554889282053228e-02
1.294000000000000000e+03 6.634712069157031045e-02
1.295000000000000000e+03 6.631726276323332558e-02
1.296000000000000000e+03 6.628621572705199749e-02
1.297000000000000000e+03 6.625420806783723082e-02
1.298000000000000000e+03 6.622147222005665690e-02
1.299000000000000000e+03 6.618824603797510142e-02
1.300000000000000000e+03 6.615477569183002282e-02
1.301000000000000000e+03 6.612131493317387199e-02
1.302000000000000000e+03 6.608812268645217203e-02
1.303000000000000000e+03 6.605545935262893686e-02
1.304000000000000000e+03 6.602358228398921836e-02
1.305000000000000000e+03 6.599274087281760404e-02
1.306000000000000000e+03 6.596316900205825839e-02
1.307000000000000000e+03 6.593507974746884437e-02
1.308000000000000000e+03 6.590865601922696326e-02
1.309000000000000000e+03 6.588406329684182161e-02
1.310000000000000000e+03 6.586145191512475516e-02
1.311000000000000000e+03 6.584095433755009219e-02
1.312000000000000000e+03 6.582267371620273422e-02
1.313000000000000000e+03 6.580669113102441403e-02
1.314000000000000000e+03 6.579306381998714648e-02
1.315000000000000000e+03 6.578182065150912916e-02
1.316000000000000000e+03 6.577296689611808467e-02
1.317000000000000000e+03 6.576647475660693520e-02
1.318000000000000000e+03 6.576228045293924795e-02
1.319000000000000000e+03 6.576029149509592109e-02
1.320000000000000000e+03 6.576040073978314804e-02
1.321000000000000000e+03 6.576250390618096353e-02
1.322000000000000000e+03 6.576649978474280456e-02
1.323000000000000000e+03 6.577230150045859647e-02
1.324000000000000000e+03 6.577984584390991762e-02
1.325000000000000000e+03 6.578909370691259084e-02
1.326000000000000000e+03 6.580001893896975096e-02
1.327000000000000000e+03 6.581260708329395026e-02
1.328000000000000000e+03 6.582684552711047521e-02
1.329000000000000000e+03 6.584270615332660226e-02
1.330000000000000000e+03 6.586012943238339634e-02
1.331000000000000000e+03 6.587900553522114955e-02
1.332000000000000000e+03 6.589915375080220017e-02
1.333000000000000000e+03 6.592032221313715024e-02
1.334000000000000000e+03 6.594217527875766149e-02
1.335000000000000000e+03 6.596429924556555802e-02
1.336000000000000000e+03 6.598621116912706253e-02
1.337000000000000000e+03 6.600736073989388331e-02
1.338000000000000000e+03 6.602715643011705660e-02
1.339000000000000000e+03 6.604497286248035837e-02
1.340000000000000000e+03 6.606016882056144068e-02
1.341000000000000000e+03 6.607210458397874686e-02
1.342000000000000000e+03 6.608016333010596766e-02
1.343000000000000000e+03 6.608376253764293440e-02
1.344000000000000000e+03 6.608236813958805189e-02
1.345000000000000000e+03 6.607551039274076055e-02
1.346000000000000000e+03 6.606278561325214238e-02
1.347000000000000000e+03 6.604387580850398787e-02
1.348000000000000000e+03 6.601855383427730761e-02
1.349000000000000000e+03 6.598669255870154293e-02
1.350000000000000000e+03 6.594825873448748044e-02
1.351000000000000000e+03 6.590331849420102972e-02
1.352000000000000000e+03 6.585204098408822815e-02
1.353000000000000000e+03 6.579468065317459202e-02
1.354000000000000000e+03 6.573157456200062754e-02
1.355000000000000000e+03 6.566311890412733498e-02
1.356000000000000000e+03 6.558974769123254722e-02
1.357000000000000000e+03 6.551189599164849997e-02
1.358000000000000000e+03 6.542998067784480676e-02
1.359000000000000000e+03 6.534437466961222352e-02
1.360000000000000000e+03 6.525536551643551508e-02
1.361000000000000000e+03 6.516313462330718120e-02
1.362000000000000000e+03 6.506774902417011841e-02
1.363000000000000000e+03 6.496915413818983576e-02
1.364000000000000000e+03 6.486718096172741643e-02
1.365000000000000000e+03 6.476156784970750480e-02
1.366000000000000000e+03 6.465198950365580455e-02
1.367000000000000000e+03 6.453809398905435701e-02
1.368000000000000000e+03 6.441953292196465897e-02
1.369000000000000000e+03 6.429600715841328473e-02
1.370000000000000000e+03 6.416729987805336322e-02
1.371000000000000000e+03 6.403330915117384781e-02
1.372000000000000000e+03 6.389406554928192539e-02
1.373000000000000000e+03 6.374971761906710055e-02
1.374000000000000000e+03 6.360053061967763099e-02
1.375000000000000000e+03 6.344685956401077687e-02
1.376000000000000000e+03 6.328910923306474423e-02
1.377000000000000000e+03 6.312770603525483248e-02
1.378000000000000000e+03 6.296305004031524377e-02
1.379000000000000000e+03 6.279547749598116124e-02
1.380000000000000000e+03 6.262523089221574968e-02
1.381000000000000000e+03 6.245242166815468537e-02
1.382000000000000000e+03 6.227703571308977615e-02
1.383000000000000000e+03 6.209894088177443650e-02
1.384000000000000000e+03 6.191789769383476694e-02
1.385000000000000000e+03 6.173359498826543057e-02
1.386000000000000000e+03 6.154570267579778653e-02
1.387000000000000000e+03 6.135392568870137037e-02
1.388000000000000000e+03 6.115808051150761759e-02
1.389000000000000000e+03 6.095815327194606392e-02
1.390000000000000000e+03 6.075436612132292108e-02
1.391000000000000000e+03 6.054723197359509340e-02
1.392000000000000000e+03 6.033756160741243768e-02
1.393000000000000000e+03 6.012645955012892868e-02
1.394000000000000000e+03 5.991528281426022895e-02
1.395000000000000000e+03 5.970559071924248090e-02
1.396000000000000000e+03 5.949907906432669313e-02
1.397000000000000000e+03 5.929750310276062086e-02
1.398000000000000000e+03 5.910259125268445962e-02
1.399000000000000000e+03 5.891599155595227122e-02
1.400000000000000000e+03 5.873922442202811345e-02
1.401000000000000000e+03 5.857363921261213996e-02
1.402000000000000000e+03 5.842038384436487597e-02
1.403000000000000000e+03 5.828040213407856274e-02
1.404000000000000000e+03 5.815441993981069341e-02
1.405000000000000000e+03 5.804295266707419632e-02
1.406000000000000000e+03 5.794630992699813243e-02
1.407000000000000000e+03 5.786460382674564473e-02
1.408000000000000000e+03 5.779775356158680516e-02
1.409000000000000000e+03 5.774550893886649938e-02
1.410000000000000000e+03 5.770745336282262494e-02
1.411000000000000000e+03 5.768301806157555278e-02
1.412000000000000000e+03 5.767150357651790182e-02
1.413000000000000000e+03 5.767208653728836398e-02
1.414000000000000000e+03 5.768385190099253879e-02
1.415000000000000000e+03 5.770582240573302046e-02
1.416000000000000000e+03 5.773697277473395506e-02
1.417000000000000000e+03 5.777627172347488821e-02
1.418000000000000000e+03 5.782271620168026594e-02
1.419000000000000000e+03 5.787534744736007319e-02
1.420000000000000000e+03 5.793327500813838515e-02
1.421000000000000000e+03 5.799571568896923213e-02
1.422000000000000000e+03 5.806201150274196976e-02
1.423000000000000000e+03 5.813163770929173635e-02
1.424000000000000000e+03 5.820421899860010045e-02
1.425000000000000000e+03 5.827953918569197395e-02
1.426000000000000000e+03 5.835754408134694038e-02
1.427000000000000000e+03 5.843832159736120357e-02
1.428000000000000000e+03 5.852208178154071072e-02
1.429000000000000000e+03 5.860914047065447774e-02
1.430000000000000000e+03 5.869988700397144044e-02
1.431000000000000000e+03 5.879472420183379233e-02
1.432000000000000000e+03 5.889401673649382468e-02
1.433000000000000000e+03 5.899804033641552897e-02
1.434000000000000000e+03 5.910694064648140678e-02
1.435000000000000000e+03 5.922067764613270224e-02
1.436000000000000000e+03 5.933899634605843687e-02
1.437000000000000000e+03 5.946139952036682413e-02
1.438000000000000000e+03 5.958714603711572078e-02
1.439000000000000000e+03 5.971525682396282286e-02
1.440000000000000000e+03 5.984454216199976834e-02
1.441000000000000000e+03 5.997362454446179825e-02
1.442000000000000000e+03 6.010099265064401675e-02
1.443000000000000000e+03 6.022504097301567549e-02
1.444000000000000000e+03 6.034412222425299815e-02
1.445000000000000000e+03 6.045658977791865119e-02
1.446000000000000000e+03 6.056083653186494081e-02
1.447000000000000000e+03 6.065533460148921086e-02
1.448000000000000000e+03 6.073867139634440276e-02
1.449000000000000000e+03 6.080957664142191965e-02
1.450000000000000000e+03 6.086694256080928817e-02
1.451000000000000000e+03 6.090983040332777210e-02
1.452000000000000000e+03 6.093748443249285413e-02
1.453000000000000000e+03 6.094933395222774941e-02
1.454000000000000000e+03 6.094498829365600084e-02
1.455000000000000000e+03 6.092424887892937402e-02
1.456000000000000000e+03 6.088709330909813922e-02
1.457000000000000000e+03 6.083367580149993958e-02
1.458000000000000000e+03 6.076433290818372690e-02
1.459000000000000000e+03 6.067958819450751384e-02
1.460000000000000000e+03 6.058014833008326661e-02
1.461000000000000000e+03 6.046690383719834777e-02
1.462000000000000000e+03 6.034093782203688028e-02
1.463000000000000000e+03 6.020351078745490858e-02
1.464000000000000000e+03 6.005605069078688574e-02
1.465000000000000000e+03 5.990013296540283583e-02
1.466000000000000000e+03 5.973744351823392917e-02
1.467000000000000000e+03 5.956973908978462767e-02
1.468000000000000000e+03 5.939878972169197746e-02
1.469000000000000000e+03 5.922632728343269620e-02
1.470000000000000000e+03 5.905398928940901182e-02
1.471000000000000000e+03 5.888326675866039500e-02
1.472000000000000000e+03 5.871547664328311683e-02
1.473000000000000000e+03 5.855171860812311696e-02
1.474000000000000000e+03 5.839287165655076411e-02
1.475000000000000000e+03 5.823960399149157030e-02
1.476000000000000000e+03 5.809237727969103482e-02
1.477000000000000000e+03 5.795147731026681348e-02
1.478000000000000000e+03 5.781704592231450002e-02
1.479000000000000000e+03 5.768912143255859604e-02
1.480000000000000000e+03 5.756767031014538988e-02
1.481000000000000000e+03 5.745260543154448452e-02
1.482000000000000000e+03 5.734381513107374845e-02
1.483000000000000000e+03 5.724117978634885029e-02
1.484000000000000000e+03 5.714457236156277042e-02
1.485000000000000000e+03 5.705386802468965374e-02
1.486000000000000000e+03 5.696894149469804158e-02
1.487000000000000000e+03 5.688965864571900177e-02
1.488000000000000000e+03 5.681586816251835148e-02
1.489000000000000000e+03 5.674739192815689282e-02
1.490000000000000000e+03 5.668402634152167746e-02
1.491000000000000000e+03 5.662553940046189532e-02
1.492000000000000000e+03 5.657164875322732989e-02
1.493000000000000000e+03 5.652201751286739517e-02
1.494000000000000000e+03 5.647625060075731063e-02
1.495000000000000000e+03 5.643389555504753352e-02
1.496000000000000000e+03 5.639444092533277275e-02
1.497000000000000000e+03 5.635732352090816466e-02
1.498000000000000000e+03 5.632192890460033241e-02
1.499000000000000000e+03 5.628759743539947513e-02
1.500000000000000000e+03 5.625365043522627395e-02
1.501000000000000000e+03 5.621941283575845882e-02
1.502000000000000000e+03 5.618424388545943671e-02
1.503000000000000000e+03 5.614755944441599672e-02
1.504000000000000000e+03 5.610886855041499061e-02
1.505000000000000000e+03 5.606782211771565994e-02
1.506000000000000000e+03 5.602421293962050325e-02
1.507000000000000000e+03 5.597800483890257028e-02
1.508000000000000000e+03 5.592933119331846420e-02
1.509000000000000000e+03 5.587847983507466393e-02
1.510000000000000000e+03 5.582588483188226369e-02
1.511000000000000000e+03 5.577207634277926707e-02
1.512000000000000000e+03 5.571763976133195517e-02
1.513000000000000000e+03 5.566316378562091716e-02
1.514000000000000000e+03 5.560918994150329531e-02
1.515000000000000000e+03 5.555617812683867618e-02
1.516000000000000000e+03 5.550446782404208634e-02
1.517000000000000000e+03 5.545426698282675954e-02
1.518000000000000000e+03 5.540563618170191162e-02
1.519000000000000000e+03 5.535850814172528500e-02
1.520000000000000000e+03 5.531270681758353180e-02
1.521000000000000000e+03 5.526798520903598855e-02
1.522000000000000000e+03 5.522405788879643229e-02
1.523000000000000000e+03 5.518063748568603766e-02
1.524000000000000000e+03 5.513747349168702377e-02
1.525000000000000000e+03 5.509438922733424226e-02
1.526000000000000000e+03 5.505130123201164294e-02
1.527000000000000000e+03 5.500823126940411478e-02
1.528000000000000000e+03 5.496531550138854944e-02
1.529000000000000000e+03 5.492279498948445665e-02
1.530000000000000000e+03 5.488100294416282249e-02
1.531000000000000000e+03 5.484034742497993081e-02
1.532000000000000000e+03 5.480125987607561283e-02
1.533000000000000000e+03 5.476415734406539504e-02
1.534000000000000000e+03 5.472940693651903027e-02
1.535000000000000000e+03 5.469729269629283741e-02
1.536000000000000000e+03 5.466798003218543978e-02
1.537000000000000000e+03 5.464148151927140235e-02
1.538000000000000000e+03 5.461765677504040045e-02
1.539000000000000000e+03 5.459622061220334444e-02
1.540000000000000000e+03 5.457674810952958810e-02
1.541000000000000000e+03 5.455870922069640250e-02
1.542000000000000000e+03 5.454150149138791565e-02
1.543000000000000000e+03 5.452449495186446893e-02
1.544000000000000000e+03 5.450708098524220668e-02
1.545000000000000000e+03 5.448870591269497354e-02
1.546000000000000000e+03 5.446891264054150306e-02
1.547000000000000000e+03 5.444737472561321512e-02
1.548000000000000000e+03 5.442391413880263984e-02
1.549000000000000000e+03 5.439851257263980666e-02
1.550000000000000000e+03 5.437132736204275396e-02
1.551000000000000000e+03 5.434268111688377034e-02
1.552000000000000000e+03 5.431306846786160270e-02
1.553000000000000000e+03 5.428314531253213004e-02
1.554000000000000000e+03 5.425371127006820005e-02
1.555000000000000000e+03 5.422568804178674873e-02
1.556000000000000000e+03 5.420010261754531350e-02
1.557000000000000000e+03 5.417805456514521861e-02
1.558000000000000000e+03 5.416068024676692905e-02
1.559000000000000000e+03 5.414913082096793617e-02
1.560000000000000000e+03 5.414454553080307736e-02
1.561000000000000000e+03 5.414802840405300022e-02
1.562000000000000000e+03 5.416061936000563654e-02
1.563000000000000000e+03 5.418326665353542793e-02
1.564000000000000000e+03 5.421680630750708857e-02
1.565000000000000000e+03 5.426193949470506372e-02
1.566000000000000000e+03 5.431921147301113639e-02
1.567000000000000000e+03 5.438899615067789572e-02
1.568000000000000000e+03 5.447148532037567742e-02
1.569000000000000000e+03 5.456666467680648669e-02
1.570000000000000000e+03 5.467431021661266211e-02
1.571000000000000000e+03 5.479398690267526378e-02
1.572000000000000000e+03 5.492506257953709559e-02
1.573000000000000000e+03 5.506672302622930837e-02
1.574000000000000000e+03 5.521799583688218049e-02
1.575000000000000000e+03 5.537777397840948357e-02
1.576000000000000000e+03 5.554485881864375946e-02
1.577000000000000000e+03 5.571799569930362128e-02
1.578000000000000000e+03 5.589590244843517519e-02
1.579000000000000000e+03 5.607730794536092134e-02
1.580000000000000000e+03 5.626098334308363147e-02
1.581000000000000000e+03 5.644576046302037658e-02
1.582000000000000000e+03 5.663055072157168607e-02
1.583000000000000000e+03 5.681434735256363916e-02
1.584000000000000000e+03 5.699623771009976192e-02
1.585000000000000000e+03 5.717539875282792033e-02
1.586000000000000000e+03 5.735109044978224657e-02
1.587000000000000000e+03 5.752266214986569148e-02
1.588000000000000000e+03 5.768954914529733635e-02
1.589000000000000000e+03 5.785127021429530697e-02
1.590000000000000000e+03 5.800742452126517873e-02
1.591000000000000000e+03 5.815770643737468854e-02
1.592000000000000000e+03 5.830190016283788579e-02
1.593000000000000000e+03 5.843987023280528686e-02
1.594000000000000000e+03 5.857156426655076020e-02
1.595000000000000000e+03 5.869701375468061588e-02
1.596000000000000000e+03 5.881631776215622692e-02
1.597000000000000000e+03 5.892962954337740283e-02
1.598000000000000000e+03 5.903714003273519834e-02
1.599000000000000000e+03 5.913905647958789952e-02
1.600000000000000000e+03 5.923557382231646462e-02
1.601000000000000000e+03 5.932686769410052546e-02
1.602000000000000000e+03 5.941308153206424636e-02
1.603000000000000000e+03 5.949431343583339027e-02
1.604000000000000000e+03 5.957060770735468636e-02
1.605000000000000000e+03 5.964196880090737868e-02
1.606000000000000000e+03 5.970836430488777463e-02
1.607000000000000000e+03 5.976972120586131892e-02
1.608000000000000000e+03 5.982594607151739408e-02
1.609000000000000000e+03 5.987693720323263025e-02
1.610000000000000000e+03 5.992259751466852413e-02
1.611000000000000000e+03 5.996284273400188936e-02
1.612000000000000000e+03 5.999760399189115606e-02
1.613000000000000000e+03 6.002684756117228349e-02
1.614000000000000000e+03 6.005058540284173574e-02
1.615000000000000000e+03 6.006888281664583829e-02
1.616000000000000000e+03 6.008186711739804675e-02
1.617000000000000000e+03 6.008972665927582446e-02
1.618000000000000000e+03 6.009270318511325537e-02
1.619000000000000000e+03 6.009108163380840612e-02
1.620000000000000000e+03 6.008517600029802952e-02
1.621000000000000000e+03 6.007531550800855602e-02
1.622000000000000000e+03 6.006182079155746034e-02
1.623000000000000000e+03 6.004498507579279776e-02
1.624000000000000000e+03 6.002506184486725016e-02
1.625000000000000000e+03 6.000224927681516857e-02
1.626000000000000000e+03 5.997668426595087476e-02
1.627000000000000000e+03 5.994845605431760316e-02
1.628000000000000000e+03 5.991761973859816709e-02
1.629000000000000000e+03 5.988420972120456903e-02
1.630000000000000000e+03 5.984826242159045628e-02
1.631000000000000000e+03 5.980983631034742648e-02
1.632000000000000000e+03 5.976903477954333133e-02
1.633000000000000000e+03 5.972601446951941034e-02
1.634000000000000000e+03 5.968099872032393838e-02
1.635000000000000000e+03 5.963428776791995789e-02
1.636000000000000000e+03 5.958626750913272041e-02
1.637000000000000000e+03 5.953740569351588519e-02
1.638000000000000000e+03 5.948825304548920057e-02
1.639000000000000000e+03 5.943943547523365678e-02
1.640000000000000000e+03 5.939164099717192391e-02
1.641000000000000000e+03 5.934560656278416169e-02
1.642000000000000000e+03 5.930208594673247458e-02
1.643000000000000000e+03 5.926183308567652130e-02
1.644000000000000000e+03 5.922557496606440514e-02
1.645000000000000000e+03 5.919399145934181594e-02
1.646000000000000000e+03 5.916769591993314981e-02
1.647000000000000000e+03 5.914722016560708395e-02
1.648000000000000000e+03 5.913299642047533528e-02
1.649000000000000000e+03 5.912536082054432873e-02
1.650000000000000000e+03 5.912455616544351478e-02
1.651000000000000000e+03 5.913074734441684660e-02
1.652000000000000000e+03 5.914403127275467964e-02
1.653000000000000000e+03 5.916444715263949328e-02
1.654000000000000000e+03 5.919200202352167817e-02
1.655000000000000000e+03 5.922668807682952147e-02
1.656000000000000000e+03 5.926849717504310139e-02
1.657000000000000000e+03 5.931742547931683623e-02
1.658000000000000000e+03 5.937348379813019161e-02
1.659000000000000000e+03 5.943669590631578403e-02
1.660000000000000000e+03 5.950709711564142884e-02
1.661000000000000000e+03 5.958471654987787525e-02
1.662000000000000000e+03 5.966956425661159441e-02
1.663000000000000000e+03 5.976160931200957815e-02
1.664000000000000000e+03 5.986076157090865213e-02
1.665000000000000000e+03 5.996686827819197596e-02
1.666000000000000000e+03 6.007969022302377810e-02
1.667000000000000000e+03 6.019888753297817502e-02
1.668000000000000000e+03 6.032402128611281250e-02
1.669000000000000000e+03 6.045454681138077296e-02
1.670000000000000000e+03 6.058979719691492266e-02
1.671000000000000000e+03 6.072900095735364601e-02
1.672000000000000000e+03 6.087129096501460446e-02
1.673000000000000000e+03 6.101571007596003071e-02
1.674000000000000000e+03 6.116123609226348928e-02
1.675000000000000000e+03 6.130679338531368205e-02
1.676000000000000000e+03 6.145126017988168654e-02
1.677000000000000000e+03 6.159348709319523163e-02
1.678000000000000000e+03 6.173231850282431127e-02
1.679000000000000000e+03 6.186662105243388721e-02
1.680000000000000000e+03 6.199529115524807926e-02
1.681000000000000000e+03 6.211727950152481220e-02
1.682000000000000000e+03 6.223162627787370837e-02
1.683000000000000000e+03 6.233748459434822198e-02
1.684000000000000000e+03 6.243413519100374232e-02
1.685000000000000000e+03 6.252099917112380334e-02
1.686000000000000000e+03 6.259766270377321862e-02
1.687000000000000000e+03 6.266388447592224908e-02
1.688000000000000000e+03 6.271959659654730013e-02
1.689000000000000000e+03 6.276490217066574284e-02
1.690000000000000000e+03 6.280008179030957538e-02
1.691000000000000000e+03 6.282558009966561496e-02
1.692000000000000000e+03 6.284200172675545593e-02
1.693000000000000000e+03 6.285009875586891614e-02
1.694000000000000000e+03 6.285077085109112838e-02
1.695000000000000000e+03 6.284505438487032747e-02
1.696000000000000000e+03 6.283410267115865921e-02
1.697000000000000000e+03 6.281918503062258741e-02
1.698000000000000000e+03 6.280167450947038432e-02
1.699000000000000000e+03 6.278302013196242204e-02
1.700000000000000000e+03 6.276472702276413018e-02
1.701000000000000000e+03 6.274833653936101596e-02
1.702000000000000000e+03 6.273538614740015174e-02
1.703000000000000000e+03 6.272738452498440032e-02
1.704000000000000000e+03 6.272577005219023838e-02
1.705000000000000000e+03 6.273187856336759349e-02
1.706000000000000000e+03 6.274691756352224203e-02
1.707000000000000000e+03 6.277193732537790505e-02
1.708000000000000000e+03 6.280780976841168761e-02
1.709000000000000000e+03 6.285521114422826239e-02
1.710000000000000000e+03 6.291461525667740862e-02
1.711000000000000000e+03 6.298628757220420260e-02
1.712000000000000000e+03 6.307029343927543497e-02
1.713000000000000000e+03 6.316652531923568070e-02
1.714000000000000000e+03 6.327471269037004964e-02
1.715000000000000000e+03 6.339443297046089276e-02
1.716000000000000000e+03 6.352512423322545509e-02
1.717000000000000000e+03 6.366610415197615502e-02
1.718000000000000000e+03 6.381658297234035770e-02
1.719000000000000000e+03 6.397566065328305629e-02
1.720000000000000000e+03 6.414234216160917545e-02
1.721000000000000000e+03 6.431553298356704196e-02
1.722000000000000000e+03 6.449402344148918997e-02
1.723000000000000000e+03 6.467649698273780778e-02
1.724000000000000000e+03 6.486153037957037570e-02
1.725000000000000000e+03 6.504759994860404015e-02
1.726000000000000000e+03 6.523309149054926093e-02
1.727000000000000000e+03 6.541631464372833771e-02
1.728000000000000000e+03 6.559553881906465822e-02
1.729000000000000000e+03 6.576904480363437999e-02
1.730000000000000000e+03 6.593517600918805122e-02
1.731000000000000000e+03 6.609240625752066389e-02
1.732000000000000000e+03 6.623941983406309020e-02
1.733000000000000000e+03 6.637517667429398971e-02
1.734000000000000000e+03 6.649897235154307584e-02
1.735000000000000000e+03 6.661049125128956638e-02
1.736000000000000000e+03 6.670982490478909177e-02
1.737000000000000000e+03 6.679747360946719503e-02
1.738000000000000000e+03 6.687430274747135917e-02
1.739000000000000000e+03 6.694146690760077734e-02
1.740000000000000000e+03 6.700031367573944241e-02
1.741000000000000000e+03 6.705227463848915936e-02
1.742000000000000000e+03 6.709876129662151190e-02
1.743000000000000000e+03 6.714106419755766497e-02
1.744000000000000000e+03 6.718027809034633757e-02
1.745000000000000000e+03 6.721724687160116063e-02
1.746000000000000000e+03 6.725252206942952671e-02
1.747000000000000000e+03 6.728637822216559927e-02
1.748000000000000000e+03 6.731883216546466486e-02
1.749000000000000000e+03 6.734967261705968045e-02
1.750000000000000000e+03 6.737850260175125283e-02
1.751000000000000000e+03 6.740477226662063004e-02
1.752000000000000000e+03 6.742779270707453809e-02
1.753000000000000000e+03 6.744675002721881030e-02
1.754000000000000000e+03 6.746071437744247112e-02
1.755000000000000000e+03 6.746865477895988561e-02
1.756000000000000000e+03 6.746945229350764794e-02
1.757000000000000000e+03 6.746193778812897834e-02
1.758000000000000000e+03 6.744491393252791123e-02
1.759000000000000000e+03 6.741720159080644148e-02
1.760000000000000000e+03 6.737769257439862880e-02
1.761000000000000000e+03 6.732541536157873874e-02
1.762000000000000000e+03 6.725957170728692758e-02
1.763000000000000000e+03 6.717958355559261463e-02
1.764000000000000000e+03 6.708513474419866562e-02
1.765000000000000000e+03 6.697618607816104019e-02
1.766000000000000000e+03 6.685296011998748122e-02
1.767000000000000000e+03 6.671592970878353901e-02
1.768000000000000000e+03 6.656579828311921798e-02
1.769000000000000000e+03 6.640345300633763992e-02
1.770000000000000000e+03 6.622989962052133750e-02
1.771000000000000000e+03 6.604620392115644056e-02
1.772000000000000000e+03 6.585344160185403750e-02
1.773000000000000000e+03 6.565266149454204725e-02
1.774000000000000000e+03 6.544484170541600698e-02
1.775000000000000000e+03 6.523086607170122675e-02
1.776000000000000000e+03 6.501149205751448334e-02
1.777000000000000000e+03 6.478734521861402584e-02
1.778000000000000000e+03 6.455893947216323481e-02
1.779000000000000000e+03 6.432668229668903059e-02
1.780000000000000000e+03 6.409090484622931294e-02
1.781000000000000000e+03 6.385187622815724495e-02
1.782000000000000000e+03 6.360983459392310913e-02
1.783000000000000000e+03 6.336502445640658510e-02
1.784000000000000000e+03 6.311771838568466797e-02
1.785000000000000000e+03 6.286824527846471278e-02
1.786000000000000000e+03 6.261699556481961637e-02
1.787000000000000000e+03 6.236442734739244820e-02
1.788000000000000000e+03 6.211108301462919812e-02
1.789000000000000000e+03 6.185757823910847941e-02
1.790000000000000000e+03 6.160458573586043846e-02
1.791000000000000000e+03 6.135283206544718537e-02
1.792000000000000000e+03 6.110307556323404943e-02
1.793000000000000000e+03 6.085608997852259144e-02
1.794000000000000000e+03 6.061265072089481315e-02
1.795000000000000000e+03 6.037350963057112885e-02
1.796000000000000000e+03 6.013937079537615832e-02
1.797000000000000000e+03 5.991087068412981331e-02
1.798000000000000000e+03 5.968855767495247211e-02
1.799000000000000000e+03 5.947287193880418377e-02
1.800000000000000000e+03 5.926413795253947236e-02
1.801000000000000000e+03 5.906254873483887669e-02
1.802000000000000000e+03 5.886816360300679840e-02
1.803000000000000000e+03 5.868091438313073616e-02
1.804000000000000000e+03 5.850061456893999867e-02
1.805000000000000000e+03 5.832696841435348195e-02
1.806000000000000000e+03 5.815959793169861447e-02
1.807000000000000000e+03 5.799806449610030862e-02
1.808000000000000000e+03 5.784189461159295470e-02
1.809000000000000000e+03 5.769060040799062206e-02
1.810000000000000000e+03 5.754371328622030074e-02
1.811000000000000000e+03 5.740081184634789752e-02
1.812000000000000000e+03 5.726154046245372775e-02
1.813000000000000000e+03 5.712562830413140530e-02
1.814000000000000000e+03 5.699290064497518349e-02
1.815000000000000000e+03 5.686327152902494880e-02
1.816000000000000000e+03 5.673674614998261423e-02
1.817000000000000000e+03 5.661338863041585900e-02
1.818000000000000000e+03 5.649330097644282567e-02
1.819000000000000000e+03 5.637658346460325265e-02
1.820000000000000000e+03 5.626330757628615620e-02
1.821000000000000000e+03 5.615350084174575152e-02
1.822000000000000000e+03 5.604712431722545796e-02
1.823000000000000000e+03 5.594406911737593441e-02
1.824000000000000000e+03 5.584414685237110154e-02
1.825000000000000000e+03 5.574710656814266252e-02
1.826000000000000000e+03 5.565266978396199438e-02
1.827000000000000000e+03 5.556054994223529747e-02
1.828000000000000000e+03 5.547046818036449611e-02
1.829000000000000000e+03 5.538218639932233900e-02
1.830000000000000000e+03 5.529552900704137047e-02
1.831000000000000000e+03 5.521040021593843355e-02
1.832000000000000000e+03 5.512679798732424141e-02
1.833000000000000000e+03 5.504482241082642169e-02
1.834000000000000000e+03 5.496466647685620266e-02
1.835000000000000000e+03 5.488658258511594501e-02
1.836000000000000000e+03 5.481086337958617632e-02
1.837000000000000000e+03 5.473780164438556139e-02
1.838000000000000000e+03 5.466764802367943960e-02
1.839000000000000000e+03 5.460057766702552939e-02
1.840000000000000000e+03 5.453664462754011233e-02
1.841000000000000000e+03 5.447574943219718469e-02
1.842000000000000000e+03 5.441762433675882693e-02
1.843000000000000000e+03 5.436181299831610580e-02
1.844000000000000000e+03 5.430766779811638245e-02
1.845000000000000000e+03 5.425436215818060792e-02
1.846000000000000000e+03 5.420091979264930054e-02
1.847000000000000000e+03 5.414624749911568780e-02
1.848000000000000000e+03 5.408918416650584232e-02
1.849000000000000000e+03 5.402854839088386263e-02
1.850000000000000000e+03 5.396319854394435178e-02
1.851000000000000000e+03 5.389208322125340483e-02
1.852000000000000000e+03 5.381429489142820766e-02
1.853000000000000000e+03 5.372912135751948398e-02
1.854000000000000000e+03 5.363608494497501544e-02
1.855000000000000000e+03 5.353497198008819180e-02
1.856000000000000000e+03 5.342585633973402637e-02
1.857000000000000000e+03 5.330910131190691459e-02
1.858000000000000000e+03 5.318535676472699314e-02
1.859000000000000000e+03 5.305554479642840549e-02
1.860000000000000000e+03 5.292084014771477468e-02
1.861000000000000000e+03 5.278263388362317704e-02
1.862000000000000000e+03 5.264249937569855098e-02
1.863000000000000000e+03 5.250213661036263330e-02
1.864000000000000000e+03 5.236332372352325154e-02
1.865000000000000000e+03 5.222787908743201785e-02
1.866000000000000000e+03 5.209758956133067609e-02
1.867000000000000000e+03 5.197415730113184862e-02
1.868000000000000000e+03 5.185915628967039531e-02
1.869000000000000000e+03 5.175399092104214505e-02
1.870000000000000000e+03 5.165987199803552532e-02
1.871000000000000000e+03 5.157778730097448833e-02
1.872000000000000000e+03 5.150850156073816938e-02
1.873000000000000000e+03 5.145255958127770146e-02
1.874000000000000000e+03 5.141030455923674414e-02
1.875000000000000000e+03 5.138190632336525621e-02
1.876000000000000000e+03 5.136738694708030406e-02
1.877000000000000000e+03 5.136665920548635217e-02
1.878000000000000000e+03 5.137956524743451242e-02
1.879000000000000000e+03 5.140590038313885834e-02
1.880000000000000000e+03 5.144543402150153488e-02
1.881000000000000000e+03 5.149792447132604811e-02
1.882000000000000000e+03 5.156312830492155996e-02
1.883000000000000000e+03 5.164079687524801565e-02
1.884000000000000000e+03 5.173066466142794972e-02
1.885000000000000000e+03 5.183244989643680939e-02
1.886000000000000000e+03 5.194584186014508664e-02
1.887000000000000000e+03 5.207048916896322294e-02
1.888000000000000000e+03 5.220600133673902743e-02
1.889000000000000000e+03 5.235194246745645402e-02
1.890000000000000000e+03 5.250781820074126860e-02
1.891000000000000000e+03 5.267308748066572288e-02
1.892000000000000000e+03 5.284714683643074867e-02
1.893000000000000000e+03 5.302931828499878042e-02
1.894000000000000000e+03 5.321885034635286116e-02
1.895000000000000000e+03 5.341491384543783916e-02
1.896000000000000000e+03 5.361658398918132951e-02
1.897000000000000000e+03 5.382283976722309488e-02
1.898000000000000000e+03 5.403256388150610989e-02
1.899000000000000000e+03 5.424455241742624778e-02
1.900000000000000000e+03 5.445752303858894527e-02
1.901000000000000000e+03 5.467014736657745122e-02
1.902000000000000000e+03 5.488108048989098764e-02
1.903000000000000000e+03 5.508900259663655763e-02
1.904000000000000000e+03 5.529266545592907700e-02
1.905000000000000000e+03 5.549093718615174392e-02
1.906000000000000000e+03 5.568286821911027501e-02
1.907000000000000000e+03 5.586772384642813699e-02
1.908000000000000000e+03 5.604502572879486305e-02
1.909000000000000000e+03 5.621457730284316195e-02
1.910000000000000000e+03 5.637646013402186629e-02
1.911000000000000000e+03 5.653103046317865810e-02
1.912000000000000000e+03 5.667889987382149219e-02
1.913000000000000000e+03 5.682089511257534115e-02
1.914000000000000000e+03 5.695800491096889018e-02
1.915000000000000000e+03 5.709132356297489524e-02
1.916000000000000000e+03 5.722198077766650626e-02
1.917000000000000000e+03 5.735108374007434617e-02
1.918000000000000000e+03 5.747966742898391601e-02
1.919000000000000000e+03 5.760863388791626072e-02
1.920000000000000000e+03 5.773870953448807797e-02
1.921000000000000000e+03 5.787040051238423466e-02
1.922000000000000000e+03 5.800397128364506716e-02
1.923000000000000000e+03 5.813942964158320265e-02
1.924000000000000000e+03 5.827652608955821711e-02
1.925000000000000000e+03 5.841476190801117574e-02
1.926000000000000000e+03 5.855340119927102127e-02
1.927000000000000000e+03 5.869149932951983617e-02
1.928000000000000000e+03 5.882793322990350487e-02
1.929000000000000000e+03 5.896143804144057810e-02
1.930000000000000000e+03 5.909065773628585649e-02
1.931000000000000000e+03 5.921419847925597085e-02
1.932000000000000000e+03 5.933067534895529460e-02
1.933000000000000000e+03 5.943876197770005254e-02
1.934000000000000000e+03 5.953723726945674144e-02
1.935000000000000000e+03 5.962503301728527827e-02
1.936000000000000000e+03 5.970126886267343447e-02
1.937000000000000000e+03 5.976527924361509092e-02
1.938000000000000000e+03 5.981664190207956755e-02
1.939000000000000000e+03 5.985519451905750576e-02
1.940000000000000000e+03 5.988103746127993593e-02
1.941000000000000000e+03 5.989453710897424399e-02
1.942000000000000000e+03 5.989630268918023914e-02
1.943000000000000000e+03 5.988715483388538235e-02
1.944000000000000000e+03 5.986808520956914126e-02
1.945000000000000000e+03 5.984021347067865898e-02
1.946000000000000000e+03 5.980473407306714784e-02
1.947000000000000000e+03 5.976286524329482708e-02
1.948000000000000000e+03 5.971578918432991767e-02
1.949000000000000000e+03 5.966459933235243596e-02
1.950000000000000000e+03 5.961025444963791164e-02
1.951000000000000000e+03 5.955354305255842334e-02
1.952000000000000000e+03 5.949507024398380250e-02
1.953000000000000000e+03 5.943524580627668891e-02
1.954000000000000000e+03 5.937427467285096711e-02
1.955000000000000000e+03 5.931218398295576288e-02
1.956000000000000000e+03 5.924884182574108316e-02
1.957000000000000000e+03 5.918398721233811277e-02
1.958000000000000000e+03 5.911725343354177348e-02
1.959000000000000000e+03 5.904820319178738508e-02
1.960000000000000000e+03 5.897636299335543009e-02
1.961000000000000000e+03 5.890125765221665421e-02
1.962000000000000000e+03 5.882244811177686494e-02
1.963000000000000000e+03 5.873956944410917147e-02
1.964000000000000000e+03 5.865236466994353665e-02
1.965000000000000000e+03 5.856072271172225313e-02
1.966000000000000000e+03 5.846470734812733716e-02
1.967000000000000000e+03 5.836458930498639175e-02
1.968000000000000000e+03 5.826086471163894470e-02
1.969000000000000000e+03 5.815426106729670863e-02
1.970000000000000000e+03 5.804573401296744817e-02
1.971000000000000000e+03 5.793644042338316064e-02
1.972000000000000000e+03 5.782770543373832312e-02
1.973000000000000000e+03 5.772097643844864567e-02
1.974000000000000000e+03 5.761778831993838446e-02
1.975000000000000000e+03 5.751971807486845611e-02
1.976000000000000000e+03 5.742832438209462265e-02
1.977000000000000000e+03 5.734509658001901017e-02
1.978000000000000000e+03 5.727142143952963782e-02
1.979000000000000000e+03 5.720856321113845094e-02
1.980000000000000000e+03 5.715762666237096667e-02
1.981000000000000000e+03 5.711953047997190419e-02
1.982000000000000000e+03 5.709498715374586308e-02
1.983000000000000000e+03 5.708449265106790849e-02
1.984000000000000000e+03 5.708830003817839255e-02
1.985000000000000000e+03 5.710641960705285791e-02
1.986000000000000000e+03 5.713860467852927005e-02
1.987000000000000000e+03 5.718435252628448207e-02
1.988000000000000000e+03 5.724291154245619850e-02
1.989000000000000000e+03 5.731329616935471050e-02
1.990000000000000000e+03 5.739430675337676285e-02
1.991000000000000000e+03 5.748455954090607445e-02
1.992000000000000000e+03 5.758253104467306316e-02
1.993000000000000000e+03 5.768661583181700081e-02
1.994000000000000000e+03 5.779518411906657549e-02
1.995000000000000000e+03 5.790664051808361995e-02
1.996000000000000000e+03 5.801949888722255505e-02
1.997000000000000000e+03 5.813244297446039377e-02
1.998000000000000000e+03 5.824438164706158272e-02
1.999000000000000000e+03 5.835448415399067945e-02
2.000000000000000000e+03 5.846221569985050881e-02
2.001000000000000000e+03 5.856734293152210391e-02
2.002000000000000000e+03 5.866993213411965391e-02
2.003000000000000000e+03 5.877034139212868741e-02
2.004000000000000000e+03 5.886916303197010231e-02
2.005000000000000000e+03 5.896718821813866362e-02
2.006000000000000000e+03 5.906537153872755408e-02
2.007000000000000000e+03 5.916477246956754893e-02
2.008000000000000000e+03 5.926649146582140676e-02
2.009000000000000000e+03 5.937161456383013847e-02
2.010000000000000000e+03 5.948115865902995486e-02
2.011000000000000000e+03 5.959602306384984005e-02
2.012000000000000000e+03 5.971694885767166866e-02
2.013000000000000000e+03 5.984448470996953096e-02
2.014000000000000000e+03 5.997895372055028762e-02
2.015000000000000000e+03 6.012043677751494064e-02
2.016000000000000000e+03 6.026875566100253767e-02
2.017000000000000000e+03 6.042348757683951854e-02
2.018000000000000000e+03 6.058396950507963230e-02
2.019000000000000000e+03 6.074931086335873948e-02
2.020000000000000000e+03 6.091841457031942075e-02
2.021000000000000000e+03 6.109000681749453265e-02
2.022000000000000000e+03 6.126268085777902828e-02
2.023000000000000000e+03 6.143493216358454634e-02
2.024000000000000000e+03 6.160521473989873792e-02
2.025000000000000000e+03 6.177199157550514186e-02
2.026000000000000000e+03 6.193378052114446169e-02
2.027000000000000000e+03 6.208921601330570639e-02
2.028000000000000000e+03 6.223709016111947379e-02
2.029000000000000000e+03 6.237638806154809090e-02
2.030000000000000000e+03 6.250632316579576853e-02
2.031000000000000000e+03 6.262634880415451910e-02
2.032000000000000000e+03 6.273614570356995934e-02
2.033000000000000000e+03 6.283562971105691175e-02
2.034000000000000000e+03 6.292491319516183013e-02
2.035000000000000000e+03 6.300428078630332385e-02
2.036000000000000000e+03 6.307415290546461439e-02
2.037000000000000000e+03 6.313505342638928153e-02
2.038000000000000000e+03 6.318758014859382488e-02
2.039000000000000000e+03 6.323236789025381277e-02
2.040000000000000000e+03 6.327005961493389896e-02
2.041000000000000000e+03 6.330128873511119136e-02
2.042000000000000000e+03 6.332665140521459568e-02
2.043000000000000000e+03 6.334669508996192133e-02
2.044000000000000000e+03 6.336189971880924754e-02
2.045000000000000000e+03 6.337268607359408668e-02
2.046000000000000000e+03 6.337941349448332484e-02
2.047000000000000000e+03 6.338239413009710832e-02
2.048000000000000000e+03 6.338189340459274290e-02
2.049000000000000000e+03 6.337813105942091685e-02
2.050000000000000000e+03 6.337131439170320957e-02
2.051000000000000000e+03 6.336165739345749059e-02
2.052000000000000000e+03 6.334938978425738720e-02
2.053000000000000000e+03 6.333476515783215133e-02
2.054000000000000000e+03 6.331807535123687436e-02
2.055000000000000000e+03 6.329965661756023487e-02
2.056000000000000000e+03 6.327988797061219473e-02
2.057000000000000000e+03 6.325919085926426377e-02
2.058000000000000000e+03 6.323802196756614369e-02
2.059000000000000000e+03 6.321686501820268644e-02
2.060000000000000000e+03 6.319622182714176861e-02
2.061000000000000000e+03 6.317662459482847881e-02
2.062000000000000000e+03 6.315862145257020166e-02
2.063000000000000000e+03 6.314279159914856776e-02
2.064000000000000000e+03 6.312973445647002135e-02
2.065000000000000000e+03 6.312008052574973049e-02
2.066000000000000000e+03 6.311449956248307847e-02
2.067000000000000000e+03 6.311370512248720699e-02
2.068000000000000000e+03 6.311844820341096229e-02
2.069000000000000000e+03 6.312949660754157977e-02
2.070000000000000000e+03 6.314761762137788281e-02
2.071000000000000000e+03 6.317355354043491245e-02
2.072000000000000000e+03 6.320799003489510626e-02
2.073000000000000000e+03 6.325152023140867552e-02
2.074000000000000000e+03 6.330462865506168713e-02
2.075000000000000000e+03 6.336769337981951189e-02
2.076000000000000000e+03 6.344097098362216913e-02
2.077000000000000000e+03 6.352459474303207010e-02
2.078000000000000000e+03 6.361858312291472639e-02
2.079000000000000000e+03 6.372285847526751312e-02
2.080000000000000000e+03 6.383727042132400498e-02
2.081000000000000000e+03 6.396160499005064393e-02
2.082000000000000000e+03 6.409560338420415559e-02
2.083000000000000000e+03 6.423897304118780793e-02
2.084000000000000000e+03 6.439139279816875894e-02
2.085000000000000000e+03 6.455252042622364184e-02
2.086000000000000000e+03 6.472197964345413612e-02
2.087000000000000000e+03 6.489936225691486649e-02
2.088000000000000000e+03 6.508421752744616984e-02
2.089000000000000000e+03 6.527603208937106383e-02
2.090000000000000000e+03 6.547422958531429193e-02
2.091000000000000000e+03 6.567815920254316264e-02
2.092000000000000000e+03 6.588708999937195609e-02
2.093000000000000000e+03 6.610020241522185369e-02
2.094000000000000000e+03 6.631656968682504705e-02
2.095000000000000000e+03 6.653515847682361928e-02
2.096000000000000000e+03 6.675482655243575314e-02
2.097000000000000000e+03 6.697433227610100070e-02
2.098000000000000000e+03 6.719233203316762881e-02
2.099000000000000000e+03 6.740737734683513449e-02
2.100000000000000000e+03 6.761791351006435358e-02
2.101000000000000000e+03 6.782230768841984725e-02
2.102000000000000000e+03 6.801884714303790824e-02
2.103000000000000000e+03 6.820573483722770780e-02
2.104000000000000000e+03 6.838111248586978275e-02
2.105000000000000000e+03 6.854307774786946861e-02
2.106000000000000000e+03 6.868969760541923653e-02
2.107000000000000000e+03 6.881904205759820092e-02
2.108000000000000000e+03 6.892922067848195056e-02
2.109000000000000000e+03 6.901842690276778491e-02
2.110000000000000000e+03 6.908499646091695312e-02
2.111000000000000000e+03 6.912746703202912735e-02
2.112000000000000000e+03 6.914463721002042651e-02
2.113000000000000000e+03 6.913562129421813029e-02
2.114000000000000000e+03 6.909989181459091911e-02
2.115000000000000000e+03 6.903731642024353576e-02
2.116000000000000000e+03 6.894817086902538250e-02
2.117000000000000000e+03 6.883312392042104100e-02
2.118000000000000000e+03 6.869320613602725167e-02
2.119000000000000000e+03 6.852976563328005977e-02
2.120000000000000000e+03 6.834439372602388318e-02
2.121000000000000000e+03 6.813884788826959915e-02
2.122000000000000000e+03 6.791497256211079248e-02
2.123000000000000000e+03 6.767461557619311452e-02
2.124000000000000000e+03 6.741955963939405549e-02
2.125000000000000000e+03 6.715146658000099855e-02
2.126000000000000000e+03 6.687184282482683262e-02
2.127000000000000000e+03 6.658200959804146113e-02
2.128000000000000000e+03 6.628310654774266508e-02
2.129000000000000000e+03 6.597610317408497682e-02
2.130000000000000000e+03 6.566182576939467996e-02
2.131000000000000000e+03 6.534099919572870785e-02
2.132000000000000000e+03 6.501428371701799269e-02
2.133000000000000000e+03 6.468230446618224161e-02
2.134000000000000000e+03 6.434568863351752821e-02
2.135000000000000000e+03 6.400507779713557333e-02
2.136000000000000000e+03 6.366113780737378547e-02
2.137000000000000000e+03 6.331456000834662090e-02
2.138000000000000000e+03 6.296605340908303927e-02
2.139000000000000000e+03 6.261631716161199235e-02
2.140000000000000000e+03 6.226601875589554691e-02
2.141000000000000000e+03 6.191577029382789449e-02
2.142000000000000000e+03 6.156609616573863186e-02
2.143000000000000000e+03 6.121742480430008432e-02
2.144000000000000000e+03 6.087007216703877593e-02
2.145000000000000000e+03 6.052423562257527867e-02
2.146000000000000000e+03 6.017999759953108346e-02
2.147000000000000000e+03 5.983734521666399936e-02
2.148000000000000000e+03 5.949618684543376418e-02
2.149000000000000000e+03 5.915637255298078490e-02
2.150000000000000000e+03 5.881771660446202810e-02
2.151000000000000000e+03 5.848003358399894713e-02
2.152000000000000000e+03 5.814316489368683005e-02
2.153000000000000000e+03 5.780699914664837874e-02
2.154000000000000000e+03 5.747148874100074800e-02
2.155000000000000000e+03 5.713667473061315866e-02
2.156000000000000000e+03 5.680269014760699897e-02
2.157000000000000000e+03 5.646975719732660881e-02
2.158000000000000000e+03 5.613818848190430671e-02
2.159000000000000000e+03 5.580837609158387919e-02
2.160000000000000000e+03 5.548078455294108702e-02
2.161000000000000000e+03 5.515593241752589360e-02
2.162000000000000000e+03 5.483437615394144704e-02
2.163000000000000000e+03 5.451669577062181332e-02
2.164000000000000000e+03 5.420347752262506813e-02
2.165000000000000000e+03 5.389530841165265929e-02
2.166000000000000000e+03 5.359275487642559815e-02
2.167000000000000000e+03 5.329635047056802133e-02
2.168000000000000000e+03 5.300659805902445398e-02
2.169000000000000000e+03 5.272394599411398680e-02
2.170000000000000000e+03 5.244880473950856020e-02
2.171000000000000000e+03 5.218153563802227501e-02
2.172000000000000000e+03 5.192243919509611366e-02
2.173000000000000000e+03 5.167176392730998824e-02
2.174000000000000000e+03 5.142970978585802155e-02
2.175000000000000000e+03 5.119643259520833406e-02
2.176000000000000000e+03 5.097204230454918661e-02
2.177000000000000000e+03 5.075660812182707093e-02
2.178000000000000000e+03 5.055016674219416084e-02
2.179000000000000000e+03 5.035272797239080667e-02
2.180000000000000000e+03 5.016429294893521434e-02
2.181000000000000000e+03 4.998487413410683533e-02
2.182000000000000000e+03 4.981451713261580289e-02
2.183000000000000000e+03 4.965331435071106136e-02
2.184000000000000000e+03 4.950142736740639759e-02
2.185000000000000000e+03 4.935909970021899740e-02
2.186000000000000000e+03 4.922667696280660921e-02
2.187000000000000000e+03 4.910462261009706370e-02
2.188000000000000000e+03 4.899351615067047000e-02
2.189000000000000000e+03 4.889405499559089374e-02
2.190000000000000000e+03 4.880702609333578690e-02
2.191000000000000000e+03 4.873328513301101311e-02
2.192000000000000000e+03 4.867372966764878239e-02
2.193000000000000000e+03 4.862926411956858957e-02
2.194000000000000000e+03 4.860074590411193191e-02
2.195000000000000000e+03 4.858895848374677334e-02
2.196000000000000000e+03 4.859457654731107884e-02
2.197000000000000000e+03 4.861812959365359454e-02
2.198000000000000000e+03 4.865997611171092585e-02
2.199000000000000000e+03 4.872028927484596539e-02
2.200000000000000000e+03 4.879904608724834614e-02
2.201000000000000000e+03 4.889602863699420154e-02
2.202000000000000000e+03 4.901083138233222614e-02
2.203000000000000000e+03 4.914287204418195387e-02
2.204000000000000000e+03 4.929141197083998505e-02
2.205000000000000000e+03 4.945556496206419961e-02
2.206000000000000000e+03 4.963432484934235389e-02
2.207000000000000000e+03 4.982657348160882821e-02
2.208000000000000000e+03 5.003110083725142987e-02
2.209000000000000000e+03 5.024661680181349843e-02
2.210000000000000000e+03 5.047176082797487362e-02
2.211000000000000000e+03 5.070511467882204970e-02
2.212000000000000000e+03 5.094520534909348364e-02
2.213000000000000000e+03 5.119051555461359704e-02
2.214000000000000000e+03 5.143951066003603356e-02
2.215000000000000000e+03 5.169065233441279272e-02
2.216000000000000000e+03 5.194243683480646856e-02
2.217000000000000000e+03 5.219343287845697177e-02
2.218000000000000000e+03 5.244232652936733907e-02
2.219000000000000000e+03 5.268795877381764192e-02
2.220000000000000000e+03 5.292935952577813852e-02
2.221000000000000000e+03 5.316577701129417827e-02
2.222000000000000000e+03 5.339667247007796186e-02
2.223000000000000000e+03 5.362170096397900210e-02
2.224000000000000000e+03 5.384066720701462250e-02
2.225000000000000000e+03 5.405345817672271846e-02
2.226000000000000000e+03 5.425998622874559502e-02
2.227000000000000000e+03 5.446011205571005265e-02
2.228000000000000000e+03 5.465357580130039694e-02
2.229000000000000000e+03 5.483996003073156322e-02
2.230000000000000000e+03 5.501867525857507407e-02
2.231000000000000000e+03 5.518897373343339963e-02
2.232000000000000000e+03 5.534996003954775756e-02
2.233000000000000000e+03 5.550062330565466717e-02
2.234000000000000000e+03 5.563989739039722909e-02
2.235000000000000000e+03 5.576673406003423289e-02
2.236000000000000000e+03 5.588016574866293273e-02
2.237000000000000000e+03 5.597936530100057484e-02
2.238000000000000000e+03 5.606369726119779517e-02
2.239000000000000000e+03 5.613276607163106280e-02
2.240000000000000000e+03 5.618643998677646384e-02
2.241000000000000000e+03 5.622486816059683867e-02
2.242000000000000000e+03 5.624849309236364114e-02
2.243000000000000000e+03 5.625803750764894751e-02
2.244000000000000000e+03 5.625448374816223451e-02
2.245000000000000000e+03 5.623905211941476745e-02
2.246000000000000000e+03 5.621318190134937109e-02
2.247000000000000000e+03 5.617848845731557295e-02
2.248000000000000000e+03 5.613673231033984579e-02
2.249000000000000000e+03 5.608977510372360753e-02
2.250000000000000000e+03 5.603954813389992046e-02
2.251000000000000000e+03 5.598800662008459467e-02
2.252000000000000000e+03 5.593708283233206346e-02
2.253000000000000000e+03 5.588865168293172259e-02
2.254000000000000000e+03 5.584448810652978268e-02
2.255000000000000000e+03 5.580623516046581689e-02
2.256000000000000000e+03 5.577537371116111919e-02
2.257000000000000000e+03 5.575320046353809955e-02
2.258000000000000000e+03 5.574080230869350727e-02
2.259000000000000000e+03 5.573902226460113185e-02
2.260000000000000000e+03 5.574844711553542803e-02
2.261000000000000000e+03 5.576940240108034519e-02
2.262000000000000000e+03 5.580194559876622273e-02
2.263000000000000000e+03 5.584586881460712471e-02
2.264000000000000000e+03 5.590070673424076680e-02
2.265000000000000000e+03 5.596574832450647297e-02
2.266000000000000000e+03 5.604007422349537026e-02
2.267000000000000000e+03 5.612258211403473723e-02
2.268000000000000000e+03 5.621203431426007036e-02
2.269000000000000000e+03 5.630711379257063998e-02
2.270000000000000000e+03 5.640646085129744081e-02
2.271000000000000000e+03 5.650873164935818482e-02
2.272000000000000000e+03 5.661263419911823774e-02
2.273000000000000000e+03 5.671695610008745114e-02
2.274000000000000000e+03 5.682059894718678728e-02
2.275000000000000000e+03 5.692259588473050358e-02
2.276000000000000000e+03 5.702213327348611138e-02
2.277000000000000000e+03 5.711854495324006353e-02
2.278000000000000000e+03 5.721130273272784228e-02
2.279000000000000000e+03 5.730000494954193280e-02
2.280000000000000000e+03 5.738436819265679834e-02
2.281000000000000000e+03 5.746421788074021486e-02
2.282000000000000000e+03 5.753946722133775754e-02
2.283000000000000000e+03 5.761011356000282635e-02
2.284000000000000000e+03 5.767622437947396430e-02
2.285000000000000000e+03 5.773794081700449332e-02
2.286000000000000000e+03 5.779547072073294711e-02
2.287000000000000000e+03 5.784909132618443195e-02
2.288000000000000000e+03 5.789915087223480861e-02
2.289000000000000000e+03 5.794606171900505698e-02
2.290000000000000000e+03 5.799029695834111153e-02
2.291000000000000000e+03 5.803238174625290069e-02
2.292000000000000000e+03 5.807286942827726006e-02
2.293000000000000000e+03 5.811231620998802416e-02
2.294000000000000000e+03 5.815126686874823314e-02
2.295000000000000000e+03 5.819023251373908051e-02
2.296000000000000000e+03 5.822965676367208854e-02
2.297000000000000000e+03 5.826990201149372106e-02
2.298000000000000000e+03 5.831122969244367793e-02
2.299000000000000000e+03 5.835378691514737926e-02
2.300000000000000000e+03 5.839760161103245417e-02
2.301000000000000000e+03 5.844257953835034491e-02
2.302000000000000000e+03 5.848850781902070750e-02
2.303000000000000000e+03 5.853506217854673177e-02
2.304000000000000000e+03 5.858181662750285013e-02
2.305000000000000000e+03 5.862824022258521228e-02
2.306000000000000000e+03 5.867370139705448129e-02
2.307000000000000000e+03 5.871747867505248963e-02
2.308000000000000000e+03 5.875877384037108547e-02
2.309000000000000000e+03 5.879670942329616457e-02
2.310000000000000000e+03 5.883034697119025186e-02
2.311000000000000000e+03 5.885870331447914244e-02
2.312000000000000000e+03 5.888077699331699388e-02
2.313000000000000000e+03 5.889557593631257471e-02
2.314000000000000000e+03 5.890214332654512136e-02
2.315000000000000000e+03 5.889957250795116450e-02
2.316000000000000000e+03 5.888705167293191434e-02
2.317000000000000000e+03 5.886389386844030625e-02
2.318000000000000000e+03 5.882956300396878502e-02
2.319000000000000000e+03 5.878369899330015969e-02
2.320000000000000000e+03 5.872612625886172028e-02
2.321000000000000000e+03 5.865686690214760857e-02
2.322000000000000000e+03 5.857614684337064670e-02
2.323000000000000000e+03 5.848439774700162769e-02
2.324000000000000000e+03 5.838224726361862515e-02
2.325000000000000000e+03 5.827050407083977923e-02
2.326000000000000000e+03 5.815013952117689677e-02
2.327000000000000000e+03 5.802226649394721936e-02
2.328000000000000000e+03 5.788811427004572630e-02
2.329000000000000000e+03 5.774899915205480155e-02
2.330000000000000000e+03 5.760628514405047307e-02
2.331000000000000000e+03 5.746135891593411732e-02
2.332000000000000000e+03 5.731560429242089916e-02
2.333000000000000000e+03 5.717036584150075179e-02
2.334000000000000000e+03 5.702691886693346535e-02
2.335000000000000000e+03 5.688645024659187699e-02
2.336000000000000000e+03 5.675003769546328736e-02
2.337000000000000000e+03 5.661864115481991117e-02
2.338000000000000000e+03 5.649307548275452062e-02
2.339000000000000000e+03 5.637400192981666114e-02
2.340000000000000000e+03 5.626193403563325979e-02
2.341000000000000000e+03 5.615724372736664860e-02
2.342000000000000000e+03 5.606017648730864111e-02
2.343000000000000000e+03 5.597085972679473331e-02
2.344000000000000000e+03 5.588931608070242529e-02
2.345000000000000000e+03 5.581549336123839411e-02
2.346000000000000000e+03 5.574928562035235541e-02
2.347000000000000000e+03 5.569055707254974563e-02
2.348000000000000000e+03 5.563916791391237959e-02
2.349000000000000000e+03 5.559498995484744854e-02
2.350000000000000000e+03 5.555791850324921094e-02
2.351000000000000000e+03 5.552788264389159345e-02
2.352000000000000000e+03 5.550484484924320117e-02
2.353000000000000000e+03 5.548879808609265274e-02
2.354000000000000000e+03 5.547976910543270940e-02
2.355000000000000000e+03 5.547780462967182025e-02
2.356000000000000000e+03 5.548297427654445835e-02
2.357000000000000000e+03 5.549534668464270459e-02
2.358000000000000000e+03 5.551498231288902463e-02
2.359000000000000000e+03 5.554191269065844594e-02
2.360000000000000000e+03 5.557612293361707811e-02
2.361000000000000000e+03 5.561756139108016417e-02
2.362000000000000000e+03 5.566614295908477866e-02
2.363000000000000000e+03 5.572174055422852296e-02
2.364000000000000000e+03 5.578419657384490332e-02
2.365000000000000000e+03 5.585333963235499660e-02
2.366000000000000000e+03 5.592899871735816653e-02
2.367000000000000000e+03 5.601101256735492584e-02
2.368000000000000000e+03 5.609923186515291399e-02
2.369000000000000000e+03 5.619352644915782263e-02
2.370000000000000000e+03 5.629378026226111720e-02
2.371000000000000000e+03 5.639987604824157202e-02
2.372000000000000000e+03 5.651169316122401504e-02
2.373000000000000000e+03 5.662909219631062641e-02
2.374000000000000000e+03 5.675190381904784975e-02
2.375000000000000000e+03 5.687992507472998394e-02
2.376000000000000000e+03 5.701291468387541250e-02
2.377000000000000000e+03 5.715060662651505474e-02
2.378000000000000000e+03 5.729272181334934405e-02
2.379000000000000000e+03 5.743897955599003985e-02
2.380000000000000000e+03 5.758910903375419332e-02
2.381000000000000000e+03 5.774285294070884839e-02
2.382000000000000000e+03 5.789998642857283745e-02
2.383000000000000000e+03 5.806030455102034749e-02
2.384000000000000000e+03 5.822361634909876266e-02
2.385000000000000000e+03 5.838974199094628531e-02
2.386000000000000000e+03 5.855850051613706309e-02
2.387000000000000000e+03 5.872969556039323025e-02
2.388000000000000000e+03 5.890309155621609172e-02
2.389000000000000000e+03 5.907839855794988493e-02
2.390000000000000000e+03 5.925526211304007335e-02
2.391000000000000000e+03 5.943325174338325023e-02
2.392000000000000000e+03 5.961186575361054202e-02
2.393000000000000000e+03 5.979055059910258485e-02
2.394000000000000000e+03 5.996871752873268735e-02
2.395000000000000000e+03 6.014576277391769921e-02
2.396000000000000000e+03 6.032108846685881737e-02
2.397000000000000000e+03 6.049411739048464465e-02
2.398000000000000000e+03 6.066430605250662522e-02
2.399000000000000000e+03 6.083115391134195915e-02
2.400000000000000000e+03 6.099419807237226737e-02
2.401000000000000000e+03 6.115299770256500678e-02
2.402000000000000000e+03 6.130710660128957379e-02
2.403000000000000000e+03 6.145606160556683212e-02
2.404000000000000000e+03 6.159936538405985651e-02
2.405000000000000000e+03 6.173647122311803903e-02
2.406000000000000000e+03 6.186678285131130828e-02
2.407000000000000000e+03 6.198965321389148658e-02
2.408000000000000000e+03 6.210440075404197180e-02
2.409000000000000000e+03 6.221032629724210922e-02
2.410000000000000000e+03 6.230673303574087163e-02
2.411000000000000000e+03 6.239296287220585935e-02
2.412000000000000000e+03 6.246842708583200815e-02
2.413000000000000000e+03 6.253262703757998808e-02
2.414000000000000000e+03 6.258518886670001724e-02
2.415000000000000000e+03 6.262589293001030732e-02
2.416000000000000000e+03 6.265470126815195218e-02
2.417000000000000000e+03 6.267179261864344597e-02
2.418000000000000000e+03 6.267759182771569237e-02
2.419000000000000000e+03 6.267277770139378923e-02
2.420000000000000000e+03 6.265830035617450666e-02
2.421000000000000000e+03 6.263537695787119164e-02
2.422000000000000000e+03 6.260547820676881647e-02
2.423000000000000000e+03 6.257032044904756174e-02
2.424000000000000000e+03 6.253183621807256731e-02
2.425000000000000000e+03 6.249213094981595495e-02
2.426000000000000000e+03 6.245342794848757206e-02
2.427000000000000000e+03 6.241801454721458003e-02
2.428000000000000000e+03 6.238819713823487434e-02
2.429000000000000000e+03 6.236624378885180509e-02
2.430000000000000000e+03 6.235432433403315100e-02
2.431000000000000000e+03 6.235446180714797337e-02
2.432000000000000000e+03 6.236849360087465960e-02
2.433000000000000000e+03 6.239802948022721979e-02
2.434000000000000000e+03 6.244442448204927387e-02
2.435000000000000000e+03 6.250874488047397648e-02
2.436000000000000000e+03 6.259175665346269901e-02
2.437000000000000000e+03 6.269389521546028798e-02
2.438000000000000000e+03 6.281526470802548112e-02
2.439000000000000000e+03 6.295564965823220727e-02
2.440000000000000000e+03 6.311451826601421899e-02
2.441000000000000000e+03 6.329103798088195343e-02
2.442000000000000000e+03 6.348410655409081338e-02
2.443000000000000000e+03 6.369237709888705967e-02
2.444000000000000000e+03 6.391429779060814331e-02
2.445000000000000000e+03 6.414816019408159375e-02
2.446000000000000000e+03 6.439213663525053533e-02
2.447000000000000000e+03 6.464433998815372062e-02
2.448000000000000000e+03 6.490288427109597302e-02
2.449000000000000000e+03 6.516592035878300548e-02
2.450000000000000000e+03 6.543168727138476415e-02
2.451000000000000000e+03 6.569854970825481089e-02
2.452000000000000000e+03 6.596503158644798082e-02
2.453000000000000000e+03 6.622984305626802848e-02
2.454000000000000000e+03 6.649189182448958513e-02
2.455000000000000000e+03 6.675029616790728593e-02
2.456000000000000000e+03 6.700436426221741126e-02
2.457000000000000000e+03 6.725360021025957036e-02
2.458000000000000000e+03 6.749768769422502535e-02
2.459000000000000000e+03 6.773646245176601077e-02
2.460000000000000000e+03 6.796989173735049072e-02
2.461000000000000000e+03 6.819803970164620144e-02
2.462000000000000000e+03 6.842104283685948585e-02
2.463000000000000000e+03 6.863907228067356314e-02
2.464000000000000000e+03 6.885230232169166353e-02
2.465000000000000000e+03 6.906087328313105511e-02
2.466000000000000000e+03 6.926486202019874194e-02
2.467000000000000000e+03 6.946424998995588684e-02
2.468000000000000000e+03 6.965890959627053791e-02
2.469000000000000000e+03 6.984858521868875236e-02
2.470000000000000000e+03 7.003287851694267596e-02
2.471000000000000000e+03 7.021124528529043562e-02
2.472000000000000000e+03 7.038299433191849697e-02
2.473000000000000000e+03 7.054730288881697065e-02
2.474000000000000000e+03 7.070323438335979205e-02
2.475000000000000000e+03 7.084976902556923417e-02
2.476000000000000000e+03 7.098583913939310319e-02
2.477000000000000000e+03 7.111037292159774759e-02
2.478000000000000000e+03 7.122233271077339778e-02
2.479000000000000000e+03 7.132075794375870859e-02
2.480000000000000000e+03 7.140480905235729869e-02
2.481000000000000000e+03 7.147379068537065838e-02
2.482000000000000000e+03 7.152717960395442443e-02
2.483000000000000000e+03 7.156463501599479027e-02
2.484000000000000000e+03 7.158599739098851777e-02
2.485000000000000000e+03 7.159127998413226945e-02
2.486000000000000000e+03 7.158065651607892210e-02
2.487000000000000000e+03 7.155444535353625013e-02
2.488000000000000000e+03 7.151308216072262136e-02
2.489000000000000000e+03 7.145709074606293454e-02
2.490000000000000000e+03 7.138706790551721526e-02
2.491000000000000000e+03 7.130364930607538398e-02
2.492000000000000000e+03 7.120749468715983910e-02
2.493000000000000000e+03 7.109927989593334274e-02
2.494000000000000000e+03 7.097967535526761296e-02
2.495000000000000000e+03 7.084932783215114327e-02
2.496000000000000000e+03 7.070886791807973193e-02
2.497000000000000000e+03 7.055890113461617263e-02
2.498000000000000000e+03 7.040000246252531291e-02
2.499000000000000000e+03 7.023272569186790604e-02
2.500000000000000000e+03 7.005759885122977981e-02
2.501000000000000000e+03 6.987512281309249396e-02
2.502000000000000000e+03 6.968576800765087509e-02
2.503000000000000000e+03 6.948996851212156656e-02
2.504000000000000000e+03 6.928813763629340650e-02
2.505000000000000000e+03 6.908066108303449748e-02
2.506000000000000000e+03 6.886790209942619811e-02
2.507000000000000000e+03 6.865018810803212579e-02
2.508000000000000000e+03 6.842781855754927200e-02
2.509000000000000000e+03 6.820106205157694390e-02
2.510000000000000000e+03 6.797016136984070089e-02
2.511000000000000000e+03 6.773533837504350230e-02
2.512000000000000000e+03 6.749680412339864599e-02
2.513000000000000000e+03 6.725477041574122461e-02
2.514000000000000000e+03 6.700945733951028938e-02
2.515000000000000000e+03 6.676110406813626219e-02
2.516000000000000000e+03 6.650997234826622195e-02
2.517000000000000000e+03 6.625635782807175189e-02
2.518000000000000000e+03 6.600059194860946610e-02
2.519000000000000000e+03 6.574304402031022621e-02
2.520000000000000000e+03 6.548412028903330406e-02
2.521000000000000000e+03 6.522425597015085730e-02
2.522000000000000000e+03 6.496390887356293109e-02
2.523000000000000000e+03 6.470355657030954499e-02
2.524000000000000000e+03 6.444367222501301562e-02
2.525000000000000000e+03 6.418472702273392283e-02
2.526000000000000000e+03 6.392716772904619149e-02
2.527000000000000000e+03 6.367139968641560843e-02
2.528000000000000000e+03 6.341778069853451494e-02
2.529000000000000000e+03 6.316661717116969776e-02
2.530000000000000000e+03 6.291814324065572728e-02
2.531000000000000000e+03 6.267252590042377003e-02
2.532000000000000000e+03 6.242985637950342059e-02
2.533000000000000000e+03 6.219015383303275191e-02
2.534000000000000000e+03 6.195338162840599572e-02
2.535000000000000000e+03 6.171944892939797145e-02
2.536000000000000000e+03 6.148822837380080175e-02
2.537000000000000000e+03 6.125956712380603575e-02
2.538000000000000000e+03 6.103330090137636804e-02
2.539000000000000000e+03 6.080927100666036478e-02
2.540000000000000000e+03 6.058734130198038803e-02
2.541000000000000000e+03 6.036741349579219373e-02
2.542000000000000000e+03 6.014943806193971676e-02
2.543000000000000000e+03 5.993342949298480216e-02
2.544000000000000000e+03 5.971947630243815142e-02
2.545000000000000000e+03 5.950775230148613870e-02
2.546000000000000000e+03 5.929851277025253303e-02
2.547000000000000000e+03 5.909209339786654358e-02
2.548000000000000000e+03 5.888889704075891268e-02
2.549000000000000000e+03 5.868937663787319320e-02
2.550000000000000000e+03 5.849401182741693905e-02
2.551000000000000000e+03 5.830327648978308325e-02
2.552000000000000000e+03 5.811760458260196993e-02
2.553000000000000000e+03 5.793735918888655995e-02
2.554000000000000000e+03 5.776280860357533437e-02
2.555000000000000000e+03 5.759409500144261479e-02
2.556000000000000000e+03 5.743122274421889883e-02
2.557000000000000000e+03 5.727405487621772123e-02
2.558000000000000000e+03 5.712232717592553854e-02
2.559000000000000000e+03 5.697566281560974277e-02
2.560000000000000000e+03 5.683359379014901736e-02
2.561000000000000000e+03 5.669559600029226709e-02
2.562000000000000000e+03 5.656111796986028339e-02
2.563000000000000000e+03 5.642961712382841416e-02
2.564000000000000000e+03 5.630059801640290018e-02
2.565000000000000000e+03 5.617363052260437167e-02
2.566000000000000000e+03 5.604837062382052315e-02
2.567000000000000000e+03 5.592456359747674521e-02
2.568000000000000000e+03 5.580204550352751980e-02
2.569000000000000000e+03 5.568072746012079494e-02
2.570000000000000000e+03 5.556057575949344129e-02
2.571000000000000000e+03 5.544158309130042817e-02
2.572000000000000000e+03 5.532375709990501600e-02
2.573000000000000000e+03 5.520709657457005537e-02
2.574000000000000000e+03 5.509157124773750996e-02
2.575000000000000000e+03 5.497712137451837844e-02
2.576000000000000000e+03 5.486364125820292204e-02
2.577000000000000000e+03 5.475097510977872117e-02
2.578000000000000000e+03 5.463892606988587225e-02
2.579000000000000000e+03 5.452728280063635913e-02
2.580000000000000000e+03 5.441582904356354056e-02
2.581000000000000000e+03 5.430435387115178925e-02
2.582000000000000000e+03 5.419267633410614071e-02
2.583000000000000000e+03 5.408066507027954606e-02
2.584000000000000000e+03 5.396824632713048686e-02
2.585000000000000000e+03 5.385541615649968444e-02
2.586000000000000000e+03 5.374225441411972781e-02
2.587000000000000000e+03 5.362892922344053570e-02
2.588000000000000000e+03 5.351570198192229927e-02
2.589000000000000000e+03 5.340292028910810507e-02
2.590000000000000000e+03 5.329100396565075726e-02
2.591000000000000000e+03 5.318042828258959936e-02
2.592000000000000000e+03 5.307170376782804205e-02
2.593000000000000000e+03 5.296535662416981122e-02
2.594000000000000000e+03 5.286189335261191891e-02
2.595000000000000000e+03 5.276178114564425425e-02
2.596000000000000000e+03 5.266542477201086037e-02
2.597000000000000000e+03 5.257315491194154700e-02
2.598000000000000000e+03 5.248523064738180866e-02
2.599000000000000000e+03 5.240183712661120041e-02
2.600000000000000000e+03 5.232308905978279995e-02
2.601000000000000000e+03 5.224905550547734312e-02
2.602000000000000000e+03 5.217979181768100244e-02
2.603000000000000000e+03 5.211535749551932800e-02
2.604000000000000000e+03 5.205585101228675515e-02
2.605000000000000000e+03 5.200143899286342741e-02
2.606000000000000000e+03 5.195237008398145839e-02
2.607000000000000000e+03 5.190898303208477116e-02
2.608000000000000000e+03 5.187169912542780037e-02
2.609000000000000000e+03 5.184101953353387887e-02
2.610000000000000000e+03 5.181751364036336904e-02
2.611000000000000000e+03 5.180179513611084946e-02
2.612000000000000000e+03 5.179448673754918214e-02
2.613000000000000000e+03 5.179618854824440122e-02
2.614000000000000000e+03 5.180746551291938451e-02
2.615000000000000000e+03 5.182880100118636424e-02
2.616000000000000000e+03 5.186058869700389123e-02
2.617000000000000000e+03 5.190311854979090533e-02
2.618000000000000000e+03 5.195656812891798898e-02
2.619000000000000000e+03 5.202101194747087154e-02
2.620000000000000000e+03 5.209641457470720605e-02
2.621000000000000000e+03 5.218265964250765054e-02
2.622000000000000000e+03 5.227956711865974770e-02
2.623000000000000000e+03 5.238691397440545239e-02
2.624000000000000000e+03 5.250445228952368981e-02
2.625000000000000000e+03 5.263192662044043069e-02
2.626000000000000000e+03 5.276909829910304828e-02
2.627000000000000000e+03 5.291574805999788716e-02
2.628000000000000000e+03 5.307167353768318940e-02
2.629000000000000000e+03 5.323668267897140038e-02
2.630000000000000000e+03 5.341058364423395544e-02
2.631000000000000000e+03 5.359315588694329308e-02
2.632000000000000000e+03 5.378413119175668583e-02
2.633000000000000000e+03 5.398317881104613969e-02
2.634000000000000000e+03 5.418988015860461832e-02
2.635000000000000000e+03 5.440372850427728502e-02
2.636000000000000000e+03 5.462412996628061151e-02
2.637000000000000000e+03 5.485041216425717847e-02
2.638000000000000000e+03 5.508183244659451555e-02
2.639000000000000000e+03 5.531759982220667976e-02
2.640000000000000000e+03 5.555690853065389095e-02
2.641000000000000000e+03 5.579896478200944282e-02
2.642000000000000000e+03 5.604300367335933453e-02
2.643000000000000000e+03 5.628832045398794726e-02
2.644000000000000000e+03 5.653428932185210198e-02
2.645000000000000000e+03 5.678037371603440048e-02
2.646000000000000000e+03 5.702612871643702314e-02
2.647000000000000000e+03 5.727118936133697435e-02
2.648000000000000000e+03 5.751526454716975739e-02
2.649000000000000000e+03 5.775812078547180872e-02
2.650000000000000000e+03 5.799954027255221911e-02
2.651000000000000000e+03 5.823930763050085002e-02
2.652000000000000000e+03 5.847719331561129080e-02
2.653000000000000000e+03 5.871293066019029477e-02
2.654000000000000000e+03 5.894620311600578394e-02
2.655000000000000000e+03 5.917663183035488939e-02
2.656000000000000000e+03 5.940378968845932972e-02
2.657000000000000000e+03 5.962720533755880292e-02
2.658000000000000000e+03 5.984637690690665368e-02
2.659000000000000000e+03 6.006078675306451842e-02
2.660000000000000000e+03 6.026993329790233944e-02
2.661000000000000000e+03 6.047335483266034345e-02
2.662000000000000000e+03 6.067065062727014513e-02
2.663000000000000000e+03 6.086151020941062834e-02
2.664000000000000000e+03 6.104573132893728604e-02
2.665000000000000000e+03 6.122322378876170201e-02
2.666000000000000000e+03 6.139401821865065473e-02
2.667000000000000000e+03 6.155825523499516144e-02
2.668000000000000000e+03 6.171615942033432251e-02
2.669000000000000000e+03 6.186801661862442042e-02
2.670000000000000000e+03 6.201414833009288169e-02
2.671000000000000000e+03 6.215486262734017109e-02
2.672000000000000000e+03 6.229041806467789516e-02
2.673000000000000000e+03 6.242098922544439543e-02
2.674000000000000000e+03 6.254663956909499445e-02
2.675000000000000000e+03 6.266730184553272187e-02
2.676000000000000000e+03 6.278276869412602323e-02
2.677000000000000000e+03 6.289267942092369168e-02
2.678000000000000000e+03 6.299652163385821568e-02
2.679000000000000000e+03 6.309365544651548974e-02
2.680000000000000000e+03 6.318332234859708185e-02
2.681000000000000000e+03 6.326466824612846096e-02
2.682000000000000000e+03 6.333678258314820453e-02
2.683000000000000000e+03 6.339872163415387341e-02
2.684000000000000000e+03 6.344954103734332107e-02
2.685000000000000000e+03 6.348833888489052724e-02
2.686000000000000000e+03 6.351428470451456199e-02
2.687000000000000000e+03 6.352664599666618672e-02
2.688000000000000000e+03 6.352482561888544987e-02
2.689000000000000000e+03 6.350839545948908094e-02
2.690000000000000000e+03 6.347711888541926473e-02
2.691000000000000000e+03 6.343097315033102701e-02
2.692000000000000000e+03 6.337017940094727408e-02
2.693000000000000000e+03 6.329521355991379883e-02
2.694000000000000000e+03 6.320682486763300190e-02
2.695000000000000000e+03 6.310603067770030605e-02
2.696000000000000000e+03 6.299410748474250366e-02
2.697000000000000000e+03 6.287257388311870421e-02
2.698000000000000000e+03 6.274315600296327677e-02
2.699000000000000000e+03 6.260774016544176646e-02
2.700000000000000000e+03 6.246833559679413478e-02
2.701000000000000000e+03 6.232699933862873021e-02
2.702000000000000000e+03 6.218577908953935862e-02
2.703000000000000000e+03 6.204664581036631321e-02
2.704000000000000000e+03 6.191142070990106328e-02
2.705000000000000000e+03 6.178172960769582472e-02
2.706000000000000000e+03 6.165896906918546388e-02
2.707000000000000000e+03 6.154427668748449487e-02
2.708000000000000000e+03 6.143851199833190446e-02
2.709000000000000000e+03 6.134226151183842790e-02
2.710000000000000000e+03 6.125585362901687925e-02
2.711000000000000000e+03 6.117937237389277361e-02
2.712000000000000000e+03 6.111270087541880586e-02
2.713000000000000000e+03 6.105555009211080519e-02
2.714000000000000000e+03 6.100749115374794196e-02
2.715000000000000000e+03 6.096798916164573867e-02
2.716000000000000000e+03 6.093643587891776209e-02
2.717000000000000000e+03 6.091217831735756122e-02
2.718000000000000000e+03 6.089453383434746681e-02
2.719000000000000000e+03 6.088280178767224715e-02
2.720000000000000000e+03 6.087627468181588258e-02
2.721000000000000000e+03 6.087424239068813664e-02
2.722000000000000000e+03 6.087598357277697325e-02
2.723000000000000000e+03 6.088075504462500676e-02
2.724000000000000000e+03 6.088779463270238557e-02
2.725000000000000000e+03 6.089630629826596475e-02
2.726000000000000000e+03 6.090544882072487093e-02
2.727000000000000000e+03 6.091434891738350954e-02
2.728000000000000000e+03 6.092210059448832649e-02
2.729000000000000000e+03 6.092776032512441098e-02
2.730000000000000000e+03 6.093036246399395617e-02
2.731000000000000000e+03 6.092894530040472711e-02
2.732000000000000000e+03 6.092257657638706914e-02
2.733000000000000000e+03 6.091038804757051284e-02
2.734000000000000000e+03 6.089162281274566879e-02
2.735000000000000000e+03 6.086566964772725796e-02
2.736000000000000000e+03 6.083209201813669781e-02
2.737000000000000000e+03 6.079065781884714081e-02
2.738000000000000000e+03 6.074136350716811961e-02
2.739000000000000000e+03 6.068442942432512865e-02
2.740000000000000000e+03 6.062027442360226615e-02
2.741000000000000000e+03 6.054948360063357182e-02
2.742000000000000000e+03 6.047278184097384240e-02
2.743000000000000000e+03 6.039099576855259249e-02
2.744000000000000000e+03 6.030500937210307721e-02
2.745000000000000000e+03 6.021571901466445803e-02
2.746000000000000000e+03 6.012402308008792107e-02
2.747000000000000000e+03 6.003080812053908366e-02
2.748000000000000000e+03 5.993694261009753499e-02
2.749000000000000000e+03 5.984327359061164531e-02
2.750000000000000000e+03 5.975062741480286627e-02
2.751000000000000000e+03 5.965981583666118970e-02
2.752000000000000000e+03 5.957163218912850389e-02
2.753000000000000000e+03 5.948686168967397270e-02
2.754000000000000000e+03 5.940627485482757875e-02
2.755000000000000000e+03 5.933063915090763113e-02
2.756000000000000000e+03 5.926070998435427339e-02
2.757000000000000000e+03 5.919721953465292841e-02
2.758000000000000000e+03 5.914088511877572951e-02
2.759000000000000000e+03 5.909239896213162868e-02
2.760000000000000000e+03 5.905241764739347504e-02
2.761000000000000000e+03 5.902154581110641285e-02
2.762000000000000000e+03 5.900033326327852601e-02
2.763000000000000000e+03 5.898926120414230839e-02
2.764000000000000000e+03 5.898872093771657943e-02
2.765000000000000000e+03 5.899899417666026880e-02
2.766000000000000000e+03 5.902023985175690324e-02
2.767000000000000000e+03 5.905247837993886362e-02
2.768000000000000000e+03 5.909557482770137066e-02
2.769000000000000000e+03 5.914922278117897003e-02
2.770000000000000000e+03 5.921293201426987285e-02
2.771000000000000000e+03 5.928601022878084853e-02
2.772000000000000000e+03 5.936756000926794730e-02
2.773000000000000000e+03 5.945648462741572049e-02
2.774000000000000000e+03 5.955149533547050150e-02
2.775000000000000000e+03 5.965112212679082870e-02
2.776000000000000000e+03 5.975375179784049584e-02
2.777000000000000000e+03 5.985765365593227749e-02
2.778000000000000000e+03 5.996102377273521827e-02
2.779000000000000000e+03 6.006202618550029321e-02
2.780000000000000000e+03 6.015884910074950631e-02
2.781000000000000000e+03 6.024976152448404537e-02
2.782000000000000000e+03 6.033316187289731319e-02
2.783000000000000000e+03 6.040763439806329238e-02
2.784000000000000000e+03 6.047199059431081908e-02
2.785000000000000000e+03 6.052531741490060901e-02
2.786000000000000000e+03 6.056701164085668415e-02
2.787000000000000000e+03 6.059680748735400690e-02
2.788000000000000000e+03 6.061478327472225036e-02
2.789000000000000000e+03 6.062136550487925296e-02
2.790000000000000000e+03 6.061730762113982929e-02
2.791000000000000000e+03 6.060366835135390373e-02
2.792000000000000000e+03 6.058177672503299582e-02
2.793000000000000000e+03 6.055318797936269648e-02
2.794000000000000000e+03 6.051963326856642927e-02
2.795000000000000000e+03 6.048297402418514879e-02
2.796000000000000000e+03 6.044514698567850230e-02
2.797000000000000000e+03 6.040810888586695127e-02
2.798000000000000000e+03 6.037378762237276958e-02
2.799000000000000000e+03 6.034403669458020258e-02
2.800000000000000000e+03 6.032060354136635494e-02
2.801000000000000000e+03 6.030510617933412115e-02
2.802000000000000000e+03 6.029899348447634311e-02
2.803000000000000000e+03 6.030353543899220209e-02
2.804000000000000000e+03 6.031981122709015319e-02
2.805000000000000000e+03 6.034871811658040763e-02
2.806000000000000000e+03 6.039095640138511523e-02
2.807000000000000000e+03 6.044703538235293022e-02
2.808000000000000000e+03 6.051728034321755822e-02
2.809000000000000000e+03 6.060182737256446239e-02
2.810000000000000000e+03 6.070064015583223616e-02
2.811000000000000000e+03 6.081349133719668454e-02
2.812000000000000000e+03 6.093998154746856077e-02
2.813000000000000000e+03 6.107954796072709303e-02
2.814000000000000000e+03 6.123148719723236350e-02
2.815000000000000000e+03 6.139495949403634550e-02
2.816000000000000000e+03 6.156902029472701571e-02
2.817000000000000000e+03 6.175265502974492532e-02
2.818000000000000000e+03 6.194480079330007966e-02
2.819000000000000000e+03 6.214437488498740503e-02
2.820000000000000000e+03 6.235030854123659733e-02
2.821000000000000000e+03 6.256157517177081406e-02
2.822000000000000000e+03 6.277719596742663277e-02
2.823000000000000000e+03 6.299626242226466499e-02
2.824000000000000000e+03 6.321793487441823567e-02
2.825000000000000000e+03 6.344142899030796867e-02
2.826000000000000000e+03 6.366600230460879584e-02
2.827000000000000000e+03 6.389094462347363890e-02
2.828000000000000000e+03 6.411555782396824443e-02
2.829000000000000000e+03 6.433914630397849499e-02
2.830000000000000000e+03 6.456099743727368445e-02
2.831000000000000000e+03 6.478036215174232115e-02
2.832000000000000000e+03 6.499645954284719029e-02
2.833000000000000000e+03 6.520847997488082859e-02
2.834000000000000000e+03 6.541557954429569333e-02
2.835000000000000000e+03 6.561688958444973629e-02
2.836000000000000000e+03 6.581152644671262042e-02
2.837000000000000000e+03 6.599859834878377129e-02
2.838000000000000000e+03 6.617722856438440493e-02
2.839000000000000000e+03 6.634655655517118777e-02
2.840000000000000000e+03 6.650575555034854425e-02
2.841000000000000000e+03 6.665405411027013061e-02
2.842000000000000000e+03 6.679074932761622230e-02
2.843000000000000000e+03 6.691522231348397132e-02
2.844000000000000000e+03 6.702694806292326668e-02
2.845000000000000000e+03 6.712549972448056401e-02
2.846000000000000000e+03 6.721055076062078248e-02
2.847000000000000000e+03 6.728187350539600875e-02
2.848000000000000000e+03 6.733932937871524305e-02
2.849000000000000000e+03 6.738285721263662098e-02
2.850000000000000000e+03 6.741245317286806427e-02
2.851000000000000000e+03 6.742814559491849824e-02
2.852000000000000000e+03 6.742997621547552889e-02
2.853000000000000000e+03 6.741796102304237204e-02
2.854000000000000000e+03 6.739208341732128016e-02
2.855000000000000000e+03 6.735228555197945999e-02
2.856000000000000000e+03 6.729846841726340456e-02
2.857000000000000000e+03 6.723048696664134238e-02
2.858000000000000000e+03 6.714815662777165461e-02
2.859000000000000000e+03 6.705127040687022810e-02
2.860000000000000000e+03 6.693962562055155718e-02
2.861000000000000000e+03 6.681305636546708282e-02
2.862000000000000000e+03 6.667145939792744336e-02
2.863000000000000000e+03 6.651482982599882243e-02
2.864000000000000000e+03 6.634327988465996140e-02
2.865000000000000000e+03 6.615706226084921981e-02
2.866000000000000000e+03 6.595658865791563519e-02
2.867000000000000000e+03 6.574244878705250150e-02
2.868000000000000000e+03 6.551541300634954046e-02
2.869000000000000000e+03 6.527642259135041369e-02
2.870000000000000000e+03 6.502657015756087289e-02
2.871000000000000000e+03 6.476707365775391523e-02
2.872000000000000000e+03 6.449922961933031440e-02
2.873000000000000000e+03 6.422437078576803682e-02
2.874000000000000000e+03 6.394382890581383483e-02
2.875000000000000000e+03 6.365888561742794050e-02
2.876000000000000000e+03 6.337074702375422586e-02
2.877000000000000000e+03 6.308053919843178980e-02
2.878000000000000000e+03 6.278929865689840406e-02
2.879000000000000000e+03 6.249798442007069993e-02
2.880000000000000000e+03 6.220750759724136270e-02
2.881000000000000000e+03 6.191874919087184820e-02
2.882000000000000000e+03 6.163259420050137827e-02
2.883000000000000000e+03 6.134995141746873298e-02
2.884000000000000000e+03 6.107177924960517645e-02
2.885000000000000000e+03 6.079910360531053104e-02
2.886000000000000000e+03 6.053300549220355653e-02
2.887000000000000000e+03 6.027460716772864435e-02
2.888000000000000000e+03 6.002505479393555748e-02
2.889000000000000000e+03 5.978548890470768151e-02
2.890000000000000000e+03 5.955699981892145778e-02
2.891000000000000000e+03 5.934058221651784121e-02
2.892000000000000000e+03 5.913710705917962773e-02
2.893000000000000000e+03 5.894728350890861973e-02
2.894000000000000000e+03 5.877163228698660535e-02
2.895000000000000000e+03 5.861046639982873951e-02
2.896000000000000000e+03 5.846387451438343069e-02
2.897000000000000000e+03 5.833172575190612164e-02
2.898000000000000000e+03 5.821366811850217649e-02
2.899000000000000000e+03 5.810914361718967636e-02
2.900000000000000000e+03 5.801740184444409421e-02
2.901000000000000000e+03 5.793751416184342307e-02
2.902000000000000000e+03 5.786840743744650628e-02
2.903000000000000000e+03 5.780888791306887375e-02
2.904000000000000000e+03 5.775766170608448435e-02
2.905000000000000000e+03 5.771334645215533271e-02
2.906000000000000000e+03 5.767450777075493196e-02
2.907000000000000000e+03 5.763967361543195084e-02
2.908000000000000000e+03 5.760735777799866342e-02
2.909000000000000000e+03 5.757609665732711657e-02
2.910000000000000000e+03 5.754447303585741302e-02
2.911000000000000000e+03 5.751112925401506010e-02
2.912000000000000000e+03 5.747480176585984674e-02
2.913000000000000000e+03 5.743435461018239763e-02
2.914000000000000000e+03 5.738881781682451944e-02
2.915000000000000000e+03 5.733740716790666769e-02
2.916000000000000000e+03 5.727954290222435352e-02
2.917000000000000000e+03 5.721487520339553490e-02
2.918000000000000000e+03 5.714330832748845679e-02
2.919000000000000000e+03 5.706500010860437316e-02
2.920000000000000000e+03 5.698034975126812368e-02
2.921000000000000000e+03 5.688998005639413907e-02
2.922000000000000000e+03 5.679471349589497453e-02
2.923000000000000000e+03 5.669552411639655620e-02
2.924000000000000000e+03 5.659351026231272674e-02
2.925000000000000000e+03 5.648983976432234155e-02
2.926000000000000000e+03 5.638570465646675078e-02
2.927000000000000000e+03 5.628227730294943498e-02
2.928000000000000000e+03 5.618067710780248747e-02
2.929000000000000000e+03 5.608192575060771956e-02
2.930000000000000000e+03 5.598693650182166165e-02
2.931000000000000000e+03 5.589649012402087003e-02
2.932000000000000000e+03 5.581121759387962927e-02
2.933000000000000000e+03 5.573159052977377792e-02
2.934000000000000000e+03 5.565791192497381717e-02
2.935000000000000000e+03 5.559033036218077872e-02
2.936000000000000000e+03 5.552883837337481421e-02
2.937000000000000000e+03 5.547328656130744162e-02
2.938000000000000000e+03 5.542338828531909872e-02
2.939000000000000000e+03 5.537871757105501669e-02
2.940000000000000000e+03 5.533872393795015443e-02
2.941000000000000000e+03 5.530273612613348377e-02
2.942000000000000000e+03 5.526997686762366579e-02
2.943000000000000000e+03 5.523956966524681822e-02
2.944000000000000000e+03 5.521053520986302088e-02
2.945000000000000000e+03 5.518180698019832520e-02
2.946000000000000000e+03 5.515224227316359307e-02
2.947000000000000000e+03 5.512064825553257552e-02
2.948000000000000000e+03 5.508581529074438321e-02
2.949000000000000000e+03 5.504653295921468903e-02
2.950000000000000000e+03 5.500164637572849125e-02
2.951000000000000000e+03 5.495010708576651692e-02
2.952000000000000000e+03 5.489103476281624594e-02
2.953000000000000000e+03 5.482377787344969167e-02
2.954000000000000000e+03 5.474796589900982058e-02
2.955000000000000000e+03 5.466356454125307490e-02
2.956000000000000000e+03 5.457089967391209884e-02
2.957000000000000000e+03 5.447067232663971303e-02
2.958000000000000000e+03 5.436393684614156813e-02
2.959000000000000000e+03 5.425205749430106472e-02
2.960000000000000000e+03 5.413664860096768089e-02
2.961000000000000000e+03 5.401951939015223192e-02
2.962000000000000000e+03 5.390259299647973817e-02
2.963000000000000000e+03 5.378784094735469812e-02
2.964000000000000000e+03 5.367721368274909477e-02
2.965000000000000000e+03 5.357258340661603946e-02
2.966000000000000000e+03 5.347568131788350138e-02
2.967000000000000000e+03 5.338804339145700184e-02
2.968000000000000000e+03 5.331098551730961699e-02
2.969000000000000000e+03 5.324557508097953196e-02
2.970000000000000000e+03 5.319259732529535434e-02
2.971000000000000000e+03 5.315253432101369607e-02
2.972000000000000000e+03 5.312556302696172517e-02
2.973000000000000000e+03 5.311154122550339196e-02
2.974000000000000000e+03 5.311003428649232333e-02
2.975000000000000000e+03 5.312033200338275168e-02
2.976000000000000000e+03 5.314147308560115968e-02
2.977000000000000000e+03 5.317228361951692461e-02
2.978000000000000000e+03 5.321141592324737934e-02
2.979000000000000000e+03 5.325739628828547734e-02
2.980000000000000000e+03 5.330867668783326185e-02
2.981000000000000000e+03 5.336368663768489840e-02
2.982000000000000000e+03 5.342088591093359373e-02
2.983000000000000000e+03 5.347881745425630412e-02
2.984000000000000000e+03 5.353615063490212156e-02
2.985000000000000000e+03 5.359171471143001075e-02
2.986000000000000000e+03 5.364453892783783984e-02
2.987000000000000000e+03 5.369387964162149196e-02
2.988000000000000000e+03 5.373923412395515548e-02
2.989000000000000000e+03 5.378035089465219021e-02
2.990000000000000000e+03 5.381724477240405757e-02
2.991000000000000000e+03 5.385018730457935554e-02
2.992000000000000000e+03 5.387969148503593542e-02
2.993000000000000000e+03 5.390649519041768034e-02
2.994000000000000000e+03 5.393152205381628039e-02
2.995000000000000000e+03 5.395584465156272325e-02
2.996000000000000000e+03 5.398062284750494016e-02
2.997000000000000000e+03 5.400704381564325890e-02
2.998000000000000000e+03 5.403626078006588257e-02
2.999000000000000000e+03 5.406932415466675357e-02
3.000000000000000000e+03 5.410712463756772728e-02
3.001000000000000000e+03 5.415035686310835927e-02
3.002000000000000000e+03 5.419948102784628158e-02
3.003000000000000000e+03 5.425472074754879304e-02
3.004000000000000000e+03 5.431607476009714386e-02
3.005000000000000000e+03 5.438333241587527817e-02
3.006000000000000000e+03 5.445611325321386698e-02
3.007000000000000000e+03 5.453390928502066526e-02
3.008000000000000000e+03 5.461613404734171756e-02
3.009000000000000000e+03 5.470217710713001086e-02
3.010000000000000000e+03 5.479144242755505656e-02
3.011000000000000000e+03 5.488339308994084897e-02
3.012000000000000000e+03 5.497757240933849598e-02
3.013000000000000000e+03 5.507362195696305363e-02
3.014000000000000000e+03 5.517127949105059270e-02
3.015000000000000000e+03 5.527037071972586146e-02
3.016000000000000000e+03 5.537078783252853686e-02
3.017000000000000000e+03 5.547247241872804713e-02
3.018000000000000000e+03 5.557538002749076722e-02
3.019000000000000000e+03 5.567946717027723313e-02
3.020000000000000000e+03 5.578466067420434493e-02
3.021000000000000000e+03 5.589084667834663678e-02
3.022000000000000000e+03 5.599785706147659275e-02
3.023000000000000000e+03 5.610547160992278987e-02
3.024000000000000000e+03 5.621342399317200145e-02
3.025000000000000000e+03 5.632141330964877263e-02
3.026000000000000000e+03 5.642913079318853664e-02
3.027000000000000000e+03 5.653627230205324206e-02
3.028000000000000000e+03 5.664254824025676677e-02
3.029000000000000000e+03 5.674769248221907952e-02
3.030000000000000000e+03 5.685148087659711025e-02
3.031000000000000000e+03 5.695373632412005505e-02
3.032000000000000000e+03 5.705433695323090804e-02
3.033000000000000000e+03 5.715323362371300259e-02
3.034000000000000000e+03 5.725044818573536698e-02
3.035000000000000000e+03 5.734608538366194053e-02
3.036000000000000000e+03 5.744033939439210229e-02
3.037000000000000000e+03 5.753348603924433174e-02
3.038000000000000000e+03 5.762586401982701390e-02
3.039000000000000000e+03 5.771786208400268153e-02
3.040000000000000000e+03 5.780990561211124534e-02
3.041000000000000000e+03 5.790242879822351391e-02
3.042000000000000000e+03 5.799584638786330765e-02
3.043000000000000000e+03 5.809051442825081957e-02
3.044000000000000000e+03 5.818669830345551963e-02
3.045000000000000000e+03 5.828454709090646196e-02
3.046000000000000000e+03 5.838407316269701719e-02
3.047000000000000000e+03 5.848513169749582075e-02
3.048000000000000000e+03 5.858741031194154847e-02
3.049000000000000000e+03 5.869043314803304434e-02
3.050000000000000000e+03 5.879357689815305210e-02
3.051000000000000000e+03 5.889608888712059842e-02
3.052000000000000000e+03 5.899711669657661112e-02
3.053000000000000000e+03 5.909573166818780227e-02
3.054000000000000000e+03 5.919096621611118214e-02
3.055000000000000000e+03 5.928184264511753010e-02
3.056000000000000000e+03 5.936740678299359114e-02
3.057000000000000000e+03 5.944675939679876231e-02
3.058000000000000000e+03 5.951907377465303489e-02
3.059000000000000000e+03 5.958361964286547352e-02
3.060000000000000000e+03 5.963977833102095116e-02
3.061000000000000000e+03 5.968703939553704485e-02
3.062000000000000000e+03 5.972499157931512870e-02
3.063000000000000000e+03 5.975332419488629809e-02
3.064000000000000000e+03 5.977181302820517433e-02
3.065000000000000000e+03 5.978030627018537241e-02
3.066000000000000000e+03 5.977871327712942773e-02
3.067000000000000000e+03 5.976699083431157022e-02
3.068000000000000000e+03 5.974513511188817710e-02
3.069000000000000000e+03 5.971317458504958597e-02
3.070000000000000000e+03 5.967117214014765886e-02
3.071000000000000000e+03 5.961922766940011553e-02
3.072000000000000000e+03 5.955749861009614066e-02
3.073000000000000000e+03 5.948619974478566719e-02
3.074000000000000000e+03 5.940562930030556660e-02
3.075000000000000000e+03 5.931618507441453053e-02
3.076000000000000000e+03 5.921837940933392941e-02
3.077000000000000000e+03 5.911286115971232241e-02
3.078000000000000000e+03 5.900041815799851597e-02
3.079000000000000000e+03 5.888197393196216434e-02
3.080000000000000000e+03 5.875859979614193873e-02
3.081000000000000000e+03 5.863150114179173367e-02
3.082000000000000000e+03 5.850200676383641302e-02
3.083000000000000000e+03 5.837152399561464089e-02
3.084000000000000000e+03 5.824150153189258661e-02
3.085000000000000000e+03 5.811338309182855627e-02
3.086000000000000000e+03 5.798856604869696146e-02
3.087000000000000000e+03 5.786835880338017657e-02
3.088000000000000000e+03 5.775392791871809817e-02
3.089000000000000000e+03 5.764627025725124754e-02
3.090000000000000000e+03 5.754618821962662056e-02
3.091000000000000000e+03 5.745427098405128663e-02
3.092000000000000000e+03 5.737088204520759266e-02
3.093000000000000000e+03 5.729617763436427313e-02
3.094000000000000000e+03 5.723012239534037982e-02
3.095000000000000000e+03 5.717250570624859973e-02
3.096000000000000000e+03 5.712297415870838668e-02
3.097000000000000000e+03 5.708106724773044649e-02
3.098000000000000000e+03 5.704624713665722158e-02
3.099000000000000000e+03 5.701793467754358302e-02
3.100000000000000000e+03 5.699555042184484277e-02
3.101000000000000000e+03 5.697854520858407212e-02
3.102000000000000000e+03 5.696643077550569978e-02
3.103000000000000000e+03 5.695880509344931897e-02
3.104000000000000000e+03 5.695535712225278241e-02
3.105000000000000000e+03 5.695586789679445844e-02
3.106000000000000000e+03 5.696020534589933682e-02
3.107000000000000000e+03 5.696830674937768818e-02
3.108000000000000000e+03 5.698017139571420753e-02
3.109000000000000000e+03 5.699582442965116930e-02
3.110000000000000000e+03 5.701529488947154611e-02
3.111000000000000000e+03 5.703860321914998310e-02
3.112000000000000000e+03 5.706575478381493982e-02
3.113000000000000000e+03 5.709672110001143275e-02
3.114000000000000000e+03 5.713145151326835119e-02
3.115000000000000000e+03 5.716985545175615191e-02
3.116000000000000000e+03 5.721182158486332048e-02
3.117000000000000000e+03 5.725721068077313514e-02
3.118000000000000000e+03 5.730585804467070582e-02
3.119000000000000000e+03 5.735759388636066380e-02
3.120000000000000000e+03 5.741223500241046662e-02
3.121000000000000000e+03 5.746958140438386542e-02
3.122000000000000000e+03 5.752941666454530756e-02
3.123000000000000000e+03 5.759152903094393039e-02
3.124000000000000000e+03 5.765571702409813537e-02
3.125000000000000000e+03 5.772179091616527757e-02
3.126000000000000000e+03 5.778958988451146639e-02
3.127000000000000000e+03 5.785899823641112161e-02
3.128000000000000000e+03 5.792996817200234821e-02
3.129000000000000000e+03 5.800252778308770396e-02
3.130000000000000000e+03 5.807678498709503701e-02
3.131000000000000000e+03 5.815293831383398782e-02
3.132000000000000000e+03 5.823127840864179144e-02
3.133000000000000000e+03 5.831218679517026493e-02
3.134000000000000000e+03 5.839611980674122571e-02
3.135000000000000000e+03 5.848360613751246717e-02
3.136000000000000000e+03 5.857521732105215595e-02
3.137000000000000000e+03 5.867155733102583093e-02
3.138000000000000000e+03 5.877324432566708584e-02
3.139000000000000000e+03 5.888087921711802203e-02
3.140000000000000000e+03 5.899501497140537815e-02
3.141000000000000000e+03 5.911613620296431171e-02
3.142000000000000000e+03 5.924463644172588139e-02
3.143000000000000000e+03 5.938079297383595800e-02
3.144000000000000000e+03 5.952474769939319899e-02
3.145000000000000000e+03 5.967649999558882756e-02
3.146000000000000000e+03 5.983590860780878262e-02
3.147000000000000000e+03 6.000268333437631940e-02
3.148000000000000000e+03 6.017639999092339043e-02
3.149000000000000000e+03 6.035652117033930147e-02
3.150000000000000000e+03 6.054240580617915868e-02
3.151000000000000000e+03 6.073332800308885171e-02
3.152000000000000000e+03 6.092851908286633228e-02
3.153000000000000000e+03 6.112719603331073781e-02
3.154000000000000000e+03 6.132857792457542534e-02
3.155000000000000000e+03 6.153190610800231275e-02
3.156000000000000000e+03 6.173645841865791489e-02
3.157000000000000000e+03 6.194156235417735967e-02
3.158000000000000000e+03 6.214659502977872008e-02
3.159000000000000000e+03 6.235098512439765650e-02
3.160000000000000000e+03 6.255421593844366634e-02
3.161000000000000000e+03 6.275579845892129138e-02
3.162000000000000000e+03 6.295526299220575994e-02
3.163000000000000000e+03 6.315214690921479301e-02
3.164000000000000000e+03 6.334597824078072592e-02
3.165000000000000000e+03 6.353626703914705409e-02
3.166000000000000000e+03 6.372248441157188359e-02
3.167000000000000000e+03 6.390406660006117678e-02
3.168000000000000000e+03 6.408041278509324368e-02
3.169000000000000000e+03 6.425089603291286866e-02
3.170000000000000000e+03 6.441488340423895398e-02
3.171000000000000000e+03 6.457175136957660211e-02
3.172000000000000000e+03 6.472090861864672473e-02
3.173000000000000000e+03 6.486180928345311458e-02
3.174000000000000000e+03 6.499398113235424490e-02
3.175000000000000000e+03 6.511705044860861824e-02
3.176000000000000000e+03 6.523074980720040827e-02
3.177000000000000000e+03 6.533492107882457600e-02
3.178000000000000000e+03 6.542951836302987600e-02
3.179000000000000000e+03 6.551460606612781457e-02
3.180000000000000000e+03 6.559034918509309975e-02
3.181000000000000000e+03 6.565700221938150505e-02
3.182000000000000000e+03 6.571489303916615288e-02
3.183000000000000000e+03 6.576440149187501305e-02
3.184000000000000000e+03 6.580594296403977084e-02
3.185000000000000000e+03 6.583995690453391114e-02
3.186000000000000000e+03 6.586687147727059155e-02
3.187000000000000000e+03 6.588708144716098891e-02
3.188000000000000000e+03 6.590092143079238907e-02
3.189000000000000000e+03 6.590865482648125551e-02
3.190000000000000000e+03 6.591044592159173154e-02
3.191000000000000000e+03 6.590634853319342346e-02
3.192000000000000000e+03 6.589629637259819539e-02
3.193000000000000000e+03 6.588010942296020078e-02
3.194000000000000000e+03 6.585749406300897557e-02
3.195000000000000000e+03 6.582804633206895684e-02
3.196000000000000000e+03 6.579127535438993035e-02
3.197000000000000000e+03 6.574662652197960089e-02
3.198000000000000000e+03 6.569349807274668662e-02
3.199000000000000000e+03 6.563126545647091081e-02
3.200000000000000000e+03 6.555931033591436141e-02
3.201000000000000000e+03 6.547703364020394934e-02
3.202000000000000000e+03 6.538388724301649746e-02
3.203000000000000000e+03 6.527939917551303650e-02
3.204000000000000000e+03 6.516319313443455497e-02
3.205000000000000000e+03 6.503500636262327106e-02
3.206000000000000000e+03 6.489470068915874357e-02
3.207000000000000000e+03 6.474227738105381436e-02
3.208000000000000000e+03 6.457788806974065765e-02
3.209000000000000000e+03 6.440183202166012422e-02
3.210000000000000000e+03 6.421457068027341952e-02
3.211000000000000000e+03 6.401672679409034505e-02
3.212000000000000000e+03 6.380909405593157557e-02
3.213000000000000000e+03 6.359264215824479705e-02
3.214000000000000000e+03 6.336851901404838561e-02
3.215000000000000000e+03 6.313805476422988672e-02
3.216000000000000000e+03 6.290275132084052756e-02
3.217000000000000000e+03 6.266426493756203919e-02
3.218000000000000000e+03 6.242436992106469018e-02
3.219000000000000000e+03 6.218491273901784189e-02
3.220000000000000000e+03 6.194776319277468107e-02
3.221000000000000000e+03 6.171475602736360005e-02
3.222000000000000000e+03 6.148761911373165634e-02
3.223000000000000000e+03 6.126791317083818411e-02
3.224000000000000000e+03 6.105698100568850151e-02
3.225000000000000000e+03 6.085590541287952404e-02
3.226000000000000000e+03 6.066547009086560582e-02
3.227000000000000000e+03 6.048615907439407191e-02
3.228000000000000000e+03 6.031814823843691803e-02
3.229000000000000000e+03 6.016133883149675510e-02
3.230000000000000000e+03 6.001538938503284126e-02
3.231000000000000000e+03 5.987974568994534896e-02
3.232000000000000000e+03 5.975370147178908631e-02
3.233000000000000000e+03 5.963645553100424546e-02
3.234000000000000000e+03 5.952716301936041010e-02
3.235000000000000000e+03 5.942498157734203701e-02
3.236000000000000000e+03 5.932909663679327567e-02
3.237000000000000000e+03 5.923875251016114118e-02
3.238000000000000000e+03 5.915326978431004884e-02
3.239000000000000000e+03 5.907203269681947366e-02
3.240000000000000000e+03 5.899447464775404992e-02
3.241000000000000000e+03 5.892007261851365391e-02
3.242000000000000000e+03 5.884832580697875459e-02
3.243000000000000000e+03 5.877873615972613319e-02
3.244000000000000000e+03 5.871079482834080931e-02
3.245000000000000000e+03 5.864397092604742984e-02
3.246000000000000000e+03 5.857771072398618162e-02
3.247000000000000000e+03 5.851146025451171157e-02
3.248000000000000000e+03 5.844467334372331624e-02
3.249000000000000000e+03 5.837682644062072712e-02
3.250000000000000000e+03 5.830744593185220592e-02
3.251000000000000000e+03 5.823610931845393107e-02
3.252000000000000000e+03 5.816245316076285032e-02
3.253000000000000000e+03 5.808617538161494481e-02
3.254000000000000000e+03 5.800704593747038618e-02
3.255000000000000000e+03 5.792489358327477383e-02
3.256000000000000000e+03 5.783958614938149168e-02
3.257000000000000000e+03 5.775101174420127492e-02
3.258000000000000000e+03 5.765906480083420049e-02
3.259000000000000000e+03 5.756364378122348635e-02
3.260000000000000000e+03 5.746464911161303785e-02
3.261000000000000000e+03 5.736196264502484848e-02
3.262000000000000000e+03 5.725546152768027502e-02
3.263000000000000000e+03 5.714503115237823394e-02
3.264000000000000000e+03 5.703058565694391069e-02
3.265000000000000000e+03 5.691208993840697616e-02
3.266000000000000000e+03 5.678958382733645394e-02
3.267000000000000000e+03 5.666319869165305223e-02
3.268000000000000000e+03 5.653319579038536963e-02
3.269000000000000000e+03 5.639999074531082401e-02
3.270000000000000000e+03 5.626416257474289168e-02
3.271000000000000000e+03 5.612646687491108788e-02
3.272000000000000000e+03 5.598782583919253292e-02
3.273000000000000000e+03 5.584931054929673233e-02
3.274000000000000000e+03 5.571212053627937894e-02
3.275000000000000000e+03 5.557755655434115649e-02
3.276000000000000000e+03 5.544696384921740662e-02
3.277000000000000000e+03 5.532168070306340418e-02
3.278000000000000000e+03 5.520300370499411913e-02
3.279000000000000000e+03 5.509214536443980681e-02
3.280000000000000000e+03 5.499018723726678548e-02
3.281000000000000000e+03 5.489804622689314906e-02
3.282000000000000000e+03 5.481644543945674020e-02
3.283000000000000000e+03 5.474590902450925112e-02
3.284000000000000000e+03 5.468676103868664456e-02
3.285000000000000000e+03 5.463913279953243329e-02
3.286000000000000000e+03 5.460298410776724676e-02
3.287000000000000000e+03 5.457812679692600893e-02
3.288000000000000000e+03 5.456425592649850886e-02
3.289000000000000000e+03 5.456098238850386195e-02
3.290000000000000000e+03 5.456786503794329446e-02
3.291000000000000000e+03 5.458444441330700253e-02
3.292000000000000000e+03 5.461025463056853879e-02
3.293000000000000000e+03 5.464485200368550399e-02
3.294000000000000000e+03 5.468783075189122267e-02
3.295000000000000000e+03 5.473881915100803353e-02
3.296000000000000000e+03 5.479748765405827865e-02
3.297000000000000000e+03 5.486355331670084157e-02
3.298000000000000000e+03 5.493676194423168652e-02
3.299000000000000000e+03 5.501686504495412189e-02
3.300000000000000000e+03 5.510362029038594345e-02
3.301000000000000000e+03 5.519677860272499681e-02
3.302000000000000000e+03 5.529605436770597404e-02
3.303000000000000000e+03 5.540111480697004764e-02
3.304000000000000000e+03 5.551157106221690785e-02
3.305000000000000000e+03 5.562697746488599881e-02
3.306000000000000000e+03 5.574682317905065021e-02
3.307000000000000000e+03 5.587052538483581327e-02
3.308000000000000000e+03 5.599742895568055739e-02
3.309000000000000000e+03 5.612680207307020608e-02
3.310000000000000000e+03 5.625784765502557516e-02
3.311000000000000000e+03 5.638970687808203541e-02
3.312000000000000000e+03 5.652146640541912126e-02
3.313000000000000000e+03 5.665216900594881311e-02
3.314000000000000000e+03 5.678084235513920774e-02
3.315000000000000000e+03 5.690651795381895806e-02
3.316000000000000000e+03 5.702823697852146823e-02
3.317000000000000000e+03 5.714508464543888167e-02
3.318000000000000000e+03 5.725620288129565361e-02
3.319000000000000000e+03 5.736080136811083641e-02
3.320000000000000000e+03 5.745816233930102490e-02
3.321000000000000000e+03 5.754764282310669693e-02
3.322000000000000000e+03 5.762867621043395172e-02
3.323000000000000000e+03 5.770074189512061635e-02
3.324000000000000000e+03 5.776335164646807796e-02
3.325000000000000000e+03 5.781603169980395474e-02
3.326000000000000000e+03 5.785831215404494549e-02
3.327000000000000000e+03 5.788972430179659123e-02
3.328000000000000000e+03 5.790981164826306676e-02
3.329000000000000000e+03 5.791813857991288256e-02
3.330000000000000000e+03 5.791430503756879455e-02
3.331000000000000000e+03 5.789798269969037570e-02
3.332000000000000000e+03 5.786895121595626856e-02
3.333000000000000000e+03 5.782712845949034008e-02
3.334000000000000000e+03 5.777259143150868109e-02
3.335000000000000000e+03 5.770558609013186346e-02
3.336000000000000000e+03 5.762652791236650557e-02
3.337000000000000000e+03 5.753598994822834573e-02
3.338000000000000000e+03 5.743467936911534483e-02
3.339000000000000000e+03 5.732340121697607899e-02
3.340000000000000000e+03 5.720303015289199267e-02
3.341000000000000000e+03 5.707449218160239035e-02
3.342000000000000000e+03 5.693871825146293308e-02
3.343000000000000000e+03 5.679662144851704841e-02
3.344000000000000000e+03 5.664909813937696326e-02
3.345000000000000000e+03 5.649701458887086691e-02
3.346000000000000000e+03 5.634121891257607567e-02
3.347000000000000000e+03 5.618253991780788187e-02
3.348000000000000000e+03 5.602179561750240955e-02
3.349000000000000000e+03 5.585980330609593980e-02
3.350000000000000000e+03 5.569739494674116886e-02
3.351000000000000000e+03 5.553541258612479381e-02
3.352000000000000000e+03 5.537471575358392933e-02
3.353000000000000000e+03 5.521617404180323430e-02
3.354000000000000000e+03 5.506064952157038728e-02
3.355000000000000000e+03 5.490898157932913581e-02
3.356000000000000000e+03 5.476197757750930067e-02
3.357000000000000000e+03 5.462038725229360209e-02
3.358000000000000000e+03 5.448488233222926330e-02
3.359000000000000000e+03 5.435603573672883465e-02
3.360000000000000000e+03 5.423430476323462535e-02
3.361000000000000000e+03 5.412001210294557774e-02
3.362000000000000000e+03 5.401333262545601754e-02
3.363000000000000000e+03 5.391429520823226573e-02
3.364000000000000000e+03 5.382277829906825795e-02
3.365000000000000000e+03 5.373851417927689306e-02
3.366000000000000000e+03 5.366111911387406314e-02
3.367000000000000000e+03 5.359010965016304529e-02
3.368000000000000000e+03 5.352492908230133128e-02
3.369000000000000000e+03 5.346497231478609252e-02
3.370000000000000000e+03 5.340963201843190733e-02
3.371000000000000000e+03 5.335832715008377580e-02
3.372000000000000000e+03 5.331052625664672862e-02
3.373000000000000000e+03 5.326575792242958796e-02
3.374000000000000000e+03 5.322363524485196340e-02
3.375000000000000000e+03 5.318385555442534107e-02
3.376000000000000000e+03 5.314619260443390059e-02
3.377000000000000000e+03 5.311048881342957800e-02
3.378000000000000000e+03 5.307664169697420831e-02
3.379000000000000000e+03 5.304459442841803068e-02
3.380000000000000000e+03 5.301432088096799666e-02
3.381000000000000000e+03 5.298582863578241153e-02
3.382000000000000000e+03 5.295914697782448666e-02
3.383000000000000000e+03 5.293432692675281021e-02
3.384000000000000000e+03 5.291143218934007963e-02
3.385000000000000000e+03 5.289054772164444168e-02
3.386000000000000000e+03 5.287177665640813151e-02
3.387000000000000000e+03 5.285523434516956054e-02
3.388000000000000000e+03 5.284103435823495759e-02
3.389000000000000000e+03 5.282927584974578261e-02
3.390000000000000000e+03 5.282003971059903713e-02
3.391000000000000000e+03 5.281338699430859068e-02
3.392000000000000000e+03 5.280934242916157650e-02
3.393000000000000000e+03 5.280791022898045223e-02
3.394000000000000000e+03 5.280908058344817302e-02
3.395000000000000000e+03 5.281284006487227400e-02
3.396000000000000000e+03 5.281919671429982643e-02
3.397000000000000000e+03 5.282819692143229939e-02
3.398000000000000000e+03 5.283993042881470620e-02
3.399000000000000000e+03 5.285455868973633342e-02
3.400000000000000000e+03 5.287231020725043085e-02
3.401000000000000000e+03 5.289345777134615845e-02
3.402000000000000000e+03 5.291830726325529033e-02
3.403000000000000000e+03 5.294716419520933276e-02
3.404000000000000000e+03 5.298030328484697876e-02
3.405000000000000000e+03 5.301791853493507262e-02
3.406000000000000000e+03 5.306007801586897638e-02
3.407000000000000000e+03 5.310668842814066093e-02
3.408000000000000000e+03 5.315747632334635875e-02
3.409000000000000000e+03 5.321195066566732079e-02
3.410000000000000000e+03 5.326938199482075115e-02
3.411000000000000000e+03 5.332881340223522004e-02
3.412000000000000000e+03 5.338907539803998403e-02
3.413000000000000000e+03 5.344879622651262097e-02
3.414000000000000000e+03 5.350643718290520184e-02
3.415000000000000000e+03 5.356033317713324721e-02
3.416000000000000000e+03 5.360874740200365085e-02
3.417000000000000000e+03 5.364992325748780405e-02
3.418000000000000000e+03 5.368215506343335108e-02
3.419000000000000000e+03 5.370384436043033199e-02
3.420000000000000000e+03 5.371355690412456946e-02
3.421000000000000000e+03 5.371008542223208032e-02
3.422000000000000000e+03 5.369250908369371106e-02
3.423000000000000000e+03 5.366023883108958503e-02
3.424000000000000000e+03 5.361304701556186825e-02
3.425000000000000000e+03 5.355108282989626961e-02
3.426000000000000000e+03 5.347487908244054344e-02
3.427000000000000000e+03 5.338535038090873319e-02
3.428000000000000000e+03 5.328374782094658091e-02
3.429000000000000000e+03 5.317162063440848685e-02
3.430000000000000000e+03 5.305075700794333743e-02
3.431000000000000000e+03 5.292311747092480478e-02
3.432000000000000000e+03 5.279076647654724896e-02
3.433000000000000000e+03 5.265580117577296076e-02
3.434000000000000000e+03 5.252028030211983861e-02
3.435000000000000000e+03 5.238617831878712022e-02
3.436000000000000000e+03 5.225534962279177603e-02
3.437000000000000000e+03 5.212951324473420744e-02
3.438000000000000000e+03 5.201024119805507107e-02
3.439000000000000000e+03 5.189896217646642468e-02
3.440000000000000000e+03 5.179696856422603968e-02
3.441000000000000000e+03 5.170542848497866606e-02
3.442000000000000000e+03 5.162538510047330609e-02
3.443000000000000000e+03 5.155776900677730423e-02
3.444000000000000000e+03 5.150339706711716536e-02
3.445000000000000000e+03 5.146296488572529859e-02
3.446000000000000000e+03 5.143704396038045745e-02
3.447000000000000000e+03 5.142607580005106871e-02
3.448000000000000000e+03 5.143035381993529831e-02
3.449000000000000000e+03 5.145001275925193546e-02
3.450000000000000000e+03 5.148502280126227015e-02
3.451000000000000000e+03 5.153518981600031801e-02
3.452000000000000000e+03 5.160015292759482369e-02
3.453000000000000000e+03 5.167939479272129488e-02
3.454000000000000000e+03 5.177225153403264973e-02
3.455000000000000000e+03 5.187793628631048176e-02
3.456000000000000000e+03 5.199557783833577695e-02
3.457000000000000000e+03 5.212425392812639058e-02
3.458000000000000000e+03 5.226302194094969988e-02
3.459000000000000000e+03 5.241095049404898010e-02
3.460000000000000000e+03 5.256714987085149560e-02
3.461000000000000000e+03 5.273079685817046169e-02
3.462000000000000000e+03 5.290114655816834099e-02
3.463000000000000000e+03 5.307754449290311149e-02
3.464000000000000000e+03 5.325942762304231026e-02
3.465000000000000000e+03 5.344632757487641911e-02
3.466000000000000000e+03 5.363785474478480197e-02
3.467000000000000000e+03 5.383368716613964877e-02
3.468000000000000000e+03 5.403357290981396222e-02
3.469000000000000000e+03 5.423731636371491999e-02
3.470000000000000000e+03 5.444476457754736376e-02
3.471000000000000000e+03 5.465580078752120541e-02
3.472000000000000000e+03 5.487032582080789145e-02
3.473000000000000000e+03 5.508826308827645402e-02
3.474000000000000000e+03 5.530954936944193490e-02
3.475000000000000000e+03 5.553413442300654534e-02
3.476000000000000000e+03 5.576197575998023681e-02
3.477000000000000000e+03 5.599303249868066434e-02
3.478000000000000000e+03 5.622726913297187989e-02
3.479000000000000000e+03 5.646465758851037381e-02
3.480000000000000000e+03 5.670517011076220415e-02
3.481000000000000000e+03 5.694879955933318527e-02
3.482000000000000000e+03 5.719555675522260130e-02
3.483000000000000000e+03 5.744546535746641869e-02
3.484000000000000000e+03 5.769856305695231918e-02
3.485000000000000000e+03 5.795488521916295627e-02
3.486000000000000000e+03 5.821444414128027628e-02
3.487000000000000000e+03 5.847722338844971168e-02
3.488000000000000000e+03 5.874316706271575511e-02
3.489000000000000000e+03 5.901216886257951849e-02
3.490000000000000000e+03 5.928406314591498638e-02
3.491000000000000000e+03 5.955861937293172037e-02
3.492000000000000000e+03 5.983553693223715025e-02
3.493000000000000000e+03 6.011444730746073883e-02
3.494000000000000000e+03 6.039491465665937364e-02
3.495000000000000000e+03 6.067644902090781056e-02
3.496000000000000000e+03 6.095850311224314949e-02
3.497000000000000000e+03 6.124048106753513659e-02
3.498000000000000000e+03 6.152174946976325665e-02
3.499000000000000000e+03 6.180163744987964697e-02
3.500000000000000000e+03 6.207943500448178525e-02
3.501000000000000000e+03 6.235440476769844170e-02
3.502000000000000000e+03 6.262577185554944748e-02
3.503000000000000000e+03 6.289272519087374391e-02
3.504000000000000000e+03 6.315440666546569271e-02
3.505000000000000000e+03 6.340991418783366307e-02
3.506000000000000000e+03 6.365830314944415091e-02
3.507000000000000000e+03 6.389857769531682996e-02
3.508000000000000000e+03 6.412970169689230504e-02
3.509000000000000000e+03 6.435060415407814483e-02
3.510000000000000000e+03 6.456019381040135896e-02
3.511000000000000000e+03 6.475738413279404082e-02
3.512000000000000000e+03 6.494112004634966517e-02
3.513000000000000000e+03 6.511040113754140712e-02
3.514000000000000000e+03 6.526431422358469625e-02
3.515000000000000000e+03 6.540206835407938457e-02
3.516000000000000000e+03 6.552301190302964318e-02
3.517000000000000000e+03 6.562667805215863237e-02
3.518000000000000000e+03 6.571279686443562418e-02
3.519000000000000000e+03 6.578131137945783524e-02
3.520000000000000000e+03 6.583238794687196194e-02
3.521000000000000000e+03 6.586641348233931992e-02
3.522000000000000000e+03 6.588396706573540484e-02
3.523000000000000000e+03 6.588580046804359824e-02
3.524000000000000000e+03 6.587278635100296542e-02
3.525000000000000000e+03 6.584585202126046199e-02
3.526000000000000000e+03 6.580594995473969255e-02
3.527000000000000000e+03 6.575399511582535883e-02
3.528000000000000000e+03 6.569080839574752140e-02
3.529000000000000000e+03 6.561709162176590504e-02
3.530000000000000000e+03 6.553338187633830914e-02
3.531000000000000000e+03 6.544005170552417983e-02
3.532000000000000000e+03 6.533731692155561599e-02
3.533000000000000000e+03 6.522525795992460684e-02
3.534000000000000000e+03 6.510384881254852041e-02
3.535000000000000000e+03 6.497298547734238483e-02
3.536000000000000000e+03 6.483252843235015606e-02
3.537000000000000000e+03 6.468233241166990166e-02
3.538000000000000000e+03 6.452228230828585542e-02
3.539000000000000000e+03 6.435232422361233939e-02
3.540000000000000000e+03 6.417247709817955337e-02
3.541000000000000000e+03 6.398285577552739745e-02
3.542000000000000000e+03 6.378368432800014809e-02
3.543000000000000000e+03 6.357528885777963268e-02
3.544000000000000000e+03 6.335810310568991410e-02
3.545000000000000000e+03 6.313267859269509896e-02
3.546000000000000000e+03 6.289967665017145992e-02
3.547000000000000000e+03 6.265986115764404785e-02
3.548000000000000000e+03 6.241411340512183908e-02
3.549000000000000000e+03 6.216343025811323780e-02
3.550000000000000000e+03 6.190892813269981143e-02
3.551000000000000000e+03 6.165184051737726545e-02
3.552000000000000000e+03 6.139349102067442887e-02
3.553000000000000000e+03 6.113526515554490448e-02
3.554000000000000000e+03 6.087856381053448340e-02
3.555000000000000000e+03 6.062474446635787717e-02
3.556000000000000000e+03 6.037506854475224033e-02
3.557000000000000000e+03 6.013065769329088706e-02
3.558000000000000000e+03 5.989244562651782622e-02
3.559000000000000000e+03 5.966114463151923897e-02
3.560000000000000000e+03 5.943723353919243974e-02
3.561000000000000000e+03 5.922094322941730271e-02
3.562000000000000000e+03 5.901226584751458060e-02
3.563000000000000000e+03 5.881096146713669232e-02
3.564000000000000000e+03 5.861656200235111636e-02
3.565000000000000000e+03 5.842840047949531684e-02
3.566000000000000000e+03 5.824562901145743932e-02
3.567000000000000000e+03 5.806724445228161890e-02
3.568000000000000000e+03 5.789211465385529082e-02
3.569000000000000000e+03 5.771900532200732736e-02
3.570000000000000000e+03 5.754662547237629489e-02
3.571000000000000000e+03 5.737365495067710264e-02
3.572000000000000000e+03 5.719879716527508789e-02
3.573000000000000000e+03 5.702081746083979830e-02
3.574000000000000000e+03 5.683858218123534478e-02
3.575000000000000000e+03 5.665110082225666144e-02
3.576000000000000000e+03 5.645756584878239281e-02
3.577000000000000000e+03 5.625738550975130370e-02
3.578000000000000000e+03 5.605022275723673536e-02
3.579000000000000000e+03 5.583600735281994687e-02
3.580000000000000000e+03 5.561495509913001040e-02
3.581000000000000000e+03 5.538756043143246155e-02
3.582000000000000000e+03 5.515458061542306833e-02
3.583000000000000000e+03 5.491700349890262650e-02
3.584000000000000000e+03 5.467599832488563572e-02
3.585000000000000000e+03 5.443286514532928028e-02
3.586000000000000000e+03 5.418896954913840491e-02
3.587000000000000000e+03 5.394567663746384356e-02
3.588000000000000000e+03 5.370429688591322331e-02
3.589000000000000000e+03 5.346602713086908570e-02
3.590000000000000000e+03 5.323190105774760345e-02
3.591000000000000000e+03 5.300274298063360756e-02
3.592000000000000000e+03 5.277915279837032403e-02
3.593000000000000000e+03 5.256149776833716342e-02
3.594000000000000000e+03 5.234991822290493285e-02
3.595000000000000000e+03 5.214434521673027428e-02
3.596000000000000000e+03 5.194452555304956975e-02
3.597000000000000000e+03 5.175007010561490095e-02
3.598000000000000000e+03 5.156050553323386632e-02
3.599000000000000000e+03 5.137530946915339070e-02
3.600000000000000000e+03 5.119397301058634803e-02
3.601000000000000000e+03 5.101606251544413273e-02
3.602000000000000000e+03 5.084124377347837287e-02
3.603000000000000000e+03 5.066931267125816818e-02
3.604000000000000000e+03 5.050022022768262120e-02
3.605000000000000000e+03 5.033407490107352777e-02
3.606000000000000000e+03 5.017113144775044858e-02
3.607000000000000000e+03 5.001178113803549097e-02
3.608000000000000000e+03 4.985652965871895798e-02
3.609000000000000000e+03 4.970596041346253546e-02
3.610000000000000000e+03 4.956068755745671878e-02
3.611000000000000000e+03 4.942133513324747929e-02
3.612000000000000000e+03 4.928850640061709781e-02
3.613000000000000000e+03 4.916274520339748710e-02
3.614000000000000000e+03 4.904449415553682745e-02
3.615000000000000000e+03 4.893408038579503266e-02
3.616000000000000000e+03 4.883170964242357359e-02
3.617000000000000000e+03 4.873745038338800351e-02
3.618000000000000000e+03 4.865123554653918991e-02
3.619000000000000000e+03 4.857287289582119111e-02
3.620000000000000000e+03 4.850206581802155026e-02
3.621000000000000000e+03 4.843843296548071276e-02
3.622000000000000000e+03 4.838153949926210506e-02
3.623000000000000000e+03 4.833094926165286409e-02
3.624000000000000000e+03 4.828626359590696554e-02
3.625000000000000000e+03 4.824715069949830903e-02
3.626000000000000000e+03 4.821338673361651173e-02
3.627000000000000000e+03 4.818487496730749359e-02
3.628000000000000000e+03 4.816167062490668560e-02
3.629000000000000000e+03 4.814398930561796658e-02
3.630000000000000000e+03 4.813222121091020184e-02
3.631000000000000000e+03 4.812692088414142338e-02
3.632000000000000000e+03 4.812879660993286957e-02
3.633000000000000000e+03 4.813870158787070253e-02
3.634000000000000000e+03 4.815761440847782238e-02
3.635000000000000000e+03 4.818662359530624661e-02
3.636000000000000000e+03 4.822688777916750436e-02
3.637000000000000000e+03 4.827959303324659557e-02
3.638000000000000000e+03 4.834593055612849966e-02
3.639000000000000000e+03 4.842704395239812165e-02
3.640000000000000000e+03 4.852399136749986630e-02
3.641000000000000000e+03 4.863769588217807527e-02
3.642000000000000000e+03 4.876889825708968784e-02
3.643000000000000000e+03 4.891811199934196358e-02
3.644000000000000000e+03 4.908557527317686242e-02
3.645000000000000000e+03 4.927122371214465169e-02
3.646000000000000000e+03 4.947467234916924639e-02
3.647000000000000000e+03 4.969520629928772526e-02
3.648000000000000000e+03 4.993176677671354313e-02
3.649000000000000000e+03 5.018295700036806695e-02
3.650000000000000000e+03 5.044706042325093620e-02
3.651000000000000000e+03 5.072206054022180416e-02
3.652000000000000000e+03 5.100568800772418976e-02
3.653000000000000000e+03 5.129547461266376063e-02
3.654000000000000000e+03 5.158880378503682279e-02
3.655000000000000000e+03 5.188296806292774788e-02
3.656000000000000000e+03 5.217523212608999456e-02
3.657000000000000000e+03 5.246290672285715273e-02
3.658000000000000000e+03 5.274343280859603716e-02
3.659000000000000000e+03 5.301445117506156657e-02
3.660000000000000000e+03 5.327386876509175584e-02
3.661000000000000000e+03 5.351992695307567632e-02
3.662000000000000000e+03 5.375125984931095752e-02
3.663000000000000000e+03 5.396692269901756656e-02
3.664000000000000000e+03 5.416641391243787185e-02
3.665000000000000000e+03 5.434965444202578821e-02
3.666000000000000000e+03 5.451696845005726128e-02
3.667000000000000000e+03 5.466904235676610380e-02
3.668000000000000000e+03 5.480685853102738869e-02
3.669000000000000000e+03 5.493161140611637488e-02
3.670000000000000000e+03 5.504463259584098378e-02
3.671000000000000000e+03 5.514731277205067728e-02
3.672000000000000000e+03 5.524101229820316955e-02
3.673000000000000000e+03 5.532699991016629126e-02
3.674000000000000000e+03 5.540640202358056154e-02
3.675000000000000000e+03 5.548015990657667595e-02
3.676000000000000000e+03 5.554901226004037990e-02
3.677000000000000000e+03 5.561349308183298479e-02
3.678000000000000000e+03 5.567393377188134540e-02
3.679000000000000000e+03 5.573047964272157678e-02
3.680000000000000000e+03 5.578310774595951482e-02
3.681000000000000000e+03 5.583166536538232416e-02
3.682000000000000000e+03 5.587589537308405852e-02
3.683000000000000000e+03 5.591545243730320497e-02
3.684000000000000000e+03 5.594991696612966470e-02
3.685000000000000000e+03 5.597880214393109732e-02
3.686000000000000000e+03 5.600156005552606869e-02
3.687000000000000000e+03 5.601759370310126218e-02
3.688000000000000000e+03 5.602626609572308042e-02
3.689000000000000000e+03 5.602690460706404724e-02
3.690000000000000000e+03 5.601881599566329445e-02
3.691000000000000000e+03 5.600131654926270713e-02
3.692000000000000000e+03 5.597375176627410881e-02
3.693000000000000000e+03 5.593552576010227956e-02
3.694000000000000000e+03 5.588612933097242275e-02
3.695000000000000000e+03 5.582516970982609461e-02
3.696000000000000000e+03 5.575239489922009795e-02
3.697000000000000000e+03 5.566770288589784066e-02
3.698000000000000000e+03 5.557114325763386209e-02
3.699000000000000000e+03 5.546292004708344714e-02
3.700000000000000000e+03 5.534338062904455013e-02
3.701000000000000000e+03 5.521301144304954778e-02
3.702000000000000000e+03 5.507241401411430010e-02
3.703000000000000000e+03 5.492229432669819972e-02
3.704000000000000000e+03 5.476344231707253041e-02
3.705000000000000000e+03 5.459671061989077034e-02
3.706000000000000000e+03 5.442300289377621780e-02
3.707000000000000000e+03 5.424327386728987344e-02
3.708000000000000000e+03 5.405851100181184588e-02
3.709000000000000000e+03 5.386974584965764645e-02
3.710000000000000000e+03 5.367805648062199536e-02
3.711000000000000000e+03 5.348457743122943947e-02
3.712000000000000000e+03 5.329050802103581230e-02
3.713000000000000000e+03 5.309710834407067176e-02
3.714000000000000000e+03 5.290570762400374771e-02
3.715000000000000000e+03 5.271770298104760943e-02
3.716000000000000000e+03 5.253454873217330845e-02
3.717000000000000000e+03 5.235772818355084735e-02
3.718000000000000000e+03 5.218873005735812087e-02
3.719000000000000000e+03 5.202902638376986910e-02
3.720000000000000000e+03 5.188004111614200053e-02
3.721000000000000000e+03 5.174312817028173944e-02
3.722000000000000000e+03 5.161954917322301301e-02
3.723000000000000000e+03 5.151046356278973781e-02
3.724000000000000000e+03 5.141692633054815303e-02
3.725000000000000000e+03 5.133988999875018638e-02
3.726000000000000000e+03 5.128021759074310321e-02
3.727000000000000000e+03 5.123869210908317540e-02
3.728000000000000000e+03 5.121604402770917053e-02
3.729000000000000000e+03 5.121295538948487241e-02
3.730000000000000000e+03 5.123006842385522536e-02
3.731000000000000000e+03 5.126798801830524666e-02
3.732000000000000000e+03 5.132727506503177023e-02
3.733000000000000000e+03 5.140843384509266589e-02
3.734000000000000000e+03 5.151189307259141509e-02
3.735000000000000000e+03 5.163797590862599651e-02
3.736000000000000000e+03 5.178688369797573854e-02
3.737000000000000000e+03 5.195865389270844237e-02
3.738000000000000000e+03 5.215314438292030508e-02
3.739000000000000000e+03 5.237001019154368525e-02
3.740000000000000000e+03 5.260869021184030880e-02
3.741000000000000000e+03 5.286839837930072672e-02
3.742000000000000000e+03 5.314812010182036472e-02
3.743000000000000000e+03 5.344660856455598491e-02
3.744000000000000000e+03 5.376239820281779325e-02
3.745000000000000000e+03 5.409382414817123785e-02
3.746000000000000000e+03 5.443904833931561410e-02
3.747000000000000000e+03 5.479609270030097457e-02
3.748000000000000000e+03 5.516286956681122622e-02
3.749000000000000000e+03 5.553722925245586917e-02
3.750000000000000000e+03 5.591700623150024085e-02
3.751000000000000000e+03 5.630005168123299736e-02
3.752000000000000000e+03 5.668427380968298762e-02
3.753000000000000000e+03 5.706767360007751477e-02
3.754000000000000000e+03 5.744838056546827665e-02
3.755000000000000000e+03 5.782468685023292587e-02
3.756000000000000000e+03 5.819505326045869981e-02
3.757000000000000000e+03 5.855812934037697010e-02
3.758000000000000000e+03 5.891275555166533562e-02
3.759000000000000000e+03 5.925796534316155745e-02
3.760000000000000000e+03 5.959297442460743943e-02
3.761000000000000000e+03 5.991714802855426653e-02
3.762000000000000000e+03 6.022998413836627707e-02
3.763000000000000000e+03 6.053107998624664143e-02
3.764000000000000000e+03 6.082009624929694824e-02
3.765000000000000000e+03 6.109673588784833576e-02
3.766000000000000000e+03 6.136071659009817436e-02
3.767000000000000000e+03 6.161174660362510325e-02
3.768000000000000000e+03 6.184950983423929960e-02
3.769000000000000000e+03 6.207364818664855288e-02
3.770000000000000000e+03 6.228375814977922531e-02
3.771000000000000000e+03 6.247940944563140642e-02
3.772000000000000000e+03 6.266014108589158804e-02
3.773000000000000000e+03 6.282547426195127238e-02
3.774000000000000000e+03 6.297494577107043412e-02
3.775000000000000000e+03 6.310812616794161944e-02
3.776000000000000000e+03 6.322465593424721197e-02
3.777000000000000000e+03 6.332426385322958984e-02
3.778000000000000000e+03 6.340679494956266704e-02
3.779000000000000000e+03 6.347224473963153368e-02
3.780000000000000000e+03 6.352078715431218325e-02
3.781000000000000000e+03 6.355279796787258184e-02
3.782000000000000000e+03 6.356888775902480582e-02
3.783000000000000000e+03 6.356991985063395467e-02
3.784000000000000000e+03 6.355700701888394866e-02
3.785000000000000000e+03 6.353150435340140789e-02
3.786000000000000000e+03 6.349500274656832977e-02
3.787000000000000000e+03 6.344928585347869854e-02
3.788000000000000000e+03 6.339629457125645073e-02
3.789000000000000000e+03 6.333806696290381066e-02
3.790000000000000000e+03 6.327667434885493603e-02
3.791000000000000000e+03 6.321416141750824114e-02
3.792000000000000000e+03 6.315247200345837364e-02
3.793000000000000000e+03 6.309340019137009425e-02
3.794000000000000000e+03 6.303853335450756989e-02
3.795000000000000000e+03 6.298920319934811496e-02
3.796000000000000000e+03 6.294646278101270753e-02
3.797000000000000000e+03 6.291107421201946881e-02
3.798000000000000000e+03 6.288351548422738135e-02
3.799000000000000000e+03 6.286400407707264104e-02
3.800000000000000000e+03 6.285252395823093252e-02
3.801000000000000000e+03 6.284887134006636455e-02
3.802000000000000000e+03 6.285269016067143721e-02
3.803000000000000000e+03 6.286351835405572241e-02
3.804000000000000000e+03 6.288084243212097024e-02
3.805000000000000000e+03 6.290413517080883921e-02
3.806000000000000000e+03 6.293288440570282694e-02
3.807000000000000000e+03 6.296660467531346728e-02
3.808000000000000000e+03 6.300486073390287878e-02
3.809000000000000000e+03 6.304726435581292643e-02
3.810000000000000000e+03 6.309345537410902816e-02
3.811000000000000000e+03 6.314309479166080319e-02
3.812000000000000000e+03 6.319585724578349883e-02
3.813000000000000000e+03 6.325140874734400120e-02
3.814000000000000000e+03 6.330939858217257687e-02
3.815000000000000000e+03 6.336944906081556916e-02
3.816000000000000000e+03 6.343115944258836958e-02
3.817000000000000000e+03 6.349411861165588089e-02
3.818000000000000000e+03 6.355790504971520205e-02
3.819000000000000000e+03 6.362209606487501112e-02
3.820000000000000000e+03 6.368627204464899494e-02
3.821000000000000000e+03 6.375000677295479534e-02
3.822000000000000000e+03 6.381287104023951329e-02
3.823000000000000000e+03 6.387443028846133408e-02
3.824000000000000000e+03 6.393421752239067390e-02
3.825000000000000000e+03 6.399171154544219808e-02
3.826000000000000000e+03 6.404631742737626476e-02
3.827000000000000000e+03 6.409734935885430529e-02
3.828000000000000000e+03 6.414403018110217958e-02
3.829000000000000000e+03 6.418549165305356685e-02
3.830000000000000000e+03 6.422078567494485246e-02
3.831000000000000000e+03 6.424891688712829063e-02
3.832000000000000000e+03 6.426889278680267270e-02
3.833000000000000000e+03 6.427977274814215825e-02
3.834000000000000000e+03 6.428071557083928078e-02
3.835000000000000000e+03 6.427102812370714957e-02
3.836000000000000000e+03 6.425021555563081854e-02
3.837000000000000000e+03 6.421800531207427776e-02
3.838000000000000000e+03 6.417436514081094334e-02
3.839000000000000000e+03 6.411951608999152952e-02
3.840000000000000000e+03 6.405392950002980479e-02
3.841000000000000000e+03 6.397832632043432000e-02
3.842000000000000000e+03 6.389365961433179919e-02
3.843000000000000000e+03 6.380108674686625625e-02
3.844000000000000000e+03 6.370196126338369125e-02
3.845000000000000000e+03 6.359779929255213182e-02
3.846000000000000000e+03 6.349025116457029938e-02
3.847000000000000000e+03 6.338105540316092690e-02
3.848000000000000000e+03 6.327200199335272779e-02
3.849000000000000000e+03 6.316489030472423327e-02
3.850000000000000000e+03 6.306147054037136712e-02
3.851000000000000000e+03 6.296339675829960847e-02
3.852000000000000000e+03 6.287216783186437563e-02
3.853000000000000000e+03 6.278909178532203483e-02
3.854000000000000000e+03 6.271526426570873947e-02
3.855000000000000000e+03 6.265154120930579995e-02
3.856000000000000000e+03 6.259853180706501097e-02
3.857000000000000000e+03 6.255661156164563086e-02
3.858000000000000000e+03 6.252593572289946722e-02
3.859000000000000000e+03 6.250647758817615141e-02
3.860000000000000000e+03 6.249805693006570129e-02
3.861000000000000000e+03 6.250038281690337150e-02
3.862000000000000000e+03 6.251309232014215511e-02
3.863000000000000000e+03 6.253577430783720248e-02
3.864000000000000000e+03 6.256799555331959972e-02
3.865000000000000000e+03 6.260931788134957432e-02
3.866000000000000000e+03 6.265930052071130851e-02
3.867000000000000000e+03 6.271750331643882737e-02
3.868000000000000000e+03 6.278347924482124975e-02
3.869000000000000000e+03 6.285676596086584023e-02
3.870000000000000000e+03 6.293687420848291525e-02
3.871000000000000000e+03 6.302326932353138900e-02
3.872000000000000000e+03 6.311534991712923481e-02
3.873000000000000000e+03 6.321243893431663374e-02
3.874000000000000000e+03 6.331376815120409729e-02
3.875000000000000000e+03 6.341847828229821293e-02
3.876000000000000000e+03 6.352562415529106055e-02
3.877000000000000000e+03 6.363417493606682296e-02
3.878000000000000000e+03 6.374302548882571084e-02
3.879000000000000000e+03 6.385101466946191406e-02
3.880000000000000000e+03 6.395695227277503614e-02
3.881000000000000000e+03 6.405965568057125914e-02
3.882000000000000000e+03 6.415796693491387925e-02
3.883000000000000000e+03 6.425077198812295665e-02
3.884000000000000000e+03 6.433702677784870760e-02
3.885000000000000000e+03 6.441577536938379589e-02
3.886000000000000000e+03 6.448617695196906530e-02
3.887000000000000000e+03 6.454752424265260136e-02
3.888000000000000000e+03 6.459923958575589098e-02
3.889000000000000000e+03 6.464087892149054937e-02
3.890000000000000000e+03 6.467212273768443986e-02
3.891000000000000000e+03 6.469277050837238252e-02
3.892000000000000000e+03 6.470272006837911316e-02
3.893000000000000000e+03 6.470195214139544404e-02
3.894000000000000000e+03 6.469050844801603473e-02
3.895000000000000000e+03 6.466847433609521079e-02
3.896000000000000000e+03 6.463596156738654619e-02
3.897000000000000000e+03 6.459308611675898537e-02
3.898000000000000000e+03 6.453996040194062700e-02
3.899000000000000000e+03 6.447669562314117808e-02
3.900000000000000000e+03 6.440338948212345760e-02
3.901000000000000000e+03 6.432013753283058466e-02
3.902000000000000000e+03 6.422705786662571970e-02
3.903000000000000000e+03 6.412429138678252261e-02
3.904000000000000000e+03 6.401202009966890094e-02
3.905000000000000000e+03 6.389048250001601315e-02
3.906000000000000000e+03 6.375999489171339796e-02
3.907000000000000000e+03 6.362094971381390685e-02
3.908000000000000000e+03 6.347380655093388946e-02
3.909000000000000000e+03 6.331907761742669449e-02
3.910000000000000000e+03 6.315731925343504027e-02
3.911000000000000000e+03 6.298911784719062046e-02
3.912000000000000000e+03 6.281506669438144397e-02
3.913000000000000000e+03 6.263574244554492854e-02
3.914000000000000000e+03 6.245168328038093464e-02
3.915000000000000000e+03 6.226337706869625177e-02
3.916000000000000000e+03 6.207123983744506496e-02
3.917000000000000000e+03 6.187560794574724354e-02
3.918000000000000000e+03 6.167672860556009523e-02
3.919000000000000000e+03 6.147474505316136845e-02
3.920000000000000000e+03 6.126969738739147797e-02
3.921000000000000000e+03 6.106153371733856472e-02
3.922000000000000000e+03 6.085011160023727494e-02
3.923000000000000000e+03 6.063520461848179166e-02
3.924000000000000000e+03 6.041651644505501018e-02
3.925000000000000000e+03 6.019369974105179960e-02
3.926000000000000000e+03 5.996636963278048627e-02
3.927000000000000000e+03 5.973410347385104541e-02
3.928000000000000000e+03 5.949645375821805554e-02
3.929000000000000000e+03 5.925296736782102031e-02
3.930000000000000000e+03 5.900318951557040337e-02
3.931000000000000000e+03 5.874668394580136871e-02
3.932000000000000000e+03 5.848304698768078819e-02
3.933000000000000000e+03 5.821193625490649060e-02
3.934000000000000000e+03 5.793309161684710024e-02
3.935000000000000000e+03 5.764635932244631389e-02
3.936000000000000000e+03 5.735172398894286538e-02
3.937000000000000000e+03 5.704934882661517881e-02
3.938000000000000000e+03 5.673959427759391050e-02
3.939000000000000000e+03 5.642304414358885467e-02
3.940000000000000000e+03 5.610051600324239551e-02
3.941000000000000000e+03 5.577306945226281898e-02
3.942000000000000000e+03 5.544199557914096521e-02
3.943000000000000000e+03 5.510879008841116505e-02
3.944000000000000000e+03 5.477512945337308092e-02
3.945000000000000000e+03 5.444283842015489733e-02
3.946000000000000000e+03 5.411383562300883798e-02
3.947000000000000000e+03 5.379008042361799191e-02
3.948000000000000000e+03 5.347353157754222014e-02
3.949000000000000000e+03 5.316609725922991081e-02
3.950000000000000000e+03 5.286959459418803797e-02
3.951000000000000000e+03 5.258571313757327836e-02
3.952000000000000000e+03 5.231598319564159660e-02
3.953000000000000000e+03 5.206174331790601462e-02
3.954000000000000000e+03 5.182412990255677587e-02
3.955000000000000000e+03 5.160405977901509622e-02
3.956000000000000000e+03 5.140221743369882690e-02
3.957000000000000000e+03 5.121905247187265309e-02
3.958000000000000000e+03 5.105478993696427326e-02
3.959000000000000000e+03 5.090944000660747870e-02
3.960000000000000000e+03 5.078282717359285103e-02
3.961000000000000000e+03 5.067460790031021178e-02
3.962000000000000000e+03 5.058430830451941806e-02
3.963000000000000000e+03 5.051135725688981476e-02
3.964000000000000000e+03 5.045511152764356466e-02
3.965000000000000000e+03 5.041490082948592300e-02
3.966000000000000000e+03 5.039004696721684912e-02
3.967000000000000000e+03 5.037987321003497415e-02
3.968000000000000000e+03 5.038371163619173587e-02
3.969000000000000000e+03 5.040090451772519242e-02
3.970000000000000000e+03 5.043080896802650676e-02
3.971000000000000000e+03 5.047278143732179118e-02
3.972000000000000000e+03 5.052617244126338114e-02
3.973000000000000000e+03 5.059030545400077655e-02
3.974000000000000000e+03 5.066445300977465843e-02
3.975000000000000000e+03 5.074783591411211048e-02
3.976000000000000000e+03 5.083962336591167641e-02
3.977000000000000000e+03 5.093892751845150585e-02
3.978000000000000000e+03 5.104480784538938110e-02
3.979000000000000000e+03 5.115628240501179924e-02
3.980000000000000000e+03 5.127234747822403266e-02
3.981000000000000000e+03 5.139199804060851084e-02
3.982000000000000000e+03 5.151424538885785581e-02
3.983000000000000000e+03 5.163814709573704559e-02
3.984000000000000000e+03 5.176283612062109601e-02
3.985000000000000000e+03 5.188754998740197077e-02
3.986000000000000000e+03 5.201164284895757467e-02
3.987000000000000000e+03 5.213459722879321134e-02
3.988000000000000000e+03 5.225604051844886383e-02
3.989000000000000000e+03 5.237574490142542227e-02
3.990000000000000000e+03 5.249361903123687251e-02
3.991000000000000000e+03 5.260969247362075329e-02
3.992000000000000000e+03 5.272410192381501298e-02
3.993000000000000000e+03 5.283704907120607974e-02
3.994000000000000000e+03 5.294878570928774481e-02
3.995000000000000000e+03 5.305957765656463265e-02
3.996000000000000000e+03 5.316965781131464952e-02
3.997000000000000000e+03 5.327920672728390927e-02
3.998000000000000000e+03 5.338832404040384783e-02
3.999000000000000000e+03 5.349700677479683752e-02
4.000000000000000000e+03 5.360513327322911914e-02
4.001000000000000000e+03 5.371246583821404769e-02
4.002000000000000000e+03 5.381864537168293272e-02
4.003000000000000000e+03 5.392320643196119034e-02
4.004000000000000000e+03 5.402558738956972362e-02
4.005000000000000000e+03 5.412515928429832701e-02
4.006000000000000000e+03 5.422126834051681221e-02
4.007000000000000000e+03 5.431326860708370063e-02
4.008000000000000000e+03 5.440054678153953549e-02
4.009000000000000000e+03 5.448255657263356699e-02
4.010000000000000000e+03 5.455885921181140991e-02
4.011000000000000000e+03 5.462913576189004639e-02
4.012000000000000000e+03 5.469319642883907484e-02
4.013000000000000000e+03 5.475097867762761944e-02
4.014000000000000000e+03 5.480253446321642352e-02
4.015000000000000000e+03 5.484799697047978984e-02
4.016000000000000000e+03 5.488756222390784451e-02
4.017000000000000000e+03 5.492145060091957465e-02
4.018000000000000000e+03 5.494988323798145891e-02
4.019000000000000000e+03 5.497305106990191953e-02
4.020000000000000000e+03 5.499110541637750038e-02
4.021000000000000000e+03 5.500415284427533774e-02
4.022000000000000000e+03 5.501225996615251301e-02
4.023000000000000000e+03 5.501547310593986329e-02
4.024000000000000000e+03 5.501383335224242083e-02
4.025000000000000000e+03 5.500741326835251882e-02
4.026000000000000000e+03 5.499632960925007752e-02
4.027000000000000000e+03 5.498075718251028976e-02
4.028000000000000000e+03 5.496093623465646283e-02
4.029000000000000000e+03 5.493718421105722727e-02
4.030000000000000000e+03 5.490989099179820893e-02
4.031000000000000000e+03 5.487950687249229520e-02
4.032000000000000000e+03 5.484653418009120818e-02
4.033000000000000000e+03 5.481150327172730485e-02
4.034000000000000000e+03 5.477494636744874301e-02
4.035000000000000000e+03 5.473738742354548881e-02
4.036000000000000000e+03 5.469932415085450306e-02
4.037000000000000000e+03 5.466121523013785927e-02
4.038000000000000000e+03 5.462347768660830161e-02
4.039000000000000000e+03 5.458648464301729675e-02
4.040000000000000000e+03 5.455055550239074763e-02
4.041000000000000000e+03 5.451597802766482842e-02
4.042000000000000000e+03 5.448301760968567858e-02
4.043000000000000000e+03 5.445192090138465529e-02
4.044000000000000000e+03 5.442292045974012060e-02
4.045000000000000000e+03 5.439623943024758657e-02
4.046000000000000000e+03 5.437209306445971169e-02
4.047000000000000000e+03 5.435068939168216651e-02
4.048000000000000000e+03 5.433222051277566272e-02
4.049000000000000000e+03 5.431684793098248698e-02
4.050000000000000000e+03 5.430468469499111217e-02
4.051000000000000000e+03 5.429578420857524707e-02
4.052000000000000000e+03 5.429012891670129126e-02
4.053000000000000000e+03 5.428761243163371386e-02
4.054000000000000000e+03 5.428802828770203787e-02
4.055000000000000000e+03 5.429107545171716481e-02
4.056000000000000000e+03 5.429635589874189094e-02
4.057000000000000000e+03 5.430339154249061440e-02
4.058000000000000000e+03 5.431163584934790844e-02
4.059000000000000000e+03 5.432049175173701838e-02
4.060000000000000000e+03 5.432932616415918348e-02
4.061000000000000000e+03 5.433749032460699624e-02
4.062000000000000000e+03 5.434435505317165849e-02
4.063000000000000000e+03 5.434931733773440410e-02
4.064000000000000000e+03 5.435183259718704557e-02
4.065000000000000000e+03 5.435142573433143776e-02
4.066000000000000000e+03 5.434770417755230981e-02
4.067000000000000000e+03 5.434037421300617204e-02
4.068000000000000000e+03 5.432926588008100272e-02
4.069000000000000000e+03 5.431433381356645662e-02
4.070000000000000000e+03 5.429566982802111474e-02
4.071000000000000000e+03 5.427350009956342231e-02
4.072000000000000000e+03 5.424817542137791437e-02
4.073000000000000000e+03 5.422017006773181824e-02
4.074000000000000000e+03 5.419005406815746717e-02
4.075000000000000000e+03 5.415847245575237945e-02
4.076000000000000000e+03 5.412612524895845517e-02
4.077000000000000000e+03 5.409373011048669577e-02
4.078000000000000000e+03 5.406199723642973048e-02
4.079000000000000000e+03 5.403158797331063246e-02
4.080000000000000000e+03 5.400310593430193706e-02
4.081000000000000000e+03 5.397708740605582090e-02
4.082000000000000000e+03 5.395399875797338152e-02
4.083000000000000000e+03 5.393422702999857432e-02
4.084000000000000000e+03 5.391809317291558490e-02
4.085000000000000000e+03 5.390585984251672347e-02
4.086000000000000000e+03 5.389774712412626068e-02
4.087000000000000000e+03 5.389392245827755168e-02
4.088000000000000000e+03 5.389449629275196163e-02
4.089000000000000000e+03 5.389952743967478532e-02
4.090000000000000000e+03 5.390900790731517622e-02
4.091000000000000000e+03 5.392285419245858302e-02
4.092000000000000000e+03 5.394089483245256833e-02
4.093000000000000000e+03 5.396285927143139316e-02
4.094000000000000000e+03 5.398838165771982500e-02
4.095000000000000000e+03 5.401702166658377269e-02
4.096000000000000000e+03 5.404828165862189671e-02
4.097000000000000000e+03 5.408163354819250923e-02
4.098000000000000000e+03 5.411655329244752233e-02
4.099000000000000000e+03 5.415255611530021829e-02
4.100000000000000000e+03 5.418924889002761647e-02
4.101000000000000000e+03 5.422636359196462974e-02
4.102000000000000000e+03 5.426379214131735185e-02
4.103000000000000000e+03 5.430160225632968407e-02
4.104000000000000000e+03 5.434004356389064705e-02
4.105000000000000000e+03 5.437954580833807838e-02
4.106000000000000000e+03 5.442068253853638016e-02
4.107000000000000000e+03 5.446414278855606084e-02
4.108000000000000000e+03 5.451068667256499245e-02
4.109000000000000000e+03 5.456109735139215433e-02
4.110000000000000000e+03 5.461612910073718186e-02
4.111000000000000000e+03 5.467645554758039650e-02
4.112000000000000000e+03 5.474263258466437188e-02
4.113000000000000000e+03 5.481506596850124757e-02
4.114000000000000000e+03 5.489397879970525640e-02
4.115000000000000000e+03 5.497941081743543124e-02
4.116000000000000000e+03 5.507121521234809025e-02
4.117000000000000000e+03 5.516907102558682441e-02
4.118000000000000000e+03 5.527249159711793147e-02
4.119000000000000000e+03 5.538085310728142752e-02
4.120000000000000000e+03 5.549341611709185385e-02
4.121000000000000000e+03 5.560936554255842268e-02
4.122000000000000000e+03 5.572783419359927937e-02
4.123000000000000000e+03 5.584793291464472398e-02
4.124000000000000000e+03 5.596877379061937496e-02
4.125000000000000000e+03 5.608949764775423424e-02
4.126000000000000000e+03 5.620929185465552147e-02
4.127000000000000000e+03 5.632741351766400173e-02
4.128000000000000000e+03 5.644319824464885671e-02
4.129000000000000000e+03 5.655606863894232367e-02
4.130000000000000000e+03 5.666553212801718475e-02
4.131000000000000000e+03 5.677119590257876519e-02
4.132000000000000000e+03 5.687276752828630821e-02
4.133000000000000000e+03 5.697005467472167350e-02
4.134000000000000000e+03 5.706296851543359722e-02
4.135000000000000000e+03 5.715151308702328542e-02
4.136000000000000000e+03 5.723578635431603168e-02
4.137000000000000000e+03 5.731598321748383046e-02
4.138000000000000000e+03 5.739239353765081958e-02
4.139000000000000000e+03 5.746539941010583158e-02
4.140000000000000000e+03 5.753547405571359658e-02
4.141000000000000000e+03 5.760316713140674338e-02
4.142000000000000000e+03 5.766910960272352699e-02
4.143000000000000000e+03 5.773399801276109938e-02
4.144000000000000000e+03 5.779858085607862683e-02
4.145000000000000000e+03 5.786365766181754411e-02
4.146000000000000000e+03 5.793004798573272995e-02
4.147000000000000000e+03 5.799856940931177873e-02
4.148000000000000000e+03 5.807002744984332554e-02
4.149000000000000000e+03 5.814519495969014407e-02
4.150000000000000000e+03 5.822479474709482683e-02
4.151000000000000000e+03 5.830949187919254317e-02
4.152000000000000000e+03 5.839988080701397077e-02
4.153000000000000000e+03 5.849649640716633736e-02
4.154000000000000000e+03 5.859981382379177151e-02
4.155000000000000000e+03 5.871024066537516850e-02
4.156000000000000000e+03 5.882811000405570312e-02
4.157000000000000000e+03 5.895368668329640377e-02
4.158000000000000000e+03 5.908716555908286039e-02
4.159000000000000000e+03 5.922865989145790350e-02
4.160000000000000000e+03 5.937819879073552576e-02
4.161000000000000000e+03 5.953570973497819552e-02
4.162000000000000000e+03 5.970100941208669049e-02
4.163000000000000000e+03 5.987380222969031218e-02
4.164000000000000000e+03 6.005367221993542642e-02
4.165000000000000000e+03 6.024007692751417314e-02
4.166000000000000000e+03 6.043235400770079896e-02
4.167000000000000000e+03 6.062973101195240355e-02
4.168000000000000000e+03 6.083133239047475160e-02
4.169000000000000000e+03 6.103618949381121872e-02
4.170000000000000000e+03 6.124326699879384384e-02
4.171000000000000000e+03 6.145148498469720638e-02
4.172000000000000000e+03 6.165973602781308488e-02
4.173000000000000000e+03 6.186691416574707780e-02
4.174000000000000000e+03 6.207194046132554627e-02
4.175000000000000000e+03 6.227380376933144834e-02
4.176000000000000000e+03 6.247157437162070143e-02
4.177000000000000000e+03 6.266442520197064436e-02
4.178000000000000000e+03 6.285165316731299023e-02
4.179000000000000000e+03 6.303269300078433168e-02
4.180000000000000000e+03 6.320710769101589577e-02
4.181000000000000000e+03 6.337457352172179426e-02
4.182000000000000000e+03 6.353485660985909445e-02
4.183000000000000000e+03 6.368778108473960309e-02
4.184000000000000000e+03 6.383319197109785237e-02
4.185000000000000000e+03 6.397092177197961915e-02
4.186000000000000000e+03 6.410075390249533878e-02
4.187000000000000000e+03 6.422239940295197680e-02
4.188000000000000000e+03 6.433547299083626492e-02
4.189000000000000000e+03 6.443949015769695476e-02
4.190000000000000000e+03 6.453387721248522724e-02
4.191000000000000000e+03 6.461798418950620571e-02
4.192000000000000000e+03 6.469110978275273427e-02
4.193000000000000000e+03 6.475254183442812062e-02
4.194000000000000000e+03 6.480160245286535614e-02
4.195000000000000000e+03 6.483767123119429931e-02
4.196000000000000000e+03 6.486022514698626396e-02
4.197000000000000000e+03 6.486887955985655430e-02
4.198000000000000000e+03 6.486339940105223523e-02
4.199000000000000000e+03 6.484372435907849452e-02
4.200000000000000000e+03 6.480997328167971416e-02
4.201000000000000000e+03 6.476243777987920891e-02
4.202000000000000000e+03 6.470157219516228797e-02
4.203000000000000000e+03 6.462798069755745778e-02
4.204000000000000000e+03 6.454238264910160117e-02
4.205000000000000000e+03 6.444558206639944276e-02
4.206000000000000000e+03 6.433843526932578327e-02
4.207000000000000000e+03 6.422181722378318691e-02
4.208000000000000000e+03 6.409659887659729938e-02
4.209000000000000000e+03 6.396362332651513161e-02
4.210000000000000000e+03 6.382367507966733855e-02
4.211000000000000000e+03 6.367747753265359800e-02
4.212000000000000000e+03 6.352569728076878919e-02
4.213000000000000000e+03 6.336896517816466290e-02
4.214000000000000000e+03 6.320788997236628792e-02
4.215000000000000000e+03 6.304308134048407231e-02
4.216000000000000000e+03 6.287516667962898820e-02
4.217000000000000000e+03 6.270481511913414407e-02
4.218000000000000000e+03 6.253274716158874202e-02
4.219000000000000000e+03 6.235973914754076863e-02
4.220000000000000000e+03 6.218662208722317009e-02
4.221000000000000000e+03 6.201426195335926761e-02
4.222000000000000000e+03 6.184353298273774502e-02
4.223000000000000000e+03 6.167529939126344118e-02
4.224000000000000000e+03 6.151038294574716347e-02
4.225000000000000000e+03 6.134953203460111193e-02
4.226000000000000000e+03 6.119338748550826046e-02
4.227000000000000000e+03 6.104247021525181782e-02
4.228000000000000000e+03 6.089715098928467907e-02
4.229000000000000000e+03 6.075764425187793472e-02
4.230000000000000000e+03 6.062400811335726114e-02
4.231000000000000000e+03 6.049613686912448662e-02
4.232000000000000000e+03 6.037378371147292255e-02
4.233000000000000000e+03 6.025657681367378726e-02
4.234000000000000000e+03 6.014404864918983934e-02
4.235000000000000000e+03 6.003565901374480207e-02
4.236000000000000000e+03 5.993081906627720223e-02
4.237000000000000000e+03 5.982892634838470752e-02
4.238000000000000000e+03 5.972939128749685245e-02
4.239000000000000000e+03 5.963167841834356164e-02
4.240000000000000000e+03 5.953532645155729802e-02
4.241000000000000000e+03 5.943997767604441984e-02
4.242000000000000000e+03 5.934539709881694880e-02
4.243000000000000000e+03 5.925149578199297856e-02
4.244000000000000000e+03 5.915834609181845616e-02
4.245000000000000000e+03 5.906616179961873825e-02
4.246000000000000000e+03 5.897528539015704785e-02
4.247000000000000000e+03 5.888616937618371128e-02
4.248000000000000000e+03 5.879933778908271597e-02
4.249000000000000000e+03 5.871536168021281032e-02
4.250000000000000000e+03 5.863480913294009944e-02
4.251000000000000000e+03 5.855821137626683603e-02
4.252000000000000000e+03 5.848603366377723434e-02
4.253000000000000000e+03 5.841864924182421648e-02
4.254000000000000000e+03 5.835632000588402563e-02
4.255000000000000000e+03 5.829918740111224296e-02
4.256000000000000000e+03 5.824727824855543967e-02
4.257000000000000000e+03 5.820051099824630203e-02
4.258000000000000000e+03 5.815869708823462325e-02
4.259000000000000000e+03 5.812155432911875197e-02
4.260000000000000000e+03 5.808873240522186010e-02
4.261000000000000000e+03 5.805982493612434070e-02
4.262000000000000000e+03 5.803437629581192914e-02
4.263000000000000000e+03 5.801188661165172789e-02
4.264000000000000000e+03 5.799182993494708671e-02
4.265000000000000000e+03 5.797367372276131248e-02
4.266000000000000000e+03 5.795689593921175831e-02
4.267000000000000000e+03 5.794100777703010269e-02
4.268000000000000000e+03 5.792556821233088571e-02
4.269000000000000000e+03 5.791022608959751211e-02
4.270000000000000000e+03 5.789475266498321504e-02
4.271000000000000000e+03 5.787907196634966417e-02
4.272000000000000000e+03 5.786327882137770606e-02
4.273000000000000000e+03 5.784766668919245902e-02
4.274000000000000000e+03 5.783271626319393122e-02
4.275000000000000000e+03 5.781907035547265150e-02
4.276000000000000000e+03 5.780748075929222768e-02
4.277000000000000000e+03 5.779875031379104466e-02
4.278000000000000000e+03 5.779366087202314484e-02
4.279000000000000000e+03 5.779291135005930335e-02
4.280000000000000000e+03 5.779706264793271764e-02
4.281000000000000000e+03 5.780648761881893027e-02
4.282000000000000000e+03 5.782135204768996256e-02
4.283000000000000000e+03 5.784159726021842474e-02
4.284000000000000000e+03 5.786693864118240549e-02
4.285000000000000000e+03 5.789686894345934254e-02
4.286000000000000000e+03 5.793067216455784901e-02
4.287000000000000000e+03 5.796745815668449126e-02
4.288000000000000000e+03 5.800618882116555242e-02
4.289000000000000000e+03 5.804569927390236528e-02
4.290000000000000000e+03 5.808473150624747505e-02
4.291000000000000000e+03 5.812196625158451424e-02
4.292000000000000000e+03 5.815605357777804685e-02
4.293000000000000000e+03 5.818564198013441435e-02
4.294000000000000000e+03 5.820939801362780969e-02
4.295000000000000000e+03 5.822603043783373261e-02
4.296000000000000000e+03 5.823431286385397782e-02
4.297000000000000000e+03 5.823309470949358801e-02
4.298000000000000000e+03 5.822131745939902042e-02
4.299000000000000000e+03 5.819803641157294399e-02
4.300000000000000000e+03 5.816244507415861686e-02
4.301000000000000000e+03 5.811389892462463791e-02
4.302000000000000000e+03 5.805194908655969543e-02
4.303000000000000000e+03 5.797636561043920111e-02
4.304000000000000000e+03 5.788717633883253000e-02
4.305000000000000000e+03 5.778469022046923975e-02
4.306000000000000000e+03 5.766952340626244067e-02
4.307000000000000000e+03 5.754260196295217511e-02
4.308000000000000000e+03 5.740515051411470421e-02
4.309000000000000000e+03 5.725867111595973197e-02
4.310000000000000000e+03 5.710490265635827928e-02
4.311000000000000000e+03 5.694578528441979204e-02
4.312000000000000000e+03 5.678341483936621970e-02
4.313000000000000000e+03 5.661997758273305120e-02
4.314000000000000000e+03 5.645770501538943664e-02
4.315000000000000000e+03 5.629882691549743107e-02
4.316000000000000000e+03 5.614553548831649477e-02
4.317000000000000000e+03 5.599995257205724747e-02
4.318000000000000000e+03 5.586409184287138147e-02
4.319000000000000000e+03 5.573983411137806154e-02
4.320000000000000000e+03 5.562890343244075025e-02
4.321000000000000000e+03 5.553285739523058928e-02
4.322000000000000000e+03 5.545306449897555862e-02
4.323000000000000000e+03 5.539069451532056820e-02
4.324000000000000000e+03 5.534673113032296393e-02
4.325000000000000000e+03 5.532195880128104593e-02
4.326000000000000000e+03 5.531696245785003296e-02
4.327000000000000000e+03 5.533213659186850264e-02
4.328000000000000000e+03 5.536768464655858479e-02
4.329000000000000000e+03 5.542360112674925982e-02
4.330000000000000000e+03 5.549968087206541556e-02
4.331000000000000000e+03 5.559551871837861703e-02
4.332000000000000000e+03 5.571050431529506880e-02
4.333000000000000000e+03 5.584382038899936285e-02
4.334000000000000000e+03 5.599444430551302893e-02
4.335000000000000000e+03 5.616116405240598880e-02
4.336000000000000000e+03 5.634258635763149392e-02
4.337000000000000000e+03 5.653715296909044008e-02
4.338000000000000000e+03 5.674316967639278508e-02
4.339000000000000000e+03 5.695883393417981028e-02
4.340000000000000000e+03 5.718227390663546683e-02
4.341000000000000000e+03 5.741159100311259145e-02
4.342000000000000000e+03 5.764490361649794031e-02
4.343000000000000000e+03 5.788038837025932803e-02
4.344000000000000000e+03 5.811633756013825924e-02
4.345000000000000000e+03 5.835120026376158092e-02
4.346000000000000000e+03 5.858359945015218645e-02
4.347000000000000000e+03 5.881234873319977213e-02
4.348000000000000000e+03 5.903646109432332534e-02
4.349000000000000000e+03 5.925515134502774839e-02
4.350000000000000000e+03 5.946782400785203399e-02
4.351000000000000000e+03 5.967406529310765456e-02
4.352000000000000000e+03 5.987362141614208100e-02
4.353000000000000000e+03 6.006638459170787758e-02
4.354000000000000000e+03 6.025235970131850860e-02
4.355000000000000000e+03 6.043164656468802409e-02
4.356000000000000000e+03 6.060442902629414180e-02
4.357000000000000000e+03 6.077094870483407824e-02
4.358000000000000000e+03 6.093146658669693072e-02
4.359000000000000000e+03 6.108624624894892774e-02
4.360000000000000000e+03 6.123552262041952882e-02
4.361000000000000000e+03 6.137947860668468980e-02
4.362000000000000000e+03 6.151821349097616465e-02
4.363000000000000000e+03 6.165170594728182352e-02
4.364000000000000000e+03 6.177980039164251980e-02
4.365000000000000000e+03 6.190217929804067709e-02
4.366000000000000000e+03 6.201834547993637092e-02
4.367000000000000000e+03 6.212760897525901327e-02
4.368000000000000000e+03 6.222908756252583384e-02
4.369000000000000000e+03 6.232170391872216691e-02
4.370000000000000000e+03 6.240420135466002993e-02
4.371000000000000000e+03 6.247516439173583791e-02
4.372000000000000000e+03 6.253303790313896604e-02
4.373000000000000000e+03 6.257616924739708986e-02
4.374000000000000000e+03 6.260285733761924987e-02
4.375000000000000000e+03 6.261141130647919495e-02
4.376000000000000000e+03 6.260020665288591746e-02
4.377000000000000000e+03 6.256775175841544634e-02
4.378000000000000000e+03 6.251274886544747056e-02
4.379000000000000000e+03 6.243414933476931772e-02
4.380000000000000000e+03 6.233119312259946532e-02
4.381000000000000000e+03 6.220343487324575538e-02
4.382000000000000000e+03 6.205076371137466240e-02
4.383000000000000000e+03 6.187340835241151443e-02
4.384000000000000000e+03 6.167193147381569429e-02
4.385000000000000000e+03 6.144719394116328337e-02
4.386000000000000000e+03 6.120033266078793444e-02
4.387000000000000000e+03 6.093272145918314509e-02
4.388000000000000000e+03 6.064592117417847567e-02
4.389000000000000000e+03 6.034165292097017075e-02
4.390000000000000000e+03 6.002175461866778722e-02
4.391000000000000000e+03 5.968813384337771921e-02
4.392000000000000000e+03 5.934273418714752085e-02
4.393000000000000000e+03 5.898750043859851688e-02
4.394000000000000000e+03 5.862434883474111624e-02
4.395000000000000000e+03 5.825514022801431269e-02
4.396000000000000000e+03 5.788165894315301652e-02
4.397000000000000000e+03 5.750558888305100369e-02
4.398000000000000000e+03 5.712849762153597577e-02
4.399000000000000000e+03 5.675184214512034309e-02
4.400000000000000000e+03 5.637696781743153224e-02
4.401000000000000000e+03 5.600511789525217804e-02
4.402000000000000000e+03 5.563743430336842710e-02
4.403000000000000000e+03 5.527497574004489045e-02
4.404000000000000000e+03 5.491873641205094470e-02
4.405000000000000000e+03 5.456965300972559801e-02
4.406000000000000000e+03 5.422862158216685408e-02
4.407000000000000000e+03 5.389651055133082291e-02
4.408000000000000000e+03 5.357416067928447156e-02
4.409000000000000000e+03 5.326238453408165680e-02
4.410000000000000000e+03 5.296196529046423573e-02
4.411000000000000000e+03 5.267365045430934256e-02
4.412000000000000000e+03 5.239815207425076171e-02
4.413000000000000000e+03 5.213613485926522212e-02
4.414000000000000000e+03 5.188821076653807318e-02
4.415000000000000000e+03 5.165493873473175207e-02
4.416000000000000000e+03 5.143682249030719078e-02
4.417000000000000000e+03 5.123432000526735586e-02
4.418000000000000000e+03 5.104785461766568611e-02
4.419000000000000000e+03 5.087782226657543150e-02
4.420000000000000000e+03 5.072459452125168550e-02
4.421000000000000000e+03 5.058852000244686703e-02
4.422000000000000000e+03 5.046993625917648579e-02
4.423000000000000000e+03 5.036917726026778064e-02
4.424000000000000000e+03 5.028657255590521236e-02
4.425000000000000000e+03 5.022244957820448663e-02
4.426000000000000000e+03 5.017712404410387683e-02
4.427000000000000000e+03 5.015088408275694687e-02
4.428000000000000000e+03 5.014397793927882763e-02
4.429000000000000000e+03 5.015659163674256182e-02
4.430000000000000000e+03 5.018883379462148187e-02
4.431000000000000000e+03 5.024072257309516315e-02
4.432000000000000000e+03 5.031217582864376536e-02
4.433000000000000000e+03 5.040300304557657207e-02
4.434000000000000000e+03 5.051290634516644729e-02
4.435000000000000000e+03 5.064148414128725323e-02
4.436000000000000000e+03 5.078824257217827431e-02
4.437000000000000000e+03 5.095261802283040931e-02
4.438000000000000000e+03 5.113397932167990101e-02
4.439000000000000000e+03 5.133165430190249345e-02
4.440000000000000000e+03 5.154494758061303056e-02
4.441000000000000000e+03 5.177314026872102681e-02
4.442000000000000000e+03 5.201549869271103466e-02
4.443000000000000000e+03 5.227126938264063660e-02
4.444000000000000000e+03 5.253967243993314801e-02
4.445000000000000000e+03 5.281989207537832187e-02
4.446000000000000000e+03 5.311106013813222948e-02
4.447000000000000000e+03 5.341224817974468686e-02
4.448000000000000000e+03 5.372246580537464594e-02
4.449000000000000000e+03 5.404064929521186500e-02
4.450000000000000000e+03 5.436567162627039401e-02
4.451000000000000000e+03 5.469633276071139694e-02
4.452000000000000000e+03 5.503137688609427425e-02
4.453000000000000000e+03 5.536950400679714612e-02
4.454000000000000000e+03 5.570937750524766752e-02
4.455000000000000000e+03 5.604964488360703045e-02
4.456000000000000000e+03 5.638894922063056314e-02
4.457000000000000000e+03 5.672594888393424351e-02
4.458000000000000000e+03 5.705932916698437662e-02
4.459000000000000000e+03 5.738782816718707852e-02
4.460000000000000000e+03 5.771024768713732545e-02
4.461000000000000000e+03 5.802546562364775673e-02
4.462000000000000000e+03 5.833245463728059521e-02
4.463000000000000000e+03 5.863028936226738486e-02
4.464000000000000000e+03 5.891815047931024674e-02
4.465000000000000000e+03 5.919533699011900879e-02
4.466000000000000000e+03 5.946127876528464057e-02
4.467000000000000000e+03 5.971552926606008005e-02
4.468000000000000000e+03 5.995776012395583054e-02
4.469000000000000000e+03 6.018775225335959433e-02
4.470000000000000000e+03 6.040538117326155199e-02
4.471000000000000000e+03 6.061060940649097561e-02
4.472000000000000000e+03 6.080346509168873398e-02
4.473000000000000000e+03 6.098401397874235463e-02
4.474000000000000000e+03 6.115235054656194269e-02
4.475000000000000000e+03 6.130859741045451700e-02
4.476000000000000000e+03 6.145289428278094546e-02
4.477000000000000000e+03 6.158541413395730163e-02
4.478000000000000000e+03 6.170637217531194096e-02
4.479000000000000000e+03 6.181604867831869826e-02
4.480000000000000000e+03 6.191480843915442289e-02
4.481000000000000000e+03 6.200313419302166951e-02
4.482000000000000000e+03 6.208165104853600319e-02
4.483000000000000000e+03 6.215114707870611488e-02
4.484000000000000000e+03 6.221258767852288346e-02
4.485000000000000000e+03 6.226709375525645712e-02
4.486000000000000000e+03 6.231593441455425542e-02
4.487000000000000000e+03 6.236050114822677681e-02
4.488000000000000000e+03 6.240225929494249563e-02
4.489000000000000000e+03 6.244270412110505819e-02
4.490000000000000000e+03 6.248330395453848690e-02
4.491000000000000000e+03 6.252544279131772020e-02
4.492000000000000000e+03 6.257037554443682648e-02
4.493000000000000000e+03 6.261918755584258700e-02
4.494000000000000000e+03 6.267275221993290346e-02
4.495000000000000000e+03 6.273171981653996587e-02
4.496000000000000000e+03 6.279650076723242158e-02
4.497000000000000000e+03 6.286726309973701687e-02
4.498000000000000000e+03 6.294393784078922138e-02
4.499000000000000000e+03 6.302622484938048830e-02
4.500000000000000000e+03 6.311361627511258288e-02
4.501000000000000000e+03 6.320541481910965653e-02
4.502000000000000000e+03 6.330074333337895598e-02
4.503000000000000000e+03 6.339856571890462034e-02
4.504000000000000000e+03 6.349770753877001517e-02
4.505000000000000000e+03 6.359686441314321703e-02
4.506000000000000000e+03 6.369462378618027942e-02
4.507000000000000000e+03 6.378949690180364673e-02
4.508000000000000000e+03 6.387993705650948928e-02
4.509000000000000000e+03 6.396437382063323296e-02
4.510000000000000000e+03 6.404125154685344490e-02
4.511000000000000000e+03 6.410906963402780712e-02
4.512000000000000000e+03 6.416642370756223124e-02
4.513000000000000000e+03 6.421205385187492287e-02
4.514000000000000000e+03 6.424487000158052297e-02
4.515000000000000000e+03 6.426399401157276148e-02
4.516000000000000000e+03 6.426879692893301688e-02
4.517000000000000000e+03 6.425890495255673351e-02
4.518000000000000000e+03 6.423421345410652850e-02
4.519000000000000000e+03 6.419488351007127114e-02
4.520000000000000000e+03 6.414134284164102473e-02
4.521000000000000000e+03 6.407426502371781074e-02
4.522000000000000000e+03 6.399451602938494021e-02
4.523000000000000000e+03 6.390311751945254581e-02
4.524000000000000000e+03 6.380117641731949951e-02
4.525000000000000000e+03 6.368983060648743255e-02
4.526000000000000000e+03 6.357019932823068653e-02
4.527000000000000000e+03 6.344332727166206165e-02
4.528000000000000000e+03 6.331014356820548195e-02
4.529000000000000000e+03 6.317143171361080944e-02
4.530000000000000000e+03 6.302780817594061391e-02
4.531000000000000000e+03 6.287970361150634069e-02
4.532000000000000000e+03 6.272736705687688430e-02
4.533000000000000000e+03 6.257087900963188842e-02
4.534000000000000000e+03 6.241016932627670155e-02
4.535000000000000000e+03 6.224506353025940214e-02
4.536000000000000000e+03 6.207531459833755261e-02
4.537000000000000000e+03 6.190066113903181649e-02
4.538000000000000000e+03 6.172086577984286365e-02
4.539000000000000000e+03 6.153575338077653389e-02
4.540000000000000000e+03 6.134525945044413259e-02
4.541000000000000000e+03 6.114947131162522947e-02
4.542000000000000000e+03 6.094864856160540911e-02
4.543000000000000000e+03 6.074323974458229608e-02
4.544000000000000000e+03 6.053388952763906483e-02
4.545000000000000000e+03 6.032143095426325402e-02
4.546000000000000000e+03 6.010687262815191806e-02
4.547000000000000000e+03 5.989136614932264596e-02
4.548000000000000000e+03 5.967618311578773427e-02
4.549000000000000000e+03 5.946268387181467135e-02
4.550000000000000000e+03 5.925227240604337420e-02
4.551000000000000000e+03 5.904635587178907324e-02
4.552000000000000000e+03 5.884630903034111793e-02
4.553000000000000000e+03 5.865342134441296068e-02
4.554000000000000000e+03 5.846885751186416125e-02
4.555000000000000000e+03 5.829361883821747303e-02
4.556000000000000000e+03 5.812850870637977646e-02
4.557000000000000000e+03 5.797410281347795125e-02
4.558000000000000000e+03 5.783074242103623808e-02
4.559000000000000000e+03 5.769852727597092612e-02
4.560000000000000000e+03 5.757731068754984305e-02
4.561000000000000000e+03 5.746671631554918502e-02
4.562000000000000000e+03 5.736615987082772927e-02
4.563000000000000000e+03 5.727487774244677254e-02
4.564000000000000000e+03 5.719197344040810593e-02
4.565000000000000000e+03 5.711644862352832641e-02
4.566000000000000000e+03 5.704725008295102873e-02
4.567000000000000000e+03 5.698330583768104751e-02
4.568000000000000000e+03 5.692356249329765666e-02
4.569000000000000000e+03 5.686701960185474442e-02
4.570000000000000000e+03 5.681275440926654430e-02
4.571000000000000000e+03 5.675994935116594059e-02
4.572000000000000000e+03 5.670791802098434919e-02
4.573000000000000000e+03 5.665613075619067851e-02
4.574000000000000000e+03 5.660423178014138690e-02
4.575000000000000000e+03 5.655204048971253228e-02
4.576000000000000000e+03 5.649956397744834713e-02
4.577000000000000000e+03 5.644701550396254153e-02
4.578000000000000000e+03 5.639480325114538950e-02
4.579000000000000000e+03 5.634354215192378945e-02
4.580000000000000000e+03 5.629403282185178881e-02
4.581000000000000000e+03 5.624723685075341123e-02
4.582000000000000000e+03 5.620423348519987955e-02
4.583000000000000000e+03 5.616617087775965106e-02
4.584000000000000000e+03 5.613421750772933094e-02
4.585000000000000000e+03 5.610950218075498597e-02
4.586000000000000000e+03 5.609304864616504460e-02
4.587000000000000000e+03 5.608572250796063641e-02
4.588000000000000000e+03 5.608817735140539384e-02
4.589000000000000000e+03 5.610080793439861657e-02
4.590000000000000000e+03 5.612369480598818072e-02
4.591000000000000000e+03 5.615659646187764337e-02
4.592000000000000000e+03 5.619893862320193140e-02
4.593000000000000000e+03 5.624981709882095893e-02
4.594000000000000000e+03 5.630802345999413872e-02
4.595000000000000000e+03 5.637207684903829813e-02
4.596000000000000000e+03 5.644027045201417681e-02
4.597000000000000000e+03 5.651072308252316767e-02
4.598000000000000000e+03 5.658145173734500932e-02
4.599000000000000000e+03 5.665044334241267632e-02
4.600000000000000000e+03 5.671572870108972098e-02
4.601000000000000000e+03 5.677545848592878419e-02
4.602000000000000000e+03 5.682796121402997058e-02
4.603000000000000000e+03 5.687180345501305356e-02
4.604000000000000000e+03 5.690584614505232036e-02
4.605000000000000000e+03 5.692926385230853009e-02
4.606000000000000000e+03 5.694155918629325436e-02
4.607000000000000000e+03 5.694256167494812781e-02
4.608000000000000000e+03 5.693241067779940268e-02
4.609000000000000000e+03 5.691153270141678655e-02
4.610000000000000000e+03 5.688062202841429049e-02
4.611000000000000000e+03 5.684059990930166728e-02
4.612000000000000000e+03 5.679256377794443533e-02
4.613000000000000000e+03 5.673774581011339219e-02
4.614000000000000000e+03 5.667748510343967316e-02
4.615000000000000000e+03 5.661318054482703671e-02
4.616000000000000000e+03 5.654625609404442116e-02
4.617000000000000000e+03 5.647813554195177388e-02
4.618000000000000000e+03 5.641022479823847718e-02
4.619000000000000000e+03 5.634388683152876526e-02
4.620000000000000000e+03 5.628043129713967974e-02
4.621000000000000000e+03 5.622109536166920024e-02
4.622000000000000000e+03 5.616702762699386786e-02
4.623000000000000000e+03 5.611928577327528200e-02
4.624000000000000000e+03 5.607882405951694627e-02
4.625000000000000000e+03 5.604648727020977717e-02
4.626000000000000000e+03 5.602300244440239219e-02
4.627000000000000000e+03 5.600897494562649681e-02
4.628000000000000000e+03 5.600489506875686724e-02
4.629000000000000000e+03 5.601114121261588363e-02
4.630000000000000000e+03 5.602799343991404779e-02
4.631000000000000000e+03 5.605564040939430004e-02
4.632000000000000000e+03 5.609417867629855337e-02
4.633000000000000000e+03 5.614363472664780919e-02
4.634000000000000000e+03 5.620396196446701687e-02
4.635000000000000000e+03 5.627502955057608891e-02
4.636000000000000000e+03 5.635662377009623136e-02
4.637000000000000000e+03 5.644843116368598174e-02
4.638000000000000000e+03 5.655002498093376906e-02
4.639000000000000000e+03 5.666085083376889292e-02
4.640000000000000000e+03 5.678021217703489720e-02
4.641000000000000000e+03 5.690727241809659387e-02
4.642000000000000000e+03 5.704105953849734206e-02
4.643000000000000000e+03 5.718048158830127403e-02
4.644000000000000000e+03 5.732435625268900159e-02
4.645000000000000000e+03 5.747143604662312277e-02
4.646000000000000000e+03 5.762044004793813456e-02
4.647000000000000000e+03 5.777009326165220837e-02
4.648000000000000000e+03 5.791916881879194401e-02
4.649000000000000000e+03 5.806650550892171470e-02
4.650000000000000000e+03 5.821102914763412461e-02
4.651000000000000000e+03 5.835174856933701693e-02
4.652000000000000000e+03 5.848775717564969057e-02
4.653000000000000000e+03 5.861821348414218702e-02
4.654000000000000000e+03 5.874232089846122273e-02
4.655000000000000000e+03 5.885931537260107038e-02
4.656000000000000000e+03 5.896842193008233757e-02
4.657000000000000000e+03 5.906884807281102823e-02
4.658000000000000000e+03 5.915977972059675849e-02
4.659000000000000000e+03 5.924038754136316115e-02
4.660000000000000000e+03 5.930983220542253298e-02
4.661000000000000000e+03 5.936729123068070629e-02
4.662000000000000000e+03 5.941200728670861797e-02
4.663000000000000000e+03 5.944334368953816533e-02
4.664000000000000000e+03 5.946082741496050428e-02
4.665000000000000000e+03 5.946420554722754714e-02
4.666000000000000000e+03 5.945348215199025566e-02
4.667000000000000000e+03 5.942893515031082152e-02
4.668000000000000000e+03 5.939112307517601524e-02
4.669000000000000000e+03 5.934086211502501151e-02
4.670000000000000000e+03 5.927918160058687214e-02
4.671000000000000000e+03 5.920724727005707844e-02
4.672000000000000000e+03 5.912628614987600756e-02
4.673000000000000000e+03 5.903751164662479622e-02
4.674000000000000000e+03 5.894205915072610324e-02
4.675000000000000000e+03 5.884092722649318652e-02
4.676000000000000000e+03 5.873493934489745771e-02
4.677000000000000000e+03 5.862474072538297054e-02
4.678000000000000000e+03 5.851081619542862489e-02
4.679000000000000000e+03 5.839350647775481962e-02
4.680000000000000000e+03 5.827306213038734722e-02
4.681000000000000000e+03 5.814969262059029032e-02
4.682000000000000000e+03 5.802360357624537779e-02
4.683000000000000000e+03 5.789505148417663227e-02
4.684000000000000000e+03 5.776436430265331767e-02
4.685000000000000000e+03 5.763196659863631388e-02
4.686000000000000000e+03 5.749837723487158381e-02
4.687000000000000000e+03 5.736420381562556958e-02
4.688000000000000000e+03 5.723013119492800088e-02
4.689000000000000000e+03 5.709690774528941581e-02
4.690000000000000000e+03 5.696533070276670052e-02
4.691000000000000000e+03 5.683621820017173421e-02
4.692000000000000000e+03 5.671041182639456613e-02
4.693000000000000000e+03 5.658876487178998715e-02
4.694000000000000000e+03 5.647214481830212240e-02
4.695000000000000000e+03 5.636143264313202283e-02
4.696000000000000000e+03 5.625751761684789909e-02
4.697000000000000000e+03 5.616129022108055924e-02
4.698000000000000000e+03 5.607363174399755679e-02
4.699000000000000000e+03 5.599538215088639692e-02
4.700000000000000000e+03 5.592731547080102839e-02
4.701000000000000000e+03 5.587010609206312373e-02
4.702000000000000000e+03 5.582427509690434525e-02
4.703000000000000000e+03 5.579016324374318214e-02
4.704000000000000000e+03 5.576789828429848384e-02
4.705000000000000000e+03 5.575735781361252502e-02
4.706000000000000000e+03 5.575813948439332923e-02
4.707000000000000000e+03 5.576957217882602680e-02
4.708000000000000000e+03 5.579071835043173527e-02
4.709000000000000000e+03 5.582038842866088313e-02
4.710000000000000000e+03 5.585715511284405910e-02
4.711000000000000000e+03 5.589940219421576928e-02
4.712000000000000000e+03 5.594536825409203440e-02
4.713000000000000000e+03 5.599320551614246633e-02
4.714000000000000000e+03 5.604103704970007233e-02
4.715000000000000000e+03 5.608703186509446381e-02
4.716000000000000000e+03 5.612945916308596100e-02
4.717000000000000000e+03 5.616673408032610282e-02
4.718000000000000000e+03 5.619746432798229663e-02
4.719000000000000000e+03 5.622049016684768641e-02
4.720000000000000000e+03 5.623490583448023661e-02
4.721000000000000000e+03 5.624005412830128392e-02
4.722000000000000000e+03 5.623552529724110127e-02
4.723000000000000000e+03 5.622113860284719961e-02
4.724000000000000000e+03 5.619692367327133037e-02
4.725000000000000000e+03 5.616310873187335684e-02
4.726000000000000000e+03 5.612008755004144200e-02
4.727000000000000000e+03 5.606840351548779411e-02
4.728000000000000000e+03 5.600874142106789660e-02
4.729000000000000000e+03 5.594191641534548842e-02
4.730000000000000000e+03 5.586886956475287103e-02
4.731000000000000000e+03 5.579065546505702911e-02
4.732000000000000000e+03 5.570841990943252442e-02
4.733000000000000000e+03 5.562339116834061348e-02
4.734000000000000000e+03 5.553684614626174659e-02
4.735000000000000000e+03 5.545007925530151538e-02
4.736000000000000000e+03 5.536436622760043669e-02
4.737000000000000000e+03 5.528093624114076288e-02
4.738000000000000000e+03 5.520093041348299312e-02
4.739000000000000000e+03 5.512536720454648542e-02
4.740000000000000000e+03 5.505511629326798051e-02
4.741000000000000000e+03 5.499087633073933279e-02
4.742000000000000000e+03 5.493316373611659142e-02
4.743000000000000000e+03 5.488230633759490218e-02
4.744000000000000000e+03 5.483844346433784656e-02
4.745000000000000000e+03 5.480153774231123071e-02
4.746000000000000000e+03 5.477139454038240651e-02
4.747000000000000000e+03 5.474768400190614670e-02
4.748000000000000000e+03 5.472998587421716576e-02
4.749000000000000000e+03 5.471783936547988669e-02
4.750000000000000000e+03 5.471077905866156277e-02
4.751000000000000000e+03 5.470837910389810682e-02
4.752000000000000000e+03 5.471030246467396829e-02
4.753000000000000000e+03 5.471633502466932003e-02
4.754000000000000000e+03 5.472640182363403688e-02
4.755000000000000000e+03 5.474056818820399739e-02
4.756000000000000000e+03 5.475902509466025470e-02
4.757000000000000000e+03 5.478206260324931798e-02
4.758000000000000000e+03 5.481003128175472583e-02
4.759000000000000000e+03 5.484329484338451577e-02
4.760000000000000000e+03 5.488218160538355095e-02
4.761000000000000000e+03 5.492693869536189460e-02
4.762000000000000000e+03 5.497770074893824216e-02
4.763000000000000000e+03 5.503447004262748687e-02
4.764000000000000000e+03 5.509710932818336071e-02
4.765000000000000000e+03 5.516532590363183719e-02
4.766000000000000000e+03 5.523868915153376524e-02
4.767000000000000000e+03 5.531664950240618162e-02
4.768000000000000000e+03 5.539857163634855086e-02
4.769000000000000000e+03 5.548375730247025878e-02
4.770000000000000000e+03 5.557147438161309794e-02
4.771000000000000000e+03 5.566100160434764299e-02
4.772000000000000000e+03 5.575165516036308111e-02
4.773000000000000000e+03 5.584280741643789236e-02
4.774000000000000000e+03 5.593390707427740860e-02
4.775000000000000000e+03 5.602448203513624853e-02
4.776000000000000000e+03 5.611413869187252546e-02
4.777000000000000000e+03 5.620256196643817065e-02
4.778000000000000000e+03 5.628949419324747599e-02
4.779000000000000000e+03 5.637471289719395151e-02
4.780000000000000000e+03 5.645800408622944633e-02
4.781000000000000000e+03 5.653913593878379107e-02
4.782000000000000000e+03 5.661782720194497714e-02
4.783000000000000000e+03 5.669371849129663937e-02
4.784000000000000000e+03 5.676634998177499530e-02
4.785000000000000000e+03 5.683514746964161979e-02
4.786000000000000000e+03 5.689941710570591005e-02
4.787000000000000000e+03 5.695835050517580878e-02
4.788000000000000000e+03 5.701103888325526059e-02
4.789000000000000000e+03 5.705649513462565658e-02
4.790000000000000000e+03 5.709368459200089840e-02
4.791000000000000000e+03 5.712155125914797349e-02
4.792000000000000000e+03 5.713905678840902613e-02
4.793000000000000000e+03 5.714520595490862886e-02
4.794000000000000000e+03 5.713908467402837449e-02
4.795000000000000000e+03 5.711990082730488555e-02
4.796000000000000000e+03 5.708701033956907478e-02
4.797000000000000000e+03 5.703993514441750567e-02
4.798000000000000000e+03 5.697838143343628842e-02
4.799000000000000000e+03 5.690225046394202513e-02
4.800000000000000000e+03 5.681164765304007325e-02
4.801000000000000000e+03 5.670688619730344937e-02
4.802000000000000000e+03 5.658847807808599362e-02
4.803000000000000000e+03 5.645713304156030343e-02
4.804000000000000000e+03 5.631373980940670987e-02
4.805000000000000000e+03 5.615933184391606880e-02
4.806000000000000000e+03 5.599506763495981643e-02
4.807000000000000000e+03 5.582220156900830760e-02
4.808000000000000000e+03 5.564202939999672581e-02
4.809000000000000000e+03 5.545585466001766439e-02
4.810000000000000000e+03 5.526493704526716511e-02
4.811000000000000000e+03 5.507045707443998517e-02
4.812000000000000000e+03 5.487349464568661017e-02
4.813000000000000000e+03 5.467500666716275382e-02
4.814000000000000000e+03 5.447581420366585936e-02
4.815000000000000000e+03 5.427662336443341701e-02
4.816000000000000000e+03 5.407803586615866215e-02
4.817000000000000000e+03 5.388057169700693344e-02
4.818000000000000000e+03 5.368469760459442658e-02
4.819000000000000000e+03 5.349087006218618268e-02
4.820000000000000000e+03 5.329955619940815459e-02
4.821000000000000000e+03 5.311126596878137235e-02
4.822000000000000000e+03 5.292657557223717779e-02
4.823000000000000000e+03 5.274613410290124316e-02
4.824000000000000000e+03 5.257068026063710375e-02
4.825000000000000000e+03 5.240104285702694431e-02
4.826000000000000000e+03 5.223813900054428278e-02
4.827000000000000000e+03 5.208296172043780370e-02
4.828000000000000000e+03 5.193656717132805190e-02
4.829000000000000000e+03 5.180005149427766020e-02
4.830000000000000000e+03 5.167452112081825227e-02
4.831000000000000000e+03 5.156107785825420065e-02
4.832000000000000000e+03 5.146078777920842784e-02
4.833000000000000000e+03 5.137466021546139433e-02
4.834000000000000000e+03 5.130362955486610088e-02
4.835000000000000000e+03 5.124853350803049157e-02
4.836000000000000000e+03 5.121010722818644667e-02
4.837000000000000000e+03 5.118897237142910894e-02
4.838000000000000000e+03 5.118562798079745457e-02
4.839000000000000000e+03 5.120044816889279815e-02
4.840000000000000000e+03 5.123367955445293914e-02
4.841000000000000000e+03 5.128543106294927018e-02
4.842000000000000000e+03 5.135566357618076561e-02
4.843000000000000000e+03 5.144417459809188381e-02
4.844000000000000000e+03 5.155060982111801110e-02
4.845000000000000000e+03 5.167444475646224694e-02
4.846000000000000000e+03 5.181499193106439694e-02
4.847000000000000000e+03 5.197141625924851793e-02
4.848000000000000000e+03 5.214274245977879030e-02
4.849000000000000000e+03 5.232787347962665481e-02
4.850000000000000000e+03 5.252561606310490738e-02
4.851000000000000000e+03 5.273471195729066002e-02
4.852000000000000000e+03 5.295386367846424691e-02
4.853000000000000000e+03 5.318176709432174964e-02
4.854000000000000000e+03 5.341714826706478458e-02
4.855000000000000000e+03 5.365879131076774916e-02
4.856000000000000000e+03 5.390556213693423193e-02
4.857000000000000000e+03 5.415643641963750754e-02
4.858000000000000000e+03 5.441051770562813084e-02
4.859000000000000000e+03 5.466704400873154818e-02
4.860000000000000000e+03 5.492538676535787395e-02
4.861000000000000000e+03 5.518504340317013229e-02
4.862000000000000000e+03 5.544562188802694414e-02
4.863000000000000000e+03 5.570682663449262606e-02
4.864000000000000000e+03 5.596843276215474755e-02
4.865000000000000000e+03 5.623026538194607349e-02
4.866000000000000000e+03 5.649218649529792052e-02
4.867000000000000000e+03 5.675408111002111511e-02
4.868000000000000000e+03 5.701583321570888319e-02
4.869000000000000000e+03 5.727730082431673614e-02
4.870000000000000000e+03 5.753830368190020195e-02
4.871000000000000000e+03 5.779862373572659806e-02
4.872000000000000000e+03 5.805799346721916832e-02
4.873000000000000000e+03 5.831609189349058059e-02
4.874000000000000000e+03 5.857254220421286711e-02
4.875000000000000000e+03 5.882691036290865760e-02
4.876000000000000000e+03 5.907870792773806806e-02
4.877000000000000000e+03 5.932738377004320718e-02
4.878000000000000000e+03 5.957232408822374370e-02
4.879000000000000000e+03 5.981287062303150548e-02
4.880000000000000000e+03 6.004831982709073895e-02
4.881000000000000000e+03 6.027792256646463676e-02
4.882000000000000000e+03 6.050090596994021214e-02
4.883000000000000000e+03 6.071649655129927187e-02
4.884000000000000000e+03 6.092393775666943290e-02
4.885000000000000000e+03 6.112250166537792906e-02
4.886000000000000000e+03 6.131150827150871896e-02
4.887000000000000000e+03 6.149035842788119766e-02
4.888000000000000000e+03 6.165854659033971619e-02
4.889000000000000000e+03 6.181568951186416222e-02
4.890000000000000000e+03 6.196154424456466053e-02
4.891000000000000000e+03 6.209602694840229975e-02
4.892000000000000000e+03 6.221922104332697212e-02
4.893000000000000000e+03 6.233137865753424905e-02
4.894000000000000000e+03 6.243291986067593669e-02
4.895000000000000000e+03 6.252443027779849838e-02
4.896000000000000000e+03 6.260663744184390145e-02
4.897000000000000000e+03 6.268040208132782953e-02
4.898000000000000000e+03 6.274670202973428590e-02
4.899000000000000000e+03 6.280660750223381050e-02
4.900000000000000000e+03 6.286124366017498133e-02
4.901000000000000000e+03 6.291175608118743101e-02
4.902000000000000000e+03 6.295928831386962687e-02
4.903000000000000000e+03 6.300494783601004456e-02
4.904000000000000000e+03 6.304976387500803303e-02
4.905000000000000000e+03 6.309466588305576162e-02
4.906000000000000000e+03 6.314046220543248489e-02
4.907000000000000000e+03 6.318780833106274475e-02
4.908000000000000000e+03 6.323720322253573167e-02
4.909000000000000000e+03 6.328899133588605785e-02
4.910000000000000000e+03 6.334335579462972710e-02
4.911000000000000000e+03 6.340031372534767062e-02
4.912000000000000000e+03 6.345973183884384694e-02
4.913000000000000000e+03 6.352134661453981423e-02
4.914000000000000000e+03 6.358477893965926164e-02
4.915000000000000000e+03 6.364955320677104234e-02
4.916000000000000000e+03 6.371511526903708700e-02
4.917000000000000000e+03 6.378086443765697278e-02
4.918000000000000000e+03 6.384617902866765449e-02
4.919000000000000000e+03 6.391043581890654135e-02
4.920000000000000000e+03 6.397302256861107927e-02
4.921000000000000000e+03 6.403336181826235762e-02
4.922000000000000000e+03 6.409092909786678893e-02
4.923000000000000000e+03 6.414525047145852588e-02
4.924000000000000000e+03 6.419592467198539931e-02
4.925000000000000000e+03 6.424263201237796761e-02
4.926000000000000000e+03 6.428512931379146145e-02
4.927000000000000000e+03 6.432324917777129669e-02
4.928000000000000000e+03 6.435688594700242349e-02
4.929000000000000000e+03 6.438598321227709254e-02
4.930000000000000000e+03 6.441051409218481738e-02
4.931000000000000000e+03 6.443045770032528041e-02
4.932000000000000000e+03 6.444578084661597983e-02
4.933000000000000000e+03 6.445642632032873298e-02
4.934000000000000000e+03 6.446230327930800585e-02
4.935000000000000000e+03 6.446327422213249392e-02
4.936000000000000000e+03 6.445914666572968854e-02
4.937000000000000000e+03 6.444968154342635425e-02
4.938000000000000000e+03 6.443460908885248473e-02
4.939000000000000000e+03 6.441363744424513649e-02
4.940000000000000000e+03 6.438647229009820949e-02
4.941000000000000000e+03 6.435282984526027872e-02
4.942000000000000000e+03 6.431244384408746351e-02
4.943000000000000000e+03 6.426509125428521430e-02
4.944000000000000000e+03 6.421058428859319211e-02
4.945000000000000000e+03 6.414879884613357286e-02
4.946000000000000000e+03 6.407968106141873066e-02
4.947000000000000000e+03 6.400324671146592759e-02
4.948000000000000000e+03 6.391959448734385596e-02
4.949000000000000000e+03 6.382890504808483301e-02
4.950000000000000000e+03 6.373144188912158170e-02
4.951000000000000000e+03 6.362756034116619219e-02
4.952000000000000000e+03 6.351769360053008406e-02
4.953000000000000000e+03 6.340234017048723691e-02
4.954000000000000000e+03 6.328205195790222171e-02
4.955000000000000000e+03 6.315740631125124627e-02
4.956000000000000000e+03 6.302897783820538002e-02
4.957000000000000000e+03 6.289731607883847220e-02
4.958000000000000000e+03 6.276292048933612699e-02
4.959000000000000000e+03 6.262621999817284679e-02
4.960000000000000000e+03 6.248755680338923674e-02
4.961000000000000000e+03 6.234716624537077478e-02
4.962000000000000000e+03 6.220518229790836934e-02
4.963000000000000000e+03 6.206164111719858489e-02
4.964000000000000000e+03 6.191647428437561246e-02
4.965000000000000000e+03 6.176952617706300136e-02
4.966000000000000000e+03 6.162057217133264098e-02
4.967000000000000000e+03 6.146933070821286593e-02
4.968000000000000000e+03 6.131547549945939868e-02
4.969000000000000000e+03 6.115866551640918025e-02
4.970000000000000000e+03 6.099855232328039306e-02
4.971000000000000000e+03 6.083480188646740727e-02
4.972000000000000000e+03 6.066710608767322821e-02
4.973000000000000000e+03 6.049519438951855843e-02
4.974000000000000000e+03 6.031885693125509096e-02
4.975000000000000000e+03 6.013795682687188282e-02
4.976000000000000000e+03 5.995243050976867272e-02
4.977000000000000000e+03 5.976229114072188764e-02
4.978000000000000000e+03 5.956762979845525718e-02
4.979000000000000000e+03 5.936861576434282473e-02
4.980000000000000000e+03 5.916550291110356241e-02
4.981000000000000000e+03 5.895860947533948515e-02
4.982000000000000000e+03 5.874831856292168225e-02
4.983000000000000000e+03 5.853507341915565459e-02
4.984000000000000000e+03 5.831936473695253226e-02
4.985000000000000000e+03 5.810171868782283006e-02
4.986000000000000000e+03 5.788270106470334853e-02
4.987000000000000000e+03 5.766291505256869454e-02
4.988000000000000000e+03 5.744299850277176378e-02
4.989000000000000000e+03 5.722363014365018652e-02
4.990000000000000000e+03 5.700554001676132188e-02
4.991000000000000000e+03 5.678951107850906815e-02
4.992000000000000000e+03 5.657638583835603724e-02
4.993000000000000000e+03 5.636706558034640380e-02
4.994000000000000000e+03 5.616252618530730850e-02
4.995000000000000000e+03 5.596379731173699301e-02
4.996000000000000000e+03 5.577194276830774178e-02
4.997000000000000000e+03 5.558806166060231702e-02
4.998000000000000000e+03 5.541324818240696282e-02
4.999000000000000000e+03 5.524856331138276039e-02
5.000000000000000000e+03 5.509500725461799475e-02
5.001000000000000000e+03 5.495348180774727032e-02
5.002000000000000000e+03 5.482476165724066430e-02
5.003000000000000000e+03 5.470947130948558557e-02
5.004000000000000000e+03 5.460806022300442042e-02
5.005000000000000000e+03 5.452080724266036155e-02
5.006000000000000000e+03 5.444782783768165046e-02
5.007000000000000000e+03 5.438907914847602998e-02
5.008000000000000000e+03 5.434439011254355023e-02
5.009000000000000000e+03 5.431349213016616745e-02
5.010000000000000000e+03 5.429604092559880968e-02
5.011000000000000000e+03 5.429164557478570463e-02
5.012000000000000000e+03 5.429989463600818494e-02
5.013000000000000000e+03 5.432037937563578833e-02
5.014000000000000000e+03 5.435270460332131820e-02
5.015000000000000000e+03 5.439648639769674443e-02
5.016000000000000000e+03 5.445135667996247458e-02
5.017000000000000000e+03 5.451695117176880850e-02
5.018000000000000000e+03 5.459289731645412813e-02
5.019000000000000000e+03 5.467881992102101990e-02
5.020000000000000000e+03 5.477432444056214156e-02
5.021000000000000000e+03 5.487899778432130116e-02
5.022000000000000000e+03 5.499241417232950124e-02
5.023000000000000000e+03 5.511412784142984828e-02
5.024000000000000000e+03 5.524369149712199389e-02
5.025000000000000000e+03 5.538065991593238424e-02
5.026000000000000000e+03 5.552460848801288318e-02
5.027000000000000000e+03 5.567514605630748820e-02
5.028000000000000000e+03 5.583191717815673416e-02
5.029000000000000000e+03 5.599461240392730049e-02
5.030000000000000000e+03 5.616296594625619365e-02
5.031000000000000000e+03 5.633674245412395587e-02
5.032000000000000000e+03 5.651574338206646897e-02
5.033000000000000000e+03 5.669979181836842796e-02
5.034000000000000000e+03 5.688871687529507837e-02
5.035000000000000000e+03 5.708233211500370746e-02
5.036000000000000000e+03 5.728042914641243155e-02
5.037000000000000000e+03 5.748274526977331655e-02
5.038000000000000000e+03 5.768896239959546424e-02
5.039000000000000000e+03 5.789869519246224061e-02
5.040000000000000000e+03 5.811147736215686865e-02
5.041000000000000000e+03 5.832675235313772300e-02
5.042000000000000000e+03 5.854388610621150124e-02
5.043000000000000000e+03 5.876215514538563056e-02
5.044000000000000000e+03 5.898075949200921875e-02
5.045000000000000000e+03 5.919884433420660036e-02
5.046000000000000000e+03 5.941550660610826762e-02
5.047000000000000000e+03 5.962981359994889985e-02
5.048000000000000000e+03 5.984081886553256624e-02
5.049000000000000000e+03 6.004757509041065699e-02
5.050000000000000000e+03 6.024915625823929616e-02
5.051000000000000000e+03 6.044467917444852623e-02
5.052000000000000000e+03 6.063333215482002991e-02
5.053000000000000000e+03 6.081438326157537905e-02
5.054000000000000000e+03 6.098718798217257070e-02
5.055000000000000000e+03 6.115120853477170465e-02
5.056000000000000000e+03 6.130602825917523535e-02
5.057000000000000000e+03 6.145135865393655528e-02
5.058000000000000000e+03 6.158704302448485268e-02
5.059000000000000000e+03 6.171304650987240181e-02
5.060000000000000000e+03 6.182944459765083584e-02
5.061000000000000000e+03 6.193640268864508691e-02
5.062000000000000000e+03 6.203415503801014419e-02
5.063000000000000000e+03 6.212297160013658531e-02
5.064000000000000000e+03 6.220312225154873975e-02
5.065000000000000000e+03 6.227484087222240339e-02
5.066000000000000000e+03 6.233829780599196846e-02
5.067000000000000000e+03 6.239358739474578502e-02
5.068000000000000000e+03 6.244069788768608076e-02
5.069000000000000000e+03 6.247950497614219306e-02
5.070000000000000000e+03 6.250977437353349986e-02
5.071000000000000000e+03 6.253116223167036469e-02
5.072000000000000000e+03 6.254323726398758332e-02
5.073000000000000000e+03 6.254552279420372285e-02
5.074000000000000000e+03 6.253752100687756665e-02
5.075000000000000000e+03 6.251874899801701524e-02
5.076000000000000000e+03 6.248878625829186462e-02
5.077000000000000000e+03 6.244731026244812466e-02
5.078000000000000000e+03 6.239412684999980085e-02
5.079000000000000000e+03 6.232921406625191452e-02
5.080000000000000000e+03 6.225274952394806161e-02
5.081000000000000000e+03 6.216512168571905472e-02
5.082000000000000000e+03 6.206693560064294179e-02
5.083000000000000000e+03 6.195900231703720118e-02
5.084000000000000000e+03 6.184231881696673067e-02
5.085000000000000000e+03 6.171804006415071431e-02
5.086000000000000000e+03 6.158744745219929539e-02
5.087000000000000000e+03 6.145190777290299861e-02
5.088000000000000000e+03 6.131281412064103209e-02
5.089000000000000000e+03 6.117153428353803990e-02
5.090000000000000000e+03 6.102936859926358371e-02
5.091000000000000000e+03 6.088748924562412818e-02
5.092000000000000000e+03 6.074690657099192370e-02
5.093000000000000000e+03 6.060844147109948482e-02
5.094000000000000000e+03 6.047270348816934094e-02
5.095000000000000000e+03 6.034008022318528008e-02
5.096000000000000000e+03 6.021074364522098488e-02
5.097000000000000000e+03 6.008466859998763676e-02
5.098000000000000000e+03 5.996165208859703666e-02
5.099000000000000000e+03 5.984132874119323792e-02
5.100000000000000000e+03 5.972321624783724636e-02
5.101000000000000000e+03 5.960674487825698420e-02
5.102000000000000000e+03 5.949128823862691318e-02
5.103000000000000000e+03 5.937619914872661886e-02
5.104000000000000000e+03 5.926084014888795964e-02
5.105000000000000000e+03 5.914460304807353519e-02
5.106000000000000000e+03 5.902692743033719630e-02
5.107000000000000000e+03 5.890731672434057486e-02
5.108000000000000000e+03 5.878533397080883127e-02
5.109000000000000000e+03 5.866061504734884635e-02
5.110000000000000000e+03 5.853287602237553650e-02
5.111000000000000000e+03 5.840191091556500014e-02
5.112000000000000000e+03 5.826759027551856041e-02
5.113000000000000000e+03 5.812984778844101919e-02
5.114000000000000000e+03 5.798867230565521447e-02
5.115000000000000000e+03 5.784412466382403417e-02
5.116000000000000000e+03 5.769632971033989560e-02
5.117000000000000000e+03 5.754547571247534132e-02
5.118000000000000000e+03 5.739181042767427243e-02
5.119000000000000000e+03 5.723564459513158509e-02
5.120000000000000000e+03 5.707735058864214089e-02
5.121000000000000000e+03 5.691735562049732994e-02
5.122000000000000000e+03 5.675613968356960776e-02
5.123000000000000000e+03 5.659421210753402820e-02
5.124000000000000000e+03 5.643210444074830967e-02
5.125000000000000000e+03 5.627034432703529460e-02
5.126000000000000000e+03 5.610941526503132604e-02
5.127000000000000000e+03 5.594973854235314736e-02
5.128000000000000000e+03 5.579164588307930495e-02
5.129000000000000000e+03 5.563536760562944050e-02
5.130000000000000000e+03 5.548102964144160931e-02
5.131000000000000000e+03 5.532865097529666293e-02
5.132000000000000000e+03 5.517816444409428395e-02
5.133000000000000000e+03 5.502944901918965792e-02
5.134000000000000000e+03 5.488237581571944745e-02
5.135000000000000000e+03 5.473683812652480052e-02
5.136000000000000000e+03 5.459279702217995078e-02
5.137000000000000000e+03 5.445031037375856059e-02
5.138000000000000000e+03 5.430954967883515339e-02
5.139000000000000000e+03 5.417078896122598519e-02
5.140000000000000000e+03 5.403438992713588407e-02
5.141000000000000000e+03 5.390078039703241619e-02
5.142000000000000000e+03 5.377042797286041287e-02
5.143000000000000000e+03 5.364379932363827486e-02
5.144000000000000000e+03 5.352133755771595197e-02
5.145000000000000000e+03 5.340345481228182811e-02
5.146000000000000000e+03 5.329052427415147813e-02
5.147000000000000000e+03 5.318288552580910378e-02
5.148000000000000000e+03 5.308085551719596284e-02
5.149000000000000000e+03 5.298475538462394524e-02
5.150000000000000000e+03 5.289492399946192636e-02
5.151000000000000000e+03 5.281172184027888017e-02
5.152000000000000000e+03 5.273554781277297460e-02
5.153000000000000000e+03 5.266685255816964950e-02
5.154000000000000000e+03 5.260613824559351448e-02
5.155000000000000000e+03 5.255394293959901597e-02
5.156000000000000000e+03 5.251083025118594150e-02
5.157000000000000000e+03 5.247735902898040261e-02
5.158000000000000000e+03 5.245407108196252499e-02
5.159000000000000000e+03 5.244146334633920103e-02
5.160000000000000000e+03 5.243996097191862271e-02
5.161000000000000000e+03 5.244988132536545361e-02
5.162000000000000000e+03 5.247142021877181095e-02
5.163000000000000000e+03 5.250463207357314310e-02
5.164000000000000000e+03 5.254941126235662674e-02
5.165000000000000000e+03 5.260547447647631603e-02
5.166000000000000000e+03 5.267235774234539647e-02
5.167000000000000000e+03 5.274941991590292867e-02
5.168000000000000000e+03 5.283585299334671304e-02
5.169000000000000000e+03 5.293069874916181417e-02
5.170000000000000000e+03 5.303286678449421754e-02
5.171000000000000000e+03 5.314114509459925279e-02
5.172000000000000000e+03 5.325423184486646755e-02
5.173000000000000000e+03 5.337076417834084319e-02
5.174000000000000000e+03 5.348933683814870860e-02
5.175000000000000000e+03 5.360851903365461413e-02
5.176000000000000000e+03 5.372688091090306595e-02
5.177000000000000000e+03 5.384302146161249608e-02
5.178000000000000000e+03 5.395559483762184250e-02
5.179000000000000000e+03 5.406333442986065163e-02
5.180000000000000000e+03 5.416509126058335205e-02
5.181000000000000000e+03 5.425988137678283696e-02
5.182000000000000000e+03 5.434692333495291794e-02
5.183000000000000000e+03 5.442567379008158429e-02
5.184000000000000000e+03 5.449585000608725416e-02
5.185000000000000000e+03 5.455744547087066493e-02
5.186000000000000000e+03 5.461073691945696890e-02
5.187000000000000000e+03 5.465628005213121060e-02
5.188000000000000000e+03 5.469488406419789617e-02
5.189000000000000000e+03 5.472757219936816298e-02
5.190000000000000000e+03 5.475554147251528170e-02
5.191000000000000000e+03 5.478011416949277179e-02
5.192000000000000000e+03 5.480268719534557575e-02
5.193000000000000000e+03 5.482468044910052823e-02
5.194000000000000000e+03 5.484748216164661572e-02
5.195000000000000000e+03 5.487240316815293617e-02
5.196000000000000000e+03 5.490063390972711038e-02
5.197000000000000000e+03 5.493320309070509611e-02
5.198000000000000000e+03 5.497094215512293713e-02
5.199000000000000000e+03 5.501444548453459510e-02
5.200000000000000000e+03 5.506405232117191767e-02
5.201000000000000000e+03 5.511982620304314850e-02
5.202000000000000000e+03 5.518153343506670971e-02
5.203000000000000000e+03 5.524864922972036463e-02
5.204000000000000000e+03 5.532037897375179092e-02
5.205000000000000000e+03 5.539568446179393701e-02
5.206000000000000000e+03 5.547332280107743208e-02
5.207000000000000000e+03 5.555187863891587058e-02
5.208000000000000000e+03 5.562981917734361598e-02
5.209000000000000000e+03 5.570554732590662916e-02
5.210000000000000000e+03 5.577745534400775640e-02
5.211000000000000000e+03 5.584399065671200035e-02
5.212000000000000000e+03 5.590370900662209458e-02
5.213000000000000000e+03 5.595532853808118934e-02
5.214000000000000000e+03 5.599778860441977091e-02
5.215000000000000000e+03 5.603030099681136078e-02
5.216000000000000000e+03 5.605238064438911039e-02
5.217000000000000000e+03 5.606388074599799598e-02
5.218000000000000000e+03 5.606501246368493507e-02
5.219000000000000000e+03 5.605633523713365179e-02
5.220000000000000000e+03 5.603874108015010486e-02
5.221000000000000000e+03 5.601341733069724327e-02
5.222000000000000000e+03 5.598178800465671012e-02
5.223000000000000000e+03 5.594544555529880336e-02
5.224000000000000000e+03 5.590607428094813980e-02
5.225000000000000000e+03 5.586537225034881454e-02
5.226000000000000000e+03 5.582496756634265644e-02
5.227000000000000000e+03 5.578636353266624992e-02
5.228000000000000000e+03 5.575089375554254101e-02
5.229000000000000000e+03 5.571967018874582345e-02
5.230000000000000000e+03 5.569357288701441699e-02
5.231000000000000000e+03 5.567323724676639940e-02
5.232000000000000000e+03 5.565906290011587987e-02
5.233000000000000000e+03 5.565122904517896818e-02
5.234000000000000000e+03 5.564971210390592254e-02
5.235000000000000000e+03 5.565431006885115939e-02
5.236000000000000000e+03 5.566467786638362725e-02
5.237000000000000000e+03 5.568035318005822021e-02
5.238000000000000000e+03 5.570076830074438545e-02
5.239000000000000000e+03 5.572526224620666380e-02
5.240000000000000000e+03 5.575310683810090484e-02
5.241000000000000000e+03 5.578351444988215169e-02
5.242000000000000000e+03 5.581566496198536731e-02
5.243000000000000000e+03 5.584871731588957056e-02
5.244000000000000000e+03 5.588182055097390410e-02
5.245000000000000000e+03 5.591414924781866469e-02
5.246000000000000000e+03 5.594491477379478356e-02
5.247000000000000000e+03 5.597339857589895412e-02
5.248000000000000000e+03 5.599897037946583583e-02
5.249000000000000000e+03 5.602109971609488259e-02
5.250000000000000000e+03 5.603938492950304856e-02
5.251000000000000000e+03 5.605355536540942984e-02
5.252000000000000000e+03 5.606347809488861078e-02
5.253000000000000000e+03 5.606916364966790800e-02
5.254000000000000000e+03 5.607074019537654219e-02
5.255000000000000000e+03 5.606844539544141026e-02
5.256000000000000000e+03 5.606263023030071124e-02
5.257000000000000000e+03 5.605373502841872607e-02
5.258000000000000000e+03 5.604227287743528130e-02
5.259000000000000000e+03 5.602880168660114707e-02
5.260000000000000000e+03 5.601391087010428732e-02
5.261000000000000000e+03 5.599819367550554899e-02
5.262000000000000000e+03 5.598221770024733313e-02
5.263000000000000000e+03 5.596650693504531815e-02
5.264000000000000000e+03 5.595152185690446117e-02
5.265000000000000000e+03 5.593764273405530535e-02
5.266000000000000000e+03 5.592516909706857220e-02
5.267000000000000000e+03 5.591431982863964700e-02
5.268000000000000000e+03 5.590523905162055052e-02
5.269000000000000000e+03 5.589800822369711542e-02
5.270000000000000000e+03 5.589265958009342894e-02
5.271000000000000000e+03 5.588920503413604551e-02
5.272000000000000000e+03 5.588765378803255829e-02
5.273000000000000000e+03 5.588802914980802589e-02
5.274000000000000000e+03 5.589038920761599250e-02
5.275000000000000000e+03 5.589482585091768568e-02
5.276000000000000000e+03 5.590146655309311680e-02
5.277000000000000000e+03 5.591048490950184524e-02
5.278000000000000000e+03 5.592210564108845983e-02
5.279000000000000000e+03 5.593659870406223616e-02
5.280000000000000000e+03 5.595427058365112089e-02
5.281000000000000000e+03 5.597546254126524456e-02
5.282000000000000000e+03 5.600055282460460193e-02
5.283000000000000000e+03 5.602993893539917614e-02
5.284000000000000000e+03 5.606402827368853203e-02
5.285000000000000000e+03 5.610322677271416258e-02
5.286000000000000000e+03 5.614791268562943638e-02
5.287000000000000000e+03 5.619840312075807809e-02
5.288000000000000000e+03 5.625493605943408110e-02
5.289000000000000000e+03 5.631763399484898680e-02
5.290000000000000000e+03 5.638647984358560739e-02
5.291000000000000000e+03 5.646129202615619846e-02
5.292000000000000000e+03 5.654170321177355574e-02
5.293000000000000000e+03 5.662715193173470385e-02
5.294000000000000000e+03 5.671688641914349877e-02
5.295000000000000000e+03 5.680997667603203405e-02
5.296000000000000000e+03 5.690534990931281345e-02
5.297000000000000000e+03 5.700183565979774492e-02
5.298000000000000000e+03 5.709821311038903308e-02
5.299000000000000000e+03 5.719327152075436016e-02
5.300000000000000000e+03 5.728587099324342069e-02
5.301000000000000000e+03 5.737500274934012601e-02
5.302000000000000000e+03 5.745983505242435729e-02
5.303000000000000000e+03 5.753974909605473476e-02
5.304000000000000000e+03 5.761435916700392845e-02
5.305000000000000000e+03 5.768351995541588784e-02
5.306000000000000000e+03 5.774730422915329980e-02
5.307000000000000000e+03 5.780597049755280270e-02
5.308000000000000000e+03 5.785992244779135374e-02
5.309000000000000000e+03 5.790966451446787067e-02
5.310000000000000000e+03 5.795575324736566836e-02
5.311000000000000000e+03 5.799873778294122040e-02
5.312000000000000000e+03 5.803911675168187123e-02
5.313000000000000000e+03 5.807729892446738401e-02
5.314000000000000000e+03 5.811357478732954995e-02
5.315000000000000000e+03 5.814810256560376533e-02
5.316000000000000000e+03 5.818090367677383745e-02
5.317000000000000000e+03 5.821185734046664673e-02
5.318000000000000000e+03 5.824070862117222691e-02
5.319000000000000000e+03 5.826709030641988307e-02
5.320000000000000000e+03 5.829055805920562577e-02
5.321000000000000000e+03 5.831062939522420330e-02
5.322000000000000000e+03 5.832681933134210850e-02
5.323000000000000000e+03 5.833868374783757887e-02
5.324000000000000000e+03 5.834584787610594403e-02
5.325000000000000000e+03 5.834802904634625587e-02
5.326000000000000000e+03 5.834506163079822977e-02
5.327000000000000000e+03 5.833691286560944989e-02
5.328000000000000000e+03 5.832367537004323754e-02
5.329000000000000000e+03 5.830555085862382941e-02
5.330000000000000000e+03 5.828281851895752291e-02
5.331000000000000000e+03 5.825579718694522124e-02
5.332000000000000000e+03 5.822481083792882539e-02
5.333000000000000000e+03 5.819015500354458859e-02
5.334000000000000000e+03 5.815206072971663975e-02
5.335000000000000000e+03 5.811066521339414148e-02
5.336000000000000000e+03 5.806601563088268497e-02
5.337000000000000000e+03 5.801805842060660245e-02
5.338000000000000000e+03 5.796666012394112444e-02
5.339000000000000000e+03 5.791164522271813331e-02
5.340000000000000000e+03 5.785284742670242231e-02
5.341000000000000000e+03 5.779015557702680411e-02
5.342000000000000000e+03 5.772358323957206550e-02
5.343000000000000000e+03 5.765331200809297590e-02
5.344000000000000000e+03 5.757972530940391742e-02
5.345000000000000000e+03 5.750343218192962430e-02
5.346000000000000000e+03 5.742526986643936571e-02
5.347000000000000000e+03 5.734628872809408029e-02
5.348000000000000000e+03 5.726769252128477428e-02
5.349000000000000000e+03 5.719080013949036367e-02
5.350000000000000000e+03 5.711698052829763950e-02
5.351000000000000000e+03 5.704758626877125260e-02
5.352000000000000000e+03 5.698389760050862063e-02
5.353000000000000000e+03 5.692706168953688695e-02
5.354000000000000000e+03 5.687806130129462179e-02
5.355000000000000000e+03 5.683767177299464679e-02
5.356000000000000000e+03 5.680644740222387523e-02
5.357000000000000000e+03 5.678471088437332670e-02
5.358000000000000000e+03 5.677256326951706650e-02
5.359000000000000000e+03 5.676989563216899848e-02
5.360000000000000000e+03 5.677639774138957401e-02
5.361000000000000000e+03 5.679157541977584989e-02
5.362000000000000000e+03 5.681478650672638214e-02
5.363000000000000000e+03 5.684527709928030581e-02
5.364000000000000000e+03 5.688220495978166952e-02
5.365000000000000000e+03 5.692466882503115916e-02
5.366000000000000000e+03 5.697173516489967976e-02
5.367000000000000000e+03 5.702247277182037610e-02
5.368000000000000000e+03 5.707597708711435042e-02
5.369000000000000000e+03 5.713138637970523181e-02
5.370000000000000000e+03 5.718790312661473779e-02
5.371000000000000000e+03 5.724480162832236430e-02
5.372000000000000000e+03 5.730143248598607020e-02
5.373000000000000000e+03 5.735722240772300057e-02
5.374000000000000000e+03 5.741167876872748516e-02
5.375000000000000000e+03 5.746438997059774567e-02
5.376000000000000000e+03 5.751501497918825451e-02
5.377000000000000000e+03 5.756327539729085008e-02
5.378000000000000000e+03 5.760894213592395591e-02
5.379000000000000000e+03 5.765183114725118407e-02
5.380000000000000000e+03 5.769179408360557149e-02
5.381000000000000000e+03 5.772870308549478413e-02
5.382000000000000000e+03 5.776244585648714069e-02
5.383000000000000000e+03 5.779291703252073531e-02
5.384000000000000000e+03 5.781999862987894506e-02
5.385000000000000000e+03 5.784354834845384374e-02
5.386000000000000000e+03 5.786338077956169890e-02
5.387000000000000000e+03 5.787924380002469615e-02
5.388000000000000000e+03 5.789079812435943273e-02
5.389000000000000000e+03 5.789759876423895141e-02
5.390000000000000000e+03 5.789908766279985852e-02
5.391000000000000000e+03 5.789461878584054033e-02
5.392000000000000000e+03 5.788347359041754597e-02
5.393000000000000000e+03 5.786489181080095578e-02
5.394000000000000000e+03 5.783812058887049384e-02
5.395000000000000000e+03 5.780246461788168116e-02
5.396000000000000000e+03 5.775734681574415386e-02
5.397000000000000000e+03 5.770238816759305778e-02
5.398000000000000000e+03 5.763746917960767269e-02
5.399000000000000000e+03 5.756279130063862715e-02
5.400000000000000000e+03 5.747891968972607124e-02
5.401000000000000000e+03 5.738679367369325934e-02
5.402000000000000000e+03 5.728771300313510728e-02
5.403000000000000000e+03 5.718330073371905020e-02
5.404000000000000000e+03 5.707543191268198146e-02
5.405000000000000000e+03 5.696613952898279404e-02
5.406000000000000000e+03 5.685752017032136285e-02
5.407000000000000000e+03 5.675163329419353336e-02
5.408000000000000000e+03 5.665040392400559621e-02
5.409000000000000000e+03 5.655556341228545891e-02
5.410000000000000000e+03 5.646858866380216613e-02
5.411000000000000000e+03 5.639065849675446718e-02
5.412000000000000000e+03 5.632263208838048096e-02
5.413000000000000000e+03 5.626503998230017456e-02
5.414000000000000000e+03 5.621808704622125591e-02
5.415000000000000000e+03 5.618165302749399820e-02
5.416000000000000000e+03 5.615529905024631979e-02
5.417000000000000000e+03 5.613829324632844953e-02
5.418000000000000000e+03 5.612963791426373028e-02
5.419000000000000000e+03 5.612811152239133294e-02
5.420000000000000000e+03 5.613232115690336421e-02
5.421000000000000000e+03 5.614074329691599863e-02
5.422000000000000000e+03 5.615177772936096739e-02
5.423000000000000000e+03 5.616380914460704366e-02
5.424000000000000000e+03 5.617527723682780999e-02
5.425000000000000000e+03 5.618471300726204931e-02
5.426000000000000000e+03 5.619079448731967297e-02
5.427000000000000000e+03 5.619238602477583111e-02
5.428000000000000000e+03 5.618856529356579949e-02
5.429000000000000000e+03 5.617862728836202357e-02
5.430000000000000000e+03 5.616209365112741214e-02
5.431000000000000000e+03 5.613869058239541465e-02
5.432000000000000000e+03 5.610834576991458045e-02
5.433000000000000000e+03 5.607117362827762630e-02
5.434000000000000000e+03 5.602745478887447006e-02
5.435000000000000000e+03 5.597763439693255461e-02
5.436000000000000000e+03 5.592232402863082930e-02
5.437000000000000000e+03 5.586230722873655741e-02
5.438000000000000000e+03 5.579854659378127857e-02
5.439000000000000000e+03 5.573218481987318035e-02
5.440000000000000000e+03 5.566454894290921718e-02
5.441000000000000000e+03 5.559713909470938298e-02
5.442000000000000000e+03 5.553158819738733543e-02
5.443000000000000000e+03 5.546963187814837881e-02
5.444000000000000000e+03 5.541304515714351453e-02
5.445000000000000000e+03 5.536357364724048269e-02
5.446000000000000000e+03 5.532286466479538478e-02
5.447000000000000000e+03 5.529241169756599072e-02
5.448000000000000000e+03 5.527348725477913838e-02
5.449000000000000000e+03 5.526709991651726495e-02
5.450000000000000000e+03 5.527397427124765283e-02
5.451000000000000000e+03 5.529452865648400162e-02
5.452000000000000000e+03 5.532888580350525665e-02
5.453000000000000000e+03 5.537687987792251632e-02
5.454000000000000000e+03 5.543807247002584260e-02
5.455000000000000000e+03 5.551179940440768845e-02
5.456000000000000000e+03 5.559719976328231228e-02
5.457000000000000000e+03 5.569323873086171051e-02
5.458000000000000000e+03 5.579875773741014428e-02
5.459000000000000000e+03 5.591249910581527066e-02
5.460000000000000000e+03 5.603312790069554794e-02
5.461000000000000000e+03 5.615926483774690697e-02
5.462000000000000000e+03 5.628950735829605506e-02
5.463000000000000000e+03 5.642244954724609518e-02
5.464000000000000000e+03 5.655668589949726377e-02
5.465000000000000000e+03 5.669082616953869530e-02
5.466000000000000000e+03 5.682352040868030724e-02
5.467000000000000000e+03 5.695347603902096295e-02
5.468000000000000000e+03 5.707948274273509648e-02
5.469000000000000000e+03 5.720042250035019260e-02
5.470000000000000000e+03 5.731528735593861834e-02
5.471000000000000000e+03 5.742320019777476248e-02
5.472000000000000000e+03 5.752343043615519569e-02
5.473000000000000000e+03 5.761540565171807682e-02
5.474000000000000000e+03 5.769872089704865259e-02
5.475000000000000000e+03 5.777313034149083454e-02
5.476000000000000000e+03 5.783855297072530016e-02
5.477000000000000000e+03 5.789506936892889477e-02
5.478000000000000000e+03 5.794289242557674330e-02
5.479000000000000000e+03 5.798235689881922617e-02
5.480000000000000000e+03 5.801390749529347635e-02
5.481000000000000000e+03 5.803806078319145162e-02
5.482000000000000000e+03 5.805537975425352493e-02
5.483000000000000000e+03 5.806643911972290961e-02
5.484000000000000000e+03 5.807180259096800246e-02
5.485000000000000000e+03 5.807199028424291781e-02
5.486000000000000000e+03 5.806745899725006960e-02
5.487000000000000000e+03 5.805857182827703356e-02
5.488000000000000000e+03 5.804559678600018646e-02
5.489000000000000000e+03 5.802870312966006139e-02
5.490000000000000000e+03 5.800795083556008203e-02
5.491000000000000000e+03 5.798330353804785620e-02
5.492000000000000000e+03 5.795464002565797051e-02
5.493000000000000000e+03 5.792177366551869849e-02
5.494000000000000000e+03 5.788446562746230040e-02
5.495000000000000000e+03 5.784244273259808722e-02
5.496000000000000000e+03 5.779542467552836738e-02
5.497000000000000000e+03 5.774315128536054026e-02
5.498000000000000000e+03 5.768539904006990404e-02
5.499000000000000000e+03 5.762201969688663522e-02
5.500000000000000000e+03 5.755295266165237622e-02
5.501000000000000000e+03 5.747825168388545625e-02
5.502000000000000000e+03 5.739810804309611325e-02
5.503000000000000000e+03 5.731286891370255404e-02
5.504000000000000000e+03 5.722303933261202458e-02
5.505000000000000000e+03 5.712928267889796213e-02
5.506000000000000000e+03 5.703240840962294639e-02
5.507000000000000000e+03 5.693333899614422267e-02
5.508000000000000000e+03 5.683307102342693290e-02
5.509000000000000000e+03 5.673264210992608192e-02
5.510000000000000000e+03 5.663307107090689851e-02
5.511000000000000000e+03 5.653530918415581447e-02
5.512000000000000000e+03 5.644019738366987116e-02
5.513000000000000000e+03 5.634843008217447352e-02
5.514000000000000000e+03 5.626052746741153771e-02
5.515000000000000000e+03 5.617682175374190401e-02
5.516000000000000000e+03 5.609744305930944308e-02
5.517000000000000000e+03 5.602231539935184634e-02
5.518000000000000000e+03 5.595115827952763105e-02
5.519000000000000000e+03 5.588351356887949484e-02
5.520000000000000000e+03 5.581876785537730201e-02
5.521000000000000000e+03 5.575616896333591976e-02
5.522000000000000000e+03 5.569486406550532703e-02
5.523000000000000000e+03 5.563393934094779114e-02
5.524000000000000000e+03 5.557246343259251986e-02
5.525000000000000000e+03 5.550953056084020898e-02
5.526000000000000000e+03 5.544429741375756643e-02
5.527000000000000000e+03 5.537602490994697479e-02
5.528000000000000000e+03 5.530411005441914635e-02
5.529000000000000000e+03 5.522811200628041650e-02
5.530000000000000000e+03 5.514777447070436794e-02
5.531000000000000000e+03 5.506303459651541721e-02
5.532000000000000000e+03 5.497403365986711782e-02
5.533000000000000000e+03 5.488112317747449731e-02
5.534000000000000000e+03 5.478484491317410499e-02
5.535000000000000000e+03 5.468591376888261302e-02
5.536000000000000000e+03 5.458521521564463352e-02
5.537000000000000000e+03 5.448379023059462395e-02
5.538000000000000000e+03 5.438281340284943643e-02
5.539000000000000000e+03 5.428357113816476703e-02
5.540000000000000000e+03 5.418742685070467024e-02
5.541000000000000000e+03 5.409579821455774706e-02
5.542000000000000000e+03 5.401013091346379413e-02
5.543000000000000000e+03 5.393186031381168311e-02
5.544000000000000000e+03 5.386238623457047237e-02
5.545000000000000000e+03 5.380303404331219369e-02
5.546000000000000000e+03 5.375500097053116655e-02
5.547000000000000000e+03 5.371931729087121854e-02
5.548000000000000000e+03 5.369681066754725118e-02
5.549000000000000000e+03 5.368807483682446619e-02
5.550000000000000000e+03 5.369343625539410580e-02
5.551000000000000000e+03 5.371292783788406133e-02
5.552000000000000000e+03 5.374626419885195072e-02
5.553000000000000000e+03 5.379283092754313933e-02
5.554000000000000000e+03 5.385169423313065917e-02
5.555000000000000000e+03 5.392160896721422125e-02
5.556000000000000000e+03 5.400104301650242994e-02
5.557000000000000000e+03 5.408822227906958519e-02
5.558000000000000000e+03 5.418119138782531707e-02
5.559000000000000000e+03 5.427789195942474276e-02
5.560000000000000000e+03 5.437624043467072232e-02
5.561000000000000000e+03 5.447421714889522093e-02
5.562000000000000000e+03 5.456995394818707490e-02
5.563000000000000000e+03 5.466181282944813924e-02
5.564000000000000000e+03 5.474843642625135814e-02
5.565000000000000000e+03 5.482878189832356836e-02
5.566000000000000000e+03 5.490212461174672626e-02
5.567000000000000000e+03 5.496804494621446158e-02
5.568000000000000000e+03 5.502638562429555680e-02
5.569000000000000000e+03 5.507718930993434070e-02
5.570000000000000000e+03 5.512064477383649824e-02
5.571000000000000000e+03 5.515703455092443863e-02
5.572000000000000000e+03 5.518669263021820648e-02
5.573000000000000000e+03 5.520998093879264657e-02
5.574000000000000000e+03 5.522726460919138991e-02
5.575000000000000000e+03 5.523890825576334429e-02
5.576000000000000000e+03 5.524528556579320904e-02
5.577000000000000000e+03 5.524677848795542245e-02
5.578000000000000000e+03 5.524379704341750297e-02
5.579000000000000000e+03 5.523679734929083651e-02
5.580000000000000000e+03 5.522628788912440495e-02
5.581000000000000000e+03 5.521283670560665768e-02
5.582000000000000000e+03 5.519707569134712360e-02
5.583000000000000000e+03 5.517970635668702911e-02
5.584000000000000000e+03 5.516148971514747701e-02
5.585000000000000000e+03 5.514323808928006665e-02
5.586000000000000000e+03 5.512581187895528034e-02
5.587000000000000000e+03 5.511010067321527039e-02
5.588000000000000000e+03 5.509700768995314663e-02
5.589000000000000000e+03 5.508742998150828463e-02
5.590000000000000000e+03 5.508222440293711331e-02
5.591000000000000000e+03 5.508217138113685046e-02
5.592000000000000000e+03 5.508795376289232770e-02
5.593000000000000000e+03 5.510013250476909763e-02
5.594000000000000000e+03 5.511912696102081594e-02
5.595000000000000000e+03 5.514519776812815133e-02
5.596000000000000000e+03 5.517845098677535975e-02
5.597000000000000000e+03 5.521884520360754306e-02
5.598000000000000000e+03 5.526619464879413413e-02
5.599000000000000000e+03 5.532018892116369324e-02
5.600000000000000000e+03 5.538041204268016188e-02
5.601000000000000000e+03 5.544638470184513890e-02
5.602000000000000000e+03 5.551756993985572375e-02
5.603000000000000000e+03 5.559339658810519280e-02
5.604000000000000000e+03 5.567327782189443464e-02
5.605000000000000000e+03 5.575661815575834457e-02
5.606000000000000000e+03 5.584283307626318471e-02
5.607000000000000000e+03 5.593135396120152425e-02
5.608000000000000000e+03 5.602162534934192195e-02
5.609000000000000000e+03 5.611310243521281521e-02
5.610000000000000000e+03 5.620525360369942047e-02
5.611000000000000000e+03 5.629756503086433966e-02
5.612000000000000000e+03 5.638953751033794898e-02
5.613000000000000000e+03 5.648069631880354990e-02
5.614000000000000000e+03 5.657057683331320752e-02
5.615000000000000000e+03 5.665873094634907986e-02
5.616000000000000000e+03 5.674473567681347086e-02
5.617000000000000000e+03 5.682819733810840629e-02
5.618000000000000000e+03 5.690875478140648702e-02
5.619000000000000000e+03 5.698606598283868785e-02
5.620000000000000000e+03 5.705980785409829614e-02
5.621000000000000000e+03 5.712967992176264803e-02
5.622000000000000000e+03 5.719541292847143965e-02
5.623000000000000000e+03 5.725676683862686300e-02
5.624000000000000000e+03 5.731354345461658201e-02
5.625000000000000000e+03 5.736558729722678746e-02
5.626000000000000000e+03 5.741278607544562929e-02
5.627000000000000000e+03 5.745506797211669819e-02
5.628000000000000000e+03 5.749240126054123295e-02
5.629000000000000000e+03 5.752478895580198648e-02
5.630000000000000000e+03 5.755226537544751164e-02
5.631000000000000000e+03 5.757489042810016305e-02
5.632000000000000000e+03 5.759275513850531381e-02
5.633000000000000000e+03 5.760598009005141185e-02
5.634000000000000000e+03 5.761471648078138330e-02
5.635000000000000000e+03 5.761915952404524088e-02
5.636000000000000000e+03 5.761955805270710385e-02
5.637000000000000000e+03 5.761621183752520248e-02
5.638000000000000000e+03 5.760947271769346900e-02
5.639000000000000000e+03 5.759975537379580235e-02
5.640000000000000000e+03 5.758754170191930644e-02
5.641000000000000000e+03 5.757336115269703902e-02
5.642000000000000000e+03 5.755778185130304425e-02
5.643000000000000000e+03 5.754139583380867007e-02
5.644000000000000000e+03 5.752479638627865793e-02
5.645000000000000000e+03 5.750854084167687091e-02
5.646000000000000000e+03 5.749312155503109867e-02
5.647000000000000000e+03 5.747894974865179474e-02
5.648000000000000000e+03 5.746633264563175136e-02
5.649000000000000000e+03 5.745544791946784191e-02
5.650000000000000000e+03 5.744633700530914905e-02
5.651000000000000000e+03 5.743890482697976141e-02
5.652000000000000000e+03 5.743292113613281125e-02
5.653000000000000000e+03 5.742804396364320496e-02
5.654000000000000000e+03 5.742383363943238950e-02
5.655000000000000000e+03 5.741978083821545897e-02
5.656000000000000000e+03 5.741533270789640070e-02
5.657000000000000000e+03 5.740992486979303033e-02
5.658000000000000000e+03 5.740300029263169235e-02
5.659000000000000000e+03 5.739404849983448242e-02
5.660000000000000000e+03 5.738263144753391609e-02
5.661000000000000000e+03 5.736841106150668973e-02
5.662000000000000000e+03 5.735116710668559936e-02
5.663000000000000000e+03 5.733081202868808846e-02
5.664000000000000000e+03 5.730740494773528537e-02
5.665000000000000000e+03 5.728116668825771612e-02
5.666000000000000000e+03 5.725248268183520672e-02
5.667000000000000000e+03 5.722190641200379513e-02
5.668000000000000000e+03 5.719015793782946527e-02
5.669000000000000000e+03 5.715811618172243064e-02
5.670000000000000000e+03 5.712680012011872588e-02
5.671000000000000000e+03 5.709735933325811585e-02
5.672000000000000000e+03 5.707105843895591418e-02
5.673000000000000000e+03 5.704924719254858556e-02
5.674000000000000000e+03 5.703333077759965147e-02
5.675000000000000000e+03 5.702474798793773225e-02
5.676000000000000000e+03 5.702493892546467436e-02
5.677000000000000000e+03 5.703531000776791704e-02
5.678000000000000000e+03 5.705719240418059834e-02
5.679000000000000000e+03 5.709182012244994053e-02
5.680000000000000000e+03 5.714027379312336397e-02
5.681000000000000000e+03 5.720344328510130333e-02
5.682000000000000000e+03 5.728200055377793282e-02
5.683000000000000000e+03 5.737634815500929075e-02
5.684000000000000000e+03 5.748658310410874328e-02
5.685000000000000000e+03 5.761247300770186430e-02
5.686000000000000000e+03 5.775343039038612070e-02
5.687000000000000000e+03 5.790850768309429436e-02
5.688000000000000000e+03 5.807639411107119731e-02
5.689000000000000000e+03 5.825542916896483958e-02
5.690000000000000000e+03 5.844364028823627322e-02
5.691000000000000000e+03 5.863878914914320839e-02
5.692000000000000000e+03 5.883841935981884430e-02
5.693000000000000000e+03 5.903992610913137706e-02
5.694000000000000000e+03 5.924064530835417008e-02
5.695000000000000000e+03 5.943792550957243542e-02
5.696000000000000000e+03 5.962922117846986003e-02
5.697000000000000000e+03 5.981218475905356047e-02
5.698000000000000000e+03 5.998474164097045841e-02
5.699000000000000000e+03 6.014516376912405760e-02
5.700000000000000000e+03 6.029212231199802818e-02
5.701000000000000000e+03 6.042470918750195846e-02
5.702000000000000000e+03 6.054244664901291956e-02
5.703000000000000000e+03 6.064528009433705485e-02
5.704000000000000000e+03 6.073352751207479472e-02
5.705000000000000000e+03 6.080784163407886023e-02
5.706000000000000000e+03 6.086915901387282557e-02
5.707000000000000000e+03 6.091865044444994687e-02
5.708000000000000000e+03 6.095767591333933755e-02
5.709000000000000000e+03 6.098773346362839493e-02
5.710000000000000000e+03 6.101041126090227945e-02
5.711000000000000000e+03 6.102734249816665901e-02
5.712000000000000000e+03 6.104017216362159909e-02
5.713000000000000000e+03 6.105051529790431197e-02
5.714000000000000000e+03 6.105991554975918889e-02
5.715000000000000000e+03 6.106981312330098804e-02
5.716000000000000000e+03 6.108151315459740827e-02
5.717000000000000000e+03 6.109616125863306935e-02
5.718000000000000000e+03 6.111472195982773498e-02
5.719000000000000000e+03 6.113796905866750175e-02
5.720000000000000000e+03 6.116647418311960127e-02
5.721000000000000000e+03 6.120059952725130648e-02
5.722000000000000000e+03 6.124050897357118106e-02
5.723000000000000000e+03 6.128616437786642973e-02
5.724000000000000000e+03 6.133731832099342113e-02
5.725000000000000000e+03 6.139352043026095884e-02
5.726000000000000000e+03 6.145413125151913403e-02
5.727000000000000000e+03 6.151833480359869544e-02
5.728000000000000000e+03 6.158516098925230497e-02
5.729000000000000000e+03 6.165349923886128541e-02
5.730000000000000000e+03 6.172212645393969355e-02
5.731000000000000000e+03 6.178975957887584969e-02
5.732000000000000000e+03 6.185511087082098958e-02
5.733000000000000000e+03 6.191693293730619885e-02
5.734000000000000000e+03 6.197408984675237958e-02
5.735000000000000000e+03 6.202561043381818462e-02
5.736000000000000000e+03 6.207073658455845855e-02
5.737000000000000000e+03 6.210895713629839554e-02
5.738000000000000000e+03 6.214004479299112260e-02
5.739000000000000000e+03 6.216405198243612346e-02
5.740000000000000000e+03 6.218130874356893323e-02
5.741000000000000000e+03 6.219239700228184481e-02
5.742000000000000000e+03 6.219810950001415650e-02
5.743000000000000000e+03 6.219939023437814907e-02
5.744000000000000000e+03 6.219728205833933987e-02
5.745000000000000000e+03 6.219288066793423470e-02
5.746000000000000000e+03 6.218728449615161524e-02
5.747000000000000000e+03 6.218155136058886590e-02
5.748000000000000000e+03 6.217666403035007616e-02
5.749000000000000000e+03 6.217351135023683334e-02
5.750000000000000000e+03 6.217289059551092678e-02
5.751000000000000000e+03 6.217549651486689588e-02
5.752000000000000000e+03 6.218192296361484128e-02
5.753000000000000000e+03 6.219267479608855259e-02
5.754000000000000000e+03 6.220817391690824927e-02
5.755000000000000000e+03 6.222877422287875770e-02
5.756000000000000000e+03 6.225476456842971018e-02
5.757000000000000000e+03 6.228637696453425548e-02
5.758000000000000000e+03 6.232378947065063401e-02
5.759000000000000000e+03 6.236711267302895434e-02
5.760000000000000000e+03 6.241638143164297131e-02
5.761000000000000000e+03 6.247152524298286991e-02
5.762000000000000000e+03 6.253236303948804531e-02
5.763000000000000000e+03 6.259859145951143788e-02
5.764000000000000000e+03 6.266976806495745678e-02
5.765000000000000000e+03 6.274529575196803599e-02
5.766000000000000000e+03 6.282441255506177047e-02
5.767000000000000000e+03 6.290620566889432164e-02
5.768000000000000000e+03 6.298963115135314261e-02
5.769000000000000000e+03 6.307352975145044671e-02
5.770000000000000000e+03 6.315667355730009147e-02
5.771000000000000000e+03 6.323779535983965749e-02
5.772000000000000000e+03 6.331562285166675297e-02
5.773000000000000000e+03 6.338893813642645925e-02
5.774000000000000000e+03 6.345661106909544769e-02
5.775000000000000000e+03 6.351763911292014619e-02
5.776000000000000000e+03 6.357119747461825732e-02
5.777000000000000000e+03 6.361667530777720403e-02
5.778000000000000000e+03 6.365368420294797991e-02
5.779000000000000000e+03 6.368207417919309610e-02
5.780000000000000000e+03 6.370193718430705587e-02
5.781000000000000000e+03 6.371359814904328789e-02
5.782000000000000000e+03 6.371759599565658683e-02
5.783000000000000000e+03 6.371464062382908855e-02
5.784000000000000000e+03 6.370557413669933333e-02
5.785000000000000000e+03 6.369133613273217365e-02
5.786000000000000000e+03 6.367291735740114589e-02
5.787000000000000000e+03 6.365130294154158763e-02
5.788000000000000000e+03 6.362742207952595819e-02
5.789000000000000000e+03 6.360209655390339223e-02
5.790000000000000000e+03 6.357600730420320811e-02
5.791000000000000000e+03 6.354966155770033764e-02
5.792000000000000000e+03 6.352338228919052199e-02
5.793000000000000000e+03 6.349731077926154543e-02
5.794000000000000000e+03 6.347141193767753820e-02
5.795000000000000000e+03 6.344550908708299075e-02
5.796000000000000000e+03 6.341932200802961883e-02
5.797000000000000000e+03 6.339249186366295585e-02
5.798000000000000000e+03 6.336464353752258027e-02
5.799000000000000000e+03 6.333543677081526768e-02
5.800000000000000000e+03 6.330461643039185515e-02
5.801000000000000000e+03 6.327204279586010061e-02
5.802000000000000000e+03 6.323771941500780369e-02
5.803000000000000000e+03 6.320179901155263680e-02
5.804000000000000000e+03 6.316456920802082653e-02
5.805000000000000000e+03 6.312642358032002909e-02
5.806000000000000000e+03 6.308783858202551831e-02
5.807000000000000000e+03 6.304933056218564591e-02
5.808000000000000000e+03 6.301140944142163969e-02
5.809000000000000000e+03 6.297454460928070263e-02
5.810000000000000000e+03 6.293914564859635907e-02
5.811000000000000000e+03 6.290553081549235537e-02
5.812000000000000000e+03 6.287391648856836823e-02
5.813000000000000000e+03 6.284441601903660579e-02
5.814000000000000000e+03 6.281705100176881995e-02
5.815000000000000000e+03 6.279176830625367300e-02
5.816000000000000000e+03 6.276846093213547806e-02
5.817000000000000000e+03 6.274699686900796214e-02
5.818000000000000000e+03 6.272722566246108356e-02
5.819000000000000000e+03 6.270900097780061910e-02
5.820000000000000000e+03 6.269219179557430910e-02
5.821000000000000000e+03 6.267668736143014452e-02
5.822000000000000000e+03 6.266238124409062582e-02
5.823000000000000000e+03 6.264917275239742511e-02
5.824000000000000000e+03 6.263696690327319461e-02
5.825000000000000000e+03 6.262565810810463707e-02
5.826000000000000000e+03 6.261513567473515895e-02
5.827000000000000000e+03 6.260528185116413791e-02
5.828000000000000000e+03 6.259597961663243559e-02
5.829000000000000000e+03 6.258712256795781470e-02
5.830000000000000000e+03 6.257862477222206343e-02
5.831000000000000000e+03 6.257042776698130970e-02
5.832000000000000000e+03 6.256250418795322732e-02
5.833000000000000000e+03 6.255485029428095589e-02
5.834000000000000000e+03 6.254746692896349936e-02
5.835000000000000000e+03 6.254034261479146650e-02
5.836000000000000000e+03 6.253342609199366575e-02
5.837000000000000000e+03 6.252659662035210675e-02
5.838000000000000000e+03 6.251964081800132078e-02
5.839000000000000000e+03 6.251225161093018623e-02
5.840000000000000000e+03 6.250402589379798479e-02
5.841000000000000000e+03 6.249447941249500205e-02
5.842000000000000000e+03 6.248306937738839356e-02
5.843000000000000000e+03 6.246923927006794997e-02
5.844000000000000000e+03 6.245247185243225224e-02
5.845000000000000000e+03 6.243232065276462656e-02
5.846000000000000000e+03 6.240844674793185470e-02
5.847000000000000000e+03 6.238065913839316301e-02
5.848000000000000000e+03 6.234893482921353980e-02
5.849000000000000000e+03 6.231340988260127695e-02
5.850000000000000000e+03 6.227436838435009003e-02
5.851000000000000000e+03 6.223221294548728078e-02
5.852000000000000000e+03 6.218743336132490085e-02
5.853000000000000000e+03 6.214056434934561723e-02
5.854000000000000000e+03 6.209213518490447337e-02
5.855000000000000000e+03 6.204263537399616613e-02
5.856000000000000000e+03 6.199247016670214605e-02
5.857000000000000000e+03 6.194192833494089473e-02
5.858000000000000000e+03 6.189116136823193809e-02
5.859000000000000000e+03 6.184017662409416194e-02
5.860000000000000000e+03 6.178881638509424457e-02
5.861000000000000000e+03 6.173676381672026092e-02
5.862000000000000000e+03 6.168356541910618301e-02
5.863000000000000000e+03 6.162863075181444078e-02
5.864000000000000000e+03 6.157126165095878900e-02
5.865000000000000000e+03 6.151068754049256182e-02
5.866000000000000000e+03 6.144609760221158429e-02
5.867000000000000000e+03 6.137667296468528322e-02
5.868000000000000000e+03 6.130162503392624918e-02
5.869000000000000000e+03 6.122024655064157994e-02
5.870000000000000000e+03 6.113195417692948025e-02
5.871000000000000000e+03 6.103632147919555578e-02
5.872000000000000000e+03 6.093311077374873042e-02
5.873000000000000000e+03 6.082230221382806806e-02
5.874000000000000000e+03 6.070411086504273745e-02
5.875000000000000000e+03 6.057898027547364839e-02
5.876000000000000000e+03 6.044757284315669527e-02
5.877000000000000000e+03 6.031075666269138102e-02
5.878000000000000000e+03 6.016958151768079383e-02
5.879000000000000000e+03 6.002521653882419983e-02
5.880000000000000000e+03 5.987889120374335905e-02
5.881000000000000000e+03 5.973184656363057787e-02
5.882000000000000000e+03 5.958527434109509024e-02
5.883000000000000000e+03 5.944027979093457342e-02
5.884000000000000000e+03 5.929783326186005565e-02
5.885000000000000000e+03 5.915873636397614432e-02
5.886000000000000000e+03 5.902360033656707528e-02
5.887000000000000000e+03 5.889283483630883276e-02
5.888000000000000000e+03 5.876667095721978956e-02
5.889000000000000000e+03 5.864516207868068765e-02
5.890000000000000000e+03 5.852821927517887213e-02
5.891000000000000000e+03 5.841564250781902667e-02
5.892000000000000000e+03 5.830716256971692907e-02
5.893000000000000000e+03 5.820246973470379059e-02
5.894000000000000000e+03 5.810125108826373619e-02
5.895000000000000000e+03 5.800321255140664101e-02
5.896000000000000000e+03 5.790811930538258823e-02
5.897000000000000000e+03 5.781581466766343158e-02
5.898000000000000000e+03 5.772622336356401929e-02
5.899000000000000000e+03 5.763937604490323302e-02
5.900000000000000000e+03 5.755540977968258420e-02
5.901000000000000000e+03 5.747455033755692611e-02
5.902000000000000000e+03 5.739710840903115840e-02
5.903000000000000000e+03 5.732346365829361912e-02
5.904000000000000000e+03 5.725404895902552749e-02
5.905000000000000000e+03 5.718933050946285734e-02
5.906000000000000000e+03 5.712977733954273385e-02
5.907000000000000000e+03 5.707583388409022407e-02
5.908000000000000000e+03 5.702790491468585216e-02
5.909000000000000000e+03 5.698631019542729770e-02
5.910000000000000000e+03 5.695126780091110813e-02
5.911000000000000000e+03 5.692285452771880111e-02
5.912000000000000000e+03 5.690099829429032252e-02
5.913000000000000000e+03 5.688545799023107113e-02
5.914000000000000000e+03 5.687580923921189968e-02
5.915000000000000000e+03 5.687144539265529680e-02
5.916000000000000000e+03 5.687158262940290171e-02
5.917000000000000000e+03 5.687528324460885965e-02
5.918000000000000000e+03 5.688147029185051246e-02
5.919000000000000000e+03 5.688895823669782442e-02
5.920000000000000000e+03 5.689649186150204374e-02
5.921000000000000000e+03 5.690278780919234142e-02
5.922000000000000000e+03 5.690657980633200691e-02
5.923000000000000000e+03 5.690664811586673699e-02
5.924000000000000000e+03 5.690186725308539473e-02
5.925000000000000000e+03 5.689123966676312705e-02
5.926000000000000000e+03 5.687391198953113680e-02
5.927000000000000000e+03 5.684919225550414540e-02
5.928000000000000000e+03 5.681657000219615672e-02
5.929000000000000000e+03 5.677572047986541304e-02
5.930000000000000000e+03 5.672650658918670930e-02
5.931000000000000000e+03 5.666897632645873095e-02
5.932000000000000000e+03 5.660334423280886929e-02
5.933000000000000000e+03 5.652996532083509607e-02
5.934000000000000000e+03 5.644931754576037325e-02
5.935000000000000000e+03 5.636198831069580417e-02
5.936000000000000000e+03 5.626864500015361925e-02
5.937000000000000000e+03 5.617002254343469309e-02
5.938000000000000000e+03 5.606689744603286785e-02
5.939000000000000000e+03 5.596007302478991918e-02
5.940000000000000000e+03 5.585036563617137156e-02
5.941000000000000000e+03 5.573859451461177922e-02
5.942000000000000000e+03 5.562556729774603692e-02
5.943000000000000000e+03 5.551206579408465847e-02
5.944000000000000000e+03 5.539882783911220798e-02
5.945000000000000000e+03 5.528654149323890266e-02
5.946000000000000000e+03 5.517581960697713617e-02
5.947000000000000000e+03 5.506718956179350311e-02
5.948000000000000000e+03 5.496107997147529900e-02
5.949000000000000000e+03 5.485780951067841665e-02
5.950000000000000000e+03 5.475756829121465608e-02
5.951000000000000000e+03 5.466041384850431339e-02
5.952000000000000000e+03 5.456625421751165605e-02
5.953000000000000000e+03 5.447486533692457583e-02
5.954000000000000000e+03 5.438588118444347141e-02
5.955000000000000000e+03 5.429880365597880565e-02
5.956000000000000000e+03 5.421303455239356861e-02
5.957000000000000000e+03 5.412789321222979955e-02
5.958000000000000000e+03 5.404264711826414769e-02
5.959000000000000000e+03 5.395654183876988363e-02
5.960000000000000000e+03 5.386883022143093558e-02
5.961000000000000000e+03 5.377879732752194331e-02
5.962000000000000000e+03 5.368579286507280807e-02
5.963000000000000000e+03 5.358924795715734601e-02
5.964000000000000000e+03 5.348867675737761090e-02
5.965000000000000000e+03 5.338369554413956164e-02
5.966000000000000000e+03 5.327403610696978403e-02
5.967000000000000000e+03 5.315957145813789836e-02
5.968000000000000000e+03 5.304031449668450415e-02
5.969000000000000000e+03 5.291642931027867869e-02
5.970000000000000000e+03 5.278824807249093976e-02
5.971000000000000000e+03 5.265629604237646172e-02
5.972000000000000000e+03 5.252129029127139415e-02
5.973000000000000000e+03 5.238414121783342703e-02
5.974000000000000000e+03 5.224593391221648425e-02
5.975000000000000000e+03 5.210790112758369869e-02
5.976000000000000000e+03 5.197138322969163671e-02
5.977000000000000000e+03 5.183778344871572963e-02
5.978000000000000000e+03 5.170852943043349054e-02
5.979000000000000000e+03 5.158501661371325125e-02
5.980000000000000000e+03 5.146856848301910314e-02
5.981000000000000000e+03 5.136040437333797698e-02
5.982000000000000000e+03 5.126161589569942084e-02
5.983000000000000000e+03 5.117315732448170923e-02
5.984000000000000000e+03 5.109582472120623858e-02
5.985000000000000000e+03 5.103027358972132832e-02
5.986000000000000000e+03 5.097702115339266399e-02
5.987000000000000000e+03 5.093644799407200802e-02
5.988000000000000000e+03 5.090881384356866352e-02
5.989000000000000000e+03 5.089427476650129623e-02
5.990000000000000000e+03 5.089288752505202740e-02
5.991000000000000000e+03 5.090461344829798340e-02
5.992000000000000000e+03 5.092932376859641425e-02
5.993000000000000000e+03 5.096680747456866500e-02
5.994000000000000000e+03 5.101676813129586013e-02
5.995000000000000000e+03 5.107882679550913158e-02
5.996000000000000000e+03 5.115252805621964272e-02
5.997000000000000000e+03 5.123735562850770253e-02
5.998000000000000000e+03 5.133273698373594374e-02
5.999000000000000000e+03 5.143805807753146914e-02
6.000000000000000000e+03 5.155267670389326873e-02
6.001000000000000000e+03 5.167593632350515886e-02
6.002000000000000000e+03 5.180718743691635486e-02
6.003000000000000000e+03 5.194579589169770473e-02
6.004000000000000000e+03 5.209114507681515682e-02
6.005000000000000000e+03 5.224262743126065200e-02
6.006000000000000000e+03 5.239963891453687517e-02
6.007000000000000000e+03 5.256159067473133162e-02
6.008000000000000000e+03 5.272790250552852193e-02
6.009000000000000000e+03 5.289799516363655890e-02
6.010000000000000000e+03 5.307127922664680447e-02
6.011000000000000000e+03 5.324715619160590163e-02
6.012000000000000000e+03 5.342502983479503753e-02
6.013000000000000000e+03 5.360430185103499945e-02
6.014000000000000000e+03 5.378437855680830854e-02
6.015000000000000000e+03 5.396467006339031314e-02
6.016000000000000000e+03 5.414459374183951124e-02
6.017000000000000000e+03 5.432357791973992100e-02
6.018000000000000000e+03 5.450106351016194284e-02
6.019000000000000000e+03 5.467651070657079254e-02
6.020000000000000000e+03 5.484941379221547342e-02
6.021000000000000000e+03 5.501929568688991579e-02
6.022000000000000000e+03 5.518571907574769397e-02
6.023000000000000000e+03 5.534829807305287341e-02
6.024000000000000000e+03 5.550671523458797219e-02
6.025000000000000000e+03 5.566072059305521985e-02
6.026000000000000000e+03 5.581013806774865610e-02
6.027000000000000000e+03 5.595487156975055554e-02
6.028000000000000000e+03 5.609490106410172650e-02
6.029000000000000000e+03 5.623028248978408777e-02
6.030000000000000000e+03 5.636113993223590413e-02
6.031000000000000000e+03 5.648765687915830586e-02
6.032000000000000000e+03 5.661006923577377448e-02
6.033000000000000000e+03 5.672865429763690459e-02
6.034000000000000000e+03 5.684369971226387042e-02
6.035000000000000000e+03 5.695549260911309669e-02
6.036000000000000000e+03 5.706430732819861573e-02
6.037000000000000000e+03 5.717037406818064466e-02
6.038000000000000000e+03 5.727384781294576205e-02
6.039000000000000000e+03 5.737481101761055663e-02
6.040000000000000000e+03 5.747325611623461949e-02
6.041000000000000000e+03 5.756908000249915530e-02
6.042000000000000000e+03 5.766207344902282705e-02
6.043000000000000000e+03 5.775193442348011685e-02
6.044000000000000000e+03 5.783826792788498983e-02
6.045000000000000000e+03 5.792059435294906466e-02
6.046000000000000000e+03 5.799837872406227862e-02
6.047000000000000000e+03 5.807104965526826978e-02
6.048000000000000000e+03 5.813802929460949731e-02
6.049000000000000000e+03 5.819875541152251530e-02
6.050000000000000000e+03 5.825271337360060642e-02
6.051000000000000000e+03 5.829947392054129346e-02
6.052000000000000000e+03 5.833872216131050920e-02
6.053000000000000000e+03 5.837027781088774403e-02
6.054000000000000000e+03 5.839411339947458979e-02
6.055000000000000000e+03 5.841037282342003562e-02
6.056000000000000000e+03 5.841939533188682254e-02
6.057000000000000000e+03 5.842170965414208994e-02
6.058000000000000000e+03 5.841803870609112159e-02
6.059000000000000000e+03 5.840929570556659123e-02
6.060000000000000000e+03 5.839656962491182601e-02
6.061000000000000000e+03 5.838109490968393378e-02
6.062000000000000000e+03 5.836422152571774102e-02
6.063000000000000000e+03 5.834736811421539771e-02
6.064000000000000000e+03 5.833197607597835621e-02
6.065000000000000000e+03 5.831947121969521114e-02
6.066000000000000000e+03 5.831120474159263989e-02
6.067000000000000000e+03 5.830840357181335532e-02
6.068000000000000000e+03 5.831212245466198263e-02
6.069000000000000000e+03 5.832322291085198507e-02
6.070000000000000000e+03 5.834233723609995315e-02
6.071000000000000000e+03 5.836986280485258194e-02
6.072000000000000000e+03 5.840595909175954475e-02
6.073000000000000000e+03 5.845056921212613693e-02
6.074000000000000000e+03 5.850343429442902282e-02
6.075000000000000000e+03 5.856412741464795541e-02
6.076000000000000000e+03 5.863208499038934096e-02
6.077000000000000000e+03 5.870663296212117604e-02
6.078000000000000000e+03 5.878703806587852465e-02
6.079000000000000000e+03 5.887254945822865265e-02
6.080000000000000000e+03 5.896242325928759132e-02
6.081000000000000000e+03 5.905595398707556148e-02
6.082000000000000000e+03 5.915247786996679497e-02
6.083000000000000000e+03 5.925138666622764561e-02
6.084000000000000000e+03 5.935214476580456811e-02
6.085000000000000000e+03 5.945428853327480723e-02
6.086000000000000000e+03 5.955741995594543425e-02
6.087000000000000000e+03 5.966121047756993423e-02
6.088000000000000000e+03 5.976540117674397634e-02
6.089000000000000000e+03 5.986980123114767766e-02
6.090000000000000000e+03 5.997428815669531010e-02
6.091000000000000000e+03 6.007882148915370119e-02
6.092000000000000000e+03 6.018344008092647163e-02
6.093000000000000000e+03 6.028825977453922819e-02
6.094000000000000000e+03 6.039347375336558132e-02
6.095000000000000000e+03 6.049934603883638795e-02
6.096000000000000000e+03 6.060620047646186892e-02
6.097000000000000000e+03 6.071441066204698311e-02
6.098000000000000000e+03 6.082438390854774668e-02
6.099000000000000000e+03 6.093655135227810105e-02
6.100000000000000000e+03 6.105133355039874671e-02
6.101000000000000000e+03 6.116911716072928606e-02
6.102000000000000000e+03 6.129023323595805123e-02
6.103000000000000000e+03 6.141493467683874219e-02
6.104000000000000000e+03 6.154338710967801468e-02
6.105000000000000000e+03 6.167564174570886598e-02
6.106000000000000000e+03 6.181163047961057977e-02
6.107000000000000000e+03 6.195116835316528264e-02
6.108000000000000000e+03 6.209394764636385483e-02
6.109000000000000000e+03 6.223952407884492805e-02
6.110000000000000000e+03 6.238732076212410993e-02
6.111000000000000000e+03 6.253664184510218660e-02
6.112000000000000000e+03 6.268667774384031888e-02
6.113000000000000000e+03 6.283651969427783701e-02
6.114000000000000000e+03 6.298516367717495179e-02
6.115000000000000000e+03 6.313152728133433755e-02
6.116000000000000000e+03 6.327448032839225189e-02
6.117000000000000000e+03 6.341286730857229048e-02
6.118000000000000000e+03 6.354552233565531616e-02
6.119000000000000000e+03 6.367130490455173708e-02
6.120000000000000000e+03 6.378913302614125369e-02
6.121000000000000000e+03 6.389801027543373646e-02
6.122000000000000000e+03 6.399705176333532475e-02
6.123000000000000000e+03 6.408551351088721815e-02
6.124000000000000000e+03 6.416282160759355369e-02
6.125000000000000000e+03 6.422857936314449456e-02
6.126000000000000000e+03 6.428257817368128457e-02
6.127000000000000000e+03 6.432479704904282836e-02
6.128000000000000000e+03 6.435539961555500343e-02
6.129000000000000000e+03 6.437473176642942441e-02
6.130000000000000000e+03 6.438329902428334417e-02
6.131000000000000000e+03 6.438174029878095117e-02
6.132000000000000000e+03 6.437079607075790744e-02
6.133000000000000000e+03 6.435128101626133579e-02
6.134000000000000000e+03 6.432405109055622239e-02
6.135000000000000000e+03 6.428998073418416836e-02
6.136000000000000000e+03 6.424993979337254024e-02
6.137000000000000000e+03 6.420476605178732088e-02
6.138000000000000000e+03 6.415524399267810707e-02
6.139000000000000000e+03 6.410208429531849550e-02
6.140000000000000000e+03 6.404592874785479395e-02
6.141000000000000000e+03 6.398731729279612257e-02
6.142000000000000000e+03 6.392669460933096681e-02
6.143000000000000000e+03 6.386439692863096762e-02
6.144000000000000000e+03 6.380065769421694455e-02
6.145000000000000000e+03 6.373561500449997919e-02
6.146000000000000000e+03 6.366930927617452107e-02
6.147000000000000000e+03 6.360169840892310189e-02
6.148000000000000000e+03 6.353267352725081030e-02
6.149000000000000000e+03 6.346208022483189326e-02
6.150000000000000000e+03 6.338974900948705915e-02
6.151000000000000000e+03 6.331552195501620461e-02
6.152000000000000000e+03 6.323927014725340412e-02
6.153000000000000000e+03 6.316091762993807091e-02
6.154000000000000000e+03 6.308046462240736452e-02
6.155000000000000000e+03 6.299800332434929429e-02
6.156000000000000000e+03 6.291374011693459667e-02
6.157000000000000000e+03 6.282798482788515271e-02
6.158000000000000000e+03 6.274115563506038606e-02
6.159000000000000000e+03 6.265376058380800472e-02
6.160000000000000000e+03 6.256638297215993960e-02
6.161000000000000000e+03 6.247965103730446224e-02
6.162000000000000000e+03 6.239420836353303662e-02
6.163000000000000000e+03 6.231066868357790223e-02
6.164000000000000000e+03 6.222957963748281668e-02
6.165000000000000000e+03 6.215139690474956458e-02
6.166000000000000000e+03 6.207643840700451110e-02
6.167000000000000000e+03 6.200486569494917388e-02
6.168000000000000000e+03 6.193664979686007432e-02
6.169000000000000000e+03 6.187157318940803008e-02
6.170000000000000000e+03 6.180923759386968558e-02
6.171000000000000000e+03 6.174907038004185528e-02
6.172000000000000000e+03 6.169034903122542352e-02
6.173000000000000000e+03 6.163223077425515617e-02
6.174000000000000000e+03 6.157377986747185339e-02
6.175000000000000000e+03 6.151400362630887741e-02
6.176000000000000000e+03 6.145190217717461101e-02
6.177000000000000000e+03 6.138651038864716830e-02
6.178000000000000000e+03 6.131693057376483291e-02
6.179000000000000000e+03 6.124236850639126761e-02
6.180000000000000000e+03 6.116215736264717096e-02
6.181000000000000000e+03 6.107577605236817753e-02
6.182000000000000000e+03 6.098285748141678980e-02
6.183000000000000000e+03 6.088317671476670134e-02
6.184000000000000000e+03 6.077664568630177649e-02
6.185000000000000000e+03 6.066330938114169319e-02
6.186000000000000000e+03 6.054332174142482148e-02
6.187000000000000000e+03 6.041693486051405437e-02
6.188000000000000000e+03 6.028448118835311176e-02
6.189000000000000000e+03 6.014635605071676216e-02
6.190000000000000000e+03 6.000300566137480029e-02
6.191000000000000000e+03 5.985492870404945237e-02
6.192000000000000000e+03 5.970267767674598824e-02
6.193000000000000000e+03 5.954686223144098345e-02
6.194000000000000000e+03 5.938815042198183902e-02
6.195000000000000000e+03 5.922727785603310036e-02
6.196000000000000000e+03 5.906505031697113078e-02
6.197000000000000000e+03 5.890236209935784811e-02
6.198000000000000000e+03 5.874019396032040957e-02
6.199000000000000000e+03 5.857961144488431360e-02
6.200000000000000000e+03 5.842175976460421694e-02
6.201000000000000000e+03 5.826785096164752153e-02
6.202000000000000000e+03 5.811914848643898873e-02
6.203000000000000000e+03 5.797693693118412261e-02
6.204000000000000000e+03 5.784249513065581327e-02
6.205000000000000000e+03 5.771705840080908201e-02
6.206000000000000000e+03 5.760179294613033268e-02
6.207000000000000000e+03 5.749776908946818005e-02
6.208000000000000000e+03 5.740591722124799290e-02
6.209000000000000000e+03 5.732700105491638637e-02
6.210000000000000000e+03 5.726160360029753510e-02
6.211000000000000000e+03 5.721011647732053562e-02
6.212000000000000000e+03 5.717273049891764825e-02
6.213000000000000000e+03 5.714942735262855400e-02
6.214000000000000000e+03 5.713998325198972605e-02
6.215000000000000000e+03 5.714399131473146820e-02
6.216000000000000000e+03 5.716088422868785546e-02
6.217000000000000000e+03 5.718995422313918886e-02
6.218000000000000000e+03 5.723037885790954044e-02
6.219000000000000000e+03 5.728125099058906794e-02
6.220000000000000000e+03 5.734160676988840633e-02
6.221000000000000000e+03 5.741044917289993971e-02
6.222000000000000000e+03 5.748676737658418856e-02
6.223000000000000000e+03 5.756955958639348864e-02
6.224000000000000000e+03 5.765783942261704098e-02
6.225000000000000000e+03 5.775064797366599723e-02
6.226000000000000000e+03 5.784706168070279791e-02
6.227000000000000000e+03 5.794619392698439897e-02
6.228000000000000000e+03 5.804720323812737059e-02
6.229000000000000000e+03 5.814930444541479421e-02
6.230000000000000000e+03 5.825177228757866948e-02
6.231000000000000000e+03 5.835394895850277291e-02
6.232000000000000000e+03 5.845525854603395716e-02
6.233000000000000000e+03 5.855522597957524278e-02
6.234000000000000000e+03 5.865348750380766640e-02
6.235000000000000000e+03 5.874980972727877199e-02
6.236000000000000000e+03 5.884409212857973775e-02
6.237000000000000000e+03 5.893636040736492665e-02
6.238000000000000000e+03 5.902678096917966799e-02
6.239000000000000000e+03 5.911565178074331545e-02
6.240000000000000000e+03 5.920337661394876189e-02
6.241000000000000000e+03 5.929043800356167265e-02
6.242000000000000000e+03 5.937735986833452689e-02
6.243000000000000000e+03 5.946467101641965403e-02
6.244000000000000000e+03 5.955286036034745240e-02
6.245000000000000000e+03 5.964232787221458720e-02
6.246000000000000000e+03 5.973333145192898791e-02
6.247000000000000000e+03 5.982596668072919649e-02
6.248000000000000000e+03 5.992011092807167372e-02
6.249000000000000000e+03 6.001540371007164226e-02
6.250000000000000000e+03 6.011122478904187827e-02
6.251000000000000000e+03 6.020668469782500254e-02
6.252000000000000000e+03 6.030062995120177849e-02
6.253000000000000000e+03 6.039166365508310402e-02
6.254000000000000000e+03 6.047818629487161646e-02
6.255000000000000000e+03 6.055843296233336115e-02
6.256000000000000000e+03 6.063052161116429944e-02
6.257000000000000000e+03 6.069251819863752395e-02
6.258000000000000000e+03 6.074249747455680998e-02
6.259000000000000000e+03 6.077861381190913931e-02
6.260000000000000000e+03 6.079915981690283550e-02
6.261000000000000000e+03 6.080262546446230099e-02
6.262000000000000000e+03 6.078775874515777999e-02
6.263000000000000000e+03 6.075360656437797657e-02
6.264000000000000000e+03 6.069954592264124871e-02
6.265000000000000000e+03 6.062531225724736295e-02
6.266000000000000000e+03 6.053101475059616265e-02
6.267000000000000000e+03 6.041712507681864380e-02
6.268000000000000000e+03 6.028446726026388813e-02
6.269000000000000000e+03 6.013420428779246707e-02
6.270000000000000000e+03 5.996779693116288668e-02
6.271000000000000000e+03 5.978695853667716220e-02
6.272000000000000000e+03 5.959361608585221626e-02
6.273000000000000000e+03 5.938984433029172172e-02
6.274000000000000000e+03 5.917780734870061593e-02
6.275000000000000000e+03 5.895971721745513899e-02
6.276000000000000000e+03 5.873777594454811929e-02
6.277000000000000000e+03 5.851412136532255226e-02
6.278000000000000000e+03 5.829078201432878747e-02
6.279000000000000000e+03 5.806963974541562434e-02
6.280000000000000000e+03 5.785241828278435416e-02
6.281000000000000000e+03 5.764065421280201162e-02
6.282000000000000000e+03 5.743568612931761186e-02
6.283000000000000000e+03 5.723865485061033209e-02
6.284000000000000000e+03 5.705049634707391043e-02
6.285000000000000000e+03 5.687193715424991580e-02
6.286000000000000000e+03 5.670350400146391412e-02
6.287000000000000000e+03 5.654551583593363240e-02
6.288000000000000000e+03 5.639809517271659328e-02
6.289000000000000000e+03 5.626116909559594759e-02
6.290000000000000000e+03 5.613447853689663286e-02
6.291000000000000000e+03 5.601759522681909464e-02
6.292000000000000000e+03 5.590992610545926500e-02
6.293000000000000000e+03 5.581072646563564610e-02
6.294000000000000000e+03 5.571911766533655525e-02
6.295000000000000000e+03 5.563409799317001192e-02
6.296000000000000000e+03 5.555454627204695767e-02
6.297000000000000000e+03 5.547922269727642575e-02
6.298000000000000000e+03 5.540679109999822882e-02
6.299000000000000000e+03 5.533583458776433761e-02
6.300000000000000000e+03 5.526486937499018592e-02
6.301000000000000000e+03 5.519236717669497028e-02
6.302000000000000000e+03 5.511679846421169149e-02
6.303000000000000000e+03 5.503665807098188922e-02
6.304000000000000000e+03 5.495051515508396489e-02
6.305000000000000000e+03 5.485705714041771985e-02
6.306000000000000000e+03 5.475513457807559825e-02
6.307000000000000000e+03 5.464381005883166970e-02
6.308000000000000000e+03 5.452240242165068418e-02
6.309000000000000000e+03 5.439052563591927764e-02
6.310000000000000000e+03 5.424811305236458547e-02
6.311000000000000000e+03 5.409541887596665960e-02
6.312000000000000000e+03 5.393302252666398039e-02
6.313000000000000000e+03 5.376181059408524643e-02
6.314000000000000000e+03 5.358294782249223981e-02
6.315000000000000000e+03 5.339783165209293497e-02
6.316000000000000000e+03 5.320803622400188670e-02
6.317000000000000000e+03 5.301527127101543502e-02
6.318000000000000000e+03 5.282132802183351489e-02
6.319000000000000000e+03 5.262802465545467212e-02
6.320000000000000000e+03 5.243715607583063903e-02
6.321000000000000000e+03 5.225044550233851059e-02
6.322000000000000000e+03 5.206950336656743228e-02
6.323000000000000000e+03 5.189580495762204093e-02
6.324000000000000000e+03 5.173065919803754992e-02
6.325000000000000000e+03 5.157518395996972538e-02
6.326000000000000000e+03 5.143028914458225298e-02
6.327000000000000000e+03 5.129666733683846402e-02
6.328000000000000000e+03 5.117477945698040154e-02
6.329000000000000000e+03 5.106484994572364766e-02
6.330000000000000000e+03 5.096688372076958046e-02
6.331000000000000000e+03 5.088067076693571222e-02
6.332000000000000000e+03 5.080580453845434663e-02
6.333000000000000000e+03 5.074171224779054634e-02
6.334000000000000000e+03 5.068768661173220225e-02
6.335000000000000000e+03 5.064292341166008737e-02
6.336000000000000000e+03 5.060656676829858314e-02
6.337000000000000000e+03 5.057775366866792965e-02
6.338000000000000000e+03 5.055565259769928543e-02
6.339000000000000000e+03 5.053950616767709236e-02
6.340000000000000000e+03 5.052867343222323948e-02
6.341000000000000000e+03 5.052265263953467644e-02
6.342000000000000000e+03 5.052109452948221058e-02
6.343000000000000000e+03 5.052381648358684335e-02
6.344000000000000000e+03 5.053079515385874854e-02
6.345000000000000000e+03 5.054215433404170982e-02
6.346000000000000000e+03 5.055816177956302948e-02
6.347000000000000000e+03 5.057921247215590999e-02
6.348000000000000000e+03 5.060582796771587871e-02
6.349000000000000000e+03 5.063863592038982120e-02
6.350000000000000000e+03 5.067836518073545737e-02
6.351000000000000000e+03 5.072583614602317603e-02
6.352000000000000000e+03 5.078196606850425565e-02
6.353000000000000000e+03 5.084775465424341834e-02
6.354000000000000000e+03 5.092425874220769810e-02
6.355000000000000000e+03 5.101258020834265050e-02
6.356000000000000000e+03 5.111382579468060072e-02
6.357000000000000000e+03 5.122906430275615819e-02
6.358000000000000000e+03 5.135927891450396687e-02
6.359000000000000000e+03 5.150532544586108874e-02
6.360000000000000000e+03 5.166789960685069794e-02
6.361000000000000000e+03 5.184750177439196445e-02
6.362000000000000000e+03 5.204441578257644474e-02
6.363000000000000000e+03 5.225868638999536797e-02
6.364000000000000000e+03 5.249011717621880624e-02
6.365000000000000000e+03 5.273827549712634122e-02
6.366000000000000000e+03 5.300249557429508040e-02
6.367000000000000000e+03 5.328191290350473008e-02
6.368000000000000000e+03 5.357548422397383908e-02
6.369000000000000000e+03 5.388202853352944133e-02
6.370000000000000000e+03 5.420024870498185710e-02
6.371000000000000000e+03 5.452876362605719313e-02
6.372000000000000000e+03 5.486612574929793790e-02
6.373000000000000000e+03 5.521085870103588367e-02
6.374000000000000000e+03 5.556149026386159040e-02
6.375000000000000000e+03 5.591656751916476709e-02
6.376000000000000000e+03 5.627467536816135874e-02
6.377000000000000000e+03 5.663444224865341742e-02
6.378000000000000000e+03 5.699454220033051827e-02
6.379000000000000000e+03 5.735368772730622955e-02
6.380000000000000000e+03 5.771063148903374934e-02
6.381000000000000000e+03 5.806415980760178119e-02
6.382000000000000000e+03 5.841307995104091932e-02
6.383000000000000000e+03 5.875621243048598924e-02
6.384000000000000000e+03 5.909238639907354873e-02
6.385000000000000000e+03 5.942045607515486494e-02
6.386000000000000000e+03 5.973930510058802351e-02
6.387000000000000000e+03 6.004787298915938848e-02
6.388000000000000000e+03 6.034517389605330295e-02
6.389000000000000000e+03 6.063030609405273968e-02
6.390000000000000000e+03 6.090247477731944303e-02
6.391000000000000000e+03 6.116100689925056677e-02
6.392000000000000000e+03 6.140536405680487031e-02
6.393000000000000000e+03 6.163512620808429127e-02
6.394000000000000000e+03 6.184998038372900575e-02
6.395000000000000000e+03 6.204969528720206268e-02
6.396000000000000000e+03 6.223408750561044284e-02
6.397000000000000000e+03 6.240299501032261359e-02
6.398000000000000000e+03 6.255625717544462117e-02
6.399000000000000000e+03 6.269368579233862426e-02
6.400000000000000000e+03 6.281504886639709129e-02
6.401000000000000000e+03 6.292008223606802841e-02
6.402000000000000000e+03 6.300849278077494398e-02
6.403000000000000000e+03 6.307999365900995858e-02
6.404000000000000000e+03 6.313432793068309012e-02
6.405000000000000000e+03 6.317131397160392903e-02
6.406000000000000000e+03 6.319088008036119475e-02
6.407000000000000000e+03 6.319309159745069293e-02
6.408000000000000000e+03 6.317817882981022204e-02
6.409000000000000000e+03 6.314654960071242051e-02
6.410000000000000000e+03 6.309879211139228505e-02
6.411000000000000000e+03 6.303566572555215075e-02
6.412000000000000000e+03 6.295806618865634752e-02
6.413000000000000000e+03 6.286697795011546297e-02
6.414000000000000000e+03 6.276343526007713280e-02
6.415000000000000000e+03 6.264847867671261006e-02
6.416000000000000000e+03 6.252311693486892197e-02
6.417000000000000000e+03 6.238830065509405609e-02
6.418000000000000000e+03 6.224489087219611111e-02
6.419000000000000000e+03 6.209366065354196551e-02
6.420000000000000000e+03 6.193531045424037484e-02
6.421000000000000000e+03 6.177049301628036171e-02
6.422000000000000000e+03 6.159983109535277501e-02
6.423000000000000000e+03 6.142393680818750146e-02
6.424000000000000000e+03 6.124346934293006112e-02
6.425000000000000000e+03 6.105916099810566877e-02
6.426000000000000000e+03 6.087183728670683691e-02
6.427000000000000000e+03 6.068243970018164651e-02
6.428000000000000000e+03 6.049203694327423553e-02
6.429000000000000000e+03 6.030183748245298431e-02
6.430000000000000000e+03 6.011318308454240145e-02
6.431000000000000000e+03 5.992754463461422848e-02
6.432000000000000000e+03 5.974648396798283578e-02
6.433000000000000000e+03 5.957163711127524963e-02
6.434000000000000000e+03 5.940467387068272542e-02
6.435000000000000000e+03 5.924727409632585262e-02
6.436000000000000000e+03 5.910107881729429607e-02
6.437000000000000000e+03 5.896766207831152795e-02
6.438000000000000000e+03 5.884849355362729156e-02
6.439000000000000000e+03 5.874488033415042193e-02
6.440000000000000000e+03 5.865793397522198194e-02
6.441000000000000000e+03 5.858854317350937341e-02
6.442000000000000000e+03 5.853733411778613838e-02
6.443000000000000000e+03 5.850464415015003972e-02
6.444000000000000000e+03 5.849050105825190360e-02
6.445000000000000000e+03 5.849462127385633703e-02
6.446000000000000000e+03 5.851640155596615767e-02
6.447000000000000000e+03 5.855492942177266402e-02
6.448000000000000000e+03 5.860900932089381510e-02
6.449000000000000000e+03 5.867720016906684266e-02
6.450000000000000000e+03 5.875785760070181829e-02
6.451000000000000000e+03 5.884920933064295007e-02
6.452000000000000000e+03 5.894941420941345739e-02
6.453000000000000000e+03 5.905663164995840486e-02
6.454000000000000000e+03 5.916908689112991560e-02
6.455000000000000000e+03 5.928513275074422106e-02
6.456000000000000000e+03 5.940330325624655627e-02
6.457000000000000000e+03 5.952234699878363594e-02
6.458000000000000000e+03 5.964123744995203369e-02
6.459000000000000000e+03 5.975916091776328071e-02
6.460000000000000000e+03 5.987551458252194508e-02
6.461000000000000000e+03 5.998987587390213622e-02
6.462000000000000000e+03 6.010197348361749625e-02
6.463000000000000000e+03 6.021164972772515694e-02
6.464000000000000000e+03 6.031882648209647979e-02
6.465000000000000000e+03 6.042349214313065542e-02
6.466000000000000000e+03 6.052567959666298181e-02
6.467000000000000000e+03 6.062546401871118928e-02
6.468000000000000000e+03 6.072296669739109948e-02
6.469000000000000000e+03 6.081835522134020067e-02
6.470000000000000000e+03 6.091188149804730584e-02
6.471000000000000000e+03 6.100390625690096241e-02
6.472000000000000000e+03 6.109490610177907566e-02
6.473000000000000000e+03 6.118547235665379447e-02
6.474000000000000000e+03 6.127629394488589426e-02
6.475000000000000000e+03 6.136814599627132827e-02
6.476000000000000000e+03 6.146187035235690932e-02
6.477000000000000000e+03 6.155834284169608289e-02
6.478000000000000000e+03 6.165842477870508292e-02
6.479000000000000000e+03 6.176292739295984741e-02
6.480000000000000000e+03 6.187256843004287910e-02
6.481000000000000000e+03 6.198794043923321062e-02
6.482000000000000000e+03 6.210948705558547861e-02
6.483000000000000000e+03 6.223747776166834583e-02
6.484000000000000000e+03 6.237201703233989647e-02
6.485000000000000000e+03 6.251303654773172902e-02
6.486000000000000000e+03 6.266031311320729991e-02
6.487000000000000000e+03 6.281348409755427298e-02
6.488000000000000000e+03 6.297206153511940296e-02
6.489000000000000000e+03 6.313544039894222748e-02
6.490000000000000000e+03 6.330291623240355547e-02
6.491000000000000000e+03 6.347370141817879063e-02
6.492000000000000000e+03 6.364694308182712590e-02
6.493000000000000000e+03 6.382172983923357912e-02
6.494000000000000000e+03 6.399710934626365311e-02
6.495000000000000000e+03 6.417209528888076497e-02
6.496000000000000000e+03 6.434566390907067723e-02
6.497000000000000000e+03 6.451676815861903669e-02
6.498000000000000000e+03 6.468433882444653282e-02
6.499000000000000000e+03 6.484730067990905622e-02
6.500000000000000000e+03 6.500458220188709557e-02
6.501000000000000000e+03 6.515513040396747613e-02
6.502000000000000000e+03 6.529792155914501683e-02
6.503000000000000000e+03 6.543198317784702789e-02
6.504000000000000000e+03 6.555641399166947658e-02
6.505000000000000000e+03 6.567039762024913518e-02
6.506000000000000000e+03 6.577323295190176666e-02
6.507000000000000000e+03 6.586435501987683572e-02
6.508000000000000000e+03 6.594336026925198824e-02
6.509000000000000000e+03 6.601002553318791044e-02
6.510000000000000000e+03 6.606431699279566305e-02
6.511000000000000000e+03 6.610639166195336758e-02
6.512000000000000000e+03 6.613660090973072503e-02
6.513000000000000000e+03 6.615548314384391004e-02
6.514000000000000000e+03 6.616373940261799369e-02
6.515000000000000000e+03 6.616220874887014658e-02
6.516000000000000000e+03 6.615184100100206244e-02
6.517000000000000000e+03 6.613366255101120472e-02
6.518000000000000000e+03 6.610875494542695074e-02
6.519000000000000000e+03 6.607820069014525011e-02
6.520000000000000000e+03 6.604304480442901859e-02
6.521000000000000000e+03 6.600427568800661116e-02
6.522000000000000000e+03 6.596279092745785388e-02
6.523000000000000000e+03 6.591938343315451032e-02
6.524000000000000000e+03 6.587473037020358246e-02
6.525000000000000000e+03 6.582936687305110390e-02
6.526000000000000000e+03 6.578367782961477839e-02
6.527000000000000000e+03 6.573789817414237013e-02
6.528000000000000000e+03 6.569211032434021935e-02
6.529000000000000000e+03 6.564624249288347757e-02
6.530000000000000000e+03 6.560008016011559251e-02
6.531000000000000000e+03 6.555327043456143921e-02
6.532000000000000000e+03 6.550532643326137383e-02
6.533000000000000000e+03 6.545565405030501216e-02
6.534000000000000000e+03 6.540356444133924030e-02
6.535000000000000000e+03 6.534829947850237519e-02
6.536000000000000000e+03 6.528905228126430371e-02
6.537000000000000000e+03 6.522500388321161857e-02
6.538000000000000000e+03 6.515534648813502139e-02
6.539000000000000000e+03 6.507931309849253332e-02
6.540000000000000000e+03 6.499618994080454126e-02
6.541000000000000000e+03 6.490533583700711096e-02
6.542000000000000000e+03 6.480617940779004327e-02
6.543000000000000000e+03 6.469822617721440738e-02
6.544000000000000000e+03 6.458105591714083382e-02
6.545000000000000000e+03 6.445430861291596980e-02
6.546000000000000000e+03 6.431767678344098293e-02
6.547000000000000000e+03 6.417090372732929537e-02
6.548000000000000000e+03 6.401377042795997063e-02
6.549000000000000000e+03 6.384609886985928573e-02
6.550000000000000000e+03 6.366776130844643833e-02
6.551000000000000000e+03 6.347867979351293211e-02
6.552000000000000000e+03 6.327882471707177436e-02
6.553000000000000000e+03 6.306821759550944317e-02
6.554000000000000000e+03 6.284694214209433916e-02
6.555000000000000000e+03 6.261514698633649512e-02
6.556000000000000000e+03 6.237304317834563294e-02
6.557000000000000000e+03 6.212090037476168669e-02
6.558000000000000000e+03 6.185903615581777454e-02
6.559000000000000000e+03 6.158781144123615103e-02
6.560000000000000000e+03 6.130763911277468947e-02
6.561000000000000000e+03 6.101899148765765196e-02
6.562000000000000000e+03 6.072240819981776505e-02
6.563000000000000000e+03 6.041851689497201167e-02
6.564000000000000000e+03 6.010805440138234507e-02
6.565000000000000000e+03 5.979188169228838445e-02
6.566000000000000000e+03 5.947099844408001990e-02
6.567000000000000000e+03 5.914654783177991648e-02
6.568000000000000000e+03 5.881981500912393523e-02
6.569000000000000000e+03 5.849220388088398337e-02
6.570000000000000000e+03 5.816520573921187681e-02
6.571000000000000000e+03 5.784037411729497230e-02
6.572000000000000000e+03 5.751929185438273140e-02
6.573000000000000000e+03 5.720352153028060438e-02
6.574000000000000000e+03 5.689457176371735814e-02
6.575000000000000000e+03 5.659386017754279574e-02
6.576000000000000000e+03 5.630268840911654971e-02
6.577000000000000000e+03 5.602223153825947044e-02
6.578000000000000000e+03 5.575351131865288745e-02
6.579000000000000000e+03 5.549739236540809917e-02
6.580000000000000000e+03 5.525457751848196486e-02
6.581000000000000000e+03 5.502560884337941161e-02
6.582000000000000000e+03 5.481086573132627066e-02
6.583000000000000000e+03 5.461056498779903734e-02
6.584000000000000000e+03 5.442476552604100237e-02
6.585000000000000000e+03 5.425336490816340396e-02
6.586000000000000000e+03 5.409610135249209861e-02
6.587000000000000000e+03 5.395257436744839430e-02
6.588000000000000000e+03 5.382224462365101103e-02
6.589000000000000000e+03 5.370443428183007545e-02
6.590000000000000000e+03 5.359833141837676285e-02
6.591000000000000000e+03 5.350300903407628761e-02
6.592000000000000000e+03 5.341743336877302628e-02
6.593000000000000000e+03 5.334047859962245952e-02
6.594000000000000000e+03 5.327093079502293743e-02
6.595000000000000000e+03 5.320752449654621297e-02
6.596000000000000000e+03 5.314897196914889627e-02
6.597000000000000000e+03 5.309401237578649513e-02
6.598000000000000000e+03 5.304145978583181542e-02
6.599000000000000000e+03 5.299026148701319050e-02
6.600000000000000000e+03 5.293954664303868185e-02
6.601000000000000000e+03 5.288867128936654283e-02
6.602000000000000000e+03 5.283726560940767841e-02
6.603000000000000000e+03 5.278526329151864149e-02
6.604000000000000000e+03 5.273291104540761554e-02
6.605000000000000000e+03 5.268076973890600812e-02
6.606000000000000000e+03 5.262970272797390381e-02
6.607000000000000000e+03 5.258085180567121514e-02
6.608000000000000000e+03 5.253557970317616205e-02
6.609000000000000000e+03 5.249541628437327800e-02
6.610000000000000000e+03 5.246198459222585486e-02
6.611000000000000000e+03 5.243692651760944318e-02
6.612000000000000000e+03 5.242182557888300926e-02
6.613000000000000000e+03 5.241813431320727773e-02
6.614000000000000000e+03 5.242710175033955811e-02
6.615000000000000000e+03 5.244971105730467098e-02
6.616000000000000000e+03 5.248663989743261593e-02
6.617000000000000000e+03 5.253823656699987965e-02
6.618000000000000000e+03 5.260449521058772893e-02
6.619000000000000000e+03 5.268507012471701501e-02
6.620000000000000000e+03 5.277929973333295166e-02
6.621000000000000000e+03 5.288623006715803543e-02
6.622000000000000000e+03 5.300465985516945866e-02
6.623000000000000000e+03 5.313319728108401030e-02
6.624000000000000000e+03 5.327032577428546245e-02
6.625000000000000000e+03 5.341444706157505440e-02
6.626000000000000000e+03 5.356393419873525796e-02
6.627000000000000000e+03 5.371716835490196462e-02
6.628000000000000000e+03 5.387258786694497370e-02
6.629000000000000000e+03 5.402871459507545271e-02
6.630000000000000000e+03 5.418416391318105901e-02
6.631000000000000000e+03 5.433766550747141932e-02
6.632000000000000000e+03 5.448807603622535939e-02
6.633000000000000000e+03 5.463439896102553761e-02
6.634000000000000000e+03 5.477579663278948907e-02
6.635000000000000000e+03 5.491160472439188256e-02
6.636000000000000000e+03 5.504135171873866805e-02
6.637000000000000000e+03 5.516476533766369317e-02
6.638000000000000000e+03 5.528177373834709807e-02
6.639000000000000000e+03 5.539250255461636296e-02
6.640000000000000000e+03 5.549726671887695445e-02
6.641000000000000000e+03 5.559654638750308880e-02
6.642000000000000000e+03 5.569095755438287221e-02
6.643000000000000000e+03 5.578121522894444878e-02
6.644000000000000000e+03 5.586808034014328211e-02
6.645000000000000000e+03 5.595232334385606687e-02
6.646000000000000000e+03 5.603468665366485857e-02
6.647000000000000000e+03 5.611583408811983420e-02
6.648000000000000000e+03 5.619631576209474511e-02
6.649000000000000000e+03 5.627653840205942143e-02
6.650000000000000000e+03 5.635674359530534749e-02
6.651000000000000000e+03 5.643699369418359035e-02
6.652000000000000000e+03 5.651718146189730480e-02
6.653000000000000000e+03 5.659700936891683132e-02
6.654000000000000000e+03 5.667600661242644389e-02
6.655000000000000000e+03 5.675354965777308636e-02
6.656000000000000000e+03 5.682888186193134350e-02
6.657000000000000000e+03 5.690112827581240984e-02
6.658000000000000000e+03 5.696932142759550399e-02
6.659000000000000000e+03 5.703242097094711471e-02
6.660000000000000000e+03 5.708935508294191163e-02
6.661000000000000000e+03 5.713905987471935843e-02
6.662000000000000000e+03 5.718052305450201794e-02
6.663000000000000000e+03 5.721284146061843268e-02
6.664000000000000000e+03 5.723527197960166790e-02
6.665000000000000000e+03 5.724726872633867369e-02
6.666000000000000000e+03 5.724853221695627020e-02
6.667000000000000000e+03 5.723904212696868943e-02
6.668000000000000000e+03 5.721907050365750147e-02
6.669000000000000000e+03 5.718920263457845377e-02
6.670000000000000000e+03 5.715031520112820451e-02
6.671000000000000000e+03 5.710356004230061899e-02
6.672000000000000000e+03 5.705031803623740461e-02
6.673000000000000000e+03 5.699214000091220450e-02
6.674000000000000000e+03 5.693069046412081724e-02
6.675000000000000000e+03 5.686766816150619352e-02
6.676000000000000000e+03 5.680474916130569957e-02
6.677000000000000000e+03 5.674351096082194679e-02
6.678000000000000000e+03 5.668537542404392809e-02
6.679000000000000000e+03 5.663154879741345848e-02
6.680000000000000000e+03 5.658298868357386491e-02
6.681000000000000000e+03 5.654037003652572640e-02
6.682000000000000000e+03 5.650406945360410271e-02
6.683000000000000000e+03 5.647416133840724856e-02
6.684000000000000000e+03 5.645041890389040917e-02
6.685000000000000000e+03 5.643234018357230763e-02
6.686000000000000000e+03 5.641917244760401989e-02
6.687000000000000000e+03 5.640994114503505852e-02
6.688000000000000000e+03 5.640349326969539695e-02
6.689000000000000000e+03 5.639855832282129888e-02
6.690000000000000000e+03 5.639379427159534747e-02
6.691000000000000000e+03 5.638784758856702634e-02
6.692000000000000000e+03 5.637940068291921042e-02
6.693000000000000000e+03 5.636722090396668883e-02
6.694000000000000000e+03 5.635020120802895077e-02
6.695000000000000000e+03 5.632739292556554478e-02
6.696000000000000000e+03 5.629803145691777283e-02
6.697000000000000000e+03 5.626154998683952080e-02
6.698000000000000000e+03 5.621759086033437103e-02
6.699000000000000000e+03 5.616601273517374954e-02
6.700000000000000000e+03 5.610689615277317244e-02
6.701000000000000000e+03 5.604054234129052930e-02
6.702000000000000000e+03 5.596745820430143459e-02
6.703000000000000000e+03 5.588835238725479992e-02
6.704000000000000000e+03 5.580411931280884752e-02
6.705000000000000000e+03 5.571582440732257557e-02
6.706000000000000000e+03 5.562468288319154242e-02
6.707000000000000000e+03 5.553203260214700787e-02
6.708000000000000000e+03 5.543931202819272347e-02
6.709000000000000000e+03 5.534803709586855192e-02
6.710000000000000000e+03 5.525976402155291511e-02
6.711000000000000000e+03 5.517607632121467043e-02
6.712000000000000000e+03 5.509856192643505790e-02
6.713000000000000000e+03 5.502876219589280388e-02
6.714000000000000000e+03 5.496815020920525763e-02
6.715000000000000000e+03 5.491811541590441159e-02
6.716000000000000000e+03 5.487992792042840906e-02
6.717000000000000000e+03 5.485471343290537760e-02
6.718000000000000000e+03 5.484341630244869703e-02
6.719000000000000000e+03 5.484678401302930939e-02
6.720000000000000000e+03 5.486533478008129294e-02
6.721000000000000000e+03 5.489934683171278362e-02
6.722000000000000000e+03 5.494883242135416290e-02
6.723000000000000000e+03 5.501352587046004494e-02
6.724000000000000000e+03 5.509288752244617671e-02
6.725000000000000000e+03 5.518609338306963707e-02
6.726000000000000000e+03 5.529204995968810266e-02
6.727000000000000000e+03 5.540941442623123492e-02
6.728000000000000000e+03 5.553660962531399570e-02
6.729000000000000000e+03 5.567186040503376704e-02
6.730000000000000000e+03 5.581323624206635525e-02
6.731000000000000000e+03 5.595869574561890269e-02
6.732000000000000000e+03 5.610614355404503623e-02
6.733000000000000000e+03 5.625349147717503828e-02
6.734000000000000000e+03 5.639871912871293608e-02
6.735000000000000000e+03 5.653994541220190573e-02
6.736000000000000000e+03 5.667548098098962317e-02
6.737000000000000000e+03 5.680387969812944471e-02
6.738000000000000000e+03 5.692398136034196310e-02
6.739000000000000000e+03 5.703493195812529837e-02
6.740000000000000000e+03 5.713621023430862089e-02
6.741000000000000000e+03 5.722760578110373808e-02
6.742000000000000000e+03 5.730919722082794543e-02
6.743000000000000000e+03 5.738130948104595841e-02
6.744000000000000000e+03 5.744447688722492673e-02
6.745000000000000000e+03 5.749939153199162822e-02
6.746000000000000000e+03 5.754685804109682667e-02
6.747000000000000000e+03 5.758775121962880772e-02
6.748000000000000000e+03 5.762298505943555527e-02
6.749000000000000000e+03 5.765348529106524567e-02
6.750000000000000000e+03 5.768017658600932407e-02
6.751000000000000000e+03 5.770396935410930517e-02
6.752000000000000000e+03 5.772575418016950149e-02
6.753000000000000000e+03 5.774639509139015137e-02
6.754000000000000000e+03 5.776673087950583152e-02
6.755000000000000000e+03 5.778758124667036922e-02
6.756000000000000000e+03 5.780973587839510763e-02
6.757000000000000000e+03 5.783395456751835861e-02
6.758000000000000000e+03 5.786096774391605302e-02
6.759000000000000000e+03 5.789145761663567341e-02
6.760000000000000000e+03 5.792604608910403852e-02
6.761000000000000000e+03 5.796528806508777221e-02
6.762000000000000000e+03 5.800965477143593674e-02
6.763000000000000000e+03 5.805953674273089948e-02
6.764000000000000000e+03 5.811524538213933000e-02
6.765000000000000000e+03 5.817701218181529216e-02
6.766000000000000000e+03 5.824500085855095766e-02
6.767000000000000000e+03 5.831931020661344778e-02
6.768000000000000000e+03 5.839998001472985339e-02
6.769000000000000000e+03 5.848699560839469569e-02
6.770000000000000000e+03 5.858028187667103925e-02
6.771000000000000000e+03 5.867971436046383327e-02
6.772000000000000000e+03 5.878511981222240418e-02
6.773000000000000000e+03 5.889627636036538078e-02
6.774000000000000000e+03 5.901290989999447012e-02
6.775000000000000000e+03 5.913469113658145759e-02
6.776000000000000000e+03 5.926123623465796852e-02
6.777000000000000000e+03 5.939212621549132265e-02
6.778000000000000000e+03 5.952690556609677858e-02
6.779000000000000000e+03 5.966509129504415920e-02
6.780000000000000000e+03 5.980619066933868383e-02
6.781000000000000000e+03 5.994970300769290883e-02
6.782000000000000000e+03 6.009512502716479049e-02
6.783000000000000000e+03 6.024194351389816626e-02
6.784000000000000000e+03 6.038963102020961093e-02
6.785000000000000000e+03 6.053763341232893530e-02
6.786000000000000000e+03 6.068535409198243247e-02
6.787000000000000000e+03 6.083215582533083726e-02
6.788000000000000000e+03 6.097734339988966634e-02
6.789000000000000000e+03 6.112015944400817080e-02
6.790000000000000000e+03 6.125980453904722456e-02
6.791000000000000000e+03 6.139544844748678898e-02
6.792000000000000000e+03 6.152626323092384719e-02
6.793000000000000000e+03 6.165145823362657568e-02
6.794000000000000000e+03 6.177031824635224877e-02
6.795000000000000000e+03 6.188224621951665672e-02
6.796000000000000000e+03 6.198680392486277668e-02
6.797000000000000000e+03 6.208374228088024693e-02
6.798000000000000000e+03 6.217302015302370727e-02
6.799000000000000000e+03 6.225480913979064557e-02
6.800000000000000000e+03 6.232948922200673425e-02
6.801000000000000000e+03 6.239762779995285114e-02
6.802000000000000000e+03 6.245994827043231667e-02
6.803000000000000000e+03 6.251729140424061582e-02
6.804000000000000000e+03 6.257056736407083652e-02
6.805000000000000000e+03 6.262071600517506165e-02
6.806000000000000000e+03 6.266866152410223434e-02
6.807000000000000000e+03 6.271526745587327478e-02
6.808000000000000000e+03 6.276130914756578028e-02
6.809000000000000000e+03 6.280743454339662857e-02
6.810000000000000000e+03 6.285413560907221475e-02
6.811000000000000000e+03 6.290174786219018821e-02
6.812000000000000000e+03 6.295043060918611988e-02
6.813000000000000000e+03 6.300016659229683291e-02
6.814000000000000000e+03 6.305076343416866902e-02
6.815000000000000000e+03 6.310187339315845301e-02
6.816000000000000000e+03 6.315298704095800852e-02
6.817000000000000000e+03 6.320344525545164294e-02
6.818000000000000000e+03 6.325245061379913825e-02
6.819000000000000000e+03 6.329907686376257114e-02
6.820000000000000000e+03 6.334227582406908030e-02
6.821000000000000000e+03 6.338088824384149889e-02
6.822000000000000000e+03 6.341366014895852277e-02
6.823000000000000000e+03 6.343926937561383816e-02
6.824000000000000000e+03 6.345633581720835914e-02
6.825000000000000000e+03 6.346344418479163418e-02
6.826000000000000000e+03 6.345918776512882165e-02
6.827000000000000000e+03 6.344220739536797493e-02
6.828000000000000000e+03 6.341123951123781022e-02
6.829000000000000000e+03 6.336516592248876700e-02
6.830000000000000000e+03 6.330306479730256342e-02
6.831000000000000000e+03 6.322423421469559879e-02
6.832000000000000000e+03 6.312823237848186331e-02
6.833000000000000000e+03 6.301491807270906409e-02
6.834000000000000000e+03 6.288445508807298523e-02
6.835000000000000000e+03 6.273731749751433606e-02
6.836000000000000000e+03 6.257426831904300268e-02
6.837000000000000000e+03 6.239633954149201300e-02
6.838000000000000000e+03 6.220478877527611805e-02
6.839000000000000000e+03 6.200104498141137399e-02
6.840000000000000000e+03 6.178665887187903549e-02
6.841000000000000000e+03 6.156324460684236416e-02
6.842000000000000000e+03 6.133245574204606448e-02
6.843000000000000000e+03 6.109593217609885635e-02
6.844000000000000000e+03 6.085526259953552564e-02
6.845000000000000000e+03 6.061195712241099209e-02
6.846000000000000000e+03 6.036742743282931534e-02
6.847000000000000000e+03 6.012297121812695128e-02
6.848000000000000000e+03 5.987978058240489565e-02
6.849000000000000000e+03 5.963893049557125736e-02
6.850000000000000000e+03 5.940137777894157617e-02
6.851000000000000000e+03 5.916795130824040183e-02
6.852000000000000000e+03 5.893934057710567553e-02
6.853000000000000000e+03 5.871609565305534184e-02
6.854000000000000000e+03 5.849862871131006337e-02
6.855000000000000000e+03 5.828719642784598032e-02
6.856000000000000000e+03 5.808190414399370949e-02
6.857000000000000000e+03 5.788271740790139341e-02
6.858000000000000000e+03 5.768946771669573176e-02
6.859000000000000000e+03 5.750187484906038593e-02
6.860000000000000000e+03 5.731956770413138003e-02
6.861000000000000000e+03 5.714212773288936120e-02
6.862000000000000000e+03 5.696912450579459664e-02
6.863000000000000000e+03 5.680015533078292683e-02
6.864000000000000000e+03 5.663487980097101776e-02
6.865000000000000000e+03 5.647306780576300672e-02
6.866000000000000000e+03 5.631462641844312694e-02
6.867000000000000000e+03 5.615961731727865669e-02
6.868000000000000000e+03 5.600826834187615233e-02
6.869000000000000000e+03 5.586097390462418238e-02
6.870000000000000000e+03 5.571828309338966445e-02
6.871000000000000000e+03 5.558087548154608259e-02
6.872000000000000000e+03 5.544953711545064917e-02
6.873000000000000000e+03 5.532514628968825121e-02
6.874000000000000000e+03 5.520863613747956089e-02
6.875000000000000000e+03 5.510097340130887256e-02
6.876000000000000000e+03 5.500312426242628949e-02
6.877000000000000000e+03 5.491603156577404277e-02
6.878000000000000000e+03 5.484059230278592878e-02
6.879000000000000000e+03 5.477763247596725144e-02
6.880000000000000000e+03 5.472788855380900097e-02
6.881000000000000000e+03 5.469197637301499021e-02
6.882000000000000000e+03 5.467037290794417997e-02
6.883000000000000000e+03 5.466339463656422898e-02
6.884000000000000000e+03 5.467117093456581173e-02
6.885000000000000000e+03 5.469362802189765838e-02
6.886000000000000000e+03 5.473049241326469194e-02
6.887000000000000000e+03 5.478128526819910082e-02
6.888000000000000000e+03 5.484533028413729472e-02
6.889000000000000000e+03 5.492177802676226350e-02
6.890000000000000000e+03 5.500962123804305215e-02
6.891000000000000000e+03 5.510772624089091409e-02
6.892000000000000000e+03 5.521486437847678008e-02
6.893000000000000000e+03 5.532974906976388663e-02
6.894000000000000000e+03 5.545107025391093902e-02
6.895000000000000000e+03 5.557753541356733745e-02
6.896000000000000000e+03 5.570789466733258588e-02
6.897000000000000000e+03 5.584097881548472780e-02
6.898000000000000000e+03 5.597573225676415187e-02
6.899000000000000000e+03 5.611123668393337011e-02
6.900000000000000000e+03 5.624673723977349771e-02
6.901000000000000000e+03 5.638166687711508585e-02
6.902000000000000000e+03 5.651564416027878013e-02
6.903000000000000000e+03 5.664847638424583970e-02
6.904000000000000000e+03 5.678014952010562721e-02
6.905000000000000000e+03 5.691079694509676434e-02
6.906000000000000000e+03 5.704067147696191553e-02
6.907000000000000000e+03 5.717009297823073821e-02
6.908000000000000000e+03 5.729940480280450166e-02
6.909000000000000000e+03 5.742892674569588518e-02
6.910000000000000000e+03 5.755890202243734571e-02
6.911000000000000000e+03 5.768945297315267173e-02
6.912000000000000000e+03 5.782055385852732932e-02
6.913000000000000000e+03 5.795201425195074113e-02
6.914000000000000000e+03 5.808346354186921801e-02
6.915000000000000000e+03 5.821435963310414574e-02
6.916000000000000000e+03 5.834401777369539743e-02
6.917000000000000000e+03 5.847163820134797241e-02
6.918000000000000000e+03 5.859635189066301347e-02
6.919000000000000000e+03 5.871726794320560050e-02
6.920000000000000000e+03 5.883352925849388848e-02
6.921000000000000000e+03 5.894436768794504566e-02
6.922000000000000000e+03 5.904914941107512749e-02
6.923000000000000000e+03 5.914740298927813333e-02
6.924000000000000000e+03 5.923883727178133607e-02
6.925000000000000000e+03 5.932334019310285533e-02
6.926000000000000000e+03 5.940098060208572062e-02
6.927000000000000000e+03 5.947198142789147934e-02
6.928000000000000000e+03 5.953668061775457820e-02
6.929000000000000000e+03 5.959550181752820003e-02
6.930000000000000000e+03 5.964891959969749469e-02
6.931000000000000000e+03 5.969741695516644908e-02
6.932000000000000000e+03 5.974144971653372327e-02
6.933000000000000000e+03 5.978141983855268793e-02
6.934000000000000000e+03 5.981765553969260740e-02
6.935000000000000000e+03 5.985038850383998799e-02
6.936000000000000000e+03 5.987974528895501775e-02
6.937000000000000000e+03 5.990574754241440730e-02
6.938000000000000000e+03 5.992831276486265679e-02
6.939000000000000000e+03 5.994725189604546006e-02
6.940000000000000000e+03 5.996228933676650552e-02
6.941000000000000000e+03 5.997307974192519348e-02
6.942000000000000000e+03 5.997921365206185240e-02
6.943000000000000000e+03 5.998023455475136323e-02
6.944000000000000000e+03 5.997564825061012239e-02
6.945000000000000000e+03 5.996494967406160170e-02
6.946000000000000000e+03 5.994764175116908816e-02
6.947000000000000000e+03 5.992326206148289314e-02
6.948000000000000000e+03 5.989139889264246536e-02
6.949000000000000000e+03 5.985171144499638884e-02
6.950000000000000000e+03 5.980395296867067889e-02
6.951000000000000000e+03 5.974798486746320941e-02
6.952000000000000000e+03 5.968378950390597348e-02
6.953000000000000000e+03 5.961148326049162116e-02
6.954000000000000000e+03 5.953131290326582614e-02
6.955000000000000000e+03 5.944366033171327723e-02
6.956000000000000000e+03 5.934903613404859252e-02
6.957000000000000000e+03 5.924804514003950001e-02
6.958000000000000000e+03 5.914136537307508601e-02
6.959000000000000000e+03 5.902972743639557651e-02
6.960000000000000000e+03 5.891387263424053417e-02
6.961000000000000000e+03 5.879451776950234132e-02
6.962000000000000000e+03 5.867232192269906943e-02
6.963000000000000000e+03 5.854786671800971121e-02
6.964000000000000000e+03 5.842163938300855980e-02
6.965000000000000000e+03 5.829402101934857972e-02
6.966000000000000000e+03 5.816528852069373368e-02
6.967000000000000000e+03 5.803562542630691379e-02
6.968000000000000000e+03 5.790513339343761334e-02
6.969000000000000000e+03 5.777385993455394497e-02
6.970000000000000000e+03 5.764183099532951826e-02
6.971000000000000000e+03 5.750907703873776866e-02
6.972000000000000000e+03 5.737566363123056123e-02
6.973000000000000000e+03 5.724172017750214086e-02
6.974000000000000000e+03 5.710746583791782849e-02
6.975000000000000000e+03 5.697322295442931728e-02
6.976000000000000000e+03 5.683942860743691067e-02
6.977000000000000000e+03 5.670664335097840708e-02
6.978000000000000000e+03 5.657553797582248051e-02
6.979000000000000000e+03 5.644687813739450444e-02
6.980000000000000000e+03 5.632148864850716058e-02
6.981000000000000000e+03 5.620022036647888408e-02
6.982000000000000000e+03 5.608390436770748638e-02
6.983000000000000000e+03 5.597331827730214066e-02
6.984000000000000000e+03 5.586915886672290388e-02
6.985000000000000000e+03 5.577201215130726114e-02
6.986000000000000000e+03 5.568232041547084565e-02
6.987000000000000000e+03 5.560037200697368759e-02
6.988000000000000000e+03 5.552630042696102969e-02
6.989000000000000000e+03 5.546009614499535639e-02
6.990000000000000000e+03 5.540160798830955774e-02
6.991000000000000000e+03 5.535056191644283780e-02
6.992000000000000000e+03 5.530657157534708823e-02
6.993000000000000000e+03 5.526916645272286766e-02
6.994000000000000000e+03 5.523782403028291987e-02
6.995000000000000000e+03 5.521197928588875148e-02
6.996000000000000000e+03 5.519105007534955143e-02
6.997000000000000000e+03 5.517444602821043598e-02
6.998000000000000000e+03 5.516159240590180757e-02
6.999000000000000000e+03 5.515193880473692745e-02
7.000000000000000000e+03 5.514497813909435830e-02
7.001000000000000000e+03 5.514024557195373877e-02
7.002000000000000000e+03 5.513732107998019910e-02
7.003000000000000000e+03 5.513583712942235482e-02
7.004000000000000000e+03 5.513548447829993981e-02
7.005000000000000000e+03 5.513601582766516906e-02
7.006000000000000000e+03 5.513725037771705084e-02
7.007000000000000000e+03 5.513907520474450180e-02
7.008000000000000000e+03 5.514144504908029959e-02
7.009000000000000000e+03 5.514439607087735784e-02
7.010000000000000000e+03 5.514803901863689350e-02
7.011000000000000000e+03 5.515256209613420696e-02
7.012000000000000000e+03 5.515822975842200188e-02
7.013000000000000000e+03 5.516537008749708426e-02
7.014000000000000000e+03 5.517436193580257942e-02
7.015000000000000000e+03 5.518562860082697197e-02
7.016000000000000000e+03 5.519960821234282111e-02
7.017000000000000000e+03 5.521673771977914785e-02
7.018000000000000000e+03 5.523742208937749282e-02
7.019000000000000000e+03 5.526202337620587934e-02
7.020000000000000000e+03 5.529082571682950031e-02
7.021000000000000000e+03 5.532401278612495560e-02
7.022000000000000000e+03 5.536166605866799095e-02
7.023000000000000000e+03 5.540375384543178711e-02
7.024000000000000000e+03 5.545012266964471914e-02
7.025000000000000000e+03 5.550050504532681034e-02
7.026000000000000000e+03 5.555451314036248534e-02
7.027000000000000000e+03 5.561165050658477271e-02
7.028000000000000000e+03 5.567133067141195879e-02
7.029000000000000000e+03 5.573288856305766426e-02
7.030000000000000000e+03 5.579559277800413830e-02
7.031000000000000000e+03 5.585866267476195801e-02
7.032000000000000000e+03 5.592129134317971872e-02
7.033000000000000000e+03 5.598265772689788727e-02
7.034000000000000000e+03 5.604193643544263387e-02
7.035000000000000000e+03 5.609831313562929633e-02
7.036000000000000000e+03 5.615097949266888155e-02
7.037000000000000000e+03 5.619913936598673609e-02
7.038000000000000000e+03 5.624201685793669969e-02
7.039000000000000000e+03 5.627886252433351999e-02
7.040000000000000000e+03 5.630895400720521693e-02
7.041000000000000000e+03 5.633160417975537765e-02
7.042000000000000000e+03 5.634616167838721323e-02
7.043000000000000000e+03 5.635202640222751469e-02
7.044000000000000000e+03 5.634867486025613853e-02
7.045000000000000000e+03 5.633568020829851641e-02
7.046000000000000000e+03 5.631272290139621023e-02
7.047000000000000000e+03 5.627961004698887187e-02
7.048000000000000000e+03 5.623630297728221539e-02
7.049000000000000000e+03 5.618293020516432201e-02
7.050000000000000000e+03 5.611979262026411952e-02
7.051000000000000000e+03 5.604737569058897140e-02
7.052000000000000000e+03 5.596634185474298750e-02
7.053000000000000000e+03 5.587752695802599562e-02
7.054000000000000000e+03 5.578192533272129106e-02
7.055000000000000000e+03 5.568066981033162333e-02
7.056000000000000000e+03 5.557500433585314814e-02
7.057000000000000000e+03 5.546625494750121593e-02
7.058000000000000000e+03 5.535579831040444987e-02
7.059000000000000000e+03 5.524503346491331512e-02
7.060000000000000000e+03 5.513534510146475554e-02
7.061000000000000000e+03 5.502807023418448962e-02
7.062000000000000000e+03 5.492447815849595127e-02
7.063000000000000000e+03 5.482574195424683161e-02
7.064000000000000000e+03 5.473292404200676142e-02
7.065000000000000000e+03 5.464696848839643156e-02
7.066000000000000000e+03 5.456869773974334231e-02
7.067000000000000000e+03 5.449881300883113039e-02
7.068000000000000000e+03 5.443790775039235308e-02
7.069000000000000000e+03 5.438647919571995559e-02
7.070000000000000000e+03 5.434493910248475168e-02
7.071000000000000000e+03 5.431364002595799600e-02
7.072000000000000000e+03 5.429288226425373065e-02
7.073000000000000000e+03 5.428292814212379302e-02
7.074000000000000000e+03 5.428400877872981145e-02
7.075000000000000000e+03 5.429632752839746307e-02
7.076000000000000000e+03 5.432006833469492368e-02
7.077000000000000000e+03 5.435537203069307211e-02
7.078000000000000000e+03 5.440232955999435571e-02
7.079000000000000000e+03 5.446096064976425899e-02
7.080000000000000000e+03 5.453118682982237286e-02
7.081000000000000000e+03 5.461280773935667243e-02
7.082000000000000000e+03 5.470547555017363228e-02
7.083000000000000000e+03 5.480867598223721632e-02
7.084000000000000000e+03 5.492171954102599563e-02
7.085000000000000000e+03 5.504372082211769768e-02
7.086000000000000000e+03 5.517360395516543448e-02
7.087000000000000000e+03 5.531011211177426501e-02
7.088000000000000000e+03 5.545183323775430134e-02
7.089000000000000000e+03 5.559721048651099229e-02
7.090000000000000000e+03 5.574458370178558830e-02
7.091000000000000000e+03 5.589223233999533053e-02
7.092000000000000000e+03 5.603840299518741269e-02
7.093000000000000000e+03 5.618134782254672471e-02
7.094000000000000000e+03 5.631937460653625716e-02
7.095000000000000000e+03 5.645089193203652045e-02
7.096000000000000000e+03 5.657445561416752505e-02
7.097000000000000000e+03 5.668881396286439694e-02
7.098000000000000000e+03 5.679294585482706770e-02
7.099000000000000000e+03 5.688608920662615448e-02
7.100000000000000000e+03 5.696776531992053111e-02
7.101000000000000000e+03 5.703778783983227962e-02
7.102000000000000000e+03 5.709627397871670784e-02
7.103000000000000000e+03 5.714363314249926162e-02
7.104000000000000000e+03 5.718054655145947407e-02
7.105000000000000000e+03 5.720793610110217614e-02
7.106000000000000000e+03 5.722692693116990248e-02
7.107000000000000000e+03 5.723881415582183357e-02
7.108000000000000000e+03 5.724501210936813744e-02
7.109000000000000000e+03 5.724701152953313305e-02
7.110000000000000000e+03 5.724632497032215717e-02
7.111000000000000000e+03 5.724443379445225133e-02
7.112000000000000000e+03 5.724273676141185957e-02
7.113000000000000000e+03 5.724251766639384259e-02
7.114000000000000000e+03 5.724489548655909560e-02
7.115000000000000000e+03 5.725078928306637227e-02
7.116000000000000000e+03 5.726090215213433532e-02
7.117000000000000000e+03 5.727570462112509253e-02
7.118000000000000000e+03 5.729541769305921545e-02
7.119000000000000000e+03 5.732002381228913646e-02
7.120000000000000000e+03 5.734928016152832791e-02
7.121000000000000000e+03 5.738274989512126556e-02
7.122000000000000000e+03 5.741982802834960653e-02
7.123000000000000000e+03 5.745977552779515940e-02
7.124000000000000000e+03 5.750175048284078549e-02
7.125000000000000000e+03 5.754485815095230355e-02
7.126000000000000000e+03 5.758818644006677423e-02
7.127000000000000000e+03 5.763083300778588935e-02
7.128000000000000000e+03 5.767195178149097518e-02
7.129000000000000000e+03 5.771075983776082635e-02
7.130000000000000000e+03 5.774655619778019944e-02
7.131000000000000000e+03 5.777872460168759217e-02
7.132000000000000000e+03 5.780674482380789014e-02
7.133000000000000000e+03 5.783019565448232341e-02
7.134000000000000000e+03 5.784874540537441462e-02
7.135000000000000000e+03 5.786215747777699592e-02
7.136000000000000000e+03 5.787028435912691671e-02
7.137000000000000000e+03 5.787306170973945119e-02
7.138000000000000000e+03 5.787051512681218313e-02
7.139000000000000000e+03 5.786275476993703315e-02
7.140000000000000000e+03 5.784998729895887704e-02
7.141000000000000000e+03 5.783249699978681296e-02
7.142000000000000000e+03 5.781063881414851696e-02
7.143000000000000000e+03 5.778483239833717700e-02
7.144000000000000000e+03 5.775554880996935925e-02
7.145000000000000000e+03 5.772329032070940696e-02
7.146000000000000000e+03 5.768857533861330295e-02
7.147000000000000000e+03 5.765191811786223031e-02
7.148000000000000000e+03 5.761380698096275205e-02
7.149000000000000000e+03 5.757469616508589794e-02
7.150000000000000000e+03 5.753500549552233168e-02
7.151000000000000000e+03 5.749510623316050895e-02
7.152000000000000000e+03 5.745533813998583705e-02
7.153000000000000000e+03 5.741601363827882054e-02
7.154000000000000000e+03 5.737743955198142815e-02
7.155000000000000000e+03 5.733993180339650581e-02
7.156000000000000000e+03 5.730382648665026390e-02
7.157000000000000000e+03 5.726948736248165667e-02
7.158000000000000000e+03 5.723731623443390620e-02
7.159000000000000000e+03 5.720774557400386956e-02
7.160000000000000000e+03 5.718123463790046601e-02
7.161000000000000000e+03 5.715825017644340228e-02
7.162000000000000000e+03 5.713926042714329023e-02
7.163000000000000000e+03 5.712470736450876024e-02
7.164000000000000000e+03 5.711499643811711324e-02
7.165000000000000000e+03 5.711047647560903162e-02
7.166000000000000000e+03 5.711143391139682224e-02
7.167000000000000000e+03 5.711809115138806459e-02
7.168000000000000000e+03 5.713061200483515040e-02
7.169000000000000000e+03 5.714911719504912890e-02
7.170000000000000000e+03 5.717369714506208983e-02
7.171000000000000000e+03 5.720443667647136243e-02
7.172000000000000000e+03 5.724142180409041297e-02
7.173000000000000000e+03 5.728475712536684750e-02
7.174000000000000000e+03 5.733458900792851726e-02
7.175000000000000000e+03 5.739110532101558693e-02
7.176000000000000000e+03 5.745455203206342731e-02
7.177000000000000000e+03 5.752522207075484728e-02
7.178000000000000000e+03 5.760342997154151157e-02
7.179000000000000000e+03 5.768949983181487218e-02
7.180000000000000000e+03 5.778374594237178918e-02
7.181000000000000000e+03 5.788643311679313175e-02
7.182000000000000000e+03 5.799776295560268857e-02
7.183000000000000000e+03 5.811784517063302291e-02
7.184000000000000000e+03 5.824666711330871161e-02
7.185000000000000000e+03 5.838407910212423113e-02
7.186000000000000000e+03 5.852978563869601358e-02
7.187000000000000000e+03 5.868333661091767323e-02
7.188000000000000000e+03 5.884412111630853148e-02
7.189000000000000000e+03 5.901137935755880470e-02
7.190000000000000000e+03 5.918421357401891514e-02
7.191000000000000000e+03 5.936160469440560083e-02
7.192000000000000000e+03 5.954244587956165902e-02
7.193000000000000000e+03 5.972555892129237376e-02
7.194000000000000000e+03 5.990971350492924757e-02
7.195000000000000000e+03 6.009365688942570199e-02
7.196000000000000000e+03 6.027613928731253429e-02
7.197000000000000000e+03 6.045593881722399754e-02
7.198000000000000000e+03 6.063187374948124375e-02
7.199000000000000000e+03 6.080282493408266375e-02
7.200000000000000000e+03 6.096774637071873670e-02
7.201000000000000000e+03 6.112568249655399993e-02
7.202000000000000000e+03 6.127576396125238023e-02
7.203000000000000000e+03 6.141721772046421224e-02
7.204000000000000000e+03 6.154937163255786575e-02
7.205000000000000000e+03 6.167165946417801220e-02
7.206000000000000000e+03 6.178363191794906950e-02
7.207000000000000000e+03 6.188495591957238195e-02
7.208000000000000000e+03 6.197542316492148096e-02
7.209000000000000000e+03 6.205494935765563935e-02
7.210000000000000000e+03 6.212357159460016320e-02
7.211000000000000000e+03 6.218145412759787383e-02
7.212000000000000000e+03 6.222888917803630349e-02
7.213000000000000000e+03 6.226630096246480589e-02
7.214000000000000000e+03 6.229424351457355652e-02
7.215000000000000000e+03 6.231338128097799189e-02
7.216000000000000000e+03 6.232449227569181877e-02
7.217000000000000000e+03 6.232844155447074541e-02
7.218000000000000000e+03 6.232616935962910498e-02
7.219000000000000000e+03 6.231866119626495309e-02
7.220000000000000000e+03 6.230692581551812437e-02
7.221000000000000000e+03 6.229195862817019785e-02
7.222000000000000000e+03 6.227470523698602767e-02
7.223000000000000000e+03 6.225602210462192337e-02
7.224000000000000000e+03 6.223665216493868418e-02
7.225000000000000000e+03 6.221720770031194392e-02
7.226000000000000000e+03 6.219814943253688944e-02
7.227000000000000000e+03 6.217977780437848601e-02
7.228000000000000000e+03 6.216222380608178721e-02
7.229000000000000000e+03 6.214543805266761062e-02
7.230000000000000000e+03 6.212919655989464218e-02
7.231000000000000000e+03 6.211311459728766082e-02
7.232000000000000000e+03 6.209665896092377707e-02
7.233000000000000000e+03 6.207915668305392237e-02
7.234000000000000000e+03 6.205982425708617134e-02
7.235000000000000000e+03 6.203780281604931446e-02
7.236000000000000000e+03 6.201219690991965905e-02
7.237000000000000000e+03 6.198211668263094165e-02
7.238000000000000000e+03 6.194670766601047956e-02
7.239000000000000000e+03 6.190520237037609036e-02
7.240000000000000000e+03 6.185696284650775423e-02
7.241000000000000000e+03 6.180151874207151508e-02
7.242000000000000000e+03 6.173860438681735147e-02
7.243000000000000000e+03 6.166818040625800246e-02
7.244000000000000000e+03 6.159044991378373468e-02
7.245000000000000000e+03 6.150586386532880256e-02
7.246000000000000000e+03 6.141510579279637477e-02
7.247000000000000000e+03 6.131907327807924885e-02
7.248000000000000000e+03 6.121884572680369452e-02
7.249000000000000000e+03 6.111563385638521528e-02
7.250000000000000000e+03 6.101072926326286949e-02
7.251000000000000000e+03 6.090545118050605389e-02
7.252000000000000000e+03 6.080108747868807895e-02
7.253000000000000000e+03 6.069884764093079477e-02
7.254000000000000000e+03 6.059982490891148432e-02
7.255000000000000000e+03 6.050494667265368665e-02
7.256000000000000000e+03 6.041494642151555572e-02
7.257000000000000000e+03 6.033034986301322178e-02
7.258000000000000000e+03 6.025146640290319350e-02
7.259000000000000000e+03 6.017838065051159258e-02
7.260000000000000000e+03 6.011098018783724017e-02
7.261000000000000000e+03 6.004897928577349747e-02
7.262000000000000000e+03 5.999194029683745100e-02
7.263000000000000000e+03 5.993929952972454345e-02
7.264000000000000000e+03 5.989041163292433551e-02
7.265000000000000000e+03 5.984459720484769374e-02
7.266000000000000000e+03 5.980117255623146333e-02
7.267000000000000000e+03 5.975948883605371187e-02
7.268000000000000000e+03 5.971894662577831303e-02
7.269000000000000000e+03 5.967902368322795803e-02
7.270000000000000000e+03 5.963929800326000369e-02
7.271000000000000000e+03 5.959947233290346924e-02
7.272000000000000000e+03 5.955937938805686005e-02
7.273000000000000000e+03 5.951899291985678075e-02
7.274000000000000000e+03 5.947844341665677048e-02
7.275000000000000000e+03 5.943800442325320593e-02
7.276000000000000000e+03 5.939809345307774796e-02
7.277000000000000000e+03 5.935927004616189939e-02
7.278000000000000000e+03 5.932221310174985718e-02
7.279000000000000000e+03 5.928769367544085844e-02
7.280000000000000000e+03 5.925655598185818052e-02
7.281000000000000000e+03 5.922967326887079720e-02
7.282000000000000000e+03 5.920792421764747848e-02
7.283000000000000000e+03 5.919215931977596379e-02
7.284000000000000000e+03 5.918316251457496346e-02
7.285000000000000000e+03 5.918161726545621837e-02
7.286000000000000000e+03 5.918808616730875799e-02
7.287000000000000000e+03 5.920299419712961309e-02
7.288000000000000000e+03 5.922661110436469589e-02
7.289000000000000000e+03 5.925904346305399528e-02
7.290000000000000000e+03 5.930023478992109409e-02
7.291000000000000000e+03 5.934997007498901689e-02
7.292000000000000000e+03 5.940789134658416154e-02
7.293000000000000000e+03 5.947350888915990674e-02
7.294000000000000000e+03 5.954621235044373767e-02
7.295000000000000000e+03 5.962531311672401857e-02
7.296000000000000000e+03 5.971006163421956059e-02
7.297000000000000000e+03 5.979966757268778688e-02
7.298000000000000000e+03 5.989332741171320834e-02
7.299000000000000000e+03 5.999023902651660911e-02
7.300000000000000000e+03 6.008963249462839079e-02
7.301000000000000000e+03 6.019078541609619581e-02
7.302000000000000000e+03 6.029304468977837034e-02
7.303000000000000000e+03 6.039583575777510149e-02
7.304000000000000000e+03 6.049867675072187478e-02
7.305000000000000000e+03 6.060117546877319405e-02
7.306000000000000000e+03 6.070302494915187641e-02
7.307000000000000000e+03 6.080400802637679625e-02
7.308000000000000000e+03 6.090399140045590909e-02
7.309000000000000000e+03 6.100291575706609515e-02
7.310000000000000000e+03 6.110078120402702428e-02
7.311000000000000000e+03 6.119762998655486896e-02
7.312000000000000000e+03 6.129352836217122347e-02
7.313000000000000000e+03 6.138854626064918496e-02
7.314000000000000000e+03 6.148272809424601415e-02
7.315000000000000000e+03 6.157606819930849795e-02
7.316000000000000000e+03 6.166850099474223412e-02
7.317000000000000000e+03 6.175987283079829859e-02
7.318000000000000000e+03 6.184993394241246334e-02
7.319000000000000000e+03 6.193831963812410080e-02
7.320000000000000000e+03 6.202453542907804263e-02
7.321000000000000000e+03 6.210795326306839392e-02
7.322000000000000000e+03 6.218781984741929281e-02
7.323000000000000000e+03 6.226327258796915398e-02
7.324000000000000000e+03 6.233336104931896243e-02
7.325000000000000000e+03 6.239708498357840472e-02
7.326000000000000000e+03 6.245342059940651308e-02
7.327000000000000000e+03 6.250137481038861575e-02
7.328000000000000000e+03 6.254002308792772080e-02
7.329000000000000000e+03 6.256854754121554674e-02
7.330000000000000000e+03 6.258627445455619553e-02
7.331000000000000000e+03 6.259271356046811063e-02
7.332000000000000000e+03 6.258757809216353163e-02
7.333000000000000000e+03 6.257079044720510741e-02
7.334000000000000000e+03 6.254247830673653752e-02
7.335000000000000000e+03 6.250294823720750625e-02
7.336000000000000000e+03 6.245265449465849800e-02
7.337000000000000000e+03 6.239216559064152817e-02
7.338000000000000000e+03 6.232211349026518798e-02
7.339000000000000000e+03 6.224314323463706056e-02
7.340000000000000000e+03 6.215587982196189853e-02
7.341000000000000000e+03 6.206088582377004836e-02
7.342000000000000000e+03 6.195862263485144017e-02
7.343000000000000000e+03 6.184946044738547782e-02
7.344000000000000000e+03 6.173365882827623607e-02
7.345000000000000000e+03 6.161136995414984163e-02
7.346000000000000000e+03 6.148265719713638666e-02
7.347000000000000000e+03 6.134752341158899308e-02
7.348000000000000000e+03 6.120593236280185562e-02
7.349000000000000000e+03 6.105784470022820182e-02
7.350000000000000000e+03 6.090324229822178387e-02
7.351000000000000000e+03 6.074214869033388309e-02
7.352000000000000000e+03 6.057464513482248986e-02
7.353000000000000000e+03 6.040089618268359994e-02
7.354000000000000000e+03 6.022115784441955944e-02
7.355000000000000000e+03 6.003577756919886016e-02
7.356000000000000000e+03 5.984517840100858632e-02
7.357000000000000000e+03 5.964987035374233471e-02
7.358000000000000000e+03 5.945045064245709637e-02
7.359000000000000000e+03 5.924759277279907643e-02
7.360000000000000000e+03 5.904204428651426556e-02
7.361000000000000000e+03 5.883461066715432730e-02
7.362000000000000000e+03 5.862616222765641705e-02
7.363000000000000000e+03 5.841763737675514934e-02
7.364000000000000000e+03 5.821003514563643372e-02
7.365000000000000000e+03 5.800440524288345140e-02
7.366000000000000000e+03 5.780182720703750526e-02
7.367000000000000000e+03 5.760339601703278606e-02
7.368000000000000000e+03 5.741019709656781933e-02
7.369000000000000000e+03 5.722327965568239222e-02
7.370000000000000000e+03 5.704362573982717233e-02
7.371000000000000000e+03 5.687211277805468562e-02
7.372000000000000000e+03 5.670947788281917312e-02
7.373000000000000000e+03 5.655629773875332778e-02
7.374000000000000000e+03 5.641295448466494833e-02
7.375000000000000000e+03 5.627961955877896355e-02
7.376000000000000000e+03 5.615624599873977885e-02
7.377000000000000000e+03 5.604257962924581032e-02
7.378000000000000000e+03 5.593816199946986811e-02
7.379000000000000000e+03 5.584234910493197229e-02
7.380000000000000000e+03 5.575435247519289206e-02
7.381000000000000000e+03 5.567327254205566012e-02
7.382000000000000000e+03 5.559814748922926875e-02
7.383000000000000000e+03 5.552800455453259232e-02
7.384000000000000000e+03 5.546191819272210805e-02
7.385000000000000000e+03 5.539907073101166257e-02
7.386000000000000000e+03 5.533880943065193347e-02
7.387000000000000000e+03 5.528068414744764791e-02
7.388000000000000000e+03 5.522447405511142493e-02
7.389000000000000000e+03 5.517020544516057501e-02
7.390000000000000000e+03 5.511814003284343927e-02
7.391000000000000000e+03 5.506874706542491671e-02
7.392000000000000000e+03 5.502266673573619205e-02
7.393000000000000000e+03 5.498064490708358398e-02
7.394000000000000000e+03 5.494346652573640216e-02
7.395000000000000000e+03 5.491189171764046528e-02
7.396000000000000000e+03 5.488659266545838078e-02
7.397000000000000000e+03 5.486809656223878839e-02
7.398000000000000000e+03 5.485674489445098445e-02
7.399000000000000000e+03 5.485266145795597570e-02
7.400000000000000000e+03 5.485573186667144080e-02
7.401000000000000000e+03 5.486560389246922242e-02
7.402000000000000000e+03 5.488168877165415516e-02
7.403000000000000000e+03 5.490318306405608806e-02
7.404000000000000000e+03 5.492909772365971166e-02
7.405000000000000000e+03 5.495828878099266041e-02
7.406000000000000000e+03 5.498949471360883162e-02
7.407000000000000000e+03 5.502138103280538456e-02
7.408000000000000000e+03 5.505257484841052928e-02
7.409000000000000000e+03 5.508169431025153329e-02
7.410000000000000000e+03 5.510738207956833445e-02
7.411000000000000000e+03 5.512834815687090578e-02
7.412000000000000000e+03 5.514340394245233895e-02
7.413000000000000000e+03 5.515148270908805384e-02
7.414000000000000000e+03 5.515165683160919152e-02
7.415000000000000000e+03 5.514315898467962024e-02
7.416000000000000000e+03 5.512540520370191877e-02
7.417000000000000000e+03 5.509800765813986645e-02
7.418000000000000000e+03 5.506078480062052971e-02
7.419000000000000000e+03 5.501376975552345339e-02
7.420000000000000000e+03 5.495720456861178521e-02
7.421000000000000000e+03 5.489153129152016947e-02
7.422000000000000000e+03 5.481738420090360303e-02
7.423000000000000000e+03 5.473556257605023678e-02
7.424000000000000000e+03 5.464701003756657072e-02
7.425000000000000000e+03 5.455279167650817912e-02
7.426000000000000000e+03 5.445405764437804413e-02
7.427000000000000000e+03 5.435200290138373497e-02
7.428000000000000000e+03 5.424783893803252627e-02
7.429000000000000000e+03 5.414277076519654480e-02
7.430000000000000000e+03 5.403796062250251775e-02
7.431000000000000000e+03 5.393450739730794308e-02
7.432000000000000000e+03 5.383342705487366431e-02
7.433000000000000000e+03 5.373563169652440658e-02
7.434000000000000000e+03 5.364190632344152665e-02
7.435000000000000000e+03 5.355290504875034191e-02
7.436000000000000000e+03 5.346914215387460478e-02
7.437000000000000000e+03 5.339098524268718476e-02
7.438000000000000000e+03 5.331865119378480233e-02
7.439000000000000000e+03 5.325221986825087045e-02
7.440000000000000000e+03 5.319163046045178450e-02
7.441000000000000000e+03 5.313671309923864022e-02
7.442000000000000000e+03 5.308720820431803850e-02
7.443000000000000000e+03 5.304279229193742395e-02
7.444000000000000000e+03 5.300310748602799632e-02
7.445000000000000000e+03 5.296778707832267702e-02
7.446000000000000000e+03 5.293647554208566475e-02
7.447000000000000000e+03 5.290883810378367580e-02
7.448000000000000000e+03 5.288458462377160219e-02
7.449000000000000000e+03 5.286348617741399442e-02
7.450000000000000000e+03 5.284539256384675893e-02
7.451000000000000000e+03 5.283022921891959711e-02
7.452000000000000000e+03 5.281800376787448154e-02
7.453000000000000000e+03 5.280881098935093221e-02
7.454000000000000000e+03 5.280281963723567479e-02
7.455000000000000000e+03 5.280028061082389645e-02
7.456000000000000000e+03 5.280152744469799458e-02
7.457000000000000000e+03 5.280697018459118430e-02
7.458000000000000000e+03 5.281709182823021709e-02
7.459000000000000000e+03 5.283243522779314250e-02
7.460000000000000000e+03 5.285359603405391515e-02
7.461000000000000000e+03 5.288121263625457369e-02
7.462000000000000000e+03 5.291595252490687018e-02
7.463000000000000000e+03 5.295850209246035639e-02
7.464000000000000000e+03 5.300954616477382420e-02
7.465000000000000000e+03 5.306974169319277762e-02
7.466000000000000000e+03 5.313969013582643675e-02
7.467000000000000000e+03 5.321991628751354675e-02
7.468000000000000000e+03 5.331084134203944308e-02
7.469000000000000000e+03 5.341275253713491378e-02
7.470000000000000000e+03 5.352576956313206957e-02
7.471000000000000000e+03 5.364981692354409137e-02
7.472000000000000000e+03 5.378461612438206058e-02
7.473000000000000000e+03 5.392968564351379585e-02
7.474000000000000000e+03 5.408433467096280395e-02
7.475000000000000000e+03 5.424766998922012085e-02
7.476000000000000000e+03 5.441863618547280318e-02
7.477000000000000000e+03 5.459604333214504446e-02
7.478000000000000000e+03 5.477861315319901281e-02
7.479000000000000000e+03 5.496502363915955341e-02
7.480000000000000000e+03 5.515397614024310224e-02
7.481000000000000000e+03 5.534424949535279165e-02
7.482000000000000000e+03 5.553475484503919701e-02
7.483000000000000000e+03 5.572457108993462971e-02
7.484000000000000000e+03 5.591298180448266153e-02
7.485000000000000000e+03 5.609949527131891100e-02
7.486000000000000000e+03 5.628387268593397497e-02
7.487000000000000000e+03 5.646610921198744193e-02
7.488000000000000000e+03 5.664640128711190270e-02
7.489000000000000000e+03 5.682511354645913837e-02
7.490000000000000000e+03 5.700273584605599492e-02
7.491000000000000000e+03 5.717984113031982646e-02
7.492000000000000000e+03 5.735702690263193293e-02
7.493000000000000000e+03 5.753484512263465356e-02
7.494000000000000000e+03 5.771375362250923124e-02
7.495000000000000000e+03 5.789406647206914169e-02
7.496000000000000000e+03 5.807591742816681224e-02
7.497000000000000000e+03 5.825922320495165174e-02
7.498000000000000000e+03 5.844366531775217755e-02
7.499000000000000000e+03 5.862867325122676776e-02
7.500000000000000000e+03 5.881343295725187381e-02
7.501000000000000000e+03 5.899689950178897691e-02
7.502000000000000000e+03 5.917782590361279904e-02
7.503000000000000000e+03 5.935481961435877529e-02
7.504000000000000000e+03 5.952639727644305767e-02
7.505000000000000000e+03 5.969102245454324662e-02
7.506000000000000000e+03 5.984716887482818826e-02
7.507000000000000000e+03 5.999338520050805090e-02
7.508000000000000000e+03 6.012834429145726828e-02
7.509000000000000000e+03 6.025088464192694671e-02
7.510000000000000000e+03 6.036005160427834748e-02
7.511000000000000000e+03 6.045510442579033611e-02
7.512000000000000000e+03 6.053551762474063125e-02
7.513000000000000000e+03 6.060098067812806633e-02
7.514000000000000000e+03 6.065137853159240783e-02
7.515000000000000000e+03 6.068676518025825639e-02
7.516000000000000000e+03 6.070733125708148437e-02
7.517000000000000000e+03 6.071336196550609215e-02
7.518000000000000000e+03 6.070519264205825882e-02
7.519000000000000000e+03 6.068318729059907213e-02
7.520000000000000000e+03 6.064772261380199647e-02
7.521000000000000000e+03 6.059917839156897523e-02
7.522000000000000000e+03 6.053795297712447065e-02
7.523000000000000000e+03 6.046448518556005181e-02
7.524000000000000000e+03 6.037927409154600356e-02
7.525000000000000000e+03 6.028289359085411275e-02
7.526000000000000000e+03 6.017602984515017794e-02
7.527000000000000000e+03 6.005950592285662359e-02
7.528000000000000000e+03 5.993428976235326555e-02
7.529000000000000000e+03 5.980149050469411864e-02
7.530000000000000000e+03 5.966235411309230019e-02
7.531000000000000000e+03 5.951824016777987336e-02
7.532000000000000000e+03 5.937059522524239241e-02
7.533000000000000000e+03 5.922090598098130043e-02
7.534000000000000000e+03 5.907066726211934737e-02
7.535000000000000000e+03 5.892134043462921023e-02
7.536000000000000000e+03 5.877432439466138275e-02
7.537000000000000000e+03 5.863091484307761392e-02
7.538000000000000000e+03 5.849226639314999976e-02
7.539000000000000000e+03 5.835937237581762665e-02
7.540000000000000000e+03 5.823306219874101186e-02
7.541000000000000000e+03 5.811398180475751962e-02
7.542000000000000000e+03 5.800260075901574053e-02
7.543000000000000000e+03 5.789922643068423636e-02
7.544000000000000000e+03 5.780400520990894297e-02
7.545000000000000000e+03 5.771694119829585273e-02
7.546000000000000000e+03 5.763792269354565956e-02
7.547000000000000000e+03 5.756674165248618774e-02
7.548000000000000000e+03 5.750311734255808549e-02
7.549000000000000000e+03 5.744672774210297927e-02
7.550000000000000000e+03 5.739722057455681758e-02
7.551000000000000000e+03 5.735421421919630058e-02
7.552000000000000000e+03 5.731731594210563024e-02
7.553000000000000000e+03 5.728612401388278458e-02
7.554000000000000000e+03 5.726023305138278063e-02
7.555000000000000000e+03 5.723923422816686035e-02
7.556000000000000000e+03 5.722270787312613849e-02
7.557000000000000000e+03 5.721021958462465390e-02
7.558000000000000000e+03 5.720131423666035414e-02
7.559000000000000000e+03 5.719552167479033389e-02
7.560000000000000000e+03 5.719235752141220430e-02
7.561000000000000000e+03 5.719132741105273365e-02
7.562000000000000000e+03 5.719192879053959511e-02
7.563000000000000000e+03 5.719366110857204699e-02
7.564000000000000000e+03 5.719604161655836294e-02
7.565000000000000000e+03 5.719861678708158120e-02
7.566000000000000000e+03 5.720097130623481851e-02
7.567000000000000000e+03 5.720272666707620218e-02
7.568000000000000000e+03 5.720355859034520485e-02
7.569000000000000000e+03 5.720321565135853825e-02
7.570000000000000000e+03 5.720151150494183490e-02
7.571000000000000000e+03 5.719834695419818982e-02
7.572000000000000000e+03 5.719371800390072452e-02
7.573000000000000000e+03 5.718772815544839738e-02
7.574000000000000000e+03 5.718057945864819108e-02
7.575000000000000000e+03 5.717258603516499338e-02
7.576000000000000000e+03 5.716417344583907267e-02
7.577000000000000000e+03 5.715586981271284645e-02
7.578000000000000000e+03 5.714829029703150792e-02
7.579000000000000000e+03 5.714212346658301134e-02
7.580000000000000000e+03 5.713810137703363712e-02
7.581000000000000000e+03 5.713696253964023475e-02
7.582000000000000000e+03 5.713942356083789170e-02
7.583000000000000000e+03 5.714615502613720061e-02
7.584000000000000000e+03 5.715775493373025096e-02
7.585000000000000000e+03 5.717472187088406405e-02
7.586000000000000000e+03 5.719743678189125047e-02
7.587000000000000000e+03 5.722614851809998404e-02
7.588000000000000000e+03 5.726096195605522021e-02
7.589000000000000000e+03 5.730182362545556407e-02
7.590000000000000000e+03 5.734851731444791378e-02
7.591000000000000000e+03 5.740065292812977088e-02
7.592000000000000000e+03 5.745766531732819649e-02
7.593000000000000000e+03 5.751880733779255600e-02
7.594000000000000000e+03 5.758317718863738277e-02
7.595000000000000000e+03 5.764973270998532268e-02
7.596000000000000000e+03 5.771731233996142685e-02
7.597000000000000000e+03 5.778467624673115643e-02
7.598000000000000000e+03 5.785055200718292046e-02
7.599000000000000000e+03 5.791367815510761047e-02
7.600000000000000000e+03 5.797285715763451225e-02
7.601000000000000000e+03 5.802699693364500588e-02
7.602000000000000000e+03 5.807515612181182729e-02
7.603000000000000000e+03 5.811656629664645884e-02
7.604000000000000000e+03 5.815064356621316155e-02
7.605000000000000000e+03 5.817699000966344847e-02
7.606000000000000000e+03 5.819539525915243261e-02
7.607000000000000000e+03 5.820581052358671237e-02
7.608000000000000000e+03 5.820832413638218905e-02
7.609000000000000000e+03 5.820312960940750291e-02
7.610000000000000000e+03 5.819049281662137807e-02
7.611000000000000000e+03 5.817071884126719106e-02
7.612000000000000000e+03 5.814413152116797157e-02
7.613000000000000000e+03 5.811104514738572174e-02
7.614000000000000000e+03 5.807176011171803764e-02
7.615000000000000000e+03 5.802655288589988331e-02
7.616000000000000000e+03 5.797568026174948486e-02
7.617000000000000000e+03 5.791937834704356802e-02
7.618000000000000000e+03 5.785787033418529623e-02
7.619000000000000000e+03 5.779137583109890397e-02
7.620000000000000000e+03 5.772013224352625510e-02
7.621000000000000000e+03 5.764442153934711682e-02
7.622000000000000000e+03 5.756457522671930283e-02
7.623000000000000000e+03 5.748099406770609821e-02
7.624000000000000000e+03 5.739416991071728813e-02
7.625000000000000000e+03 5.730471572896556065e-02
7.626000000000000000e+03 5.721338151126946492e-02
7.627000000000000000e+03 5.712105140070474624e-02
7.628000000000000000e+03 5.702874129725233471e-02
7.629000000000000000e+03 5.693758235518129457e-02
7.630000000000000000e+03 5.684881103047005613e-02
7.631000000000000000e+03 5.676374441873079796e-02
7.632000000000000000e+03 5.668373900851518543e-02
7.633000000000000000e+03 5.661014446849041426e-02
7.634000000000000000e+03 5.654426769558612564e-02
7.635000000000000000e+03 5.648733689820942261e-02
7.636000000000000000e+03 5.644046586135921528e-02
7.637000000000000000e+03 5.640462136813979843e-02
7.638000000000000000e+03 5.638059452139661948e-02
7.639000000000000000e+03 5.636898913649926457e-02
7.640000000000000000e+03 5.637021597554185692e-02
7.641000000000000000e+03 5.638448959544448136e-02
7.642000000000000000e+03 5.641184314095366858e-02
7.643000000000000000e+03 5.645214875618379674e-02
7.644000000000000000e+03 5.650513457106483284e-02
7.645000000000000000e+03 5.657041515727567055e-02
7.646000000000000000e+03 5.664751108641059157e-02
7.647000000000000000e+03 5.673587528301364535e-02
7.648000000000000000e+03 5.683490343842141634e-02
7.649000000000000000e+03 5.694394892124636509e-02
7.650000000000000000e+03 5.706234232864097755e-02
7.651000000000000000e+03 5.718939623103451442e-02
7.652000000000000000e+03 5.732440843989211610e-02
7.653000000000000000e+03 5.746664604151363598e-02
7.654000000000000000e+03 5.761534787750947906e-02
7.655000000000000000e+03 5.776972237750152561e-02
7.656000000000000000e+03 5.792894839003510238e-02
7.657000000000000000e+03 5.809216752973778153e-02
7.658000000000000000e+03 5.825849618969185933e-02
7.659000000000000000e+03 5.842702868266761579e-02
7.660000000000000000e+03 5.859686218443807548e-02
7.661000000000000000e+03 5.876710293667503082e-02
7.662000000000000000e+03 5.893689753205834381e-02
7.663000000000000000e+03 5.910545128480397536e-02
7.664000000000000000e+03 5.927205197927204461e-02
7.665000000000000000e+03 5.943608751664908318e-02
7.666000000000000000e+03 5.959706504201287003e-02
7.667000000000000000e+03 5.975461641177472194e-02
7.668000000000000000e+03 5.990849946040560647e-02
7.669000000000000000e+03 6.005858495798037378e-02
7.670000000000000000e+03 6.020484566421398925e-02
7.671000000000000000e+03 6.034734740518096774e-02
7.672000000000000000e+03 6.048622721408650205e-02
7.673000000000000000e+03 6.062167090776778705e-02
7.674000000000000000e+03 6.075387388350931422e-02
7.675000000000000000e+03 6.088302483395913178e-02
7.676000000000000000e+03 6.100929437404616074e-02
7.677000000000000000e+03 6.113281383699008253e-02
7.678000000000000000e+03 6.125365352766035110e-02
7.679000000000000000e+03 6.137181538712047080e-02
7.680000000000000000e+03 6.148723134222584125e-02
7.681000000000000000e+03 6.159975231727311817e-02
7.682000000000000000e+03 6.170914877990007347e-02
7.683000000000000000e+03 6.181512057917881720e-02
7.684000000000000000e+03 6.191730229069920821e-02
7.685000000000000000e+03 6.201528539599890366e-02
7.686000000000000000e+03 6.210863083485491931e-02
7.687000000000000000e+03 6.219689756006296227e-02
7.688000000000000000e+03 6.227966498077021351e-02
7.689000000000000000e+03 6.235654974346912377e-02
7.690000000000000000e+03 6.242722075866554560e-02
7.691000000000000000e+03 6.249139632204674111e-02
7.692000000000000000e+03 6.254885369905624493e-02
7.693000000000000000e+03 6.259940335397257138e-02
7.694000000000000000e+03 6.264287606846494216e-02
7.695000000000000000e+03 6.267910862395478788e-02
7.696000000000000000e+03 6.270792881530017071e-02
7.697000000000000000e+03 6.272914173585801556e-02
7.698000000000000000e+03 6.274251974247786745e-02
7.699000000000000000e+03 6.274781933879890194e-02
7.700000000000000000e+03 6.274479100089397354e-02
7.701000000000000000e+03 6.273321005060202016e-02
7.702000000000000000e+03 6.271287941335321192e-02
7.703000000000000000e+03 6.268365515825093104e-02
7.704000000000000000e+03 6.264546812628189743e-02
7.705000000000000000e+03 6.259834130069544256e-02
7.706000000000000000e+03 6.254240457810318621e-02
7.707000000000000000e+03 6.247788384146320262e-02
7.708000000000000000e+03 6.240510919387537436e-02
7.709000000000000000e+03 6.232450721454674269e-02
7.710000000000000000e+03 6.223657925039266514e-02
7.711000000000000000e+03 6.214187197090872278e-02
7.712000000000000000e+03 6.204095040972670838e-02
7.713000000000000000e+03 6.193437090139992940e-02
7.714000000000000000e+03 6.182265536772048320e-02
7.715000000000000000e+03 6.170626700807144149e-02
7.716000000000000000e+03 6.158559526370953330e-02
7.717000000000000000e+03 6.146093669918055447e-02
7.718000000000000000e+03 6.133249709666468985e-02
7.719000000000000000e+03 6.120040278638957248e-02
7.720000000000000000e+03 6.106470837376870575e-02
7.721000000000000000e+03 6.092541385007847754e-02
7.722000000000000000e+03 6.078246745439710996e-02
7.723000000000000000e+03 6.063579621392665292e-02
7.724000000000000000e+03 6.048532518722825324e-02
7.725000000000000000e+03 6.033100421989871787e-02
7.726000000000000000e+03 6.017282229226818269e-02
7.727000000000000000e+03 6.001080054910450795e-02
7.728000000000000000e+03 5.984499662781141843e-02
7.729000000000000000e+03 5.967549997675412193e-02
7.730000000000000000e+03 5.950241451718335517e-02
7.731000000000000000e+03 5.932585322448302723e-02
7.732000000000000000e+03 5.914590708034620642e-02
7.733000000000000000e+03 5.896263760134860116e-02
7.734000000000000000e+03 5.877604919644892345e-02
7.735000000000000000e+03 5.858608100775174882e-02
7.736000000000000000e+03 5.839260114099784071e-02
7.737000000000000000e+03 5.819542554913720300e-02
7.738000000000000000e+03 5.799432297839343664e-02
7.739000000000000000e+03 5.778904187237261098e-02
7.740000000000000000e+03 5.757933880601532467e-02
7.741000000000000000e+03 5.736500782754884453e-02
7.742000000000000000e+03 5.714591685153062178e-02
7.743000000000000000e+03 5.692204144774352936e-02
7.744000000000000000e+03 5.669350972252630572e-02
7.745000000000000000e+03 5.646061098869202544e-02
7.746000000000000000e+03 5.622380161832021828e-02
7.747000000000000000e+03 5.598372324076165280e-02
7.748000000000000000e+03 5.574120061899755230e-02
7.749000000000000000e+03 5.549723618748818310e-02
7.750000000000000000e+03 5.525299196958299158e-02
7.751000000000000000e+03 5.500976506742660810e-02
7.752000000000000000e+03 5.476897647967729488e-02
7.753000000000000000e+03 5.453213967386370126e-02
7.754000000000000000e+03 5.430082875693958977e-02
7.755000000000000000e+03 5.407664316010632466e-02
7.756000000000000000e+03 5.386117075080282257e-02
7.757000000000000000e+03 5.365593141009042388e-02
7.758000000000000000e+03 5.346233385673120064e-02
7.759000000000000000e+03 5.328163125323755189e-02
7.760000000000000000e+03 5.311487467336929724e-02
7.761000000000000000e+03 5.296287933561715650e-02
7.762000000000000000e+03 5.282620289136486652e-02
7.763000000000000000e+03 5.270512742637462056e-02
7.764000000000000000e+03 5.259967219372671532e-02
7.765000000000000000e+03 5.250959353360895587e-02
7.766000000000000000e+03 5.243441500703006908e-02
7.767000000000000000e+03 5.237346159869980811e-02
7.768000000000000000e+03 5.232589433228727882e-02
7.769000000000000000e+03 5.229076804521362587e-02
7.770000000000000000e+03 5.226707243786233442e-02
7.771000000000000000e+03 5.225376826743039632e-02
7.772000000000000000e+03 5.224983300479209281e-02
7.773000000000000000e+03 5.225429468867451993e-02
7.774000000000000000e+03 5.226625067274930786e-02
7.775000000000000000e+03 5.228488928941045499e-02
7.776000000000000000e+03 5.230947996190873223e-02
7.777000000000000000e+03 5.233937124928640661e-02
7.778000000000000000e+03 5.237397552407237200e-02
7.779000000000000000e+03 5.241275089250956032e-02
7.780000000000000000e+03 5.245517590669544761e-02
7.781000000000000000e+03 5.250073450034931088e-02
7.782000000000000000e+03 5.254889186730670597e-02
7.783000000000000000e+03 5.259908599087394221e-02
7.784000000000000000e+03 5.265072725921640662e-02
7.785000000000000000e+03 5.270319390172548135e-02
7.786000000000000000e+03 5.275583936424144832e-02
7.787000000000000000e+03 5.280800140278862909e-02
7.788000000000000000e+03 5.285901856439137458e-02
7.789000000000000000e+03 5.290825338425797497e-02
7.790000000000000000e+03 5.295510349122997673e-02
7.791000000000000000e+03 5.299903587241459879e-02
7.792000000000000000e+03 5.303959765240921082e-02
7.793000000000000000e+03 5.307643885489316676e-02
7.794000000000000000e+03 5.310932556427491735e-02
7.795000000000000000e+03 5.313815561643054491e-02
7.796000000000000000e+03 5.316295677274383846e-02
7.797000000000000000e+03 5.318389227148172249e-02
7.798000000000000000e+03 5.320124792564047411e-02
7.799000000000000000e+03 5.321542468774770329e-02
7.800000000000000000e+03 5.322691645456482934e-02
7.801000000000000000e+03 5.323630264857150129e-02
7.802000000000000000e+03 5.324423138456185756e-02
7.803000000000000000e+03 5.325139359311784754e-02
7.804000000000000000e+03 5.325849644049679421e-02
7.805000000000000000e+03 5.326624184057152100e-02
7.806000000000000000e+03 5.327531837474344667e-02
7.807000000000000000e+03 5.328640358694280987e-02
7.808000000000000000e+03 5.330016655259817160e-02
7.809000000000000000e+03 5.331727233924112019e-02
7.810000000000000000e+03 5.333838584014156253e-02
7.811000000000000000e+03 5.336419150818534629e-02
7.812000000000000000e+03 5.339539645087278824e-02
7.813000000000000000e+03 5.343274532729481302e-02
7.814000000000000000e+03 5.347701719311474117e-02
7.815000000000000000e+03 5.352902490450231476e-02
7.816000000000000000e+03 5.358960920176443488e-02
7.817000000000000000e+03 5.365960902626503576e-02
7.818000000000000000e+03 5.373983110844248595e-02
7.819000000000000000e+03 5.383101253993841095e-02
7.820000000000000000e+03 5.393378051207201040e-02
7.821000000000000000e+03 5.404860833503793982e-02
7.822000000000000000e+03 5.417577996624860226e-02
7.823000000000000000e+03 5.431534491595145508e-02
7.824000000000000000e+03 5.446708802031283159e-02
7.825000000000000000e+03 5.463051661735149334e-02
7.826000000000000000e+03 5.480485890971997787e-02
7.827000000000000000e+03 5.498908782551770874e-02
7.828000000000000000e+03 5.518195426277150428e-02
7.829000000000000000e+03 5.538202881052006754e-02
7.830000000000000000e+03 5.558776631610563845e-02
7.831000000000000000e+03 5.579758072155448223e-02
7.832000000000000000e+03 5.600991437393990080e-02
7.833000000000000000e+03 5.622331170886127327e-02
7.834000000000000000e+03 5.643650641672273705e-02
7.835000000000000000e+03 5.664847155396096623e-02
7.836000000000000000e+03 5.685846701092902439e-02
7.837000000000000000e+03 5.706606391807114015e-02
7.838000000000000000e+03 5.727115857347939154e-02
7.839000000000000000e+03 5.747395620437162345e-02
7.840000000000000000e+03 5.767493442115367852e-02
7.841000000000000000e+03 5.787479805329875243e-02
7.842000000000000000e+03 5.807444189185461542e-02
7.843000000000000000e+03 5.827487581291365681e-02
7.844000000000000000e+03 5.847717019931873705e-02
7.845000000000000000e+03 5.868240231570935606e-02
7.846000000000000000e+03 5.889160101009943693e-02
7.847000000000000000e+03 5.910571675480321557e-02
7.848000000000000000e+03 5.932557265397520041e-02
7.849000000000000000e+03 5.955183495892391043e-02
7.850000000000000000e+03 5.978499740655296435e-02
7.851000000000000000e+03 6.002536838705030409e-02
7.852000000000000000e+03 6.027305542032217189e-02
7.853000000000000000e+03 6.052797356735409307e-02
7.854000000000000000e+03 6.078982986377676201e-02
7.855000000000000000e+03 6.105813623116292804e-02
7.856000000000000000e+03 6.133221340153333090e-02
7.857000000000000000e+03 6.161120594293043040e-02
7.858000000000000000e+03 6.189409601334867894e-02
7.859000000000000000e+03 6.217972655101684787e-02
7.860000000000000000e+03 6.246683536982858276e-02
7.861000000000000000e+03 6.275408817242314474e-02
7.862000000000000000e+03 6.304009513005896792e-02
7.863000000000000000e+03 6.332344841392228973e-02
7.864000000000000000e+03 6.360275550003410827e-02
7.865000000000000000e+03 6.387666703815615687e-02
7.866000000000000000e+03 6.414389171597720263e-02
7.867000000000000000e+03 6.440321726981640404e-02
7.868000000000000000e+03 6.465351210334036036e-02
7.869000000000000000e+03 6.489373059606703964e-02
7.870000000000000000e+03 6.512290772645551451e-02
7.871000000000000000e+03 6.534015202505628894e-02
7.872000000000000000e+03 6.554464334153362048e-02
7.873000000000000000e+03 6.573561962306140316e-02
7.874000000000000000e+03 6.591236840507080919e-02
7.875000000000000000e+03 6.607422982012059465e-02
7.876000000000000000e+03 6.622059227947063587e-02
7.877000000000000000e+03 6.635089534860891258e-02
7.878000000000000000e+03 6.646465608627483146e-02
7.879000000000000000e+03 6.656149101071814900e-02
7.880000000000000000e+03 6.664114131387990914e-02
7.881000000000000000e+03 6.670350835178076587e-02
7.882000000000000000e+03 6.674866661645001420e-02
7.883000000000000000e+03 6.677687536417914460e-02
7.884000000000000000e+03 6.678857784918630636e-02
7.885000000000000000e+03 6.678439798291579965e-02
7.886000000000000000e+03 6.676513487752155918e-02
7.887000000000000000e+03 6.673173189277201156e-02
7.888000000000000000e+03 6.668524197269926068e-02
7.889000000000000000e+03 6.662680533526435522e-02
7.890000000000000000e+03 6.655761645242158631e-02
7.891000000000000000e+03 6.647887506731918472e-02
7.892000000000000000e+03 6.639174143992346289e-02
7.893000000000000000e+03 6.629731927053755802e-02
7.894000000000000000e+03 6.619662039648767371e-02
7.895000000000000000e+03 6.609054966866630132e-02
7.896000000000000000e+03 6.597988974269163032e-02
7.897000000000000000e+03 6.586527597678702717e-02
7.898000000000000000e+03 6.574719876458268164e-02
7.899000000000000000e+03 6.562600718056030291e-02
7.900000000000000000e+03 6.550189442346243673e-02
7.901000000000000000e+03 6.537491573476006401e-02
7.902000000000000000e+03 6.524500788591436340e-02
7.903000000000000000e+03 6.511201182215353711e-02
7.904000000000000000e+03 6.497568616811869036e-02
7.905000000000000000e+03 6.483572922400245020e-02
7.906000000000000000e+03 6.469180306437669059e-02
7.907000000000000000e+03 6.454357639227692456e-02
7.908000000000000000e+03 6.439074415538653673e-02
7.909000000000000000e+03 6.423305812844885831e-02
7.910000000000000000e+03 6.407035001872177227e-02
7.911000000000000000e+03 6.390255196451635755e-02
7.912000000000000000e+03 6.372970056620819168e-02
7.913000000000000000e+03 6.355193442871151510e-02
7.914000000000000000e+03 6.336947419349620025e-02
7.915000000000000000e+03 6.318261044312210861e-02
7.916000000000000000e+03 6.299168497669020705e-02
7.917000000000000000e+03 6.279706824473152427e-02
7.918000000000000000e+03 6.259912521536140084e-02
7.919000000000000000e+03 6.239820205216471682e-02
7.920000000000000000e+03 6.219461027253675445e-02
7.921000000000000000e+03 6.198861017886916902e-02
7.922000000000000000e+03 6.178041618669586482e-02
7.923000000000000000e+03 6.157020002821552568e-02
7.924000000000000000e+03 6.135809329087932307e-02
7.925000000000000000e+03 6.114419472161675140e-02
7.926000000000000000e+03 6.092858920901936259e-02
7.927000000000000000e+03 6.071135287345397202e-02
7.928000000000000000e+03 6.049256958137919082e-02
7.929000000000000000e+03 6.027233203825474450e-02
7.930000000000000000e+03 6.005075673418289184e-02
7.931000000000000000e+03 5.982798196711765215e-02
7.932000000000000000e+03 5.960416354548188356e-02
7.933000000000000000e+03 5.937948973773532479e-02
7.934000000000000000e+03 5.915418343573185245e-02
7.935000000000000000e+03 5.892850057576498601e-02
7.936000000000000000e+03 5.870273608468291882e-02
7.937000000000000000e+03 5.847724257119163438e-02
7.938000000000000000e+03 5.825243776333681456e-02
7.939000000000000000e+03 5.802880728366693885e-02
7.940000000000000000e+03 5.780692502545553557e-02
7.941000000000000000e+03 5.758744317853859568e-02
7.942000000000000000e+03 5.737108837420373808e-02
7.943000000000000000e+03 5.715865653424044568e-02
7.944000000000000000e+03 5.695100350309199866e-02
7.945000000000000000e+03 5.674905581928611775e-02
7.946000000000000000e+03 5.655378561313887525e-02
7.947000000000000000e+03 5.636620721649539256e-02
7.948000000000000000e+03 5.618736517667925062e-02
7.949000000000000000e+03 5.601831310930227570e-02
7.950000000000000000e+03 5.586009403652005684e-02
7.951000000000000000e+03 5.571371217419006372e-02
7.952000000000000000e+03 5.558012323100586238e-02
7.953000000000000000e+03 5.546020126086567692e-02
7.954000000000000000e+03 5.535471288554189018e-02
7.955000000000000000e+03 5.526429436213826929e-02
7.956000000000000000e+03 5.518943543811406782e-02
7.957000000000000000e+03 5.513046806046194293e-02
7.958000000000000000e+03 5.508756479042531407e-02
7.959000000000000000e+03 5.506072750354459866e-02
7.960000000000000000e+03 5.504979355116863121e-02
7.961000000000000000e+03 5.505443370957608523e-02
7.962000000000000000e+03 5.507415977831875420e-02
7.963000000000000000e+03 5.510831909672617157e-02
7.964000000000000000e+03 5.515610825996985350e-02
7.965000000000000000e+03 5.521656294458545527e-02
7.966000000000000000e+03 5.528856797146369795e-02
7.967000000000000000e+03 5.537085952134299799e-02
7.968000000000000000e+03 5.546203879145868154e-02
7.969000000000000000e+03 5.556059565655541849e-02
7.970000000000000000e+03 5.566493404911798670e-02
7.971000000000000000e+03 5.577340704075428590e-02
7.972000000000000000e+03 5.588433035586040654e-02
7.973000000000000000e+03 5.599602586644841784e-02
7.974000000000000000e+03 5.610685436390812353e-02
7.975000000000000000e+03 5.621523638751314833e-02
7.976000000000000000e+03 5.631966896229558678e-02
7.977000000000000000e+03 5.641874518034528663e-02
7.978000000000000000e+03 5.651117203385607607e-02
7.979000000000000000e+03 5.659576590476132762e-02
7.980000000000000000e+03 5.667145134332372131e-02
7.981000000000000000e+03 5.673727069052814098e-02
7.982000000000000000e+03 5.679238379443372203e-02
7.983000000000000000e+03 5.683607827021428666e-02
7.984000000000000000e+03 5.686776348572621098e-02
7.985000000000000000e+03 5.688697987451432625e-02
7.986000000000000000e+03 5.689341477949426407e-02
7.987000000000000000e+03 5.688690873711670093e-02
7.988000000000000000e+03 5.686746029270729058e-02
7.989000000000000000e+03 5.683524157869664778e-02
7.990000000000000000e+03 5.679059676675509566e-02
7.991000000000000000e+03 5.673403691829680129e-02
7.992000000000000000e+03 5.666622802101110856e-02
7.993000000000000000e+03 5.658798313354218568e-02
7.994000000000000000e+03 5.650024856243964638e-02
7.995000000000000000e+03 5.640406097076465508e-02
7.996000000000000000e+03 5.630053137357991094e-02
7.997000000000000000e+03 5.619080249068197919e-02
7.998000000000000000e+03 5.607602027632670183e-02
7.999000000000000000e+03 5.595729918675962367e-02
8.000000000000000000e+03 5.583569981539264482e-02
8.001000000000000000e+03 5.571221438133779069e-02
8.002000000000000000e+03 5.558775161615409771e-02
8.003000000000000000e+03 5.546313432349017636e-02
8.004000000000000000e+03 5.533909143999761471e-02
8.005000000000000000e+03 5.521628480762184876e-02
8.006000000000000000e+03 5.509530189398506583e-02
8.007000000000000000e+03 5.497666119354245595e-02
8.008000000000000000e+03 5.486083518626554828e-02
8.009000000000000000e+03 5.474825743935581718e-02
8.010000000000000000e+03 5.463933809603389175e-02
8.011000000000000000e+03 5.453446050496390390e-02
8.012000000000000000e+03 5.443397078437577086e-02
8.013000000000000000e+03 5.433818454940181342e-02
8.014000000000000000e+03 5.424738068432463645e-02
8.015000000000000000e+03 5.416180629449794670e-02
8.016000000000000000e+03 5.408165972195316112e-02
8.017000000000000000e+03 5.400708560497921584e-02
8.018000000000000000e+03 5.393817945359693361e-02
8.019000000000000000e+03 5.387499536351093160e-02
8.020000000000000000e+03 5.381754180243999985e-02
8.021000000000000000e+03 5.376579231740113290e-02
8.022000000000000000e+03 5.371970021291361252e-02
8.023000000000000000e+03 5.367919711417493134e-02
8.024000000000000000e+03 5.364420386325884083e-02
8.025000000000000000e+03 5.361464424702292592e-02
8.026000000000000000e+03 5.359044095899016813e-02
8.027000000000000000e+03 5.357152545214535766e-02
8.028000000000000000e+03 5.355784186068601738e-02
8.029000000000000000e+03 5.354935956664259172e-02
8.030000000000000000e+03 5.354605619156447421e-02
8.031000000000000000e+03 5.354793652810736770e-02
8.032000000000000000e+03 5.355504656275274222e-02
8.033000000000000000e+03 5.356747940669874530e-02
8.034000000000000000e+03 5.358536975396060303e-02
8.035000000000000000e+03 5.360890415688156219e-02
8.036000000000000000e+03 5.363832987441811972e-02
8.037000000000000000e+03 5.367395099738712233e-02
8.038000000000000000e+03 5.371611360981292521e-02
8.039000000000000000e+03 5.376520162031290379e-02
8.040000000000000000e+03 5.382161470948942927e-02
8.041000000000000000e+03 5.388573196644295960e-02
8.042000000000000000e+03 5.395788666892929741e-02
8.043000000000000000e+03 5.403833376874439542e-02
8.044000000000000000e+03 5.412720883545121819e-02
8.045000000000000000e+03 5.422449829944430560e-02
8.046000000000000000e+03 5.433002546914286746e-02
8.047000000000000000e+03 5.444342314874320299e-02
8.048000000000000000e+03 5.456413356340301946e-02
8.049000000000000000e+03 5.469141459528854832e-02
8.050000000000000000e+03 5.482434972524747457e-02
8.051000000000000000e+03 5.496186055578887453e-02
8.052000000000000000e+03 5.510272216779008025e-02
8.053000000000000000e+03 5.524560503312219567e-02
8.054000000000000000e+03 5.538910508707806102e-02
8.055000000000000000e+03 5.553177391402529250e-02
8.056000000000000000e+03 5.567215419011585509e-02
8.057000000000000000e+03 5.580880136074144876e-02
8.058000000000000000e+03 5.594029563552756212e-02
8.059000000000000000e+03 5.606527434505825802e-02
8.060000000000000000e+03 5.618245280192965541e-02
8.061000000000000000e+03 5.629064172236785540e-02
8.062000000000000000e+03 5.638875765631905235e-02
8.063000000000000000e+03 5.647583340329848101e-02
8.064000000000000000e+03 5.655103996188291793e-02
8.065000000000000000e+03 5.661371364416384333e-02
8.066000000000000000e+03 5.666338155064049031e-02
8.067000000000000000e+03 5.669979466330806600e-02
8.068000000000000000e+03 5.672295359959325656e-02
8.069000000000000000e+03 5.673312855036348468e-02
8.070000000000000000e+03 5.673088463298557593e-02
8.071000000000000000e+03 5.671708464276679212e-02
8.072000000000000000e+03 5.669287642611861577e-02
8.073000000000000000e+03 5.665967066573236038e-02
8.074000000000000000e+03 5.661909355950832390e-02
8.075000000000000000e+03 5.657294062141218077e-02
8.076000000000000000e+03 5.652312466780463895e-02
8.077000000000000000e+03 5.647160281122681758e-02
8.078000000000000000e+03 5.642030209891044090e-02
8.079000000000000000e+03 5.637105830825041991e-02
8.080000000000000000e+03 5.632554207007697822e-02
8.081000000000000000e+03 5.628519166383864902e-02
8.082000000000000000e+03 5.625116670727386275e-02
8.083000000000000000e+03 5.622430686868450100e-02
8.084000000000000000e+03 5.620509390720529463e-02
8.085000000000000000e+03 5.619364751018125770e-02
8.086000000000000000e+03 5.618970870296945835e-02
8.087000000000000000e+03 5.619264956132496297e-02
8.088000000000000000e+03 5.620150736449935902e-02
8.089000000000000000e+03 5.621501459972388232e-02
8.090000000000000000e+03 5.623167338817898486e-02
8.091000000000000000e+03 5.624981449682271706e-02
8.092000000000000000e+03 5.626766711424829870e-02
8.093000000000000000e+03 5.628343712077398669e-02
8.094000000000000000e+03 5.629539306011896449e-02
8.095000000000000000e+03 5.630193374129704997e-02
8.096000000000000000e+03 5.630164214842597187e-02
8.097000000000000000e+03 5.629332232148683696e-02
8.098000000000000000e+03 5.627602364232180826e-02
8.099000000000000000e+03 5.624904397749358465e-02
8.100000000000000000e+03 5.621192120973239614e-02
8.101000000000000000e+03 5.616440807249546696e-02
8.102000000000000000e+03 5.610643346534160969e-02
8.103000000000000000e+03 5.603807177174031928e-02
8.104000000000000000e+03 5.595950708775983967e-02
8.105000000000000000e+03 5.587100913591083740e-02
8.106000000000000000e+03 5.577291339446258794e-02
8.107000000000000000e+03 5.566561841318994758e-02
8.108000000000000000e+03 5.554958257935051213e-02
8.109000000000000000e+03 5.542533516457191778e-02
8.110000000000000000e+03 5.529348386516455549e-02
8.111000000000000000e+03 5.515473007569113295e-02
8.112000000000000000e+03 5.500989043599489176e-02
8.113000000000000000e+03 5.485990691670116631e-02
8.114000000000000000e+03 5.470584630432501205e-02
8.115000000000000000e+03 5.454888834220186777e-02
8.116000000000000000e+03 5.439031616268383273e-02
8.117000000000000000e+03 5.423147675678927082e-02
8.118000000000000000e+03 5.407374802121682478e-02
8.119000000000000000e+03 5.391850310758344866e-02
8.120000000000000000e+03 5.376707931372741445e-02
8.121000000000000000e+03 5.362073704698982340e-02
8.122000000000000000e+03 5.348063085302952324e-02
8.123000000000000000e+03 5.334777513208646682e-02
8.124000000000000000e+03 5.322301286310358176e-02
8.125000000000000000e+03 5.310701274015063728e-02
8.126000000000000000e+03 5.300025120972930159e-02
8.127000000000000000e+03 5.290301762427374738e-02
8.128000000000000000e+03 5.281542732874514035e-02
8.129000000000000000e+03 5.273742873835797484e-02
8.130000000000000000e+03 5.266883653495246786e-02
8.131000000000000000e+03 5.260936411386279293e-02
8.132000000000000000e+03 5.255865102265946942e-02
8.133000000000000000e+03 5.251628577448319568e-02
8.134000000000000000e+03 5.248183044185647517e-02
8.135000000000000000e+03 5.245484791681603864e-02
8.136000000000000000e+03 5.243491337617653403e-02
8.137000000000000000e+03 5.242163307222755253e-02
8.138000000000000000e+03 5.241464305700041515e-02
8.139000000000000000e+03 5.241360933147843487e-02
8.140000000000000000e+03 5.241822294968861984e-02
8.141000000000000000e+03 5.242819625141027784e-02
8.142000000000000000e+03 5.244327566042503164e-02
8.143000000000000000e+03 5.246324833746610072e-02
8.144000000000000000e+03 5.248794252926951981e-02
8.145000000000000000e+03 5.251723655730304585e-02
8.146000000000000000e+03 5.255106465495273244e-02
8.147000000000000000e+03 5.258942923425700966e-02
8.148000000000000000e+03 5.263239718737323936e-02
8.149000000000000000e+03 5.268010681111266746e-02
8.150000000000000000e+03 5.273274587056032969e-02
8.151000000000000000e+03 5.279054337193317403e-02
8.152000000000000000e+03 5.285373793234554585e-02
8.153000000000000000e+03 5.292255149913828449e-02
8.154000000000000000e+03 5.299716373386816753e-02
8.155000000000000000e+03 5.307769665293050193e-02
8.156000000000000000e+03 5.316417479099237731e-02
8.157000000000000000e+03 5.325650916048778327e-02
8.158000000000000000e+03 5.335450512676011281e-02
8.159000000000000000e+03 5.345785259711446913e-02
8.160000000000000000e+03 5.356613679549945828e-02
8.161000000000000000e+03 5.367885274694014774e-02
8.162000000000000000e+03 5.379543610832379641e-02
8.163000000000000000e+03 5.391528454368506307e-02
8.164000000000000000e+03 5.403778612498687239e-02
8.165000000000000000e+03 5.416234301136298862e-02
8.166000000000000000e+03 5.428838013307438204e-02
8.167000000000000000e+03 5.441536596753990956e-02
8.168000000000000000e+03 5.454282695607767795e-02
8.169000000000000000e+03 5.467034595684763798e-02
8.170000000000000000e+03 5.479755790989464942e-02
8.171000000000000000e+03 5.492414170057775824e-02
8.172000000000000000e+03 5.504981538302679278e-02
8.173000000000000000e+03 5.517433213820363558e-02
8.174000000000000000e+03 5.529748461853223329e-02
8.175000000000000000e+03 5.541909189618021703e-02
8.176000000000000000e+03 5.553900027937282158e-02
8.177000000000000000e+03 5.565709178908287424e-02
8.178000000000000000e+03 5.577329393335206387e-02
8.179000000000000000e+03 5.588759550647712931e-02
8.180000000000000000e+03 5.600005290339594988e-02
8.181000000000000000e+03 5.611079949291900015e-02
8.182000000000000000e+03 5.622004585712912089e-02
8.183000000000000000e+03 5.632806800541546866e-02
8.184000000000000000e+03 5.643519913582795144e-02
8.185000000000000000e+03 5.654181080684743399e-02
8.186000000000000000e+03 5.664827351404141953e-02
8.187000000000000000e+03 5.675492519402694502e-02
8.188000000000000000e+03 5.686203880606355288e-02
8.189000000000000000e+03 5.696980525879255519e-02
8.190000000000000000e+03 5.707830612541323068e-02
8.191000000000000000e+03 5.718751345259923125e-02
8.192000000000000000e+03 5.729728465321690112e-02
8.193000000000000000e+03 5.740738091392854486e-02
8.194000000000000000e+03 5.751749274609808948e-02
8.195000000000000000e+03 5.762727321997878488e-02
8.196000000000000000e+03 5.773637862168754659e-02
8.197000000000000000e+03 5.784450374254512806e-02
8.198000000000000000e+03 5.795141712034525272e-02
8.199000000000000000e+03 5.805700332983368406e-02
8.200000000000000000e+03 5.816127732502614223e-02
8.201000000000000000e+03 5.826440207027138579e-02
8.202000000000000000e+03 5.836668425505722041e-02
8.203000000000000000e+03 5.846859535832321653e-02
8.204000000000000000e+03 5.857076397218025088e-02
8.205000000000000000e+03 5.867394436442328887e-02
8.206000000000000000e+03 5.877899854134373270e-02
8.207000000000000000e+03 5.888685895081392785e-02
8.208000000000000000e+03 5.899850184676924680e-02
8.209000000000000000e+03 5.911490658712084678e-02
8.210000000000000000e+03 5.923702406761151978e-02
8.211000000000000000e+03 5.936574570059678646e-02
8.212000000000000000e+03 5.950187368810766486e-02
8.213000000000000000e+03 5.964610546546390835e-02
8.214000000000000000e+03 5.979900142691286363e-02
8.215000000000000000e+03 5.996098678413576410e-02
8.216000000000000000e+03 6.013234354156140465e-02
8.217000000000000000e+03 6.031319583556804531e-02
8.218000000000000000e+03 6.050350838422462185e-02
8.219000000000000000e+03 6.070307841345816413e-02
8.220000000000000000e+03 6.091153820814491915e-02
8.221000000000000000e+03 6.112835440733344061e-02
8.222000000000000000e+03 6.135283576035290704e-02
8.223000000000000000e+03 6.158414141228767125e-02
8.224000000000000000e+03 6.182128754083072303e-02
8.225000000000000000e+03 6.206316155490380904e-02
8.226000000000000000e+03 6.230855160720343011e-02
8.227000000000000000e+03 6.255617372947384902e-02
8.228000000000000000e+03 6.280469606227967461e-02
8.229000000000000000e+03 6.305276621244589041e-02
8.230000000000000000e+03 6.329903543842112235e-02
8.231000000000000000e+03 6.354219895195188650e-02
8.232000000000000000e+03 6.378101682089548641e-02
8.233000000000000000e+03 6.401435176763285717e-02
8.234000000000000000e+03 6.424119118673121687e-02
8.235000000000000000e+03 6.446067692201873367e-02
8.236000000000000000e+03 6.467212636277272497e-02
8.237000000000000000e+03 6.487503177188611025e-02
8.238000000000000000e+03 6.506907221914132178e-02
8.239000000000000000e+03 6.525412583346264228e-02
8.240000000000000000e+03 6.543026083679073790e-02
8.241000000000000000e+03 6.559772729540755409e-02
8.242000000000000000e+03 6.575695046716140135e-02
8.243000000000000000e+03 6.590851127750821381e-02
8.244000000000000000e+03 6.605312281144790076e-02
8.245000000000000000e+03 6.619160439001854634e-02
8.246000000000000000e+03 6.632484809555400096e-02
8.247000000000000000e+03 6.645377949804896767e-02
8.248000000000000000e+03 6.657931808759648407e-02
8.249000000000000000e+03 6.670233855511867316e-02
8.250000000000000000e+03 6.682360572287382450e-02
8.251000000000000000e+03 6.694373384331739341e-02
8.252000000000000000e+03 6.706314442730970660e-02
8.253000000000000000e+03 6.718203057866431460e-02
8.254000000000000000e+03 6.730035513606172359e-02
8.255000000000000000e+03 6.741782124376446972e-02
8.256000000000000000e+03 6.753388793038393734e-02
8.257000000000000000e+03 6.764778645162600190e-02
8.258000000000000000e+03 6.775854267835679234e-02
8.259000000000000000e+03 6.786503214476144463e-02
8.260000000000000000e+03 6.796602526063809380e-02
8.261000000000000000e+03 6.806024669489077472e-02
8.262000000000000000e+03 6.814643735721472029e-02
8.263000000000000000e+03 6.822341907952420015e-02
8.264000000000000000e+03 6.829013631796856942e-02
8.265000000000000000e+03 6.834570512971419043e-02
8.266000000000000000e+03 6.838944626537446503e-02
8.267000000000000000e+03 6.842091420122051182e-02
8.268000000000000000e+03 6.843992808129893690e-02
8.269000000000000000e+03 6.844658502508303710e-02
8.270000000000000000e+03 6.844125572962514448e-02
8.271000000000000000e+03 6.842457159574812098e-02
8.272000000000000000e+03 6.839740702038318854e-02
8.273000000000000000e+03 6.836084000787548409e-02
8.274000000000000000e+03 6.831610068840690553e-02
8.275000000000000000e+03 6.826452316694825440e-02
8.276000000000000000e+03 6.820748398417264546e-02
8.277000000000000000e+03 6.814634441404256171e-02
8.278000000000000000e+03 6.808240289154571245e-02
8.279000000000000000e+03 6.801683997987231778e-02
8.280000000000000000e+03 6.795066446923339609e-02
8.281000000000000000e+03 6.788468614709189386e-02
8.282000000000000000e+03 6.781950126718416794e-02
8.283000000000000000e+03 6.775550458168340395e-02
8.284000000000000000e+03 6.769289408188924884e-02
8.285000000000000000e+03 6.763169670333826766e-02
8.286000000000000000e+03 6.757179486138986668e-02
8.287000000000000000e+03 6.751295922274211381e-02
8.288000000000000000e+03 6.745488441917438238e-02
8.289000000000000000e+03 6.739721404233511848e-02
8.290000000000000000e+03 6.733956629091547574e-02
8.291000000000000000e+03 6.728156021160211497e-02
8.292000000000000000e+03 6.722282555078898381e-02
8.293000000000000000e+03 6.716300467496186255e-02
8.294000000000000000e+03 6.710177181845469740e-02
8.295000000000000000e+03 6.703884032267005966e-02
8.296000000000000000e+03 6.697394349608785935e-02
8.297000000000000000e+03 6.690684031345689453e-02
8.298000000000000000e+03 6.683733470301850277e-02
8.299000000000000000e+03 6.676527755880667936e-02
8.300000000000000000e+03 6.669056455175825793e-02
8.301000000000000000e+03 6.661313562670173605e-02
8.302000000000000000e+03 6.653297928657880833e-02
8.303000000000000000e+03 6.645012208914675977e-02
8.304000000000000000e+03 6.636464374871250960e-02
8.305000000000000000e+03 6.627667130992181965e-02
8.306000000000000000e+03 6.618637200551646949e-02
8.307000000000000000e+03 6.609395699821359049e-02
8.308000000000000000e+03 6.599966605114945817e-02
8.309000000000000000e+03 6.590376484189736095e-02
8.310000000000000000e+03 6.580654236272653890e-02
8.311000000000000000e+03 6.570830648954048558e-02
8.312000000000000000e+03 6.560936246012188944e-02
8.313000000000000000e+03 6.551000089118576286e-02
8.314000000000000000e+03 6.541048956493886180e-02
8.315000000000000000e+03 6.531104938030199425e-02
8.316000000000000000e+03 6.521184890790893141e-02
8.317000000000000000e+03 6.511299968253710102e-02
8.318000000000000000e+03 6.501454481173721267e-02
8.319000000000000000e+03 6.491645197759161878e-02
8.320000000000000000e+03 6.481862164473138621e-02
8.321000000000000000e+03 6.472088389797756025e-02
8.322000000000000000e+03 6.462301558613366137e-02
8.323000000000000000e+03 6.452476491892482346e-02
8.324000000000000000e+03 6.442585921220080059e-02
8.325000000000000000e+03 6.432602302648432469e-02
8.326000000000000000e+03 6.422498918581644178e-02
8.327000000000000000e+03 6.412251089114659464e-02
8.328000000000000000e+03 6.401838729214619217e-02
8.329000000000000000e+03 6.391246783020090860e-02
8.330000000000000000e+03 6.380466643384843928e-02
8.331000000000000000e+03 6.369495723313896296e-02
8.332000000000000000e+03 6.358337037626668464e-02
8.333000000000000000e+03 6.346999946417070104e-02
8.334000000000000000e+03 6.335499757296962631e-02
8.335000000000000000e+03 6.323856422835226476e-02
8.336000000000000000e+03 6.312094462110619253e-02
8.337000000000000000e+03 6.300241441507234419e-02
8.338000000000000000e+03 6.288324517617821519e-02
8.339000000000000000e+03 6.276367644117911149e-02
8.340000000000000000e+03 6.264389641517695284e-02
8.341000000000000000e+03 6.252399756776128026e-02
8.342000000000000000e+03 6.240396096687735039e-02
8.343000000000000000e+03 6.228363920659113484e-02
8.344000000000000000e+03 6.216274516902593750e-02
8.345000000000000000e+03 6.204085829502170579e-02
8.346000000000000000e+03 6.191744132206226936e-02
8.347000000000000000e+03 6.179186456678786854e-02
8.348000000000000000e+03 6.166344211841499195e-02
8.349000000000000000e+03 6.153148295098076481e-02
8.350000000000000000e+03 6.139533629597154762e-02
8.351000000000000000e+03 6.125443327293716989e-02
8.352000000000000000e+03 6.110832678376912352e-02
8.353000000000000000e+03 6.095672088028621094e-02
8.354000000000000000e+03 6.079949735359743007e-02
8.355000000000000000e+03 6.063670107294710787e-02
8.356000000000000000e+03 6.046853048735874314e-02
8.357000000000000000e+03 6.029532569792109276e-02
8.358000000000000000e+03 6.011753183729248023e-02
8.359000000000000000e+03 5.993565461015136486e-02
8.360000000000000000e+03 5.975021863150398183e-02
8.361000000000000000e+03 5.956173613318462706e-02
8.362000000000000000e+03 5.937067123873698837e-02
8.363000000000000000e+03 5.917742610027199035e-02
8.364000000000000000e+03 5.898234482434029646e-02
8.365000000000000000e+03 5.878571645923862804e-02
8.366000000000000000e+03 5.858778093953703747e-02
8.367000000000000000e+03 5.838876119876876963e-02
8.368000000000000000e+03 5.818889104090713832e-02
8.369000000000000000e+03 5.798843935695077029e-02
8.370000000000000000e+03 5.778772864149697014e-02
8.371000000000000000e+03 5.758713966500796089e-02
8.372000000000000000e+03 5.738711755130614794e-02
8.373000000000000000e+03 5.718815518126278696e-02
8.374000000000000000e+03 5.699078245228036965e-02
8.375000000000000000e+03 5.679553832539133845e-02
8.376000000000000000e+03 5.660294910245641797e-02
8.377000000000000000e+03 5.641350561458723101e-02
8.378000000000000000e+03 5.622763729010096800e-02
8.379000000000000000e+03 5.604569853620261499e-02
8.380000000000000000e+03 5.586795587342999192e-02
8.381000000000000000e+03 5.569458636431787873e-02
8.382000000000000000e+03 5.552567490183968335e-02
8.383000000000000000e+03 5.536122022014079019e-02
8.384000000000000000e+03 5.520115073672966083e-02
8.385000000000000000e+03 5.504534641692810509e-02
8.386000000000000000e+03 5.489366651951511911e-02
8.387000000000000000e+03 5.474596923991028458e-02
8.388000000000000000e+03 5.460214147155880576e-02
8.389000000000000000e+03 5.446213801483717337e-02
8.390000000000000000e+03 5.432598489814183945e-02
8.391000000000000000e+03 5.419380912644332360e-02
8.392000000000000000e+03 5.406585898410398022e-02
8.393000000000000000e+03 5.394249950316753334e-02
8.394000000000000000e+03 5.382420819146216395e-02
8.395000000000000000e+03 5.371155174062608451e-02
8.396000000000000000e+03 5.360514275179267124e-02
8.397000000000000000e+03 5.350559305870554450e-02
8.398000000000000000e+03 5.341346258772774330e-02
8.399000000000000000e+03 5.332921499918921032e-02
8.400000000000000000e+03 5.325317230596275653e-02
8.401000000000000000e+03 5.318546352685027401e-02
8.402000000000000000e+03 5.312599838531117946e-02
8.403000000000000000e+03 5.307444864382503125e-02
8.404000000000000000e+03 5.303026310352290662e-02
8.405000000000000000e+03 5.299267918732260274e-02
8.406000000000000000e+03 5.296075780719990134e-02
8.407000000000000000e+03 5.293343034259641311e-02
8.408000000000000000e+03 5.290954582237437226e-02
8.409000000000000000e+03 5.288791979571398627e-02
8.410000000000000000e+03 5.286737592412586728e-02
8.411000000000000000e+03 5.284678812792188707e-02
8.412000000000000000e+03 5.282511777440740408e-02
8.413000000000000000e+03 5.280143513278426348e-02
8.414000000000000000e+03 5.277492847918850011e-02
8.415000000000000000e+03 5.274491412358710968e-02
8.416000000000000000e+03 5.271082512092299666e-02
8.417000000000000000e+03 5.267221799029959267e-02
8.418000000000000000e+03 5.262875468424114966e-02
8.419000000000000000e+03 5.258020075857225417e-02
8.420000000000000000e+03 5.252641285467411769e-02
8.421000000000000000e+03 5.246733792191232704e-02
8.422000000000000000e+03 5.240301941587623830e-02
8.423000000000000000e+03 5.233359445090509515e-02
8.424000000000000000e+03 5.225929238579258423e-02
8.425000000000000000e+03 5.218044404610951148e-02
8.426000000000000000e+03 5.209747311510723455e-02
8.427000000000000000e+03 5.201088993691858897e-02
8.428000000000000000e+03 5.192128132291346648e-02
8.429000000000000000e+03 5.182929935923887010e-02
8.430000000000000000e+03 5.173563571158425189e-02
8.431000000000000000e+03 5.164099012879745654e-02
8.432000000000000000e+03 5.154606481939399965e-02
8.433000000000000000e+03 5.145154441057896155e-02
8.434000000000000000e+03 5.135807177728934914e-02
8.435000000000000000e+03 5.126623537664944802e-02
8.436000000000000000e+03 5.117656202228999807e-02
8.437000000000000000e+03 5.108951772404907166e-02
8.438000000000000000e+03 5.100551633000324075e-02
8.439000000000000000e+03 5.092489781464817900e-02
8.440000000000000000e+03 5.084794580302145345e-02
8.441000000000000000e+03 5.077489766703793816e-02
8.442000000000000000e+03 5.070595514736866982e-02
8.443000000000000000e+03 5.064129217519983822e-02
8.444000000000000000e+03 5.058105672038543110e-02
8.445000000000000000e+03 5.052536438077356862e-02
8.446000000000000000e+03 5.047430356976750909e-02
8.447000000000000000e+03 5.042792736383695795e-02
8.448000000000000000e+03 5.038624536927905490e-02
8.449000000000000000e+03 5.034922764206293394e-02
8.450000000000000000e+03 5.031680846185784123e-02
8.451000000000000000e+03 5.028888801976767742e-02
8.452000000000000000e+03 5.026534270331747822e-02
8.453000000000000000e+03 5.024604580987706431e-02
8.454000000000000000e+03 5.023089818761918013e-02
8.455000000000000000e+03 5.021985212947183141e-02
8.456000000000000000e+03 5.021293115166584192e-02
8.457000000000000000e+03 5.021025897077146388e-02
8.458000000000000000e+03 5.021208887741437921e-02
8.459000000000000000e+03 5.021880919824800449e-02
8.460000000000000000e+03 5.023093758192534453e-02
8.461000000000000000e+03 5.024909584724797373e-02
8.462000000000000000e+03 5.027398552805008997e-02
8.463000000000000000e+03 5.030634256962637774e-02
8.464000000000000000e+03 5.034689913717868559e-02
8.465000000000000000e+03 5.039633971374918309e-02
8.466000000000000000e+03 5.045527244260875760e-02
8.467000000000000000e+03 5.052419698354961713e-02
8.468000000000000000e+03 5.060348983260234967e-02
8.469000000000000000e+03 5.069339028495001287e-02
8.470000000000000000e+03 5.079399908676701658e-02
8.471000000000000000e+03 5.090528358731012670e-02
8.472000000000000000e+03 5.102709347778050519e-02
8.473000000000000000e+03 5.115916336100290868e-02
8.474000000000000000e+03 5.130112983287494349e-02
8.475000000000000000e+03 5.145254479664733427e-02
8.476000000000000000e+03 5.161288669963404185e-02
8.477000000000000000e+03 5.178157422880245303e-02
8.478000000000000000e+03 5.195798325148563712e-02
8.479000000000000000e+03 5.214145418408060867e-02
8.480000000000000000e+03 5.233129458621472996e-02
8.481000000000000000e+03 5.252678697780973488e-02
8.482000000000000000e+03 5.272718823867342947e-02
8.483000000000000000e+03 5.293173112042046102e-02
8.484000000000000000e+03 5.313961664256613981e-02
8.485000000000000000e+03 5.335001844288168871e-02
8.486000000000000000e+03 5.356208986103536823e-02
8.487000000000000000e+03 5.377497312948695263e-02
8.488000000000000000e+03 5.398779877000217664e-02
8.489000000000000000e+03 5.419969505258795395e-02
8.490000000000000000e+03 5.440980877061610960e-02
8.491000000000000000e+03 5.461731216222178581e-02
8.492000000000000000e+03 5.482142069553676278e-02
8.493000000000000000e+03 5.502140853356725370e-02
8.494000000000000000e+03 5.521661968068981158e-02
8.495000000000000000e+03 5.540648484490698356e-02
8.496000000000000000e+03 5.559053988809883884e-02
8.497000000000000000e+03 5.576844181567485598e-02
8.498000000000000000e+03 5.593997805236179677e-02
8.499000000000000000e+03 5.610508281122618401e-02
8.500000000000000000e+03 5.626384630183983715e-02
8.501000000000000000e+03 5.641651708234896728e-02
8.502000000000000000e+03 5.656349786582894057e-02
8.503000000000000000e+03 5.670533434083969981e-02
8.504000000000000000e+03 5.684270385207806919e-02
8.505000000000000000e+03 5.697638206564530072e-02
8.506000000000000000e+03 5.710721736338757876e-02
8.507000000000000000e+03 5.723609465266246699e-02
8.508000000000000000e+03 5.736391377158812921e-02
8.509000000000000000e+03 5.749155431147414536e-02
8.510000000000000000e+03 5.761985101751779248e-02
8.511000000000000000e+03 5.774958123184650155e-02
8.512000000000000000e+03 5.788146611941182712e-02
8.513000000000000000e+03 5.801616320170067259e-02
8.514000000000000000e+03 5.815427079404373450e-02
8.515000000000000000e+03 5.829633906289526102e-02
8.516000000000000000e+03 5.844287696650811437e-02
8.517000000000000000e+03 5.859437372787945630e-02
8.518000000000000000e+03 5.875129613368736126e-02
8.519000000000000000e+03 5.891408864583042720e-02
8.520000000000000000e+03 5.908318006690068541e-02
8.521000000000000000e+03 5.925896579619698012e-02
8.522000000000000000e+03 5.944180160066545038e-02
8.523000000000000000e+03 5.963197798332314087e-02
8.524000000000000000e+03 5.982970053690902373e-02
8.525000000000000000e+03 6.003507225878999126e-02
8.526000000000000000e+03 6.024806210325515249e-02
8.527000000000000000e+03 6.046849976567882090e-02
8.528000000000000000e+03 6.069604982514993641e-02
8.529000000000000000e+03 6.093022002608999149e-02
8.530000000000000000e+03 6.117033770457317582e-02
8.531000000000000000e+03 6.141554622657130480e-02
8.532000000000000000e+03 6.166481730879355694e-02
8.533000000000000000e+03 6.191696782737351329e-02
8.534000000000000000e+03 6.217068030685220237e-02
8.535000000000000000e+03 6.242453939895119264e-02
8.536000000000000000e+03 6.267706775830304833e-02
8.537000000000000000e+03 6.292677280246264382e-02
8.538000000000000000e+03 6.317218023640272517e-02
8.539000000000000000e+03 6.341187968492935367e-02
8.540000000000000000e+03 6.364457662559382112e-02
8.541000000000000000e+03 6.386912458699514628e-02
8.542000000000000000e+03 6.408455707450180783e-02
8.543000000000000000e+03 6.429010205272613077e-02
8.544000000000000000e+03 6.448519569332594736e-02
8.545000000000000000e+03 6.466946457543652771e-02
8.546000000000000000e+03 6.484270626784777170e-02
8.547000000000000000e+03 6.500485905571709577e-02
8.548000000000000000e+03 6.515595801540177701e-02
8.549000000000000000e+03 6.529608441342364678e-02
8.550000000000000000e+03 6.542532019164017110e-02
8.551000000000000000e+03 6.554368964474643899e-02
8.552000000000000000e+03 6.565112448520031563e-02
8.553000000000000000e+03 6.574743384663578327e-02
8.554000000000000000e+03 6.583227420861337276e-02
8.555000000000000000e+03 6.590513888643045881e-02
8.556000000000000000e+03 6.596535516032116242e-02
8.557000000000000000e+03 6.601211319309485681e-02
8.558000000000000000e+03 6.604450128316680102e-02
8.559000000000000000e+03 6.606155551437278839e-02
8.560000000000000000e+03 6.606234169547506307e-02
8.561000000000000000e+03 6.604602675653706290e-02
8.562000000000000000e+03 6.601196209583681807e-02
8.563000000000000000e+03 6.595975638989028111e-02
8.564000000000000000e+03 6.588933992421072694e-02
8.565000000000000000e+03 6.580099767733053884e-02
8.566000000000000000e+03 6.569537452950580114e-02
8.567000000000000000e+03 6.557345437147185652e-02
8.568000000000000000e+03 6.543651197163428967e-02
8.569000000000000000e+03 6.528605183300628667e-02
8.570000000000000000e+03 6.512374261924008811e-02
8.571000000000000000e+03 6.495135792364563343e-02
8.572000000000000000e+03 6.477072425742524953e-02
8.573000000000000000e+03 6.458366566311052326e-02
8.574000000000000000e+03 6.439197380703362561e-02
8.575000000000000000e+03 6.419737382842710671e-02
8.576000000000000000e+03 6.400150766068740671e-02
8.577000000000000000e+03 6.380591039727265268e-02
8.578000000000000000e+03 6.361198825604306994e-02
8.579000000000000000e+03 6.342100806065892327e-02
8.580000000000000000e+03 6.323408355483581267e-02
8.581000000000000000e+03 6.305217381301836399e-02
8.582000000000000000e+03 6.287606353905764167e-02
8.583000000000000000e+03 6.270636803554530125e-02
8.584000000000000000e+03 6.254354087287745945e-02
8.585000000000000000e+03 6.238787261475491758e-02
8.586000000000000000e+03 6.223950655321028314e-02
8.587000000000000000e+03 6.209847764459072023e-02
8.588000000000000000e+03 6.196473619267215543e-02
8.589000000000000000e+03 6.183818184813767715e-02
8.590000000000000000e+03 6.171869643336527766e-02
8.591000000000000000e+03 6.160616782814726938e-02
8.592000000000000000e+03 6.150051286493719849e-02
8.593000000000000000e+03 6.140170195475584680e-02
8.594000000000000000e+03 6.130977741891012467e-02
8.595000000000000000e+03 6.122486970850093968e-02
8.596000000000000000e+03 6.114718358756628808e-02
8.597000000000000000e+03 6.107698517341594857e-02
8.598000000000000000e+03 6.101460274060960254e-02
8.599000000000000000e+03 6.096040269354838226e-02
8.600000000000000000e+03 6.091478029234242975e-02
8.601000000000000000e+03 6.087813933898048036e-02
8.602000000000000000e+03 6.085087942925364313e-02
8.603000000000000000e+03 6.083338901284067457e-02
8.604000000000000000e+03 6.082604325235765885e-02
8.605000000000000000e+03 6.082921101871941599e-02
8.606000000000000000e+03 6.084325640999001250e-02
8.607000000000000000e+03 6.086853440296605827e-02
8.608000000000000000e+03 6.090541319788844721e-02
8.609000000000000000e+03 6.095426649269496122e-02
8.610000000000000000e+03 6.101547330343009418e-02
8.611000000000000000e+03 6.108941853117104415e-02
8.612000000000000000e+03 6.117647041040459588e-02
8.613000000000000000e+03 6.127697006731037260e-02
8.614000000000000000e+03 6.139120271385007516e-02
8.615000000000000000e+03 6.151938486605484230e-02
8.616000000000000000e+03 6.166163717032004804e-02
8.617000000000000000e+03 6.181796022909571281e-02
8.618000000000000000e+03 6.198822227199396462e-02
8.619000000000000000e+03 6.217213077874400584e-02
8.620000000000000000e+03 6.236923033174960468e-02
8.621000000000000000e+03 6.257891471462895261e-02
8.622000000000000000e+03 6.280043607830855523e-02
8.623000000000000000e+03 6.303292517373144943e-02
8.624000000000000000e+03 6.327540401969106165e-02
8.625000000000000000e+03 6.352681194784814966e-02
8.626000000000000000e+03 6.378602822117743210e-02
8.627000000000000000e+03 6.405189599342357709e-02
8.628000000000000000e+03 6.432324794174630600e-02
8.629000000000000000e+03 6.459892850185888769e-02
8.630000000000000000e+03 6.487779914561685179e-02
8.631000000000000000e+03 6.515874115850789350e-02
8.632000000000000000e+03 6.544066204578283252e-02
8.633000000000000000e+03 6.572248762228991015e-02
8.634000000000000000e+03 6.600316247514126378e-02
8.635000000000000000e+03 6.628163708289662448e-02
8.636000000000000000e+03 6.655685820497973804e-02
8.637000000000000000e+03 6.682775427996894002e-02
8.638000000000000000e+03 6.709323624138639752e-02
8.639000000000000000e+03 6.735219026827654609e-02
8.640000000000000000e+03 6.760346744521858464e-02
8.641000000000000000e+03 6.784589142394853445e-02
8.642000000000000000e+03 6.807825724416705082e-02
8.643000000000000000e+03 6.829933580224141487e-02
8.644000000000000000e+03 6.850788602227367297e-02
8.645000000000000000e+03 6.870266994730692134e-02
8.646000000000000000e+03 6.888246986273402483e-02
8.647000000000000000e+03 6.904611579732813920e-02
8.648000000000000000e+03 6.919251081739107023e-02
8.649000000000000000e+03 6.932065888790744923e-02
8.650000000000000000e+03 6.942970070748004374e-02
8.651000000000000000e+03 6.951894085822583891e-02
8.652000000000000000e+03 6.958788932718217024e-02
8.653000000000000000e+03 6.963629899267517742e-02
8.654000000000000000e+03 6.966416474934566949e-02
8.655000000000000000e+03 6.967174978112319894e-02
8.656000000000000000e+03 6.965957795010238596e-02
8.657000000000000000e+03 6.962842566217863904e-02
8.658000000000000000e+03 6.957928873727722840e-02
8.659000000000000000e+03 6.951333647280091843e-02
8.660000000000000000e+03 6.943187094358313494e-02
8.661000000000000000e+03 6.933625959159048224e-02
8.662000000000000000e+03 6.922788593635074983e-02
8.663000000000000000e+03 6.910810339946113490e-02
8.664000000000000000e+03 6.897819008949448993e-02
8.665000000000000000e+03 6.883929964518346878e-02
8.666000000000000000e+03 6.869243729696064560e-02
8.667000000000000000e+03 6.853844075601349395e-02
8.668000000000000000e+03 6.837798220393577486e-02
8.669000000000000000e+03 6.821157680777886756e-02
8.670000000000000000e+03 6.803960452861110286e-02
8.671000000000000000e+03 6.786232560998371743e-02
8.672000000000000000e+03 6.767990517614053125e-02
8.673000000000000000e+03 6.749245330207662152e-02
8.674000000000000000e+03 6.730005174766218179e-02
8.675000000000000000e+03 6.710278823521753644e-02
8.676000000000000000e+03 6.690077479423897633e-02
8.677000000000000000e+03 6.669417541329586419e-02
8.678000000000000000e+03 6.648321994530272117e-02
8.679000000000000000e+03 6.626820937792200772e-02
8.680000000000000000e+03 6.604952650568202133e-02
8.681000000000000000e+03 6.582764612898367451e-02
8.682000000000000000e+03 6.560312359237203961e-02
8.683000000000000000e+03 6.537660732838049271e-02
8.684000000000000000e+03 6.514883108980258630e-02
8.685000000000000000e+03 6.492061402712624718e-02
8.686000000000000000e+03 6.469282262548303741e-02
8.687000000000000000e+03 6.446638821532976737e-02
8.688000000000000000e+03 6.424228295202517869e-02
8.689000000000000000e+03 6.402149573813589734e-02
8.690000000000000000e+03 6.380500454356262396e-02
8.691000000000000000e+03 6.359376472068711816e-02
8.692000000000000000e+03 6.338866988578981121e-02
8.693000000000000000e+03 6.319052269819690204e-02
8.694000000000000000e+03 6.299999671364103770e-02
8.695000000000000000e+03 6.281761160982649028e-02
8.696000000000000000e+03 6.264370887419545841e-02
8.697000000000000000e+03 6.247844091460415944e-02
8.698000000000000000e+03 6.232175830533363825e-02
8.699000000000000000e+03 6.217340541460206899e-02
8.700000000000000000e+03 6.203292962280045064e-02
8.701000000000000000e+03 6.189970069492888027e-02
8.702000000000000000e+03 6.177292495910197134e-02
8.703000000000000000e+03 6.165167327949640230e-02
8.704000000000000000e+03 6.153491946673345786e-02
8.705000000000000000e+03 6.142157518946009948e-02
8.706000000000000000e+03 6.131052424581310417e-02
8.707000000000000000e+03 6.120065573977917506e-02
8.708000000000000000e+03 6.109090317355900246e-02
8.709000000000000000e+03 6.098029004729716568e-02
8.710000000000000000e+03 6.086796986786233155e-02
8.711000000000000000e+03 6.075326351556407933e-02
8.712000000000000000e+03 6.063568087940645474e-02
8.713000000000000000e+03 6.051493714609629260e-02
8.714000000000000000e+03 6.039096687961749421e-02
8.715000000000000000e+03 6.026393031618250407e-02
8.716000000000000000e+03 6.013420554736818857e-02
8.717000000000000000e+03 6.000236668734117151e-02
8.718000000000000000e+03 5.986914478861662947e-02
8.719000000000000000e+03 5.973537393735394579e-02
8.720000000000000000e+03 5.960193993996232981e-02
8.721000000000000000e+03 5.946973334196957450e-02
8.722000000000000000e+03 5.933959788517432360e-02
8.723000000000000000e+03 5.921227545966466915e-02
8.724000000000000000e+03 5.908836900062126862e-02
8.725000000000000000e+03 5.896831884798883761e-02
8.726000000000000000e+03 5.885238090697029328e-02
8.727000000000000000e+03 5.874061992992486020e-02
8.728000000000000000e+03 5.863291695490730621e-02
8.729000000000000000e+03 5.852898914742389602e-02
8.730000000000000000e+03 5.842842289846772452e-02
8.731000000000000000e+03 5.833070545143169416e-02
8.732000000000000000e+03 5.823526575235177943e-02
8.733000000000000000e+03 5.814151655041026323e-02
8.734000000000000000e+03 5.804888690251320399e-02
8.735000000000000000e+03 5.795686724846230153e-02
8.736000000000000000e+03 5.786501816253111774e-02
8.737000000000000000e+03 5.777300694376062695e-02
8.738000000000000000e+03 5.768061984109183055e-02
8.739000000000000000e+03 5.758775682114888883e-02
8.740000000000000000e+03 5.749442350339840913e-02
8.741000000000000000e+03 5.740071190380538479e-02
8.742000000000000000e+03 5.730676598358073331e-02
8.743000000000000000e+03 5.721275864166198294e-02
8.744000000000000000e+03 5.711887459450217669e-02
8.745000000000000000e+03 5.702527539658327344e-02
8.746000000000000000e+03 5.693208050014588600e-02
8.747000000000000000e+03 5.683935437821537040e-02
8.748000000000000000e+03 5.674710713279500218e-02
8.749000000000000000e+03 5.665528985497012004e-02
8.750000000000000000e+03 5.656380698719591649e-02
8.751000000000000000e+03 5.647254840138722642e-02
8.752000000000000000e+03 5.638142468927493517e-02
8.753000000000000000e+03 5.629038835994516765e-02
8.754000000000000000e+03 5.619947859723971317e-02
8.755000000000000000e+03 5.610885299124798720e-02
8.756000000000000000e+03 5.601881009771354086e-02
8.757000000000000000e+03 5.592979450085543147e-02
8.758000000000000000e+03 5.584239091450603210e-02
8.759000000000000000e+03 5.575730276896159743e-02
8.760000000000000000e+03 5.567532503045359571e-02
8.761000000000000000e+03 5.559730709864825482e-02
8.762000000000000000e+03 5.552408764079298786e-02
8.763000000000000000e+03 5.545644841411051518e-02
8.764000000000000000e+03 5.539505999255731755e-02
8.765000000000000000e+03 5.534041967547193019e-02
8.766000000000000000e+03 5.529281182314353671e-02
8.767000000000000000e+03 5.525226882608300083e-02
8.768000000000000000e+03 5.521855547689231980e-02
8.769000000000000000e+03 5.519116893181778838e-02
8.770000000000000000e+03 5.516934130381077189e-02
8.771000000000000000e+03 5.515207002620497317e-02
8.772000000000000000e+03 5.513813931978461119e-02
8.773000000000000000e+03 5.512616598926300265e-02
8.774000000000000000e+03 5.511465558511569052e-02
8.775000000000000000e+03 5.510206633904934925e-02
8.776000000000000000e+03 5.508687065471738753e-02
8.777000000000000000e+03 5.506762139612500495e-02
8.778000000000000000e+03 5.504301630361965736e-02
8.779000000000000000e+03 5.501195593962093788e-02
8.780000000000000000e+03 5.497358612342653772e-02
8.781000000000000000e+03 5.492733421393555804e-02
8.782000000000000000e+03 5.487294395246004874e-02
8.783000000000000000e+03 5.481049059753982655e-02
8.784000000000000000e+03 5.474037859674846934e-02
8.785000000000000000e+03 5.466332287640570525e-02
8.786000000000000000e+03 5.458031808135462015e-02
8.787000000000000000e+03 5.449259850895064178e-02
8.788000000000000000e+03 5.440157102376509679e-02
8.789000000000000000e+03 5.430877245171410184e-02
8.790000000000000000e+03 5.421580118305075607e-02
8.791000000000000000e+03 5.412424232915444972e-02
8.792000000000000000e+03 5.403561527102742484e-02
8.793000000000000000e+03 5.395130917608835508e-02
8.794000000000000000e+03 5.387253529286400999e-02
8.795000000000000000e+03 5.380030100392169112e-02
8.796000000000000000e+03 5.373537480671057576e-02
8.797000000000000000e+03 5.367826423554933335e-02
8.798000000000000000e+03 5.362921566111771704e-02
8.799000000000000000e+03 5.358822117449235645e-02
8.800000000000000000e+03 5.355504273165163226e-02
8.801000000000000000e+03 5.352922163796770827e-02
8.802000000000000000e+03 5.351010709448217328e-02
8.803000000000000000e+03 5.349689012591189036e-02
8.804000000000000000e+03 5.348864256493847391e-02
8.805000000000000000e+03 5.348436402966418035e-02
8.806000000000000000e+03 5.348302352395048476e-02
8.807000000000000000e+03 5.348361024199305147e-02
8.808000000000000000e+03 5.348516355047726323e-02
8.809000000000000000e+03 5.348682407032604585e-02
8.810000000000000000e+03 5.348787245333067042e-02
8.811000000000000000e+03 5.348775261583568752e-02
8.812000000000000000e+03 5.348609626972355979e-02
8.813000000000000000e+03 5.348272745461025990e-02
8.814000000000000000e+03 5.347765427843319264e-02
8.815000000000000000e+03 5.347105701353641050e-02
8.816000000000000000e+03 5.346328134957730599e-02
8.817000000000000000e+03 5.345479663855209895e-02
8.818000000000000000e+03 5.344616580851188625e-02
8.819000000000000000e+03 5.343800954597925645e-02
8.820000000000000000e+03 5.343096684227061077e-02
8.821000000000000000e+03 5.342566129054169416e-02
8.822000000000000000e+03 5.342266640272197442e-02
8.823000000000000000e+03 5.342248863830555139e-02
8.824000000000000000e+03 5.342553859054190862e-02
8.825000000000000000e+03 5.343212506881545032e-02
8.826000000000000000e+03 5.344244848230413070e-02
8.827000000000000000e+03 5.345658944009424457e-02
8.828000000000000000e+03 5.347452077497449885e-02
8.829000000000000000e+03 5.349612129794137361e-02
8.830000000000000000e+03 5.352118826636027837e-02
8.831000000000000000e+03 5.354945051107430631e-02
8.832000000000000000e+03 5.358057945953290102e-02
8.833000000000000000e+03 5.361419748077608793e-02
8.834000000000000000e+03 5.364990214169429450e-02
8.835000000000000000e+03 5.368727268889661453e-02
8.836000000000000000e+03 5.372587776580206587e-02
8.837000000000000000e+03 5.376528912331779431e-02
8.838000000000000000e+03 5.380508527045532730e-02
8.839000000000000000e+03 5.384486075151614926e-02
8.840000000000000000e+03 5.388423258648072228e-02
8.841000000000000000e+03 5.392285568506372667e-02
8.842000000000000000e+03 5.396042734238678390e-02
8.843000000000000000e+03 5.399669243111253347e-02
8.844000000000000000e+03 5.403144261749973087e-02
8.845000000000000000e+03 5.406452305758294163e-02
8.846000000000000000e+03 5.409582604293190766e-02
8.847000000000000000e+03 5.412527962991806052e-02
8.848000000000000000e+03 5.415283107586302269e-02
8.849000000000000000e+03 5.417843598602332944e-02
8.850000000000000000e+03 5.420204154827169135e-02
8.851000000000000000e+03 5.422356303632126784e-02
8.852000000000000000e+03 5.424286735392634673e-02
8.853000000000000000e+03 5.425977946814066616e-02
8.854000000000000000e+03 5.427409224047825831e-02
8.855000000000000000e+03 5.428556674441328833e-02
8.856000000000000000e+03 5.429396218519780271e-02
8.857000000000000000e+03 5.429907017731035873e-02
8.858000000000000000e+03 5.430073926415563551e-02
8.859000000000000000e+03 5.429891027123810721e-02
8.860000000000000000e+03 5.429363932297150835e-02
8.861000000000000000e+03 5.428512225919572554e-02
8.862000000000000000e+03 5.427370167464873330e-02
8.863000000000000000e+03 5.425983801228496939e-02
8.864000000000000000e+03 5.424407772157156804e-02
8.865000000000000000e+03 5.422703652208484687e-02
8.866000000000000000e+03 5.420935714818901630e-02
8.867000000000000000e+03 5.419166126816647722e-02
8.868000000000000000e+03 5.417452356047303130e-02
8.869000000000000000e+03 5.415845465649417323e-02
8.870000000000000000e+03 5.414387778206151969e-02
8.871000000000000000e+03 5.413114430503292857e-02
8.872000000000000000e+03 5.412052565912318924e-02
8.873000000000000000e+03 5.411220647089477753e-02
8.874000000000000000e+03 5.410629417497737903e-02
8.875000000000000000e+03 5.410279950097746093e-02
8.876000000000000000e+03 5.410164332620923111e-02
8.877000000000000000e+03 5.410265139104885462e-02
8.878000000000000000e+03 5.410556381437010842e-02
8.879000000000000000e+03 5.411004486016732229e-02
8.880000000000000000e+03 5.411568191974301667e-02
8.881000000000000000e+03 5.412199986146266906e-02
8.882000000000000000e+03 5.412848728259109232e-02
8.883000000000000000e+03 5.413462719925778155e-02
8.884000000000000000e+03 5.413993527560127805e-02
8.885000000000000000e+03 5.414398652149396418e-02
8.886000000000000000e+03 5.414644352760406704e-02
8.887000000000000000e+03 5.414709554967298000e-02
8.888000000000000000e+03 5.414589175897975559e-02
8.889000000000000000e+03 5.414293997625024835e-02
8.890000000000000000e+03 5.413853165879783935e-02
8.891000000000000000e+03 5.413313498033443805e-02
8.892000000000000000e+03 5.412738344118249445e-02
8.893000000000000000e+03 5.412207523530004893e-02
8.894000000000000000e+03 5.411814799198062104e-02
8.895000000000000000e+03 5.411665776700871899e-02
8.896000000000000000e+03 5.411874426544235200e-02
8.897000000000000000e+03 5.412559581472134451e-02
8.898000000000000000e+03 5.413841638018285218e-02
8.899000000000000000e+03 5.415838592375442351e-02
8.900000000000000000e+03 5.418663521988381637e-02
8.901000000000000000e+03 5.422421377982029889e-02
8.902000000000000000e+03 5.427206599507524570e-02
8.903000000000000000e+03 5.433099847672639288e-02
8.904000000000000000e+03 5.440166394914927595e-02
8.905000000000000000e+03 5.448455864214386130e-02
8.906000000000000000e+03 5.458002438883807761e-02
8.907000000000000000e+03 5.468823123637055195e-02
8.908000000000000000e+03 5.480919909730379291e-02
8.909000000000000000e+03 5.494280573295391712e-02
8.910000000000000000e+03 5.508880156691895597e-02
8.911000000000000000e+03 5.524682652113545311e-02
8.912000000000000000e+03 5.541642887237038101e-02
8.913000000000000000e+03 5.559707519673597054e-02
8.914000000000000000e+03 5.578817147609269056e-02
8.915000000000000000e+03 5.598907531410249327e-02
8.916000000000000000e+03 5.619909041059005517e-02
8.917000000000000000e+03 5.641748901753230322e-02
8.918000000000000000e+03 5.664349904514161260e-02
8.919000000000000000e+03 5.687630449390222026e-02
8.920000000000000000e+03 5.711505479351867975e-02
8.921000000000000000e+03 5.735884599592010191e-02
8.922000000000000000e+03 5.760672431615928429e-02
8.923000000000000000e+03 5.785768889061713299e-02
8.924000000000000000e+03 5.811069348427461145e-02
8.925000000000000000e+03 5.836464407839100227e-02
8.926000000000000000e+03 5.861840157308217947e-02
8.927000000000000000e+03 5.887079447555262218e-02
8.928000000000000000e+03 5.912063262252222062e-02
8.929000000000000000e+03 5.936672350908457629e-02
8.930000000000000000e+03 5.960789529023415023e-02
8.931000000000000000e+03 5.984302006354636633e-02
8.932000000000000000e+03 6.007104315201666073e-02
8.933000000000000000e+03 6.029100150098454930e-02
8.934000000000000000e+03 6.050204278100006217e-02
8.935000000000000000e+03 6.070345056541807255e-02
8.936000000000000000e+03 6.089467579633102423e-02
8.937000000000000000e+03 6.107534842582229562e-02
8.938000000000000000e+03 6.124528180376936221e-02
8.939000000000000000e+03 6.140448401034247911e-02
8.940000000000000000e+03 6.155314729177877031e-02
8.941000000000000000e+03 6.169163694245162477e-02
8.942000000000000000e+03 6.182048276397724557e-02
8.943000000000000000e+03 6.194035912181310860e-02
8.944000000000000000e+03 6.205206276251459818e-02
8.945000000000000000e+03 6.215648287428877927e-02
8.946000000000000000e+03 6.225457138961432157e-02
8.947000000000000000e+03 6.234732428361917933e-02
8.948000000000000000e+03 6.243574134787679281e-02
8.949000000000000000e+03 6.252080957159777963e-02
8.950000000000000000e+03 6.260347454931550204e-02
8.951000000000000000e+03 6.268462106245341336e-02
8.952000000000000000e+03 6.276505337501711579e-02
8.953000000000000000e+03 6.284547920337579807e-02
8.954000000000000000e+03 6.292648924471279381e-02
8.955000000000000000e+03 6.300854967901617365e-02
8.956000000000000000e+03 6.309200315692213568e-02
8.957000000000000000e+03 6.317706014801617587e-02
8.958000000000000000e+03 6.326379859470752931e-02
8.959000000000000000e+03 6.335217296633047224e-02
8.960000000000000000e+03 6.344202810655506786e-02
8.961000000000000000e+03 6.353312111770333115e-02
8.962000000000000000e+03 6.362514631314263036e-02
8.963000000000000000e+03 6.371775483457882416e-02
8.964000000000000000e+03 6.381058106036716082e-02
8.965000000000000000e+03 6.390327233404212437e-02
8.966000000000000000e+03 6.399551243304579806e-02
8.967000000000000000e+03 6.408703785145242193e-02
8.968000000000000000e+03 6.417764109283477514e-02
8.969000000000000000e+03 6.426718941790629525e-02
8.970000000000000000e+03 6.435562374836721611e-02
8.971000000000000000e+03 6.444295266633238983e-02
8.972000000000000000e+03 6.452925248990903917e-02
8.973000000000000000e+03 6.461466036617692643e-02
8.974000000000000000e+03 6.469936230602982286e-02
8.975000000000000000e+03 6.478358424340877053e-02
8.976000000000000000e+03 6.486758171142589791e-02
8.977000000000000000e+03 6.495163427509349774e-02
8.978000000000000000e+03 6.503601339006917503e-02
8.979000000000000000e+03 6.512095584343838284e-02
8.980000000000000000e+03 6.520663301861018279e-02
8.981000000000000000e+03 6.529310573368821147e-02
8.982000000000000000e+03 6.538027808016697029e-02
8.983000000000000000e+03 6.546786027762938054e-02
8.984000000000000000e+03 6.555534309227623035e-02
8.985000000000000000e+03 6.564197881099251286e-02
8.986000000000000000e+03 6.572677018060629761e-02
8.987000000000000000e+03 6.580847434268266571e-02
8.988000000000000000e+03 6.588564634336249726e-02
8.989000000000000000e+03 6.595669988168914588e-02
8.990000000000000000e+03 6.601995836245078131e-02
8.991000000000000000e+03 6.607373001912575372e-02
8.992000000000000000e+03 6.611638080440256082e-02
8.993000000000000000e+03 6.614639224709087384e-02
8.994000000000000000e+03 6.616243033598824541e-02
8.995000000000000000e+03 6.616337688098124226e-02
8.996000000000000000e+03 6.614836884895385072e-02
8.997000000000000000e+03 6.611680094273214570e-02
8.998000000000000000e+03 6.606831385026359915e-02
8.999000000000000000e+03 6.600277011498595359e-02
9.000000000000000000e+03 6.592023609552125074e-02
9.001000000000000000e+03 6.582094686168343811e-02
9.002000000000000000e+03 6.570528978767362083e-02
9.003000000000000000e+03 6.557377143370993200e-02
9.004000000000000000e+03 6.542700237717453959e-02
9.005000000000000000e+03 6.526568644577565581e-02
9.006000000000000000e+03 6.509061220467006470e-02
9.007000000000000000e+03 6.490265030869302176e-02
9.008000000000000000e+03 6.470275563007144015e-02
9.009000000000000000e+03 6.449194880303571464e-02
9.010000000000000000e+03 6.427131403737749993e-02
9.011000000000000000e+03 6.404198560853840982e-02
9.012000000000000000e+03 6.380511997680245184e-02
9.013000000000000000e+03 6.356187949935621084e-02
9.014000000000000000e+03 6.331340071699854966e-02
9.015000000000000000e+03 6.306076559891736488e-02
9.016000000000000000e+03 6.280496847697798757e-02
9.017000000000000000e+03 6.254688359683929777e-02
9.018000000000000000e+03 6.228724011883955691e-02
9.019000000000000000e+03 6.202661344706172919e-02
9.020000000000000000e+03 6.176541664614883242e-02
9.021000000000000000e+03 6.150391611732256014e-02
9.022000000000000000e+03 6.124224060269706227e-02
9.023000000000000000e+03 6.098038523947636735e-02
9.024000000000000000e+03 6.071825088777435542e-02
9.025000000000000000e+03 6.045567958896544414e-02
9.026000000000000000e+03 6.019249034441425533e-02
9.027000000000000000e+03 5.992849361274893427e-02
9.028000000000000000e+03 5.966352457882284632e-02
9.029000000000000000e+03 5.939746209052343406e-02
9.030000000000000000e+03 5.913025406290171870e-02
9.031000000000000000e+03 5.886192691204387983e-02
9.032000000000000000e+03 5.859259391363718511e-02
9.033000000000000000e+03 5.832247042896963884e-02
9.034000000000000000e+03 5.805187560647218775e-02
9.035000000000000000e+03 5.778124621534062866e-02
9.036000000000000000e+03 5.751112680660725590e-02
9.037000000000000000e+03 5.724218759932240413e-02
9.038000000000000000e+03 5.697523074326878156e-02
9.039000000000000000e+03 5.671118902575518483e-02
9.040000000000000000e+03 5.645114484812104039e-02
9.041000000000000000e+03 5.619630765020511287e-02
9.042000000000000000e+03 5.594798053274296912e-02
9.043000000000000000e+03 5.570753753457831359e-02
9.044000000000000000e+03 5.547638704507730500e-02
9.045000000000000000e+03 5.525594220027547215e-02
9.046000000000000000e+03 5.504758680754862077e-02
9.047000000000000000e+03 5.485264821676003044e-02
9.048000000000000000e+03 5.467238465605499947e-02
9.049000000000000000e+03 5.450795935785432422e-02
9.050000000000000000e+03 5.436043658439180387e-02
9.051000000000000000e+03 5.423075914420277810e-02
9.052000000000000000e+03 5.411971869566269133e-02
9.053000000000000000e+03 5.402792203464323179e-02
9.054000000000000000e+03 5.395574674200508125e-02
9.055000000000000000e+03 5.390330944778746330e-02
9.056000000000000000e+03 5.387045863845246751e-02
9.057000000000000000e+03 5.385674400385198624e-02
9.058000000000000000e+03 5.386142436506199255e-02
9.059000000000000000e+03 5.388349147160485797e-02
9.060000000000000000e+03 5.392168874544510382e-02
9.061000000000000000e+03 5.397454973917970716e-02
9.062000000000000000e+03 5.404044594225458631e-02
9.063000000000000000e+03 5.411762735994933571e-02
9.064000000000000000e+03 5.420426199938947753e-02
9.065000000000000000e+03 5.429848102777777574e-02
9.066000000000000000e+03 5.439840924724650972e-02
9.067000000000000000e+03 5.450220309314032785e-02
9.068000000000000000e+03 5.460806042128132920e-02
9.069000000000000000e+03 5.471424278017428255e-02
9.070000000000000000e+03 5.481909917334680526e-02
9.071000000000000000e+03 5.492108750579930559e-02
9.072000000000000000e+03 5.501878009968368122e-02
9.073000000000000000e+03 5.511087232180045259e-02
9.074000000000000000e+03 5.519621038202430358e-02
9.075000000000000000e+03 5.527381008948981100e-02
9.076000000000000000e+03 5.534287197210834008e-02
9.077000000000000000e+03 5.540279809529946586e-02
9.078000000000000000e+03 5.545320608721444888e-02
9.079000000000000000e+03 5.549396478592141801e-02
9.080000000000000000e+03 5.552520313680921193e-02
9.081000000000000000e+03 5.554730500405005711e-02
9.082000000000000000e+03 5.556091333815953853e-02
9.083000000000000000e+03 5.556691918457710988e-02
9.084000000000000000e+03 5.556643621167178110e-02
9.085000000000000000e+03 5.556076789644167485e-02
9.086000000000000000e+03 5.555135539726725052e-02
9.087000000000000000e+03 5.553973231977334807e-02
9.088000000000000000e+03 5.552747304685513169e-02
9.089000000000000000e+03 5.551614489345375880e-02
9.090000000000000000e+03 5.550725645690911259e-02
9.091000000000000000e+03 5.550221676256006376e-02
9.092000000000000000e+03 5.550230432890115168e-02
9.093000000000000000e+03 5.550863376103851859e-02
9.094000000000000000e+03 5.552214296523436121e-02
9.095000000000000000e+03 5.554357088067889137e-02
9.096000000000000000e+03 5.557343331145339627e-02
9.097000000000000000e+03 5.561201735949979075e-02
9.098000000000000000e+03 5.565937900207505729e-02
9.099000000000000000e+03 5.571533838188566512e-02
9.100000000000000000e+03 5.577948644403107198e-02
9.101000000000000000e+03 5.585119029254737022e-02
9.102000000000000000e+03 5.592960921153594667e-02
9.103000000000000000e+03 5.601371257927698771e-02
9.104000000000000000e+03 5.610231222142428309e-02
9.105000000000000000e+03 5.619409797457794453e-02
9.106000000000000000e+03 5.628766516744411474e-02
9.107000000000000000e+03 5.638157008638434997e-02
9.108000000000000000e+03 5.647437985513964476e-02
9.109000000000000000e+03 5.656471690958900927e-02
9.110000000000000000e+03 5.665133015881172740e-02
9.111000000000000000e+03 5.673313030768173393e-02
9.112000000000000000e+03 5.680923899322213450e-02
9.113000000000000000e+03 5.687901084377871425e-02
9.114000000000000000e+03 5.694205178323681615e-02
9.115000000000000000e+03 5.699822274013294221e-02
9.116000000000000000e+03 5.704763164987311508e-02
9.117000000000000000e+03 5.709059759181066285e-02
9.118000000000000000e+03 5.712761094865041744e-02
9.119000000000000000e+03 5.715928899044776107e-02
9.120000000000000000e+03 5.718632180169287704e-02
9.121000000000000000e+03 5.720941908202890891e-02
9.122000000000000000e+03 5.722926767402078396e-02
9.123000000000000000e+03 5.724648259996407973e-02
9.124000000000000000e+03 5.726159141461235197e-02
9.125000000000000000e+03 5.727502444664302889e-02
9.126000000000000000e+03 5.728710994497890341e-02
9.127000000000000000e+03 5.729807582910344255e-02
9.128000000000000000e+03 5.730806212777578290e-02
9.129000000000000000e+03 5.731714787799727095e-02
9.130000000000000000e+03 5.732536992521929109e-02
9.131000000000000000e+03 5.733273355702325769e-02
9.132000000000000000e+03 5.733923202502978766e-02
9.133000000000000000e+03 5.734486323938951802e-02
9.134000000000000000e+03 5.734964195420864247e-02
9.135000000000000000e+03 5.735359368461671881e-02
9.136000000000000000e+03 5.735676717593098800e-02
9.137000000000000000e+03 5.735922623488085015e-02
9.138000000000000000e+03 5.736105733156433850e-02
9.139000000000000000e+03 5.736236611305315508e-02
9.140000000000000000e+03 5.736327783243708178e-02
9.141000000000000000e+03 5.736393260224322693e-02
9.142000000000000000e+03 5.736446422499659470e-02
9.143000000000000000e+03 5.736499186557339480e-02
9.144000000000000000e+03 5.736561241657115590e-02
9.145000000000000000e+03 5.736638946376986653e-02
9.146000000000000000e+03 5.736732271280983730e-02
9.147000000000000000e+03 5.736833134774468879e-02
9.148000000000000000e+03 5.736924375589132208e-02
9.149000000000000000e+03 5.736978479694458677e-02
9.150000000000000000e+03 5.736957265818631163e-02
9.151000000000000000e+03 5.736810931014629106e-02
9.152000000000000000e+03 5.736478509356014027e-02
9.153000000000000000e+03 5.735888921912427746e-02
9.154000000000000000e+03 5.734963655748952227e-02
9.155000000000000000e+03 5.733618736600756133e-02
9.156000000000000000e+03 5.731767415302409935e-02
9.157000000000000000e+03 5.729325082782424361e-02
9.158000000000000000e+03 5.726212913159364759e-02
9.159000000000000000e+03 5.722362397620341101e-02
9.160000000000000000e+03 5.717719694130866948e-02
9.161000000000000000e+03 5.712248777015482143e-02
9.162000000000000000e+03 5.705934570096419384e-02
9.163000000000000000e+03 5.698785337499377712e-02
9.164000000000000000e+03 5.690832980639325134e-02
9.165000000000000000e+03 5.682132785197049896e-02
9.166000000000000000e+03 5.672759863435068023e-02
9.167000000000000000e+03 5.662805415522395580e-02
9.168000000000000000e+03 5.652372479142241113e-02
9.169000000000000000e+03 5.641569464306057935e-02
9.170000000000000000e+03 5.630503939443798345e-02
9.171000000000000000e+03 5.619277183615813132e-02
9.172000000000000000e+03 5.607981256770003253e-02
9.173000000000000000e+03 5.596695699388049700e-02
9.174000000000000000e+03 5.585485112563675497e-02
9.175000000000000000e+03 5.574400284552972346e-02
9.176000000000000000e+03 5.563479144171177421e-02
9.177000000000000000e+03 5.552747716332349925e-02
9.178000000000000000e+03 5.542223866267179805e-02
9.179000000000000000e+03 5.531919506964491640e-02
9.180000000000000000e+03 5.521843375300104773e-02
9.181000000000000000e+03 5.512002288271178330e-02
9.182000000000000000e+03 5.502402429956469720e-02
9.183000000000000000e+03 5.493049593402737213e-02
9.184000000000000000e+03 5.483949130383469067e-02
9.185000000000000000e+03 5.475104641643015191e-02
9.186000000000000000e+03 5.466516862652351372e-02
9.187000000000000000e+03 5.458181806987580376e-02
9.188000000000000000e+03 5.450089753945061566e-02
9.189000000000000000e+03 5.442224868106994295e-02
9.190000000000000000e+03 5.434564247673270843e-02
9.191000000000000000e+03 5.427077968966795979e-02
9.192000000000000000e+03 5.419729609730904868e-02
9.193000000000000000e+03 5.412477124082804014e-02
9.194000000000000000e+03 5.405274133143085635e-02
9.195000000000000000e+03 5.398072409521394860e-02
9.196000000000000000e+03 5.390823450441260822e-02
9.197000000000000000e+03 5.383481904814362701e-02
9.198000000000000000e+03 5.376007641978779172e-02
9.199000000000000000e+03 5.368367880133936842e-02
9.200000000000000000e+03 5.360538826950315971e-02
9.201000000000000000e+03 5.352507217673548034e-02
9.202000000000000000e+03 5.344271533311131805e-02
9.203000000000000000e+03 5.335842059396257719e-02
9.204000000000000000e+03 5.327242224596244469e-02
9.205000000000000000e+03 5.318508622662965202e-02
9.206000000000000000e+03 5.309690774339641955e-02
9.207000000000000000e+03 5.300850188236311961e-02
9.208000000000000000e+03 5.292059106104093913e-02
9.209000000000000000e+03 5.283398366604166729e-02
9.210000000000000000e+03 5.274954299693854209e-02
9.211000000000000000e+03 5.266815978111470675e-02
9.212000000000000000e+03 5.259072971172555622e-02
9.213000000000000000e+03 5.251810687821616142e-02
9.214000000000000000e+03 5.245106439521943220e-02
9.215000000000000000e+03 5.239027132739645931e-02
9.216000000000000000e+03 5.233625112588432410e-02
9.217000000000000000e+03 5.228935677051796405e-02
9.218000000000000000e+03 5.224974960433931281e-02
9.219000000000000000e+03 5.221739591922387042e-02
9.220000000000000000e+03 5.219206226278898936e-02
9.221000000000000000e+03 5.217334140438420476e-02
9.222000000000000000e+03 5.216067846195492769e-02
9.223000000000000000e+03 5.215338886615097230e-02
9.224000000000000000e+03 5.215070961496003077e-02
9.225000000000000000e+03 5.215184441478425137e-02
9.226000000000000000e+03 5.215598616104126506e-02
9.227000000000000000e+03 5.216234958121738347e-02
9.228000000000000000e+03 5.217020477984510296e-02
9.229000000000000000e+03 5.217890660648753093e-02
9.230000000000000000e+03 5.218791796534390237e-02
9.231000000000000000e+03 5.219682211025228336e-02
9.232000000000000000e+03 5.220533548279167324e-02
9.233000000000000000e+03 5.221330314141185702e-02
9.234000000000000000e+03 5.222070458767522072e-02
9.235000000000000000e+03 5.222765182545461432e-02
9.236000000000000000e+03 5.223437173090613589e-02
9.237000000000000000e+03 5.224119098507670755e-02
9.238000000000000000e+03 5.224851091884528953e-02
9.239000000000000000e+03 5.225677667821986699e-02
9.240000000000000000e+03 5.226647900899077104e-02
9.241000000000000000e+03 5.227812601038395179e-02
9.242000000000000000e+03 5.229222204956195108e-02
9.243000000000000000e+03 5.230926749319644853e-02
9.244000000000000000e+03 5.232974335936849131e-02
9.245000000000000000e+03 5.235410710793712147e-02
9.246000000000000000e+03 5.238279938504176309e-02
9.247000000000000000e+03 5.241626503813484605e-02
9.248000000000000000e+03 5.245495131510152786e-02
9.249000000000000000e+03 5.249932508060395353e-02
9.250000000000000000e+03 5.254987863040024715e-02
9.251000000000000000e+03 5.260713375507154038e-02
9.252000000000000000e+03 5.267164263357999171e-02
9.253000000000000000e+03 5.274397200058785623e-02
9.254000000000000000e+03 5.282469123230395386e-02
9.255000000000000000e+03 5.291435491934383395e-02
9.256000000000000000e+03 5.301348122552779207e-02
9.257000000000000000e+03 5.312250881734882635e-02
9.258000000000000000e+03 5.324178420178631022e-02
9.259000000000000000e+03 5.337152139019506192e-02
9.260000000000000000e+03 5.351178360581341359e-02
9.261000000000000000e+03 5.366246921167687478e-02
9.262000000000000000e+03 5.382329712467075200e-02
9.263000000000000000e+03 5.399381525946141819e-02
9.264000000000000000e+03 5.417340857548259836e-02
9.265000000000000000e+03 5.436131726504926653e-02
9.266000000000000000e+03 5.455665972404008524e-02
9.267000000000000000e+03 5.475846798622813205e-02
9.268000000000000000e+03 5.496571718447313543e-02
9.269000000000000000e+03 5.517735747874906449e-02
9.270000000000000000e+03 5.539233439568931605e-02
9.271000000000000000e+03 5.560960957486076744e-02
9.272000000000000000e+03 5.582818716066957621e-02
9.273000000000000000e+03 5.604712857040006213e-02
9.274000000000000000e+03 5.626556266971138864e-02
9.275000000000000000e+03 5.648269367267065577e-02
9.276000000000000000e+03 5.669781085481284677e-02
9.277000000000000000e+03 5.691029362068060482e-02
9.278000000000000000e+03 5.711962035249568831e-02
9.279000000000000000e+03 5.732537467607196069e-02
9.280000000000000000e+03 5.752723899157473342e-02
9.281000000000000000e+03 5.772499179051120144e-02
9.282000000000000000e+03 5.791850168667979359e-02
9.283000000000000000e+03 5.810771730509388389e-02
9.284000000000000000e+03 5.829264212925256566e-02
9.285000000000000000e+03 5.847332232766097593e-02
9.286000000000000000e+03 5.864982383433292590e-02
9.287000000000000000e+03 5.882219938048609265e-02
9.288000000000000000e+03 5.899046551622813550e-02
9.289000000000000000e+03 5.915456507468089264e-02
9.290000000000000000e+03 5.931433975238549483e-02
9.291000000000000000e+03 5.946949726367844330e-02
9.292000000000000000e+03 5.961959599917977803e-02
9.293000000000000000e+03 5.976404364468387159e-02
9.294000000000000000e+03 5.990209409550181774e-02
9.295000000000000000e+03 6.003287374343206639e-02
9.296000000000000000e+03 6.015542208059364293e-02
9.297000000000000000e+03 6.026872805121102905e-02
9.298000000000000000e+03 6.037179078981904506e-02
9.299000000000000000e+03 6.046368987766209679e-02
9.300000000000000000e+03 6.054365646284634583e-02
9.301000000000000000e+03 6.061112552871610049e-02
9.302000000000000000e+03 6.066578426957501546e-02
9.303000000000000000e+03 6.070760395988675229e-02
9.304000000000000000e+03 6.073685762956560624e-02
9.305000000000000000e+03 6.075411242956448021e-02
9.306000000000000000e+03 6.076020065781211066e-02
9.307000000000000000e+03 6.075617516417698705e-02
9.308000000000000000e+03 6.074325388467892439e-02
9.309000000000000000e+03 6.072274857319170938e-02
9.310000000000000000e+03 6.069600486458105043e-02
9.311000000000000000e+03 6.066433723054049515e-02
9.312000000000000000e+03 6.062896361437805637e-02
9.313000000000000000e+03 6.059095314326196080e-02
9.314000000000000000e+03 6.055118960723950700e-02
9.315000000000000000e+03 6.051034353573915558e-02
9.316000000000000000e+03 6.046886699897362216e-02
9.317000000000000000e+03 6.042698282636757567e-02
9.318000000000000000e+03 6.038469327113313301e-02
9.319000000000000000e+03 6.034179154261144762e-02
9.320000000000000000e+03 6.029788548985669933e-02
9.321000000000000000e+03 6.025242132518995875e-02
9.322000000000000000e+03 6.020471894439462235e-02
9.323000000000000000e+03 6.015401676182023649e-02
9.324000000000000000e+03 6.009950416074447133e-02
9.325000000000000000e+03 6.004037086562208358e-02
9.326000000000000000e+03 5.997584859307120153e-02
9.327000000000000000e+03 5.990526553561784096e-02
9.328000000000000000e+03 5.982807213120155260e-02
9.329000000000000000e+03 5.974387656198218433e-02
9.330000000000000000e+03 5.965248764107809742e-02
9.331000000000000000e+03 5.955393970041999302e-02
9.332000000000000000e+03 5.944852114935495618e-02
9.333000000000000000e+03 5.933678651670541704e-02
9.334000000000000000e+03 5.921956567198360943e-02
9.335000000000000000e+03 5.909795296644442669e-02
9.336000000000000000e+03 5.897328080098938191e-02
9.337000000000000000e+03 5.884708029775836957e-02
9.338000000000000000e+03 5.872103212720435755e-02
9.339000000000000000e+03 5.859689403759268944e-02
9.340000000000000000e+03 5.847643501540386590e-02
9.341000000000000000e+03 5.836137053049925139e-02
9.342000000000000000e+03 5.825328692966821875e-02
9.343000000000000000e+03 5.815358983899661383e-02
9.344000000000000000e+03 5.806345010272786350e-02
9.345000000000000000e+03 5.798376250253289843e-02
9.346000000000000000e+03 5.791512849502455929e-02
9.347000000000000000e+03 5.785786213964264069e-02
9.348000000000000000e+03 5.781199631890004964e-02
9.349000000000000000e+03 5.777729306035443713e-02
9.350000000000000000e+03 5.775328484854269639e-02
9.351000000000000000e+03 5.773930957068639652e-02
9.352000000000000000e+03 5.773455276381902340e-02
9.353000000000000000e+03 5.773808952308402687e-02
9.354000000000000000e+03 5.774893422259382708e-02
9.355000000000000000e+03 5.776608872146385409e-02
9.356000000000000000e+03 5.778857773953819527e-02
9.357000000000000000e+03 5.781547571883999259e-02
9.358000000000000000e+03 5.784595247330795442e-02
9.359000000000000000e+03 5.787929875595630019e-02
9.360000000000000000e+03 5.791495672978911463e-02
9.361000000000000000e+03 5.795255284646820548e-02
9.362000000000000000e+03 5.799190829397024571e-02
9.363000000000000000e+03 5.803304369187936573e-02
9.364000000000000000e+03 5.807616713864140190e-02
9.365000000000000000e+03 5.812166626386220530e-02
9.366000000000000000e+03 5.817008920235072766e-02
9.367000000000000000e+03 5.822211101271480144e-02
9.368000000000000000e+03 5.827849241244272005e-02
9.369000000000000000e+03 5.834002807680464808e-02
9.370000000000000000e+03 5.840749995839662756e-02
9.371000000000000000e+03 5.848162363553810472e-02
9.372000000000000000e+03 5.856299414492011080e-02
9.373000000000000000e+03 5.865204957728493984e-02
9.374000000000000000e+03 5.874903367468514020e-02
9.375000000000000000e+03 5.885397429373370737e-02
9.376000000000000000e+03 5.896666186667624820e-02
9.377000000000000000e+03 5.908664393989818131e-02
9.378000000000000000e+03 5.921323223678332665e-02
9.379000000000000000e+03 5.934551041700468488e-02
9.380000000000000000e+03 5.948235026342187787e-02
9.381000000000000000e+03 5.962242048385163473e-02
9.382000000000000000e+03 5.976420140533483805e-02
9.383000000000000000e+03 5.990600494913368018e-02
9.384000000000000000e+03 6.004599400408894283e-02
9.385000000000000000e+03 6.018223613390469295e-02
9.386000000000000000e+03 6.031272255295613838e-02
9.387000000000000000e+03 6.043542012781420031e-02
9.388000000000000000e+03 6.054831879754316026e-02
9.389000000000000000e+03 6.064947526668510586e-02
9.390000000000000000e+03 6.073706090761854526e-02
9.391000000000000000e+03 6.080940793073737888e-02
9.392000000000000000e+03 6.086504811244046464e-02
9.393000000000000000e+03 6.090275171633922208e-02
9.394000000000000000e+03 6.092153997629731060e-02
9.395000000000000000e+03 6.092071638350562979e-02
9.396000000000000000e+03 6.089987940028527419e-02
9.397000000000000000e+03 6.085892811012692111e-02
9.398000000000000000e+03 6.079807542253568703e-02
9.399000000000000000e+03 6.071785522165675658e-02
9.400000000000000000e+03 6.061911602992946929e-02
9.401000000000000000e+03 6.050302702463551674e-02
9.402000000000000000e+03 6.037107223217682422e-02
9.403000000000000000e+03 6.022502341776005824e-02
9.404000000000000000e+03 6.006691684427781924e-02
9.405000000000000000e+03 5.989901431190702841e-02
9.406000000000000000e+03 5.972374947258936306e-02
9.407000000000000000e+03 5.954365973347307966e-02
9.408000000000000000e+03 5.936131606977569641e-02
9.409000000000000000e+03 5.917924840109518858e-02
9.410000000000000000e+03 5.899986496179385198e-02
9.411000000000000000e+03 5.882539559637134374e-02
9.412000000000000000e+03 5.865781893114599410e-02
9.413000000000000000e+03 5.849881381361249355e-02
9.414000000000000000e+03 5.834973099776791239e-02
9.415000000000000000e+03 5.821157754730070522e-02
9.416000000000000000e+03 5.808501133691384988e-02
9.417000000000000000e+03 5.797034114760259843e-02
9.418000000000000000e+03 5.786756093026705627e-02
9.419000000000000000e+03 5.777637961796951160e-02
9.420000000000000000e+03 5.769626246692123595e-02
9.421000000000000000e+03 5.762647823950048376e-02
9.422000000000000000e+03 5.756613250603952181e-02
9.423000000000000000e+03 5.751421991209783313e-02
9.424000000000000000e+03 5.746966696704544630e-02
9.425000000000000000e+03 5.743135365769941325e-02
9.426000000000000000e+03 5.739814978205341756e-02
9.427000000000000000e+03 5.736892711748854679e-02
9.428000000000000000e+03 5.734255723209609468e-02
9.429000000000000000e+03 5.731791472982543378e-02
9.430000000000000000e+03 5.729386818023984862e-02
9.431000000000000000e+03 5.726928204025840546e-02
9.432000000000000000e+03 5.724301935899236277e-02
9.433000000000000000e+03 5.721393974728034015e-02
9.434000000000000000e+03 5.718090211527650235e-02
9.435000000000000000e+03 5.714277945564831540e-02
9.436000000000000000e+03 5.709848915864028374e-02
9.437000000000000000e+03 5.704701517046948528e-02
9.438000000000000000e+03 5.698743724523862297e-02
9.439000000000000000e+03 5.691895907816598571e-02
9.440000000000000000e+03 5.684095002601653734e-02
9.441000000000000000e+03 5.675296234544004170e-02
9.442000000000000000e+03 5.665475253643120768e-02
9.443000000000000000e+03 5.654630238811916843e-02
9.444000000000000000e+03 5.642781596073814104e-02
9.445000000000000000e+03 5.629970697554933373e-02
9.446000000000000000e+03 5.616259418987683272e-02
9.447000000000000000e+03 5.601728636683983575e-02
9.448000000000000000e+03 5.586475312234454038e-02
9.449000000000000000e+03 5.570608748058627352e-02
9.450000000000000000e+03 5.554245991589618070e-02
9.451000000000000000e+03 5.537508647326330746e-02
9.452000000000000000e+03 5.520520650530531814e-02
9.453000000000000000e+03 5.503405629336589888e-02
9.454000000000000000e+03 5.486285664173524979e-02
9.455000000000000000e+03 5.469278608947253373e-02
9.456000000000000000e+03 5.452497036187788082e-02
9.457000000000000000e+03 5.436047386348794724e-02
9.458000000000000000e+03 5.420029279567409319e-02
9.459000000000000000e+03 5.404534959029951013e-02
9.460000000000000000e+03 5.389647069395832324e-02
9.461000000000000000e+03 5.375435934943049304e-02
9.462000000000000000e+03 5.361958712624834839e-02
9.463000000000000000e+03 5.349257400447979260e-02
9.464000000000000000e+03 5.337358441057207803e-02
9.465000000000000000e+03 5.326272201332775402e-02
9.466000000000000000e+03 5.315993537172614136e-02
9.467000000000000000e+03 5.306503219003054495e-02
9.468000000000000000e+03 5.297769742447590996e-02
9.469000000000000000e+03 5.289751563252572536e-02
9.470000000000000000e+03 5.282399601459117355e-02
9.471000000000000000e+03 5.275659575954148861e-02
9.472000000000000000e+03 5.269473896706070026e-02
9.473000000000000000e+03 5.263783452667549628e-02
9.474000000000000000e+03 5.258529365163130964e-02
9.475000000000000000e+03 5.253653725134400931e-02
9.476000000000000000e+03 5.249100248536239799e-02
9.477000000000000000e+03 5.244814379727667786e-02
9.478000000000000000e+03 5.240744912904973796e-02
9.479000000000000000e+03 5.236844082445306359e-02
9.480000000000000000e+03 5.233068176322105969e-02
9.481000000000000000e+03 5.229377816864221040e-02
9.482000000000000000e+03 5.225738217743255976e-02
9.483000000000000000e+03 5.222120665193456801e-02
9.484000000000000000e+03 5.218503198669680043e-02
9.485000000000000000e+03 5.214870715513064692e-02
9.486000000000000000e+03 5.211215376136409116e-02
9.487000000000000000e+03 5.207537669803633668e-02
9.488000000000000000e+03 5.203846751986458685e-02
9.489000000000000000e+03 5.200160503680537061e-02
9.490000000000000000e+03 5.196505818919855413e-02
9.491000000000000000e+03 5.192917304597493428e-02
9.492000000000000000e+03 5.189436756631565090e-02
9.493000000000000000e+03 5.186112617982824302e-02
9.494000000000000000e+03 5.182997765973045706e-02
9.495000000000000000e+03 5.180148643596557689e-02
9.496000000000000000e+03 5.177623171904241484e-02
9.497000000000000000e+03 5.175477516363403974e-02
9.498000000000000000e+03 5.173764688942016077e-02
9.499000000000000000e+03 5.172531431341710617e-02
9.500000000000000000e+03 5.171816060120661140e-02
9.501000000000000000e+03 5.171646318536683717e-02
9.502000000000000000e+03 5.172038107445801891e-02
9.503000000000000000e+03 5.172993424981411903e-02
9.504000000000000000e+03 5.174500902217792769e-02
9.505000000000000000e+03 5.176534632488496296e-02
9.506000000000000000e+03 5.179054168902261918e-02
9.507000000000000000e+03 5.182004852176416709e-02
9.508000000000000000e+03 5.185320181541752671e-02
9.509000000000000000e+03 5.188924313294970836e-02
9.510000000000000000e+03 5.192733396676655483e-02
9.511000000000000000e+03 5.196660101524199632e-02
9.512000000000000000e+03 5.200617026668909876e-02
9.513000000000000000e+03 5.204519948105014449e-02
9.514000000000000000e+03 5.208291884381230363e-02
9.515000000000000000e+03 5.211867322056219776e-02
9.516000000000000000e+03 5.215194427750022982e-02
9.517000000000000000e+03 5.218235431864291091e-02
9.518000000000000000e+03 5.220967148630522442e-02
9.519000000000000000e+03 5.223379836299435475e-02
9.520000000000000000e+03 5.225475457903716592e-02
9.521000000000000000e+03 5.227265954556555017e-02
9.522000000000000000e+03 5.228771711057983440e-02
9.523000000000000000e+03 5.230020465152314391e-02
9.524000000000000000e+03 5.231047265352088693e-02
9.525000000000000000e+03 5.231892832186095521e-02
9.526000000000000000e+03 5.232604080441929928e-02
9.527000000000000000e+03 5.233232705050998995e-02
9.528000000000000000e+03 5.233834932696198455e-02
9.529000000000000000e+03 5.234470336219588377e-02
9.530000000000000000e+03 5.235200150826713195e-02
9.531000000000000000e+03 5.236085277292228807e-02
9.532000000000000000e+03 5.237184683804720076e-02
9.533000000000000000e+03 5.238553186568262188e-02
9.534000000000000000e+03 5.240239776598500099e-02
9.535000000000000000e+03 5.242285082922566730e-02
9.536000000000000000e+03 5.244719979311043834e-02
9.537000000000000000e+03 5.247563903154892073e-02
9.538000000000000000e+03 5.250823434845035970e-02
9.539000000000000000e+03 5.254492312204235571e-02
9.540000000000000000e+03 5.258551698558441845e-02
9.541000000000000000e+03 5.262970180500581296e-02
9.542000000000000000e+03 5.267704692256480747e-02
9.543000000000000000e+03 5.272702239076991482e-02
9.544000000000000000e+03 5.277901474744110810e-02
9.545000000000000000e+03 5.283235694922659709e-02
9.546000000000000000e+03 5.288634318512010213e-02
9.547000000000000000e+03 5.294025096875332181e-02
9.548000000000000000e+03 5.299336591101633243e-02
9.549000000000000000e+03 5.304499785955937852e-02
9.550000000000000000e+03 5.309450430463218129e-02
9.551000000000000000e+03 5.314128949005444968e-02
9.552000000000000000e+03 5.318481868910075738e-02
9.553000000000000000e+03 5.322462873920721926e-02
9.554000000000000000e+03 5.326033132305600659e-02
9.555000000000000000e+03 5.329161691997309075e-02
9.556000000000000000e+03 5.331824413960459252e-02
9.557000000000000000e+03 5.334003694975695403e-02
9.558000000000000000e+03 5.335688646258043843e-02
9.559000000000000000e+03 5.336874562739632455e-02
9.560000000000000000e+03 5.337560122520969286e-02
9.561000000000000000e+03 5.337745627435053208e-02
9.562000000000000000e+03 5.337433181716422226e-02
9.563000000000000000e+03 5.336625124705385304e-02
9.564000000000000000e+03 5.335323365022928699e-02
9.565000000000000000e+03 5.333529307760325605e-02
9.566000000000000000e+03 5.331243946104752274e-02
9.567000000000000000e+03 5.328468651441979620e-02
9.568000000000000000e+03 5.325207262730338037e-02
9.569000000000000000e+03 5.321466574719929676e-02
9.570000000000000000e+03 5.317256777724865824e-02
9.571000000000000000e+03 5.312593836841467826e-02
9.572000000000000000e+03 5.307500826403512700e-02
9.573000000000000000e+03 5.302006776186442283e-02
9.574000000000000000e+03 5.296144370923894923e-02
9.575000000000000000e+03 5.289949202696431207e-02
9.576000000000000000e+03 5.283457480230534242e-02
9.577000000000000000e+03 5.276704202319366932e-02
9.578000000000000000e+03 5.269721008116974581e-02
9.579000000000000000e+03 5.262535075356966630e-02
9.580000000000000000e+03 5.255168587924349821e-02
9.581000000000000000e+03 5.247638475702537386e-02
9.582000000000000000e+03 5.239957370707344630e-02
9.583000000000000000e+03 5.232135203766284659e-02
9.584000000000000000e+03 5.224181132261109667e-02
9.585000000000000000e+03 5.216104275951200658e-02
9.586000000000000000e+03 5.207915198782772648e-02
9.587000000000000000e+03 5.199626855131317393e-02
9.588000000000000000e+03 5.191257639171911048e-02
9.589000000000000000e+03 5.182831260789129424e-02
9.590000000000000000e+03 5.174379148909183379e-02
9.591000000000000000e+03 5.165941137104139436e-02
9.592000000000000000e+03 5.157567031916694689e-02
9.593000000000000000e+03 5.149316310113558059e-02
9.594000000000000000e+03 5.141259186312285845e-02
9.595000000000000000e+03 5.133476036377385143e-02
9.596000000000000000e+03 5.126057423692066684e-02
9.597000000000000000e+03 5.119103167811493715e-02
9.598000000000000000e+03 5.112720508875887027e-02
9.599000000000000000e+03 5.107021654000343941e-02
9.600000000000000000e+03 5.102120877289832712e-02
9.601000000000000000e+03 5.098131164623217332e-02
9.602000000000000000e+03 5.095161315213681680e-02
9.603000000000000000e+03 5.093312780427047826e-02
9.604000000000000000e+03 5.092675282175128382e-02
9.605000000000000000e+03 5.093323280136875103e-02
9.606000000000000000e+03 5.095313018093140800e-02
9.607000000000000000e+03 5.098681140900160336e-02
9.608000000000000000e+03 5.103443469676890998e-02
9.609000000000000000e+03 5.109593875278883868e-02
9.610000000000000000e+03 5.117103894121365071e-02
9.611000000000000000e+03 5.125922944294623862e-02
9.612000000000000000e+03 5.135981299236477837e-02
9.613000000000000000e+03 5.147191350475849303e-02
9.614000000000000000e+03 5.159451035443008565e-02
9.615000000000000000e+03 5.172647700396512671e-02
9.616000000000000000e+03 5.186662006418601284e-02
9.617000000000000000e+03 5.201372055898800806e-02
9.618000000000000000e+03 5.216658614913168013e-02
9.619000000000000000e+03 5.232409846987699786e-02
9.620000000000000000e+03 5.248526133194023058e-02
9.621000000000000000e+03 5.264924768642512826e-02
9.622000000000000000e+03 5.281544109796802722e-02
9.623000000000000000e+03 5.298348387378837981e-02
9.624000000000000000e+03 5.315329474233022183e-02
9.625000000000000000e+03 5.332506432167933436e-02
9.626000000000000000e+03 5.349924758467452385e-02
9.627000000000000000e+03 5.367654389607318111e-02
9.628000000000000000e+03 5.385785700518931629e-02
9.629000000000000000e+03 5.404422306427804357e-02
9.630000000000000000e+03 5.423674719760353952e-02
9.631000000000000000e+03 5.443651888369063080e-02
9.632000000000000000e+03 5.464453288349249704e-02
9.633000000000000000e+03 5.486160745125468613e-02
9.634000000000000000e+03 5.508832931968094676e-02
9.635000000000000000e+03 5.532499751681387024e-02
9.636000000000000000e+03 5.557158971140159498e-02
9.637000000000000000e+03 5.582774033731673774e-02
9.638000000000000000e+03 5.609274362790313273e-02
9.639000000000000000e+03 5.636556431424673275e-02
9.640000000000000000e+03 5.664487511670752984e-02
9.641000000000000000e+03 5.692910697397053632e-02
9.642000000000000000e+03 5.721651082716380093e-02
9.643000000000000000e+03 5.750520557659560827e-02
9.644000000000000000e+03 5.779324002352682899e-02
9.645000000000000000e+03 5.807865304188430944e-02
9.646000000000000000e+03 5.835952536503585114e-02
9.647000000000000000e+03 5.863403258658976547e-02
9.648000000000000000e+03 5.890047890105604145e-02
9.649000000000000000e+03 5.915734622410839111e-02
9.650000000000000000e+03 5.940333136330566699e-02
9.651000000000000000e+03 5.963737771093141626e-02
9.652000000000000000e+03 5.985870378846246120e-02
9.653000000000000000e+03 6.006682281180733551e-02
9.654000000000000000e+03 6.026155951513716830e-02
9.655000000000000000e+03 6.044306980024463649e-02
9.656000000000000000e+03 6.061182777668055327e-02
9.657000000000000000e+03 6.076862509941308166e-02
9.658000000000000000e+03 6.091453053695362885e-02
9.659000000000000000e+03 6.105084391156041096e-02
9.660000000000000000e+03 6.117904923243959459e-02
9.661000000000000000e+03 6.130075118027215886e-02
9.662000000000000000e+03 6.141761240271192968e-02
9.663000000000000000e+03 6.153127142103578806e-02
9.664000000000000000e+03 6.164327883239457267e-02
9.665000000000000000e+03 6.175502523732289556e-02
9.666000000000000000e+03 6.186769444713678678e-02
9.667000000000000000e+03 6.198221462144860860e-02
9.668000000000000000e+03 6.209921832401450043e-02
9.669000000000000000e+03 6.221901990961115070e-02
9.670000000000000000e+03 6.234161791871913744e-02
9.671000000000000000e+03 6.246669642917992288e-02
9.672000000000000000e+03 6.259365025904733981e-02
9.673000000000000000e+03 6.272159761814392887e-02
9.674000000000000000e+03 6.284942267362729484e-02
9.675000000000000000e+03 6.297581134103628908e-02
9.676000000000000000e+03 6.309928861114699750e-02
9.677000000000000000e+03 6.321826387202533759e-02
9.678000000000000000e+03 6.333107606525534283e-02
9.679000000000000000e+03 6.343602963804725881e-02
9.680000000000000000e+03 6.353143690341277183e-02
9.681000000000000000e+03 6.361566393951623155e-02
9.682000000000000000e+03 6.368716109880091791e-02
9.683000000000000000e+03 6.374449211267621540e-02
9.684000000000000000e+03 6.378636144315578960e-02
9.685000000000000000e+03 6.381164335752477490e-02
9.686000000000000000e+03 6.381939946748665937e-02
9.687000000000000000e+03 6.380888576810782309e-02
9.688000000000000000e+03 6.377955752582915860e-02
9.689000000000000000e+03 6.373107995957924543e-02
9.690000000000000000e+03 6.366332351105170873e-02
9.691000000000000000e+03 6.357636072956478202e-02
9.692000000000000000e+03 6.347048234441990400e-02
9.693000000000000000e+03 6.334618627672658486e-02
9.694000000000000000e+03 6.320418025419624608e-02
9.695000000000000000e+03 6.304537689155755020e-02
9.696000000000000000e+03 6.287088660468444223e-02
9.697000000000000000e+03 6.268202720766452574e-02
9.698000000000000000e+03 6.248030079555242505e-02
9.699000000000000000e+03 6.226737468939577691e-02
9.700000000000000000e+03 6.204506659440946204e-02
9.701000000000000000e+03 6.181531201868176173e-02
9.702000000000000000e+03 6.158011797825423128e-02
9.703000000000000000e+03 6.134151280443998072e-02
9.704000000000000000e+03 6.110149648822167656e-02
9.705000000000000000e+03 6.086198638976952208e-02
9.706000000000000000e+03 6.062477130712307788e-02
9.707000000000000000e+03 6.039146804600679930e-02
9.708000000000000000e+03 6.016346930586953523e-02
9.709000000000000000e+03 5.994191231989737245e-02
9.710000000000000000e+03 5.972764219548841458e-02
9.711000000000000000e+03 5.952121549927790606e-02
9.712000000000000000e+03 5.932290179378046230e-02
9.713000000000000000e+03 5.913270402917276264e-02
9.714000000000000000e+03 5.895039761914196152e-02
9.715000000000000000e+03 5.877555973502002901e-02
9.716000000000000000e+03 5.860761442112917552e-02
9.717000000000000000e+03 5.844589184680716587e-02
9.718000000000000000e+03 5.828967933126290996e-02
9.719000000000000000e+03 5.813826746440507037e-02
9.720000000000000000e+03 5.799100040154496483e-02
9.721000000000000000e+03 5.784731795633281382e-02
9.722000000000000000e+03 5.770677962708292696e-02
9.723000000000000000e+03 5.756908258761010699e-02
9.724000000000000000e+03 5.743406970154520119e-02
9.725000000000000000e+03 5.730173943197529318e-02
9.726000000000000000e+03 5.717222467581129647e-02
9.727000000000000000e+03 5.704577424059355251e-02
9.728000000000000000e+03 5.692272860237998500e-02
9.729000000000000000e+03 5.680348610741305093e-02
9.730000000000000000e+03 5.668847730540809565e-02
9.731000000000000000e+03 5.657813989880092209e-02
9.732000000000000000e+03 5.647287720941188832e-02
9.733000000000000000e+03 5.637304706677005728e-02
9.734000000000000000e+03 5.627896032975882035e-02
9.735000000000000000e+03 5.619086831615094368e-02
9.736000000000000000e+03 5.610896100839558170e-02
9.737000000000000000e+03 5.603338658061034205e-02
9.738000000000000000e+03 5.596426605764991818e-02
9.739000000000000000e+03 5.590169791814282585e-02
9.740000000000000000e+03 5.584577034825795316e-02
9.741000000000000000e+03 5.579655933930680045e-02
9.742000000000000000e+03 5.575412331037855884e-02
9.743000000000000000e+03 5.571850731580785948e-02
9.744000000000000000e+03 5.568974202585056515e-02
9.745000000000000000e+03 5.566784449965105769e-02
9.746000000000000000e+03 5.565281221032604420e-02
9.747000000000000000e+03 5.564462224160776627e-02
9.748000000000000000e+03 5.564324616700710296e-02
9.749000000000000000e+03 5.564866358345165603e-02
9.750000000000000000e+03 5.566086576876984326e-02
9.751000000000000000e+03 5.567987530401543456e-02
9.752000000000000000e+03 5.570575589106712550e-02
9.753000000000000000e+03 5.573862107353340367e-02
9.754000000000000000e+03 5.577862403897054094e-02
9.755000000000000000e+03 5.582595017057560144e-02
9.756000000000000000e+03 5.588080663765406658e-02
9.757000000000000000e+03 5.594340750762032827e-02
9.758000000000000000e+03 5.601394716759273973e-02
9.759000000000000000e+03 5.609257583075037690e-02
9.760000000000000000e+03 5.617936959250408036e-02
9.761000000000000000e+03 5.627430349589292169e-02
9.762000000000000000e+03 5.637723327365266185e-02
9.763000000000000000e+03 5.648787807557664742e-02
9.764000000000000000e+03 5.660581872552293559e-02
9.765000000000000000e+03 5.673048711265826077e-02
9.766000000000000000e+03 5.686117081098925746e-02
9.767000000000000000e+03 5.699704087435392141e-02
9.768000000000000000e+03 5.713717166100115707e-02
9.769000000000000000e+03 5.728056197274906947e-02
9.770000000000000000e+03 5.742617749523344639e-02
9.771000000000000000e+03 5.757297342922223365e-02
9.772000000000000000e+03 5.771993717641521471e-02
9.773000000000000000e+03 5.786611039652357624e-02
9.774000000000000000e+03 5.801060988125060491e-02
9.775000000000000000e+03 5.815263319519266283e-02
9.776000000000000000e+03 5.829147229214964171e-02
9.777000000000000000e+03 5.842650740211133981e-02
9.778000000000000000e+03 5.855718873272428709e-02
9.779000000000000000e+03 5.868301645907987585e-02
9.780000000000000000e+03 5.880351842730158207e-02
9.781000000000000000e+03 5.891822483604345490e-02
9.782000000000000000e+03 5.902665712322241465e-02
9.783000000000000000e+03 5.912832678756219790e-02
9.784000000000000000e+03 5.922272600281140720e-02
9.785000000000000000e+03 5.930933530604128034e-02
9.786000000000000000e+03 5.938764827821145509e-02
9.787000000000000000e+03 5.945719221330750259e-02
9.788000000000000000e+03 5.951755327715428645e-02
9.789000000000000000e+03 5.956840366375487639e-02
9.790000000000000000e+03 5.960951396482639525e-02
9.791000000000000000e+03 5.964075366016665519e-02
9.792000000000000000e+03 5.966210183045074500e-02
9.793000000000000000e+03 5.967362978410325342e-02
9.794000000000000000e+03 5.967548688062681433e-02
9.795000000000000000e+03 5.966787367784146673e-02
9.796000000000000000e+03 5.965102160111003526e-02
9.797000000000000000e+03 5.962517249854350221e-02
9.798000000000000000e+03 5.959055449798375537e-02
9.799000000000000000e+03 5.954737137665859492e-02
9.800000000000000000e+03 5.949579294659868012e-02
9.801000000000000000e+03 5.943597302112524350e-02
9.802000000000000000e+03 5.936807143608753556e-02
9.803000000000000000e+03 5.929225967065063219e-02
9.804000000000000000e+03 5.920874436398292778e-02
9.805000000000000000e+03 5.911779533785981727e-02
9.806000000000000000e+03 5.901976034509924529e-02
9.807000000000000000e+03 5.891507927893759045e-02
9.808000000000000000e+03 5.880428984484040167e-02
9.809000000000000000e+03 5.868802414342284141e-02
9.810000000000000000e+03 5.856698565476026880e-02
9.811000000000000000e+03 5.844193567300985659e-02
9.812000000000000000e+03 5.831365896349414296e-02
9.813000000000000000e+03 5.818292623432863575e-02
9.814000000000000000e+03 5.805047291579772811e-02
9.815000000000000000e+03 5.791696295659845561e-02
9.816000000000000000e+03 5.778296108707341866e-02
9.817000000000000000e+03 5.764891308311031332e-02
9.818000000000000000e+03 5.751513717839428635e-02
9.819000000000000000e+03 5.738182047524963136e-02
9.820000000000000000e+03 5.724904440546452200e-02
9.821000000000000000e+03 5.711680481486341998e-02
9.822000000000000000e+03 5.698504712187354992e-02
9.823000000000000000e+03 5.685370120592817683e-02
9.824000000000000000e+03 5.672272512807133987e-02
9.825000000000000000e+03 5.659213618333320400e-02
9.826000000000000000e+03 5.646204510696332945e-02
9.827000000000000000e+03 5.633268703738805727e-02
9.828000000000000000e+03 5.620441732663006285e-02
9.829000000000000000e+03 5.607772024589040977e-02
9.830000000000000000e+03 5.595319874688988587e-02
9.831000000000000000e+03 5.583155836470614364e-02
9.832000000000000000e+03 5.571357676033565631e-02
9.833000000000000000e+03 5.560006906121486847e-02
9.834000000000000000e+03 5.549187322952403578e-02
9.835000000000000000e+03 5.538981335420053997e-02
9.836000000000000000e+03 5.529467453949535316e-02
9.837000000000000000e+03 5.520717915751413574e-02
9.838000000000000000e+03 5.512797456380145317e-02
9.839000000000000000e+03 5.505761473434299391e-02
9.840000000000000000e+03 5.499654601582198293e-02
9.841000000000000000e+03 5.494511524035940175e-02
9.842000000000000000e+03 5.490357425468656710e-02
9.843000000000000000e+03 5.487208933028353552e-02
9.844000000000000000e+03 5.485072634646417228e-02
9.845000000000000000e+03 5.483944776773353597e-02
9.846000000000000000e+03 5.483810535050720469e-02
9.847000000000000000e+03 5.484644894403704202e-02
9.848000000000000000e+03 5.486410576555800916e-02
9.849000000000000000e+03 5.489058269900885800e-02
9.850000000000000000e+03 5.492526652510993507e-02
9.851000000000000000e+03 5.496743579422767867e-02
9.852000000000000000e+03 5.501627315408078034e-02
9.853000000000000000e+03 5.507087752926546897e-02
9.854000000000000000e+03 5.513028508987746767e-02
9.855000000000000000e+03 5.519350238940416015e-02
9.856000000000000000e+03 5.525952939732799163e-02
9.857000000000000000e+03 5.532739726130206370e-02
9.858000000000000000e+03 5.539620432056403809e-02
9.859000000000000000e+03 5.546514071670358842e-02
9.860000000000000000e+03 5.553350095098637251e-02
9.861000000000000000e+03 5.560070163940518395e-02
9.862000000000000000e+03 5.566629804833176515e-02
9.863000000000000000e+03 5.572998740966573356e-02
9.864000000000000000e+03 5.579160621786266594e-02
9.865000000000000000e+03 5.585112439047157373e-02
9.866000000000000000e+03 5.590861724639516195e-02
9.867000000000000000e+03 5.596425621589645738e-02
9.868000000000000000e+03 5.601826711794458125e-02
9.869000000000000000e+03 5.607092047225953335e-02
9.870000000000000000e+03 5.612249946163294645e-02
9.871000000000000000e+03 5.617326773306380305e-02
9.872000000000000000e+03 5.622344904941919269e-02
9.873000000000000000e+03 5.627321561195135907e-02
9.874000000000000000e+03 5.632267232044681909e-02
9.875000000000000000e+03 5.637185499785603293e-02
9.876000000000000000e+03 5.642072006959335251e-02
9.877000000000000000e+03 5.646914365027075333e-02
9.878000000000000000e+03 5.651694324390044849e-02
9.879000000000000000e+03 5.656388986295669136e-02
9.880000000000000000e+03 5.660972049143419421e-02
9.881000000000000000e+03 5.665417226980466736e-02
9.882000000000000000e+03 5.669700957398223634e-02
9.883000000000000000e+03 5.673803989582334312e-02
9.884000000000000000e+03 5.677714439670344254e-02
9.885000000000000000e+03 5.681430261351871208e-02
9.886000000000000000e+03 5.684961683789641063e-02
9.887000000000000000e+03 5.688331270677941809e-02
9.888000000000000000e+03 5.691574937746844698e-02
9.889000000000000000e+03 5.694742379913599051e-02
9.890000000000000000e+03 5.697895980854474074e-02
9.891000000000000000e+03 5.701108459905507991e-02
9.892000000000000000e+03 5.704462129673813081e-02
9.893000000000000000e+03 5.708045491764154183e-02
9.894000000000000000e+03 5.711950788543052049e-02
9.895000000000000000e+03 5.716269214571264440e-02
9.896000000000000000e+03 5.721088365164673367e-02
9.897000000000000000e+03 5.726489601136779128e-02
9.898000000000000000e+03 5.732543703895374987e-02
9.899000000000000000e+03 5.739307138016731813e-02
9.900000000000000000e+03 5.746820510493018397e-02
9.901000000000000000e+03 5.755106033472302124e-02
9.902000000000000000e+03 5.764166840914841661e-02
9.903000000000000000e+03 5.773986062049512452e-02
9.904000000000000000e+03 5.784527718052438761e-02
9.905000000000000000e+03 5.795736871859972356e-02
9.906000000000000000e+03 5.807541764158498376e-02
9.907000000000000000e+03 5.819854342833097327e-02
9.908000000000000000e+03 5.832571790232646963e-02
9.909000000000000000e+03 5.845579312053131305e-02
9.910000000000000000e+03 5.858751897118489455e-02
9.911000000000000000e+03 5.871956476430099936e-02
9.912000000000000000e+03 5.885054586743958954e-02
9.913000000000000000e+03 5.897903652156145926e-02
9.914000000000000000e+03 5.910360191235556476e-02
9.915000000000000000e+03 5.922282691154798218e-02
9.916000000000000000e+03 5.933535437691160597e-02
9.917000000000000000e+03 5.943990688257368843e-02
9.918000000000000000e+03 5.953529951366555439e-02
9.919000000000000000e+03 5.962046648884918032e-02
9.920000000000000000e+03 5.969448271273029849e-02
9.921000000000000000e+03 5.975656710312304831e-02
9.922000000000000000e+03 5.980608757112836765e-02
9.923000000000000000e+03 5.984257212138206772e-02
9.924000000000000000e+03 5.986570501147390339e-02
9.925000000000000000e+03 5.987532875535811483e-02
9.926000000000000000e+03 5.987143901807910618e-02
9.927000000000000000e+03 5.985417004492733090e-02
9.928000000000000000e+03 5.982378341027839302e-02
9.929000000000000000e+03 5.978063103045677673e-02
9.930000000000000000e+03 5.972514158856535166e-02
9.931000000000000000e+03 5.965780231559602437e-02
9.932000000000000000e+03 5.957913577541699979e-02
9.933000000000000000e+03 5.948967635635767776e-02
9.934000000000000000e+03 5.938996073114785612e-02
9.935000000000000000e+03 5.928052651579049370e-02
9.936000000000000000e+03 5.916191772609032812e-02
9.937000000000000000e+03 5.903469365301602240e-02
9.938000000000000000e+03 5.889944143715636349e-02
9.939000000000000000e+03 5.875678826580484071e-02
9.940000000000000000e+03 5.860741213938842897e-02
9.941000000000000000e+03 5.845205421287699016e-02
9.942000000000000000e+03 5.829150471108345000e-02
9.943000000000000000e+03 5.812660393938666459e-02
9.944000000000000000e+03 5.795822199981474909e-02
9.945000000000000000e+03 5.778724458489302440e-02
9.946000000000000000e+03 5.761454798200204425e-02
9.947000000000000000e+03 5.744098363105393235e-02
9.948000000000000000e+03 5.726736342412357128e-02
9.949000000000000000e+03 5.709444560416693237e-02
9.950000000000000000e+03 5.692294402732767100e-02
9.951000000000000000e+03 5.675353057904859028e-02
9.952000000000000000e+03 5.658683208837887724e-02
9.953000000000000000e+03 5.642344779281276146e-02
9.954000000000000000e+03 5.626395404695713753e-02
9.955000000000000000e+03 5.610891780798565875e-02
9.956000000000000000e+03 5.595889606772176672e-02
9.957000000000000000e+03 5.581442517411576432e-02
9.958000000000000000e+03 5.567601085092824253e-02
9.959000000000000000e+03 5.554412565351264652e-02
9.960000000000000000e+03 5.541919790100639093e-02
9.961000000000000000e+03 5.530159204185458588e-02
9.962000000000000000e+03 5.519159298850228462e-02
9.963000000000000000e+03 5.508939972481290137e-02
9.964000000000000000e+03 5.499512529974352054e-02
9.965000000000000000e+03 5.490878576015368467e-02
9.966000000000000000e+03 5.483031273715325421e-02
9.967000000000000000e+03 5.475956619066228714e-02
9.968000000000000000e+03 5.469634902188552639e-02
9.969000000000000000e+03 5.464041943381461874e-02
9.970000000000000000e+03 5.459149995349753259e-02
9.971000000000000000e+03 5.454930315399111190e-02
9.972000000000000000e+03 5.451355292497168936e-02
9.973000000000000000e+03 5.448400136327862658e-02
9.974000000000000000e+03 5.446045176056784481e-02
9.975000000000000000e+03 5.444276637722893913e-02
9.976000000000000000e+03 5.443086816389475224e-02
9.977000000000000000e+03 5.442474307367210773e-02
9.978000000000000000e+03 5.442443388329585435e-02
9.979000000000000000e+03 5.443001715406145524e-02
9.980000000000000000e+03 5.444159895606873190e-02
9.981000000000000000e+03 5.445929599023778545e-02
9.982000000000000000e+03 5.448320408346466609e-02
9.983000000000000000e+03 5.451337091990336031e-02
9.984000000000000000e+03 5.454977719787509893e-02
9.985000000000000000e+03 5.459231388314215311e-02
9.986000000000000000e+03 5.464077490100912454e-02
9.987000000000000000e+03 5.469485185917275644e-02
9.988000000000000000e+03 5.475413999780802399e-02
9.989000000000000000e+03 5.481814849212164609e-02
9.990000000000000000e+03 5.488630969279838234e-02
9.991000000000000000e+03 5.495800333441478586e-02
9.992000000000000000e+03 5.503258183940259313e-02
9.993000000000000000e+03 5.510939220482262424e-02
9.994000000000000000e+03 5.518780445010883912e-02
9.995000000000000000e+03 5.526723844303806088e-02
9.996000000000000000e+03 5.534717876911438017e-02
9.997000000000000000e+03 5.542720993933092366e-02
9.998000000000000000e+03 5.550703187741237027e-02
9.999000000000000000e+03 5.558646798852340254e-02
1.000000000000000000e+04 5.566546836232223738e-02
