# time_fs vacf
0.000000000000000000e+00 5.079867637519591353e-05
1.000000000000000000e+00 5.071213307949785931e-05
2.000000000000000000e+00 5.045284538975473198e-05
3.000000000000000000e+00 5.002225489423079330e-05
4.000000000000000000e+00 4.942275018562463485e-05
5.000000000000000000e+00 4.865764315038058699e-05
6.000000000000000000e+00 4.773113649090115611e-05
7.000000000000000000e+00 4.664828317114371722e-05
8.000000000000000000e+00 4.541493853217594222e-05
9.000000000000000000e+00 4.403770606416111601e-05
1.000000000000000000e+01 4.252387780519958070e-05
1.100000000000000000e+01 4.088137040623298577e-05
1.200000000000000000e+01 3.911865790285179955e-05
1.300000000000000000e+01 3.724470216589815001e-05
1.400000000000000000e+01 3.526888206108265054e-05
1.500000000000000000e+01 3.320092219751223639e-05
1.600000000000000000e+01 3.105082207666858864e-05
1.700000000000000000e+01 2.882878635703891817e-05
1.800000000000000000e+01 2.654515685788984375e-05
1.900000000000000000e+01 2.421034679660550491e-05
2.000000000000000000e+01 2.183477774541670526e-05
2.100000000000000000e+01 1.942881969115739543e-05
2.200000000000000000e+01 1.700273438719966364e-05
2.300000000000000000e+01 1.456662221805954083e-05
2.400000000000000000e+01 1.213037271412047250e-05
2.500000000000000000e+01 9.703618845994749781e-06
2.600000000000000000e+01 7.295695068940523982e-06
2.700000000000000000e+01 4.915599155397657831e-06
2.800000000000000000e+01 2.571957764682714271e-06
2.900000000000000000e+01 2.729956960530023196e-07
3.000000000000000000e+01 -1.973491265488059333e-06
3.100000000000000000e+01 -4.160159963700310881e-06
3.200000000000000000e+01 -6.280140060047907619e-06
3.300000000000000000e+01 -8.327050958240038599e-06
3.400000000000000000e+01 -1.029501550184784770e-05
3.500000000000000000e+01 -1.217867062233464272e-05
3.600000000000000000e+01 -1.397317501940769179e-05
3.700000000000000000e+01 -1.567421396938436148e-05
3.800000000000000000e+01 -1.727800149590906162e-05
3.900000000000000000e+01 -1.878127986469040796e-05
4.000000000000000000e+01 -2.018131667411234996e-05
4.100000000000000000e+01 -2.147589961629583214e-05
4.200000000000000000e+01 -2.266332900395363775e-05
4.300000000000000000e+01 -2.374240826435108183e-05
4.400000000000000000e+01 -2.471243250824512339e-05
4.500000000000000000e+01 -2.557317535186580347e-05
4.600000000000000000e+01 -2.632487407055052430e-05
4.700000000000000000e+01 -2.696821327892785734e-05
4.800000000000000000e+01 -2.750430727976898825e-05
4.900000000000000000e+01 -2.793468122981625088e-05
5.000000000000000000e+01 -2.826125120919995598e-05
5.100000000000000000e+01 -2.848630332265601208e-05
5.200000000000000000e+01 -2.861247204769685654e-05
5.300000000000000000e+01 -2.864271787807075442e-05
5.400000000000000000e+01 -2.858030438461968973e-05
5.500000000000000000e+01 -2.842877481334845627e-05
5.600000000000000000e+01 -2.819192829205864089e-05
5.700000000000000000e+01 -2.787379577110224774e-05
5.800000000000000000e+01 -2.747861579610434506e-05
5.900000000000000000e+01 -2.701081013928747647e-05
6.000000000000000000e+01 -2.647495946938421333e-05
6.100000000000000000e+01 -2.587577908821036321e-05
6.200000000000000000e+01 -2.521809480540361767e-05
6.300000000000000000e+01 -2.450681902183635271e-05
6.400000000000000000e+01 -2.374692712252624837e-05
6.500000000000000000e+01 -2.294343421016746922e-05
6.600000000000000000e+01 -2.210137224296269504e-05
6.700000000000000000e+01 -2.122576765851786273e-05
6.800000000000000000e+01 -2.032161951922547820e-05
6.900000000000000000e+01 -1.939387824769570745e-05
7.000000000000000000e+01 -1.844742501192053250e-05
7.100000000000000000e+01 -1.748705177662175460e-05
7.200000000000000000e+01 -1.651744212146974609e-05
7.300000000000000000e+01 -1.554315291043957979e-05
7.400000000000000000e+01 -1.456859677429492850e-05
7.500000000000000000e+01 -1.359802553709666750e-05
7.600000000000000000e+01 -1.263551459133341045e-05
7.700000000000000000e+01 -1.168494836590405577e-05
7.800000000000000000e+01 -1.075000687331681853e-05
7.900000000000000000e+01 -9.834153424189098660e-06
8.000000000000000000e+01 -8.940623524359103637e-06
8.100000000000000000e+01 -8.072414964376382969e-06
8.200000000000000000e+01 -7.232279330426016457e-06
8.300000000000000000e+01 -6.422714738695504079e-06
8.400000000000000000e+01 -5.645959953968187162e-06
8.500000000000000000e+01 -4.903989939759343866e-06
8.600000000000000000e+01 -4.198512805766997106e-06
8.700000000000000000e+01 -3.530968185423221547e-06
8.800000000000000000e+01 -2.902526995753625055e-06
8.900000000000000000e+01 -2.314092703041076336e-06
9.000000000000000000e+01 -1.766303961633714055e-06
9.100000000000000000e+01 -1.259538678457901442e-06
9.200000000000000000e+01 -7.939194049291294054e-07
9.300000000000000000e+01 -3.693200715409628002e-07
9.400000000000000000e+01 1.462596178255945180e-08
9.500000000000000000e+01 3.585166544103425659e-07
9.600000000000000000e+01 6.631708652229944891e-07
9.700000000000000000e+01 9.296168131392297325e-07
9.800000000000000000e+01 1.159079564453946165e-06
9.900000000000000000e+01 1.352967620602367765e-06
1.000000000000000000e+02 1.512858600055904081e-06
1.010000000000000000e+02 1.640484242220008991e-06
1.020000000000000000e+02 1.737714755263737212e-06
1.030000000000000000e+02 1.806542655015464729e-06
1.040000000000000000e+02 1.849066223502427741e-06
1.050000000000000000e+02 1.867472615712076024e-06
1.060000000000000000e+02 1.864020813428318590e-06
1.070000000000000000e+02 1.841024507391055942e-06
1.080000000000000000e+02 1.800835004397277199e-06
1.090000000000000000e+02 1.745824288660531422e-06
1.100000000000000000e+02 1.678368381244865013e-06
1.110000000000000000e+02 1.600830993888626153e-06
1.120000000000000000e+02 1.515547718634967895e-06
1.130000000000000000e+02 1.424810706527566614e-06
1.140000000000000000e+02 1.330854001688692569e-06
1.150000000000000000e+02 1.235839618521271300e-06
1.160000000000000000e+02 1.141844419988328315e-06
1.170000000000000000e+02 1.050847842715168417e-06
1.180000000000000000e+02 9.647205180027962131e-07
1.190000000000000000e+02 8.852138865303974052e-07
1.200000000000000000e+02 8.139508541537753180e-07
1.210000000000000000e+02 7.524174565559437156e-07
1.220000000000000000e+02 7.019556142981078909e-07
1.230000000000000000e+02 6.637570108785299888e-07
1.240000000000000000e+02 6.388580816403101277e-07
1.250000000000000000e+02 6.281361441254236627e-07
1.260000000000000000e+02 6.323066398640893447e-07
1.270000000000000000e+02 6.519215329937585643e-07
1.280000000000000000e+02 6.873688506921806644e-07
1.290000000000000000e+02 7.388732983245915459e-07
1.300000000000000000e+02 8.064979723984220415e-07
1.310000000000000000e+02 8.901471465341194785e-07
1.320000000000000000e+02 9.895700397410567068e-07
1.330000000000000000e+02 1.104365543521883059e-06
1.340000000000000000e+02 1.233987889530965110e-06
1.350000000000000000e+02 1.377753189742642581e-06
1.360000000000000000e+02 1.534846743640997212e-06
1.370000000000000000e+02 1.704331084445844504e-06
1.380000000000000000e+02 1.885154686976504813e-06
1.390000000000000000e+02 2.076161300641357183e-06
1.400000000000000000e+02 2.276099764041958727e-06
1.410000000000000000e+02 2.483634280728438250e-06
1.420000000000000000e+02 2.697355067781602994e-06
1.430000000000000000e+02 2.915789297082545190e-06
1.440000000000000000e+02 3.137412257975507214e-06
1.450000000000000000e+02 3.360658714279944196e-06
1.460000000000000000e+02 3.583934319634321569e-06
1.470000000000000000e+02 3.805627043628229076e-06
1.480000000000000000e+02 4.024118609170297874e-06
1.490000000000000000e+02 4.237795757998592622e-06
1.500000000000000000e+02 4.445061352074421587e-06
1.510000000000000000e+02 4.644345223243661716e-06
1.520000000000000000e+02 4.834114695818986480e-06
1.530000000000000000e+02 5.012884806568041519e-06
1.540000000000000000e+02 5.179228082228528126e-06
1.550000000000000000e+02 5.331783875122482218e-06
1.560000000000000000e+02 5.469267143605136660e-06
1.570000000000000000e+02 5.590476705831883526e-06
1.580000000000000000e+02 5.694302881004561720e-06
1.590000000000000000e+02 5.779734534326600687e-06
1.600000000000000000e+02 5.845865412876626275e-06
1.610000000000000000e+02 5.891899823342064268e-06
1.620000000000000000e+02 5.917157554094414364e-06
1.630000000000000000e+02 5.921078103175493182e-06
1.640000000000000000e+02 5.903224101923025087e-06
1.650000000000000000e+02 5.863283977969842611e-06
1.660000000000000000e+02 5.801073829621841685e-06
1.670000000000000000e+02 5.716538466036533182e-06
1.680000000000000000e+02 5.609751718004693874e-06
1.690000000000000000e+02 5.480915920950040256e-06
1.700000000000000000e+02 5.330360613580158264e-06
1.710000000000000000e+02 5.158540464836617053e-06
1.720000000000000000e+02 4.966032465068459639e-06
1.730000000000000000e+02 4.753532391123671648e-06
1.740000000000000000e+02 4.521850549099684702e-06
1.750000000000000000e+02 4.271906842691649585e-06
1.760000000000000000e+02 4.004725213777602339e-06
1.770000000000000000e+02 3.721427518231085135e-06
1.780000000000000000e+02 3.423226862723717584e-06
1.790000000000000000e+02 3.111420355668642953e-06
1.800000000000000000e+02 2.787381470891714889e-06
1.810000000000000000e+02 2.452551965690415453e-06
1.820000000000000000e+02 2.108433504023389537e-06
1.830000000000000000e+02 1.756578888345528152e-06
1.840000000000000000e+02 1.398583079446529478e-06
1.850000000000000000e+02 1.036074049702970546e-06
1.860000000000000000e+02 6.707034408475970465e-07
1.870000000000000000e+02 3.041371792034432384e-07
1.880000000000000000e+02 -6.195396515567779228e-08
1.890000000000000000e+02 -4.259038054494811642e-07
1.900000000000000000e+02 -7.860600931632045669e-07
1.910000000000000000e+02 -1.140793678593362343e-06
1.920000000000000000e+02 -1.488507530484763116e-06
1.930000000000000000e+02 -1.827645505784189545e-06
1.940000000000000000e+02 -2.156700844625965527e-06
1.950000000000000000e+02 -2.474224295564289219e-06
1.960000000000000000e+02 -2.778831849079448083e-06
1.970000000000000000e+02 -3.069212056684774349e-06
1.980000000000000000e+02 -3.344132888204476046e-06
1.990000000000000000e+02 -3.602447981273533094e-06
2.000000000000000000e+02 -3.843102428254660047e-06
2.010000000000000000e+02 -4.065137973386093549e-06
2.020000000000000000e+02 -4.267697582399247010e-06
2.030000000000000000e+02 -4.450029442120442611e-06
2.040000000000000000e+02 -4.611490327881599493e-06
2.050000000000000000e+02 -4.751548309758642479e-06
2.060000000000000000e+02 -4.869784822080916789e-06
2.070000000000000000e+02 -4.965896097495165185e-06
2.080000000000000000e+02 -5.039694009647873455e-06
2.090000000000000000e+02 -5.091106231528241614e-06
2.100000000000000000e+02 -5.120175756384344010e-06
2.110000000000000000e+02 -5.127059827514579789e-06
2.120000000000000000e+02 -5.112028228473041479e-06
2.130000000000000000e+02 -5.075460995547120614e-06
2.140000000000000000e+02 -5.017845584863901421e-06
2.150000000000000000e+02 -4.939773427400498325e-06
2.160000000000000000e+02 -4.841935960010076483e-06
2.170000000000000000e+02 -4.725120140366637874e-06
2.180000000000000000e+02 -4.590203489641579136e-06
2.190000000000000000e+02 -4.438148665849383194e-06
2.200000000000000000e+02 -4.269997606301469810e-06
2.210000000000000000e+02 -4.086865301979967160e-06
2.220000000000000000e+02 -3.889933198817223481e-06
2.230000000000000000e+02 -3.680442299128881326e-06
2.240000000000000000e+02 -3.459685979044464734e-06
2.250000000000000000e+02 -3.229002569842384243e-06
2.260000000000000000e+02 -2.989767773512160204e-06
2.270000000000000000e+02 -2.743386938186055565e-06
2.280000000000000000e+02 -2.491287248041596609e-06
2.290000000000000000e+02 -2.234909845128560979e-06
2.300000000000000000e+02 -1.975701929227648680e-06
2.310000000000000000e+02 -1.715108940843065792e-06
2.320000000000000000e+02 -1.454566789248802938e-06
2.330000000000000000e+02 -1.195494166760016238e-06
2.340000000000000000e+02 -9.392850675536097109e-07
2.350000000000000000e+02 -6.873014938537605954e-07
2.360000000000000000e+02 -4.408664175406990109e-07
2.370000000000000000e+02 -2.012569891758588894e-07
2.380000000000000000e+02 3.030192525147281406e-08
2.390000000000000000e+02 2.526438540776792430e-07
2.400000000000000000e+02 4.646664850186555820e-07
2.410000000000000000e+02 6.653369765800393640e-07
2.420000000000000000e+02 8.536968790518716449e-07
2.430000000000000000e+02 1.028866592456404380e-06
2.440000000000000000e+02 1.190049315034036638e-06
2.450000000000000000e+02 1.336534538015990250e-06
2.460000000000000000e+02 1.467701023174815688e-06
2.470000000000000000e+02 1.583019258292979702e-06
2.480000000000000000e+02 1.682053351312359106e-06
2.490000000000000000e+02 1.764462437100789732e-06
2.500000000000000000e+02 1.830001558040625171e-06
2.510000000000000000e+02 1.878522015999767830e-06
2.520000000000000000e+02 1.909971166389198660e-06
2.530000000000000000e+02 1.924391746007095671e-06
2.540000000000000000e+02 1.921920707320343219e-06
2.550000000000000000e+02 1.902787536918624505e-06
2.560000000000000000e+02 1.867312125213888037e-06
2.570000000000000000e+02 1.815902182878496756e-06
2.580000000000000000e+02 1.749050233890657797e-06
2.590000000000000000e+02 1.667330139894964917e-06
2.600000000000000000e+02 1.571393251272398680e-06
2.610000000000000000e+02 1.461964194032715870e-06
2.620000000000000000e+02 1.339836306081002031e-06
2.630000000000000000e+02 1.205866727034424977e-06
2.640000000000000000e+02 1.060971216345594387e-06
2.650000000000000000e+02 9.061187224384328692e-07
2.660000000000000000e+02 7.423256949994353514e-07
2.670000000000000000e+02 5.706502574020477589e-07
2.680000000000000000e+02 3.921861909153449531e-07
2.690000000000000000e+02 2.080568760817916670e-07
2.700000000000000000e+02 1.940909400406611762e-08
2.710000000000000000e+02 -1.725932046085060485e-07
2.720000000000000000e+02 -3.667751356890681190e-07
2.730000000000000000e+02 -5.619570894848316660e-07
2.740000000000000000e+02 -7.569608888011675046e-07
2.750000000000000000e+02 -9.506158540442637913e-07
2.760000000000000000e+02 -1.141764777436652941e-06
2.770000000000000000e+02 -1.329269781831168328e-06
2.780000000000000000e+02 -1.512017962660455969e-06
2.790000000000000000e+02 -1.688926883719214874e-06
2.800000000000000000e+02 -1.858949831796510319e-06
2.810000000000000000e+02 -2.021080816940902712e-06
2.820000000000000000e+02 -2.174359369346774214e-06
2.830000000000000000e+02 -2.317875040038420522e-06
2.840000000000000000e+02 -2.450771562007448248e-06
2.850000000000000000e+02 -2.572250676082249161e-06
2.860000000000000000e+02 -2.681575667885722673e-06
2.870000000000000000e+02 -2.778074484359919447e-06
2.880000000000000000e+02 -2.861142567468252893e-06
2.890000000000000000e+02 -2.930245227567375459e-06
2.900000000000000000e+02 -2.984919656074536933e-06
2.910000000000000000e+02 -3.024776591239402566e-06
2.920000000000000000e+02 -3.049501540460571476e-06
2.930000000000000000e+02 -3.058855666414872883e-06
2.940000000000000000e+02 -3.052676249691355215e-06
2.950000000000000000e+02 -3.030876751662711496e-06
2.960000000000000000e+02 -2.993446581065745737e-06
2.970000000000000000e+02 -2.940450388869411214e-06
2.980000000000000000e+02 -2.872027078890975281e-06
2.990000000000000000e+02 -2.788388422599748444e-06
3.000000000000000000e+02 -2.689817379046755057e-06
3.010000000000000000e+02 -2.576666077562093513e-06
3.020000000000000000e+02 -2.449353474568930645e-06
3.030000000000000000e+02 -2.308362744210157510e-06
3.040000000000000000e+02 -2.154238394745492540e-06
3.050000000000000000e+02 -1.987583089860188424e-06
3.060000000000000000e+02 -1.809054260637309983e-06
3.070000000000000000e+02 -1.619360489886907278e-06
3.080000000000000000e+02 -1.419257682680829334e-06
3.090000000000000000e+02 -1.209545078830296702e-06
3.100000000000000000e+02 -9.910610878738933224e-07
3.110000000000000000e+02 -7.646790177255875568e-07
3.120000000000000000e+02 -5.313026865801637844e-07
3.130000000000000000e+02 -2.918619539510380166e-07
3.140000000000000000e+02 -4.730812606032185795e-08
3.150000000000000000e+02 2.013906188828710144e-07
3.160000000000000000e+02 4.532538650343807001e-07
3.170000000000000000e+02 7.072935609931100515e-07
3.180000000000000000e+02 9.625186466048882281e-07
3.190000000000000000e+02 1.217939590292659896e-06
3.200000000000000000e+02 1.472572881322734461e-06
3.210000000000000000e+02 1.725445442483738311e-06
3.220000000000000000e+02 1.975598971150808242e-06
3.230000000000000000e+02 2.222094126006942228e-06
3.240000000000000000e+02 2.464014592222815439e-06
3.250000000000000000e+02 2.700470989037505694e-06
3.260000000000000000e+02 2.930604626811382174e-06
3.270000000000000000e+02 3.153591062084442142e-06
3.280000000000000000e+02 3.368643425545315686e-06
3.290000000000000000e+02 3.575015552818205615e-06
3.300000000000000000e+02 3.772004869323446977e-06
3.310000000000000000e+02 3.958955042299038090e-06
3.320000000000000000e+02 4.135258336761997283e-06
3.330000000000000000e+02 4.300357751617063604e-06
3.340000000000000000e+02 4.453748854783368892e-06
3.350000000000000000e+02 4.594981328944833147e-06
3.360000000000000000e+02 4.723660255890385482e-06
3.370000000000000000e+02 4.839447052415860772e-06
3.380000000000000000e+02 4.942060159367312110e-06
3.390000000000000000e+02 5.031275457185430569e-06
3.400000000000000000e+02 5.106926360142442230e-06
3.410000000000000000e+02 5.168903649437427902e-06
3.420000000000000000e+02 5.217155066623433244e-06
3.430000000000000000e+02 5.251684586050377112e-06
3.440000000000000000e+02 5.272551456372139070e-06
3.450000000000000000e+02 5.279868967034057316e-06
3.460000000000000000e+02 5.273802995651793733e-06
3.470000000000000000e+02 5.254570307102426212e-06
3.480000000000000000e+02 5.222436622829966331e-06
3.490000000000000000e+02 5.177714493747063948e-06
3.500000000000000000e+02 5.120760949466006893e-06
3.510000000000000000e+02 5.051975003576851602e-06
3.520000000000000000e+02 4.971794975542443784e-06
3.530000000000000000e+02 4.880695656497471808e-06
3.540000000000000000e+02 4.779185354769223591e-06
3.550000000000000000e+02 4.667802850867172403e-06
3.560000000000000000e+02 4.547114230427047122e-06
3.570000000000000000e+02 4.417709681051565604e-06
3.580000000000000000e+02 4.280200224427202844e-06
3.590000000000000000e+02 4.135214441661265068e-06
3.600000000000000000e+02 3.983395191968760767e-06
3.610000000000000000e+02 3.825396351601193321e-06
3.620000000000000000e+02 3.661879562518129436e-06
3.630000000000000000e+02 3.493511033468374268e-06
3.640000000000000000e+02 3.320958432962620370e-06
3.650000000000000000e+02 3.144887854426187529e-06
3.660000000000000000e+02 2.965960924650604929e-06
3.670000000000000000e+02 2.784831969535379700e-06
3.680000000000000000e+02 2.602145329461448344e-06
3.690000000000000000e+02 2.418532760928569660e-06
3.700000000000000000e+02 2.234611072539204757e-06
3.710000000000000000e+02 2.050979881705243130e-06
3.720000000000000000e+02 1.868219510015822793e-06
3.730000000000000000e+02 1.686889073723648793e-06
3.740000000000000000e+02 1.507524767484109951e-06
3.750000000000000000e+02 1.330638274950680923e-06
3.760000000000000000e+02 1.156715366803616496e-06
3.770000000000000000e+02 9.862146173562878465e-07
3.780000000000000000e+02 8.195663503131254958e-07
3.790000000000000000e+02 6.571717307487677848e-07
3.800000000000000000e+02 4.994019938395825134e-07
3.810000000000000000e+02 3.465978486730414435e-07
3.820000000000000000e+02 1.990689973869229129e-07
3.830000000000000000e+02 5.709381313288683493e-08
3.840000000000000000e+02 -7.908085279854157926e-08
3.850000000000000000e+02 -2.092397214511053227e-07
3.860000000000000000e+02 -3.331989774738895633e-07
3.870000000000000000e+02 -4.508060682676878508e-07
3.880000000000000000e+02 -5.619393721988151098e-07
3.890000000000000000e+02 -6.665076953450025086e-07
3.900000000000000000e+02 -7.644497033195179015e-07
3.910000000000000000e+02 -8.557332035688719585e-07
3.920000000000000000e+02 -9.403543660114364090e-07
3.930000000000000000e+02 -1.018336773601322605e-06
3.940000000000000000e+02 -1.089730430986742114e-06
3.950000000000000000e+02 -1.154610683299563184e-06
3.960000000000000000e+02 -1.213077045344125487e-06
3.970000000000000000e+02 -1.265251943975073026e-06
3.980000000000000000e+02 -1.311279435217408253e-06
3.990000000000000000e+02 -1.351323845559852016e-06
4.000000000000000000e+02 -1.385568346613320537e-06
4.010000000000000000e+02 -1.414213507928215469e-06
4.020000000000000000e+02 -1.437475837122088488e-06
4.030000000000000000e+02 -1.455586261372991080e-06
4.040000000000000000e+02 -1.468788609180798860e-06
4.050000000000000000e+02 -1.477338080230257743e-06
4.060000000000000000e+02 -1.481499693189252541e-06
4.070000000000000000e+02 -1.481546767213667502e-06
4.080000000000000000e+02 -1.477759409889849291e-06
4.090000000000000000e+02 -1.470422961044614603e-06
4.100000000000000000e+02 -1.459826511157973246e-06
4.110000000000000000e+02 -1.446261449317102080e-06
4.120000000000000000e+02 -1.430020023692693135e-06
4.130000000000000000e+02 -1.411393921398994681e-06
4.140000000000000000e+02 -1.390672945466180346e-06
4.150000000000000000e+02 -1.368143684974114932e-06
4.160000000000000000e+02 -1.344088277272990788e-06
4.170000000000000000e+02 -1.318783231537889031e-06
4.180000000000000000e+02 -1.292498339508372575e-06
4.190000000000000000e+02 -1.265495642088415698e-06
4.200000000000000000e+02 -1.238028441368886645e-06
4.210000000000000000e+02 -1.210340453084199918e-06
4.220000000000000000e+02 -1.182664997669539838e-06
4.230000000000000000e+02 -1.155224298271529558e-06
4.240000000000000000e+02 -1.128228880811459045e-06
4.250000000000000000e+02 -1.101877043225391905e-06
4.260000000000000000e+02 -1.076354408704421162e-06
4.270000000000000000e+02 -1.051833598238857936e-06
4.280000000000000000e+02 -1.028473978436062965e-06
4.290000000000000000e+02 -1.006421485813120417e-06
4.300000000000000000e+02 -9.858085719034466275e-07
4.310000000000000000e+02 -9.667542137087199124e-07
4.320000000000000000e+02 -9.493640026797806115e-07
4.330000000000000000e+02 -9.337303134385190230e-07
4.340000000000000000e+02 -9.199325398611405505e-07
4.350000000000000000e+02 -9.080374072822548707e-07
4.360000000000000000e+02 -8.980993293520923556e-07
4.370000000000000000e+02 -8.901608062385175796e-07
4.380000000000000000e+02 -8.842529166488368031e-07
4.390000000000000000e+02 -8.803958129968906753e-07
4.400000000000000000e+02 -8.785992480512785982e-07
4.410000000000000000e+02 -8.788631454930924974e-07
4.420000000000000000e+02 -8.811781515104737985e-07
4.430000000000000000e+02 -8.855262177669439216e-07
4.440000000000000000e+02 -8.918812069283942705e-07
4.450000000000000000e+02 -9.002094680392830733e-07
4.460000000000000000e+02 -9.104704065760668061e-07
4.470000000000000000e+02 -9.226170736598973849e-07
4.480000000000000000e+02 -9.365966871861304164e-07
4.490000000000000000e+02 -9.523511745799285171e-07
4.500000000000000000e+02 -9.698176869237881166e-07
4.510000000000000000e+02 -9.889290878307787278e-07
4.520000000000000000e+02 -1.009614398679580216e-06
4.530000000000000000e+02 -1.031799216600228646e-06
4.540000000000000000e+02 -1.055406094545014633e-06
4.550000000000000000e+02 -1.080354897033437723e-06
4.560000000000000000e+02 -1.106563102870049698e-06
4.570000000000000000e+02 -1.133946106583102162e-06
4.580000000000000000e+02 -1.162417425989586771e-06
4.590000000000000000e+02 -1.191888848159185831e-06
4.600000000000000000e+02 -1.222270601808124603e-06
4.610000000000000000e+02 -1.253471446030460699e-06
4.620000000000000000e+02 -1.285398675404086775e-06
4.630000000000000000e+02 -1.317958157655131137e-06
4.640000000000000000e+02 -1.351054264484158501e-06
4.650000000000000000e+02 -1.384589827086868199e-06
4.660000000000000000e+02 -1.418466025457454492e-06
4.670000000000000000e+02 -1.452582287339287609e-06
4.680000000000000000e+02 -1.486836177239752193e-06
4.690000000000000000e+02 -1.521123282884818556e-06
4.700000000000000000e+02 -1.555337050834139937e-06
4.710000000000000000e+02 -1.589368668348095213e-06
4.720000000000000000e+02 -1.623106999415834785e-06
4.730000000000000000e+02 -1.656438459434850406e-06
4.740000000000000000e+02 -1.689246937221216599e-06
4.750000000000000000e+02 -1.721413735856139719e-06
4.760000000000000000e+02 -1.752817593649939126e-06
4.770000000000000000e+02 -1.783334668907433928e-06
4.780000000000000000e+02 -1.812838586171400960e-06
4.790000000000000000e+02 -1.841200464448051245e-06
4.800000000000000000e+02 -1.868289041163268696e-06
4.810000000000000000e+02 -1.893970776987294265e-06
4.820000000000000000e+02 -1.918110046314089263e-06
4.830000000000000000e+02 -1.940569362146558862e-06
4.840000000000000000e+02 -1.961209564127935780e-06
4.850000000000000000e+02 -1.979890094080492852e-06
4.860000000000000000e+02 -1.996469260197132676e-06
4.870000000000000000e+02 -2.010804564226838300e-06
4.880000000000000000e+02 -2.022753026224620851e-06
4.890000000000000000e+02 -2.032171536809794287e-06
4.900000000000000000e+02 -2.038917212205606072e-06
4.910000000000000000e+02 -2.042847784495460766e-06
4.920000000000000000e+02 -2.043822044084808482e-06
4.930000000000000000e+02 -2.041700314941868820e-06
4.940000000000000000e+02 -2.036344920458105265e-06
4.950000000000000000e+02 -2.027620679343695075e-06
4.960000000000000000e+02 -2.015395471652467352e-06
4.970000000000000000e+02 -1.999540805948786359e-06
4.980000000000000000e+02 -1.979932442819437076e-06
4.990000000000000000e+02 -1.956450996640489825e-06
5.000000000000000000e+02 -1.928982583746480083e-06
5.010000000000000000e+02 -1.897419470775068117e-06
5.020000000000000000e+02 -1.861660730664919338e-06
5.030000000000000000e+02 -1.821612915914468632e-06
5.040000000000000000e+02 -1.777190719601456081e-06
5.050000000000000000e+02 -1.728317645169862281e-06
5.060000000000000000e+02 -1.674926711098243604e-06
5.070000000000000000e+02 -1.616961119204791633e-06
5.080000000000000000e+02 -1.554374936361668060e-06
5.090000000000000000e+02 -1.487133763097784760e-06
5.100000000000000000e+02 -1.415215389502030967e-06
5.110000000000000000e+02 -1.338610442162179237e-06
5.120000000000000000e+02 -1.257323040872536846e-06
5.130000000000000000e+02 -1.171371366786991035e-06
5.140000000000000000e+02 -1.080788279160131403e-06
5.150000000000000000e+02 -9.856218617338627099e-07
5.160000000000000000e+02 -8.859359388730142929e-07
5.170000000000000000e+02 -7.818105715177064224e-07
5.180000000000000000e+02 -6.733424735841559449e-07
5.190000000000000000e+02 -5.606453943596831196e-07
5.200000000000000000e+02 -4.438504403514670061e-07
5.210000000000000000e+02 -3.231063240500155409e-07
5.220000000000000000e+02 -1.985795432132940716e-07
5.230000000000000000e+02 -7.045447809856716301e-08
5.240000000000000000e+02 6.106655283707611759e-08
5.250000000000000000e+02 1.957633622191830302e-07
5.260000000000000000e+02 3.333980735928594881e-07
5.270000000000000000e+02 4.737153314256864000e-07
5.280000000000000000e+02 6.164426122383855961e-07
5.290000000000000000e+02 7.612906245985842045e-07
5.300000000000000000e+02 9.079538185462056029e-07
5.310000000000000000e+02 1.056110977960088601e-06
5.320000000000000000e+02 1.205425876309961950e-06
5.330000000000000000e+02 1.355548058806306155e-06
5.340000000000000000e+02 1.506113656492784345e-06
5.350000000000000000e+02 1.656746318585697918e-06
5.360000000000000000e+02 1.807058208617696071e-06
5.370000000000000000e+02 1.956651020622385869e-06
5.380000000000000000e+02 2.105117103716749823e-06
5.390000000000000000e+02 2.252040675043670955e-06
5.400000000000000000e+02 2.396999058280162349e-06
5.410000000000000000e+02 2.539563946866318278e-06
5.420000000000000000e+02 2.679302775507925767e-06
5.430000000000000000e+02 2.815780092889695027e-06
5.440000000000000000e+02 2.948558991006548014e-06
5.450000000000000000e+02 3.077202581726773637e-06
5.460000000000000000e+02 3.201275443508044561e-06
5.470000000000000000e+02 3.320345157305956782e-06
5.480000000000000000e+02 3.433983843676987284e-06
5.490000000000000000e+02 3.541769725197460630e-06
5.500000000000000000e+02 3.643288690202973838e-06
5.510000000000000000e+02 3.738135869723522240e-06
5.520000000000000000e+02 3.825917162665403115e-06
5.530000000000000000e+02 3.906250828253217232e-06
5.540000000000000000e+02 3.978769021019757984e-06
5.550000000000000000e+02 4.043119295805893079e-06
5.560000000000000000e+02 4.098966069391588947e-06
5.570000000000000000e+02 4.145992048921234457e-06
5.580000000000000000e+02 4.183899594011181562e-06
5.590000000000000000e+02 4.212412039404747755e-06
5.600000000000000000e+02 4.231274924494478066e-06
5.610000000000000000e+02 4.240257177187599868e-06
5.620000000000000000e+02 4.239152253214993392e-06
5.630000000000000000e+02 4.227779142614600682e-06
5.640000000000000000e+02 4.205983313808348079e-06
5.650000000000000000e+02 4.173637575917116222e-06
5.660000000000000000e+02 4.130642846623991903e-06
5.670000000000000000e+02 4.076928810003255138e-06
5.680000000000000000e+02 4.012454498597683413e-06
5.690000000000000000e+02 3.937208771499330076e-06
5.700000000000000000e+02 3.851210663661323412e-06
5.710000000000000000e+02 3.754509671889691054e-06
5.720000000000000000e+02 3.647185922083007496e-06
5.730000000000000000e+02 3.529350243092384259e-06
5.740000000000000000e+02 3.401144169162665858e-06
5.750000000000000000e+02 3.262739788015402478e-06
5.760000000000000000e+02 3.114339532428722149e-06
5.770000000000000000e+02 2.956175883865535574e-06
5.780000000000000000e+02 2.788511003488063202e-06
5.790000000000000000e+02 2.611636223005107942e-06
5.800000000000000000e+02 2.425871509932664403e-06
5.810000000000000000e+02 2.231564820009968539e-06
5.820000000000000000e+02 2.029091342150612957e-06
5.830000000000000000e+02 1.818852665897760259e-06
5.840000000000000000e+02 1.601275848377637863e-06
5.850000000000000000e+02 1.376812410721270166e-06
5.860000000000000000e+02 1.145937274688937862e-06
5.870000000000000000e+02 9.091476007660762785e-07
5.880000000000000000e+02 6.669615218356971018e-07
5.890000000000000000e+02 4.199168674644942680e-07
5.900000000000000000e+02 1.685698025925728974e-07
5.910000000000000000e+02 -8.650656519300814869e-08
5.920000000000000000e+02 -3.447236786990372665e-07
5.930000000000000000e+02 -6.054790317446733813e-07
5.940000000000000000e+02 -8.681577261963602063e-07
5.950000000000000000e+02 -1.132134058604035517e-06
5.960000000000000000e+02 -1.396773095290481304e-06
5.970000000000000000e+02 -1.661432336706172505e-06
5.980000000000000000e+02 -1.925463341744980652e-06
5.990000000000000000e+02 -2.188213386656625161e-06
6.000000000000000000e+02 -2.449027111156911963e-06
6.010000000000000000e+02 -2.707248174944952649e-06
6.020000000000000000e+02 -2.962220895367373729e-06
6.030000000000000000e+02 -3.213291908460611099e-06
6.040000000000000000e+02 -3.459811755182333447e-06
6.050000000000000000e+02 -3.701136532637210161e-06
6.060000000000000000e+02 -3.936629473146386147e-06
6.070000000000000000e+02 -4.165662585783414738e-06
6.080000000000000000e+02 -4.387618228572845611e-06
6.090000000000000000e+02 -4.601890652385282583e-06
6.100000000000000000e+02 -4.807887589609518063e-06
6.110000000000000000e+02 -5.005031758637718132e-06
6.120000000000000000e+02 -5.192762418640458878e-06
6.130000000000000000e+02 -5.370536854223194601e-06
6.140000000000000000e+02 -5.537831852751201836e-06
6.150000000000000000e+02 -5.694145189880507434e-06
6.160000000000000000e+02 -5.838997104809038435e-06
6.170000000000000000e+02 -5.971931702351528375e-06
6.180000000000000000e+02 -6.092518346976763626e-06
6.190000000000000000e+02 -6.200353080848826129e-06
6.200000000000000000e+02 -6.295059996677474979e-06
6.210000000000000000e+02 -6.376292574881445146e-06
6.220000000000000000e+02 -6.443734978768545460e-06
6.230000000000000000e+02 -6.497103315032626305e-06
6.240000000000000000e+02 -6.536146838713086391e-06
6.250000000000000000e+02 -6.560649081783260660e-06
6.260000000000000000e+02 -6.570428945902375629e-06
6.270000000000000000e+02 -6.565341736521155069e-06
6.280000000000000000e+02 -6.545280069744663353e-06
6.290000000000000000e+02 -6.510174694131300108e-06
6.300000000000000000e+02 -6.459995212955639490e-06
6.310000000000000000e+02 -6.394750709078399658e-06
6.320000000000000000e+02 -6.314490251185911618e-06
6.330000000000000000e+02 -6.219303278256963681e-06
6.340000000000000000e+02 -6.109319864944689234e-06
6.350000000000000000e+02 -5.984710815966574295e-06
6.360000000000000000e+02 -5.845687668143802842e-06
6.370000000000000000e+02 -5.692502543620525894e-06
6.380000000000000000e+02 -5.525447826789004544e-06
6.390000000000000000e+02 -5.344855739986494294e-06
6.400000000000000000e+02 -5.151097734818743894e-06
6.410000000000000000e+02 -4.944583766954561066e-06
6.420000000000000000e+02 -4.725761416614953054e-06
6.430000000000000000e+02 -4.495114847116143174e-06
6.440000000000000000e+02 -4.253163631652380639e-06
6.450000000000000000e+02 -4.000461478719233765e-06
6.460000000000000000e+02 -3.737594742586229169e-06
6.470000000000000000e+02 -3.465180851656526317e-06
6.480000000000000000e+02 -3.183866630053456242e-06
6.490000000000000000e+02 -2.894326437128292083e-06
6.500000000000000000e+02 -2.597260257954208698e-06
6.510000000000000000e+02 -2.293391657032203398e-06
6.520000000000000000e+02 -1.983465611867645097e-06
6.530000000000000000e+02 -1.668246315884805693e-06
6.540000000000000000e+02 -1.348514824092209567e-06
6.550000000000000000e+02 -1.025066689037957359e-06
6.560000000000000000e+02 -6.987095181229531715e-07
6.570000000000000000e+02 -3.702604383070244911e-07
6.580000000000000000e+02 -4.054355037055350631e-08
6.590000000000000000e+02 2.896126437357396102e-07
6.600000000000000000e+02 6.193778681609918731e-07
6.610000000000000000e+02 9.479226761791504859e-07
6.620000000000000000e+02 1.274421061934223855e-06
6.630000000000000000e+02 1.598053087748270356e-06
6.640000000000000000e+02 1.918007465342609974e-06
6.650000000000000000e+02 2.233484113787316016e-06
6.660000000000000000e+02 2.543696640836473392e-06
6.670000000000000000e+02 2.847874813323674463e-06
6.680000000000000000e+02 3.145266981666216566e-06
6.690000000000000000e+02 3.435142404052259418e-06
6.700000000000000000e+02 3.716793560276918862e-06
6.710000000000000000e+02 3.989538322569396276e-06
6.720000000000000000e+02 4.252722088922178783e-06
6.730000000000000000e+02 4.505719793412642290e-06
6.740000000000000000e+02 4.747937878254069513e-06
6.750000000000000000e+02 4.978816122266569228e-06
6.760000000000000000e+02 5.197829353324974870e-06
6.770000000000000000e+02 5.404489068481884068e-06
6.780000000000000000e+02 5.598344912065855659e-06
6.790000000000000000e+02 5.778985989363815007e-06
6.800000000000000000e+02 5.946042086837448665e-06
6.810000000000000000e+02 6.099184696084746017e-06
6.820000000000000000e+02 6.238127915856571573e-06
6.830000000000000000e+02 6.362629153094532321e-06
6.840000000000000000e+02 6.472489695938534386e-06
6.850000000000000000e+02 6.567555074505624353e-06
6.860000000000000000e+02 6.647715280800444709e-06
6.870000000000000000e+02 6.712904792400005535e-06
6.880000000000000000e+02 6.763102399376603988e-06
6.890000000000000000e+02 6.798330833964282768e-06
6.900000000000000000e+02 6.818656260366890394e-06
6.910000000000000000e+02 6.824187517527635626e-06
6.920000000000000000e+02 6.815075246322034697e-06
6.930000000000000000e+02 6.791510764115032775e-06
6.940000000000000000e+02 6.753724818273753692e-06
6.950000000000000000e+02 6.701986165999537053e-06
6.960000000000000000e+02 6.636599996051129981e-06
6.970000000000000000e+02 6.557906200347827274e-06
6.980000000000000000e+02 6.466277592817711483e-06
6.990000000000000000e+02 6.362117960465532240e-06
7.000000000000000000e+02 6.245860039528336147e-06
7.010000000000000000e+02 6.117963408295126554e-06
7.020000000000000000e+02 5.978912370430346340e-06
7.030000000000000000e+02 5.829213774321865971e-06
7.040000000000000000e+02 5.669394762043898054e-06
7.050000000000000000e+02 5.500000509773936448e-06
7.060000000000000000e+02 5.321591978965823730e-06
7.070000000000000000e+02 5.134743656507322880e-06
7.080000000000000000e+02 4.940041334398179539e-06
7.090000000000000000e+02 4.738079857479726100e-06
7.100000000000000000e+02 4.529460948302300771e-06
7.110000000000000000e+02 4.314791120156958321e-06
7.120000000000000000e+02 4.094679586995900056e-06
7.130000000000000000e+02 3.869736231804499414e-06
7.140000000000000000e+02 3.640569708453749774e-06
7.150000000000000000e+02 3.407785607034364335e-06
7.160000000000000000e+02 3.171984693365411002e-06
7.170000000000000000e+02 2.933761234416189172e-06
7.180000000000000000e+02 2.693701438343334285e-06
7.190000000000000000e+02 2.452382014064929940e-06
7.200000000000000000e+02 2.210368796512430302e-06
7.210000000000000000e+02 1.968215514384166510e-06
7.220000000000000000e+02 1.726462608002870806e-06
7.230000000000000000e+02 1.485636181746160929e-06
7.240000000000000000e+02 1.246247015169619199e-06
7.250000000000000000e+02 1.008789703968435642e-06
7.260000000000000000e+02 7.737418646725865421e-07
7.270000000000000000e+02 5.415634320359799965e-07
7.280000000000000000e+02 3.126960078192753684e-07
7.290000000000000000e+02 8.756232619638401131e-08
7.300000000000000000e+02 -1.334341994796112400e-07
7.310000000000000000e+02 -3.499098782654974699e-07
7.320000000000000000e+02 -5.615010683130888958e-07
7.330000000000000000e+02 -7.678644427537820989e-07
7.340000000000000000e+02 -9.686771306395310320e-07
7.350000000000000000e+02 -1.163636850338187874e-06
7.360000000000000000e+02 -1.352461945825231897e-06
7.370000000000000000e+02 -1.534891379220085922e-06
7.380000000000000000e+02 -1.710684657529044413e-06
7.390000000000000000e+02 -1.879621669379398033e-06
7.400000000000000000e+02 -2.041502498567423790e-06
7.410000000000000000e+02 -2.196147212157160802e-06
7.420000000000000000e+02 -2.343395565839560620e-06
7.430000000000000000e+02 -2.483106718906052520e-06
7.440000000000000000e+02 -2.615158872057243185e-06
7.450000000000000000e+02 -2.739448903469020805e-06
7.460000000000000000e+02 -2.855891976939160227e-06
7.470000000000000000e+02 -2.964421149137290386e-06
7.480000000000000000e+02 -3.064986927986880623e-06
7.490000000000000000e+02 -3.157556889988637642e-06
7.500000000000000000e+02 -3.242115230617735442e-06
7.510000000000000000e+02 -3.318662329217279751e-06
7.520000000000000000e+02 -3.387214272134176417e-06
7.530000000000000000e+02 -3.447802393952333484e-06
7.540000000000000000e+02 -3.500472847115874168e-06
7.550000000000000000e+02 -3.545286069020199127e-06
7.560000000000000000e+02 -3.582316341231540560e-06
7.570000000000000000e+02 -3.611651311856217923e-06
7.580000000000000000e+02 -3.633391478529754754e-06
7.590000000000000000e+02 -3.647649711895010203e-06
7.600000000000000000e+02 -3.654550766549069246e-06
7.610000000000000000e+02 -3.654230771371739060e-06
7.620000000000000000e+02 -3.646836713431360050e-06
7.630000000000000000e+02 -3.632525908792307329e-06
7.640000000000000000e+02 -3.611465528808777084e-06
7.650000000000000000e+02 -3.583832052039282115e-06
7.660000000000000000e+02 -3.549810775945733991e-06
7.670000000000000000e+02 -3.509595314654848347e-06
7.680000000000000000e+02 -3.463387071677791908e-06
7.690000000000000000e+02 -3.411394743779361106e-06
7.700000000000000000e+02 -3.353833833357015695e-06
7.710000000000000000e+02 -3.290926171834273113e-06
7.720000000000000000e+02 -3.222899416959790066e-06
7.730000000000000000e+02 -3.149986584944597539e-06
7.740000000000000000e+02 -3.072425583431646463e-06
7.750000000000000000e+02 -2.990458745391734268e-06
7.760000000000000000e+02 -2.904332349229329735e-06
7.770000000000000000e+02 -2.814296171190604941e-06
7.780000000000000000e+02 -2.720603075713438997e-06
7.790000000000000000e+02 -2.623508559374099068e-06
7.800000000000000000e+02 -2.523270304296297531e-06
7.810000000000000000e+02 -2.420147751707136162e-06
7.820000000000000000e+02 -2.314401681731336169e-06
7.830000000000000000e+02 -2.206293796517891929e-06
7.840000000000000000e+02 -2.096086302037124822e-06
7.850000000000000000e+02 -1.984041530817896776e-06
7.860000000000000000e+02 -1.870421491591324339e-06
7.870000000000000000e+02 -1.755487533962011055e-06
7.880000000000000000e+02 -1.639499929782490510e-06
7.890000000000000000e+02 -1.522717543098557419e-06
7.900000000000000000e+02 -1.405397445698266507e-06
7.910000000000000000e+02 -1.287794564612432513e-06
7.920000000000000000e+02 -1.170161349435978989e-06
7.930000000000000000e+02 -1.052747427062100522e-06
7.940000000000000000e+02 -9.357992038810512423e-07
7.950000000000000000e+02 -8.195595557420894711e-07
7.960000000000000000e+02 -7.042674561478653527e-07
7.970000000000000000e+02 -5.901575986179875163e-07
7.980000000000000000e+02 -4.774600087243477070e-07
7.990000000000000000e+02 -3.663996789255847134e-07
8.000000000000000000e+02 -2.571961679451476514e-07
8.010000000000000000e+02 -1.500631566924039546e-07
8.020000000000000000e+02 -4.520803471195613445e-08
8.030000000000000000e+02 5.716849646747084504e-08
8.040000000000000000e+02 1.568728818823274301e-07
8.050000000000000000e+02 2.537191986170351535e-07
8.060000000000000000e+02 3.475296138503024033e-07
8.070000000000000000e+02 4.381349196855205687e-07
8.080000000000000000e+02 5.253750585356065965e-07
8.090000000000000000e+02 6.090996278903563978e-07
8.100000000000000000e+02 6.891683852427274433e-07
8.110000000000000000e+02 7.654517675119986662e-07
8.120000000000000000e+02 8.378313566601437840e-07
8.130000000000000000e+02 9.062003755299713481e-07
8.140000000000000000e+02 9.704641288862575226e-07
8.150000000000000000e+02 1.030540392323171135e-06
8.160000000000000000e+02 1.086359795367460726e-06
8.170000000000000000e+02 1.137866174689537814e-06
8.180000000000000000e+02 1.185016867274270509e-06
8.190000000000000000e+02 1.227782912275000233e-06
8.200000000000000000e+02 1.266149248278258758e-06
8.210000000000000000e+02 1.300114846250898692e-06
8.220000000000000000e+02 1.329692773107815321e-06
8.230000000000000000e+02 1.354910202661216040e-06
8.240000000000000000e+02 1.375808335535624756e-06
8.250000000000000000e+02 1.392442295225266090e-06
8.260000000000000000e+02 1.404880937225695398e-06
8.270000000000000000e+02 1.413206582187976757e-06
8.280000000000000000e+02 1.417514698995040666e-06
8.290000000000000000e+02 1.417913525714569327e-06
8.300000000000000000e+02 1.414523614637745159e-06
8.310000000000000000e+02 1.407477353473595372e-06
8.320000000000000000e+02 1.396918335088505877e-06
8.330000000000000000e+02 1.383000768786299801e-06
8.340000000000000000e+02 1.365888813731139669e-06
8.350000000000000000e+02 1.345755834189164457e-06
8.360000000000000000e+02 1.322783619484971297e-06
8.370000000000000000e+02 1.297161521471704299e-06
8.380000000000000000e+02 1.269085647007164816e-06
8.390000000000000000e+02 1.238757891092602865e-06
8.400000000000000000e+02 1.206385024740555076e-06
8.410000000000000000e+02 1.172177757244413972e-06
8.420000000000000000e+02 1.136349790211962597e-06
8.430000000000000000e+02 1.099116835243560266e-06
8.440000000000000000e+02 1.060695660023190275e-06
8.450000000000000000e+02 1.021303156240853058e-06
8.460000000000000000e+02 9.811554084927241983e-07
8.470000000000000000e+02 9.404667885775989121e-07
8.480000000000000000e+02 8.994490539062732436e-07
8.490000000000000000e+02 8.583105040451120113e-07
8.500000000000000000e+02 8.172551751461950489e-07
8.510000000000000000e+02 7.764820298138303446e-07
8.520000000000000000e+02 7.361841715220004729e-07
8.530000000000000000e+02 6.965481735120207925e-07
8.540000000000000000e+02 6.577533494978709803e-07
8.550000000000000000e+02 6.199710960692031914e-07
8.560000000000000000e+02 5.833642243514024447e-07
8.570000000000000000e+02 5.480863758573912194e-07
8.580000000000000000e+02 5.142814921478381486e-07
8.590000000000000000e+02 4.820832271113858310e-07
8.600000000000000000e+02 4.516144308680528983e-07
8.610000000000000000e+02 4.229866878210166518e-07
8.620000000000000000e+02 3.962998843994855379e-07
8.630000000000000000e+02 3.716418512081166857e-07
8.640000000000000000e+02 3.490879830529820698e-07
8.650000000000000000e+02 3.287009354096826013e-07
8.660000000000000000e+02 3.105303593386334960e-07
8.670000000000000000e+02 2.946126390589250181e-07
8.680000000000000000e+02 2.809707494524495553e-07
8.690000000000000000e+02 2.696140951963892163e-07
8.700000000000000000e+02 2.605384369865188060e-07
8.710000000000000000e+02 2.537258392488273930e-07
8.720000000000000000e+02 2.491447000111498873e-07
8.730000000000000000e+02 2.467498316803314948e-07
8.740000000000000000e+02 2.464825847878865133e-07
8.750000000000000000e+02 2.482710578863080205e-07
8.760000000000000000e+02 2.520303326463794191e-07
8.770000000000000000e+02 2.576628334039778047e-07
8.780000000000000000e+02 2.650587052377324822e-07
8.790000000000000000e+02 2.740962400361684840e-07
8.800000000000000000e+02 2.846423673674308189e-07
8.810000000000000000e+02 2.965532270864560159e-07
8.820000000000000000e+02 3.096747933996643588e-07
8.830000000000000000e+02 3.238435313000555095e-07
8.840000000000000000e+02 3.388871100558224203e-07
8.850000000000000000e+02 3.546251568240971984e-07
8.860000000000000000e+02 3.708700827341379787e-07
8.870000000000000000e+02 3.874279517709642545e-07
8.880000000000000000e+02 4.040993682306199755e-07
8.890000000000000000e+02 4.206804528779607977e-07
8.900000000000000000e+02 4.369638316422913628e-07
8.910000000000000000e+02 4.527396565190644229e-07
8.920000000000000000e+02 4.677966860827249855e-07
8.930000000000000000e+02 4.819233773026746088e-07
8.940000000000000000e+02 4.949090028088884683e-07
8.950000000000000000e+02 5.065448202516351677e-07
8.960000000000000000e+02 5.166252406961882702e-07
8.970000000000000000e+02 5.249489752550595535e-07
8.980000000000000000e+02 5.313201958492874198e-07
8.990000000000000000e+02 5.355496663175008314e-07
9.000000000000000000e+02 5.374558524654594121e-07
9.010000000000000000e+02 5.368660326265142935e-07
9.020000000000000000e+02 5.336173411782919378e-07
9.030000000000000000e+02 5.275577633493701000e-07
9.040000000000000000e+02 5.185470704415181012e-07
9.050000000000000000e+02 5.064577447148590333e-07
9.060000000000000000e+02 4.911758028876952405e-07
9.070000000000000000e+02 4.726015448132797158e-07
9.080000000000000000e+02 4.506502920981670182e-07
9.090000000000000000e+02 4.252529734043288589e-07
9.100000000000000000e+02 3.963566949814387674e-07
9.110000000000000000e+02 3.639252303240279659e-07
9.120000000000000000e+02 3.279393739217486241e-07
9.130000000000000000e+02 2.883972381709008098e-07
9.140000000000000000e+02 2.453144949960540618e-07
9.150000000000000000e+02 1.987245007280537104e-07
9.160000000000000000e+02 1.486783116419530817e-07
9.170000000000000000e+02 9.524464206366753778e-08
9.180000000000000000e+02 3.850975187894576266e-08
9.190000000000000000e+02 -2.142286874959591533e-08
9.200000000000000000e+02 -8.443279596330779027e-08
9.210000000000000000e+02 -1.503830984648906339e-07
9.220000000000000000e+02 -2.191208580296493112e-07
9.230000000000000000e+02 -2.904777481998278054e-07
9.240000000000000000e+02 -3.642706731505073504e-07
9.250000000000000000e+02 -4.403025619588347494e-07
9.260000000000000000e+02 -5.183631590287354491e-07
9.270000000000000000e+02 -5.982299237609924680e-07
9.280000000000000000e+02 -6.796689600469116327e-07
9.290000000000000000e+02 -7.624360052773217141e-07
9.300000000000000000e+02 -8.462774908291561372e-07
9.310000000000000000e+02 -9.309316219129099711e-07
9.320000000000000000e+02 -1.016129491265864624e-06
9.330000000000000000e+02 -1.101596252834536168e-06
9.340000000000000000e+02 -1.187052285313379171e-06
9.350000000000000000e+02 -1.272214352685588936e-06
9.360000000000000000e+02 -1.356796854926802589e-06
9.370000000000000000e+02 -1.440513056808510042e-06
9.380000000000000000e+02 -1.523076280031788944e-06
9.390000000000000000e+02 -1.604201134410072276e-06
9.400000000000000000e+02 -1.683604734690949850e-06
9.410000000000000000e+02 -1.761007916550285200e-06
9.420000000000000000e+02 -1.836136400352401063e-06
9.430000000000000000e+02 -1.908721978468982168e-06
9.440000000000000000e+02 -1.978503606006030391e-06
9.450000000000000000e+02 -2.045228514972922597e-06
9.460000000000000000e+02 -2.108653269602500490e-06
9.470000000000000000e+02 -2.168544748214369831e-06
9.480000000000000000e+02 -2.224681091003434057e-06
9.490000000000000000e+02 -2.276852561840757209e-06
9.500000000000000000e+02 -2.324862368450449833e-06
9.510000000000000000e+02 -2.368527376285257884e-06
9.520000000000000000e+02 -2.407678758705845332e-06
9.530000000000000000e+02 -2.442162601485539466e-06
9.540000000000000000e+02 -2.471840398248169217e-06
9.550000000000000000e+02 -2.496589489183957600e-06
9.560000000000000000e+02 -2.516303376112720938e-06
9.570000000000000000e+02 -2.530891934313623214e-06
9.580000000000000000e+02 -2.540281604801244704e-06
9.590000000000000000e+02 -2.544415448452813088e-06
9.600000000000000000e+02 -2.543253151369257510e-06
9.610000000000000000e+02 -2.536770910705829739e-06
9.620000000000000000e+02 -2.524961252463365577e-06
9.630000000000000000e+02 -2.507832742250910136e-06
9.640000000000000000e+02 -2.485409668306623259e-06
9.650000000000000000e+02 -2.457731679530791530e-06
9.660000000000000000e+02 -2.424853312536408080e-06
9.670000000000000000e+02 -2.386843508182068485e-06
9.680000000000000000e+02 -2.343785028825759518e-06
9.690000000000000000e+02 -2.295773861827203958e-06
9.700000000000000000e+02 -2.242918633108593317e-06
9.710000000000000000e+02 -2.185339928646833385e-06
9.720000000000000000e+02 -2.123169654362083386e-06
9.730000000000000000e+02 -2.056550391467903188e-06
9.740000000000000000e+02 -1.985634710681856029e-06
9.750000000000000000e+02 -1.910584554647409359e-06
9.760000000000000000e+02 -1.831570557833669299e-06
9.770000000000000000e+02 -1.748771430291698461e-06
9.780000000000000000e+02 -1.662373347577162262e-06
9.790000000000000000e+02 -1.572569339490370921e-06
9.800000000000000000e+02 -1.479558730140325613e-06
9.810000000000000000e+02 -1.383546561340628361e-06
9.820000000000000000e+02 -1.284743019950267253e-06
9.830000000000000000e+02 -1.183362928025645997e-06
9.840000000000000000e+02 -1.079625221355187294e-06
9.850000000000000000e+02 -9.737524061324069597e-07
9.860000000000000000e+02 -8.659700776286750857e-07
9.870000000000000000e+02 -7.565064602028472507e-07
9.880000000000000000e+02 -6.455919392675375719e-07
9.890000000000000000e+02 -5.334585937613050522e-07
9.900000000000000000e+02 -4.203397549463857015e-07
9.910000000000000000e+02 -3.064695666967405344e-07
9.920000000000000000e+02 -1.920825594361362341e-07
9.930000000000000000e+02 -7.741321342998726088e-08
9.940000000000000000e+02 3.730448067337198448e-08
9.950000000000000000e+02 1.518374345425266916e-07
9.960000000000000000e+02 2.659538996983052160e-07
9.970000000000000000e+02 3.794239391896385409e-07
9.980000000000000000e+02 4.920199019738813120e-07
9.990000000000000000e+02 6.035168727112972170e-07
1.000000000000000000e+03 7.136931553151187988e-07
1.001000000000000000e+03 8.223307762110021423e-07
1.002000000000000000e+03 9.292159736120049770e-07
1.003000000000000000e+03 1.034139698078778072e-06
1.004000000000000000e+03 1.136898067486661243e-06
1.005000000000000000e+03 1.237292875594639030e-06
1.006000000000000000e+03 1.335132049382526471e-06
1.007000000000000000e+03 1.430230141750901535e-06
1.008000000000000000e+03 1.522408754860746217e-06
1.009000000000000000e+03 1.611496974387272972e-06
1.010000000000000000e+03 1.697331804519755085e-06
1.011000000000000000e+03 1.779758544518656547e-06
1.012000000000000000e+03 1.858631125900032029e-06
1.013000000000000000e+03 1.933812484714542582e-06
1.014000000000000000e+03 2.005174866454345903e-06
1.015000000000000000e+03 2.072600126019802040e-06
1.016000000000000000e+03 2.135979969800754918e-06
1.017000000000000000e+03 2.195216171651491229e-06
1.018000000000000000e+03 2.250220726123474192e-06
1.019000000000000000e+03 2.300915993918349478e-06
1.020000000000000000e+03 2.347234806967511948e-06
1.021000000000000000e+03 2.389120515821587347e-06
1.022000000000000000e+03 2.426526995003788529e-06
1.023000000000000000e+03 2.459418591607561811e-06
1.024000000000000000e+03 2.487770047309434271e-06
1.025000000000000000e+03 2.511566378262091926e-06
1.026000000000000000e+03 2.530802680755764682e-06
1.027000000000000000e+03 2.545483921445568589e-06
1.028000000000000000e+03 2.555624653904188720e-06
1.029000000000000000e+03 2.561248722421708546e-06
1.030000000000000000e+03 2.562388906812734055e-06
1.031000000000000000e+03 2.559086607490108088e-06
1.032000000000000000e+03 2.551391423234307265e-06
1.033000000000000000e+03 2.539360722440189703e-06
1.034000000000000000e+03 2.523059214728510270e-06
1.035000000000000000e+03 2.502558481756266200e-06
1.036000000000000000e+03 2.477936538516091041e-06
1.037000000000000000e+03 2.449277423200116981e-06
1.038000000000000000e+03 2.416670755954049194e-06
1.039000000000000000e+03 2.380211271268701305e-06
1.040000000000000000e+03 2.339998418466441583e-06
1.041000000000000000e+03 2.296136024539279350e-06
1.042000000000000000e+03 2.248731889446101035e-06
1.043000000000000000e+03 2.197897449367859333e-06
1.044000000000000000e+03 2.143747477258459897e-06
1.045000000000000000e+03 2.086399813850927715e-06
1.046000000000000000e+03 2.025975111988379652e-06
1.047000000000000000e+03 1.962596642182294996e-06
1.048000000000000000e+03 1.896390119093641409e-06
1.049000000000000000e+03 1.827483572004157863e-06
1.050000000000000000e+03 1.756007274446873113e-06
1.051000000000000000e+03 1.682093621763101514e-06
1.052000000000000000e+03 1.605877106103549687e-06
1.053000000000000000e+03 1.527494283354070043e-06
1.054000000000000000e+03 1.447083743586296179e-06
1.055000000000000000e+03 1.364786117348899413e-06
1.056000000000000000e+03 1.280744065556330758e-06
1.057000000000000000e+03 1.195102301491159026e-06
1.058000000000000000e+03 1.108007566972229438e-06
1.059000000000000000e+03 1.019608619965453847e-06
1.060000000000000000e+03 9.300562043696271249e-07
1.061000000000000000e+03 8.395030286061376694e-07
1.062000000000000000e+03 7.481037482384572702e-07
1.063000000000000000e+03 6.560148945476429855e-07
1.064000000000000000e+03 5.633947950393782913e-07
1.065000000000000000e+03 4.704034969794090094e-07
1.066000000000000000e+03 3.772026648155595769e-07
1.067000000000000000e+03 2.839554688215795882e-07
1.068000000000000000e+03 1.908264398232645628e-07
1.069000000000000000e+03 9.798134237989045744e-08
1.070000000000000000e+03 5.586987281844517060e-09
1.071000000000000000e+03 -8.618893350548607559e-08
1.072000000000000000e+03 -1.771780529279443965e-07
1.073000000000000000e+03 -2.672115002372794026e-07
1.074000000000000000e+03 -3.561201504537273894e-07
1.075000000000000000e+03 -4.437349026862690696e-07
1.076000000000000000e+03 -5.298869364732149058e-07
1.077000000000000000e+03 -6.144079931383256480e-07
1.078000000000000000e+03 -6.971306496018253475e-07
1.079000000000000000e+03 -7.778886853815323662e-07
1.080000000000000000e+03 -8.565174062547726971e-07
1.081000000000000000e+03 -9.328540016965689793e-07
1.082000000000000000e+03 -1.006737902010618921e-06
1.083000000000000000e+03 -1.078011169703277753e-06
1.084000000000000000e+03 -1.146518896379818988e-06
1.085000000000000000e+03 -1.212109582302756083e-06
1.086000000000000000e+03 -1.274635532724676896e-06
1.087000000000000000e+03 -1.333953262981710476e-06
1.088000000000000000e+03 -1.389923926760303333e-06
1.089000000000000000e+03 -1.442413700784500619e-06
1.090000000000000000e+03 -1.491294229443889889e-06
1.091000000000000000e+03 -1.536443036516686988e-06
1.092000000000000000e+03 -1.577743923228799621e-06
1.093000000000000000e+03 -1.615087368909556817e-06
1.094000000000000000e+03 -1.648370940506976964e-06
1.095000000000000000e+03 -1.677499689364018831e-06
1.096000000000000000e+03 -1.702386558864058251e-06
1.097000000000000000e+03 -1.722952783168580934e-06
1.098000000000000000e+03 -1.739128236700164359e-06
1.099000000000000000e+03 -1.750851834111251445e-06
1.100000000000000000e+03 -1.758071879512630804e-06
1.101000000000000000e+03 -1.760746446919430189e-06
1.102000000000000000e+03 -1.758843725709369452e-06
1.103000000000000000e+03 -1.752342381224309612e-06
1.104000000000000000e+03 -1.741231855861132222e-06
1.105000000000000000e+03 -1.725512708851952488e-06
1.106000000000000000e+03 -1.705196901699862327e-06
1.107000000000000000e+03 -1.680308050982996357e-06
1.108000000000000000e+03 -1.650881670049617013e-06
1.109000000000000000e+03 -1.616965383897659935e-06
1.110000000000000000e+03 -1.578619134150034065e-06
1.111000000000000000e+03 -1.535915295664159259e-06
1.112000000000000000e+03 -1.488938785084161647e-06
1.113000000000000000e+03 -1.437787103285191903e-06
1.114000000000000000e+03 -1.382570371621028987e-06
1.115000000000000000e+03 -1.323411269405625881e-06
1.116000000000000000e+03 -1.260444964677358149e-06
1.117000000000000000e+03 -1.193819010522732024e-06
1.118000000000000000e+03 -1.123693183592967193e-06
1.119000000000000000e+03 -1.050239287338687839e-06
1.120000000000000000e+03 -9.736409232894696865e-07
1.121000000000000000e+03 -8.940931671072770749e-07
1.122000000000000000e+03 -8.118022438040834935e-07
1.123000000000000000e+03 -7.269851746051001051e-07
1.124000000000000000e+03 -6.398693614824508388e-07
1.125000000000000000e+03 -5.506921210509542010e-07
1.126000000000000000e+03 -4.597001837155924349e-07
1.127000000000000000e+03 -3.671491312464690908e-07
1.128000000000000000e+03 -2.733027839024240076e-07
1.129000000000000000e+03 -1.784325600225405649e-07
1.130000000000000000e+03 -8.281675945078228451e-08
1.131000000000000000e+03 1.326020421778529128e-08
1.132000000000000000e+03 1.095086134213747017e-07
1.133000000000000000e+03 2.056343457842539169e-07
1.134000000000000000e+03 3.013397743142805086e-07
1.135000000000000000e+03 3.963247358416224864e-07
1.136000000000000000e+03 4.902875574122199761e-07
1.137000000000000000e+03 5.829260815026319093e-07
1.138000000000000000e+03 6.739387579781200863e-07
1.139000000000000000e+03 7.630257474986003873e-07
1.140000000000000000e+03 8.498900307277617601e-07
1.141000000000000000e+03 9.342385685334015549e-07
1.142000000000000000e+03 1.015783460199959080e-06
1.143000000000000000e+03 1.094243079251131857e-06
1.144000000000000000e+03 1.169343203567138837e-06
1.145000000000000000e+03 1.240818147898139862e-06
1.146000000000000000e+03 1.308411907314181603e-06
1.147000000000000000e+03 1.371879238625203292e-06
1.148000000000000000e+03 1.430986729698246922e-06
1.149000000000000000e+03 1.485513861266881654e-06
1.150000000000000000e+03 1.535253989959311615e-06
1.151000000000000000e+03 1.580015279816181423e-06
1.152000000000000000e+03 1.619621634101156319e-06
1.153000000000000000e+03 1.653913556996146957e-06
1.154000000000000000e+03 1.682748892230674078e-06
1.155000000000000000e+03 1.706003559277363847e-06
1.156000000000000000e+03 1.723572215909995880e-06
1.157000000000000000e+03 1.735368795228998246e-06
1.158000000000000000e+03 1.741326996291659117e-06
1.159000000000000000e+03 1.741400698075075025e-06
1.160000000000000000e+03 1.735564266137985189e-06
1.161000000000000000e+03 1.723812807349094776e-06
1.162000000000000000e+03 1.706162343306074457e-06
1.163000000000000000e+03 1.682649853982688760e-06
1.164000000000000000e+03 1.653333286898478927e-06
1.165000000000000000e+03 1.618291495197999448e-06
1.166000000000000000e+03 1.577624037352249869e-06
1.167000000000000000e+03 1.531450929395503665e-06
1.168000000000000000e+03 1.479912267255066541e-06
1.169000000000000000e+03 1.423167842632829761e-06
1.170000000000000000e+03 1.361396596882696993e-06
1.171000000000000000e+03 1.294796092561668274e-06
1.172000000000000000e+03 1.223581827606247592e-06
1.173000000000000000e+03 1.147986504242897943e-06
1.174000000000000000e+03 1.068259237605947726e-06
1.175000000000000000e+03 9.846647052659656439e-07
1.176000000000000000e+03 8.974822416773998194e-07
1.177000000000000000e+03 8.070048664657601600e-07
1.178000000000000000e+03 7.135382689560669848e-07
1.179000000000000000e+03 6.173997383259116086e-07
1.180000000000000000e+03 5.189170314150162536e-07
1.181000000000000000e+03 4.184271984710831131e-07
1.182000000000000000e+03 3.162753827272694773e-07
1.183000000000000000e+03 2.128135850771329037e-07
1.184000000000000000e+03 1.083993343072105491e-07
1.185000000000000000e+03 3.394407080962730995e-09
1.186000000000000000e+03 -1.018365311291261560e-07
1.187000000000000000e+03 -2.069272827788007123e-07
1.188000000000000000e+03 -3.115114848668056060e-07
1.189000000000000000e+03 -4.152239973566425627e-07
1.190000000000000000e+03 -5.177022790688328011e-07
1.191000000000000000e+03 -6.185877872970936845e-07
1.192000000000000000e+03 -7.175273498534260464e-07
1.193000000000000000e+03 -8.141745257046072098e-07
1.194000000000000000e+03 -9.081909602443239767e-07
1.195000000000000000e+03 -9.992476707040595258e-07
1.196000000000000000e+03 -1.087026328593923337e-06
1.197000000000000000e+03 -1.171220498234707253e-06
1.198000000000000000e+03 -1.251536792548547065e-06
1.199000000000000000e+03 -1.327695968434962637e-06
1.200000000000000000e+03 -1.399434029615560001e-06
1.201000000000000000e+03 -1.466503209718244926e-06
1.202000000000000000e+03 -1.528672862189786303e-06
1.203000000000000000e+03 -1.585730338213907432e-06
1.204000000000000000e+03 -1.637481713306248193e-06
1.205000000000000000e+03 -1.683752530990484586e-06
1.206000000000000000e+03 -1.724388380985967683e-06
1.207000000000000000e+03 -1.759255447753911091e-06
1.208000000000000000e+03 -1.788240973504436032e-06
1.209000000000000000e+03 -1.811253599341503199e-06
1.210000000000000000e+03 -1.828223642774004015e-06
1.211000000000000000e+03 -1.839103335210202262e-06
1.212000000000000000e+03 -1.843866922711813995e-06
1.213000000000000000e+03 -1.842510736813936745e-06
1.214000000000000000e+03 -1.835053158382105805e-06
1.215000000000000000e+03 -1.821534515699880030e-06
1.216000000000000000e+03 -1.802016884933922763e-06
1.217000000000000000e+03 -1.776583859125990288e-06
1.218000000000000000e+03 -1.745340186200210766e-06
1.219000000000000000e+03 -1.708411353113446108e-06
1.220000000000000000e+03 -1.665943114077177110e-06
1.221000000000000000e+03 -1.618100939840788126e-06
1.222000000000000000e+03 -1.565069360223061553e-06
1.223000000000000000e+03 -1.507051252016000585e-06
1.224000000000000000e+03 -1.444267049731204676e-06
1.225000000000000000e+03 -1.376953898413711601e-06
1.226000000000000000e+03 -1.305364738967722667e-06
1.227000000000000000e+03 -1.229767282279430843e-06
1.228000000000000000e+03 -1.150442953986228931e-06
1.229000000000000000e+03 -1.067685766421790850e-06
1.230000000000000000e+03 -9.818011024365146615e-07
1.231000000000000000e+03 -8.931045010882815777e-07
1.232000000000000000e+03 -8.019203651378485480e-07
1.233000000000000000e+03 -7.085806378999577271e-07
1.234000000000000000e+03 -6.134234334929141035e-07
1.235000000000000000e+03 -5.167915886331764517e-07
1.236000000000000000e+03 -4.190312723244766393e-07
1.237000000000000000e+03 -3.204905496397690270e-07
1.238000000000000000e+03 -2.215179372998055334e-07
1.239000000000000000e+03 -1.224609368285887585e-07
1.240000000000000000e+03 -2.366461405022839188e-08
1.241000000000000000e+03 7.452979540946207003e-08
1.242000000000000000e+03 1.717862842676565864e-07
1.243000000000000000e+03 2.677754367101706282e-07
1.244000000000000000e+03 3.621757311443242534e-07
1.245000000000000000e+03 4.546748166134894805e-07
1.246000000000000000e+03 5.449707110660233865e-07
1.247000000000000000e+03 6.327729691633301780e-07
1.248000000000000000e+03 7.178037852254598426e-07
1.249000000000000000e+03 7.997990010197867203e-07
1.250000000000000000e+03 8.785090843519839678e-07
1.251000000000000000e+03 9.537000009119498403e-07
1.252000000000000000e+03 1.025154006389594886e-06
1.253000000000000000e+03 1.092670374980550999e-06
1.254000000000000000e+03 1.156066047410929149e-06
1.255000000000000000e+03 1.215176157739235341e-06
1.256000000000000000e+03 1.269854534801529214e-06
1.257000000000000000e+03 1.319974068838409748e-06
1.258000000000000000e+03 1.365427029485655434e-06
1.259000000000000000e+03 1.406125255009039110e-06
1.260000000000000000e+03 1.442000262781591201e-06
1.261000000000000000e+03 1.473003267425183448e-06
1.262000000000000000e+03 1.499105121457537993e-06
1.263000000000000000e+03 1.520296195542295629e-06
1.264000000000000000e+03 1.536586076098271628e-06
1.265000000000000000e+03 1.548003220355236591e-06
1.266000000000000000e+03 1.554594539929775679e-06
1.267000000000000000e+03 1.556424881780561382e-06
1.268000000000000000e+03 1.553576419321569863e-06
1.269000000000000000e+03 1.546147935230428363e-06
1.270000000000000000e+03 1.534254076469095032e-06
1.271000000000000000e+03 1.518024477778758781e-06
1.272000000000000000e+03 1.497602830242698404e-06
1.273000000000000000e+03 1.473145918850702342e-06
1.274000000000000000e+03 1.444822577232324164e-06
1.275000000000000000e+03 1.412812578700200359e-06
1.276000000000000000e+03 1.377305457945955517e-06
1.277000000000000000e+03 1.338499366040227928e-06
1.278000000000000000e+03 1.296599809274715283e-06
1.279000000000000000e+03 1.251818397551298968e-06
1.280000000000000000e+03 1.204371575126060922e-06
1.281000000000000000e+03 1.154479385160020609e-06
1.282000000000000000e+03 1.102364197842647497e-06
1.283000000000000000e+03 1.048249470111934202e-06
1.284000000000000000e+03 9.923585481937077535e-07
1.285000000000000000e+03 9.349135315704993440e-07
1.286000000000000000e+03 8.761341663616231629e-07
1.287000000000000000e+03 8.162367647264826585e-07
1.288000000000000000e+03 7.554332657252607055e-07
1.289000000000000000e+03 6.939303201882807236e-07
1.290000000000000000e+03 6.319285114630416976e-07
1.291000000000000000e+03 5.696216326796983381e-07
1.292000000000000000e+03 5.071960295673186172e-07
1.293000000000000000e+03 4.448300152121703134e-07
1.294000000000000000e+03 3.826934033052835423e-07
1.295000000000000000e+03 3.209471070533829938e-07
1.296000000000000000e+03 2.597428375385465550e-07
1.297000000000000000e+03 1.992228738427090550e-07
1.298000000000000000e+03 1.395198874424855730e-07
1.299000000000000000e+03 8.075684375623031323e-08
1.300000000000000000e+03 2.304700125054827425e-08
1.301000000000000000e+03 -3.350611147608113609e-08
1.302000000000000000e+03 -8.880856351568066055e-08
1.303000000000000000e+03 -1.427759402386338526e-07
1.304000000000000000e+03 -1.953331389610646954e-07
1.305000000000000000e+03 -2.464141434009716740e-07
1.306000000000000000e+03 -2.959617789957951754e-07
1.307000000000000000e+03 -3.439274131652460918e-07
1.308000000000000000e+03 -3.902706288646412419e-07
1.309000000000000000e+03 -4.349588775452368298e-07
1.310000000000000000e+03 -4.779671021788858481e-07
1.311000000000000000e+03 -5.192772966898969669e-07
1.312000000000000000e+03 -5.588780724228743497e-07
1.313000000000000000e+03 -5.967641942467749742e-07
1.314000000000000000e+03 -6.329360917751470177e-07
1.315000000000000000e+03 -6.673993525675815703e-07
1.316000000000000000e+03 -7.001641995176491800e-07
1.317000000000000000e+03 -7.312449761013243839e-07
1.318000000000000000e+03 -7.606595960494966352e-07
1.319000000000000000e+03 -7.884290405699346268e-07
1.320000000000000000e+03 -8.145768185742319879e-07
1.321000000000000000e+03 -8.391284451023845726e-07
1.322000000000000000e+03 -8.621109468260792305e-07
1.323000000000000000e+03 -8.835523673399127376e-07
1.324000000000000000e+03 -9.034813254469719044e-07
1.325000000000000000e+03 -9.219265617147637925e-07
1.326000000000000000e+03 -9.389165553570499469e-07
1.327000000000000000e+03 -9.544791754955715344e-07
1.328000000000000000e+03 -9.686413155790128523e-07
1.329000000000000000e+03 -9.814285783382498466e-07
1.330000000000000000e+03 -9.928650242681551973e-07
1.331000000000000000e+03 -1.002972979384510706e-06
1.332000000000000000e+03 -1.011772778959823145e-06
1.333000000000000000e+03 -1.019282660550803205e-06
1.334000000000000000e+03 -1.025518654600770481e-06
1.335000000000000000e+03 -1.030494494752339172e-06
1.336000000000000000e+03 -1.034221540459366065e-06
1.337000000000000000e+03 -1.036708790325805587e-06
1.338000000000000000e+03 -1.037962860493903651e-06
1.339000000000000000e+03 -1.037988041887976382e-06
1.340000000000000000e+03 -1.036786362083617021e-06
1.341000000000000000e+03 -1.034357653342863070e-06
1.342000000000000000e+03 -1.030699674890531497e-06
1.343000000000000000e+03 -1.025808228048789286e-06
1.344000000000000000e+03 -1.019677332490081291e-06
1.345000000000000000e+03 -1.012299407108303643e-06
1.346000000000000000e+03 -1.003665501896886049e-06
1.347000000000000000e+03 -9.937655724253004992e-07
1.348000000000000000e+03 -9.825887293621012988e-07
1.349000000000000000e+03 -9.701235589254588247e-07
1.350000000000000000e+03 -9.563584362782423423e-07
1.351000000000000000e+03 -9.412818999402681685e-07
1.352000000000000000e+03 -9.248829940609243954e-07
1.353000000000000000e+03 -9.071516277499748756e-07
1.354000000000000000e+03 -8.880789644732449800e-07
1.355000000000000000e+03 -8.676577915768686744e-07
1.356000000000000000e+03 -8.458829021541525253e-07
1.357000000000000000e+03 -8.227514394105859971e-07
1.358000000000000000e+03 -7.982632664051548024e-07
1.359000000000000000e+03 -7.724213139197622954e-07
1.360000000000000000e+03 -7.452319130813541408e-07
1.361000000000000000e+03 -7.167051436439694775e-07
1.362000000000000000e+03 -6.868551158160417707e-07
1.363000000000000000e+03 -6.557003040978847878e-07
1.364000000000000000e+03 -6.232638289921560548e-07
1.365000000000000000e+03 -5.895737285931122973e-07
1.366000000000000000e+03 -5.546632178496839897e-07
1.367000000000000000e+03 -5.185709226134915378e-07
1.368000000000000000e+03 -4.813410783456326283e-07
1.369000000000000000e+03 -4.430237635072968707e-07
1.370000000000000000e+03 -4.036750362443947519e-07
1.371000000000000000e+03 -3.633570547402439565e-07
1.372000000000000000e+03 -3.221381632837174491e-07
1.373000000000000000e+03 -2.800930064233592571e-07
1.374000000000000000e+03 -2.373025341008846890e-07
1.375000000000000000e+03 -1.938540010932100072e-07
1.376000000000000000e+03 -1.498408771315163725e-07
1.377000000000000000e+03 -1.053627678717924519e-07
1.378000000000000000e+03 -6.052526336760640508e-08
1.379000000000000000e+03 -1.543977378042103060e-08
1.380000000000000000e+03 2.977674211216259049e-08
1.381000000000000000e+03 7.500206912573415073e-08
1.382000000000000000e+03 1.201090794042276565e-07
1.383000000000000000e+03 1.649661153481656038e-07
1.384000000000000000e+03 2.094374310269026396e-07
1.385000000000000000e+03 2.533836886687647992e-07
1.386000000000000000e+03 2.966625360075163572e-07
1.387000000000000000e+03 3.391291644669537309e-07
1.388000000000000000e+03 3.806368819829304509e-07
1.389000000000000000e+03 4.210378080515432846e-07
1.390000000000000000e+03 4.601835455762352207e-07
1.391000000000000000e+03 4.979258761753860943e-07
1.392000000000000000e+03 5.341175016498009633e-07
1.393000000000000000e+03 5.686127309946075380e-07
1.394000000000000000e+03 6.012682464901085894e-07
1.395000000000000000e+03 6.319438456072288714e-07
1.396000000000000000e+03 6.605031806304240303e-07
1.397000000000000000e+03 6.868145255361994870e-07
1.398000000000000000e+03 7.107515285245617528e-07
1.399000000000000000e+03 7.321939525320462059e-07
1.400000000000000000e+03 7.510284331558179600e-07
1.401000000000000000e+03 7.671491974302848849e-07
1.402000000000000000e+03 7.804587767061625228e-07
1.403000000000000000e+03 7.908687165140661368e-07
1.404000000000000000e+03 7.983002261699299706e-07
1.405000000000000000e+03 8.026848148108655182e-07
1.406000000000000000e+03 8.039649145425645642e-07
1.407000000000000000e+03 8.020944373125763922e-07
1.408000000000000000e+03 7.970392794470014421e-07
1.409000000000000000e+03 7.887777821606009944e-07
1.410000000000000000e+03 7.773011392476336369e-07
1.411000000000000000e+03 7.626137108079122895e-07
1.412000000000000000e+03 7.447333038474114019e-07
1.413000000000000000e+03 7.236913554522087972e-07
1.414000000000000000e+03 6.995330619603319726e-07
1.415000000000000000e+03 6.723174377584786648e-07
1.416000000000000000e+03 6.421172897986475613e-07
1.417000000000000000e+03 6.090190866153387344e-07
1.418000000000000000e+03 5.731227949723444409e-07
1.419000000000000000e+03 5.345416096396240997e-07
1.420000000000000000e+03 4.934016061510870801e-07
1.421000000000000000e+03 4.498413423321251732e-07
1.422000000000000000e+03 4.040113711322626326e-07
1.423000000000000000e+03 3.560736952272255297e-07
1.424000000000000000e+03 3.062011147984673008e-07
1.425000000000000000e+03 2.545765684774775927e-07
1.426000000000000000e+03 2.013923765999861748e-07
1.427000000000000000e+03 1.468494284812456445e-07
1.428000000000000000e+03 9.115629195773013059e-08
1.429000000000000000e+03 3.452825423240080506e-08
1.430000000000000000e+03 -2.281359478229743645e-08
1.431000000000000000e+03 -8.064339431220238428e-08
1.432000000000000000e+03 -1.387315479915513254e-07
1.433000000000000000e+03 -1.968457738447984859e-07
1.434000000000000000e+03 -2.547521937584894060e-07
1.435000000000000000e+03 -3.122164319466039430e-07
1.436000000000000000e+03 -3.690047221759753417e-07
1.437000000000000000e+03 -4.248849443923968186e-07
1.438000000000000000e+03 -4.796277220615650107e-07
1.439000000000000000e+03 -5.330074511091751861e-07
1.440000000000000000e+03 -5.848033115777124049e-07
1.441000000000000000e+03 -6.348002301806162570e-07
1.442000000000000000e+03 -6.827898707159816439e-07
1.443000000000000000e+03 -7.285715117025636368e-07
1.444000000000000000e+03 -7.719528867961811793e-07
1.445000000000000000e+03 -8.127509837628763470e-07
1.446000000000000000e+03 -8.507928248620767659e-07
1.447000000000000000e+03 -8.859161511377851507e-07
1.448000000000000000e+03 -9.179700908174724132e-07
1.449000000000000000e+03 -9.468157734887631269e-07
1.450000000000000000e+03 -9.723268957700209615e-07
1.451000000000000000e+03 -9.943901738481109999e-07
1.452000000000000000e+03 -1.012905788019849691e-06
1.453000000000000000e+03 -1.027787793544895456e-06
1.454000000000000000e+03 -1.038964428091095908e-06
1.455000000000000000e+03 -1.046378361950672736e-06
1.456000000000000000e+03 -1.049986864798959698e-06
1.457000000000000000e+03 -1.049761958842402172e-06
1.458000000000000000e+03 -1.045690451452426962e-06
1.459000000000000000e+03 -1.037773929342068981e-06
1.460000000000000000e+03 -1.026028661717244309e-06
1.461000000000000000e+03 -1.010485470402524796e-06
1.462000000000000000e+03 -9.911895371104509638e-07
1.463000000000000000e+03 -9.682000910960856309e-07
1.464000000000000000e+03 -9.415901066104766730e-07
1.465000000000000000e+03 -9.114459324735087147e-07
1.466000000000000000e+03 -8.778668262834679793e-07
1.467000000000000000e+03 -8.409644952002620223e-07
1.468000000000000000e+03 -8.008625379507372861e-07
1.469000000000000000e+03 -7.576958605177177398e-07
1.470000000000000000e+03 -7.116100662476220142e-07
1.471000000000000000e+03 -6.627607578553496262e-07
1.472000000000000000e+03 -6.113128317685620533e-07
1.473000000000000000e+03 -5.574397321464682768e-07
1.474000000000000000e+03 -5.013226844050028617e-07
1.475000000000000000e+03 -4.431498514427276406e-07
1.476000000000000000e+03 -3.831155395338878540e-07
1.477000000000000000e+03 -3.214193296186646889e-07
1.478000000000000000e+03 -2.582652170046254979e-07
1.479000000000000000e+03 -1.938607447576890658e-07
1.480000000000000000e+03 -1.284161436243158437e-07
1.481000000000000000e+03 -6.214344966345302517e-08
1.482000000000000000e+03 4.744361156954682608e-09
1.483000000000000000e+03 7.203418903442824215e-08
1.484000000000000000e+03 1.395136534485014571e-07
1.485000000000000000e+03 2.069718908983647652e-07
1.486000000000000000e+03 2.742003368323496921e-07
1.487000000000000000e+03 3.409934738158302487e-07
1.488000000000000000e+03 4.071495424355141883e-07
1.489000000000000000e+03 4.724712062389311353e-07
1.490000000000000000e+03 5.367661915530701183e-07
1.491000000000000000e+03 5.998478353127186839e-07
1.492000000000000000e+03 6.615356693492141535e-07
1.493000000000000000e+03 7.216559201920093340e-07
1.494000000000000000e+03 7.800419860701263804e-07
1.495000000000000000e+03 8.365348549016430333e-07
1.496000000000000000e+03 8.909834960809735747e-07
1.497000000000000000e+03 9.432452200783724157e-07
1.498000000000000000e+03 9.931860223817725567e-07
1.499000000000000000e+03 1.040680886022338333e-06
1.500000000000000000e+03 1.085614023435566550e-06
1.501000000000000000e+03 1.127879144191749814e-06
1.502000000000000000e+03 1.167379686451461825e-06
1.503000000000000000e+03 1.204029008299995582e-06
1.504000000000000000e+03 1.237750581694532943e-06
1.505000000000000000e+03 1.268478113239881131e-06
1.506000000000000000e+03 1.296155711159005382e-06
1.507000000000000000e+03 1.320737978540180681e-06
1.508000000000000000e+03 1.342190095971825045e-06
1.509000000000000000e+03 1.360487912161726460e-06
1.510000000000000000e+03 1.375617970397017022e-06
1.511000000000000000e+03 1.387577546439953075e-06
1.512000000000000000e+03 1.396374608147152800e-06
1.513000000000000000e+03 1.402027823808196810e-06
1.514000000000000000e+03 1.404566442042243751e-06
1.515000000000000000e+03 1.404030216068704903e-06
1.516000000000000000e+03 1.400469226783663598e-06
1.517000000000000000e+03 1.393943700245156562e-06
1.518000000000000000e+03 1.384523788180183326e-06
1.519000000000000000e+03 1.372289305877604519e-06
1.520000000000000000e+03 1.357329376930305343e-06
1.521000000000000000e+03 1.339742080458580705e-06
1.522000000000000000e+03 1.319634061225880426e-06
1.523000000000000000e+03 1.297120061452577188e-06
1.524000000000000000e+03 1.272322379674296937e-06
1.525000000000000000e+03 1.245370301756775572e-06
1.526000000000000000e+03 1.216399530729647841e-06
1.527000000000000000e+03 1.185551515499413499e-06
1.528000000000000000e+03 1.152972782871687708e-06
1.529000000000000000e+03 1.118814156536995475e-06
1.530000000000000000e+03 1.083229986540667478e-06
1.531000000000000000e+03 1.046377371071907190e-06
1.532000000000000000e+03 1.008415312893286889e-06
1.533000000000000000e+03 9.695038637504327868e-07
1.534000000000000000e+03 9.298032712524255409e-07
1.535000000000000000e+03 8.894731376028991863e-07
1.536000000000000000e+03 8.486716129538838900e-07
1.537000000000000000e+03 8.075545515813212460e-07
1.538000000000000000e+03 7.662747231145127916e-07
1.539000000000000000e+03 7.249810677522387142e-07
1.540000000000000000e+03 6.838179906124403492e-07
1.541000000000000000e+03 6.429247206600713998e-07
1.542000000000000000e+03 6.024347076309447344e-07
1.543000000000000000e+03 5.624750755589947546e-07
1.544000000000000000e+03 5.231661158080059385e-07
1.545000000000000000e+03 4.846208187003101223e-07
1.546000000000000000e+03 4.469445146379625778e-07
1.547000000000000000e+03 4.102344958188486554e-07
1.548000000000000000e+03 3.745797589206830762e-07
1.549000000000000000e+03 3.400607945360943098e-07
1.550000000000000000e+03 3.067494471968065399e-07
1.551000000000000000e+03 2.747088495301387674e-07
1.552000000000000000e+03 2.439934027533146897e-07
1.553000000000000000e+03 2.146488017023505329e-07
1.554000000000000000e+03 1.867121188662301706e-07
1.555000000000000000e+03 1.602119808377299174e-07
1.556000000000000000e+03 1.351687764658479169e-07
1.557000000000000000e+03 1.115949211271609592e-07
1.558000000000000000e+03 8.949512807458529702e-08
1.559000000000000000e+03 6.886672573075039702e-08
1.560000000000000000e+03 4.970004103365322599e-08
1.561000000000000000e+03 3.197879088671581606e-08
1.562000000000000000e+03 1.568047693089652294e-08
1.563000000000000000e+03 7.768062397642955353e-10
1.564000000000000000e+03 -1.276587063346381675e-08
1.565000000000000000e+03 -2.498609186300430149e-08
1.566000000000000000e+03 -3.592687720412597881e-08
1.567000000000000000e+03 -4.563526741874978952e-08
1.568000000000000000e+03 -5.416190268171685930e-08
1.569000000000000000e+03 -6.156059499255618620e-08
1.570000000000000000e+03 -6.788789954555370806e-08
1.571000000000000000e+03 -7.320268775500170572e-08
1.572000000000000000e+03 -7.756577382169981138e-08
1.573000000000000000e+03 -8.103953002023603282e-08
1.574000000000000000e+03 -8.368750832225726153e-08
1.575000000000000000e+03 -8.557408373179753516e-08
1.576000000000000000e+03 -8.676413729621230788e-08
1.577000000000000000e+03 -8.732277914605334798e-08
1.578000000000000000e+03 -8.731504937735721836e-08
1.579000000000000000e+03 -8.680567671205102665e-08
1.580000000000000000e+03 -8.585887136930785722e-08
1.581000000000000000e+03 -8.453811416284137171e-08
1.582000000000000000e+03 -8.290600872974200932e-08
1.583000000000000000e+03 -8.102415427858535208e-08
1.584000000000000000e+03 -7.895303226265566832e-08
1.585000000000000000e+03 -7.675194746600555635e-08
1.586000000000000000e+03 -7.447896770943890441e-08
1.587000000000000000e+03 -7.219092499010838262e-08
1.588000000000000000e+03 -6.994342441012817411e-08
1.589000000000000000e+03 -6.779086266515984967e-08
1.590000000000000000e+03 -6.578645655545267207e-08
1.591000000000000000e+03 -6.398231427645760205e-08
1.592000000000000000e+03 -6.242949385059056276e-08
1.593000000000000000e+03 -6.117806600168577571e-08
1.594000000000000000e+03 -6.027718903446787668e-08
1.595000000000000000e+03 -5.977515473671887719e-08
1.596000000000000000e+03 -5.971945029467249020e-08
1.597000000000000000e+03 -6.015676787725790428e-08
1.598000000000000000e+03 -6.113304185875560404e-08
1.599000000000000000e+03 -6.269337659517384638e-08
1.600000000000000000e+03 -6.488200009358735834e-08
1.601000000000000000e+03 -6.774217384876148103e-08
1.602000000000000000e+03 -7.131606551387237558e-08
1.603000000000000000e+03 -7.564455178304712472e-08
1.604000000000000000e+03 -8.076700093741522520e-08
1.605000000000000000e+03 -8.672098143731022983e-08
1.606000000000000000e+03 -9.354194084471272434e-08
1.607000000000000000e+03 -1.012629191318609232e-07
1.608000000000000000e+03 -1.099141749170547621e-07
1.609000000000000000e+03 -1.195227654546214016e-07
1.610000000000000000e+03 -1.301121561234606677e-07
1.611000000000000000e+03 -1.417018343414107516e-07
1.612000000000000000e+03 -1.543069127978301583e-07
1.613000000000000000e+03 -1.679376968963473779e-07
1.614000000000000000e+03 -1.825993411385270494e-07
1.615000000000000000e+03 -1.982915361711310136e-07
1.616000000000000000e+03 -2.150082463909135478e-07
1.617000000000000000e+03 -2.327374572982608858e-07
1.618000000000000000e+03 -2.514609500288020400e-07
1.619000000000000000e+03 -2.711542280318811825e-07
1.620000000000000000e+03 -2.917864608570279004e-07
1.621000000000000000e+03 -3.133204608908299275e-07
1.622000000000000000e+03 -3.357127354494007432e-07
1.623000000000000000e+03 -3.589136244115406913e-07
1.624000000000000000e+03 -3.828674955325430130e-07
1.625000000000000000e+03 -4.075129924408480664e-07
1.626000000000000000e+03 -4.327833512704341357e-07
1.627000000000000000e+03 -4.586067762449101069e-07
1.628000000000000000e+03 -4.849068293126041836e-07
1.629000000000000000e+03 -5.116029191926818928e-07
1.630000000000000000e+03 -5.386107833840186506e-07
1.631000000000000000e+03 -5.658430185581917797e-07
1.632000000000000000e+03 -5.932096327099710433e-07
1.633000000000000000e+03 -6.206185949422589751e-07
1.634000000000000000e+03 -6.479764251385798954e-07
1.635000000000000000e+03 -6.751887927623675688e-07
1.636000000000000000e+03 -7.021610714320090935e-07
1.637000000000000000e+03 -7.287989052844298119e-07
1.638000000000000000e+03 -7.550087792545418183e-07
1.639000000000000000e+03 -7.806985652812747389e-07
1.640000000000000000e+03 -8.057780061192288070e-07
1.641000000000000000e+03 -8.301592257189365895e-07
1.642000000000000000e+03 -8.537571468949421498e-07
1.643000000000000000e+03 -8.764898697262746199e-07
1.644000000000000000e+03 -8.982790472525483307e-07
1.645000000000000000e+03 -9.190501923784518550e-07
1.646000000000000000e+03 -9.387329200551770961e-07
1.647000000000000000e+03 -9.572611525198586695e-07
1.648000000000000000e+03 -9.745732624383155672e-07
1.649000000000000000e+03 -9.906121514698015519e-07
1.650000000000000000e+03 -1.005325326383316186e-06
1.651000000000000000e+03 -1.018664908456139372e-06
1.652000000000000000e+03 -1.030587566614383414e-06
1.653000000000000000e+03 -1.041054499080457419e-06
1.654000000000000000e+03 -1.050031297511452714e-06
1.655000000000000000e+03 -1.057487767946781057e-06
1.656000000000000000e+03 -1.063397799620215751e-06
1.657000000000000000e+03 -1.067739184995269651e-06
1.658000000000000000e+03 -1.070493398269733132e-06
1.659000000000000000e+03 -1.071645391257159892e-06
1.660000000000000000e+03 -1.071183362397201073e-06
1.661000000000000000e+03 -1.069098517906799676e-06
1.662000000000000000e+03 -1.065384931563746876e-06
1.663000000000000000e+03 -1.060039325804114047e-06
1.664000000000000000e+03 -1.053060864170937223e-06
1.665000000000000000e+03 -1.044450966464219288e-06
1.666000000000000000e+03 -1.034213202023450758e-06
1.667000000000000000e+03 -1.022353117978419004e-06
1.668000000000000000e+03 -1.008878125217152930e-06
1.669000000000000000e+03 -9.937974547619419174e-07
1.670000000000000000e+03 -9.771220692475973044e-07
1.671000000000000000e+03 -9.588646127960885732e-07
1.672000000000000000e+03 -9.390394617272055521e-07
1.673000000000000000e+03 -9.176627391960629902e-07
1.674000000000000000e+03 -8.947524046912413804e-07
1.675000000000000000e+03 -8.703282885517301259e-07
1.676000000000000000e+03 -8.444122113554559491e-07
1.677000000000000000e+03 -8.170281240054648733e-07
1.678000000000000000e+03 -7.882022917640169185e-07
1.679000000000000000e+03 -7.579634578741769510e-07
1.680000000000000000e+03 -7.263430382165923465e-07
1.681000000000000000e+03 -6.933753393799645927e-07
1.682000000000000000e+03 -6.590977712142884632e-07
1.683000000000000000e+03 -6.235510922400100537e-07
1.684000000000000000e+03 -5.867796663671414250e-07
1.685000000000000000e+03 -5.488316911059853331e-07
1.686000000000000000e+03 -5.097594330938689203e-07
1.687000000000000000e+03 -4.696194491686368008e-07
1.688000000000000000e+03 -4.284728177111777821e-07
1.689000000000000000e+03 -3.863852912094874196e-07
1.690000000000000000e+03 -3.434274866672794646e-07
1.691000000000000000e+03 -2.996749913719800597e-07
1.692000000000000000e+03 -2.552084334608913793e-07
1.693000000000000000e+03 -2.101135335603397418e-07
1.694000000000000000e+03 -1.644810953607237535e-07
1.695000000000000000e+03 -1.184069160672027296e-07
1.696000000000000000e+03 -7.199166529594011936e-08
1.697000000000000000e+03 -2.534078703580872813e-08
1.698000000000000000e+03 2.143575615387912142e-08
1.699000000000000000e+03 6.822372276530951448e-08
1.700000000000000000e+03 1.149049169543018303e-07
1.701000000000000000e+03 1.613575863551371599e-07
1.702000000000000000e+03 2.074568438654074632e-07
1.703000000000000000e+03 2.530750920893156249e-07
1.704000000000000000e+03 2.980825448865096556e-07
1.705000000000000000e+03 3.423478161651859404e-07
1.706000000000000000e+03 3.857384985430706903e-07
1.707000000000000000e+03 4.281218001208468419e-07
1.708000000000000000e+03 4.693652070576040681e-07
1.709000000000000000e+03 5.093371450369136958e-07
1.710000000000000000e+03 5.479077102846467904e-07
1.711000000000000000e+03 5.849493526782716766e-07
1.712000000000000000e+03 6.203376280461867277e-07
1.713000000000000000e+03 6.539518937111842023e-07
1.714000000000000000e+03 6.856760226896281848e-07
1.715000000000000000e+03 7.153991021079787926e-07
1.716000000000000000e+03 7.430160988437456909e-07
1.717000000000000000e+03 7.684285133058305747e-07
1.718000000000000000e+03 7.915450359732535151e-07
1.719000000000000000e+03 8.122821030743369055e-07
1.720000000000000000e+03 8.305644682796626468e-07
1.721000000000000000e+03 8.463257270087029392e-07
1.722000000000000000e+03 8.595087947287616486e-07
1.723000000000000000e+03 8.700663261696251985e-07
1.724000000000000000e+03 8.779610864567584705e-07
1.725000000000000000e+03 8.831662468287248869e-07
1.726000000000000000e+03 8.856656502931376274e-07
1.727000000000000000e+03 8.854540061817673984e-07
1.728000000000000000e+03 8.825370059239330585e-07
1.729000000000000000e+03 8.769313821444896747e-07
1.730000000000000000e+03 8.686648686388370937e-07
1.731000000000000000e+03 8.577761163079024467e-07
1.732000000000000000e+03 8.443145134583501020e-07
1.733000000000000000e+03 8.283399987811148421e-07
1.734000000000000000e+03 8.099227895545177899e-07
1.735000000000000000e+03 7.891430303102531509e-07
1.736000000000000000e+03 7.660904073247561315e-07
1.737000000000000000e+03 7.408636970133831159e-07
1.738000000000000000e+03 7.135703245753568311e-07
1.739000000000000000e+03 6.843258341961805229e-07
1.740000000000000000e+03 6.532533029954913168e-07
1.741000000000000000e+03 6.204827751772391189e-07
1.742000000000000000e+03 5.861505933855901745e-07
1.743000000000000000e+03 5.503987338476393318e-07
1.744000000000000000e+03 5.133740844521697341e-07
1.745000000000000000e+03 4.752276918615800925e-07
1.746000000000000000e+03 4.361140254768396277e-07
1.747000000000000000e+03 3.961901700137743810e-07
1.748000000000000000e+03 3.556150610214471203e-07
1.749000000000000000e+03 3.145486722669499717e-07
1.750000000000000000e+03 2.731512104757314782e-07
1.751000000000000000e+03 2.315823707579730519e-07
1.752000000000000000e+03 1.900005622237935504e-07
1.753000000000000000e+03 1.485621538880985633e-07
1.754000000000000000e+03 1.074207692088760636e-07
1.755000000000000000e+03 6.672658057273757742e-08
1.756000000000000000e+03 2.662565943412764594e-08
1.757000000000000000e+03 -1.274066062156911737e-08
1.758000000000000000e+03 -5.123640753463094754e-08
1.759000000000000000e+03 -8.873155896341203310e-08
1.760000000000000000e+03 -1.251025921672826354e-07
1.761000000000000000e+03 -1.602329796882930498e-07
1.762000000000000000e+03 -1.940136732334189978e-07
1.763000000000000000e+03 -2.263435141357619269e-07
1.764000000000000000e+03 -2.571296684691634897e-07
1.765000000000000000e+03 -2.862879402458171104e-07
1.766000000000000000e+03 -3.137430481979839933e-07
1.767000000000000000e+03 -3.394288734851547476e-07
1.768000000000000000e+03 -3.632886654859466074e-07
1.769000000000000000e+03 -3.852751252159281973e-07
1.770000000000000000e+03 -4.053504675262828121e-07
1.771000000000000000e+03 -4.234864816970427176e-07
1.772000000000000000e+03 -4.396644596113067315e-07
1.773000000000000000e+03 -4.538751062789135700e-07
1.774000000000000000e+03 -4.661184148592516737e-07
1.775000000000000000e+03 -4.764034510726818086e-07
1.776000000000000000e+03 -4.847480697107416199e-07
1.777000000000000000e+03 -4.911785989345634574e-07
1.778000000000000000e+03 -4.957294864767151134e-07
1.779000000000000000e+03 -4.984428898180393333e-07
1.780000000000000000e+03 -4.993682134451884803e-07
1.781000000000000000e+03 -4.985616443548488561e-07
1.782000000000000000e+03 -4.960855917812960285e-07
1.783000000000000000e+03 -4.920081465813240266e-07
1.784000000000000000e+03 -4.864025055844793049e-07
1.785000000000000000e+03 -4.793463989861531036e-07
1.786000000000000000e+03 -4.709214840535479612e-07
1.787000000000000000e+03 -4.612127027546884555e-07
1.788000000000000000e+03 -4.503077104537115222e-07
1.789000000000000000e+03 -4.382962602082773412e-07
1.790000000000000000e+03 -4.252696550475662088e-07
1.791000000000000000e+03 -4.113201488165837150e-07
1.792000000000000000e+03 -3.965403973967266612e-07
1.793000000000000000e+03 -3.810229028282155265e-07
1.794000000000000000e+03 -3.648594982273688207e-07
1.795000000000000000e+03 -3.481408867111222530e-07
1.796000000000000000e+03 -3.309561739209384062e-07
1.797000000000000000e+03 -3.133924418378038778e-07
1.798000000000000000e+03 -2.955343017768218945e-07
1.799000000000000000e+03 -2.774635217721276649e-07
1.800000000000000000e+03 -2.592586752163458380e-07
1.801000000000000000e+03 -2.409948209413365173e-07
1.802000000000000000e+03 -2.227431809187488604e-07
1.803000000000000000e+03 -2.045708704389275143e-07
1.804000000000000000e+03 -1.865406869369006036e-07
1.805000000000000000e+03 -1.687108698306631181e-07
1.806000000000000000e+03 -1.511348886069895279e-07
1.807000000000000000e+03 -1.338613317973985301e-07
1.808000000000000000e+03 -1.169337154672005752e-07
1.809000000000000000e+03 -1.003903683232004153e-07
1.810000000000000000e+03 -8.426441152595683812e-08
1.811000000000000000e+03 -6.858370625425286680e-08
1.812000000000000000e+03 -5.337086616327102579e-08
1.813000000000000000e+03 -3.864326171763722745e-08
1.814000000000000000e+03 -2.441307123180765004e-08
1.815000000000000000e+03 -1.068740705998524614e-08
1.816000000000000000e+03 2.531556420507989057e-09
1.817000000000000000e+03 1.524645438524574048e-08
1.818000000000000000e+03 2.746453127039618451e-08
1.819000000000000000e+03 3.919740017969849503e-08
1.820000000000000000e+03 5.046081166839122407e-08
1.821000000000000000e+03 6.127443559153406105e-08
1.822000000000000000e+03 7.166151762109691907e-08
1.823000000000000000e+03 8.164866406265943849e-08
1.824000000000000000e+03 9.126552663362992389e-08
1.825000000000000000e+03 1.005444787278720780e-07
1.826000000000000000e+03 1.095203272868804629e-07
1.827000000000000000e+03 1.182299614745682591e-07
1.828000000000000000e+03 1.267120292018717768e-07
1.829000000000000000e+03 1.350065148515467294e-07
1.830000000000000000e+03 1.431544130946208613e-07
1.831000000000000000e+03 1.511973438066837924e-07
1.832000000000000000e+03 1.591771669890074117e-07
1.833000000000000000e+03 1.671356023276018846e-07
1.834000000000000000e+03 1.751138296328389653e-07
1.835000000000000000e+03 1.831521013761644933e-07
1.836000000000000000e+03 1.912892921664415377e-07
1.837000000000000000e+03 1.995625678911826232e-07
1.838000000000000000e+03 2.080069682016431091e-07
1.839000000000000000e+03 2.166549927146326988e-07
1.840000000000000000e+03 2.255362273677546188e-07
1.841000000000000000e+03 2.346770105663306631e-07
1.842000000000000000e+03 2.441000257487101106e-07
1.843000000000000000e+03 2.538239693540511200e-07
1.844000000000000000e+03 2.638632397239693619e-07
1.845000000000000000e+03 2.742276738244540835e-07
1.846000000000000000e+03 2.849222627973334340e-07
1.847000000000000000e+03 2.959469651769048445e-07
1.848000000000000000e+03 3.072965531832075572e-07
1.849000000000000000e+03 3.189605025614067273e-07
1.850000000000000000e+03 3.309229330739180770e-07
1.851000000000000000e+03 3.431626064962828909e-07
1.852000000000000000e+03 3.556529712339416748e-07
1.853000000000000000e+03 3.683622920282311321e-07
1.854000000000000000e+03 3.812538302436701230e-07
1.855000000000000000e+03 3.942860572844201734e-07
1.856000000000000000e+03 4.074129338712497964e-07
1.857000000000000000e+03 4.205842637796128606e-07
1.858000000000000000e+03 4.337460688005671618e-07
1.859000000000000000e+03 4.468409857506907011e-07
1.860000000000000000e+03 4.598087752743070036e-07
1.861000000000000000e+03 4.725867981971318873e-07
1.862000000000000000e+03 4.851105747509226055e-07
1.863000000000000000e+03 4.973143656098583249e-07
1.864000000000000000e+03 5.091317398452946921e-07
1.865000000000000000e+03 5.204962327857076812e-07
1.866000000000000000e+03 5.313419733870147556e-07
1.867000000000000000e+03 5.416042966414524911e-07
1.868000000000000000e+03 5.512203873398009876e-07
1.869000000000000000e+03 5.601299120665001584e-07
1.870000000000000000e+03 5.682756019204182219e-07
1.871000000000000000e+03 5.756038854269245671e-07
1.872000000000000000e+03 5.820654488558573647e-07
1.873000000000000000e+03 5.876157412165319284e-07
1.874000000000000000e+03 5.922154532844910120e-07
1.875000000000000000e+03 5.958309698658228679e-07
1.876000000000000000e+03 5.984347565179372875e-07
1.877000000000000000e+03 6.000056476676378503e-07
1.878000000000000000e+03 6.005291266869738932e-07
1.879000000000000000e+03 5.999974933652829428e-07
1.880000000000000000e+03 5.984099607812192120e-07
1.881000000000000000e+03 5.957726966995538501e-07
1.882000000000000000e+03 5.920987674709695775e-07
1.883000000000000000e+03 5.874080010105280820e-07
1.884000000000000000e+03 5.817268311153803936e-07
1.885000000000000000e+03 5.750879800933097066e-07
1.886000000000000000e+03 5.675301329523180866e-07
1.887000000000000000e+03 5.590975415471221361e-07
1.888000000000000000e+03 5.498395491485388846e-07
1.889000000000000000e+03 5.398101294362994771e-07
1.890000000000000000e+03 5.290673228660264820e-07
1.891000000000000000e+03 5.176726780663246147e-07
1.892000000000000000e+03 5.056906772845497515e-07
1.893000000000000000e+03 4.931880800193449168e-07
1.894000000000000000e+03 4.802333251005061211e-07
1.895000000000000000e+03 4.668958965341041628e-07
1.896000000000000000e+03 4.532457185167790796e-07
1.897000000000000000e+03 4.393525452979030169e-07
1.898000000000000000e+03 4.252853800025175820e-07
1.899000000000000000e+03 4.111118946640030719e-07
1.900000000000000000e+03 3.968979242092180913e-07
1.901000000000000000e+03 3.827069696738428010e-07
1.902000000000000000e+03 3.685997428409737192e-07
1.903000000000000000e+03 3.546337641323452339e-07
1.904000000000000000e+03 3.408630123339971781e-07
1.905000000000000000e+03 3.273375890277507654e-07
1.906000000000000000e+03 3.141034234177913410e-07
1.907000000000000000e+03 3.012020604809161696e-07
1.908000000000000000e+03 2.886705142763502845e-07
1.909000000000000000e+03 2.765411395577473887e-07
1.910000000000000000e+03 2.648414913979084342e-07
1.911000000000000000e+03 2.535943085143482567e-07
1.912000000000000000e+03 2.428175433065899089e-07
1.913000000000000000e+03 2.325244325336786177e-07
1.914000000000000000e+03 2.227236011923080161e-07
1.915000000000000000e+03 2.134191639508486628e-07
1.916000000000000000e+03 2.046108666761746710e-07
1.917000000000000000e+03 1.962943101416083811e-07
1.918000000000000000e+03 1.884611296903286234e-07
1.919000000000000000e+03 1.810992129636114689e-07
1.920000000000000000e+03 1.741928951929501545e-07
1.921000000000000000e+03 1.677232090985665138e-07
1.922000000000000000e+03 1.616680913677856775e-07
1.923000000000000000e+03 1.560026016173171943e-07
1.924000000000000000e+03 1.506991798973899352e-07
1.925000000000000000e+03 1.457278673706793660e-07
1.926000000000000000e+03 1.410565321015402320e-07
1.927000000000000000e+03 1.366510332473849301e-07
1.928000000000000000e+03 1.324754524995128506e-07
1.929000000000000000e+03 1.284922972379477035e-07
1.930000000000000000e+03 1.246627160460722245e-07
1.931000000000000000e+03 1.209466725936497436e-07
1.932000000000000000e+03 1.173031807433677011e-07
1.933000000000000000e+03 1.136904761777767313e-07
1.934000000000000000e+03 1.100662455336229115e-07
1.935000000000000000e+03 1.063878199469553508e-07
1.936000000000000000e+03 1.026123607921689043e-07
1.937000000000000000e+03 9.869707918942702941e-08
1.938000000000000000e+03 9.459946607766391681e-08
1.939000000000000000e+03 9.027747176843892688e-08
1.940000000000000000e+03 8.568973914778336151e-08
1.941000000000000000e+03 8.079582461006184946e-08
1.942000000000000000e+03 7.555640654666256590e-08
1.943000000000000000e+03 6.993348825839550526e-08
1.944000000000000000e+03 6.389058414032489035e-08
1.945000000000000000e+03 5.739292328634398280e-08
1.946000000000000000e+03 5.040768176503335988e-08
1.947000000000000000e+03 4.290416237518595513e-08
1.948000000000000000e+03 3.485393933770590107e-08
1.949000000000000000e+03 2.623105689757995246e-08
1.950000000000000000e+03 1.701220037808744105e-08
1.951000000000000000e+03 7.176845298342505246e-09
1.952000000000000000e+03 -3.292582274290158803e-09
1.953000000000000000e+03 -1.441054510565214470e-08
1.954000000000000000e+03 -2.618826851719921298e-08
1.955000000000000000e+03 -3.863361065891043871e-08
1.956000000000000000e+03 -5.175092370202584653e-08
1.957000000000000000e+03 -6.554095821105667936e-08
1.958000000000000000e+03 -8.000073563406557858e-08
1.959000000000000000e+03 -9.512347261309238903e-08
1.960000000000000000e+03 -1.108985227714148543e-07
1.961000000000000000e+03 -1.273112960527103402e-07
1.962000000000000000e+03 -1.443431621920714073e-07
1.963000000000000000e+03 -1.619714408834551220e-07
1.964000000000000000e+03 -1.801693639787954570e-07
1.965000000000000000e+03 -1.989060600191597533e-07
1.966000000000000000e+03 -2.181465380931924106e-07
1.967000000000000000e+03 -2.378517581621673167e-07
1.968000000000000000e+03 -2.579786192306286000e-07
1.969000000000000000e+03 -2.784800072302365402e-07
1.970000000000000000e+03 -2.993048720671965312e-07
1.971000000000000000e+03 -3.203983775149742464e-07
1.972000000000000000e+03 -3.417020122422821695e-07
1.973000000000000000e+03 -3.631537434920235899e-07
1.974000000000000000e+03 -3.846882222751407011e-07
1.975000000000000000e+03 -4.062370185789486597e-07
1.976000000000000000e+03 -4.277289082610260557e-07
1.977000000000000000e+03 -4.490901917776269199e-07
1.978000000000000000e+03 -4.702449985881717169e-07
1.979000000000000000e+03 -4.911157276231648169e-07
1.980000000000000000e+03 -5.116234623220755794e-07
1.981000000000000000e+03 -5.316884315858482117e-07
1.982000000000000000e+03 -5.512304774025960600e-07
1.983000000000000000e+03 -5.701695645544726207e-07
1.984000000000000000e+03 -5.884263194387365143e-07
1.985000000000000000e+03 -6.059225418654261831e-07
1.986000000000000000e+03 -6.225817056390178528e-07
1.987000000000000000e+03 -6.383294872232193513e-07
1.988000000000000000e+03 -6.530942916705727785e-07
1.989000000000000000e+03 -6.668077223694663170e-07
1.990000000000000000e+03 -6.794050767403132536e-07
1.991000000000000000e+03 -6.908257397529444226e-07
1.992000000000000000e+03 -7.010135749310235130e-07
1.993000000000000000e+03 -7.099172374476623418e-07
1.994000000000000000e+03 -7.174904497496544286e-07
1.995000000000000000e+03 -7.236922749370555898e-07
1.996000000000000000e+03 -7.284872807032429770e-07
1.997000000000000000e+03 -7.318456005848492036e-07
1.998000000000000000e+03 -7.337430401259883364e-07
1.999000000000000000e+03 -7.341611129012248063e-07
2.000000000000000000e+03 -7.330869718824428213e-07
2.001000000000000000e+03 -7.305133311700254606e-07
2.002000000000000000e+03 -7.264383865578929107e-07
2.003000000000000000e+03 -7.208657038375773587e-07
2.004000000000000000e+03 -7.138040712449012563e-07
2.005000000000000000e+03 -7.052673656610313268e-07
2.006000000000000000e+03 -6.952744070924528554e-07
2.007000000000000000e+03 -6.838487936623148491e-07
2.008000000000000000e+03 -6.710188012557257328e-07
2.009000000000000000e+03 -6.568172106808338253e-07
2.010000000000000000e+03 -6.412811652961411147e-07
2.011000000000000000e+03 -6.244520395153614155e-07
2.012000000000000000e+03 -6.063752845481300018e-07
2.013000000000000000e+03 -5.871003071126053126e-07
2.014000000000000000e+03 -5.666803233800314927e-07
2.015000000000000000e+03 -5.451721986319850825e-07
2.016000000000000000e+03 -5.226363308543895887e-07
2.017000000000000000e+03 -4.991365275089582316e-07
2.018000000000000000e+03 -4.747398765644900214e-07
2.019000000000000000e+03 -4.495165862313937524e-07
2.020000000000000000e+03 -4.235398717232212427e-07
2.021000000000000000e+03 -3.968857790840402170e-07
2.022000000000000000e+03 -3.696330360682583719e-07
2.023000000000000000e+03 -3.418628763481353279e-07
2.024000000000000000e+03 -3.136589059404231100e-07
2.025000000000000000e+03 -2.851069109435823197e-07
2.026000000000000000e+03 -2.562946099512695273e-07
2.027000000000000000e+03 -2.273113987817462724e-07
2.028000000000000000e+03 -1.982481481152218624e-07
2.029000000000000000e+03 -1.691968983002151086e-07
2.030000000000000000e+03 -1.402505651503606433e-07
2.031000000000000000e+03 -1.115025991528593811e-07
2.032000000000000000e+03 -8.304664028520243228e-08
2.033000000000000000e+03 -5.497616289426942777e-08
2.034000000000000000e+03 -2.738410715661530992e-08
2.035000000000000000e+03 -3.624428688922413846e-10
2.036000000000000000e+03 2.599819588051314365e-08
2.037000000000000000e+03 5.160896609257971333e-08
2.038000000000000000e+03 7.638323594032759981e-08
2.039000000000000000e+03 1.002369764297759860e-07
2.040000000000000000e+03 1.230891627830183561e-07
2.041000000000000000e+03 1.448622006219566009e-07
2.042000000000000000e+03 1.654822823744933992e-07
2.043000000000000000e+03 1.848797277647321432e-07
2.044000000000000000e+03 2.029893369813376906e-07
2.045000000000000000e+03 2.197506984116616750e-07
2.046000000000000000e+03 2.351084693595473516e-07
2.047000000000000000e+03 2.490126515045739391e-07
2.048000000000000000e+03 2.614188331562412320e-07
2.049000000000000000e+03 2.722883986359027032e-07
2.050000000000000000e+03 2.815887443247220634e-07
2.051000000000000000e+03 2.892934549900503850e-07
2.052000000000000000e+03 2.953824191723528104e-07
2.053000000000000000e+03 2.998419803951038116e-07
2.054000000000000000e+03 3.026650361395768309e-07
2.055000000000000000e+03 3.038511138947464970e-07
2.056000000000000000e+03 3.034064114930887879e-07
2.057000000000000000e+03 3.013437866343892893e-07
2.058000000000000000e+03 2.976827265124199845e-07
2.059000000000000000e+03 2.924492756352171837e-07
2.060000000000000000e+03 2.856759273395810108e-07
2.061000000000000000e+03 2.774014618828406712e-07
2.062000000000000000e+03 2.676707384202990630e-07
2.063000000000000000e+03 2.565344755837324002e-07
2.064000000000000000e+03 2.440490076240309463e-07
2.065000000000000000e+03 2.302759904800980167e-07
2.066000000000000000e+03 2.152821065789274011e-07
2.067000000000000000e+03 1.991387192132443102e-07
2.068000000000000000e+03 1.819215393600783659e-07
2.069000000000000000e+03 1.637102626197034116e-07
2.070000000000000000e+03 1.445882095460125400e-07
2.071000000000000000e+03 1.246419302773718139e-07
2.072000000000000000e+03 1.039608186513517814e-07
2.073000000000000000e+03 8.263670847930367849e-08
2.074000000000000000e+03 6.076344607797727355e-08
2.075000000000000000e+03 3.843645712099134850e-08
2.076000000000000000e+03 1.575231902350691474e-08
2.077000000000000000e+03 -7.191643696081602150e-09
2.078000000000000000e+03 -3.029780439075077897e-08
2.079000000000000000e+03 -5.346868215466676538e-08
2.080000000000000000e+03 -7.660736997071997469e-08
2.081000000000000000e+03 -9.961797840968034793e-08
2.082000000000000000e+03 -1.224060588243910052e-07
2.083000000000000000e+03 -1.448789946184297542e-07
2.084000000000000000e+03 -1.669464115639784916e-07
2.085000000000000000e+03 -1.885205493810194307e-07
2.086000000000000000e+03 -2.095166679465668549e-07
2.087000000000000000e+03 -2.298533967683688328e-07
2.088000000000000000e+03 -2.494530174261010748e-07
2.089000000000000000e+03 -2.682417996017842316e-07
2.090000000000000000e+03 -2.861502642007612175e-07
2.091000000000000000e+03 -3.031134690771612635e-07
2.092000000000000000e+03 -3.190712236360249703e-07
2.093000000000000000e+03 -3.339683305657556947e-07
2.094000000000000000e+03 -3.477547332121532093e-07
2.095000000000000000e+03 -3.603857389722630208e-07
2.096000000000000000e+03 -3.718221557178657554e-07
2.097000000000000000e+03 -3.820303908225914664e-07
2.098000000000000000e+03 -3.909825703472983080e-07
2.099000000000000000e+03 -3.986566285174373875e-07
2.100000000000000000e+03 -4.050363449097402837e-07
2.101000000000000000e+03 -4.101113807943261509e-07
2.102000000000000000e+03 -4.138772409897024037e-07
2.103000000000000000e+03 -4.163352928682888710e-07
2.104000000000000000e+03 -4.174927216494723975e-07
2.105000000000000000e+03 -4.173624092103878202e-07
2.106000000000000000e+03 -4.159628896638183690e-07
2.107000000000000000e+03 -4.133182327806171900e-07
2.108000000000000000e+03 -4.094578938699172316e-07
2.109000000000000000e+03 -4.044165415496492782e-07
2.110000000000000000e+03 -3.982338772522553269e-07
2.111000000000000000e+03 -3.909544112697025994e-07
2.112000000000000000e+03 -3.826271984699945273e-07
2.113000000000000000e+03 -3.733056293366657637e-07
2.114000000000000000e+03 -3.630471784679207387e-07
2.115000000000000000e+03 -3.519130476455214478e-07
2.116000000000000000e+03 -3.399678610061769507e-07
2.117000000000000000e+03 -3.272793220451342353e-07
2.118000000000000000e+03 -3.139178515464389350e-07
2.119000000000000000e+03 -2.999562091583448221e-07
2.120000000000000000e+03 -2.854690921603699288e-07
2.121000000000000000e+03 -2.705327038246725869e-07
2.122000000000000000e+03 -2.552243216390762301e-07
2.123000000000000000e+03 -2.396218221662085796e-07
2.124000000000000000e+03 -2.238032464949443282e-07
2.125000000000000000e+03 -2.078462993864004095e-07
2.126000000000000000e+03 -1.918278912061941739e-07
2.127000000000000000e+03 -1.758235898428198497e-07
2.128000000000000000e+03 -1.599071544919783152e-07
2.129000000000000000e+03 -1.441500569982132886e-07
2.130000000000000000e+03 -1.286210103514580646e-07
2.131000000000000000e+03 -1.133854946118864345e-07
2.132000000000000000e+03 -9.850530272964270861e-08
2.133000000000000000e+03 -8.403816300985509288e-08
2.134000000000000000e+03 -7.003735173336185014e-08
2.135000000000000000e+03 -5.655135052690551404e-08
2.136000000000000000e+03 -4.362357771623658278e-08
2.137000000000000000e+03 -3.129209482495362735e-08
2.138000000000000000e+03 -1.958942073779548793e-08
2.139000000000000000e+03 -8.542372358562034092e-09
2.140000000000000000e+03 1.828057136184656381e-09
2.141000000000000000e+03 1.150676544245299988e-08
2.142000000000000000e+03 2.048456788458584732e-08
2.143000000000000000e+03 2.875815725090776769e-08
2.144000000000000000e+03 3.633006213597614619e-08
2.145000000000000000e+03 4.320857103383539834e-08
2.146000000000000000e+03 4.940761914891262970e-08
2.147000000000000000e+03 5.494659608646097995e-08
2.148000000000000000e+03 5.985020221192203325e-08
2.149000000000000000e+03 6.414820059057929378e-08
2.150000000000000000e+03 6.787519407511535121e-08
2.151000000000000000e+03 7.107031368107200609e-08
2.152000000000000000e+03 7.377693913680454598e-08
2.153000000000000000e+03 7.604238193836106461e-08
2.154000000000000000e+03 7.791754223996732203e-08
2.155000000000000000e+03 7.945657775824516259e-08
2.156000000000000000e+03 8.071652356183184283e-08
2.157000000000000000e+03 8.175690370149749424e-08
2.158000000000000000e+03 8.263934609014695129e-08
2.159000000000000000e+03 8.342721543839530441e-08
2.160000000000000000e+03 8.418516366642854729e-08
2.161000000000000000e+03 8.497872610573638820e-08
2.162000000000000000e+03 8.587391115701620469e-08
2.163000000000000000e+03 8.693676939882209032e-08
2.164000000000000000e+03 8.823293804257930743e-08
2.165000000000000000e+03 8.982720794383364337e-08
2.166000000000000000e+03 9.178306406207572533e-08
2.167000000000000000e+03 9.416221047326381759e-08
2.168000000000000000e+03 9.702412111385934468e-08
2.169000000000000000e+03 1.004255808940379559e-07
2.170000000000000000e+03 1.044201999178678230e-07
2.171000000000000000e+03 1.090579762801284088e-07
2.172000000000000000e+03 1.143848289070391564e-07
2.173000000000000000e+03 1.204421717332228202e-07
2.174000000000000000e+03 1.272665065664537123e-07
2.175000000000000000e+03 1.348890196483740225e-07
2.176000000000000000e+03 1.433352646705345058e-07
2.177000000000000000e+03 1.526248124085236313e-07
2.178000000000000000e+03 1.627709452012696474e-07
2.179000000000000000e+03 1.737804417219814730e-07
2.180000000000000000e+03 1.856534115089751995e-07
2.181000000000000000e+03 1.983831518678672600e-07
2.182000000000000000e+03 2.119560705845042286e-07
2.183000000000000000e+03 2.263516675896704274e-07
2.184000000000000000e+03 2.415425736073047236e-07
2.185000000000000000e+03 2.574947093870226882e-07
2.186000000000000000e+03 2.741674040592145172e-07
2.187000000000000000e+03 2.915136155873421536e-07
2.188000000000000000e+03 3.094802031587668872e-07
2.189000000000000000e+03 3.280082522438083181e-07
2.190000000000000000e+03 3.470334339465995166e-07
2.191000000000000000e+03 3.664864011849920112e-07
2.192000000000000000e+03 3.862931636290309519e-07
2.193000000000000000e+03 4.063755467974408156e-07
2.194000000000000000e+03 4.266516502699632990e-07
2.195000000000000000e+03 4.470363116010535968e-07
2.196000000000000000e+03 4.674416364064834492e-07
2.197000000000000000e+03 4.877774428422253234e-07
2.198000000000000000e+03 5.079517648538768531e-07
2.199000000000000000e+03 5.278713930454341577e-07
2.200000000000000000e+03 5.474423857274906114e-07
2.201000000000000000e+03 5.665706290739964566e-07
2.202000000000000000e+03 5.851624157114841232e-07
2.203000000000000000e+03 6.031249915812857995e-07
2.204000000000000000e+03 6.203671305899544317e-07
2.205000000000000000e+03 6.367997180497085726e-07
2.206000000000000000e+03 6.523363637096682035e-07
2.207000000000000000e+03 6.668939615727758882e-07
2.208000000000000000e+03 6.803932703750364602e-07
2.209000000000000000e+03 6.927594984154646806e-07
2.210000000000000000e+03 7.039228385243912064e-07
2.211000000000000000e+03 7.138189240687533300e-07
2.212000000000000000e+03 7.223893818781349151e-07
2.213000000000000000e+03 7.295822608705856427e-07
2.214000000000000000e+03 7.353524343288176792e-07
2.215000000000000000e+03 7.396618782917744519e-07
2.216000000000000000e+03 7.424799819082701463e-07
2.217000000000000000e+03 7.437837498044890244e-07
2.218000000000000000e+03 7.435579288943671835e-07
2.219000000000000000e+03 7.417951125890780517e-07
2.220000000000000000e+03 7.384956948881975301e-07
2.221000000000000000e+03 7.336678660948353631e-07
2.222000000000000000e+03 7.273274785981094975e-07
2.223000000000000000e+03 7.194978569972814601e-07
2.224000000000000000e+03 7.102095549929344005e-07
2.225000000000000000e+03 6.995000770927326360e-07
2.226000000000000000e+03 6.874135760823990351e-07
2.227000000000000000e+03 6.740004256049965450e-07
2.228000000000000000e+03 6.593167827824830846e-07
2.229000000000000000e+03 6.434241526823251676e-07
2.230000000000000000e+03 6.263888762976386278e-07
2.231000000000000000e+03 6.082816523572273594e-07
2.232000000000000000e+03 5.891770368952380494e-07
2.233000000000000000e+03 5.691529477383328724e-07
2.234000000000000000e+03 5.482901479664776676e-07
2.235000000000000000e+03 5.266717284200652499e-07
2.236000000000000000e+03 5.043826078385081972e-07
2.237000000000000000e+03 4.815090925869312746e-07
2.238000000000000000e+03 4.581384050260688511e-07
2.239000000000000000e+03 4.343582511552185110e-07
2.240000000000000000e+03 4.102563774647353820e-07
2.241000000000000000e+03 3.859201531412254094e-07
2.242000000000000000e+03 3.614361372912246465e-07
2.243000000000000000e+03 3.368897118099249152e-07
2.244000000000000000e+03 3.123647303526561108e-07
2.245000000000000000e+03 2.879431420074376758e-07
2.246000000000000000e+03 2.637046592865350714e-07
2.247000000000000000e+03 2.397264596960780270e-07
2.248000000000000000e+03 2.160829029079558501e-07
2.249000000000000000e+03 1.928452225865261266e-07
2.250000000000000000e+03 1.700813141703070122e-07
2.251000000000000000e+03 1.478554983728340747e-07
2.252000000000000000e+03 1.262283446448190654e-07
2.253000000000000000e+03 1.052565083645122142e-07
2.254000000000000000e+03 8.499256253284345103e-08
2.255000000000000000e+03 6.548486791179127731e-08
2.256000000000000000e+03 4.677748352111090938e-08
2.257000000000000000e+03 2.891004215211333877e-08
2.258000000000000000e+03 1.191767956499198769e-08
2.259000000000000000e+03 -4.169010980397944683e-09
2.260000000000000000e+03 -1.932401954057387025e-08
2.261000000000000000e+03 -3.352588608931848804e-08
2.262000000000000000e+03 -4.675768829499067273e-08
2.263000000000000000e+03 -5.900701790326397296e-08
2.264000000000000000e+03 -7.026590307755725580e-08
2.265000000000000000e+03 -8.053074164038891846e-08
2.266000000000000000e+03 -8.980222548320219494e-08
2.267000000000000000e+03 -9.808520472135532707e-08
2.268000000000000000e+03 -1.053885701596644336e-07
2.269000000000000000e+03 -1.117251545495045966e-07
2.270000000000000000e+03 -1.171115884632086206e-07
2.271000000000000000e+03 -1.215681797450582351e-07
2.272000000000000000e+03 -1.251188045010398677e-07
2.273000000000000000e+03 -1.277907069619356415e-07
2.274000000000000000e+03 -1.296143997814560303e-07
2.275000000000000000e+03 -1.306235534849374121e-07
2.276000000000000000e+03 -1.308548267494751800e-07
2.277000000000000000e+03 -1.303477418498390984e-07
2.278000000000000000e+03 -1.291445285956218336e-07
2.279000000000000000e+03 -1.272899602181783073e-07
2.280000000000000000e+03 -1.248312430055781315e-07
2.281000000000000000e+03 -1.218178619725717910e-07
2.282000000000000000e+03 -1.183014465144123054e-07
2.283000000000000000e+03 -1.143355884226372798e-07
2.284000000000000000e+03 -1.099756688781249244e-07
2.285000000000000000e+03 -1.052787196117741245e-07
2.286000000000000000e+03 -1.003031852706844836e-07
2.287000000000000000e+03 -9.510877585472894230e-08
2.288000000000000000e+03 -8.975623892336315215e-08
2.289000000000000000e+03 -8.430712934064713087e-08
2.290000000000000000e+03 -7.882358389337123561e-08
2.291000000000000000e+03 -7.336805463894884449e-08
2.292000000000000000e+03 -6.800305515272375065e-08
2.293000000000000000e+03 -6.279090987659713378e-08
2.294000000000000000e+03 -5.779347323971289362e-08
2.295000000000000000e+03 -5.307185325124764387e-08
2.296000000000000000e+03 -4.868615169475336581e-08
2.297000000000000000e+03 -4.469520366261325407e-08
2.298000000000000000e+03 -4.115628046127706807e-08
2.299000000000000000e+03 -3.812482290044290928e-08
2.300000000000000000e+03 -3.565421094682748086e-08
2.301000000000000000e+03 -3.379544111883676125e-08
2.302000000000000000e+03 -3.259690110229995640e-08
2.303000000000000000e+03 -3.210409889089303352e-08
2.304000000000000000e+03 -3.235939607828482245e-08
2.305000000000000000e+03 -3.340178625438295456e-08
2.306000000000000000e+03 -3.526663527223934744e-08
2.307000000000000000e+03 -3.798543811297929234e-08
2.308000000000000000e+03 -4.158559543977508499e-08
2.309000000000000000e+03 -4.609020207061124992e-08
2.310000000000000000e+03 -5.151781136285666682e-08
2.311000000000000000e+03 -5.788227241489266818e-08
2.312000000000000000e+03 -6.519253798431187628e-08
2.313000000000000000e+03 -7.345251004466968405e-08
2.314000000000000000e+03 -8.266085755182715420e-08
2.315000000000000000e+03 -9.281088396733564260e-08
2.316000000000000000e+03 -1.038904652266690526e-07
2.317000000000000000e+03 -1.158819705287534504e-07
2.318000000000000000e+03 -1.287622037218785820e-07
2.319000000000000000e+03 -1.425023578038518552e-07
2.320000000000000000e+03 -1.570680995817780442e-07
2.321000000000000000e+03 -1.724196002180205727e-07
2.322000000000000000e+03 -1.885116364289777357e-07
2.323000000000000000e+03 -2.052937644024083094e-07
2.324000000000000000e+03 -2.227104813315190456e-07
2.325000000000000000e+03 -2.407014431383356456e-07
2.326000000000000000e+03 -2.592017151585726864e-07
2.327000000000000000e+03 -2.781420930745937943e-07
2.328000000000000000e+03 -2.974494097025088839e-07
2.329000000000000000e+03 -3.170468861850549707e-07
2.330000000000000000e+03 -3.368545093588623430e-07
2.331000000000000000e+03 -3.567894652264844593e-07
2.332000000000000000e+03 -3.767666027705162924e-07
2.333000000000000000e+03 -3.966988780576824722e-07
2.334000000000000000e+03 -4.164978290823850351e-07
2.335000000000000000e+03 -4.360740540586911264e-07
2.336000000000000000e+03 -4.553377291954007273e-07
2.337000000000000000e+03 -4.741990980854305335e-07
2.338000000000000000e+03 -4.925689826752660832e-07
2.339000000000000000e+03 -5.103592779043135468e-07
2.340000000000000000e+03 -5.274834659849107256e-07
2.341000000000000000e+03 -5.438570611777983371e-07
2.342000000000000000e+03 -5.593980732172736828e-07
2.343000000000000000e+03 -5.740274635260280216e-07
2.344000000000000000e+03 -5.876695690094333454e-07
2.345000000000000000e+03 -6.002525496356902067e-07
2.346000000000000000e+03 -6.117087410103991843e-07
2.347000000000000000e+03 -6.219750164198211214e-07
2.348000000000000000e+03 -6.309931455437003780e-07
2.349000000000000000e+03 -6.387100882797959281e-07
2.350000000000000000e+03 -6.450782814909116704e-07
2.351000000000000000e+03 -6.500559145201706489e-07
2.352000000000000000e+03 -6.536071642318696811e-07
2.353000000000000000e+03 -6.557023862176542228e-07
2.354000000000000000e+03 -6.563182778528270629e-07
2.355000000000000000e+03 -6.554380335549961138e-07
2.356000000000000000e+03 -6.530514481779640570e-07
2.357000000000000000e+03 -6.491549830254376001e-07
2.358000000000000000e+03 -6.437517929706398493e-07
2.359000000000000000e+03 -6.368517029146963958e-07
2.360000000000000000e+03 -6.284711634754354630e-07
2.361000000000000000e+03 -6.186331565288244684e-07
2.362000000000000000e+03 -6.073670972683874413e-07
2.363000000000000000e+03 -5.947086846860741883e-07
2.364000000000000000e+03 -5.806996695476348275e-07
2.365000000000000000e+03 -5.653876111410392164e-07
2.366000000000000000e+03 -5.488256483584751569e-07
2.367000000000000000e+03 -5.310721717838230514e-07
2.368000000000000000e+03 -5.121905134549503334e-07
2.369000000000000000e+03 -4.922485955776136997e-07
2.370000000000000000e+03 -4.713185514411079707e-07
2.371000000000000000e+03 -4.494763084109997352e-07
2.372000000000000000e+03 -4.268011978302464860e-07
2.373000000000000000e+03 -4.033755311191901264e-07
2.374000000000000000e+03 -3.792841157091368209e-07
2.375000000000000000e+03 -3.546137883670291700e-07
2.376000000000000000e+03 -3.294529661723531932e-07
2.377000000000000000e+03 -3.038911791208565588e-07
2.378000000000000000e+03 -2.780185880200536214e-07
2.379000000000000000e+03 -2.519254953144266470e-07
2.380000000000000000e+03 -2.257018872818015671e-07
2.381000000000000000e+03 -1.994369778627266252e-07
2.382000000000000000e+03 -1.732187565080335261e-07
2.383000000000000000e+03 -1.471335193130332296e-07
2.384000000000000000e+03 -1.212654346777480198e-07
2.385000000000000000e+03 -9.569609844720360132e-08
2.386000000000000000e+03 -7.050418359861946155e-08
2.387000000000000000e+03 -4.576504305367504551e-08
2.388000000000000000e+03 -2.155034125294125391e-08
2.389000000000000000e+03 2.072215984701941914e-09
2.390000000000000000e+03 2.503917425397702834e-08
2.391000000000000000e+03 4.729161674573431923e-08
2.392000000000000000e+03 6.877533435161539304e-08
2.393000000000000000e+03 8.944101675964286911e-08
2.394000000000000000e+03 1.092443235741402952e-07
2.395000000000000000e+03 1.281459592529529943e-07
2.396000000000000000e+03 1.461117378384879504e-07
2.397000000000000000e+03 1.631125537598781333e-07
2.398000000000000000e+03 1.791243207867826790e-07
2.399000000000000000e+03 1.941279460918228108e-07
2.400000000000000000e+03 2.081091897376296671e-07
2.401000000000000000e+03 2.210585624001383316e-07
2.402000000000000000e+03 2.329711377256278964e-07
2.403000000000000000e+03 2.438464030268486991e-07
2.404000000000000000e+03 2.536880520653953557e-07
2.405000000000000000e+03 2.625038040948726760e-07
2.406000000000000000e+03 2.703051521739494716e-07
2.407000000000000000e+03 2.771071351405325675e-07
2.408000000000000000e+03 2.829280948724760974e-07
2.409000000000000000e+03 2.877893867170642724e-07
2.410000000000000000e+03 2.917150909524635063e-07
2.411000000000000000e+03 2.947317367377771753e-07
2.412000000000000000e+03 2.968679914144735521e-07
2.413000000000000000e+03 2.981543138231009128e-07
2.414000000000000000e+03 2.986226627064184682e-07
2.415000000000000000e+03 2.983061615431691149e-07
2.416000000000000000e+03 2.972387624592803115e-07
2.417000000000000000e+03 2.954549770614303931e-07
2.418000000000000000e+03 2.929895496305480915e-07
2.419000000000000000e+03 2.898772109093635505e-07
2.420000000000000000e+03 2.861523856664523263e-07
2.421000000000000000e+03 2.818489688382301717e-07
2.422000000000000000e+03 2.770001136036914377e-07
2.423000000000000000e+03 2.716380766414979389e-07
2.424000000000000000e+03 2.657940720958141972e-07
2.425000000000000000e+03 2.594981615363792864e-07
2.426000000000000000e+03 2.527791386136335621e-07
2.427000000000000000e+03 2.456644899831334294e-07
2.428000000000000000e+03 2.381803783018899811e-07
2.429000000000000000e+03 2.303515720940947257e-07
2.430000000000000000e+03 2.222014542723300639e-07
2.431000000000000000e+03 2.137520390095087949e-07
2.432000000000000000e+03 2.050239913547438211e-07
2.433000000000000000e+03 1.960366566121973440e-07
2.434000000000000000e+03 1.868080864955701074e-07
2.435000000000000000e+03 1.773550813275256889e-07
2.436000000000000000e+03 1.676932375718074095e-07
2.437000000000000000e+03 1.578370385704880104e-07
2.438000000000000000e+03 1.477998787021034336e-07
2.439000000000000000e+03 1.375941086588850151e-07
2.440000000000000000e+03 1.272311175732462599e-07
2.441000000000000000e+03 1.167213911146955723e-07
2.442000000000000000e+03 1.060745788724236132e-07
2.443000000000000000e+03 9.529959074978302468e-08
2.444000000000000000e+03 8.440468474939997147e-08
2.445000000000000000e+03 7.339754044779516971e-08
2.446000000000000000e+03 6.228537639227569389e-08
2.447000000000000000e+03 5.107503105011330047e-08
2.448000000000000000e+03 3.977304108144888631e-08
2.449000000000000000e+03 2.838573686542372537e-08
2.450000000000000000e+03 1.691932385923082510e-08
2.451000000000000000e+03 5.380003469694894412e-09
2.452000000000000000e+03 -6.225975142214271823e-09
2.453000000000000000e+03 -1.789224207913855632e-08
2.454000000000000000e+03 -2.961224802226905573e-08
2.455000000000000000e+03 -4.137916301253476925e-08
2.456000000000000000e+03 -5.318582637841360507e-08
2.457000000000000000e+03 -6.502467161442171147e-08
2.458000000000000000e+03 -7.688768618687614686e-08
2.459000000000000000e+03 -8.876629768736445169e-08
2.460000000000000000e+03 -1.006513493591029808e-07
2.461000000000000000e+03 -1.125330459993650568e-07
2.462000000000000000e+03 -1.244008595533412877e-07
2.463000000000000000e+03 -1.362435070856877561e-07
2.464000000000000000e+03 -1.480488823021126705e-07
2.465000000000000000e+03 -1.598039844061724824e-07
2.466000000000000000e+03 -1.714949277651332667e-07
2.467000000000000000e+03 -1.831068710212923254e-07
2.468000000000000000e+03 -1.946239791816259260e-07
2.469000000000000000e+03 -2.060293992931637043e-07
2.470000000000000000e+03 -2.173052419423027928e-07
2.471000000000000000e+03 -2.284325811380391663e-07
2.472000000000000000e+03 -2.393914706283826816e-07
2.473000000000000000e+03 -2.501609618387951846e-07
2.474000000000000000e+03 -2.607191297866741056e-07
2.475000000000000000e+03 -2.710431070886842618e-07
2.476000000000000000e+03 -2.811091659280671557e-07
2.477000000000000000e+03 -2.908927832423876528e-07
2.478000000000000000e+03 -3.003686816658493329e-07
2.479000000000000000e+03 -3.095109026666381300e-07
2.480000000000000000e+03 -3.182929306659930626e-07
2.481000000000000000e+03 -3.266877741004237970e-07
2.482000000000000000e+03 -3.346681098931581672e-07
2.483000000000000000e+03 -3.422063822611548655e-07
2.484000000000000000e+03 -3.492749726492002896e-07
2.485000000000000000e+03 -3.558463648384503784e-07
2.486000000000000000e+03 -3.618932982931784508e-07
2.487000000000000000e+03 -3.673889874134903441e-07
2.488000000000000000e+03 -3.723073273787547742e-07
2.489000000000000000e+03 -3.766230779084273627e-07
2.490000000000000000e+03 -3.803120519210696859e-07
2.491000000000000000e+03 -3.833513435693590858e-07
2.492000000000000000e+03 -3.857195261866700375e-07
2.493000000000000000e+03 -3.873967989705202592e-07
2.494000000000000000e+03 -3.883651753094789953e-07
2.495000000000000000e+03 -3.886086190817507002e-07
2.496000000000000000e+03 -3.881131600864646210e-07
2.497000000000000000e+03 -3.868669976782772844e-07
2.498000000000000000e+03 -3.848605645285364898e-07
2.499000000000000000e+03 -3.820865904175762519e-07
2.500000000000000000e+03 -3.785401020835193540e-07
2.501000000000000000e+03 -3.742184408161731854e-07
2.502000000000000000e+03 -3.691212019956486116e-07
2.503000000000000000e+03 -3.632502183965996958e-07
2.504000000000000000e+03 -3.566094980446264541e-07
2.505000000000000000e+03 -3.492051425895053859e-07
2.506000000000000000e+03 -3.410452531325447071e-07
2.507000000000000000e+03 -3.321397293122298220e-07
2.508000000000000000e+03 -3.225001581942303988e-07
2.509000000000000000e+03 -3.121396963804852380e-07
2.510000000000000000e+03 -3.010728502318085098e-07
2.511000000000000000e+03 -2.893153087550762704e-07
2.512000000000000000e+03 -2.768838399565661969e-07
2.513000000000000000e+03 -2.637960797255643832e-07
2.514000000000000000e+03 -2.500703923808321618e-07
2.515000000000000000e+03 -2.357257729828624056e-07
2.516000000000000000e+03 -2.207817051843335201e-07
2.517000000000000000e+03 -2.052580968730352456e-07
2.518000000000000000e+03 -1.891752024565271903e-07
2.519000000000000000e+03 -1.725536149285427165e-07
2.520000000000000000e+03 -1.554142508895436232e-07
2.521000000000000000e+03 -1.377784065443700443e-07
2.522000000000000000e+03 -1.196678251951696363e-07
2.523000000000000000e+03 -1.011047666361819382e-07
2.524000000000000000e+03 -8.211209683588151217e-08
2.525000000000000000e+03 -6.271343274087479026e-08
2.526000000000000000e+03 -4.293320573618052175e-08
2.527000000000000000e+03 -2.279677031071511252e-08
2.528000000000000000e+03 -2.330518666973062832e-09
2.529000000000000000e+03 1.843800047318082052e-08
2.530000000000000000e+03 3.948003966051945145e-08
2.531000000000000000e+03 6.076559965507212452e-08
2.532000000000000000e+03 8.226340195783606566e-08
2.533000000000000000e+03 1.039408522295730436e-07
2.534000000000000000e+03 1.257640849116224924e-07
2.535000000000000000e+03 1.476979909824987878e-07
2.536000000000000000e+03 1.697063138778592240e-07
2.537000000000000000e+03 1.917517390300144420e-07
2.538000000000000000e+03 2.137960814673867917e-07
2.539000000000000000e+03 2.358004374974046441e-07
2.540000000000000000e+03 2.577254176441734968e-07
2.541000000000000000e+03 2.795313088482123834e-07
2.542000000000000000e+03 3.011783695359382471e-07
2.543000000000000000e+03 3.226270509216352322e-07
2.544000000000000000e+03 3.438382760713722470e-07
2.545000000000000000e+03 3.647737348147548997e-07
2.546000000000000000e+03 3.853961894022140611e-07
2.547000000000000000e+03 4.056696795767353693e-07
2.548000000000000000e+03 4.255598015673246949e-07
2.549000000000000000e+03 4.450340143406088997e-07
2.550000000000000000e+03 4.640618101126000491e-07
2.551000000000000000e+03 4.826149187053109458e-07
2.552000000000000000e+03 5.006674874378156989e-07
2.553000000000000000e+03 5.181962011552816315e-07
2.554000000000000000e+03 5.351803570799123472e-07
2.555000000000000000e+03 5.516019774507279506e-07
2.556000000000000000e+03 5.674458075038067258e-07
2.557000000000000000e+03 5.826992438908860169e-07
2.558000000000000000e+03 5.973522670238025292e-07
2.559000000000000000e+03 6.113973292754350315e-07
2.560000000000000000e+03 6.248292335646787372e-07
2.561000000000000000e+03 6.376449341761494899e-07
2.562000000000000000e+03 6.498433316012508402e-07
2.563000000000000000e+03 6.614250140277753018e-07
2.564000000000000000e+03 6.723920229036468067e-07
2.565000000000000000e+03 6.827475304421380522e-07
2.566000000000000000e+03 6.924955457945097839e-07
2.567000000000000000e+03 7.016406283263109493e-07
2.568000000000000000e+03 7.101875908679890467e-07
2.569000000000000000e+03 7.181411698846882229e-07
2.570000000000000000e+03 7.255056803336985182e-07
2.571000000000000000e+03 7.322848103546435047e-07
2.572000000000000000e+03 7.384812596095342198e-07
2.573000000000000000e+03 7.440965328270613055e-07
2.574000000000000000e+03 7.491306935895420363e-07
2.575000000000000000e+03 7.535821181358169774e-07
2.576000000000000000e+03 7.574473282843672691e-07
2.577000000000000000e+03 7.607208233549245060e-07
2.578000000000000000e+03 7.633949682268157602e-07
2.579000000000000000e+03 7.654599082698848773e-07
2.580000000000000000e+03 7.669034932583806078e-07
2.581000000000000000e+03 7.677112581155617051e-07
2.582000000000000000e+03 7.678665086613977805e-07
2.583000000000000000e+03 7.673503662335511272e-07
2.584000000000000000e+03 7.661418766393470654e-07
2.585000000000000000e+03 7.642181719759819404e-07
2.586000000000000000e+03 7.615546860073589080e-07
2.587000000000000000e+03 7.581253642368495672e-07
2.588000000000000000e+03 7.539029651829264561e-07
2.589000000000000000e+03 7.488593860142965328e-07
2.590000000000000000e+03 7.429660233205993380e-07
2.591000000000000000e+03 7.361940606069859147e-07
2.592000000000000000e+03 7.285148664017894690e-07
2.593000000000000000e+03 7.199003556809447135e-07
2.594000000000000000e+03 7.103234438993671091e-07
2.595000000000000000e+03 6.997583532788767785e-07
2.596000000000000000e+03 6.881809847181670303e-07
2.597000000000000000e+03 6.755692801893711452e-07
2.598000000000000000e+03 6.619035448192103593e-07
2.599000000000000000e+03 6.471667484574376019e-07
2.600000000000000000e+03 6.313448186314295461e-07
2.601000000000000000e+03 6.144268744006882669e-07
2.602000000000000000e+03 5.964054800094197409e-07
2.603000000000000000e+03 5.772768722323085536e-07
2.604000000000000000e+03 5.570411544779618665e-07
2.605000000000000000e+03 5.357024588944390870e-07
2.606000000000000000e+03 5.132690974753961262e-07
2.607000000000000000e+03 4.897536999111760253e-07
2.608000000000000000e+03 4.651733591463969239e-07
2.609000000000000000e+03 4.395496946344040568e-07
2.610000000000000000e+03 4.129089778384490668e-07
2.611000000000000000e+03 3.852822081284554403e-07
2.612000000000000000e+03 3.567052004698959490e-07
2.613000000000000000e+03 3.272186325880032858e-07
2.614000000000000000e+03 2.968680996267564941e-07
2.615000000000000000e+03 2.657041125150774438e-07
2.616000000000000000e+03 2.337821016326939509e-07
2.617000000000000000e+03 2.011623895836034175e-07
2.618000000000000000e+03 1.679101216973230650e-07
2.619000000000000000e+03 1.340951992094258435e-07
2.620000000000000000e+03 9.979213358537261523e-08
2.621000000000000000e+03 6.507983632734353067e-08
2.622000000000000000e+03 3.004145006319842718e-08
2.623000000000000000e+03 -5.235913800092551934e-09
2.624000000000000000e+03 -4.066147199636902868e-08
2.625000000000000000e+03 -7.614111733064359336e-08
2.626000000000000000e+03 -1.115777614557285558e-07
2.627000000000000000e+03 -1.468717224108505159e-07
2.628000000000000000e+03 -1.819211495106968793e-07
2.629000000000000000e+03 -2.166224813710289292e-07
2.630000000000000000e+03 -2.508708872683071198e-07
2.631000000000000000e+03 -2.845607438971516190e-07
2.632000000000000000e+03 -3.175861676505628009e-07
2.633000000000000000e+03 -3.498414475446901178e-07
2.634000000000000000e+03 -3.812216013540431547e-07
2.635000000000000000e+03 -4.116228717923256977e-07
2.636000000000000000e+03 -4.409432448761558903e-07
2.637000000000000000e+03 -4.690829498534753402e-07
2.638000000000000000e+03 -4.959449988355394027e-07
2.639000000000000000e+03 -5.214356252362876237e-07
2.640000000000000000e+03 -5.454648151691441796e-07
2.641000000000000000e+03 -5.679468306069125952e-07
2.642000000000000000e+03 -5.888006617544056003e-07
2.643000000000000000e+03 -6.079505400451038570e-07
2.644000000000000000e+03 -6.253263761618297057e-07
2.645000000000000000e+03 -6.408641892797884138e-07
2.646000000000000000e+03 -6.545065150840394987e-07
2.647000000000000000e+03 -6.662027955575288889e-07
2.648000000000000000e+03 -6.759097425460276523e-07
2.649000000000000000e+03 -6.835916738586142990e-07
2.650000000000000000e+03 -6.892208042668596144e-07
2.651000000000000000e+03 -6.927775150324358816e-07
2.652000000000000000e+03 -6.942506124300684416e-07
2.653000000000000000e+03 -6.936374944455141025e-07
2.654000000000000000e+03 -6.909443035347094634e-07
2.655000000000000000e+03 -6.861860281144548207e-07
2.656000000000000000e+03 -6.793865813897804578e-07
2.657000000000000000e+03 -6.705788383542506523e-07
2.658000000000000000e+03 -6.598045667909359256e-07
2.659000000000000000e+03 -6.471143644033329792e-07
2.660000000000000000e+03 -6.325675270214384386e-07
2.661000000000000000e+03 -6.162318358221497587e-07
2.662000000000000000e+03 -5.981833228808017227e-07
2.663000000000000000e+03 -5.785059453284675362e-07
2.664000000000000000e+03 -5.572912499099854554e-07
2.665000000000000000e+03 -5.346379373777321285e-07
2.666000000000000000e+03 -5.106514206681538818e-07
2.667000000000000000e+03 -4.854432844729372851e-07
2.668000000000000000e+03 -4.591307407276809693e-07
2.669000000000000000e+03 -4.318360191681930485e-07
2.670000000000000000e+03 -4.036857256904735588e-07
2.671000000000000000e+03 -3.748101890917428829e-07
2.672000000000000000e+03 -3.453427573706112087e-07
2.673000000000000000e+03 -3.154190830561815351e-07
2.674000000000000000e+03 -2.851763526276827724e-07
2.675000000000000000e+03 -2.547525917688639858e-07
2.676000000000000000e+03 -2.242859075573248169e-07
2.677000000000000000e+03 -1.939137618014273749e-07
2.678000000000000000e+03 -1.637722339447146831e-07
2.679000000000000000e+03 -1.339953457756508972e-07
2.680000000000000000e+03 -1.047143305560680373e-07
2.681000000000000000e+03 -7.605699523804602256e-08
2.682000000000000000e+03 -4.814705100011021419e-08
2.683000000000000000e+03 -2.110353183768085082e-08
2.684000000000000000e+03 4.959797704410610847e-09
2.685000000000000000e+03 2.993493931075851475e-08
2.686000000000000000e+03 5.372019504548697942e-08
2.687000000000000000e+03 7.622059154796104882e-08
2.688000000000000000e+03 9.734829843019937990e-08
2.689000000000000000e+03 1.170229961588342555e-07
2.690000000000000000e+03 1.351722290006551249e-07
2.691000000000000000e+03 1.517316830838595572e-07
2.692000000000000000e+03 1.666453895055976481e-07
2.693000000000000000e+03 1.798659436668296349e-07
2.694000000000000000e+03 1.913546327813085345e-07
2.695000000000000000e+03 2.010815466045427085e-07
2.696000000000000000e+03 2.090256326236291426e-07
2.697000000000000000e+03 2.151747074207313651e-07
2.698000000000000000e+03 2.195254124567363789e-07
2.699000000000000000e+03 2.220830966238068323e-07
2.700000000000000000e+03 2.228616895860994558e-07
2.701000000000000000e+03 2.218835220780437529e-07
2.702000000000000000e+03 2.191790842897216048e-07
2.703000000000000000e+03 2.147867667687041059e-07
2.704000000000000000e+03 2.087525684031374808e-07
2.705000000000000000e+03 2.011297238290204503e-07
2.706000000000000000e+03 1.919783201674151320e-07
2.707000000000000000e+03 1.813649224586522652e-07
2.708000000000000000e+03 1.693621149941852231e-07
2.709000000000000000e+03 1.560480342627006112e-07
2.710000000000000000e+03 1.415058977668613254e-07
2.711000000000000000e+03 1.258234888615243289e-07
2.712000000000000000e+03 1.090926448900809370e-07
2.713000000000000000e+03 9.140870306540014452e-08
2.714000000000000000e+03 7.286994372289278622e-08
2.715000000000000000e+03 5.357700542073599751e-08
2.716000000000000000e+03 3.363229912022563871e-08
2.717000000000000000e+03 1.313944299817469693e-08
2.718000000000000000e+03 -7.797373572274798704e-09
2.719000000000000000e+03 -2.907392119073806944e-08
2.720000000000000000e+03 -5.058649357611647568e-08
2.721000000000000000e+03 -7.223246346666505316e-08
2.722000000000000000e+03 -9.391080825944111416e-08
2.723000000000000000e+03 -1.155226142041645576e-07
2.724000000000000000e+03 -1.369715763547940579e-07
2.725000000000000000e+03 -1.581645019170317800e-07
2.726000000000000000e+03 -1.790117475493392977e-07
2.727000000000000000e+03 -1.994276368329294323e-07
2.728000000000000000e+03 -2.193308729893791693e-07
2.729000000000000000e+03 -2.386448950150031175e-07
2.730000000000000000e+03 -2.572982326162861376e-07
2.731000000000000000e+03 -2.752247633547481103e-07
2.732000000000000000e+03 -2.923639722135923420e-07
2.733000000000000000e+03 -3.086611924464755087e-07
2.734000000000000000e+03 -3.240677426266122411e-07
2.735000000000000000e+03 -3.385410180485936445e-07
2.736000000000000000e+03 -3.520445618471680449e-07
2.737000000000000000e+03 -3.645480126319434426e-07
2.738000000000000000e+03 -3.760270995225879597e-07
2.739000000000000000e+03 -3.864635249254952033e-07
2.740000000000000000e+03 -3.958447412953009595e-07
2.741000000000000000e+03 -4.041637699847849106e-07
2.742000000000000000e+03 -4.114189644915385808e-07
2.743000000000000000e+03 -4.176137165473429218e-07
2.744000000000000000e+03 -4.227561678905850793e-07
2.745000000000000000e+03 -4.268589166650270974e-07
2.746000000000000000e+03 -4.299386957240784666e-07
2.747000000000000000e+03 -4.320160555820390170e-07
2.748000000000000000e+03 -4.331150563000317908e-07
2.749000000000000000e+03 -4.332629518186593163e-07
2.750000000000000000e+03 -4.324899136566001204e-07
2.751000000000000000e+03 -4.308287394617762957e-07
2.752000000000000000e+03 -4.283145507004197395e-07
2.753000000000000000e+03 -4.249845224459385772e-07
2.754000000000000000e+03 -4.208776249891702153e-07
2.755000000000000000e+03 -4.160343592246845256e-07
2.756000000000000000e+03 -4.104964862087113415e-07
2.757000000000000000e+03 -4.043068556943636481e-07
2.758000000000000000e+03 -3.975090879571955517e-07
2.759000000000000000e+03 -3.901473368334680396e-07
2.760000000000000000e+03 -3.822660970537011190e-07
2.761000000000000000e+03 -3.739100269841503556e-07
2.762000000000000000e+03 -3.651237433536520862e-07
2.763000000000000000e+03 -3.559515958714252958e-07
2.764000000000000000e+03 -3.464375161489199987e-07
2.765000000000000000e+03 -3.366248072429917030e-07
2.766000000000000000e+03 -3.265560151446951750e-07
2.767000000000000000e+03 -3.162727724524449344e-07
2.768000000000000000e+03 -3.058157083690619594e-07
2.769000000000000000e+03 -2.952242876822140530e-07
2.770000000000000000e+03 -2.845366692078129881e-07
2.771000000000000000e+03 -2.737895941501156538e-07
2.772000000000000000e+03 -2.630183341803065539e-07
2.773000000000000000e+03 -2.522565590083562136e-07
2.774000000000000000e+03 -2.415362241279748645e-07
2.775000000000000000e+03 -2.308875291556203950e-07
2.776000000000000000e+03 -2.203387939087446332e-07
2.777000000000000000e+03 -2.099164123806513894e-07
2.778000000000000000e+03 -1.996447959808925909e-07
2.779000000000000000e+03 -1.895463255053644829e-07
2.780000000000000000e+03 -1.796412766269559559e-07
2.781000000000000000e+03 -1.699478546711804973e-07
2.782000000000000000e+03 -1.604821568673854325e-07
2.783000000000000000e+03 -1.512581353595886772e-07
2.784000000000000000e+03 -1.422876350883774154e-07
2.785000000000000000e+03 -1.335804237132488924e-07
2.786000000000000000e+03 -1.251442546045737568e-07
2.787000000000000000e+03 -1.169848862903940576e-07
2.788000000000000000e+03 -1.091061299641820797e-07
2.789000000000000000e+03 -1.015099111719406822e-07
2.790000000000000000e+03 -9.419631444608952387e-08
2.791000000000000000e+03 -8.716364417078315483e-08
2.792000000000000000e+03 -8.040850234877106596e-08
2.793000000000000000e+03 -7.392582966869836397e-08
2.794000000000000000e+03 -6.770895641366975553e-08
2.795000000000000000e+03 -6.174964487130156555e-08
2.796000000000000000e+03 -5.603814336929903735e-08
2.797000000000000000e+03 -5.056322726734184619e-08
2.798000000000000000e+03 -4.531226920150651640e-08
2.799000000000000000e+03 -4.027125204031660903e-08
2.800000000000000000e+03 -3.542486029801695827e-08
2.801000000000000000e+03 -3.075652276238788130e-08
2.802000000000000000e+03 -2.624852405679100094e-08
2.803000000000000000e+03 -2.188206992538690202e-08
2.804000000000000000e+03 -1.763742981864858746e-08
2.805000000000000000e+03 -1.349400906536347235e-08
2.806000000000000000e+03 -9.430476727417206293e-09
2.807000000000000000e+03 -5.424931732518295803e-09
2.808000000000000000e+03 -1.455032473068305436e-09
2.809000000000000000e+03 2.501836467546793966e-09
2.810000000000000000e+03 6.468339298531467591e-09
2.811000000000000000e+03 1.046702966371266176e-08
2.812000000000000000e+03 1.452015966892242562e-08
2.813000000000000000e+03 1.864946802433730871e-08
2.814000000000000000e+03 2.287598032973159546e-08
2.815000000000000000e+03 2.721980348077248787e-08
2.816000000000000000e+03 3.169989965323236168e-08
2.817000000000000000e+03 3.633392231517671914e-08
2.818000000000000000e+03 4.113800633326231667e-08
2.819000000000000000e+03 4.612655360063307443e-08
2.820000000000000000e+03 5.131209661866974189e-08
2.821000000000000000e+03 5.670516482940053027e-08
2.822000000000000000e+03 6.231416710440898186e-08
2.823000000000000000e+03 6.814527910389126311e-08
2.824000000000000000e+03 7.420234553526310749e-08
2.825000000000000000e+03 8.048680595222023038e-08
2.826000000000000000e+03 8.699766244013839739e-08
2.827000000000000000e+03 9.373142712272773645e-08
2.828000000000000000e+03 1.006821356982314810e-07
2.829000000000000000e+03 1.078413356736230851e-07
2.830000000000000000e+03 1.151980535792939628e-07
2.831000000000000000e+03 1.227388318695957019e-07
2.832000000000000000e+03 1.304477827935309395e-07
2.833000000000000000e+03 1.383066122366398737e-07
2.834000000000000000e+03 1.462947255257808880e-07
2.835000000000000000e+03 1.543892505706964691e-07
2.836000000000000000e+03 1.625651871744484904e-07
2.837000000000000000e+03 1.707954436774388002e-07
2.838000000000000000e+03 1.790509563935843465e-07
2.839000000000000000e+03 1.873008660236288388e-07
2.840000000000000000e+03 1.955126304169050569e-07
2.841000000000000000e+03 2.036521712653309409e-07
2.842000000000000000e+03 2.116840721127824911e-07
2.843000000000000000e+03 2.195717393601397565e-07
2.844000000000000000e+03 2.272776465578556261e-07
2.845000000000000000e+03 2.347635206942186508e-07
2.846000000000000000e+03 2.419906031269432681e-07
2.847000000000000000e+03 2.489199075234718820e-07
2.848000000000000000e+03 2.555124498590217783e-07
2.849000000000000000e+03 2.617295141891892415e-07
2.850000000000000000e+03 2.675329638808863286e-07
2.851000000000000000e+03 2.728855099133244107e-07
2.852000000000000000e+03 2.777509461483233035e-07
2.853000000000000000e+03 2.820944692735371856e-07
2.854000000000000000e+03 2.858828971438029440e-07
2.855000000000000000e+03 2.890849222713591865e-07
2.856000000000000000e+03 2.916713868654194011e-07
2.857000000000000000e+03 2.936154912656843314e-07
2.858000000000000000e+03 2.948929640555805227e-07
2.859000000000000000e+03 2.954822739133196640e-07
2.860000000000000000e+03 2.953648239035979577e-07
2.861000000000000000e+03 2.945251507535573691e-07
2.862000000000000000e+03 2.929510682383103332e-07
2.863000000000000000e+03 2.906338679974195717e-07
2.864000000000000000e+03 2.875684636459243597e-07
2.865000000000000000e+03 2.837536134603626318e-07
2.866000000000000000e+03 2.791920507088047131e-07
2.867000000000000000e+03 2.738906316644203056e-07
2.868000000000000000e+03 2.678604848619077191e-07
2.869000000000000000e+03 2.611171210793127609e-07
2.870000000000000000e+03 2.536804945155469452e-07
2.871000000000000000e+03 2.455751068829207681e-07
2.872000000000000000e+03 2.368300114990245613e-07
2.873000000000000000e+03 2.274787786411981809e-07
2.874000000000000000e+03 2.175594738304691035e-07
2.875000000000000000e+03 2.071145741739495202e-07
2.876000000000000000e+03 1.961908280158317318e-07
2.877000000000000000e+03 1.848390662719705594e-07
2.878000000000000000e+03 1.731140184780813402e-07
2.879000000000000000e+03 1.610740048804833023e-07
2.880000000000000000e+03 1.487807349818523511e-07
2.881000000000000000e+03 1.362989744584564571e-07
2.882000000000000000e+03 1.236962260200491348e-07
2.883000000000000000e+03 1.110423499733801054e-07
2.884000000000000000e+03 9.840912590035808654e-08
2.885000000000000000e+03 8.586981881443995542e-08
2.886000000000000000e+03 7.349875508509764140e-08
2.887000000000000000e+03 6.137081322055345376e-08
2.888000000000000000e+03 4.956088276529948074e-08
2.889000000000000000e+03 3.814332852896425853e-08
2.890000000000000000e+03 2.719140400092596401e-08
2.891000000000000000e+03 1.677669727902039322e-08
2.892000000000000000e+03 6.968585762572216091e-09
2.893000000000000000e+03 -2.166353736312728871e-09
2.894000000000000000e+03 -1.056489686476689779e-08
2.895000000000000000e+03 -1.816766297026091748e-08
2.896000000000000000e+03 -2.491965269992556791e-08
2.897000000000000000e+03 -3.077071087246156281e-08
2.898000000000000000e+03 -3.567596628551669164e-08
2.899000000000000000e+03 -3.959625003644387011e-08
2.900000000000000000e+03 -4.249840864464370760e-08
2.901000000000000000e+03 -4.435566613528885310e-08
2.902000000000000000e+03 -4.514786544346769446e-08
2.903000000000000000e+03 -4.486167187043612280e-08
2.904000000000000000e+03 -4.349072664091246990e-08
2.905000000000000000e+03 -4.103571109416679168e-08
2.906000000000000000e+03 -3.750440859693307642e-08
2.907000000000000000e+03 -3.291167904186235754e-08
2.908000000000000000e+03 -2.727937824976317944e-08
2.909000000000000000e+03 -2.063617941255234791e-08
2.910000000000000000e+03 -1.301738757274893127e-08
2.911000000000000000e+03 -4.464674406163047507e-09
2.912000000000000000e+03 4.974217035098856706e-09
2.913000000000000000e+03 1.524580751909908039e-08
2.914000000000000000e+03 2.629126103773816740e-08
2.915000000000000000e+03 3.804680560305108619e-08
2.916000000000000000e+03 5.044414399299103183e-08
2.917000000000000000e+03 6.341086756214782009e-08
2.918000000000000000e+03 7.687097553979032997e-08
2.919000000000000000e+03 9.074534516306751771e-08
2.920000000000000000e+03 1.049522015799403908e-07
2.921000000000000000e+03 1.194076118077358575e-07
2.922000000000000000e+03 1.340259709891205095e-07
2.923000000000000000e+03 1.487205117837443908e-07
2.924000000000000000e+03 1.634037970966770088e-07
2.925000000000000000e+03 1.779881900137343147e-07
2.926000000000000000e+03 1.923863457712472357e-07
2.927000000000000000e+03 2.065116992470799441e-07
2.928000000000000000e+03 2.202789440666556352e-07
2.929000000000000000e+03 2.336045089187560395e-07
2.930000000000000000e+03 2.464070010227924600e-07
2.931000000000000000e+03 2.586077151965541878e-07
2.932000000000000000e+03 2.701310605722848717e-07
2.933000000000000000e+03 2.809050318468414844e-07
2.934000000000000000e+03 2.908616010079777097e-07
2.935000000000000000e+03 2.999371629839071185e-07
2.936000000000000000e+03 3.080728867284977987e-07
2.937000000000000000e+03 3.152151217675231518e-07
2.938000000000000000e+03 3.213157308290446045e-07
2.939000000000000000e+03 3.263324591099101061e-07
2.940000000000000000e+03 3.302292156395705680e-07
2.941000000000000000e+03 3.329763547861560179e-07
2.942000000000000000e+03 3.345509260706741117e-07
2.943000000000000000e+03 3.349368406146763303e-07
2.944000000000000000e+03 3.341250733967588179e-07
2.945000000000000000e+03 3.321137813346489316e-07
2.946000000000000000e+03 3.289083783974324026e-07
2.947000000000000000e+03 3.245215664357741122e-07
2.948000000000000000e+03 3.189733234882103493e-07
2.949000000000000000e+03 3.122908843494096435e-07
2.950000000000000000e+03 3.045086295971201326e-07
2.951000000000000000e+03 2.956678932063255064e-07
2.952000000000000000e+03 2.858167773283983887e-07
2.953000000000000000e+03 2.750098903783831140e-07
2.954000000000000000e+03 2.633080295708193052e-07
2.955000000000000000e+03 2.507777360683025325e-07
2.956000000000000000e+03 2.374908454644428681e-07
2.957000000000000000e+03 2.235239957181716201e-07
2.958000000000000000e+03 2.089580194613450182e-07
2.959000000000000000e+03 1.938773526913196936e-07
2.960000000000000000e+03 1.783693647034264230e-07
2.961000000000000000e+03 1.625236371412494541e-07
2.962000000000000000e+03 1.464312329035291091e-07
2.963000000000000000e+03 1.301838951538610327e-07
2.964000000000000000e+03 1.138732683727274213e-07
2.965000000000000000e+03 9.759012537233673705e-08
2.966000000000000000e+03 8.142362258529226933e-08
2.967000000000000000e+03 6.546049950038532448e-08
2.968000000000000000e+03 4.978438479270244179e-08
2.969000000000000000e+03 3.447509854877037301e-08
2.970000000000000000e+03 1.960803903990990464e-08
2.971000000000000000e+03 5.253615891819555390e-09
2.972000000000000000e+03 -8.523296636458183893e-09
2.973000000000000000e+03 -2.166374701815566158e-08
2.974000000000000000e+03 -3.411505276479240227e-08
2.975000000000000000e+03 -4.583111315092292917e-08
2.976000000000000000e+03 -5.677257148147782031e-08
2.977000000000000000e+03 -6.690696258354213279e-08
2.978000000000000000e+03 -7.620873105614552064e-08
2.979000000000000000e+03 -8.465915272162519248e-08
2.980000000000000000e+03 -9.224628419206774049e-08
2.981000000000000000e+03 -9.896471369227449985e-08
2.982000000000000000e+03 -1.048153727281093911e-07
2.983000000000000000e+03 -1.098052106550709064e-07
2.984000000000000000e+03 -1.139468727593001135e-07
2.985000000000000000e+03 -1.172583149808705365e-07
2.986000000000000000e+03 -1.197624438028830783e-07
2.987000000000000000e+03 -1.214866251166212142e-07
2.988000000000000000e+03 -1.224622384940755802e-07
2.989000000000000000e+03 -1.227242367383248348e-07
2.990000000000000000e+03 -1.223106499911557486e-07
2.991000000000000000e+03 -1.212621477504798946e-07
2.992000000000000000e+03 -1.196215754928079287e-07
2.993000000000000000e+03 -1.174334695284593666e-07
2.994000000000000000e+03 -1.147436416663533482e-07
2.995000000000000000e+03 -1.115987635892004256e-07
2.996000000000000000e+03 -1.080459751188524360e-07
2.997000000000000000e+03 -1.041325211559401880e-07
2.998000000000000000e+03 -9.990540602363596202e-08
2.999000000000000000e+03 -9.541111380564781028e-08
3.000000000000000000e+03 -9.069525552188074655e-08
3.001000000000000000e+03 -8.580236733753905356e-08
3.002000000000000000e+03 -8.077567118947378514e-08
3.003000000000000000e+03 -7.565689097996441710e-08
3.004000000000000000e+03 -7.048610695260297874e-08
3.005000000000000000e+03 -6.530157938508327297e-08
3.006000000000000000e+03 -6.013963535319407183e-08
3.007000000000000000e+03 -5.503458612934470692e-08
3.008000000000000000e+03 -5.001865162779084085e-08
3.009000000000000000e+03 -4.512191810788192018e-08
3.010000000000000000e+03 -4.037228931100351422e-08
3.011000000000000000e+03 -3.579542976464434709e-08
3.012000000000000000e+03 -3.141476570096623313e-08
3.013000000000000000e+03 -2.725143278066878507e-08
3.014000000000000000e+03 -2.332429705744518850e-08
3.015000000000000000e+03 -1.964993435940677603e-08
3.016000000000000000e+03 -1.624264208629838048e-08
3.017000000000000000e+03 -1.311442685667976675e-08
3.018000000000000000e+03 -1.027504716119313210e-08
3.019000000000000000e+03 -7.731934428585826674e-09
3.020000000000000000e+03 -5.490270991052129454e-09
3.021000000000000000e+03 -3.553023116039192091e-09
3.022000000000000000e+03 -1.920969053436583834e-09
3.023000000000000000e+03 -5.927367433318821811e-10
3.024000000000000000e+03 4.351032105954710446e-10
3.025000000000000000e+03 1.167959340291417512e-09
3.026000000000000000e+03 1.613088994712017514e-09
3.027000000000000000e+03 1.779489225826587302e-09
3.028000000000000000e+03 1.677783891211827176e-09
3.029000000000000000e+03 1.320083117320527177e-09
3.030000000000000000e+03 7.197927426647597148e-10
3.031000000000000000e+03 -1.085316535389436636e-10
3.032000000000000000e+03 -1.149353540524637461e-09
3.033000000000000000e+03 -2.386332200415659341e-09
3.034000000000000000e+03 -3.802507570978181673e-09
3.035000000000000000e+03 -5.380491814448396487e-09
3.036000000000000000e+03 -7.102650643799619848e-09
3.037000000000000000e+03 -8.951281923443644294e-09
3.038000000000000000e+03 -1.090877604234683980e-08
3.039000000000000000e+03 -1.295784560167181114e-08
3.040000000000000000e+03 -1.508174341545228632e-08
3.041000000000000000e+03 -1.726442628518627736e-08
3.042000000000000000e+03 -1.949074794228745120e-08
3.043000000000000000e+03 -2.174664039005761061e-08
3.044000000000000000e+03 -2.401929636532312964e-08
3.045000000000000000e+03 -2.629732945466653657e-08
3.046000000000000000e+03 -2.857094124296419710e-08
3.047000000000000000e+03 -3.083200166887219758e-08
3.048000000000000000e+03 -3.307422063651875655e-08
3.049000000000000000e+03 -3.529321278103919936e-08
3.050000000000000000e+03 -3.748657294569308773e-08
3.051000000000000000e+03 -3.965393958636043974e-08
3.052000000000000000e+03 -4.179697913568578785e-08
3.053000000000000000e+03 -4.391938509906286366e-08
3.054000000000000000e+03 -4.602680714813202737e-08
3.055000000000000000e+03 -4.812678041861934679e-08
3.056000000000000000e+03 -5.022863077975223401e-08
3.057000000000000000e+03 -5.234333351691925782e-08
3.058000000000000000e+03 -5.448334891197930170e-08
3.059000000000000000e+03 -5.666240397043465693e-08
3.060000000000000000e+03 -5.889531005722466432e-08
3.061000000000000000e+03 -6.119773137136761315e-08
3.062000000000000000e+03 -6.358590772744416836e-08
3.063000000000000000e+03 -6.607635139936997795e-08
3.064000000000000000e+03 -6.868552948787779153e-08
3.065000000000000000e+03 -7.142959783079378275e-08
3.066000000000000000e+03 -7.432406953663474242e-08
3.067000000000000000e+03 -7.738350446407634257e-08
3.068000000000000000e+03 -8.062116536916236352e-08
3.069000000000000000e+03 -8.404875122859579310e-08
3.070000000000000000e+03 -8.767609503860029485e-08
3.071000000000000000e+03 -9.151087717823010039e-08
3.072000000000000000e+03 -9.555836225952085375e-08
3.073000000000000000e+03 -9.982116710663860381e-08
3.074000000000000000e+03 -1.042990244186548957e-07
3.075000000000000000e+03 -1.089886206247171681e-07
3.076000000000000000e+03 -1.138834442282103404e-07
3.077000000000000000e+03 -1.189736732793444470e-07
3.078000000000000000e+03 -1.242461091432967571e-07
3.079000000000000000e+03 -1.296841203486962769e-07
3.080000000000000000e+03 -1.352676452994894890e-07
3.081000000000000000e+03 -1.409732261981716434e-07
3.082000000000000000e+03 -1.467741387442836013e-07
3.083000000000000000e+03 -1.526404884487311281e-07
3.084000000000000000e+03 -1.585393367582897444e-07
3.085000000000000000e+03 -1.644349507083804635e-07
3.086000000000000000e+03 -1.702889995029483846e-07
3.087000000000000000e+03 -1.760608320551719180e-07
3.088000000000000000e+03 -1.817077045386583869e-07
3.089000000000000000e+03 -1.871851195017251431e-07
3.090000000000000000e+03 -1.924471700698712025e-07
3.091000000000000000e+03 -1.974468969697113770e-07
3.092000000000000000e+03 -2.021366713769928215e-07
3.093000000000000000e+03 -2.064686001458836894e-07
3.094000000000000000e+03 -2.103949636479911338e-07
3.095000000000000000e+03 -2.138686203946157546e-07
3.096000000000000000e+03 -2.168434448624820085e-07
3.097000000000000000e+03 -2.192747810421055407e-07
3.098000000000000000e+03 -2.211198606118583315e-07
3.099000000000000000e+03 -2.223382620517585434e-07
3.100000000000000000e+03 -2.228922815676052436e-07
3.101000000000000000e+03 -2.227473394658342015e-07
3.102000000000000000e+03 -2.218723442478670597e-07
3.103000000000000000e+03 -2.202400414208895683e-07
3.104000000000000000e+03 -2.178273360838992059e-07
3.105000000000000000e+03 -2.146156048249613998e-07
3.106000000000000000e+03 -2.105909504053385776e-07
3.107000000000000000e+03 -2.057444334434976119e-07
3.108000000000000000e+03 -2.000722876812141002e-07
3.109000000000000000e+03 -1.935760802445834748e-07
3.110000000000000000e+03 -1.862628306984531481e-07
3.111000000000000000e+03 -1.781451417761587558e-07
3.112000000000000000e+03 -1.692412263023958700e-07
3.113000000000000000e+03 -1.595748803911859003e-07
3.114000000000000000e+03 -1.491754336789767862e-07
3.115000000000000000e+03 -1.380777288800328678e-07
3.116000000000000000e+03 -1.263219811394409941e-07
3.117000000000000000e+03 -1.139536197123486836e-07
3.118000000000000000e+03 -1.010231122870702655e-07
3.119000000000000000e+03 -8.758574033670279376e-08
3.120000000000000000e+03 -7.370134630351492422e-08
3.121000000000000000e+03 -5.943408712806526641e-08
3.122000000000000000e+03 -4.485214266300153572e-08
3.123000000000000000e+03 -3.002735798244064613e-08
3.124000000000000000e+03 -1.503487994605154524e-08
3.125000000000000000e+03 4.719620856461397403e-11
3.126000000000000000e+03 1.513826370873625081e-08
3.127000000000000000e+03 3.015565829849575959e-08
3.128000000000000000e+03 4.501516587321695191e-08
3.129000000000000000e+03 5.963151365938638454e-08
3.130000000000000000e+03 7.391894069579640145e-08
3.131000000000000000e+03 8.779180452648995136e-08
3.132000000000000000e+03 1.011651631683412225e-07
3.133000000000000000e+03 1.139553979809909046e-07
3.134000000000000000e+03 1.260808422753902752e-07
3.135000000000000000e+03 1.374624050882431285e-07
3.136000000000000000e+03 1.480241851156925364e-07
3.137000000000000000e+03 1.576940790787802889e-07
3.138000000000000000e+03 1.664043426475122013e-07
3.139000000000000000e+03 1.740921543038443477e-07
3.140000000000000000e+03 1.807001097860411704e-07
3.141000000000000000e+03 1.861766405480172717e-07
3.142000000000000000e+03 1.904764496666890501e-07
3.143000000000000000e+03 1.935608823425178006e-07
3.144000000000000000e+03 1.953982438816232269e-07
3.145000000000000000e+03 1.959640803601213972e-07
3.146000000000000000e+03 1.952413383820725838e-07
3.147000000000000000e+03 1.932204930764637758e-07
3.148000000000000000e+03 1.898996187450640675e-07
3.149000000000000000e+03 1.852844325924230874e-07
3.150000000000000000e+03 1.793882528690574241e-07
3.151000000000000000e+03 1.722319484370008940e-07
3.152000000000000000e+03 1.638437181373633370e-07
3.153000000000000000e+03 1.542589351522487535e-07
3.154000000000000000e+03 1.435199019273159101e-07
3.155000000000000000e+03 1.316755632818277374e-07
3.156000000000000000e+03 1.187811840885562647e-07
3.157000000000000000e+03 1.048979905650964368e-07
3.158000000000000000e+03 9.009279070783757858e-08
3.159000000000000000e+03 7.443755781612982597e-08
3.160000000000000000e+03 5.800896405751790656e-08
3.161000000000000000e+03 4.088792493138673254e-08
3.162000000000000000e+03 2.315920037460051284e-08
3.163000000000000000e+03 4.910875215922272249e-09
3.164000000000000000e+03 -1.376614062755648562e-08
3.165000000000000000e+03 -3.277856463076753419e-08
3.166000000000000000e+03 -5.203128984216439443e-08
3.167000000000000000e+03 -7.142789964171016269e-08
3.168000000000000000e+03 -9.087115524976645804e-08
3.169000000000000000e+03 -1.102635337037894591e-07
3.170000000000000000e+03 -1.295077097701384763e-07
3.171000000000000000e+03 -1.485071531057916293e-07
3.172000000000000000e+03 -1.671666690300772344e-07
3.173000000000000000e+03 -1.853928179753082743e-07
3.174000000000000000e+03 -2.030944820839130197e-07
3.175000000000000000e+03 -2.201833843193066689e-07
3.176000000000000000e+03 -2.365745813152679406e-07
3.177000000000000000e+03 -2.521869481747377919e-07
3.178000000000000000e+03 -2.669436216734352252e-07
3.179000000000000000e+03 -2.807724516742738437e-07
3.180000000000000000e+03 -2.936063786041689973e-07
3.181000000000000000e+03 -3.053838132635888314e-07
3.182000000000000000e+03 -3.160490015577134423e-07
3.183000000000000000e+03 -3.255523391476644329e-07
3.184000000000000000e+03 -3.338505755723637831e-07
3.185000000000000000e+03 -3.409070352972642983e-07
3.186000000000000000e+03 -3.466917807801155324e-07
3.187000000000000000e+03 -3.511816907466084445e-07
3.188000000000000000e+03 -3.543605479009626652e-07
3.189000000000000000e+03 -3.562190274908417364e-07
3.190000000000000000e+03 -3.567546425649865060e-07
3.191000000000000000e+03 -3.559716649058992803e-07
3.192000000000000000e+03 -3.538810113180800931e-07
3.193000000000000000e+03 -3.505001175078940009e-07
3.194000000000000000e+03 -3.458527138574065973e-07
3.195000000000000000e+03 -3.399685650907044987e-07
3.196000000000000000e+03 -3.328832313705835529e-07
3.197000000000000000e+03 -3.246377766685027076e-07
3.198000000000000000e+03 -3.152785081464008461e-07
3.199000000000000000e+03 -3.048566775902530640e-07
3.200000000000000000e+03 -2.934281375032889442e-07
3.201000000000000000e+03 -2.810530225896826815e-07
3.202000000000000000e+03 -2.677954291356077427e-07
3.203000000000000000e+03 -2.537230756581905076e-07
3.204000000000000000e+03 -2.389069357059450637e-07
3.205000000000000000e+03 -2.234208930762456260e-07
3.206000000000000000e+03 -2.073413784153276486e-07
3.207000000000000000e+03 -1.907469538493055852e-07
3.208000000000000000e+03 -1.737179193756240312e-07
3.209000000000000000e+03 -1.563358596096014818e-07
3.210000000000000000e+03 -1.386832690943405129e-07
3.211000000000000000e+03 -1.208431389516338035e-07
3.212000000000000000e+03 -1.028985003572063007e-07
3.213000000000000000e+03 -8.493200219661424369e-08
3.214000000000000000e+03 -6.702553019579053733e-08
3.215000000000000000e+03 -4.925985927191990706e-08
3.216000000000000000e+03 -3.171420272829396305e-08
3.217000000000000000e+03 -1.446582712921946835e-08
3.218000000000000000e+03 2.410261704934718031e-09
3.219000000000000000e+03 1.884169843274369711e-08
3.220000000000000000e+03 3.475908491537514621e-08
3.221000000000000000e+03 5.009636195366849254e-08
3.222000000000000000e+03 6.479108445091285558e-08
3.223000000000000000e+03 7.878478899856082746e-08
3.224000000000000000e+03 9.202325433439140002e-08
3.225000000000000000e+03 1.044567750921113502e-07
3.226000000000000000e+03 1.160404402645317843e-07
3.227000000000000000e+03 1.267342991974687127e-07
3.228000000000000000e+03 1.365035325620100785e-07
3.229000000000000000e+03 1.453186261714541053e-07
3.230000000000000000e+03 1.531554596244364422e-07
3.231000000000000000e+03 1.599953275213125611e-07
3.232000000000000000e+03 1.658249435477621740e-07
3.233000000000000000e+03 1.706363930798393566e-07
3.234000000000000000e+03 1.744270528273778198e-07
3.235000000000000000e+03 1.771994167146524420e-07
3.236000000000000000e+03 1.789609366316057505e-07
3.237000000000000000e+03 1.797237934332425745e-07
3.238000000000000000e+03 1.795046317378444213e-07
3.239000000000000000e+03 1.783242813700841425e-07
3.240000000000000000e+03 1.762074652934019197e-07
3.241000000000000000e+03 1.731824428211510719e-07
3.242000000000000000e+03 1.692806967714618072e-07
3.243000000000000000e+03 1.645365795645770999e-07
3.244000000000000000e+03 1.589870118471821108e-07
3.245000000000000000e+03 1.526711531243263348e-07
3.246000000000000000e+03 1.456300489002815178e-07
3.247000000000000000e+03 1.379063392687631602e-07
3.248000000000000000e+03 1.295439620976546730e-07
3.249000000000000000e+03 1.205878955205659457e-07
3.250000000000000000e+03 1.110839106906009521e-07
3.251000000000000000e+03 1.010783517371710035e-07
3.252000000000000000e+03 9.061795557160266816e-08
3.253000000000000000e+03 7.974972990626568902e-08
3.254000000000000000e+03 6.852077049452588735e-08
3.255000000000000000e+03 5.697814305133877777e-08
3.256000000000000000e+03 4.516880197963152652e-08
3.257000000000000000e+03 3.313958669718973318e-08
3.258000000000000000e+03 2.093714029705614447e-08
3.259000000000000000e+03 8.607886624251862180e-09
3.260000000000000000e+03 -3.802001709350254043e-09
3.261000000000000000e+03 -1.624657811277762371e-08
3.262000000000000000e+03 -2.868012303745494549e-08
3.263000000000000000e+03 -4.105710075191371527e-08
3.264000000000000000e+03 -5.333213444742214594e-08
3.265000000000000000e+03 -6.545997717675593812e-08
3.266000000000000000e+03 -7.739548741357785779e-08
3.267000000000000000e+03 -8.909359225433858893e-08
3.268000000000000000e+03 -1.005093055437385976e-07
3.269000000000000000e+03 -1.115977782049626171e-07
3.270000000000000000e+03 -1.223142973406576044e-07
3.271000000000000000e+03 -1.326143051446133198e-07
3.272000000000000000e+03 -1.424535368243982125e-07
3.273000000000000000e+03 -1.517880501757291396e-07
3.274000000000000000e+03 -1.605743429895544088e-07
3.275000000000000000e+03 -1.687695081275131709e-07
3.276000000000000000e+03 -1.763313230936765760e-07
3.277000000000000000e+03 -1.832184530522862540e-07
3.278000000000000000e+03 -1.893906063910281859e-07
3.279000000000000000e+03 -1.948087086356930195e-07
3.280000000000000000e+03 -1.994350577460984437e-07
3.281000000000000000e+03 -2.032334945294902441e-07
3.282000000000000000e+03 -2.061696482802402876e-07
3.283000000000000000e+03 -2.082111231780234625e-07
3.284000000000000000e+03 -2.093277078829777724e-07
3.285000000000000000e+03 -2.094915688590720403e-07
3.286000000000000000e+03 -2.086774668462680296e-07
3.287000000000000000e+03 -2.068630164237484243e-07
3.288000000000000000e+03 -2.040288650795220406e-07
3.289000000000000000e+03 -2.001589401886431113e-07
3.290000000000000000e+03 -1.952406577824520792e-07
3.291000000000000000e+03 -1.892651077913892473e-07
3.292000000000000000e+03 -1.822272254423787625e-07
3.293000000000000000e+03 -1.741259330739825067e-07
3.294000000000000000e+03 -1.649643009188094839e-07
3.295000000000000000e+03 -1.547496264720383053e-07
3.296000000000000000e+03 -1.434934502501086769e-07
3.297000000000000000e+03 -1.312116210321982623e-07
3.298000000000000000e+03 -1.179242247775427708e-07
3.299000000000000000e+03 -1.036555164601622587e-07
3.300000000000000000e+03 -8.843385805194330026e-08
3.301000000000000000e+03 -7.229149643428981411e-08
3.302000000000000000e+03 -5.526447621763471047e-08
3.303000000000000000e+03 -3.739246925363010837e-08
3.304000000000000000e+03 -1.871853043513755337e-08
3.305000000000000000e+03 7.110363264610619624e-10
3.306000000000000000e+03 2.084691266459474903e-08
3.307000000000000000e+03 4.163693528037513179e-08
3.308000000000000000e+03 6.302630535829998512e-08
3.309000000000000000e+03 8.495774646890978048e-08
3.310000000000000000e+03 1.073716625666344377e-07
3.311000000000000000e+03 1.302062793774843632e-07
3.312000000000000000e+03 1.533977800526325140e-07
3.313000000000000000e+03 1.768804156741250971e-07
3.314000000000000000e+03 2.005866181796154131e-07
3.315000000000000000e+03 2.244471216893067438e-07
3.316000000000000000e+03 2.483910824432181657e-07
3.317000000000000000e+03 2.723461671657244770e-07
3.318000000000000000e+03 2.962386973281261073e-07
3.319000000000000000e+03 3.199937782030911726e-07
3.320000000000000000e+03 3.435354713571341310e-07
3.321000000000000000e+03 3.667869644510125023e-07
3.322000000000000000e+03 3.896707902167531652e-07
3.323000000000000000e+03 4.121090481973219796e-07
3.324000000000000000e+03 4.340236428522408178e-07
3.325000000000000000e+03 4.553366138667122179e-07
3.326000000000000000e+03 4.759704329015914761e-07
3.327000000000000000e+03 4.958483728067786662e-07
3.328000000000000000e+03 5.148948887294356805e-07
3.329000000000000000e+03 5.330360015860471272e-07
3.330000000000000000e+03 5.501997320131047882e-07
3.331000000000000000e+03 5.663164824916046364e-07
3.332000000000000000e+03 5.813194369001962678e-07
3.333000000000000000e+03 5.951449822878403648e-07
3.334000000000000000e+03 6.077331271561049071e-07
3.335000000000000000e+03 6.190279446542201489e-07
3.336000000000000000e+03 6.289779659485097587e-07
3.337000000000000000e+03 6.375364685737592362e-07
3.338000000000000000e+03 6.446618362142913879e-07
3.339000000000000000e+03 6.503179235755930326e-07
3.340000000000000000e+03 6.544743384845438440e-07
3.341000000000000000e+03 6.571067352492103286e-07
3.342000000000000000e+03 6.581970029967241383e-07
3.343000000000000000e+03 6.577333940944703033e-07
3.344000000000000000e+03 6.557106501735843829e-07
3.345000000000000000e+03 6.521300852002070839e-07
3.346000000000000000e+03 6.469995887439124011e-07
3.347000000000000000e+03 6.403335930979216948e-07
3.348000000000000000e+03 6.321530074772708339e-07
3.349000000000000000e+03 6.224850867587118419e-07
3.350000000000000000e+03 6.113632404725077379e-07
3.351000000000000000e+03 5.988268120245019622e-07
3.352000000000000000e+03 5.849208397512414606e-07
3.353000000000000000e+03 5.696957713961123484e-07
3.354000000000000000e+03 5.532071484616748242e-07
3.355000000000000000e+03 5.355152484115321627e-07
3.356000000000000000e+03 5.166847302871749244e-07
3.357000000000000000e+03 4.967842689418908463e-07
3.358000000000000000e+03 4.758861412937420122e-07
3.359000000000000000e+03 4.540657914881309730e-07
3.360000000000000000e+03 4.314014572223551513e-07
3.361000000000000000e+03 4.079737427138445218e-07
3.362000000000000000e+03 3.838652035983689275e-07
3.363000000000000000e+03 3.591599205153258675e-07
3.364000000000000000e+03 3.339430978802320288e-07
3.365000000000000000e+03 3.083006925855865369e-07
3.366000000000000000e+03 2.823190161882709464e-07
3.367000000000000000e+03 2.560843730037274034e-07
3.368000000000000000e+03 2.296826909810786837e-07
3.369000000000000000e+03 2.031991892635133157e-07
3.370000000000000000e+03 1.767180302421529397e-07
3.371000000000000000e+03 1.503220451069114320e-07
3.372000000000000000e+03 1.240924118777714080e-07
3.373000000000000000e+03 9.810841041267884500e-08
3.374000000000000000e+03 7.244712574392352431e-08
3.375000000000000000e+03 4.718318559602255097e-08
3.376000000000000000e+03 2.238856976869649919e-08
3.377000000000000000e+03 -1.867617836238743686e-09
3.378000000000000000e+03 -2.551936452314509303e-08
3.379000000000000000e+03 -4.850392911826819547e-08
3.380000000000000000e+03 -7.076195402232454645e-08
3.381000000000000000e+03 -9.223757135428689661e-08
3.382000000000000000e+03 -1.128784852867928878e-07
3.383000000000000000e+03 -1.326360738808835312e-07
3.384000000000000000e+03 -1.514654075361283996e-07
3.385000000000000000e+03 -1.693253115707866038e-07
3.386000000000000000e+03 -1.861783526301002864e-07
3.387000000000000000e+03 -2.019908397642740930e-07
3.388000000000000000e+03 -2.167328492724230482e-07
3.389000000000000000e+03 -2.303781541715079751e-07
3.390000000000000000e+03 -2.429042159156645609e-07
3.391000000000000000e+03 -2.542921490300748009e-07
3.392000000000000000e+03 -2.645266655795559031e-07
3.393000000000000000e+03 -2.735960523318094740e-07
3.394000000000000000e+03 -2.814920975639571284e-07
3.395000000000000000e+03 -2.882100636066423249e-07
3.396000000000000000e+03 -2.937486208667103334e-07
3.397000000000000000e+03 -2.981098229736209658e-07
3.398000000000000000e+03 -3.012990545677163561e-07
3.399000000000000000e+03 -3.033249823527329070e-07
3.400000000000000000e+03 -3.041995051529811270e-07
3.401000000000000000e+03 -3.039377325587158349e-07
3.402000000000000000e+03 -3.025579201711231574e-07
3.403000000000000000e+03 -3.000814305673057926e-07
3.404000000000000000e+03 -2.965326393414260769e-07
3.405000000000000000e+03 -2.919388855949159571e-07
3.406000000000000000e+03 -2.863304430408421975e-07
3.407000000000000000e+03 -2.797404441641103156e-07
3.408000000000000000e+03 -2.722048295832625031e-07
3.409000000000000000e+03 -2.637622263663797096e-07
3.410000000000000000e+03 -2.544538600956074989e-07
3.411000000000000000e+03 -2.443234666112436245e-07
3.412000000000000000e+03 -2.334171845208957064e-07
3.413000000000000000e+03 -2.217834324331232568e-07
3.414000000000000000e+03 -2.094728013232075019e-07
3.415000000000000000e+03 -1.965379065304535486e-07
3.416000000000000000e+03 -1.830332579909157352e-07
3.417000000000000000e+03 -1.690150641491308993e-07
3.418000000000000000e+03 -1.545410538241909710e-07
3.419000000000000000e+03 -1.396703156939777569e-07
3.420000000000000000e+03 -1.244631646817500122e-07
3.421000000000000000e+03 -1.089809257085812637e-07
3.422000000000000000e+03 -9.328578566800144959e-08
3.423000000000000000e+03 -7.744057190387097953e-08
3.424000000000000000e+03 -6.150860114356957682e-08
3.425000000000000000e+03 -4.555345329732698065e-08
3.426000000000000000e+03 -2.963876858367261666e-08
3.427000000000000000e+03 -1.382806287786682396e-08
3.428000000000000000e+03 1.815505725944693976e-09
3.429000000000000000e+03 1.722936432816055691e-08
3.430000000000000000e+03 3.235174426954882177e-08
3.431000000000000000e+03 4.712193937403675989e-08
3.432000000000000000e+03 6.148053642895760557e-08
3.433000000000000000e+03 7.536966481326941130e-08
3.434000000000000000e+03 8.873325691468560780e-08
3.435000000000000000e+03 1.015173143513142694e-07
3.436000000000000000e+03 1.136701865981953249e-07
3.437000000000000000e+03 1.251427807192415302e-07
3.438000000000000000e+03 1.358887876015899588e-07
3.439000000000000000e+03 1.458648970249733236e-07
3.440000000000000000e+03 1.550309788260254515e-07
3.441000000000000000e+03 1.633502403106909843e-07
3.442000000000000000e+03 1.707893351319375369e-07
3.443000000000000000e+03 1.773184646605376160e-07
3.444000000000000000e+03 1.829113599535229033e-07
3.445000000000000000e+03 1.875453655414956728e-07
3.446000000000000000e+03 1.912014153597126474e-07
3.447000000000000000e+03 1.938640215795968441e-07
3.448000000000000000e+03 1.955212753373334248e-07
3.449000000000000000e+03 1.961647376018857922e-07
3.450000000000000000e+03 1.957894370988758805e-07
3.451000000000000000e+03 1.943938530012910995e-07
3.452000000000000000e+03 1.919799070080469281e-07
3.453000000000000000e+03 1.885528828244344819e-07
3.454000000000000000e+03 1.841213709813087164e-07
3.455000000000000000e+03 1.786972645489864120e-07
3.456000000000000000e+03 1.722957193451662002e-07
3.457000000000000000e+03 1.649351096472091789e-07
3.458000000000000000e+03 1.566369640815228747e-07
3.459000000000000000e+03 1.474258970777804511e-07
3.460000000000000000e+03 1.373295012552535798e-07
3.461000000000000000e+03 1.263782594554944109e-07
3.462000000000000000e+03 1.146054439799671634e-07
3.463000000000000000e+03 1.020469710221036039e-07
3.464000000000000000e+03 8.874126770358405578e-08
3.465000000000000000e+03 7.472910687276878046e-08
3.466000000000000000e+03 6.005345595533277789e-08
3.467000000000000000e+03 4.475934189712616819e-08
3.468000000000000000e+03 2.889366501398245223e-08
3.469000000000000000e+03 1.250506854178540631e-08
3.470000000000000000e+03 -4.356224397870903106e-09
3.471000000000000000e+03 -2.163854396889595720e-08
3.472000000000000000e+03 -3.928896278245127399e-08
3.473000000000000000e+03 -5.725347380581781143e-08
3.474000000000000000e+03 -7.547706983337205975e-08
3.475000000000000000e+03 -9.390386783805945269e-08
3.476000000000000000e+03 -1.124772617910185814e-07
3.477000000000000000e+03 -1.311400300482965990e-07
3.478000000000000000e+03 -1.498344800994873658e-07
3.479000000000000000e+03 -1.685026042963689961e-07
3.480000000000000000e+03 -1.870862241469036807e-07
3.481000000000000000e+03 -2.055270818234171267e-07
3.482000000000000000e+03 -2.237670067078368101e-07
3.483000000000000000e+03 -2.417480477731292832e-07
3.484000000000000000e+03 -2.594126441361362211e-07
3.485000000000000000e+03 -2.767037934213633995e-07
3.486000000000000000e+03 -2.935651996958394745e-07
3.487000000000000000e+03 -3.099414470009697892e-07
3.488000000000000000e+03 -3.257781647482289957e-07
3.489000000000000000e+03 -3.410222217677457158e-07
3.490000000000000000e+03 -3.556218743658225971e-07
3.491000000000000000e+03 -3.695269835837973571e-07
3.492000000000000000e+03 -3.826892017057348891e-07
3.493000000000000000e+03 -3.950621491968376509e-07
3.494000000000000000e+03 -4.066016482693846383e-07
3.495000000000000000e+03 -4.172659052595241702e-07
3.496000000000000000e+03 -4.270156296162530449e-07
3.497000000000000000e+03 -4.358143097504346067e-07
3.498000000000000000e+03 -4.436284055878543059e-07
3.499000000000000000e+03 -4.504275140219965711e-07
3.500000000000000000e+03 -4.561845578606332914e-07
3.501000000000000000e+03 -4.608759657913453576e-07
3.502000000000000000e+03 -4.644818662204820740e-07
3.503000000000000000e+03 -4.669862104676477282e-07
3.504000000000000000e+03 -4.683769273133637952e-07
3.505000000000000000e+03 -4.686460742096331935e-07
3.506000000000000000e+03 -4.677899857202982701e-07
3.507000000000000000e+03 -4.658094044351307466e-07
3.508000000000000000e+03 -4.627095329948936541e-07
3.509000000000000000e+03 -4.585000965675245820e-07
3.510000000000000000e+03 -4.531954529470825478e-07
3.511000000000000000e+03 -4.468146048042860934e-07
3.512000000000000000e+03 -4.393812320860482540e-07
3.513000000000000000e+03 -4.309236714772265406e-07
3.514000000000000000e+03 -4.214749264976725704e-07
3.515000000000000000e+03 -4.110726018501118057e-07
3.516000000000000000e+03 -3.997588113545267542e-07
3.517000000000000000e+03 -3.875800399293662599e-07
3.518000000000000000e+03 -3.745870038045916753e-07
3.519000000000000000e+03 -3.608345069827684644e-07
3.520000000000000000e+03 -3.463812545122692788e-07
3.521000000000000000e+03 -3.312896601767070421e-07
3.522000000000000000e+03 -3.156255550993555855e-07
3.523000000000000000e+03 -2.994579744743581627e-07
3.524000000000000000e+03 -2.828588578431696458e-07
3.525000000000000000e+03 -2.659027491653323989e-07
3.526000000000000000e+03 -2.486665244283920545e-07
3.527000000000000000e+03 -2.312290999826217469e-07
3.528000000000000000e+03 -2.136710990607420526e-07
3.529000000000000000e+03 -1.960745037196637667e-07
3.530000000000000000e+03 -1.785222925651662326e-07
3.531000000000000000e+03 -1.610980026539867121e-07
3.532000000000000000e+03 -1.438852805239001259e-07
3.533000000000000000e+03 -1.269674870055902531e-07
3.534000000000000000e+03 -1.104271958128092223e-07
3.535000000000000000e+03 -9.434570660733709767e-08
3.536000000000000000e+03 -7.880262719141170256e-08
3.537000000000000000e+03 -6.387529153739308324e-08
3.538000000000000000e+03 -4.963829729108007602e-08
3.539000000000000000e+03 -3.616303144401366932e-08
3.540000000000000000e+03 -2.351720614693526617e-08
3.541000000000000000e+03 -1.176442154381475518e-08
3.542000000000000000e+03 -9.637237112089819969e-10
3.543000000000000000e+03 8.830825289614625346e-09
3.544000000000000000e+03 1.757051531971674159e-08
3.545000000000000000e+03 2.521232011506062846e-08
3.546000000000000000e+03 3.171916210148058851e-08
3.547000000000000000e+03 3.706022302606551718e-08
3.548000000000000000e+03 4.121116875278490628e-08
3.549000000000000000e+03 4.415431025827080026e-08
3.550000000000000000e+03 4.587873164028999949e-08
3.551000000000000000e+03 4.638032310530851214e-08
3.552000000000000000e+03 4.566185987231989852e-08
3.553000000000000000e+03 4.373303481083788228e-08
3.554000000000000000e+03 4.061039691062001321e-08
3.555000000000000000e+03 3.631727910580478447e-08
3.556000000000000000e+03 3.088367760999739449e-08
3.557000000000000000e+03 2.434608348020885705e-08
3.558000000000000000e+03 1.674731662570589420e-08
3.559000000000000000e+03 8.136303711228369724e-09
3.560000000000000000e+03 -1.432186833154796273e-09
3.561000000000000000e+03 -1.189780932362120332e-08
3.562000000000000000e+03 -2.319500074161325513e-08
3.563000000000000000e+03 -3.525331933279751504e-08
3.564000000000000000e+03 -4.799781148517885094e-08
3.565000000000000000e+03 -6.134945588874873600e-08
3.566000000000000000e+03 -7.522557645967297355e-08
3.567000000000000000e+03 -8.954031961478057510e-08
3.568000000000000000e+03 -1.042051543790893856e-07
3.569000000000000000e+03 -1.191293622484261976e-07
3.570000000000000000e+03 -1.342205624488062774e-07
3.571000000000000000e+03 -1.493852333236942054e-07
3.572000000000000000e+03 -1.645292755385800451e-07
3.573000000000000000e+03 -1.795585211564135635e-07
3.574000000000000000e+03 -1.943793066039962930e-07
3.575000000000000000e+03 -2.088990628808843906e-07
3.576000000000000000e+03 -2.230267775666883228e-07
3.577000000000000000e+03 -2.366735245822459342e-07
3.578000000000000000e+03 -2.497529844491556262e-07
3.579000000000000000e+03 -2.621819377954320917e-07
3.580000000000000000e+03 -2.738806656167806906e-07
3.581000000000000000e+03 -2.847734129510422047e-07
3.582000000000000000e+03 -2.947887926085621699e-07
3.583000000000000000e+03 -3.038601396137802936e-07
3.584000000000000000e+03 -3.119258197458343628e-07
3.585000000000000000e+03 -3.189295519643289285e-07
3.586000000000000000e+03 -3.248206686674656226e-07
3.587000000000000000e+03 -3.295543335123268502e-07
3.588000000000000000e+03 -3.330917610744908392e-07
3.589000000000000000e+03 -3.354004209701474264e-07
3.590000000000000000e+03 -3.364541236281878497e-07
3.591000000000000000e+03 -3.362331816060928756e-07
3.592000000000000000e+03 -3.347244665480325633e-07
3.593000000000000000e+03 -3.319215350587465324e-07
3.594000000000000000e+03 -3.278246216949622773e-07
3.595000000000000000e+03 -3.224406643914818404e-07
3.596000000000000000e+03 -3.157832716320263323e-07
3.597000000000000000e+03 -3.078727220148463609e-07
3.598000000000000000e+03 -2.987357958441253808e-07
3.599000000000000000e+03 -2.884056938801600021e-07
3.600000000000000000e+03 -2.769218484917691718e-07
3.601000000000000000e+03 -2.643297248483695023e-07
3.602000000000000000e+03 -2.506805937923580814e-07
3.603000000000000000e+03 -2.360312431413091425e-07
3.604000000000000000e+03 -2.204437071544387309e-07
3.605000000000000000e+03 -2.039849124286321902e-07
3.606000000000000000e+03 -1.867262845709030637e-07
3.607000000000000000e+03 -1.687433794880533856e-07
3.608000000000000000e+03 -1.501154589647571183e-07
3.609000000000000000e+03 -1.309250796071547632e-07
3.610000000000000000e+03 -1.112576057862232865e-07
3.611000000000000000e+03 -9.120077218741346830e-08
3.612000000000000000e+03 -7.084420821175461947e-08
3.613000000000000000e+03 -5.027894113762069292e-08
3.614000000000000000e+03 -2.959695009638479314e-08
3.615000000000000000e+03 -8.890684388161082026e-09
3.616000000000000000e+03 1.174739132672478274e-08
3.617000000000000000e+03 3.222526962339694155e-08
3.618000000000000000e+03 5.245184881798490189e-08
3.619000000000000000e+03 7.233738851209229621e-08
3.620000000000000000e+03 9.179392929230293244e-08
3.621000000000000000e+03 1.107357051564166328e-07
3.622000000000000000e+03 1.290795575116429688e-07
3.623000000000000000e+03 1.467453721916607201e-07
3.624000000000000000e+03 1.636565080727433314e-07
3.625000000000000000e+03 1.797401629119558510e-07
3.626000000000000000e+03 1.949278027214704044e-07
3.627000000000000000e+03 2.091554826782690943e-07
3.628000000000000000e+03 2.223643020508213966e-07
3.629000000000000000e+03 2.345007151086558926e-07
3.630000000000000000e+03 2.455168795342368074e-07
3.631000000000000000e+03 2.553710022049806744e-07
3.632000000000000000e+03 2.640276356511204863e-07
3.633000000000000000e+03 2.714579256532355814e-07
3.634000000000000000e+03 2.776398928541183467e-07
3.635000000000000000e+03 2.825586083381470834e-07
3.636000000000000000e+03 2.862063074024701043e-07
3.637000000000000000e+03 2.885825205237834594e-07
3.638000000000000000e+03 2.896941697174514953e-07
3.639000000000000000e+03 2.895555678415168766e-07
3.640000000000000000e+03 2.881883763054565717e-07
3.641000000000000000e+03 2.856215085083143749e-07
3.642000000000000000e+03 2.818910277454648144e-07
3.643000000000000000e+03 2.770399644465127031e-07
3.644000000000000000e+03 2.711180559334142611e-07
3.645000000000000000e+03 2.641814927594933491e-07
3.646000000000000000e+03 2.562925749880689562e-07
3.647000000000000000e+03 2.475192998589921860e-07
3.648000000000000000e+03 2.379349460756315011e-07
3.649000000000000000e+03 2.276176118178140549e-07
3.650000000000000000e+03 2.166497071693530613e-07
3.651000000000000000e+03 2.051174169323124063e-07
3.652000000000000000e+03 1.931101368286941053e-07
3.653000000000000000e+03 1.807199317479364791e-07
3.654000000000000000e+03 1.680409371435206261e-07
3.655000000000000000e+03 1.551687996477478166e-07
3.656000000000000000e+03 1.422001299993874740e-07
3.657000000000000000e+03 1.292319480476456285e-07
3.658000000000000000e+03 1.163611567279619944e-07
3.659000000000000000e+03 1.036840372692275222e-07
3.660000000000000000e+03 9.129575828173249680e-08
3.661000000000000000e+03 7.928987480152545049e-08
3.662000000000000000e+03 6.775792495304592920e-08
3.663000000000000000e+03 5.678897778207726859e-08
3.664000000000000000e+03 4.646919575557151085e-08
3.665000000000000000e+03 3.688146490330876428e-08
3.666000000000000000e+03 2.810500302621960065e-08
3.667000000000000000e+03 2.021500512405782615e-08
3.668000000000000000e+03 1.328231558801012201e-08
3.669000000000000000e+03 7.373145089088212218e-09
3.670000000000000000e+03 2.548772856161451824e-09
3.671000000000000000e+03 -1.134741912172144423e-09
3.672000000000000000e+03 -3.626802427005660566e-09
3.673000000000000000e+03 -4.882487993526643701e-09
3.674000000000000000e+03 -4.862748279991769320e-09
3.675000000000000000e+03 -3.534611258736009591e-09
3.676000000000000000e+03 -8.713311697473245190e-10
3.677000000000000000e+03 3.147482553608536088e-09
3.678000000000000000e+03 8.535763937264070010e-09
3.679000000000000000e+03 1.530090941406959452e-08
3.680000000000000000e+03 2.344376595080214221e-08
3.681000000000000000e+03 3.295861493192496512e-08
3.682000000000000000e+03 4.383320389949374227e-08
3.683000000000000000e+03 5.604876889942339748e-08
3.684000000000000000e+03 6.958014465750320873e-08
3.685000000000000000e+03 8.439587927461794939e-08
3.686000000000000000e+03 1.004583467145707418e-07
3.687000000000000000e+03 1.177239389710766633e-07
3.688000000000000000e+03 1.361431716989147460e-07
3.689000000000000000e+03 1.556609176391900111e-07
3.690000000000000000e+03 1.762166256823923593e-07
3.691000000000000000e+03 1.977444787889706260e-07
3.692000000000000000e+03 2.201736038903630096e-07
3.693000000000000000e+03 2.434283059457840144e-07
3.694000000000000000e+03 2.674282530700618758e-07
3.695000000000000000e+03 2.920887603995869115e-07
3.696000000000000000e+03 3.173210704773692953e-07
3.697000000000000000e+03 3.430325933313869809e-07
3.698000000000000000e+03 3.691271482568509371e-07
3.699000000000000000e+03 3.955053697386313734e-07
3.700000000000000000e+03 4.220649622781356650e-07
3.701000000000000000e+03 4.487010379720448897e-07
3.702000000000000000e+03 4.753064752409537788e-07
3.703000000000000000e+03 5.017723620198703517e-07
3.704000000000000000e+03 5.279883860582003485e-07
3.705000000000000000e+03 5.538432847494931755e-07
3.706000000000000000e+03 5.792252896268727157e-07
3.707000000000000000e+03 6.040226231279311619e-07
3.708000000000000000e+03 6.281240468493586367e-07
3.709000000000000000e+03 6.514194118166184558e-07
3.710000000000000000e+03 6.738001965283936394e-07
3.711000000000000000e+03 6.951600970154315840e-07
3.712000000000000000e+03 7.153956097870571054e-07
3.713000000000000000e+03 7.344066316921926026e-07
3.714000000000000000e+03 7.520970277493304298e-07
3.715000000000000000e+03 7.683752494374902143e-07
3.716000000000000000e+03 7.831549134712467828e-07
3.717000000000000000e+03 7.963553440112696841e-07
3.718000000000000000e+03 8.079020437963907805e-07
3.719000000000000000e+03 8.177272637237565416e-07
3.720000000000000000e+03 8.257704718715995794e-07
3.721000000000000000e+03 8.319787225501317384e-07
3.722000000000000000e+03 8.363071109650279200e-07
3.723000000000000000e+03 8.387190923035286688e-07
3.724000000000000000e+03 8.391868147898174293e-07
3.725000000000000000e+03 8.376913281893818816e-07
3.726000000000000000e+03 8.342227847168131218e-07
3.727000000000000000e+03 8.287805676424558881e-07
3.728000000000000000e+03 8.213733643330961591e-07
3.729000000000000000e+03 8.120191331110933138e-07
3.730000000000000000e+03 8.007450758375118158e-07
3.731000000000000000e+03 7.875874998547455598e-07
3.732000000000000000e+03 7.725915681230237354e-07
3.733000000000000000e+03 7.558110641255309557e-07
3.734000000000000000e+03 7.373080511068356305e-07
3.735000000000000000e+03 7.171524234213208460e-07
3.736000000000000000e+03 6.954214562333069175e-07
3.737000000000000000e+03 6.721992894289207149e-07
3.738000000000000000e+03 6.475763457475468187e-07
3.739000000000000000e+03 6.216486966703316497e-07
3.740000000000000000e+03 5.945174460813270800e-07
3.741000000000000000e+03 5.662880344838357933e-07
3.742000000000000000e+03 5.370695171663231505e-07
3.743000000000000000e+03 5.069738848529308377e-07
3.744000000000000000e+03 4.761153076599231316e-07
3.745000000000000000e+03 4.446094265689119467e-07
3.746000000000000000e+03 4.125726674350632608e-07
3.747000000000000000e+03 3.801214896941952155e-07
3.748000000000000000e+03 3.473717257338392530e-07
3.749000000000000000e+03 3.144379625723559061e-07
3.750000000000000000e+03 2.814328810316782064e-07
3.751000000000000000e+03 2.484667227440022631e-07
3.752000000000000000e+03 2.156467167782412731e-07
3.753000000000000000e+03 1.830765955991235085e-07
3.754000000000000000e+03 1.508561518966605575e-07
3.755000000000000000e+03 1.190808306807847962e-07
3.756000000000000000e+03 8.784135175705725784e-08
3.757000000000000000e+03 5.722340202096227018e-08
3.758000000000000000e+03 2.730735414125364417e-08
3.759000000000000000e+03 -1.831983533902395894e-09
3.760000000000000000e+03 -3.012548639096781931e-08
3.761000000000000000e+03 -5.750996084290428760e-08
3.762000000000000000e+03 -8.392823298839740259e-08
3.763000000000000000e+03 -1.093292427487472445e-07
3.764000000000000000e+03 -1.336680547086364592e-07
3.765000000000000000e+03 -1.569058901734826049e-07
3.766000000000000000e+03 -1.790101455579185889e-07
3.767000000000000000e+03 -1.999543968800236353e-07
3.768000000000000000e+03 -2.197182600795862621e-07
3.769000000000000000e+03 -2.382872987746292233e-07
3.770000000000000000e+03 -2.556529752682596043e-07
3.771000000000000000e+03 -2.718125536769459719e-07
3.772000000000000000e+03 -2.867689568408679679e-07
3.773000000000000000e+03 -3.005306337347700840e-07
3.774000000000000000e+03 -3.131114160889633185e-07
3.775000000000000000e+03 -3.245303346416620822e-07
3.776000000000000000e+03 -3.348114713373004913e-07
3.777000000000000000e+03 -3.439837729857814555e-07
3.778000000000000000e+03 -3.520808750455819774e-07
3.779000000000000000e+03 -3.591408574629657200e-07
3.780000000000000000e+03 -3.652059808689936015e-07
3.781000000000000000e+03 -3.703224027855016960e-07
3.782000000000000000e+03 -3.745398884558558555e-07
3.783000000000000000e+03 -3.779115076814653637e-07
3.784000000000000000e+03 -3.804932349315309619e-07
3.785000000000000000e+03 -3.823436484184465242e-07
3.786000000000000000e+03 -3.835235779102279987e-07
3.787000000000000000e+03 -3.840956422089485479e-07
3.788000000000000000e+03 -3.841238461525855768e-07
3.789000000000000000e+03 -3.836731545120209875e-07
3.790000000000000000e+03 -3.828090816226214407e-07
3.791000000000000000e+03 -3.815972543782355421e-07
3.792000000000000000e+03 -3.801029317209319365e-07
3.793000000000000000e+03 -3.783905816024554449e-07
3.794000000000000000e+03 -3.765234611776865953e-07
3.795000000000000000e+03 -3.745631409834430989e-07
3.796000000000000000e+03 -3.725690993991508506e-07
3.797000000000000000e+03 -3.705982895486486348e-07
3.798000000000000000e+03 -3.687047028280895015e-07
3.799000000000000000e+03 -3.669389812883647816e-07
3.800000000000000000e+03 -3.653480691103968306e-07
3.801000000000000000e+03 -3.639748493014385482e-07
3.802000000000000000e+03 -3.628578378861505137e-07
3.803000000000000000e+03 -3.620308498701343705e-07
3.804000000000000000e+03 -3.615227627590841773e-07
3.805000000000000000e+03 -3.613572879953181414e-07
3.806000000000000000e+03 -3.615527958162287206e-07
3.807000000000000000e+03 -3.621221939247571970e-07
3.808000000000000000e+03 -3.630728492381460060e-07
3.809000000000000000e+03 -3.644065445317511134e-07
3.810000000000000000e+03 -3.661194484546178905e-07
3.811000000000000000e+03 -3.682022329451122405e-07
3.812000000000000000e+03 -3.706401574311817274e-07
3.813000000000000000e+03 -3.734132202089231520e-07
3.814000000000000000e+03 -3.764963466262409416e-07
3.815000000000000000e+03 -3.798596191427340074e-07
3.816000000000000000e+03 -3.834686166996897008e-07
3.817000000000000000e+03 -3.872847298851752773e-07
3.818000000000000000e+03 -3.912655337800925996e-07
3.819000000000000000e+03 -3.953652493696294521e-07
3.820000000000000000e+03 -3.995351581114140565e-07
3.821000000000000000e+03 -4.037240941824377077e-07
3.822000000000000000e+03 -4.078789474530845562e-07
3.823000000000000000e+03 -4.119451776061637835e-07
3.824000000000000000e+03 -4.158673167283531318e-07
3.825000000000000000e+03 -4.195895576026383142e-07
3.826000000000000000e+03 -4.230562875170487191e-07
3.827000000000000000e+03 -4.262126009531950916e-07
3.828000000000000000e+03 -4.290048333168446900e-07
3.829000000000000000e+03 -4.313810694949232061e-07
3.830000000000000000e+03 -4.332916801345873847e-07
3.831000000000000000e+03 -4.346897656738623332e-07
3.832000000000000000e+03 -4.355316042100140683e-07
3.833000000000000000e+03 -4.357770878751964451e-07
3.834000000000000000e+03 -4.353900716639305522e-07
3.835000000000000000e+03 -4.343387427087651414e-07
3.836000000000000000e+03 -4.325959146354988536e-07
3.837000000000000000e+03 -4.301392478557182979e-07
3.838000000000000000e+03 -4.269514560782444393e-07
3.839000000000000000e+03 -4.230204684886351381e-07
3.840000000000000000e+03 -4.183395315002261251e-07
3.841000000000000000e+03 -4.129072529307334546e-07
3.842000000000000000e+03 -4.067276367188942172e-07
3.843000000000000000e+03 -3.998100492369648757e-07
3.844000000000000000e+03 -3.921691744151276895e-07
3.845000000000000000e+03 -3.838249378372804951e-07
3.846000000000000000e+03 -3.748023402876317549e-07
3.847000000000000000e+03 -3.651312663178825988e-07
3.848000000000000000e+03 -3.548463097708516336e-07
3.849000000000000000e+03 -3.439864485526053315e-07
3.850000000000000000e+03 -3.325947743543926514e-07
3.851000000000000000e+03 -3.207180888891913406e-07
3.852000000000000000e+03 -3.084065275157918672e-07
3.853000000000000000e+03 -2.957131168059136464e-07
3.854000000000000000e+03 -2.826932918709478893e-07
3.855000000000000000e+03 -2.694043922694087425e-07
3.856000000000000000e+03 -2.559051648594377450e-07
3.857000000000000000e+03 -2.422551989385418850e-07
3.858000000000000000e+03 -2.285144315533812150e-07
3.859000000000000000e+03 -2.147426118171682044e-07
3.860000000000000000e+03 -2.009988395528372392e-07
3.861000000000000000e+03 -1.873410806924552136e-07
3.862000000000000000e+03 -1.738257411297988237e-07
3.863000000000000000e+03 -1.605072588506004172e-07
3.864000000000000000e+03 -1.474377423258191015e-07
3.865000000000000000e+03 -1.346666476886472233e-07
3.866000000000000000e+03 -1.222405132378243749e-07
3.867000000000000000e+03 -1.102027561326189551e-07
3.868000000000000000e+03 -9.859347685714345777e-08
3.869000000000000000e+03 -8.744931747164515325e-08
3.870000000000000000e+03 -7.680338694431621670e-08
3.871000000000000000e+03 -6.668520179410979182e-08
3.872000000000000000e+03 -5.712062623305799761e-08
3.873000000000000000e+03 -4.813188477214926567e-08
3.874000000000000000e+03 -3.973766241072324500e-08
3.875000000000000000e+03 -3.195306896890241666e-08
3.876000000000000000e+03 -2.478977195824508974e-08
3.877000000000000000e+03 -1.825607595486682471e-08
3.878000000000000000e+03 -1.235698082732070682e-08
3.879000000000000000e+03 -7.094310605646843024e-09
3.880000000000000000e+03 -2.466830372760856375e-09
3.881000000000000000e+03 1.529689663116586233e-09
3.882000000000000000e+03 4.902331193688302081e-09
3.883000000000000000e+03 7.660921271566549512e-09
3.884000000000000000e+03 9.817926425398177375e-09
3.885000000000000000e+03 1.138833082118961645e-08
3.886000000000000000e+03 1.238953908769994250e-08
3.887000000000000000e+03 1.284129642142953238e-08
3.888000000000000000e+03 1.276554108194508667e-08
3.889000000000000000e+03 1.218628642479122438e-08
3.890000000000000000e+03 1.112947461808946459e-08
3.891000000000000000e+03 9.622802102714056672e-09
3.892000000000000000e+03 7.695607449369325732e-09
3.893000000000000000e+03 5.378646234404854831e-09
3.894000000000000000e+03 2.703918855961137831e-09
3.895000000000000000e+03 -2.955401580747075880e-10
3.896000000000000000e+03 -3.585861992350184559e-09
3.897000000000000000e+03 -7.132612070039803269e-09
3.898000000000000000e+03 -1.090101142775473335e-08
3.899000000000000000e+03 -1.485616083775327833e-08
3.900000000000000000e+03 -1.896331326814939206e-08
3.901000000000000000e+03 -2.318811945035950736e-08
3.902000000000000000e+03 -2.749682541047550982e-08
3.903000000000000000e+03 -3.185648463783941332e-08
3.904000000000000000e+03 -3.623519974987624372e-08
3.905000000000000000e+03 -4.060232168192528985e-08
3.906000000000000000e+03 -4.492859985489136100e-08
3.907000000000000000e+03 -4.918630784304017599e-08
3.908000000000000000e+03 -5.334943087067464421e-08
3.909000000000000000e+03 -5.739377388227923365e-08
3.910000000000000000e+03 -6.129709210517664928e-08
3.911000000000000000e+03 -6.503918625052832843e-08
3.912000000000000000e+03 -6.860201012935408498e-08
3.913000000000000000e+03 -7.196970506968568232e-08
3.914000000000000000e+03 -7.512860653672102156e-08
3.915000000000000000e+03 -7.806732543667818232e-08
3.916000000000000000e+03 -8.077677393675354211e-08
3.917000000000000000e+03 -8.325017984741942770e-08
3.918000000000000000e+03 -8.548305831662713328e-08
3.919000000000000000e+03 -8.747320468729342970e-08
3.920000000000000000e+03 -8.922066398765847926e-08
3.921000000000000000e+03 -9.072765996716376295e-08
3.922000000000000000e+03 -9.199852280616805642e-08
3.923000000000000000e+03 -9.303962656016379704e-08
3.924000000000000000e+03 -9.385928137668907156e-08
3.925000000000000000e+03 -9.446763308052891924e-08
3.926000000000000000e+03 -9.487654677330753440e-08
3.927000000000000000e+03 -9.509947311662770710e-08
3.928000000000000000e+03 -9.515130157514346713e-08
3.929000000000000000e+03 -9.504821784859470216e-08
3.930000000000000000e+03 -9.480756507674569280e-08
3.931000000000000000e+03 -9.444768187820432284e-08
3.932000000000000000e+03 -9.398773868936009029e-08
3.933000000000000000e+03 -9.344759538719665774e-08
3.934000000000000000e+03 -9.284762266119476956e-08
3.935000000000000000e+03 -9.220852477255632715e-08
3.936000000000000000e+03 -9.155122164745592235e-08
3.937000000000000000e+03 -9.089672328710766494e-08
3.938000000000000000e+03 -9.026597339482166132e-08
3.939000000000000000e+03 -8.967970480316054946e-08
3.940000000000000000e+03 -8.915831681431061348e-08
3.941000000000000000e+03 -8.872176634473019719e-08
3.942000000000000000e+03 -8.838945722209714908e-08
3.943000000000000000e+03 -8.818012544856752891e-08
3.944000000000000000e+03 -8.811175808942804194e-08
3.945000000000000000e+03 -8.820152447721476764e-08
3.946000000000000000e+03 -8.846566819253217006e-08
3.947000000000000000e+03 -8.891945389412044101e-08
3.948000000000000000e+03 -8.957707350467760441e-08
3.949000000000000000e+03 -9.045162985683121173e-08
3.950000000000000000e+03 -9.155507397452202189e-08
3.951000000000000000e+03 -9.289809915846075745e-08
3.952000000000000000e+03 -9.449016189921334931e-08
3.953000000000000000e+03 -9.633935361617477589e-08
3.954000000000000000e+03 -9.845234568655173707e-08
3.955000000000000000e+03 -1.008343235944339269e-07
3.956000000000000000e+03 -1.034888875025835795e-07
3.957000000000000000e+03 -1.064179690980262764e-07
3.958000000000000000e+03 -1.096217445653473876e-07
3.959000000000000000e+03 -1.130985587849296667e-07
3.960000000000000000e+03 -1.168448089089428270e-07
3.961000000000000000e+03 -1.208548043049812102e-07
3.962000000000000000e+03 -1.251206449633993442e-07
3.963000000000000000e+03 -1.296321297527865000e-07
3.964000000000000000e+03 -1.343766076102781759e-07
3.965000000000000000e+03 -1.393388692325567892e-07
3.966000000000000000e+03 -1.445010240072057481e-07
3.967000000000000000e+03 -1.498424895448827422e-07
3.968000000000000000e+03 -1.553398846564926635e-07
3.969000000000000000e+03 -1.609669570826632598e-07
3.970000000000000000e+03 -1.666945414964819835e-07
3.971000000000000000e+03 -1.724905209165463059e-07
3.972000000000000000e+03 -1.783198947566476866e-07
3.973000000000000000e+03 -1.841448241726687340e-07
3.974000000000000000e+03 -1.899246680087317335e-07
3.975000000000000000e+03 -1.956160796857675801e-07
3.976000000000000000e+03 -2.011731422329700691e-07
3.977000000000000000e+03 -2.065474794029948443e-07
3.978000000000000000e+03 -2.116884714933064272e-07
3.979000000000000000e+03 -2.165434628997578536e-07
3.980000000000000000e+03 -2.210579884795359797e-07
3.981000000000000000e+03 -2.251759675997516212e-07
3.982000000000000000e+03 -2.288400294357772514e-07
3.983000000000000000e+03 -2.319918226404200054e-07
3.984000000000000000e+03 -2.345723077903241109e-07
3.985000000000000000e+03 -2.365221229558219658e-07
3.986000000000000000e+03 -2.377819712430800117e-07
3.987000000000000000e+03 -2.382929909259964475e-07
3.988000000000000000e+03 -2.379971647133500480e-07
3.989000000000000000e+03 -2.368377263432165111e-07
3.990000000000000000e+03 -2.347595732451002118e-07
3.991000000000000000e+03 -2.317097183261230481e-07
3.992000000000000000e+03 -2.276377237798168241e-07
3.993000000000000000e+03 -2.224961366374065597e-07
3.994000000000000000e+03 -2.162409938803561614e-07
3.995000000000000000e+03 -2.088321675079961753e-07
3.996000000000000000e+03 -2.002338024213455692e-07
3.997000000000000000e+03 -1.904147022088336495e-07
3.998000000000000000e+03 -1.793487146276457444e-07
3.999000000000000000e+03 -1.670150537289711101e-07
4.000000000000000000e+03 -1.533986572212914959e-07
4.001000000000000000e+03 -1.384904660007156247e-07
4.002000000000000000e+03 -1.222876997155162421e-07
4.003000000000000000e+03 -1.047941040270236451e-07
4.004000000000000000e+03 -8.602016774859948234e-08
4.005000000000000000e+03 -6.598328883706028752e-08
4.006000000000000000e+03 -4.470792221877108794e-08
4.007000000000000000e+03 -2.222564477332482076e-08
4.008000000000000000e+03 1.424754835307831540e-09
4.009000000000000000e+03 2.619728223626151378e-08
4.010000000000000000e+03 5.203874763889718157e-08
4.011000000000000000e+03 7.888889723751649165e-08
4.012000000000000000e+03 1.066805611833360958e-07
4.013000000000000000e+03 1.353398557249484703e-07
4.014000000000000000e+03 1.647864661202075281e-07
4.015000000000000000e+03 1.949340405488329632e-07
4.016000000000000000e+03 2.256904906053287427e-07
4.017000000000000000e+03 2.569584813725026851e-07
4.018000000000000000e+03 2.886359261689079658e-07
4.019000000000000000e+03 3.206164970404118559e-07
4.020000000000000000e+03 3.527902354153868930e-07
4.021000000000000000e+03 3.850441194261282186e-07
4.022000000000000000e+03 4.172627517011824423e-07
4.023000000000000000e+03 4.493290099197946317e-07
4.024000000000000000e+03 4.811246703253148181e-07
4.025000000000000000e+03 5.125311605570268888e-07
4.026000000000000000e+03 5.434301596517202628e-07
4.027000000000000000e+03 5.737043609151339154e-07
4.028000000000000000e+03 6.032380822128435751e-07
4.029000000000000000e+03 6.319180277726220554e-07
4.030000000000000000e+03 6.596339769871931911e-07
4.031000000000000000e+03 6.862793828145096977e-07
4.032000000000000000e+03 7.117520120223225973e-07
4.033000000000000000e+03 7.359545713135608838e-07
4.034000000000000000e+03 7.587952823417740653e-07
4.035000000000000000e+03 7.801884307218902045e-07
4.036000000000000000e+03 8.000548518075398129e-07
4.037000000000000000e+03 8.183223781293350838e-07
4.038000000000000000e+03 8.349262683346677343e-07
4.039000000000000000e+03 8.498094819041247488e-07
4.040000000000000000e+03 8.629229742778544831e-07
4.041000000000000000e+03 8.742259324405014702e-07
4.042000000000000000e+03 8.836858763121343040e-07
4.043000000000000000e+03 8.912787544005573850e-07
4.044000000000000000e+03 8.969889593494910048e-07
4.045000000000000000e+03 9.008092624010260025e-07
4.046000000000000000e+03 9.027407084686391063e-07
4.047000000000000000e+03 9.027924762984376408e-07
4.048000000000000000e+03 9.009816573975810533e-07
4.049000000000000000e+03 8.973329682844080628e-07
4.050000000000000000e+03 8.918784821288260505e-07
4.051000000000000000e+03 8.846572482417267967e-07
4.052000000000000000e+03 8.757149313032805617e-07
4.053000000000000000e+03 8.651033861316631039e-07
4.054000000000000000e+03 8.528802068096811276e-07
4.055000000000000000e+03 8.391083196217346153e-07
4.056000000000000000e+03 8.238554934457163364e-07
4.057000000000000000e+03 8.071938237466113827e-07
4.058000000000000000e+03 7.891992355185506888e-07
4.059000000000000000e+03 7.699510288215199502e-07
4.060000000000000000e+03 7.495314097819711734e-07
4.061000000000000000e+03 7.280250339852672649e-07
4.062000000000000000e+03 7.055185066447701226e-07
4.063000000000000000e+03 6.820999132714413449e-07
4.064000000000000000e+03 6.578584013355912367e-07
4.065000000000000000e+03 6.328837544687838719e-07
4.066000000000000000e+03 6.072660297842894108e-07
4.067000000000000000e+03 5.810950909916463649e-07
4.068000000000000000e+03 5.544602373612636971e-07
4.069000000000000000e+03 5.274498442610273820e-07
4.070000000000000000e+03 5.001509435884135868e-07
4.071000000000000000e+03 4.726489229878709097e-07
4.072000000000000000e+03 4.450272119741640723e-07
4.073000000000000000e+03 4.173668829307094294e-07
4.074000000000000000e+03 3.897463796821364374e-07
4.075000000000000000e+03 3.622412246085375194e-07
4.076000000000000000e+03 3.349237662228259267e-07
4.077000000000000000e+03 3.078629160024030805e-07
4.078000000000000000e+03 2.811239614175215854e-07
4.079000000000000000e+03 2.547683472926371614e-07
4.080000000000000000e+03 2.288535094670665251e-07
4.081000000000000000e+03 2.034327100102331104e-07
4.082000000000000000e+03 1.785549374509276604e-07
4.083000000000000000e+03 1.542648759038639695e-07
4.084000000000000000e+03 1.306027854338303794e-07
4.085000000000000000e+03 1.076044636072674078e-07
4.086000000000000000e+03 8.530125393352453555e-08
4.087000000000000000e+03 6.372002946064580897e-08
4.088000000000000000e+03 4.288322674770787879e-08
4.089000000000000000e+03 2.280882173490349843e-08
4.090000000000000000e+03 3.510400629932475086e-09
4.091000000000000000e+03 -1.500272953349421080e-08
4.092000000000000000e+03 -3.272544682727516272e-08
4.093000000000000000e+03 -4.965676226761820957e-08
4.094000000000000000e+03 -6.579963894177038353e-08
4.095000000000000000e+03 -8.116088389381901762e-08
4.096000000000000000e+03 -9.575098172237938871e-08
4.097000000000000000e+03 -1.095838652293011068e-07
4.098000000000000000e+03 -1.226767318416648338e-07
4.099000000000000000e+03 -1.350498163683217976e-07
4.100000000000000000e+03 -1.467261498659863129e-07
4.101000000000000000e+03 -1.577312951171058083e-07
4.102000000000000000e+03 -1.680930690248842206e-07
4.103000000000000000e+03 -1.778412368462050982e-07
4.104000000000000000e+03 -1.870072018405303972e-07
4.105000000000000000e+03 -1.956236775885731236e-07
4.106000000000000000e+03 -2.037243713049902277e-07
4.107000000000000000e+03 -2.113435970553936092e-07
4.108000000000000000e+03 -2.185159588555489926e-07
4.109000000000000000e+03 -2.252760035779590045e-07
4.110000000000000000e+03 -2.316578726037749393e-07
4.111000000000000000e+03 -2.376949477658801284e-07
4.112000000000000000e+03 -2.434195678082603941e-07
4.113000000000000000e+03 -2.488627019852457191e-07
4.114000000000000000e+03 -2.540536574742630178e-07
4.115000000000000000e+03 -2.590198458920624028e-07
4.116000000000000000e+03 -2.637865262602281680e-07
4.117000000000000000e+03 -2.683765430566833173e-07
4.118000000000000000e+03 -2.728102326126403095e-07
4.119000000000000000e+03 -2.771052200966723429e-07
4.120000000000000000e+03 -2.812763560260980425e-07
4.121000000000000000e+03 -2.853356321539223739e-07
4.122000000000000000e+03 -2.892921510772485437e-07
4.123000000000000000e+03 -2.931520755330567439e-07
4.124000000000000000e+03 -2.969186826050700694e-07
4.125000000000000000e+03 -3.005923894488756913e-07
4.126000000000000000e+03 -3.041707979979609133e-07
4.127000000000000000e+03 -3.076487442694000220e-07
4.128000000000000000e+03 -3.110184492495463621e-07
4.129000000000000000e+03 -3.142696408049581064e-07
4.130000000000000000e+03 -3.173896536446403244e-07
4.131000000000000000e+03 -3.203635483796329646e-07
4.132000000000000000e+03 -3.231742968838410495e-07
4.133000000000000000e+03 -3.258029265137206042e-07
4.134000000000000000e+03 -3.282286872555421871e-07
4.135000000000000000e+03 -3.304292946945796244e-07
4.136000000000000000e+03 -3.323810631813745897e-07
4.137000000000000000e+03 -3.340591433530738021e-07
4.138000000000000000e+03 -3.354377721550430903e-07
4.139000000000000000e+03 -3.364904430516493524e-07
4.140000000000000000e+03 -3.371901708616587165e-07
4.141000000000000000e+03 -3.375097107333250900e-07
4.142000000000000000e+03 -3.374218716259800301e-07
4.143000000000000000e+03 -3.368996370566340648e-07
4.144000000000000000e+03 -3.359163898182646743e-07
4.145000000000000000e+03 -3.344461850653348394e-07
4.146000000000000000e+03 -3.324639097222264996e-07
4.147000000000000000e+03 -3.299454400066018695e-07
4.148000000000000000e+03 -3.268678512490303347e-07
4.149000000000000000e+03 -3.232095467144821258e-07
4.150000000000000000e+03 -3.189504856326196787e-07
4.151000000000000000e+03 -3.140723064511889935e-07
4.152000000000000000e+03 -3.085585074384317068e-07
4.153000000000000000e+03 -3.023945669189899210e-07
4.154000000000000000e+03 -2.955681471262624838e-07
4.155000000000000000e+03 -2.880692722927463566e-07
4.156000000000000000e+03 -2.798904683513742049e-07
4.157000000000000000e+03 -2.710270087281238265e-07
4.158000000000000000e+03 -2.614770546018936086e-07
4.159000000000000000e+03 -2.512418952493472399e-07
4.160000000000000000e+03 -2.403260579300811652e-07
4.161000000000000000e+03 -2.287374901246871635e-07
4.162000000000000000e+03 -2.164877460418176504e-07
4.163000000000000000e+03 -2.035920888835480239e-07
4.164000000000000000e+03 -1.900695888169728018e-07
4.165000000000000000e+03 -1.759431510302248299e-07
4.166000000000000000e+03 -1.612395696436341098e-07
4.167000000000000000e+03 -1.459896148252951983e-07
4.168000000000000000e+03 -1.302279922028043746e-07
4.169000000000000000e+03 -1.139932367222049503e-07
4.170000000000000000e+03 -9.732768516582225563e-08
4.171000000000000000e+03 -8.027730859848292484e-08
4.172000000000000000e+03 -6.289163091086472759e-08
4.173000000000000000e+03 -4.522354781486231797e-08
4.174000000000000000e+03 -2.732914175393415116e-08
4.175000000000000000e+03 -9.267441345553795451e-09
4.176000000000000000e+03 8.899803684932826309e-09
4.177000000000000000e+03 2.710836119392160184e-08
4.178000000000000000e+03 4.529179690267485324e-08
4.179000000000000000e+03 6.338180004797485473e-08
4.180000000000000000e+03 8.130846306427418476e-08
4.181000000000000000e+03 9.900059207940964639e-08
4.182000000000000000e+03 1.163860350779683392e-07
4.183000000000000000e+03 1.333920277932338080e-07
4.184000000000000000e+03 1.499455288783238993e-07
4.185000000000000000e+03 1.659736333792942532e-07
4.186000000000000000e+03 1.814039828829085664e-07
4.187000000000000000e+03 1.961651562243490044e-07
4.188000000000000000e+03 2.101871719639934665e-07
4.189000000000000000e+03 2.234018611946226573e-07
4.190000000000000000e+03 2.357433510916085966e-07
4.191000000000000000e+03 2.471484687791485381e-07
4.192000000000000000e+03 2.575571447407919350e-07
4.193000000000000000e+03 2.669128573240372053e-07
4.194000000000000000e+03 2.751629868280900240e-07
4.195000000000000000e+03 2.822591524310790306e-07
4.196000000000000000e+03 2.881575097677720221e-07
4.197000000000000000e+03 2.928190579141824550e-07
4.198000000000000000e+03 2.962098651160448539e-07
4.199000000000000000e+03 2.983012802164964353e-07
4.200000000000000000e+03 2.990700596507247961e-07
4.201000000000000000e+03 2.984985356824643046e-07
4.202000000000000000e+03 2.965747130776815619e-07
4.203000000000000000e+03 2.932923777067072698e-07
4.204000000000000000e+03 2.886511301879681023e-07
4.205000000000000000e+03 2.826564098528180380e-07
4.206000000000000000e+03 2.753195371021729995e-07
4.207000000000000000e+03 2.666577163072929191e-07
4.208000000000000000e+03 2.566940459105103507e-07
4.209000000000000000e+03 2.454574377318584852e-07
4.210000000000000000e+03 2.329826018711791014e-07
4.211000000000000000e+03 2.193099694943422351e-07
4.212000000000000000e+03 2.044855800860444463e-07
4.213000000000000000e+03 1.885609446489094781e-07
4.214000000000000000e+03 1.715929242835067803e-07
4.215000000000000000e+03 1.536435635187203818e-07
4.216000000000000000e+03 1.347798729083228538e-07
4.217000000000000000e+03 1.150735682848256645e-07
4.218000000000000000e+03 9.460083748421122052e-08
4.219000000000000000e+03 7.344208579957703378e-08
4.220000000000000000e+03 5.168158382898471522e-08
4.221000000000000000e+03 2.940713545834640877e-08
4.222000000000000000e+03 6.709695069732638953e-09
4.223000000000000000e+03 -1.631701601738908507e-08
4.224000000000000000e+03 -3.957692626079276951e-08
4.225000000000000000e+03 -6.297210591257368333e-08
4.226000000000000000e+03 -8.640316966732904489e-08
4.227000000000000000e+03 -1.097697791961886747e-07
4.228000000000000000e+03 -1.329711938118626226e-07
4.229000000000000000e+03 -1.559068186378900000e-07
4.230000000000000000e+03 -1.784767344342380895e-07
4.231000000000000000e+03 -2.005823067242983106e-07
4.232000000000000000e+03 -2.221268252446640787e-07
4.233000000000000000e+03 -2.430160944071183200e-07
4.234000000000000000e+03 -2.631590138241473363e-07
4.235000000000000000e+03 -2.824682540915662536e-07
4.236000000000000000e+03 -3.008608589062961344e-07
4.237000000000000000e+03 -3.182588002113063782e-07
4.238000000000000000e+03 -3.345895798237211068e-07
4.239000000000000000e+03 -3.497867684180281629e-07
4.240000000000000000e+03 -3.637905313872753461e-07
4.241000000000000000e+03 -3.765480696878673601e-07
4.242000000000000000e+03 -3.880140243189033822e-07
4.243000000000000000e+03 -3.981509045559825256e-07
4.244000000000000000e+03 -4.069293077503436391e-07
4.245000000000000000e+03 -4.143282078654210656e-07
4.246000000000000000e+03 -4.203351659186322729e-07
4.247000000000000000e+03 -4.249464074297788989e-07
4.248000000000000000e+03 -4.281668854256123291e-07
4.249000000000000000e+03 -4.300102604613787544e-07
4.250000000000000000e+03 -4.304989021656168426e-07
4.251000000000000000e+03 -4.296637608284546343e-07
4.252000000000000000e+03 -4.275441584891045881e-07
4.253000000000000000e+03 -4.241875639358413766e-07
4.254000000000000000e+03 -4.196493073417865324e-07
4.255000000000000000e+03 -4.139922335833191028e-07
4.256000000000000000e+03 -4.072863484548327409e-07
4.257000000000000000e+03 -3.996084181238664403e-07
4.258000000000000000e+03 -3.910414041631201728e-07
4.259000000000000000e+03 -3.816739356813528092e-07
4.260000000000000000e+03 -3.715997289080177692e-07
4.261000000000000000e+03 -3.609169958302370616e-07
4.262000000000000000e+03 -3.497277597360352279e-07
4.263000000000000000e+03 -3.381371444436357281e-07
4.264000000000000000e+03 -3.262526066151000566e-07
4.265000000000000000e+03 -3.141831916791697111e-07
4.266000000000000000e+03 -3.020386849521344505e-07
4.267000000000000000e+03 -2.899288338399247044e-07
4.268000000000000000e+03 -2.779625000042620035e-07
4.269000000000000000e+03 -2.662468626849011970e-07
4.270000000000000000e+03 -2.548865580569954005e-07
4.271000000000000000e+03 -2.439829372187600806e-07
4.272000000000000000e+03 -2.336332999207870021e-07
4.273000000000000000e+03 -2.239301791346410832e-07
4.274000000000000000e+03 -2.149606845880196755e-07
4.275000000000000000e+03 -2.068058765051771789e-07
4.276000000000000000e+03 -1.995402504414442757e-07
4.277000000000000000e+03 -1.932312030191425080e-07
4.278000000000000000e+03 -1.879385588288452285e-07
4.279000000000000000e+03 -1.837141612796647374e-07
4.280000000000000000e+03 -1.806015589945426261e-07
4.281000000000000000e+03 -1.786356799645550224e-07
4.282000000000000000e+03 -1.778425850139350053e-07
4.283000000000000000e+03 -1.782392696028949257e-07
4.284000000000000000e+03 -1.798335443642056197e-07
4.285000000000000000e+03 -1.826239710487038472e-07
4.286000000000000000e+03 -1.865998455037788377e-07
4.287000000000000000e+03 -1.917412767082578930e-07
4.288000000000000000e+03 -1.980193308324257587e-07
4.289000000000000000e+03 -2.053961806280098010e-07
4.290000000000000000e+03 -2.138254248771119608e-07
4.291000000000000000e+03 -2.232523603907881282e-07
4.292000000000000000e+03 -2.336143269475831246e-07
4.293000000000000000e+03 -2.448411704292465686e-07
4.294000000000000000e+03 -2.568557004380525161e-07
4.295000000000000000e+03 -2.695741915933643213e-07
4.296000000000000000e+03 -2.829069457138386234e-07
4.297000000000000000e+03 -2.967589599368671448e-07
4.298000000000000000e+03 -3.110305953539049643e-07
4.299000000000000000e+03 -3.256182310788021902e-07
4.300000000000000000e+03 -3.404150641045237748e-07
4.301000000000000000e+03 -3.553119584895793579e-07
4.302000000000000000e+03 -3.701982720735387632e-07
4.303000000000000000e+03 -3.849627008276693253e-07
4.304000000000000000e+03 -3.994941686477729638e-07
4.305000000000000000e+03 -4.136827175398041894e-07
4.306000000000000000e+03 -4.274204386200330928e-07
4.307000000000000000e+03 -4.406022497133142053e-07
4.308000000000000000e+03 -4.531267302427288632e-07
4.309000000000000000e+03 -4.648968703765815992e-07
4.310000000000000000e+03 -4.758208131283889325e-07
4.311000000000000000e+03 -4.858124671647254448e-07
4.312000000000000000e+03 -4.947921309954354982e-07
4.313000000000000000e+03 -5.026869732200202373e-07
4.314000000000000000e+03 -5.094314686369203443e-07
4.315000000000000000e+03 -5.149678251468272419e-07
4.316000000000000000e+03 -5.192462734218976619e-07
4.317000000000000000e+03 -5.222252700321512856e-07
4.318000000000000000e+03 -5.238716023710782319e-07
4.319000000000000000e+03 -5.241605849822432854e-07
4.320000000000000000e+03 -5.230760097448414110e-07
4.321000000000000000e+03 -5.206100195640334863e-07
4.322000000000000000e+03 -5.167630356345123024e-07
4.323000000000000000e+03 -5.115435099953701846e-07
4.324000000000000000e+03 -5.049677009840077795e-07
4.325000000000000000e+03 -4.970592640871518641e-07
4.326000000000000000e+03 -4.878488735858147153e-07
4.327000000000000000e+03 -4.773737520066056367e-07
4.328000000000000000e+03 -4.656772698514630532e-07
4.329000000000000000e+03 -4.528083808497034726e-07
4.330000000000000000e+03 -4.388210421736710059e-07
4.331000000000000000e+03 -4.237736347055186127e-07
4.332000000000000000e+03 -4.077283857094191871e-07
4.333000000000000000e+03 -3.907508100078546442e-07
4.334000000000000000e+03 -3.729090500418234333e-07
4.335000000000000000e+03 -3.542732343392233948e-07
4.336000000000000000e+03 -3.349149150889302151e-07
4.337000000000000000e+03 -3.149064640679219209e-07
4.338000000000000000e+03 -2.943204790127140654e-07
4.339000000000000000e+03 -2.732291986834161668e-07
4.340000000000000000e+03 -2.517039446896124800e-07
4.341000000000000000e+03 -2.298146342285775510e-07
4.342000000000000000e+03 -2.076292387668332496e-07
4.343000000000000000e+03 -1.852133523774269876e-07
4.344000000000000000e+03 -1.626297849559430722e-07
4.345000000000000000e+03 -1.399381840475293724e-07
4.346000000000000000e+03 -1.171947403201843119e-07
4.347000000000000000e+03 -9.445199013481522745e-08
4.348000000000000000e+03 -7.175854193844604339e-08
4.349000000000000000e+03 -4.915894055771841939e-08
4.350000000000000000e+03 -2.669359147819151665e-08
4.351000000000000000e+03 -4.398756017277785693e-09
4.352000000000000000e+03 1.769339568762194400e-08
4.353000000000000000e+03 3.955470387077841126e-08
4.354000000000000000e+03 6.116089677677147905e-08
4.355000000000000000e+03 8.249136137898327295e-08
4.356000000000000000e+03 1.035289360888738662e-07
4.357000000000000000e+03 1.242596439734572776e-07
4.358000000000000000e+03 1.446723673655768206e-07
4.359000000000000000e+03 1.647585416358408485e-07
4.360000000000000000e+03 1.845118175448363436e-07
4.361000000000000000e+03 2.039277348740006889e-07
4.362000000000000000e+03 2.230034292016404775e-07
4.363000000000000000e+03 2.417372728023099220e-07
4.364000000000000000e+03 2.601285505343203690e-07
4.365000000000000000e+03 2.781772064605724672e-07
4.366000000000000000e+03 2.958835343284787232e-07
4.367000000000000000e+03 3.132479321625348147e-07
4.368000000000000000e+03 3.302706706973066395e-07
4.369000000000000000e+03 3.469517295999674574e-07
4.370000000000000000e+03 3.632905792930060625e-07
4.371000000000000000e+03 3.792860050939901811e-07
4.372000000000000000e+03 3.949359725840167908e-07
4.373000000000000000e+03 4.102375260052938219e-07
4.374000000000000000e+03 4.251866586780430031e-07
4.375000000000000000e+03 4.397782715702827320e-07
4.376000000000000000e+03 4.540061304352471032e-07
4.377000000000000000e+03 4.678628672177638387e-07
4.378000000000000000e+03 4.813399798708664666e-07
4.379000000000000000e+03 4.944279758015540814e-07
4.380000000000000000e+03 5.071164008676540385e-07
4.381000000000000000e+03 5.193939959595015390e-07
4.382000000000000000e+03 5.312487921849447284e-07
4.383000000000000000e+03 5.426682878097674760e-07
4.384000000000000000e+03 5.536395792215813651e-07
4.385000000000000000e+03 5.641496076232234265e-07
4.386000000000000000e+03 5.741853307907108501e-07
4.387000000000000000e+03 5.837338780495140375e-07
4.388000000000000000e+03 5.927827089335878770e-07
4.389000000000000000e+03 6.013198209576213267e-07
4.390000000000000000e+03 6.093338277066764411e-07
4.391000000000000000e+03 6.168141225871116223e-07
4.392000000000000000e+03 6.237509854524642844e-07
4.393000000000000000e+03 6.301356576162681102e-07
4.394000000000000000e+03 6.359604714714133277e-07
4.395000000000000000e+03 6.412188929437459231e-07
4.396000000000000000e+03 6.459056153327455311e-07
4.397000000000000000e+03 6.500166098570651270e-07
4.398000000000000000e+03 6.535491697376503175e-07
4.399000000000000000e+03 6.565020030979382331e-07
4.400000000000000000e+03 6.588752710143357472e-07
4.401000000000000000e+03 6.606706721377606991e-07
4.402000000000000000e+03 6.618914470269873839e-07
4.403000000000000000e+03 6.625424671607663284e-07
4.404000000000000000e+03 6.626302971494910618e-07
4.405000000000000000e+03 6.621632013245634504e-07
4.406000000000000000e+03 6.611512383019109761e-07
4.407000000000000000e+03 6.596062567088755599e-07
4.408000000000000000e+03 6.575419143270125856e-07
4.409000000000000000e+03 6.549737712029483685e-07
4.410000000000000000e+03 6.519192625966369320e-07
4.411000000000000000e+03 6.483976807331034797e-07
4.412000000000000000e+03 6.444301635146416179e-07
4.413000000000000000e+03 6.400396595007542182e-07
4.414000000000000000e+03 6.352509250386728189e-07
4.415000000000000000e+03 6.300903983052423124e-07
4.416000000000000000e+03 6.245862395982608252e-07
4.417000000000000000e+03 6.187681900993199335e-07
4.418000000000000000e+03 6.126674720784448142e-07
4.419000000000000000e+03 6.063166809266329407e-07
4.420000000000000000e+03 5.997496884309580685e-07
4.421000000000000000e+03 5.930014634644154489e-07
4.422000000000000000e+03 5.861079867015523372e-07
4.423000000000000000e+03 5.791060128456807533e-07
4.424000000000000000e+03 5.720329112942611972e-07
4.425000000000000000e+03 5.649264494661545239e-07
4.426000000000000000e+03 5.578246030850232313e-07
4.427000000000000000e+03 5.507653382915946166e-07
4.428000000000000000e+03 5.437863907266103343e-07
4.429000000000000000e+03 5.369250515708837141e-07
4.430000000000000000e+03 5.302179543244076189e-07
4.431000000000000000e+03 5.237007686035665525e-07
4.432000000000000000e+03 5.174079994929603834e-07
4.433000000000000000e+03 5.113727292995388606e-07
4.434000000000000000e+03 5.056263520528898593e-07
4.435000000000000000e+03 5.001983425884034143e-07
4.436000000000000000e+03 4.951159213339147635e-07
4.437000000000000000e+03 4.904038123250390019e-07
4.438000000000000000e+03 4.860839376591135627e-07
4.439000000000000000e+03 4.821751314129442453e-07
4.440000000000000000e+03 4.786928464222936303e-07
4.441000000000000000e+03 4.756488680394214666e-07
4.442000000000000000e+03 4.730510684923199809e-07
4.443000000000000000e+03 4.709031407203617869e-07
4.444000000000000000e+03 4.692043688537390217e-07
4.445000000000000000e+03 4.679494646649527523e-07
4.446000000000000000e+03 4.671283354466449432e-07
4.447000000000000000e+03 4.667259110610565581e-07
4.448000000000000000e+03 4.667219903931799940e-07
4.449000000000000000e+03 4.670911631683139360e-07
4.450000000000000000e+03 4.678026950478838070e-07
4.451000000000000000e+03 4.688204685521866965e-07
4.452000000000000000e+03 4.701029078289892572e-07
4.453000000000000000e+03 4.716029749972514903e-07
4.454000000000000000e+03 4.732682563826534092e-07
4.455000000000000000e+03 4.750409956908923829e-07
4.456000000000000000e+03 4.768581837252172973e-07
4.457000000000000000e+03 4.786517487877434494e-07
4.458000000000000000e+03 4.803488225114847081e-07
4.459000000000000000e+03 4.818720262509870361e-07
4.460000000000000000e+03 4.831397829447377482e-07
4.461000000000000000e+03 4.840668713197167662e-07
4.462000000000000000e+03 4.845648437594117675e-07
4.463000000000000000e+03 4.845425920824655417e-07
4.464000000000000000e+03 4.839069619022367156e-07
4.465000000000000000e+03 4.825633982368935615e-07
4.466000000000000000e+03 4.804166173524454530e-07
4.467000000000000000e+03 4.773713918655990185e-07
4.468000000000000000e+03 4.733332524661194863e-07
4.469000000000000000e+03 4.682092651506705539e-07
4.470000000000000000e+03 4.619088354056160146e-07
4.471000000000000000e+03 4.543444988597063486e-07
4.472000000000000000e+03 4.454326879875743928e-07
4.473000000000000000e+03 4.350945519568428860e-07
4.474000000000000000e+03 4.232567001745109554e-07
4.475000000000000000e+03 4.098519740478217278e-07
4.476000000000000000e+03 3.948201985749732848e-07
4.477000000000000000e+03 3.781089042508241742e-07
4.478000000000000000e+03 3.596739944078796895e-07
4.479000000000000000e+03 3.394803696162653141e-07
4.480000000000000000e+03 3.175025706275387945e-07
4.481000000000000000e+03 2.937252561782504276e-07
4.482000000000000000e+03 2.681437118425790157e-07
4.483000000000000000e+03 2.407642410935994950e-07
4.484000000000000000e+03 2.116044962400893906e-07
4.485000000000000000e+03 1.806937593392407345e-07
4.486000000000000000e+03 1.480731096056479367e-07
4.487000000000000000e+03 1.137955360930660441e-07
4.488000000000000000e+03 7.792596148739412323e-08
4.489000000000000000e+03 4.054116295525021165e-08
4.490000000000000000e+03 1.729633157735004706e-09
4.491000000000000000e+03 -3.840864538478759215e-08
4.492000000000000000e+03 -7.976254106900995818e-08
4.493000000000000000e+03 -1.222101743863283421e-07
4.494000000000000000e+03 -1.656193867687510552e-07
4.495000000000000000e+03 -2.098483785961706491e-07
4.496000000000000000e+03 -2.547463747456270135e-07
4.497000000000000000e+03 -3.001543830511312649e-07
4.498000000000000000e+03 -3.459060651695815793e-07
4.499000000000000000e+03 -3.918286024204928768e-07
4.500000000000000000e+03 -4.377437188627382499e-07
4.501000000000000000e+03 -4.834687307760236073e-07
4.502000000000000000e+03 -5.288175705362649427e-07
4.503000000000000000e+03 -5.736020319467061299e-07
4.504000000000000000e+03 -6.176328855005148280e-07
4.505000000000000000e+03 -6.607210566727231179e-07
4.506000000000000000e+03 -7.026788286005473389e-07
4.507000000000000000e+03 -7.433210068044799290e-07
4.508000000000000000e+03 -7.824661051933207620e-07
4.509000000000000000e+03 -8.199375099559485584e-07
4.510000000000000000e+03 -8.555645513011986271e-07
4.511000000000000000e+03 -8.891836091872692845e-07
4.512000000000000000e+03 -9.206391028260383775e-07
4.513000000000000000e+03 -9.497844850018787611e-07
4.514000000000000000e+03 -9.764830942236431346e-07
4.515000000000000000e+03 -1.000608956819615426e-06
4.516000000000000000e+03 -1.022047599407803902e-06
4.517000000000000000e+03 -1.040696645020420324e-06
4.518000000000000000e+03 -1.056466426442475336e-06
4.519000000000000000e+03 -1.069280465519551212e-06
4.520000000000000000e+03 -1.079075801945736810e-06
4.521000000000000000e+03 -1.085803360572683589e-06
4.522000000000000000e+03 -1.089428153443943367e-06
4.523000000000000000e+03 -1.089929386251635928e-06
4.524000000000000000e+03 -1.087300442079373410e-06
4.525000000000000000e+03 -1.081548874596154903e-06
4.526000000000000000e+03 -1.072696256315362742e-06
4.527000000000000000e+03 -1.060777998071689153e-06
4.528000000000000000e+03 -1.045843057980565810e-06
4.529000000000000000e+03 -1.027953573367745476e-06
4.530000000000000000e+03 -1.007184600104412806e-06
4.531000000000000000e+03 -9.836236285899439897e-07
4.532000000000000000e+03 -9.573700611719809993e-07
4.533000000000000000e+03 -9.285347108268608605e-07
4.534000000000000000e+03 -8.972391615445450211e-07
4.535000000000000000e+03 -8.636151851898960026e-07
4.536000000000000000e+03 -8.278040363532195852e-07
4.537000000000000000e+03 -7.899557661939494828e-07
4.538000000000000000e+03 -7.502284391026651219e-07
4.539000000000000000e+03 -7.087872424559658661e-07
4.540000000000000000e+03 -6.658036742409653418e-07
4.541000000000000000e+03 -6.214547251453714838e-07
4.542000000000000000e+03 -5.759219298221224437e-07
4.543000000000000000e+03 -5.293904294851546100e-07
4.544000000000000000e+03 -4.820480400238016151e-07
4.545000000000000000e+03 -4.340843282580753316e-07
4.546000000000000000e+03 -3.856896785919665557e-07
4.547000000000000000e+03 -3.370543921018290446e-07
4.548000000000000000e+03 -2.883677528749574849e-07
4.549000000000000000e+03 -2.398171818463675805e-07
4.550000000000000000e+03 -1.915873766976251442e-07
4.551000000000000000e+03 -1.438594566360569762e-07
4.552000000000000000e+03 -9.681016963389199096e-08
4.553000000000000000e+03 -5.061111974979788337e-08
4.554000000000000000e+03 -5.428084600359500505e-09
4.555000000000000000e+03 3.857967154301752597e-08
4.556000000000000000e+03 8.126003513669270361e-08
4.557000000000000000e+03 1.224686009537896592e-07
4.558000000000000000e+03 1.620692538888120382e-07
4.559000000000000000e+03 1.999345819132844882e-07
4.560000000000000000e+03 2.359463020091290805e-07
4.561000000000000000e+03 2.699956331834219638e-07
4.562000000000000000e+03 3.019835670938174523e-07
4.563000000000000000e+03 3.318211019110211906e-07
4.564000000000000000e+03 3.594294937672917803e-07
4.565000000000000000e+03 3.847403390141308405e-07
4.566000000000000000e+03 4.076956393930681148e-07
4.567000000000000000e+03 4.282478373458065231e-07
4.568000000000000000e+03 4.463597723673927602e-07
4.569000000000000000e+03 4.620046104625978607e-07
4.570000000000000000e+03 4.751657295266512095e-07
4.571000000000000000e+03 4.858365449110150350e-07
4.572000000000000000e+03 4.940203937386014229e-07
4.573000000000000000e+03 4.997303077330914424e-07
4.574000000000000000e+03 5.029887924787089203e-07
4.575000000000000000e+03 5.038276209409299125e-07
4.576000000000000000e+03 5.022875655474633751e-07
4.577000000000000000e+03 4.984181328793819684e-07
4.578000000000000000e+03 4.922772828854054443e-07
4.579000000000000000e+03 4.839311015093975576e-07
4.580000000000000000e+03 4.734535291627879114e-07
4.581000000000000000e+03 4.609260325529419874e-07
4.582000000000000000e+03 4.464372515994464343e-07
4.583000000000000000e+03 4.300825673596952855e-07
4.584000000000000000e+03 4.119637430225747678e-07
4.585000000000000000e+03 3.921885674334940021e-07
4.586000000000000000e+03 3.708703786943460798e-07
4.587000000000000000e+03 3.481275926509595185e-07
4.588000000000000000e+03 3.240832117790302591e-07
4.589000000000000000e+03 2.988643552896664075e-07
4.590000000000000000e+03 2.726016750128612229e-07
4.591000000000000000e+03 2.454288001067735680e-07
4.592000000000000000e+03 2.174817305233489032e-07
4.593000000000000000e+03 1.888982223169510068e-07
4.594000000000000000e+03 1.598171809581077116e-07
4.595000000000000000e+03 1.303779599796981208e-07
4.596000000000000000e+03 1.007196922760961321e-07
4.597000000000000000e+03 7.098058736262701009e-08
4.598000000000000000e+03 4.129719649940019537e-08
4.599000000000000000e+03 1.180376038886486921e-08
4.600000000000000000e+03 -1.736853033872663326e-08
4.601000000000000000e+03 -4.609225167451490536e-08
4.602000000000000000e+03 -7.424438894229161343e-08
4.603000000000000000e+03 -1.017069614485591644e-07
4.604000000000000000e+03 -1.283676676737755986e-07
4.605000000000000000e+03 -1.541205032536200389e-07
4.606000000000000000e+03 -1.788663119820487532e-07
4.607000000000000000e+03 -2.025132590062733061e-07
4.608000000000000000e+03 -2.249773208181106230e-07
4.609000000000000000e+03 -2.461827126999139014e-07
4.610000000000000000e+03 -2.660622258181851882e-07
4.611000000000000000e+03 -2.845575904946782471e-07
4.612000000000000000e+03 -3.016197335408196391e-07
4.613000000000000000e+03 -3.172089853847917058e-07
4.614000000000000000e+03 -3.312952069530923604e-07
4.615000000000000000e+03 -3.438578337068027624e-07
4.616000000000000000e+03 -3.548859066880327353e-07
4.617000000000000000e+03 -3.643780023898989960e-07
4.618000000000000000e+03 -3.723421007777645569e-07
4.619000000000000000e+03 -3.787954535764886125e-07
4.620000000000000000e+03 -3.837643524255344246e-07
4.621000000000000000e+03 -3.872838175435874572e-07
4.622000000000000000e+03 -3.893973003791633196e-07
4.623000000000000000e+03 -3.901563359208491561e-07
4.624000000000000000e+03 -3.896201406753997687e-07
4.625000000000000000e+03 -3.878551805677179755e-07
4.626000000000000000e+03 -3.849346675385938225e-07
4.627000000000000000e+03 -3.809380143729929873e-07
4.628000000000000000e+03 -3.759502824208012487e-07
4.629000000000000000e+03 -3.700615601477717407e-07
4.630000000000000000e+03 -3.633663180381774044e-07
4.631000000000000000e+03 -3.559627627809647805e-07
4.632000000000000000e+03 -3.479521514741517422e-07
4.633000000000000000e+03 -3.394380133138656955e-07
4.634000000000000000e+03 -3.305254401609648056e-07
4.635000000000000000e+03 -3.213203585876756903e-07
4.636000000000000000e+03 -3.119287874721731779e-07
4.637000000000000000e+03 -3.024561453170384121e-07
4.638000000000000000e+03 -2.930064634714386683e-07
4.639000000000000000e+03 -2.836817432580693723e-07
4.640000000000000000e+03 -2.745813216685378418e-07
4.641000000000000000e+03 -2.658012340692557836e-07
4.642000000000000000e+03 -2.574336170666658749e-07
4.643000000000000000e+03 -2.495661158137007910e-07
4.644000000000000000e+03 -2.422813998284978701e-07
4.645000000000000000e+03 -2.356567081700557641e-07
4.646000000000000000e+03 -2.297634542512039225e-07
4.647000000000000000e+03 -2.246667631491637162e-07
4.648000000000000000e+03 -2.204251581825104878e-07
4.649000000000000000e+03 -2.170903031536346318e-07
4.650000000000000000e+03 -2.147066956660661549e-07
4.651000000000000000e+03 -2.133115180381319639e-07
4.652000000000000000e+03 -2.129344709757970732e-07
4.653000000000000000e+03 -2.135975990579737200e-07
4.654000000000000000e+03 -2.153152660855659496e-07
4.655000000000000000e+03 -2.180940994815063170e-07
4.656000000000000000e+03 -2.219329367707787389e-07
4.657000000000000000e+03 -2.268229122387277301e-07
4.658000000000000000e+03 -2.327475178549757693e-07
4.659000000000000000e+03 -2.396827857430141023e-07
4.660000000000000000e+03 -2.475974576835402958e-07
4.661000000000000000e+03 -2.564531566010531073e-07
4.662000000000000000e+03 -2.662047135434210133e-07
4.663000000000000000e+03 -2.768005037587720763e-07
4.664000000000000000e+03 -2.881827992534486352e-07
4.665000000000000000e+03 -3.002881553966973741e-07
4.666000000000000000e+03 -3.130478577931915850e-07
4.667000000000000000e+03 -3.263883229650540720e-07
4.668000000000000000e+03 -3.402315314555148024e-07
4.669000000000000000e+03 -3.544954723003535326e-07
4.670000000000000000e+03 -3.690945112184376047e-07
4.671000000000000000e+03 -3.839398212531754693e-07
4.672000000000000000e+03 -3.989397858073171723e-07
4.673000000000000000e+03 -4.140004397502079020e-07
4.674000000000000000e+03 -4.290258999050408048e-07
4.675000000000000000e+03 -4.439188014801239624e-07
4.676000000000000000e+03 -4.585808241757388412e-07
4.677000000000000000e+03 -4.729131734562804358e-07
4.678000000000000000e+03 -4.868171936677658847e-07
4.679000000000000000e+03 -5.001949234678522942e-07
4.680000000000000000e+03 -5.129497298776375913e-07
4.681000000000000000e+03 -5.249869602143420860e-07
4.682000000000000000e+03 -5.362145905143563459e-07
4.683000000000000000e+03 -5.465438652959944593e-07
4.684000000000000000e+03 -5.558898805816567555e-07
4.685000000000000000e+03 -5.641722235659594295e-07
4.686000000000000000e+03 -5.713155191577766228e-07
4.687000000000000000e+03 -5.772499217581836268e-07
4.688000000000000000e+03 -5.819116475825583375e-07
4.689000000000000000e+03 -5.852433717183626247e-07
4.690000000000000000e+03 -5.871946052846347096e-07
4.691000000000000000e+03 -5.877219504850088462e-07
4.692000000000000000e+03 -5.867893381189082946e-07
4.693000000000000000e+03 -5.843682415848161730e-07
4.694000000000000000e+03 -5.804377213014649747e-07
4.695000000000000000e+03 -5.749844263512765729e-07
4.696000000000000000e+03 -5.680026833001765078e-07
4.697000000000000000e+03 -5.594943670216088709e-07
4.698000000000000000e+03 -5.494687529261176958e-07
4.699000000000000000e+03 -5.379423163768151485e-07
4.700000000000000000e+03 -5.249385785445627931e-07
4.701000000000000000e+03 -5.104877664454925414e-07
4.702000000000000000e+03 -4.946264893405932702e-07
4.703000000000000000e+03 -4.773973422523124469e-07
4.704000000000000000e+03 -4.588484977919787802e-07
4.705000000000000000e+03 -4.390332336717118537e-07
4.706000000000000000e+03 -4.180094261069020211e-07
4.707000000000000000e+03 -3.958390684907079812e-07
4.708000000000000000e+03 -3.725876970231554326e-07
4.709000000000000000e+03 -3.483238371152400307e-07
4.710000000000000000e+03 -3.231184030525693807e-07
4.711000000000000000e+03 -2.970440482854045073e-07
4.712000000000000000e+03 -2.701746112840914498e-07
4.713000000000000000e+03 -2.425845175579427394e-07
4.714000000000000000e+03 -2.143482450499834904e-07
4.715000000000000000e+03 -1.855397348883674077e-07
4.716000000000000000e+03 -1.562318510286912901e-07
4.717000000000000000e+03 -1.264958689682886725e-07
4.718000000000000000e+03 -9.640106749852946886e-08
4.719000000000000000e+03 -6.601433113713188893e-08
4.720000000000000000e+03 -3.539976638312213828e-08
4.721000000000000000e+03 -4.618430533491726884e-09
4.722000000000000000e+03 2.627191875043855959e-08
4.723000000000000000e+03 5.721709432779291525e-08
4.724000000000000000e+03 8.816656463241564795e-08
4.725000000000000000e+03 1.190735483833016517e-07
4.726000000000000000e+03 1.498950826174033604e-07
4.727000000000000000e+03 1.805920058130032381e-07
4.728000000000000000e+03 2.111289208765693155e-07
4.729000000000000000e+03 2.414741224714165323e-07
4.730000000000000000e+03 2.715995000918172692e-07
4.731000000000000000e+03 3.014803947528213605e-07
4.732000000000000000e+03 3.310954598606879507e-07
4.733000000000000000e+03 3.604264107171904785e-07
4.734000000000000000e+03 3.894578576771206823e-07
4.735000000000000000e+03 4.181769776157181447e-07
4.736000000000000000e+03 4.465732864549800582e-07
4.737000000000000000e+03 4.746384115809475261e-07
4.738000000000000000e+03 5.023658375763765964e-07
4.739000000000000000e+03 5.297506172070314790e-07
4.740000000000000000e+03 5.567890053719335852e-07
4.741000000000000000e+03 5.834782345273254771e-07
4.742000000000000000e+03 6.098162298595656165e-07
4.743000000000000000e+03 6.358013548531101477e-07
4.744000000000000000e+03 6.614320955925035604e-07
4.745000000000000000e+03 6.867068364187175523e-07
4.746000000000000000e+03 7.116235859636110416e-07
4.747000000000000000e+03 7.361797444136895576e-07
4.748000000000000000e+03 7.603718011526204549e-07
4.749000000000000000e+03 7.841951547946516272e-07
4.750000000000000000e+03 8.076437966076058004e-07
4.751000000000000000e+03 8.307101050702110530e-07
4.752000000000000000e+03 8.533845960999202202e-07
4.753000000000000000e+03 8.756556770770982978e-07
4.754000000000000000e+03 8.975093733138450793e-07
4.755000000000000000e+03 9.189291267107582531e-07
4.756000000000000000e+03 9.398955428816195464e-07
4.757000000000000000e+03 9.603861875794881920e-07
4.758000000000000000e+03 9.803754005844873404e-07
4.759000000000000000e+03 9.998341041045587908e-07
4.760000000000000000e+03 1.018729683177681551e-06
4.761000000000000000e+03 1.037025906269801740e-06
4.762000000000000000e+03 1.054682911708978213e-06
4.763000000000000000e+03 1.071657217652597982e-06
4.764000000000000000e+03 1.087901783703121418e-06
4.765000000000000000e+03 1.103366245052607678e-06
4.766000000000000000e+03 1.117997117232868366e-06
4.767000000000000000e+03 1.131738055374134010e-06
4.768000000000000000e+03 1.144530178354955088e-06
4.769000000000000000e+03 1.156312429740079506e-06
4.770000000000000000e+03 1.167021995843378914e-06
4.771000000000000000e+03 1.176594792713684175e-06
4.772000000000000000e+03 1.184965951315423349e-06
4.773000000000000000e+03 1.192070389261189003e-06
4.774000000000000000e+03 1.197843369741098219e-06
4.775000000000000000e+03 1.202221070682043309e-06
4.776000000000000000e+03 1.205141143603855261e-06
4.777000000000000000e+03 1.206543351434317450e-06
4.778000000000000000e+03 1.206370121047046682e-06
4.779000000000000000e+03 1.204567139061883794e-06
4.780000000000000000e+03 1.201083890841321862e-06
4.781000000000000000e+03 1.195874232316632747e-06
4.782000000000000000e+03 1.188896924076996589e-06
4.783000000000000000e+03 1.180116045067501546e-06
4.784000000000000000e+03 1.169501414182829339e-06
4.785000000000000000e+03 1.157028988980249644e-06
4.786000000000000000e+03 1.142681198513395633e-06
4.787000000000000000e+03 1.126447267353252090e-06
4.788000000000000000e+03 1.108323469880472906e-06
4.789000000000000000e+03 1.088313400280132994e-06
4.790000000000000000e+03 1.066428142246151888e-06
4.791000000000000000e+03 1.042686377852419244e-06
4.792000000000000000e+03 1.017114505560564039e-06
4.793000000000000000e+03 9.897467601597438806e-07
4.794000000000000000e+03 9.606252351648899117e-07
4.795000000000000000e+03 9.297998999696857850e-07
4.796000000000000000e+03 8.973285188700189594e-07
4.797000000000000000e+03 8.632765146265103469e-07
4.798000000000000000e+03 8.277168921641964946e-07
4.799000000000000000e+03 7.907300898272442384e-07
4.800000000000000000e+03 7.524037204638057368e-07
4.801000000000000000e+03 7.128323268401022373e-07
4.802000000000000000e+03 6.721170495492990679e-07
4.803000000000000000e+03 6.303653356791542641e-07
4.804000000000000000e+03 5.876905331964541164e-07
4.805000000000000000e+03 5.442114547221058124e-07
4.806000000000000000e+03 5.000519219191936573e-07
4.807000000000000000e+03 4.553403064245133764e-07
4.808000000000000000e+03 4.102089687369762429e-07
4.809000000000000000e+03 3.647937483426826005e-07
4.810000000000000000e+03 3.192333399432985290e-07
4.811000000000000000e+03 2.736686709070022258e-07
4.812000000000000000e+03 2.282421934279470369e-07
4.813000000000000000e+03 1.830973231048455748e-07
4.814000000000000000e+03 1.383777200366857250e-07
4.815000000000000000e+03 9.422660066151992590e-08
4.816000000000000000e+03 5.078602525230569769e-08
4.817000000000000000e+03 8.196256092841319226e-09
4.818000000000000000e+03 -3.340499988637888169e-08
4.819000000000000000e+03 -7.388329061649917336e-08
4.820000000000000000e+03 -1.131080545077515776e-07
4.821000000000000000e+03 -1.509533797281045056e-07
4.822000000000000000e+03 -1.872986554714170680e-07
4.823000000000000000e+03 -2.220292212225985547e-07
4.824000000000000000e+03 -2.550370571907238719e-07
4.825000000000000000e+03 -2.862214304996408373e-07
4.826000000000000000e+03 -3.154894409495245773e-07
4.827000000000000000e+03 -3.427566387834298921e-07
4.828000000000000000e+03 -3.679476476737901426e-07
4.829000000000000000e+03 -3.909966892512974707e-07
4.830000000000000000e+03 -4.118480554961089548e-07
4.831000000000000000e+03 -4.304565920174109509e-07
4.832000000000000000e+03 -4.467881097995192315e-07
4.833000000000000000e+03 -4.608198149987231875e-07
4.834000000000000000e+03 -4.725405689032061248e-07
4.835000000000000000e+03 -4.819511645381851320e-07
4.836000000000000000e+03 -4.890645057992431332e-07
4.837000000000000000e+03 -4.939056878712428746e-07
4.838000000000000000e+03 -4.965119319403466567e-07
4.839000000000000000e+03 -4.969325980755519949e-07
4.840000000000000000e+03 -4.952289805111539176e-07
4.841000000000000000e+03 -4.914740445995397122e-07
4.842000000000000000e+03 -4.857520780045501412e-07
4.843000000000000000e+03 -4.781582152834610299e-07
4.844000000000000000e+03 -4.687978792011554469e-07
4.845000000000000000e+03 -4.577862285699999167e-07
4.846000000000000000e+03 -4.452474899511066053e-07
4.847000000000000000e+03 -4.313140827971306362e-07
4.848000000000000000e+03 -4.161258764124943286e-07
4.849000000000000000e+03 -3.998293313917737644e-07
4.850000000000000000e+03 -3.825765230280056773e-07
4.851000000000000000e+03 -3.645241663207915030e-07
4.852000000000000000e+03 -3.458326347630104483e-07
4.853000000000000000e+03 -3.266649419011708115e-07
4.854000000000000000e+03 -3.071856765435515487e-07
4.855000000000000000e+03 -2.875599603588929180e-07
4.856000000000000000e+03 -2.679523524284963615e-07
4.857000000000000000e+03 -2.485258219892887929e-07
4.858000000000000000e+03 -2.294407156959131322e-07
4.859000000000000000e+03 -2.108536822723656953e-07
4.860000000000000000e+03 -1.929167229871253182e-07
4.861000000000000000e+03 -1.757761807055457711e-07
4.862000000000000000e+03 -1.595718810453394365e-07
4.863000000000000000e+03 -1.444361995344394261e-07
4.864000000000000000e+03 -1.304932771717469165e-07
4.865000000000000000e+03 -1.178582379045723404e-07
4.866000000000000000e+03 -1.066365426819274556e-07
4.867000000000000000e+03 -9.692335060910419765e-08
4.868000000000000000e+03 -8.880298850924772288e-08
4.869000000000000000e+03 -8.234846035555962080e-08
4.870000000000000000e+03 -7.762102094832690140e-08
4.871000000000000000e+03 -7.466985325844653643e-08
4.872000000000000000e+03 -7.353181057384621211e-08
4.873000000000000000e+03 -7.423124040277399516e-08
4.874000000000000000e+03 -7.677992059949846498e-08
4.875000000000000000e+03 -8.117703784858946438e-08
4.876000000000000000e+03 -8.740926687222713244e-08
4.877000000000000000e+03 -9.545091493572574524e-08
4.878000000000000000e+03 -1.052641482751785347e-07
4.879000000000000000e+03 -1.167993052281791952e-07
4.880000000000000000e+03 -1.299952750559727432e-07
4.881000000000000000e+03 -1.447799754335698733e-07
4.882000000000000000e+03 -1.610709129513306802e-07
4.883000000000000000e+03 -1.787757698169343144e-07
4.884000000000000000e+03 -1.977930549343788925e-07
4.885000000000000000e+03 -2.180128886622041631e-07
4.886000000000000000e+03 -2.393177139725674293e-07
4.887000000000000000e+03 -2.615831311201101910e-07
4.888000000000000000e+03 -2.846787874176147443e-07
4.889000000000000000e+03 -3.084691599238916336e-07
4.890000000000000000e+03 -3.328144755028683274e-07
4.891000000000000000e+03 -3.575715583009088569e-07
4.892000000000000000e+03 -3.825947474286864992e-07
4.893000000000000000e+03 -4.077367328753647972e-07
4.894000000000000000e+03 -4.328493883231402287e-07
4.895000000000000000e+03 -4.577846006142944166e-07
4.896000000000000000e+03 -4.823950380482040411e-07
4.897000000000000000e+03 -5.065349585876650091e-07
4.898000000000000000e+03 -5.300609176355135878e-07
4.899000000000000000e+03 -5.528324681441530039e-07
4.900000000000000000e+03 -5.747128734647983003e-07
4.901000000000000000e+03 -5.955697345924869138e-07
4.902000000000000000e+03 -6.152755880860148435e-07
4.903000000000000000e+03 -6.337085662337955071e-07
4.904000000000000000e+03 -6.507529486866936078e-07
4.905000000000000000e+03 -6.662997775779548419e-07
4.906000000000000000e+03 -6.802473677258574174e-07
4.907000000000000000e+03 -6.925018360787068607e-07
4.908000000000000000e+03 -7.029777037267987293e-07
4.909000000000000000e+03 -7.115983402908874257e-07
4.910000000000000000e+03 -7.182964422940242775e-07
4.911000000000000000e+03 -7.230144959761258114e-07
4.912000000000000000e+03 -7.257052276442710492e-07
4.913000000000000000e+03 -7.263319035285596110e-07
4.914000000000000000e+03 -7.248687406539485448e-07
4.915000000000000000e+03 -7.213011591075398877e-07
4.916000000000000000e+03 -7.156260642245851470e-07
4.917000000000000000e+03 -7.078519267738952794e-07
4.918000000000000000e+03 -6.979989075044109613e-07
4.919000000000000000e+03 -6.860988254499304106e-07
4.920000000000000000e+03 -6.721951093379774121e-07
4.921000000000000000e+03 -6.563426304271623392e-07
4.922000000000000000e+03 -6.386075156204194045e-07
4.923000000000000000e+03 -6.190668225007141665e-07
4.924000000000000000e+03 -5.978081679290308177e-07
4.925000000000000000e+03 -5.749292610762155414e-07
4.926000000000000000e+03 -5.505374257744214530e-07
4.927000000000000000e+03 -5.247488986052048918e-07
4.928000000000000000e+03 -4.976881646766127394e-07
4.929000000000000000e+03 -4.694872306824777004e-07
4.930000000000000000e+03 -4.402848461403094977e-07
4.931000000000000000e+03 -4.102256443192291047e-07
4.932000000000000000e+03 -3.794592416492331094e-07
4.933000000000000000e+03 -3.481393445865660232e-07
4.934000000000000000e+03 -3.164227641559397629e-07
4.935000000000000000e+03 -2.844684980013305397e-07
4.936000000000000000e+03 -2.524366753016480316e-07
4.937000000000000000e+03 -2.204876025779687172e-07
4.938000000000000000e+03 -1.887807919998061499e-07
4.939000000000000000e+03 -1.574739588766219564e-07
4.940000000000000000e+03 -1.267220194921164586e-07
4.941000000000000000e+03 -9.667618353528842707e-08
4.942000000000000000e+03 -6.748300546089135354e-08
4.943000000000000000e+03 -3.928350407300101538e-08
4.944000000000000000e+03 -1.221227833264785244e-08
4.945000000000000000e+03 1.360325642398740905e-08
4.946000000000000000e+03 3.804362062957740573e-08
4.947000000000000000e+03 6.099794583733768936e-08
4.948000000000000000e+03 8.236461559318006119e-08
4.949000000000000000e+03 1.020518256401672456e-07
4.950000000000000000e+03 1.199780884363249277e-07
4.951000000000000000e+03 1.360726372980868922e-07
4.952000000000000000e+03 1.502757068076663837e-07
4.953000000000000000e+03 1.625387346409488899e-07
4.954000000000000000e+03 1.728245768683987028e-07
4.955000000000000000e+03 1.811075025459751002e-07
4.956000000000000000e+03 1.873731656796813484e-07
4.957000000000000000e+03 1.916185256274480872e-07
4.958000000000000000e+03 1.938516931110607952e-07
4.959000000000000000e+03 1.940916511102570014e-07
4.960000000000000000e+03 1.923679522210889966e-07
4.961000000000000000e+03 1.887203861496605664e-07
4.962000000000000000e+03 1.831984504058322404e-07
4.963000000000000000e+03 1.758609605694197279e-07
4.964000000000000000e+03 1.667755242881727097e-07
4.965000000000000000e+03 1.560179435152491289e-07
4.966000000000000000e+03 1.436716191174678380e-07
4.967000000000000000e+03 1.298269890883649668e-07
4.968000000000000000e+03 1.145808054454413320e-07
4.969000000000000000e+03 9.803544690685950035e-08
4.970000000000000000e+03 8.029824193113059639e-08
4.971000000000000000e+03 6.148076562766328656e-08
4.972000000000000000e+03 4.169822783055483791e-08
4.973000000000000000e+03 2.106863268815796520e-08
4.974000000000000000e+03 -2.879173982093176758e-10
4.975000000000000000e+03 -2.224981232868968630e-08
4.976000000000000000e+03 -4.469460777450583187e-08
4.977000000000000000e+03 -6.749969619028632015e-08
4.978000000000000000e+03 -9.054284778309289810e-08
4.979000000000000000e+03 -1.137028075972184834e-07
4.980000000000000000e+03 -1.368599315269811085e-07
4.981000000000000000e+03 -1.598966712976896930e-07
4.982000000000000000e+03 -1.826980450791121265e-07
4.983000000000000000e+03 -2.051521900687869209e-07
4.984000000000000000e+03 -2.271508166449646230e-07
4.985000000000000000e+03 -2.485895942400710418e-07
4.986000000000000000e+03 -2.693685827731994417e-07
4.987000000000000000e+03 -2.893926635403921951e-07
4.988000000000000000e+03 -3.085718069208796648e-07
4.989000000000000000e+03 -3.268215186509926361e-07
4.990000000000000000e+03 -3.440630892094108509e-07
4.991000000000000000e+03 -3.602238790376812876e-07
4.992000000000000000e+03 -3.752375510954258589e-07
4.993000000000000000e+03 -3.890443055740071174e-07
4.994000000000000000e+03 -4.015910345976060206e-07
4.995000000000000000e+03 -4.128313811219735435e-07
4.996000000000000000e+03 -4.227258841888752437e-07
4.997000000000000000e+03 -4.312420148807734880e-07
4.998000000000000000e+03 -4.383541272454216486e-07
4.999000000000000000e+03 -4.440433562228024832e-07
5.000000000000000000e+03 -4.482975384262931801e-07
5.001000000000000000e+03 -4.511110859438894038e-07
5.002000000000000000e+03 -4.524847491898335906e-07
5.003000000000000000e+03 -4.524254049871660643e-07
5.004000000000000000e+03 -4.509457357432975485e-07
5.005000000000000000e+03 -4.480639867071187315e-07
5.006000000000000000e+03 -4.438036714689724099e-07
5.007000000000000000e+03 -4.381932523935290979e-07
5.008000000000000000e+03 -4.312657459393353915e-07
5.009000000000000000e+03 -4.230584870168561627e-07
5.010000000000000000e+03 -4.136127252293778400e-07
5.011000000000000000e+03 -4.029733231249023651e-07
5.012000000000000000e+03 -3.911884590250421248e-07
5.013000000000000000e+03 -3.783092718020382461e-07
5.014000000000000000e+03 -3.643895762926216066e-07
5.015000000000000000e+03 -3.494855776606397847e-07
5.016000000000000000e+03 -3.336555678858001606e-07
5.017000000000000000e+03 -3.169596469461182132e-07
5.018000000000000000e+03 -2.994594545991805065e-07
5.019000000000000000e+03 -2.812179268457568063e-07
5.020000000000000000e+03 -2.622990146450812704e-07
5.021000000000000000e+03 -2.427674260535165237e-07
5.022000000000000000e+03 -2.226883882329025547e-07
5.023000000000000000e+03 -2.021274129683845845e-07
5.024000000000000000e+03 -1.811500413682540530e-07
5.025000000000000000e+03 -1.598215983129361744e-07
5.026000000000000000e+03 -1.382069633374290339e-07
5.027000000000000000e+03 -1.163702646403516478e-07
5.028000000000000000e+03 -9.437477716684792270e-08
5.029000000000000000e+03 -7.228262056379898408e-08
5.030000000000000000e+03 -5.015459384665955205e-08
5.031000000000000000e+03 -2.804989590911902563e-08
5.032000000000000000e+03 -6.025962275305370726e-09
5.033000000000000000e+03 1.586175451676790676e-08
5.034000000000000000e+03 3.755995700778872241e-08
5.035000000000000000e+03 5.901767279543344791e-08
5.036000000000000000e+03 8.018637299869274092e-08
5.037000000000000000e+03 1.010201191269374912e-07
5.038000000000000000e+03 1.214756092014171356e-07
5.039000000000000000e+03 1.415122553270705515e-07
5.040000000000000000e+03 1.610922298681929232e-07
5.041000000000000000e+03 1.801804602841465101e-07
5.042000000000000000e+03 1.987446221499031819e-07
5.043000000000000000e+03 2.167551320630559252e-07
5.044000000000000000e+03 2.341851057328100640e-07
5.045000000000000000e+03 2.510102024384281319e-07
5.046000000000000000e+03 2.672085793979244341e-07
5.047000000000000000e+03 2.827607576437885217e-07
5.048000000000000000e+03 2.976495245537268142e-07
5.049000000000000000e+03 3.118597811338662923e-07
5.050000000000000000e+03 3.253784296526167949e-07
5.051000000000000000e+03 3.381942406769354580e-07
5.052000000000000000e+03 3.502976634703031851e-07
5.053000000000000000e+03 3.616806538845853388e-07
5.054000000000000000e+03 3.723365137575560538e-07
5.055000000000000000e+03 3.822597489299983641e-07
5.056000000000000000e+03 3.914459149851403747e-07
5.057000000000000000e+03 3.998914359701203145e-07
5.058000000000000000e+03 4.075935147794908584e-07
5.059000000000000000e+03 4.145500343416510906e-07
5.060000000000000000e+03 4.207594157588962169e-07
5.061000000000000000e+03 4.262205736469440997e-07
5.062000000000000000e+03 4.309328557781854095e-07
5.063000000000000000e+03 4.348959556008738446e-07
5.064000000000000000e+03 4.381099013565992380e-07
5.065000000000000000e+03 4.405750953565559648e-07
5.066000000000000000e+03 4.422923355188200930e-07
5.067000000000000000e+03 4.432628463718131200e-07
5.068000000000000000e+03 4.434883205900688300e-07
5.069000000000000000e+03 4.429709376250520944e-07
5.070000000000000000e+03 4.417134335089141916e-07
5.071000000000000000e+03 4.397191590400505130e-07
5.072000000000000000e+03 4.369921573455411485e-07
5.073000000000000000e+03 4.335372407295255455e-07
5.074000000000000000e+03 4.293600154419133703e-07
5.075000000000000000e+03 4.244669457430246309e-07
5.076000000000000000e+03 4.188653512886228918e-07
5.077000000000000000e+03 4.125634912242762133e-07
5.078000000000000000e+03 4.055705814096661495e-07
5.079000000000000000e+03 3.978968914884956345e-07
5.080000000000000000e+03 3.895538199423003581e-07
5.081000000000000000e+03 3.805539526288725629e-07
5.082000000000000000e+03 3.709112039873630665e-07
5.083000000000000000e+03 3.606409176162575203e-07
5.084000000000000000e+03 3.497600661934844053e-07
5.085000000000000000e+03 3.382873624864936445e-07
5.086000000000000000e+03 3.262434532434703767e-07
5.087000000000000000e+03 3.136510681630047830e-07
5.088000000000000000e+03 3.005351686606174711e-07
5.089000000000000000e+03 2.869231597306508342e-07
5.090000000000000000e+03 2.728450389293575199e-07
5.091000000000000000e+03 2.583335587936449374e-07
5.092000000000000000e+03 2.434243963355995395e-07
5.093000000000000000e+03 2.281562340960527919e-07
5.094000000000000000e+03 2.125708595131675222e-07
5.095000000000000000e+03 1.967132829899877167e-07
5.096000000000000000e+03 1.806317507709450286e-07
5.097000000000000000e+03 1.643777309922675900e-07
5.098000000000000000e+03 1.480059266389312506e-07
5.099000000000000000e+03 1.315741966168980200e-07
5.100000000000000000e+03 1.151434001704010153e-07
5.101000000000000000e+03 9.877717841688156745e-08
5.102000000000000000e+03 8.254180976159436925e-08
5.103000000000000000e+03 6.650589337349861798e-08
5.104000000000000000e+03 5.074008654479327195e-08
5.105000000000000000e+03 3.531674332693255449e-08
5.106000000000000000e+03 2.030949230416646888e-08
5.107000000000000000e+03 5.792852172459593280e-09
5.108000000000000000e+03 -8.158272982818233126e-09
5.109000000000000000e+03 -2.146906102325562851e-08
5.110000000000000000e+03 -3.406522064009486222e-08
5.111000000000000000e+03 -4.587351977815573513e-08
5.112000000000000000e+03 -5.682225806799913702e-08
5.113000000000000000e+03 -6.684175423917587764e-08
5.114000000000000000e+03 -7.586484360099253186e-08
5.115000000000000000e+03 -8.382735750854584771e-08
5.116000000000000000e+03 -9.066854430250008536e-08
5.117000000000000000e+03 -9.633149168470550034e-08
5.118000000000000000e+03 -1.007635789184184680e-07
5.119000000000000000e+03 -1.039168227308605848e-07
5.120000000000000000e+03 -1.057482782062201014e-07
5.121000000000000000e+03 -1.062203548789743425e-07
5.122000000000000000e+03 -1.053011158502834143e-07
5.123000000000000000e+03 -1.029646006871652068e-07
5.124000000000000000e+03 -9.919108823637671295e-08
5.125000000000000000e+03 -9.396734259439424692e-08
5.126000000000000000e+03 -8.728686925477645340e-08
5.127000000000000000e+03 -7.915005513982830979e-08
5.128000000000000000e+03 -6.956440255331548732e-08
5.129000000000000000e+03 -5.854462299964136235e-08
5.130000000000000000e+03 -4.611265005501935430e-08
5.131000000000000000e+03 -3.229772318317758176e-08
5.132000000000000000e+03 -1.713637612411176015e-08
5.133000000000000000e+03 -6.723588641551195344e-10
5.134000000000000000e+03 1.704356408978971130e-08
5.135000000000000000e+03 3.595382502314656430e-08
5.136000000000000000e+03 5.599426501562168316e-08
5.137000000000000000e+03 7.709443024231430197e-08
5.138000000000000000e+03 9.917787097411088630e-08
5.139000000000000000e+03 1.221625307282516865e-07
5.140000000000000000e+03 1.459611287587310664e-07
5.141000000000000000e+03 1.704816041602259934e-07
5.142000000000000000e+03 1.956275054515147648e-07
5.143000000000000000e+03 2.212984417475269170e-07
5.144000000000000000e+03 2.473905664529052699e-07
5.145000000000000000e+03 2.737969881897381953e-07
5.146000000000000000e+03 3.004082790499980573e-07
5.147000000000000000e+03 3.271129947161257824e-07
5.148000000000000000e+03 3.537981061491488602e-07
5.149000000000000000e+03 3.803494315293649286e-07
5.150000000000000000e+03 4.066521363548078321e-07
5.151000000000000000e+03 4.325911374935645958e-07
5.152000000000000000e+03 4.580516130981619899e-07
5.153000000000000000e+03 4.829193955400569987e-07
5.154000000000000000e+03 5.070814473377576896e-07
5.155000000000000000e+03 5.304262883969964017e-07
5.156000000000000000e+03 5.528445009727948780e-07
5.157000000000000000e+03 5.742291557545446053e-07
5.158000000000000000e+03 5.944762989947076140e-07
5.159000000000000000e+03 6.134853502592765102e-07
5.160000000000000000e+03 6.311596358009674785e-07
5.161000000000000000e+03 6.474068493176068651e-07
5.162000000000000000e+03 6.621395156480992784e-07
5.163000000000000000e+03 6.752755146211007011e-07
5.164000000000000000e+03 6.867385105847034176e-07
5.165000000000000000e+03 6.964584304167468804e-07
5.166000000000000000e+03 7.043718870180282124e-07
5.167000000000000000e+03 7.104226291308749936e-07
5.168000000000000000e+03 7.145618786070920157e-07
5.169000000000000000e+03 7.167487794442869660e-07
5.170000000000000000e+03 7.169506835326460945e-07
5.171000000000000000e+03 7.151435021930758478e-07
5.172000000000000000e+03 7.113119502019209163e-07
5.173000000000000000e+03 7.054497692548744006e-07
5.174000000000000000e+03 6.975599397532093819e-07
5.175000000000000000e+03 6.876547867610742342e-07
5.176000000000000000e+03 6.757560479787613585e-07
5.177000000000000000e+03 6.618948866997811882e-07
5.178000000000000000e+03 6.461118907190786483e-07
5.179000000000000000e+03 6.284569380550899251e-07
5.180000000000000000e+03 6.089890024788663001e-07
5.181000000000000000e+03 5.877759519873505355e-07
5.182000000000000000e+03 5.648943352305473070e-07
5.183000000000000000e+03 5.404289998111614174e-07
5.184000000000000000e+03 5.144727247561421383e-07
5.185000000000000000e+03 4.871257583414219472e-07
5.186000000000000000e+03 4.584954128820492523e-07
5.187000000000000000e+03 4.286954351272300443e-07
5.188000000000000000e+03 3.978455116909650628e-07
5.189000000000000000e+03 3.660706474225283695e-07
5.190000000000000000e+03 3.335005301392980411e-07
5.191000000000000000e+03 3.002687808664664205e-07
5.192000000000000000e+03 2.665122740020271740e-07
5.193000000000000000e+03 2.323704053268486754e-07
5.194000000000000000e+03 1.979843023075225029e-07
5.195000000000000000e+03 1.634959917338433431e-07
5.196000000000000000e+03 1.290476753920406408e-07
5.197000000000000000e+03 9.478089869922471269e-08
5.198000000000000000e+03 6.083579103912020259e-08
5.199000000000000000e+03 2.735021534480483100e-08
5.200000000000000000e+03 -5.540924908306595524e-09
5.201000000000000000e+03 -3.770643094976190881e-08
5.202000000000000000e+03 -6.901955376612819668e-08
5.203000000000000000e+03 -9.935864471761412368e-08
5.204000000000000000e+03 -1.286078339347941490e-07
5.205000000000000000e+03 -1.566576699836584775e-07
5.206000000000000000e+03 -1.834056386444006484e-07
5.207000000000000000e+03 -2.087567563329924043e-07
5.208000000000000000e+03 -2.326240295268683419e-07
5.209000000000000000e+03 -2.549288379290650544e-07
5.210000000000000000e+03 -2.756014137498914468e-07
5.211000000000000000e+03 -2.945810699967435802e-07
5.212000000000000000e+03 -3.118164384530265109e-07
5.213000000000000000e+03 -3.272657149633407438e-07
5.214000000000000000e+03 -3.408968089880783890e-07
5.215000000000000000e+03 -3.526873883160732210e-07
5.216000000000000000e+03 -3.626248987446457554e-07
5.217000000000000000e+03 -3.707065367385502578e-07
5.218000000000000000e+03 -3.769391872186078759e-07
5.219000000000000000e+03 -3.813393030999975978e-07
5.220000000000000000e+03 -3.839327067071019858e-07
5.221000000000000000e+03 -3.847544042680416060e-07
5.222000000000000000e+03 -3.838483270887720229e-07
5.223000000000000000e+03 -3.812669810865664819e-07
5.224000000000000000e+03 -3.770711141782344118e-07
5.225000000000000000e+03 -3.713293081542491019e-07
5.226000000000000000e+03 -3.641176382677619002e-07
5.227000000000000000e+03 -3.555192168586697619e-07
5.228000000000000000e+03 -3.456236576375218077e-07
5.229000000000000000e+03 -3.345265587547441282e-07
5.230000000000000000e+03 -3.223289326068402301e-07
5.231000000000000000e+03 -3.091366569497334358e-07
5.232000000000000000e+03 -2.950598930481628017e-07
5.233000000000000000e+03 -2.802124338983991201e-07
5.234000000000000000e+03 -2.647110598456484415e-07
5.235000000000000000e+03 -2.486748767949523011e-07
5.236000000000000000e+03 -2.322246688041119514e-07
5.237000000000000000e+03 -2.154822227424849756e-07
5.238000000000000000e+03 -1.985696643820808223e-07
5.239000000000000000e+03 -1.816087661742048392e-07
5.240000000000000000e+03 -1.647203106503780704e-07
5.241000000000000000e+03 -1.480234979191587070e-07
5.242000000000000000e+03 -1.316352855409399120e-07
5.243000000000000000e+03 -1.156697362447099341e-07
5.244000000000000000e+03 -1.002374654669946803e-07
5.245000000000000000e+03 -8.544511098709571853e-08
5.246000000000000000e+03 -7.139477852654004588e-08
5.247000000000000000e+03 -5.818348817830213839e-08
5.248000000000000000e+03 -4.590272284008350006e-08
5.249000000000000000e+03 -3.463795417825437874e-08
5.250000000000000000e+03 -2.446824482197796032e-08
5.251000000000000000e+03 -1.546580891917299901e-08
5.252000000000000000e+03 -7.695626198688538077e-09
5.253000000000000000e+03 -1.215210312893076311e-09
5.254000000000000000e+03 3.925694462169842741e-09
5.255000000000000000e+03 7.685349989202531606e-09
5.256000000000000000e+03 1.003015418469538420e-08
5.257000000000000000e+03 1.093485507560273311e-08
5.258000000000000000e+03 1.038266259897664296e-08
5.259000000000000000e+03 8.365246414565356801e-09
5.260000000000000000e+03 4.882758287766685793e-09
5.261000000000000000e+03 -5.619203528072078257e-11
5.262000000000000000e+03 -6.434662449360209859e-09
5.263000000000000000e+03 -1.422753338833920206e-08
5.264000000000000000e+03 -2.340172355759274752e-08
5.265000000000000000e+03 -3.391638719517711527e-08
5.266000000000000000e+03 -4.572325190298622567e-08
5.267000000000000000e+03 -5.876696239364837852e-08
5.268000000000000000e+03 -7.298544286734895641e-08
5.269000000000000000e+03 -8.831035295955478360e-08
5.270000000000000000e+03 -1.046675933425139194e-07
5.271000000000000000e+03 -1.219777799495893948e-07
5.272000000000000000e+03 -1.401567842806790971e-07
5.273000000000000000e+03 -1.591162487775466324e-07
5.274000000000000000e+03 -1.787640985196959100e-07
5.275000000000000000e+03 -1.990051368995843979e-07
5.276000000000000000e+03 -2.197416095969325673e-07
5.277000000000000000e+03 -2.408737227208743389e-07
5.278000000000000000e+03 -2.623001745424074032e-07
5.279000000000000000e+03 -2.839186761079892152e-07
5.280000000000000000e+03 -3.056264652255036816e-07
5.281000000000000000e+03 -3.273207753864159021e-07
5.282000000000000000e+03 -3.488993314601863457e-07
5.283000000000000000e+03 -3.702608174830936284e-07
5.284000000000000000e+03 -3.913053257306582006e-07
5.285000000000000000e+03 -4.119348420763031085e-07
5.286000000000000000e+03 -4.320537861524768659e-07
5.287000000000000000e+03 -4.515693439134436774e-07
5.288000000000000000e+03 -4.703919996582217502e-07
5.289000000000000000e+03 -4.884360103063119194e-07
5.290000000000000000e+03 -5.056197524514872462e-07
5.291000000000000000e+03 -5.218661900150472196e-07
5.292000000000000000e+03 -5.371032657506997814e-07
5.293000000000000000e+03 -5.512642678318056189e-07
5.294000000000000000e+03 -5.642881768223998859e-07
5.295000000000000000e+03 -5.761199677113625015e-07
5.296000000000000000e+03 -5.867108499781402009e-07
5.297000000000000000e+03 -5.960184641352477089e-07
5.298000000000000000e+03 -6.040071006685143832e-07
5.299000000000000000e+03 -6.106478411701141088e-07
5.300000000000000000e+03 -6.159185506181136707e-07
5.301000000000000000e+03 -6.198039890477195555e-07
5.302000000000000000e+03 -6.222958225336309077e-07
5.303000000000000000e+03 -6.233925905272056387e-07
5.304000000000000000e+03 -6.230996026311066200e-07
5.305000000000000000e+03 -6.214287656484250492e-07
5.306000000000000000e+03 -6.183984715156166334e-07
5.307000000000000000e+03 -6.140333597137966319e-07
5.308000000000000000e+03 -6.083640943950458475e-07
5.309000000000000000e+03 -6.014270575160805230e-07
5.310000000000000000e+03 -5.932640041178505253e-07
5.311000000000000000e+03 -5.839217743488177298e-07
5.312000000000000000e+03 -5.734519056042158303e-07
5.313000000000000000e+03 -5.619101975152125616e-07
5.314000000000000000e+03 -5.493562955039199618e-07
5.315000000000000000e+03 -5.358533024975700605e-07
5.316000000000000000e+03 -5.214673738577923005e-07
5.317000000000000000e+03 -5.062672951909979633e-07
5.318000000000000000e+03 -4.903240899384915637e-07
5.319000000000000000e+03 -4.737105259796543483e-07
5.320000000000000000e+03 -4.565007710953162824e-07
5.321000000000000000e+03 -4.387699753967980033e-07
5.322000000000000000e+03 -4.205938851757908824e-07
5.323000000000000000e+03 -4.020484951121909137e-07
5.324000000000000000e+03 -3.832096242783142883e-07
5.325000000000000000e+03 -3.641525616796387104e-07
5.326000000000000000e+03 -3.449516891182801713e-07
5.327000000000000000e+03 -3.256801093499397643e-07
5.328000000000000000e+03 -3.064093967092704316e-07
5.329000000000000000e+03 -2.872092583592919447e-07
5.330000000000000000e+03 -2.681472337245052875e-07
5.331000000000000000e+03 -2.492884768423937559e-07
5.332000000000000000e+03 -2.306955266248741957e-07
5.333000000000000000e+03 -2.124280802814583021e-07
5.334000000000000000e+03 -1.945427984231223176e-07
5.335000000000000000e+03 -1.770931257739721599e-07
5.336000000000000000e+03 -1.601291445207432137e-07
5.337000000000000000e+03 -1.436974340281767418e-07
5.338000000000000000e+03 -1.278409766697171136e-07
5.339000000000000000e+03 -1.125990854580041929e-07
5.340000000000000000e+03 -9.800724640681744843e-08
5.341000000000000000e+03 -8.409707992405208873e-08
5.342000000000000000e+03 -7.089627136112163657e-08
5.343000000000000000e+03 -5.842846570239373169e-08
5.344000000000000000e+03 -4.671331937475534309e-08
5.345000000000000000e+03 -3.576636183674436565e-08
5.346000000000000000e+03 -2.559905906178580131e-08
5.347000000000000000e+03 -1.621872291893290081e-08
5.348000000000000000e+03 -7.628483608535293773e-09
5.349000000000000000e+03 1.726506040893112135e-10
5.350000000000000000e+03 7.189747363769464263e-09
5.351000000000000000e+03 1.343197450142696687e-08
5.352000000000000000e+03 1.891247348131428239e-08
5.353000000000000000e+03 2.364822708668971003e-08
5.354000000000000000e+03 2.765992882149243996e-08
5.355000000000000000e+03 3.097177977554625174e-08
5.356000000000000000e+03 3.361126907069056934e-08
5.357000000000000000e+03 3.560887565317546266e-08
5.358000000000000000e+03 3.699772086332374820e-08
5.359000000000000000e+03 3.781321083063736389e-08
5.360000000000000000e+03 3.809265008878878276e-08
5.361000000000000000e+03 3.787483993860774876e-08
5.362000000000000000e+03 3.719965208091340180e-08
5.363000000000000000e+03 3.610749946680001331e-08
5.364000000000000000e+03 3.463892159879645039e-08
5.365000000000000000e+03 3.283412402908136206e-08
5.366000000000000000e+03 3.073258960374836846e-08
5.367000000000000000e+03 2.837259536184633271e-08
5.368000000000000000e+03 2.579073580317109047e-08
5.369000000000000000e+03 2.302155224242418661e-08
5.370000000000000000e+03 2.009714181475498648e-08
5.371000000000000000e+03 1.704687140761815717e-08
5.372000000000000000e+03 1.389716313299262748e-08
5.373000000000000000e+03 1.067119093714192295e-08
5.374000000000000000e+03 7.388732021230668030e-09
5.375000000000000000e+03 4.066122808108905394e-09
5.376000000000000000e+03 7.162489237360510166e-10
5.377000000000000000e+03 -2.651461687819691847e-09
5.378000000000000000e+03 -6.030886126059471179e-09
5.379000000000000000e+03 -9.419002611323669809e-09
5.380000000000000000e+03 -1.281574229752288125e-08
5.381000000000000000e+03 -1.622363578275358856e-08
5.382000000000000000e+03 -1.964748907059916139e-08
5.383000000000000000e+03 -2.309399843087242295e-08
5.384000000000000000e+03 -2.657138493452422130e-08
5.385000000000000000e+03 -3.008889854542482984e-08
5.386000000000000000e+03 -3.365634483934297754e-08
5.387000000000000000e+03 -3.728368150607163896e-08
5.388000000000000000e+03 -4.098045398032823500e-08
5.389000000000000000e+03 -4.475541464737194800e-08
5.390000000000000000e+03 -4.861606129078875961e-08
5.391000000000000000e+03 -5.256814569678083118e-08
5.392000000000000000e+03 -5.661526819402551649e-08
5.393000000000000000e+03 -6.075845641039772688e-08
5.394000000000000000e+03 -6.499588405079092568e-08
5.395000000000000000e+03 -6.932246521728289965e-08
5.396000000000000000e+03 -7.372961109656497623e-08
5.397000000000000000e+03 -7.820502080854677205e-08
5.398000000000000000e+03 -8.273242837012304378e-08
5.399000000000000000e+03 -8.729147197854101801e-08
5.400000000000000000e+03 -9.185760156359457003e-08
5.401000000000000000e+03 -9.640207759021232601e-08
5.402000000000000000e+03 -1.008919775339292932e-07
5.403000000000000000e+03 -1.052902035266614428e-07
5.404000000000000000e+03 -1.095556215870767690e-07
5.405000000000000000e+03 -1.136433521822719879e-07
5.406000000000000000e+03 -1.175050068471349892e-07
5.407000000000000000e+03 -1.210889948486934607e-07
5.408000000000000000e+03 -1.243409055046677764e-07
5.409000000000000000e+03 -1.272039348140202129e-07
5.410000000000000000e+03 -1.296193173432250056e-07
5.411000000000000000e+03 -1.315267618815826705e-07
5.412000000000000000e+03 -1.328650247641468293e-07
5.413000000000000000e+03 -1.335724666878273306e-07
5.414000000000000000e+03 -1.335874727184434547e-07
5.415000000000000000e+03 -1.328490287535730222e-07
5.416000000000000000e+03 -1.312972743298941625e-07
5.417000000000000000e+03 -1.288740552630484979e-07
5.418000000000000000e+03 -1.255234236027443349e-07
5.419000000000000000e+03 -1.211921820733389607e-07
5.420000000000000000e+03 -1.158303288392186424e-07
5.421000000000000000e+03 -1.093915832495112237e-07
5.422000000000000000e+03 -1.018337711882146255e-07
5.423000000000000000e+03 -9.311928715735039603e-08
5.424000000000000000e+03 -8.321545329626856337e-08
5.425000000000000000e+03 -7.209493886682115706e-08
5.426000000000000000e+03 -5.973611877184993649e-08
5.427000000000000000e+03 -4.612334628490957702e-08
5.428000000000000000e+03 -3.124726049724085020e-08
5.429000000000000000e+03 -1.510498456377320518e-08
5.430000000000000000e+03 2.299641734062775525e-09
5.431000000000000000e+03 2.095585977578225352e-08
5.432000000000000000e+03 4.084583116391802407e-08
5.433000000000000000e+03 6.194456684038321296e-08
5.434000000000000000e+03 8.421989763925943732e-08
5.435000000000000000e+03 1.076324520391019979e-07
5.436000000000000000e+03 1.321357046420272813e-07
5.437000000000000000e+03 1.576760600430355416e-07
5.438000000000000000e+03 1.841929746361565763e-07
5.439000000000000000e+03 2.116190486540725149e-07
5.440000000000000000e+03 2.398802011407856001e-07
5.441000000000000000e+03 2.688958708519827756e-07
5.442000000000000000e+03 2.985792521871139760e-07
5.443000000000000000e+03 3.288375182281761918e-07
5.444000000000000000e+03 3.595721430108707956e-07
5.445000000000000000e+03 3.906792226796113119e-07
5.446000000000000000e+03 4.220498355602224903e-07
5.447000000000000000e+03 4.535704464184561740e-07
5.448000000000000000e+03 4.851234168086717211e-07
5.449000000000000000e+03 5.165874427525358679e-07
5.450000000000000000e+03 5.478381879399870859e-07
5.451000000000000000e+03 5.787488559063042298e-07
5.452000000000000000e+03 6.091908069768730691e-07
5.453000000000000000e+03 6.390343223402164280e-07
5.454000000000000000e+03 6.681492763494396621e-07
5.455000000000000000e+03 6.964059033740808131e-07
5.456000000000000000e+03 7.236755296523573664e-07
5.457000000000000000e+03 7.498313561751919639e-07
5.458000000000000000e+03 7.747492635079243117e-07
5.459000000000000000e+03 7.983086474543354185e-07
5.460000000000000000e+03 8.203931134197804421e-07
5.461000000000000000e+03 8.408912973292162436e-07
5.462000000000000000e+03 8.596975817722639877e-07
5.463000000000000000e+03 8.767128012163683887e-07
5.464000000000000000e+03 8.918449262046553355e-07
5.465000000000000000e+03 9.050096774533300962e-07
5.466000000000000000e+03 9.161310942169122567e-07
5.467000000000000000e+03 9.251420524856787559e-07
5.468000000000000000e+03 9.319846713531130156e-07
5.469000000000000000e+03 9.366107178051050025e-07
5.470000000000000000e+03 9.389819231787217239e-07
5.471000000000000000e+03 9.390702155283824246e-07
5.472000000000000000e+03 9.368578472605692099e-07
5.473000000000000000e+03 9.323375476110240430e-07
5.474000000000000000e+03 9.255125645764344191e-07
5.475000000000000000e+03 9.163965736997347479e-07
5.476000000000000000e+03 9.050135967070446561e-07
5.477000000000000000e+03 8.913978796726201650e-07
5.478000000000000000e+03 8.755936486584345688e-07
5.479000000000000000e+03 8.576547739308819130e-07
5.480000000000000000e+03 8.376444907997818069e-07
5.481000000000000000e+03 8.156349521240625026e-07
5.482000000000000000e+03 7.917068177440215991e-07
5.483000000000000000e+03 7.659487677257719491e-07
5.484000000000000000e+03 7.384570334167080164e-07
5.485000000000000000e+03 7.093347654795548365e-07
5.486000000000000000e+03 6.786914555264852746e-07
5.487000000000000000e+03 6.466422731474161438e-07
5.488000000000000000e+03 6.133075207999862832e-07
5.489000000000000000e+03 5.788119278001702489e-07
5.490000000000000000e+03 5.432840156639874178e-07
5.491000000000000000e+03 5.068553574865978952e-07
5.492000000000000000e+03 4.696599760725774925e-07
5.493000000000000000e+03 4.318336857448719822e-07
5.494000000000000000e+03 3.935134277342500059e-07
5.495000000000000000e+03 3.548366019871071280e-07
5.496000000000000000e+03 3.159404218934510946e-07
5.497000000000000000e+03 2.769613314622513670e-07
5.498000000000000000e+03 2.380344455451556446e-07
5.499000000000000000e+03 1.992929771661600239e-07
5.500000000000000000e+03 1.608676192910366851e-07
5.501000000000000000e+03 1.228860600858091346e-07
5.502000000000000000e+03 8.547241409700573916e-08
5.503000000000000000e+03 4.874673592030153335e-08
5.504000000000000000e+03 1.282456046636814445e-08
5.505000000000000000e+03 -2.218356464512570557e-08
5.506000000000000000e+03 -5.617253551368718419e-08
5.507000000000000000e+03 -8.904308182802282933e-08
5.508000000000000000e+03 -1.207021556871975630e-07
5.509000000000000000e+03 -1.510632901911535257e-07
5.510000000000000000e+03 -1.800469348251112809e-07
5.511000000000000000e+03 -2.075807732889904179e-07
5.512000000000000000e+03 -2.335999781477540718e-07
5.513000000000000000e+03 -2.580474055534923240e-07
5.514000000000000000e+03 -2.808738034141392674e-07
5.515000000000000000e+03 -3.020379827755399870e-07
5.516000000000000000e+03 -3.215069051548214971e-07
5.517000000000000000e+03 -3.392558042694454233e-07
5.518000000000000000e+03 -3.552681385788613629e-07
5.519000000000000000e+03 -3.695356043613662787e-07
5.520000000000000000e+03 -3.820581239094297238e-07
5.521000000000000000e+03 -3.928437477930997679e-07
5.522000000000000000e+03 -4.019084855283231297e-07
5.523000000000000000e+03 -4.092762254035865168e-07
5.524000000000000000e+03 -4.149784729479216025e-07
5.525000000000000000e+03 -4.190539912397712131e-07
5.526000000000000000e+03 -4.215484836315189819e-07
5.527000000000000000e+03 -4.225142865962133353e-07
5.528000000000000000e+03 -4.220099430750471820e-07
5.529000000000000000e+03 -4.200997268098306995e-07
5.530000000000000000e+03 -4.168531596736993029e-07
5.531000000000000000e+03 -4.123444976230000442e-07
5.532000000000000000e+03 -4.066521335344162873e-07
5.533000000000000000e+03 -3.998581106582821981e-07
5.534000000000000000e+03 -3.920474887223420874e-07
5.535000000000000000e+03 -3.833077626228542863e-07
5.536000000000000000e+03 -3.737282763465684985e-07
5.537000000000000000e+03 -3.633996811014115945e-07
5.538000000000000000e+03 -3.524133225365971693e-07
5.539000000000000000e+03 -3.408606655270744833e-07
5.540000000000000000e+03 -3.288327544042856475e-07
5.541000000000000000e+03 -3.164196749359722065e-07
5.542000000000000000e+03 -3.037100380090300495e-07
5.543000000000000000e+03 -2.907904587787420200e-07
5.544000000000000000e+03 -2.777450955117670402e-07
5.545000000000000000e+03 -2.646552391630828829e-07
5.546000000000000000e+03 -2.515988747277348101e-07
5.547000000000000000e+03 -2.386503241861757179e-07
5.548000000000000000e+03 -2.258798792929397202e-07
5.549000000000000000e+03 -2.133534703282476364e-07
5.550000000000000000e+03 -2.011324149337841794e-07
5.551000000000000000e+03 -1.892731475162349838e-07
5.552000000000000000e+03 -1.778270055013357857e-07
5.553000000000000000e+03 -1.668399500945358726e-07
5.554000000000000000e+03 -1.563525304096960322e-07
5.555000000000000000e+03 -1.463997618308587412e-07
5.556000000000000000e+03 -1.370110778126751963e-07
5.557000000000000000e+03 -1.282102856195660703e-07
5.558000000000000000e+03 -1.200155943555192267e-07
5.559000000000000000e+03 -1.124395787241656938e-07
5.560000000000000000e+03 -1.054892455414496132e-07
5.561000000000000000e+03 -9.916618124235711427e-08
5.562000000000000000e+03 -9.346663075896272993e-08
5.563000000000000000e+03 -8.838163630970071607e-08
5.564000000000000000e+03 -8.389717898384283422e-08
5.565000000000000000e+03 -7.999436551278679337e-08
5.566000000000000000e+03 -7.664959471444438963e-08
5.567000000000000000e+03 -7.383472557691547123e-08
5.568000000000000000e+03 -7.151730737382219512e-08
5.569000000000000000e+03 -6.966085787189119535e-08
5.570000000000000000e+03 -6.822514626828777710e-08
5.571000000000000000e+03 -6.716650215985866392e-08
5.572000000000000000e+03 -6.643813928672401799e-08
5.573000000000000000e+03 -6.599057235752630160e-08
5.574000000000000000e+03 -6.577203114622171766e-08
5.575000000000000000e+03 -6.572891625832090070e-08
5.576000000000000000e+03 -6.580630854255129023e-08
5.577000000000000000e+03 -6.594845169457222880e-08
5.578000000000000000e+03 -6.609925808412488836e-08
5.579000000000000000e+03 -6.620284881071276192e-08
5.580000000000000000e+03 -6.620405430377143822e-08
5.581000000000000000e+03 -6.604886750921253595e-08
5.582000000000000000e+03 -6.568490181635758993e-08
5.583000000000000000e+03 -6.506180112487562884e-08
5.584000000000000000e+03 -6.413166649295500467e-08
5.585000000000000000e+03 -6.284939246764821538e-08
5.586000000000000000e+03 -6.117295483509109938e-08
5.587000000000000000e+03 -5.906367796288660484e-08
5.588000000000000000e+03 -5.648645862256471053e-08
5.589000000000000000e+03 -5.340994640173820684e-08
5.590000000000000000e+03 -4.980671725820453048e-08
5.591000000000000000e+03 -4.565339349587859901e-08
5.592000000000000000e+03 -4.093074050305498583e-08
5.593000000000000000e+03 -3.562369434110257360e-08
5.594000000000000000e+03 -2.972143992456601831e-08
5.595000000000000000e+03 -2.321749799016406347e-08
5.596000000000000000e+03 -1.610970627731281875e-08
5.597000000000000000e+03 -8.400264147147925691e-09
5.598000000000000000e+03 -9.581474215722083656e-11
5.599000000000000000e+03 8.792598910408045631e-09
5.600000000000000000e+03 1.824950033993930331e-08
5.601000000000000000e+03 2.825505687118175587e-08
5.602000000000000000e+03 3.878513399078820162e-08
5.603000000000000000e+03 4.981133573578609444e-08
5.604000000000000000e+03 6.130110311311897755e-08
5.605000000000000000e+03 7.321783301799078519e-08
5.606000000000000000e+03 8.552104339959255653e-08
5.607000000000000000e+03 9.816660290086197743e-08
5.608000000000000000e+03 1.111068894759589415e-07
5.609000000000000000e+03 1.242910041055920791e-07
5.610000000000000000e+03 1.376650620566974693e-07
5.611000000000000000e+03 1.511725058135825351e-07
5.612000000000000000e+03 1.647543412860826651e-07
5.613000000000000000e+03 1.783494841964322211e-07
5.614000000000000000e+03 1.918951069172848800e-07
5.615000000000000000e+03 2.053270427558850980e-07
5.616000000000000000e+03 2.185800696995606479e-07
5.617000000000000000e+03 2.315883651176011770e-07
5.618000000000000000e+03 2.442857873876853813e-07
5.619000000000000000e+03 2.566062738892169873e-07
5.620000000000000000e+03 2.684841891264697296e-07
5.621000000000000000e+03 2.798546903023805191e-07
5.622000000000000000e+03 2.906540559359206551e-07
5.623000000000000000e+03 3.008199419038611958e-07
5.624000000000000000e+03 3.102916726067335496e-07
5.625000000000000000e+03 3.190104517215295485e-07
5.626000000000000000e+03 3.269196174606337805e-07
5.627000000000000000e+03 3.339648507561403545e-07
5.628000000000000000e+03 3.400943759601615675e-07
5.629000000000000000e+03 3.452590248876062117e-07
5.630000000000000000e+03 3.494125891120854593e-07
5.631000000000000000e+03 3.525119075942004488e-07
5.632000000000000000e+03 3.545170069055004744e-07
5.633000000000000000e+03 3.553913060796539005e-07
5.634000000000000000e+03 3.551017292851015710e-07
5.635000000000000000e+03 3.536189296316218201e-07
5.636000000000000000e+03 3.509174054628673794e-07
5.637000000000000000e+03 3.469756962351027348e-07
5.638000000000000000e+03 3.417765374178829287e-07
5.639000000000000000e+03 3.353070492951250643e-07
5.640000000000000000e+03 3.275588911170006644e-07
5.641000000000000000e+03 3.185283657614444294e-07
5.642000000000000000e+03 3.082165971543502946e-07
5.643000000000000000e+03 2.966295736205578996e-07
5.644000000000000000e+03 2.837783410217531639e-07
5.645000000000000000e+03 2.696790757011030370e-07
5.646000000000000000e+03 2.543531005848867520e-07
5.647000000000000000e+03 2.378269509579572652e-07
5.648000000000000000e+03 2.201323727698927848e-07
5.649000000000000000e+03 2.013062989716302350e-07
5.650000000000000000e+03 1.813907911604846283e-07
5.651000000000000000e+03 1.604329125218602179e-07
5.652000000000000000e+03 1.384845487239737115e-07
5.653000000000000000e+03 1.156022797446326442e-07
5.654000000000000000e+03 9.184710636149532085e-08
5.655000000000000000e+03 6.728413690130528552e-08
5.656000000000000000e+03 4.198236530031110988e-08
5.657000000000000000e+03 1.601434768107796588e-08
5.658000000000000000e+03 -1.054416431903852240e-08
5.659000000000000000e+03 -3.761457328375026282e-08
5.660000000000000000e+03 -6.511588968763755261e-08
5.661000000000000000e+03 -9.296503685364344106e-08
5.662000000000000000e+03 -1.210773245396768021e-07
5.663000000000000000e+03 -1.493668174064924229e-07
5.664000000000000000e+03 -1.777467126311243789e-07
5.665000000000000000e+03 -2.061298070350248073e-07
5.666000000000000000e+03 -2.344288843413763970e-07
5.667000000000000000e+03 -2.625571084778997289e-07
5.668000000000000000e+03 -2.904284300107157177e-07
5.669000000000000000e+03 -3.179579849762606502e-07
5.670000000000000000e+03 -3.450624767533385857e-07
5.671000000000000000e+03 -3.716605003326541853e-07
5.672000000000000000e+03 -3.976728721113455273e-07
5.673000000000000000e+03 -4.230229830875729961e-07
5.674000000000000000e+03 -4.476370900929344787e-07
5.675000000000000000e+03 -4.714445925485895435e-07
5.676000000000000000e+03 -4.943783408170424462e-07
5.677000000000000000e+03 -5.163748429723952520e-07
5.678000000000000000e+03 -5.373745541173979752e-07
5.679000000000000000e+03 -5.573220626582823810e-07
5.680000000000000000e+03 -5.761663121148150705e-07
5.681000000000000000e+03 -5.938608421144370982e-07
5.682000000000000000e+03 -6.103639429542756564e-07
5.683000000000000000e+03 -6.256387524153199030e-07
5.684000000000000000e+03 -6.396534901481032289e-07
5.685000000000000000e+03 -6.523815224556534178e-07
5.686000000000000000e+03 -6.638013477773248000e-07
5.687000000000000000e+03 -6.738966911773411507e-07
5.688000000000000000e+03 -6.826564931280152492e-07
5.689000000000000000e+03 -6.900749401713240712e-07
5.690000000000000000e+03 -6.961513752358076280e-07
5.691000000000000000e+03 -7.008902064877626299e-07
5.692000000000000000e+03 -7.043007915838790649e-07
5.693000000000000000e+03 -7.063973089308136126e-07
5.694000000000000000e+03 -7.071986332388516418e-07
5.695000000000000000e+03 -7.067281445331637969e-07
5.696000000000000000e+03 -7.050135707061907616e-07
5.697000000000000000e+03 -7.020868269033349986e-07
5.698000000000000000e+03 -6.979838420557628997e-07
5.699000000000000000e+03 -6.927444458474266310e-07
5.700000000000000000e+03 -6.864122637797243412e-07
5.701000000000000000e+03 -6.790345622719772944e-07
5.702000000000000000e+03 -6.706620520690874784e-07
5.703000000000000000e+03 -6.613487578348203934e-07
5.704000000000000000e+03 -6.511518993716792324e-07
5.705000000000000000e+03 -6.401317401234585071e-07
5.706000000000000000e+03 -6.283513673048594073e-07
5.707000000000000000e+03 -6.158765287925488085e-07
5.708000000000000000e+03 -6.027753705114246116e-07
5.709000000000000000e+03 -5.891181465660834164e-07
5.710000000000000000e+03 -5.749769009087265477e-07
5.711000000000000000e+03 -5.604251276979404857e-07
5.712000000000000000e+03 -5.455373740898413470e-07
5.713000000000000000e+03 -5.303888961479216968e-07
5.714000000000000000e+03 -5.150551715699849479e-07
5.715000000000000000e+03 -4.996113863288676987e-07
5.716000000000000000e+03 -4.841319594789827789e-07
5.717000000000000000e+03 -4.686900474412018418e-07
5.718000000000000000e+03 -4.533570417473123316e-07
5.719000000000000000e+03 -4.382021196716783371e-07
5.720000000000000000e+03 -4.232917643568798295e-07
5.721000000000000000e+03 -4.086893156283899130e-07
5.722000000000000000e+03 -3.944545662293571807e-07
5.723000000000000000e+03 -3.806434373333452896e-07
5.724000000000000000e+03 -3.673076013918486690e-07
5.725000000000000000e+03 -3.544942070827805375e-07
5.726000000000000000e+03 -3.422456358796448596e-07
5.727000000000000000e+03 -3.305993649195328578e-07
5.728000000000000000e+03 -3.195877031514233362e-07
5.729000000000000000e+03 -3.092375987442734548e-07
5.730000000000000000e+03 -2.995703860063963154e-07
5.731000000000000000e+03 -2.906016339110292669e-07
5.732000000000000000e+03 -2.823408307455322138e-07
5.733000000000000000e+03 -2.747910991473195739e-07
5.734000000000000000e+03 -2.679490042178690508e-07
5.735000000000000000e+03 -2.618043370523756316e-07
5.736000000000000000e+03 -2.563399575389135232e-07
5.737000000000000000e+03 -2.515318397779665990e-07
5.738000000000000000e+03 -2.473491339225677783e-07
5.739000000000000000e+03 -2.437543419877047576e-07
5.740000000000000000e+03 -2.407034947038130168e-07
5.741000000000000000e+03 -2.381464649936554186e-07
5.742000000000000000e+03 -2.360273063234439495e-07
5.743000000000000000e+03 -2.342846443782914412e-07
5.744000000000000000e+03 -2.328521387484995340e-07
5.745000000000000000e+03 -2.316589884721672729e-07
5.746000000000000000e+03 -2.306304430508341663e-07
5.747000000000000000e+03 -2.296884555707261093e-07
5.748000000000000000e+03 -2.287522620793752259e-07
5.749000000000000000e+03 -2.277389653315858743e-07
5.750000000000000000e+03 -2.265642106462464180e-07
5.751000000000000000e+03 -2.251428919073802808e-07
5.752000000000000000e+03 -2.233897354232835218e-07
5.753000000000000000e+03 -2.212199296201249956e-07
5.754000000000000000e+03 -2.185497869546471063e-07
5.755000000000000000e+03 -2.152973562527833708e-07
5.756000000000000000e+03 -2.113829803227869859e-07
5.757000000000000000e+03 -2.067298714518649268e-07
5.758000000000000000e+03 -2.012646277844131443e-07
5.759000000000000000e+03 -1.949177862586610353e-07
5.760000000000000000e+03 -1.876242439367996406e-07
5.761000000000000000e+03 -1.793236438887663138e-07
5.762000000000000000e+03 -1.699607536111985927e-07
5.763000000000000000e+03 -1.594857942952297836e-07
5.764000000000000000e+03 -1.478548226633311803e-07
5.765000000000000000e+03 -1.350299210942876744e-07
5.766000000000000000e+03 -1.209794728295898712e-07
5.767000000000000000e+03 -1.056783814004852316e-07
5.768000000000000000e+03 -8.910825476802134450e-08
5.769000000000000000e+03 -7.125762682245029927e-08
5.770000000000000000e+03 -5.212213419055098506e-08
5.771000000000000000e+03 -3.170459158323885962e-08
5.772000000000000000e+03 -1.001512176115769927e-08
5.773000000000000000e+03 1.292882203658365971e-08
5.774000000000000000e+03 3.710236858845924095e-08
5.775000000000000000e+03 6.247313001414636481e-08
5.776000000000000000e+03 8.900118891287636294e-08
5.777000000000000000e+03 1.166390491046150099e-07
5.778000000000000000e+03 1.453317709984576428e-07
5.779000000000000000e+03 1.750169081960378829e-07
5.780000000000000000e+03 2.056246048474552290e-07
5.781000000000000000e+03 2.370777459886871658e-07
5.782000000000000000e+03 2.692920484319848069e-07
5.783000000000000000e+03 3.021762113839528251e-07
5.784000000000000000e+03 3.356321549067332854e-07
5.785000000000000000e+03 3.695552774205297313e-07
5.786000000000000000e+03 4.038347312123327829e-07
5.787000000000000000e+03 4.383538005889505031e-07
5.788000000000000000e+03 4.729903319055754559e-07
5.789000000000000000e+03 5.076171147487706156e-07
5.790000000000000000e+03 5.421024822062342791e-07
5.791000000000000000e+03 5.763108586201235070e-07
5.792000000000000000e+03 6.101033705645816974e-07
5.793000000000000000e+03 6.433385517892453159e-07
5.794000000000000000e+03 6.758731835782426936e-07
5.795000000000000000e+03 7.075630412751243324e-07
5.796000000000000000e+03 7.382637345441207705e-07
5.797000000000000000e+03 7.678315574514163598e-07
5.798000000000000000e+03 7.961243651856865260e-07
5.799000000000000000e+03 8.230025380186769634e-07
5.800000000000000000e+03 8.483298445528813177e-07
5.801000000000000000e+03 8.719743787900786551e-07
5.802000000000000000e+03 8.938094037640274633e-07
5.803000000000000000e+03 9.137141681107148022e-07
5.804000000000000000e+03 9.315747148869615215e-07
5.805000000000000000e+03 9.472847811766592841e-07
5.806000000000000000e+03 9.607464556548536936e-07
5.807000000000000000e+03 9.718708636540115429e-07
5.808000000000000000e+03 9.805787711374439586e-07
5.809000000000000000e+03 9.868011778370461674e-07
5.810000000000000000e+03 9.904797417522450629e-07
5.811000000000000000e+03 9.915672387619746571e-07
5.812000000000000000e+03 9.900279229784320147e-07
5.813000000000000000e+03 9.858377972934424360e-07
5.814000000000000000e+03 9.789847797612406000e-07
5.815000000000000000e+03 9.694688922939962579e-07
5.816000000000000000e+03 9.573022922111599986e-07
5.817000000000000000e+03 9.425092458871667990e-07
5.818000000000000000e+03 9.251260930319134899e-07
5.819000000000000000e+03 9.052011180853639390e-07
5.820000000000000000e+03 8.827942710814331262e-07
5.821000000000000000e+03 8.579768922541771298e-07
5.822000000000000000e+03 8.308314252878577050e-07
5.823000000000000000e+03 8.014510196768776441e-07
5.824000000000000000e+03 7.699390082129902189e-07
5.825000000000000000e+03 7.364083946053893884e-07
5.826000000000000000e+03 7.009813217402812213e-07
5.827000000000000000e+03 6.637884813018497585e-07
5.828000000000000000e+03 6.249684320919019038e-07
5.829000000000000000e+03 5.846669530419672716e-07
5.830000000000000000e+03 5.430363166555033935e-07
5.831000000000000000e+03 5.002345524574286769e-07
5.832000000000000000e+03 4.564246470990592086e-07
5.833000000000000000e+03 4.117737640883300080e-07
5.834000000000000000e+03 3.664523594716973852e-07
5.835000000000000000e+03 3.206334616020274906e-07
5.836000000000000000e+03 2.744918062858984532e-07
5.837000000000000000e+03 2.282030562656718707e-07
5.838000000000000000e+03 1.819429368856082929e-07
5.839000000000000000e+03 1.358863993314772596e-07
5.840000000000000000e+03 9.020687753868547769e-08
5.841000000000000000e+03 4.507548041336463728e-08
5.842000000000000000e+03 6.603112027250484427e-10
5.843000000000000000e+03 -4.287428777878535812e-08
5.844000000000000000e+03 -8.536845988410573764e-08
5.845000000000000000e+03 -1.266675331545438411e-07
5.846000000000000000e+03 -1.666225932104352526e-07
5.847000000000000000e+03 -2.050910557826945291e-07
5.848000000000000000e+03 -2.419372458679964500e-07
5.849000000000000000e+03 -2.770328908383613295e-07
5.850000000000000000e+03 -3.102575146423841311e-07
5.851000000000000000e+03 -3.414988323473927547e-07
5.852000000000000000e+03 -3.706530820097356479e-07
5.853000000000000000e+03 -3.976253652127343522e-07
5.854000000000000000e+03 -4.223298815859212131e-07
5.855000000000000000e+03 -4.446901119226397691e-07
5.856000000000000000e+03 -4.646389559238428789e-07
5.857000000000000000e+03 -4.821188433111449175e-07
5.858000000000000000e+03 -4.970817505993526224e-07
5.859000000000000000e+03 -5.094893108198913943e-07
5.860000000000000000e+03 -5.193127626171494459e-07
5.861000000000000000e+03 -5.265329829545580176e-07
5.862000000000000000e+03 -5.311404652112614746e-07
5.863000000000000000e+03 -5.331352312183292338e-07
5.864000000000000000e+03 -5.325267102769156058e-07
5.865000000000000000e+03 -5.293336475878556193e-07
5.866000000000000000e+03 -5.235839461799104874e-07
5.867000000000000000e+03 -5.153145280624617323e-07
5.868000000000000000e+03 -5.045712191798700926e-07
5.869000000000000000e+03 -4.914084664196801275e-07
5.870000000000000000e+03 -4.758891298901464730e-07
5.871000000000000000e+03 -4.580842623517543452e-07
5.872000000000000000e+03 -4.380727793991025227e-07
5.873000000000000000e+03 -4.159411927183681532e-07
5.874000000000000000e+03 -3.917833749756746883e-07
5.875000000000000000e+03 -3.657001503870718360e-07
5.876000000000000000e+03 -3.377989263771616848e-07
5.877000000000000000e+03 -3.081932376751198269e-07
5.878000000000000000e+03 -2.770022915847970570e-07
5.879000000000000000e+03 -2.443506014167223138e-07
5.880000000000000000e+03 -2.103674448725328638e-07
5.881000000000000000e+03 -1.751863196218339224e-07
5.882000000000000000e+03 -1.389444190031285571e-07
5.883000000000000000e+03 -1.017821251252052418e-07
5.884000000000000000e+03 -6.384233953501266031e-08
5.885000000000000000e+03 -2.526996512631552142e-08
5.886000000000000000e+03 1.378870871442300906e-08
5.887000000000000000e+03 5.318664122976601809e-08
5.888000000000000000e+03 9.277655650168995327e-08
5.889000000000000000e+03 1.324116014526847844e-07
5.890000000000000000e+03 1.719460056113407505e-07
5.891000000000000000e+03 2.112355621449636529e-07
5.892000000000000000e+03 2.501381994832143699e-07
5.893000000000000000e+03 2.885146617410125869e-07
5.894000000000000000e+03 3.262290015394118157e-07
5.895000000000000000e+03 3.631491351795906302e-07
5.896000000000000000e+03 3.991473703754752128e-07
5.897000000000000000e+03 4.341008786871321963e-07
5.898000000000000000e+03 4.678921873325971038e-07
5.899000000000000000e+03 5.004096896962915782e-07
5.900000000000000000e+03 5.315480714597103063e-07
5.901000000000000000e+03 5.612087219587947095e-07
5.902000000000000000e+03 5.893001861519705776e-07
5.903000000000000000e+03 6.157385001670997928e-07
5.904000000000000000e+03 6.404475555715138478e-07
5.905000000000000000e+03 6.633593326066420762e-07
5.906000000000000000e+03 6.844140969225871819e-07
5.907000000000000000e+03 7.035605258419054136e-07
5.908000000000000000e+03 7.207558180083255666e-07
5.909000000000000000e+03 7.359657360765292507e-07
5.910000000000000000e+03 7.491645485274647805e-07
5.911000000000000000e+03 7.603348912603133289e-07
5.912000000000000000e+03 7.694675952106074153e-07
5.913000000000000000e+03 7.765614038922654271e-07
5.914000000000000000e+03 7.816226728370017860e-07
5.915000000000000000e+03 7.846650476485713582e-07
5.916000000000000000e+03 7.857090728634135400e-07
5.917000000000000000e+03 7.847817431277485959e-07
5.918000000000000000e+03 7.819160819241918001e-07
5.919000000000000000e+03 7.771506357778841632e-07
5.920000000000000000e+03 7.705289566673083084e-07
5.921000000000000000e+03 7.620990946877367257e-07
5.922000000000000000e+03 7.519130674795618075e-07
5.923000000000000000e+03 7.400263911760983888e-07
5.924000000000000000e+03 7.264975311303641849e-07
5.925000000000000000e+03 7.113874422209970945e-07
5.926000000000000000e+03 6.947590091572400867e-07
5.927000000000000000e+03 6.766766537762822210e-07
5.928000000000000000e+03 6.572058111691458537e-07
5.929000000000000000e+03 6.364125815428245165e-07
5.930000000000000000e+03 6.143632748707506853e-07
5.931000000000000000e+03 5.911239780823826290e-07
5.932000000000000000e+03 5.667603479682293485e-07
5.933000000000000000e+03 5.413372938032307323e-07
5.934000000000000000e+03 5.149187544983801979e-07
5.935000000000000000e+03 4.875675105985758282e-07
5.936000000000000000e+03 4.593451206912001931e-07
5.937000000000000000e+03 4.303118334941614816e-07
5.938000000000000000e+03 4.005265519226778429e-07
5.939000000000000000e+03 3.700468313387870273e-07
5.940000000000000000e+03 3.389290318155346609e-07
5.941000000000000000e+03 3.072284160507423063e-07
5.942000000000000000e+03 2.749993441398510326e-07
5.943000000000000000e+03 2.422953444857788387e-07
5.944000000000000000e+03 2.091692868571397877e-07
5.945000000000000000e+03 1.756735563077206039e-07
5.946000000000000000e+03 1.418602624884979812e-07
5.947000000000000000e+03 1.077812920943925621e-07
5.948000000000000000e+03 7.348849084443346273e-08
5.949000000000000000e+03 3.903372725286405719e-08
5.950000000000000000e+03 4.468998776032590442e-09
5.951000000000000000e+03 -3.015360326883343014e-08
5.952000000000000000e+03 -6.478191931692158722e-08
5.953000000000000000e+03 -9.936376237919687671e-08
5.954000000000000000e+03 -1.338469801533413665e-07
5.955000000000000000e+03 -1.681795366889791922e-07
5.956000000000000000e+03 -2.023096742440674070e-07
5.957000000000000000e+03 -2.361860954958070517e-07
5.958000000000000000e+03 -2.697581496020149133e-07
5.959000000000000000e+03 -3.029760513771367601e-07
5.960000000000000000e+03 -3.357910868221144952e-07
5.961000000000000000e+03 -3.681558337124674246e-07
5.962000000000000000e+03 -4.000244108472083501e-07
5.963000000000000000e+03 -4.313526498043399277e-07
5.964000000000000000e+03 -4.620983642678189899e-07
5.965000000000000000e+03 -4.922216196230883346e-07
5.966000000000000000e+03 -5.216848449145215603e-07
5.967000000000000000e+03 -5.504530998097230261e-07
5.968000000000000000e+03 -5.784942466752781021e-07
5.969000000000000000e+03 -6.057790459452666326e-07
5.970000000000000000e+03 -6.322813524523116519e-07
5.971000000000000000e+03 -6.579781884099283292e-07
5.972000000000000000e+03 -6.828497195368639773e-07
5.973000000000000000e+03 -7.068793021072578200e-07
5.974000000000000000e+03 -7.300534141910214927e-07
5.975000000000000000e+03 -7.523614718771415647e-07
5.976000000000000000e+03 -7.737956815668071416e-07
5.977000000000000000e+03 -7.943508356151678695e-07
5.978000000000000000e+03 -8.140240833969774166e-07
5.979000000000000000e+03 -8.328145078149234055e-07
5.980000000000000000e+03 -8.507227579568696476e-07
5.981000000000000000e+03 -8.677507542815814459e-07
5.982000000000000000e+03 -8.839011497804961330e-07
5.983000000000000000e+03 -8.991768338464362475e-07
5.984000000000000000e+03 -9.135805000195679626e-07
5.985000000000000000e+03 -9.271142004066969771e-07
5.986000000000000000e+03 -9.397787162996307743e-07
5.987000000000000000e+03 -9.515732504110194295e-07
5.988000000000000000e+03 -9.624949722871247616e-07
5.989000000000000000e+03 -9.725386062148802656e-07
5.990000000000000000e+03 -9.816961280553557133e-07
5.991000000000000000e+03 -9.899564818444510304e-07
5.992000000000000000e+03 -9.973053773725531351e-07
5.993000000000000000e+03 -1.003725144870308952e-06
5.994000000000000000e+03 -1.009194696522209617e-06
5.995000000000000000e+03 -1.013689546615315346e-06
5.996000000000000000e+03 -1.017181903732098068e-06
5.997000000000000000e+03 -1.019640864359451508e-06
5.998000000000000000e+03 -1.021032512980306631e-06
5.999000000000000000e+03 -1.021320304840763243e-06
6.000000000000000000e+03 -1.020465443339796708e-06
6.001000000000000000e+03 -1.018427181224479070e-06
6.002000000000000000e+03 -1.015163319608762859e-06
6.003000000000000000e+03 -1.010630610053177768e-06
6.004000000000000000e+03 -1.004785240235998127e-06
6.005000000000000000e+03 -9.975833642327659148e-07
6.006000000000000000e+03 -9.889815959986455131e-07
6.007000000000000000e+03 -9.789375162266456800e-07
6.008000000000000000e+03 -9.674101372461988867e-07
6.009000000000000000e+03 -9.543603973923587255e-07
6.010000000000000000e+03 -9.397516588747483550e-07
6.011000000000000000e+03 -9.235502017976172793e-07
6.012000000000000000e+03 -9.057257079798516733e-07
6.013000000000000000e+03 -8.862517402825933229e-07
6.014000000000000000e+03 -8.651062064053786896e-07
6.015000000000000000e+03 -8.422717612221590798e-07
6.016000000000000000e+03 -8.177362797998302535e-07
6.017000000000000000e+03 -7.914932561890134511e-07
6.018000000000000000e+03 -7.635422180516142891e-07
6.019000000000000000e+03 -7.338890434449048349e-07
6.020000000000000000e+03 -7.025463621456003970e-07
6.021000000000000000e+03 -6.695338568647236528e-07
6.022000000000000000e+03 -6.348785642064686320e-07
6.023000000000000000e+03 -5.986149983559424713e-07
6.024000000000000000e+03 -5.607853381886365241e-07
6.025000000000000000e+03 -5.214396204846977037e-07
6.026000000000000000e+03 -4.806357997454776694e-07
6.027000000000000000e+03 -4.384397418098780198e-07
6.028000000000000000e+03 -3.949252240118691447e-07
6.029000000000000000e+03 -3.501739022978379449e-07
6.030000000000000000e+03 -3.042750856470290732e-07
6.031000000000000000e+03 -2.573255767953054737e-07
6.032000000000000000e+03 -2.094294992507329482e-07
6.033000000000000000e+03 -1.606979663144891288e-07
6.034000000000000000e+03 -1.112487335892907112e-07
6.035000000000000000e+03 -6.120591268400890725e-08
6.036000000000000000e+03 -1.069956928563699289e-08
6.037000000000000000e+03 4.013471625622629908e-08
6.038000000000000000e+03 9.115624281421547976e-08
6.039000000000000000e+03 1.422197250116617054e-07
6.040000000000000000e+03 1.931758261884517675e-07
6.041000000000000000e+03 2.438717305843751787e-07
6.042000000000000000e+03 2.941516628170117345e-07
6.043000000000000000e+03 3.438575992284199926e-07
6.044000000000000000e+03 3.928299772697783265e-07
6.045000000000000000e+03 4.409083327955124658e-07
6.046000000000000000e+03 4.879320917802670216e-07
6.047000000000000000e+03 5.337413442324924571e-07
6.048000000000000000e+03 5.781776267124815228e-07
6.049000000000000000e+03 6.210847806797472508e-07
6.050000000000000000e+03 6.623096175948122044e-07
6.051000000000000000e+03 7.017027177281715659e-07
6.052000000000000000e+03 7.391192133281418021e-07
6.053000000000000000e+03 7.744194696727507848e-07
6.054000000000000000e+03 8.074697924717507682e-07
6.055000000000000000e+03 8.381430392968908967e-07
6.056000000000000000e+03 8.663192332493984369e-07
6.057000000000000000e+03 8.918861090675175206e-07
6.058000000000000000e+03 9.147395865409375055e-07
6.059000000000000000e+03 9.347842549418898207e-07
6.060000000000000000e+03 9.519338371897451975e-07
6.061000000000000000e+03 9.661115707533837050e-07
6.062000000000000000e+03 9.772505501529609443e-07
6.063000000000000000e+03 9.852940445783533642e-07
6.064000000000000000e+03 9.901959143866763245e-07
6.065000000000000000e+03 9.919208774095870259e-07
6.066000000000000000e+03 9.904447287025864255e-07
6.067000000000000000e+03 9.857547059412061400e-07
6.068000000000000000e+03 9.778497123809453376e-07
6.069000000000000000e+03 9.667405666605287610e-07
6.070000000000000000e+03 9.524501661453647789e-07
6.071000000000000000e+03 9.350136369736303464e-07
6.072000000000000000e+03 9.144784644914106182e-07
6.073000000000000000e+03 8.909045924784315766e-07
6.074000000000000000e+03 8.643644248312360470e-07
6.075000000000000000e+03 8.349427378479050335e-07
6.076000000000000000e+03 8.027366606131104598e-07
6.077000000000000000e+03 7.678554531327137224e-07
6.078000000000000000e+03 7.304201941052060589e-07
6.079000000000000000e+03 6.905634891952091335e-07
6.080000000000000000e+03 6.484290591845249278e-07
6.081000000000000000e+03 6.041712680409078104e-07
6.082000000000000000e+03 5.579545756935164469e-07
6.083000000000000000e+03 5.099529153783346474e-07
6.084000000000000000e+03 4.603489685029140381e-07
6.085000000000000000e+03 4.093334152592049726e-07
6.086000000000000000e+03 3.571040544332929047e-07
6.087000000000000000e+03 3.038649091095038791e-07
6.088000000000000000e+03 2.498252740901211987e-07
6.089000000000000000e+03 1.951987439705697584e-07
6.090000000000000000e+03 1.402021839618296839e-07
6.091000000000000000e+03 8.505456761942376656e-08
6.092000000000000000e+03 2.997586300032006849e-08
6.093000000000000000e+03 -2.481417497455027893e-08
6.094000000000000000e+03 -7.909714427043451497e-08
6.095000000000000000e+03 -1.326572332915039464e-07
6.096000000000000000e+03 -1.852823759840108156e-07
6.097000000000000000e+03 -2.367654076208604963e-07
6.098000000000000000e+03 -2.869051318056551091e-07
6.099000000000000000e+03 -3.355075403025084349e-07
6.100000000000000000e+03 -3.823867539703839719e-07
6.101000000000000000e+03 -4.273659442975610850e-07
6.102000000000000000e+03 -4.702782913695626927e-07
6.103000000000000000e+03 -5.109677640123491224e-07
6.104000000000000000e+03 -5.492898473136369159e-07
6.105000000000000000e+03 -5.851121610147489417e-07
6.106000000000000000e+03 -6.183150209480688715e-07
6.107000000000000000e+03 -6.487918510381768528e-07
6.108000000000000000e+03 -6.764495626975951579e-07
6.109000000000000000e+03 -7.012087832986499962e-07
6.110000000000000000e+03 -7.230040236742805620e-07
6.111000000000000000e+03 -7.417837281849961113e-07
6.112000000000000000e+03 -7.575102577358608167e-07
6.113000000000000000e+03 -7.701597497389654647e-07
6.114000000000000000e+03 -7.797219856425498209e-07
6.115000000000000000e+03 -7.862000719553329174e-07
6.116000000000000000e+03 -7.896101294418564633e-07
6.117000000000000000e+03 -7.899809662392488440e-07
6.118000000000000000e+03 -7.873536346453471165e-07
6.119000000000000000e+03 -7.817809581998105567e-07
6.120000000000000000e+03 -7.733270574428419225e-07
6.121000000000000000e+03 -7.620668748069000863e-07
6.122000000000000000e+03 -7.480856299010010660e-07
6.123000000000000000e+03 -7.314783554358004079e-07
6.124000000000000000e+03 -7.123493180889815627e-07
6.125000000000000000e+03 -6.908114563057357655e-07
6.126000000000000000e+03 -6.669858839609609567e-07
6.127000000000000000e+03 -6.410012560499557657e-07
6.128000000000000000e+03 -6.129932423474361261e-07
6.129000000000000000e+03 -5.831039029071186521e-07
6.130000000000000000e+03 -5.514810443286389244e-07
6.131000000000000000e+03 -5.182775908318723269e-07
6.132000000000000000e+03 -4.836509523365342157e-07
6.133000000000000000e+03 -4.477622646735537053e-07
6.134000000000000000e+03 -4.107756747600989454e-07
6.135000000000000000e+03 -3.728575642280383384e-07
6.136000000000000000e+03 -3.341758083870975831e-07
6.137000000000000000e+03 -2.948990941042706254e-07
6.138000000000000000e+03 -2.551960516418312523e-07
6.139000000000000000e+03 -2.152345104453196085e-07
6.140000000000000000e+03 -1.751807274079199247e-07
6.141000000000000000e+03 -1.351987042759597907e-07
6.142000000000000000e+03 -9.544939221442618129e-08
6.143000000000000000e+03 -5.609004751428819007e-08
6.144000000000000000e+03 -1.727359347310953370e-08
6.145000000000000000e+03 2.085202635350876583e-08
6.146000000000000000e+03 5.814437884263007242e-08
6.147000000000000000e+03 9.446717675971525686e-08
6.148000000000000000e+03 1.296908275192946721e-07
6.149000000000000000e+03 1.636929903502263379e-07
6.150000000000000000e+03 1.963590328495759273e-07
6.151000000000000000e+03 2.275825363439566986e-07
6.152000000000000000e+03 2.572657781114210012e-07
6.153000000000000000e+03 2.853200970167204810e-07
6.154000000000000000e+03 3.116663208612172840e-07
6.155000000000000000e+03 3.362350832580436668e-07
6.156000000000000000e+03 3.589671780307585437e-07
6.157000000000000000e+03 3.798137679752486064e-07
6.158000000000000000e+03 3.987366880216489830e-07
6.159000000000000000e+03 4.157085761711740602e-07
6.160000000000000000e+03 4.307129710168029111e-07
6.161000000000000000e+03 4.437442556191005152e-07
6.162000000000000000e+03 4.548076061536035805e-07
6.163000000000000000e+03 4.639189303610756110e-07
6.164000000000000000e+03 4.711045983088874319e-07
6.165000000000000000e+03 4.764011983471450804e-07
6.166000000000000000e+03 4.798551821607479039e-07
6.167000000000000000e+03 4.815224702527631544e-07
6.168000000000000000e+03 4.814680889158497506e-07
6.169000000000000000e+03 4.797655608675722801e-07
6.170000000000000000e+03 4.764963448241399606e-07
6.171000000000000000e+03 4.717492365488758215e-07
6.172000000000000000e+03 4.656196475509811676e-07
6.173000000000000000e+03 4.582088696172924111e-07
6.174000000000000000e+03 4.496232905249353236e-07
6.175000000000000000e+03 4.399736288824650436e-07
6.176000000000000000e+03 4.293739791298247602e-07
6.177000000000000000e+03 4.179410252207789340e-07
6.178000000000000000e+03 4.057930989840731348e-07
6.179000000000000000e+03 3.930493131950491207e-07
6.180000000000000000e+03 3.798285886611368435e-07
6.181000000000000000e+03 3.662488107431824845e-07
6.182000000000000000e+03 3.524259706277477961e-07
6.183000000000000000e+03 3.384733288533718124e-07
6.184000000000000000e+03 3.245006087735305607e-07
6.185000000000000000e+03 3.106131793116382883e-07
6.186000000000000000e+03 2.969113709774703795e-07
6.187000000000000000e+03 2.834898918066507915e-07
6.188000000000000000e+03 2.704372129495693854e-07
6.189000000000000000e+03 2.578349135921993869e-07
6.190000000000000000e+03 2.457573695415087820e-07
6.191000000000000000e+03 2.342712571625187555e-07
6.192000000000000000e+03 2.234352008771628087e-07
6.193000000000000000e+03 2.132995739237665855e-07
6.194000000000000000e+03 2.039063327162029244e-07
6.195000000000000000e+03 1.952889005792719927e-07
6.196000000000000000e+03 1.874720850159734963e-07
6.197000000000000000e+03 1.804720692998457873e-07
6.198000000000000000e+03 1.742965565560549677e-07
6.199000000000000000e+03 1.689449029742547253e-07
6.200000000000000000e+03 1.644082905978686423e-07
6.201000000000000000e+03 1.606700001751834820e-07
6.202000000000000000e+03 1.577056617422546910e-07
6.203000000000000000e+03 1.554835559144349769e-07
6.204000000000000000e+03 1.539650265612021864e-07
6.205000000000000000e+03 1.531047655463815554e-07
6.206000000000000000e+03 1.528512771664961534e-07
6.207000000000000000e+03 1.531473938811374163e-07
6.208000000000000000e+03 1.539307738543044083e-07
6.209000000000000000e+03 1.551345036817647651e-07
6.210000000000000000e+03 1.566876606527201124e-07
6.211000000000000000e+03 1.585159415443692941e-07
6.212000000000000000e+03 1.605424183229322278e-07
6.213000000000000000e+03 1.626882212145228349e-07
6.214000000000000000e+03 1.648732805731477885e-07
6.215000000000000000e+03 1.670170924078670193e-07
6.216000000000000000e+03 1.690395034232683267e-07
6.217000000000000000e+03 1.708615556490199496e-07
6.218000000000000000e+03 1.724061579202180787e-07
6.219000000000000000e+03 1.735988135858371046e-07
6.220000000000000000e+03 1.743683253997110935e-07
6.221000000000000000e+03 1.746474831728857447e-07
6.222000000000000000e+03 1.743736015199273043e-07
6.223000000000000000e+03 1.734890888465672388e-07
6.224000000000000000e+03 1.719419755251223446e-07
6.225000000000000000e+03 1.696863109420848284e-07
6.226000000000000000e+03 1.666826054358911031e-07
6.227000000000000000e+03 1.628981839887697589e-07
6.228000000000000000e+03 1.583074398939527694e-07
6.229000000000000000e+03 1.528921616914482599e-07
6.230000000000000000e+03 1.466417164838373684e-07
6.231000000000000000e+03 1.395531819998636053e-07
6.232000000000000000e+03 1.316314293517110724e-07
6.233000000000000000e+03 1.228891963552903842e-07
6.234000000000000000e+03 1.133470049763014681e-07
6.235000000000000000e+03 1.030330721749176670e-07
6.236000000000000000e+03 9.198309688211358573e-08
6.237000000000000000e+03 8.024003775702236682e-08
6.238000000000000000e+03 6.785380367458732937e-08
6.239000000000000000e+03 5.488091164445989764e-08
6.240000000000000000e+03 4.138403576279705898e-08
6.241000000000000000e+03 2.743148084812731059e-08
6.242000000000000000e+03 1.309669640712825101e-08
6.243000000000000000e+03 -1.542239328103856110e-09
6.244000000000000000e+03 -1.640328049988808887e-08
6.245000000000000000e+03 -3.140093741401555735e-08
6.246000000000000000e+03 -4.644688260397446841e-08
6.247000000000000000e+03 -6.145059830978620325e-08
6.248000000000000000e+03 -7.631984151308924505e-08
6.249000000000000000e+03 -9.096115219469926971e-08
6.250000000000000000e+03 -1.052804776236577299e-07
6.251000000000000000e+03 -1.191836542742629479e-07
6.252000000000000000e+03 -1.325768605996800086e-07
6.253000000000000000e+03 -1.453670434449408265e-07
6.254000000000000000e+03 -1.574624573554455187e-07
6.255000000000000000e+03 -1.687729539408343157e-07
6.256000000000000000e+03 -1.792104138210094653e-07
6.257000000000000000e+03 -1.886891010520855900e-07
6.258000000000000000e+03 -1.971260332043757375e-07
6.259000000000000000e+03 -2.044413139584822284e-07
6.260000000000000000e+03 -2.105585100783439788e-07
6.261000000000000000e+03 -2.154049600422062515e-07
6.262000000000000000e+03 -2.189121059030845109e-07
6.263000000000000000e+03 -2.210158365240751524e-07
6.264000000000000000e+03 -2.216568938693920162e-07
6.265000000000000000e+03 -2.207812343889544046e-07
6.266000000000000000e+03 -2.183404222306478959e-07
6.267000000000000000e+03 -2.142919781684323398e-07
6.268000000000000000e+03 -2.085997653378583838e-07
6.269000000000000000e+03 -2.012342971942964732e-07
6.270000000000000000e+03 -1.921732447323483073e-07
6.271000000000000000e+03 -1.814016424920236485e-07
6.272000000000000000e+03 -1.689123327522292452e-07
6.273000000000000000e+03 -1.547062820176974561e-07
6.274000000000000000e+03 -1.387928104697629007e-07
6.275000000000000000e+03 -1.211899231877016017e-07
6.276000000000000000e+03 -1.019245422343904417e-07
6.277000000000000000e+03 -8.103265902657098902e-08
6.278000000000000000e+03 -5.855944753758276966e-08
6.279000000000000000e+03 -3.455942335211884671e-08
6.280000000000000000e+03 -9.096482225993076120e-09
6.281000000000000000e+03 1.775610996504665501e-08
6.282000000000000000e+03 4.591574605334548397e-08
6.283000000000000000e+03 7.529065923200018301e-08
6.284000000000000000e+03 1.057799554870084955e-07
6.285000000000000000e+03 1.372739188560249523e-07
6.286000000000000000e+03 1.696543328518881715e-07
6.287000000000000000e+03 2.027948468470247757e-07
6.288000000000000000e+03 2.365613937676025313e-07
6.289000000000000000e+03 2.708126597595611633e-07
6.290000000000000000e+03 3.054007713692636553e-07
6.291000000000000000e+03 3.401718936026522350e-07
6.292000000000000000e+03 3.749670276242883661e-07
6.293000000000000000e+03 4.096227039670921343e-07
6.294000000000000000e+03 4.439717969371779799e-07
6.295000000000000000e+03 4.778445036844526745e-07
6.296000000000000000e+03 5.110692510289270412e-07
6.297000000000000000e+03 5.434737044615431425e-07
6.298000000000000000e+03 5.748857634572392019e-07
6.299000000000000000e+03 6.051346203202745360e-07
6.300000000000000000e+03 6.340518352919366575e-07
6.301000000000000000e+03 6.614724293791448412e-07
6.302000000000000000e+03 6.872358338450000981e-07
6.303000000000000000e+03 7.111869566061589853e-07
6.304000000000000000e+03 7.331772709815139874e-07
6.305000000000000000e+03 7.530657455554940301e-07
6.306000000000000000e+03 7.707198217373182465e-07
6.307000000000000000e+03 7.860162411266656407e-07
6.308000000000000000e+03 7.988419862253751678e-07
6.309000000000000000e+03 8.090949847324151237e-07
6.310000000000000000e+03 8.166847958933180646e-07
6.311000000000000000e+03 8.215331355408877266e-07
6.312000000000000000e+03 8.235744648806769395e-07
6.313000000000000000e+03 8.227564166693982393e-07
6.314000000000000000e+03 8.190401692040266639e-07
6.315000000000000000e+03 8.124006949340489843e-07
6.316000000000000000e+03 8.028269852567416336e-07
6.317000000000000000e+03 7.903221101589388800e-07
6.318000000000000000e+03 7.749031555793229899e-07
6.319000000000000000e+03 7.566010851051831787e-07
6.320000000000000000e+03 7.354606049388318535e-07
6.321000000000000000e+03 7.115399029307409710e-07
6.322000000000000000e+03 6.849102230863730331e-07
6.323000000000000000e+03 6.556554795487603476e-07
6.324000000000000000e+03 6.238717060102811091e-07
6.325000000000000000e+03 5.896665532478306719e-07
6.326000000000000000e+03 5.531586201803754361e-07
6.327000000000000000e+03 5.144767926231878629e-07
6.328000000000000000e+03 4.737595658257130606e-07
6.329000000000000000e+03 4.311542360095610496e-07
6.330000000000000000e+03 3.868160818361403057e-07
6.331000000000000000e+03 3.409074420858522803e-07
6.332000000000000000e+03 2.935968909029573743e-07
6.333000000000000000e+03 2.450584119706084948e-07
6.334000000000000000e+03 1.954704255002307612e-07
6.335000000000000000e+03 1.450149241118746235e-07
6.336000000000000000e+03 9.387651071601269664e-08
6.337000000000000000e+03 4.224153892780630719e-08
6.338000000000000000e+03 -9.702860755518243011e-09
6.339000000000000000e+03 -6.176959518603490814e-08
6.340000000000000000e+03 -1.137724775603751780e-07
6.341000000000000000e+03 -1.655270364825145108e-07
6.342000000000000000e+03 -2.168514020076607147e-07
6.343000000000000000e+03 -2.675669881278574917e-07
6.344000000000000000e+03 -3.174992702687274789e-07
6.345000000000000000e+03 -3.664785014558941479e-07
6.346000000000000000e+03 -4.143404084973976395e-07
6.347000000000000000e+03 -4.609268749124162425e-07
6.348000000000000000e+03 -5.060866198272963037e-07
6.349000000000000000e+03 -5.496757438070878253e-07
6.350000000000000000e+03 -5.915582952376018410e-07
6.351000000000000000e+03 -6.316068344313663836e-07
6.352000000000000000e+03 -6.697028623432219065e-07
6.353000000000000000e+03 -7.057373382282906229e-07
6.354000000000000000e+03 -7.396110900766709608e-07
6.355000000000000000e+03 -7.712350891260118630e-07
6.356000000000000000e+03 -8.005308108856686172e-07
6.357000000000000000e+03 -8.274304668334778671e-07
6.358000000000000000e+03 -8.518772106470174123e-07
6.359000000000000000e+03 -8.738252648262208805e-07
6.360000000000000000e+03 -8.932400061717611742e-07
6.361000000000000000e+03 -9.100979462633288225e-07
6.362000000000000000e+03 -9.243867479249852699e-07
6.363000000000000000e+03 -9.361051185050293740e-07
6.364000000000000000e+03 -9.452626122245714969e-07
6.365000000000000000e+03 -9.518795011160491393e-07
6.366000000000000000e+03 -9.559864645633066194e-07
6.367000000000000000e+03 -9.576243049090891389e-07
6.368000000000000000e+03 -9.568435810522927474e-07
6.369000000000000000e+03 -9.537043497612429854e-07
6.370000000000000000e+03 -9.482757376987529075e-07
6.371000000000000000e+03 -9.406355060724618565e-07
6.372000000000000000e+03 -9.308696511607426878e-07
6.373000000000000000e+03 -9.190719450781455640e-07
6.374000000000000000e+03 -9.053435043800236457e-07
6.375000000000000000e+03 -8.897923551254381102e-07
6.376000000000000000e+03 -8.725327776727575135e-07
6.377000000000000000e+03 -8.536848739041911012e-07
6.378000000000000000e+03 -8.333739494955471848e-07
6.379000000000000000e+03 -8.117298785593799868e-07
6.380000000000000000e+03 -7.888865141569257434e-07
6.381000000000000000e+03 -7.649809822814629342e-07
6.382000000000000000e+03 -7.401529820999347847e-07
6.383000000000000000e+03 -7.145440884135034299e-07
6.384000000000000000e+03 -6.882970429619859120e-07
6.385000000000000000e+03 -6.615551316604615749e-07
6.386000000000000000e+03 -6.344614721559836824e-07
6.387000000000000000e+03 -6.071583003267369434e-07
6.388000000000000000e+03 -5.797863739011795855e-07
6.389000000000000000e+03 -5.524843159393765490e-07
6.390000000000000000e+03 -5.253879070616946500e-07
6.391000000000000000e+03 -4.986295438292097813e-07
6.392000000000000000e+03 -4.723376166302004941e-07
6.393000000000000000e+03 -4.466359826142296119e-07
6.394000000000000000e+03 -4.216433466745558338e-07
6.395000000000000000e+03 -3.974727066869185150e-07
6.396000000000000000e+03 -3.742307205080194992e-07
6.397000000000000000e+03 -3.520172192910934819e-07
6.398000000000000000e+03 -3.309245895728199255e-07
6.399000000000000000e+03 -3.110373507171696478e-07
6.400000000000000000e+03 -2.924316825851880034e-07
6.401000000000000000e+03 -2.751748860770067141e-07
6.402000000000000000e+03 -2.593251007756936551e-07
6.403000000000000000e+03 -2.449309334623045539e-07
6.404000000000000000e+03 -2.320310446060133443e-07
6.405000000000000000e+03 -2.206539442377812268e-07
6.406000000000000000e+03 -2.108178454726114255e-07
6.407000000000000000e+03 -2.025305198983191554e-07
6.408000000000000000e+03 -1.957892484200739267e-07
6.409000000000000000e+03 -1.905808461500071013e-07
6.410000000000000000e+03 -1.868816997421956650e-07
6.411000000000000000e+03 -1.846578063287250654e-07
6.412000000000000000e+03 -1.838650234238490033e-07
6.413000000000000000e+03 -1.844492512716093699e-07
6.414000000000000000e+03 -1.863466673333224771e-07
6.415000000000000000e+03 -1.894840455340827372e-07
6.416000000000000000e+03 -1.937791040347074507e-07
6.417000000000000000e+03 -1.991408805141269871e-07
6.418000000000000000e+03 -2.054702381772394366e-07
6.419000000000000000e+03 -2.126604503427492791e-07
6.420000000000000000e+03 -2.205978217791729427e-07
6.421000000000000000e+03 -2.291623006117084280e-07
6.422000000000000000e+03 -2.382283015429828880e-07
6.423000000000000000e+03 -2.476655605566476407e-07
6.424000000000000000e+03 -2.573399804287486296e-07
6.425000000000000000e+03 -2.671145731738969026e-07
6.426000000000000000e+03 -2.768504245850049432e-07
6.427000000000000000e+03 -2.864076013854952438e-07
6.428000000000000000e+03 -2.956461920827778110e-07
6.429000000000000000e+03 -3.044272417471668406e-07
6.430000000000000000e+03 -3.126136659673046891e-07
6.431000000000000000e+03 -3.200712170027794865e-07
6.432000000000000000e+03 -3.266693239191949982e-07
6.433000000000000000e+03 -3.322819395384892857e-07
6.434000000000000000e+03 -3.367883613565469491e-07
6.435000000000000000e+03 -3.400740204179354511e-07
6.436000000000000000e+03 -3.420313243636751159e-07
6.437000000000000000e+03 -3.425603990721660256e-07
6.438000000000000000e+03 -3.415697550038589418e-07
6.439000000000000000e+03 -3.389769585516675409e-07
6.440000000000000000e+03 -3.347092621301990031e-07
6.441000000000000000e+03 -3.287042137379443762e-07
6.442000000000000000e+03 -3.209101280953850360e-07
6.443000000000000000e+03 -3.112865902319634617e-07
6.444000000000000000e+03 -2.998048591922490778e-07
6.445000000000000000e+03 -2.864480463535375033e-07
6.446000000000000000e+03 -2.712113951475053707e-07
6.447000000000000000e+03 -2.541024289470777014e-07
6.448000000000000000e+03 -2.351410304688535455e-07
6.449000000000000000e+03 -2.143593970940410966e-07
6.450000000000000000e+03 -1.918018112371682609e-07
6.451000000000000000e+03 -1.675244325157479760e-07
6.452000000000000000e+03 -1.415949318788571988e-07
6.453000000000000000e+03 -1.140919824688143011e-07
6.454000000000000000e+03 -8.510475968587457209e-08
6.455000000000000000e+03 -5.473221546660747063e-08
6.456000000000000000e+03 -2.308239192891933471e-08
6.457000000000000000e+03 9.728396610529084597e-09
6.458000000000000000e+03 4.357633168972177210e-08
6.459000000000000000e+03 7.833089820505230576e-08
6.460000000000000000e+03 1.138556766439351325e-07
6.461000000000000000e+03 1.500091204544059011e-07
6.462000000000000000e+03 1.866454077263132909e-07
6.463000000000000000e+03 2.236152989910218018e-07
6.464000000000000000e+03 2.607669508147694348e-07
6.465000000000000000e+03 2.979466732223698584e-07
6.466000000000000000e+03 3.349997366356702390e-07
6.467000000000000000e+03 3.717711137069781808e-07
6.468000000000000000e+03 4.081063374339354222e-07
6.469000000000000000e+03 4.438521407696465097e-07
6.470000000000000000e+03 4.788572584818399270e-07
6.471000000000000000e+03 5.129731868413400752e-07
6.472000000000000000e+03 5.460549034118193131e-07
6.473000000000000000e+03 5.779615805244030567e-07
6.474000000000000000e+03 6.085573232004722323e-07
6.475000000000000000e+03 6.377118232018019531e-07
6.476000000000000000e+03 6.653010319116736739e-07
6.477000000000000000e+03 6.912077784271505559e-07
6.478000000000000000e+03 7.153222847449563739e-07
6.479000000000000000e+03 7.375427115220430939e-07
6.480000000000000000e+03 7.577756002365542531e-07
6.481000000000000000e+03 7.759363218717062696e-07
6.482000000000000000e+03 7.919492839042146996e-07
6.483000000000000000e+03 8.057481764049032684e-07
6.484000000000000000e+03 8.172761768431684342e-07
6.485000000000000000e+03 8.264859638688248333e-07
6.486000000000000000e+03 8.333397814316643178e-07
6.487000000000000000e+03 8.378094191730802964e-07
6.488000000000000000e+03 8.398760609575110066e-07
6.489000000000000000e+03 8.395301788005381024e-07
6.490000000000000000e+03 8.367714189078596041e-07
6.491000000000000000e+03 8.316083939845452131e-07
6.492000000000000000e+03 8.240584211312220512e-07
6.493000000000000000e+03 8.141472889478151279e-07
6.494000000000000000e+03 8.019089846527288624e-07
6.495000000000000000e+03 7.873855151540345774e-07
6.496000000000000000e+03 7.706265864628081776e-07
6.497000000000000000e+03 7.516893238936317855e-07
6.498000000000000000e+03 7.306379137201776233e-07
6.499000000000000000e+03 7.075433662321003442e-07
6.500000000000000000e+03 6.824831751052658503e-07
6.501000000000000000e+03 6.555409881672155696e-07
6.502000000000000000e+03 6.268062577718226821e-07
6.503000000000000000e+03 5.963738634914029580e-07
6.504000000000000000e+03 5.643437777905573689e-07
6.505000000000000000e+03 5.308206547574507705e-07
6.506000000000000000e+03 4.959134375988354842e-07
6.507000000000000000e+03 4.597348510029150332e-07
6.508000000000000000e+03 4.224010310073749620e-07
6.509000000000000000e+03 3.840310989934898053e-07
6.510000000000000000e+03 3.447467170763011141e-07
6.511000000000000000e+03 3.046716844511890485e-07
6.512000000000000000e+03 2.639314188698592844e-07
6.513000000000000000e+03 2.226525542109093762e-07
6.514000000000000000e+03 1.809624535716667232e-07
6.515000000000000000e+03 1.389888147445124882e-07
6.516000000000000000e+03 9.685913333882425652e-08
6.517000000000000000e+03 5.470026459475681486e-08
6.518000000000000000e+03 1.263795861264295980e-08
6.519000000000000000e+03 -2.920360810740528195e-08
6.520000000000000000e+03 -7.070226030024984362e-08
6.521000000000000000e+03 -1.117383136124725057e-07
6.522000000000000000e+03 -1.521950332295169257e-07
6.523000000000000000e+03 -1.919590308146753174e-07
6.524000000000000000e+03 -2.309206290571243101e-07
6.525000000000000000e+03 -2.689743538280292539e-07
6.526000000000000000e+03 -3.060192753805206582e-07
6.527000000000000000e+03 -3.419593478411786127e-07
6.528000000000000000e+03 -3.767037176228547344e-07
6.529000000000000000e+03 -4.101670249877258912e-07
6.530000000000000000e+03 -4.422696713335835711e-07
6.531000000000000000e+03 -4.729379754570934004e-07
6.532000000000000000e+03 -5.021042618210284282e-07
6.533000000000000000e+03 -5.297070223651535149e-07
6.534000000000000000e+03 -5.556910146199940712e-07
6.535000000000000000e+03 -5.800071699031894494e-07
6.536000000000000000e+03 -6.026126305048979488e-07
6.537000000000000000e+03 -6.234706610002241719e-07
6.538000000000000000e+03 -6.425505254435805584e-07
6.539000000000000000e+03 -6.598272760193166574e-07
6.540000000000000000e+03 -6.752814847686837552e-07
6.541000000000000000e+03 -6.888989661712692571e-07
6.542000000000000000e+03 -7.006704139624254660e-07
6.543000000000000000e+03 -7.105910355222627355e-07
6.544000000000000000e+03 -7.186600701324130544e-07
6.545000000000000000e+03 -7.248803862519291322e-07
6.546000000000000000e+03 -7.292580407255104974e-07
6.547000000000000000e+03 -7.318018410066045636e-07
6.548000000000000000e+03 -7.325228668012027651e-07
6.549000000000000000e+03 -7.314340975903461950e-07
6.550000000000000000e+03 -7.285500312187602369e-07
6.551000000000000000e+03 -7.238863372758198210e-07
6.552000000000000000e+03 -7.174594157591791820e-07
6.553000000000000000e+03 -7.092862000672529869e-07
6.554000000000000000e+03 -6.993839307415485150e-07
6.555000000000000000e+03 -6.877699374976698739e-07
6.556000000000000000e+03 -6.744614272211323577e-07
6.557000000000000000e+03 -6.594754364553226014e-07
6.558000000000000000e+03 -6.428286979556565893e-07
6.559000000000000000e+03 -6.245376025224501759e-07
6.560000000000000000e+03 -6.046181258210850440e-07
6.561000000000000000e+03 -5.830858648288157506e-07
6.562000000000000000e+03 -5.599560641763862555e-07
6.563000000000000000e+03 -5.352437681694701472e-07
6.564000000000000000e+03 -5.089639625275537702e-07
6.565000000000000000e+03 -4.811317787787876205e-07
6.566000000000000000e+03 -4.517627544353023559e-07
6.567000000000000000e+03 -4.208730343102627460e-07
6.568000000000000000e+03 -3.884796898262259323e-07
6.569000000000000000e+03 -3.546010268672835744e-07
6.570000000000000000e+03 -3.192568826344721799e-07
6.571000000000000000e+03 -2.824691027096346600e-07
6.572000000000000000e+03 -2.442617847976711008e-07
6.573000000000000000e+03 -2.046616587491747941e-07
6.574000000000000000e+03 -1.636984696422753270e-07
6.575000000000000000e+03 -1.214053392549206864e-07
6.576000000000000000e+03 -7.781920564650892766e-08
6.577000000000000000e+03 -3.298128299107950912e-08
6.578000000000000000e+03 1.306254272271505200e-08
6.579000000000000000e+03 6.026141663120368449e-08
6.580000000000000000e+03 1.085590902114718554e-07
6.581000000000000000e+03 1.578934749375077610e-07
6.582000000000000000e+03 2.081964191475051545e-07
6.583000000000000000e+03 2.593933902317913707e-07
6.584000000000000000e+03 3.114033680616257604e-07
6.585000000000000000e+03 3.641386307108065279e-07
6.586000000000000000e+03 4.175046962252124165e-07
6.587000000000000000e+03 4.714003394348808613e-07
6.588000000000000000e+03 5.257175987298708145e-07
6.589000000000000000e+03 5.803419200578146546e-07
6.590000000000000000e+03 6.351523585485810441e-07
6.591000000000000000e+03 6.900218380135672222e-07
6.592000000000000000e+03 7.448175266474006163e-07
6.593000000000000000e+03 7.994013194530136996e-07
6.594000000000000000e+03 8.536302710253829090e-07
6.595000000000000000e+03 9.073570710003856211e-07
6.596000000000000000e+03 9.604307109462507466e-07
6.597000000000000000e+03 1.012697190856122491e-06
6.598000000000000000e+03 1.064000121944835197e-06
6.599000000000000000e+03 1.114181518882992820e-06
6.600000000000000000e+03 1.163082539893684566e-06
6.601000000000000000e+03 1.210544214173774711e-06
6.602000000000000000e+03 1.256408290273558769e-06
6.603000000000000000e+03 1.300517983477164143e-06
6.604000000000000000e+03 1.342718809465189664e-06
6.605000000000000000e+03 1.382859377792766352e-06
6.606000000000000000e+03 1.420792146248760985e-06
6.607000000000000000e+03 1.456374293321047476e-06
6.608000000000000000e+03 1.489468455982231175e-06
6.609000000000000000e+03 1.519943461439869978e-06
6.610000000000000000e+03 1.547675055454625725e-06
6.611000000000000000e+03 1.572546625564459602e-06
6.612000000000000000e+03 1.594449758282083156e-06
6.613000000000000000e+03 1.613284769235117704e-06
6.614000000000000000e+03 1.628961279246121335e-06
6.615000000000000000e+03 1.641398623643087162e-06
6.616000000000000000e+03 1.650526183597349572e-06
6.617000000000000000e+03 1.656283694189291811e-06
6.618000000000000000e+03 1.658621410497294782e-06
6.619000000000000000e+03 1.657500189396200465e-06
6.620000000000000000e+03 1.652891534312360848e-06
6.621000000000000000e+03 1.644777563902718947e-06
6.622000000000000000e+03 1.633150891228902116e-06
6.623000000000000000e+03 1.618014348848345177e-06
6.624000000000000000e+03 1.599380838411234537e-06
6.625000000000000000e+03 1.577273051153024434e-06
6.626000000000000000e+03 1.551723151514585349e-06
6.627000000000000000e+03 1.522772466595011974e-06
6.628000000000000000e+03 1.490471175592432742e-06
6.629000000000000000e+03 1.454877947174703701e-06
6.630000000000000000e+03 1.416059556992807231e-06
6.631000000000000000e+03 1.374090517580080469e-06
6.632000000000000000e+03 1.329052688220832517e-06
6.633000000000000000e+03 1.281034901897071386e-06
6.634000000000000000e+03 1.230132652299659666e-06
6.635000000000000000e+03 1.176447665520363974e-06
6.636000000000000000e+03 1.120087552477877811e-06
6.637000000000000000e+03 1.061165452235873409e-06
6.638000000000000000e+03 9.997996490683431080e-07
6.639000000000000000e+03 9.361132760121784360e-07
6.640000000000000000e+03 8.702339990949880005e-07
6.641000000000000000e+03 8.022935656732985300e-07
6.642000000000000000e+03 7.324275400068864023e-07
6.643000000000000000e+03 6.607749408387971731e-07
6.644000000000000000e+03 5.874779897891908420e-07
6.645000000000000000e+03 5.126816868333122149e-07
6.646000000000000000e+03 4.365335674731431554e-07
6.647000000000000000e+03 3.591833840397615373e-07
6.648000000000000000e+03 2.807828669144451470e-07
6.649000000000000000e+03 2.014853908286265433e-07
6.650000000000000000e+03 1.214457194161525023e-07
6.651000000000000000e+03 4.081973203799980864e-08
6.652000000000000000e+03 -4.023572082222331304e-08
6.653000000000000000e+03 -1.215630973872483451e-07
6.654000000000000000e+03 -2.030043608039375965e-07
6.655000000000000000e+03 -2.844011432171711439e-07
6.656000000000000000e+03 -3.655950377422002728e-07
6.657000000000000000e+03 -4.464278585406415625e-07
6.658000000000000000e+03 -5.267417700481316733e-07
6.659000000000000000e+03 -6.063795814650734681e-07
6.660000000000000000e+03 -6.851850459494639883e-07
6.661000000000000000e+03 -7.630030637361315952e-07
6.662000000000000000e+03 -8.396799838513865941e-07
6.663000000000000000e+03 -9.150640357762032204e-07
6.664000000000000000e+03 -9.890057020480732619e-07
6.665000000000000000e+03 -1.061357942603462716e-06
6.666000000000000000e+03 -1.131976612238003759e-06
6.667000000000000000e+03 -1.200720822504293068e-06
6.668000000000000000e+03 -1.267453326945206003e-06
6.669000000000000000e+03 -1.332040780137966876e-06
6.670000000000000000e+03 -1.394354140960744604e-06
6.671000000000000000e+03 -1.454268957923539438e-06
6.672000000000000000e+03 -1.511665620753684705e-06
6.673000000000000000e+03 -1.566429600765905994e-06
6.674000000000000000e+03 -1.618451679161011003e-06
6.675000000000000000e+03 -1.667628147802876762e-06
6.676000000000000000e+03 -1.713861100504395986e-06
6.677000000000000000e+03 -1.757058510304698431e-06
6.678000000000000000e+03 -1.797134450944936769e-06
6.679000000000000000e+03 -1.834009264137422704e-06
6.680000000000000000e+03 -1.867609810685606604e-06
6.681000000000000000e+03 -1.897869629658329588e-06
6.682000000000000000e+03 -1.924729131652814938e-06
6.683000000000000000e+03 -1.948135728803966868e-06
6.684000000000000000e+03 -1.968044055827311352e-06
6.685000000000000000e+03 -1.984416037001313803e-06
6.686000000000000000e+03 -1.997221011434733097e-06
6.687000000000000000e+03 -2.006435820381735187e-06
6.688000000000000000e+03 -2.012044880452985732e-06
6.689000000000000000e+03 -2.014040244975474045e-06
6.690000000000000000e+03 -2.012421573743617641e-06
6.691000000000000000e+03 -2.007196183076039257e-06
6.692000000000000000e+03 -1.998378960723198548e-06
6.693000000000000000e+03 -1.985992316376259018e-06
6.694000000000000000e+03 -1.970066178264681614e-06
6.695000000000000000e+03 -1.950637724274432803e-06
6.696000000000000000e+03 -1.927751313147985429e-06
6.697000000000000000e+03 -1.901458423203203394e-06
6.698000000000000000e+03 -1.871817545810391814e-06
6.699000000000000000e+03 -1.838893884400815704e-06
6.700000000000000000e+03 -1.802759182565233637e-06
6.701000000000000000e+03 -1.763491648004498929e-06
6.702000000000000000e+03 -1.721175720501883694e-06
6.703000000000000000e+03 -1.675901872062449337e-06
6.704000000000000000e+03 -1.627766266803896237e-06
6.705000000000000000e+03 -1.576870634911662707e-06
6.706000000000000000e+03 -1.523321928658258543e-06
6.707000000000000000e+03 -1.467232062669285789e-06
6.708000000000000000e+03 -1.408717683393501692e-06
6.709000000000000000e+03 -1.347899885833984139e-06
6.710000000000000000e+03 -1.284903848028274337e-06
6.711000000000000000e+03 -1.219858664470706946e-06
6.712000000000000000e+03 -1.152897082738629469e-06
6.713000000000000000e+03 -1.084155309452991650e-06
6.714000000000000000e+03 -1.013772686910936879e-06
6.715000000000000000e+03 -9.418916442078646449e-07
6.716000000000000000e+03 -8.686574762289250010e-07
6.717000000000000000e+03 -7.942181863668645393e-07
6.718000000000000000e+03 -7.187244906931154156e-07
6.719000000000000000e+03 -6.423296599268935319e-07
6.720000000000000000e+03 -5.651894187774209742e-07
6.721000000000000000e+03 -4.874618473988091332e-07
6.722000000000000000e+03 -4.093073626045238310e-07
6.723000000000000000e+03 -3.308886582736354455e-07
6.724000000000000000e+03 -2.523705156480954455e-07
6.725000000000000000e+03 -1.739197357593763959e-07
6.726000000000000000e+03 -9.570494964071150654e-08
6.727000000000000000e+03 -1.789634009047380207e-08
6.728000000000000000e+03 5.933453950473020128e-08
6.729000000000000000e+03 1.358151891338802802e-07
6.730000000000000000e+03 2.113724375116616789e-07
6.731000000000000000e+03 2.858328687269022747e-07
6.732000000000000000e+03 3.590232426433766361e-07
6.733000000000000000e+03 4.307710603351627505e-07
6.734000000000000000e+03 5.009051022793037381e-07
6.735000000000000000e+03 5.692560359445462058e-07
6.736000000000000000e+03 6.356570494536969504e-07
6.737000000000000000e+03 6.999445398539259497e-07
6.738000000000000000e+03 7.619587608429440844e-07
6.739000000000000000e+03 8.215445549298609497e-07
6.740000000000000000e+03 8.785521474799235690e-07
6.741000000000000000e+03 9.328377669322520617e-07
6.742000000000000000e+03 9.842643786942087215e-07
6.743000000000000000e+03 1.032702462536416979e-06
6.744000000000000000e+03 1.078030652007751736e-06
6.745000000000000000e+03 1.120136371205327974e-06
6.746000000000000000e+03 1.158916576455932449e-06
6.747000000000000000e+03 1.194278288486652359e-06
6.748000000000000000e+03 1.226139107513042651e-06
6.749000000000000000e+03 1.254427814671253389e-06
6.750000000000000000e+03 1.279084707348615962e-06
6.751000000000000000e+03 1.300062084153343614e-06
6.752000000000000000e+03 1.317324534250960115e-06
6.753000000000000000e+03 1.330849230417068536e-06
6.754000000000000000e+03 1.340626262525148252e-06
6.755000000000000000e+03 1.346658764552491090e-06
6.756000000000000000e+03 1.348962971659171159e-06
6.757000000000000000e+03 1.347568312712155504e-06
6.758000000000000000e+03 1.342517404683792639e-06
6.759000000000000000e+03 1.333865961527522304e-06
6.760000000000000000e+03 1.321682627274720910e-06
6.761000000000000000e+03 1.306048709390211404e-06
6.762000000000000000e+03 1.287057820437363787e-06
6.763000000000000000e+03 1.264815571569566335e-06
6.764000000000000000e+03 1.239439076593507750e-06
6.765000000000000000e+03 1.211056481917856905e-06
6.766000000000000000e+03 1.179806428288593377e-06
6.767000000000000000e+03 1.145837401912152566e-06
6.768000000000000000e+03 1.109307056970853163e-06
6.769000000000000000e+03 1.070381483841198174e-06
6.770000000000000000e+03 1.029234455286159466e-06
6.771000000000000000e+03 9.860465944032668786e-07
6.772000000000000000e+03 9.410044971721349650e-07
6.773000000000000000e+03 8.942998942454472718e-07
6.774000000000000000e+03 8.461286161058396016e-07
6.775000000000000000e+03 7.966895724622926939e-07
6.776000000000000000e+03 7.461837685028556530e-07
6.777000000000000000e+03 6.948131945642700610e-07
6.778000000000000000e+03 6.427797895347677577e-07
6.779000000000000000e+03 5.902843992805574672e-07
6.780000000000000000e+03 5.375257379672218575e-07
6.781000000000000000e+03 4.846992894532178502e-07
6.782000000000000000e+03 4.319963735264547224e-07
6.783000000000000000e+03 3.796031669519677111e-07
6.784000000000000000e+03 3.276997503245476048e-07
6.785000000000000000e+03 2.764593492105069537e-07
6.786000000000000000e+03 2.260475504924188410e-07
6.787000000000000000e+03 1.766214998806671572e-07
6.788000000000000000e+03 1.283293563587115758e-07
6.789000000000000000e+03 8.130982853666435524e-08
6.790000000000000000e+03 3.569160912054121639e-08
6.791000000000000000e+03 -8.406963728942418113e-09
6.792000000000000000e+03 -5.087810748148603714e-08
6.793000000000000000e+03 -9.162489342996384741e-08
6.794000000000000000e+03 -1.305614151134852859e-07
6.795000000000000000e+03 -1.676129176787003659e-07
6.796000000000000000e+03 -2.027157845225805610e-07
6.797000000000000000e+03 -2.358175500569926217e-07
6.798000000000000000e+03 -2.668769102949930734e-07
6.799000000000000000e+03 -2.958635178288913045e-07
6.800000000000000000e+03 -3.227578716208243475e-07
6.801000000000000000e+03 -3.475511420928710468e-07
6.802000000000000000e+03 -3.702449560704438030e-07
6.803000000000000000e+03 -3.908511402380328170e-07
6.804000000000000000e+03 -4.093914376493291707e-07
6.805000000000000000e+03 -4.258970878666937896e-07
6.806000000000000000e+03 -4.404084921112884230e-07
6.807000000000000000e+03 -4.529747900324140158e-07
6.808000000000000000e+03 -4.636534013118586862e-07
6.809000000000000000e+03 -4.725095018876465131e-07
6.810000000000000000e+03 -4.796154065993949381e-07
6.811000000000000000e+03 -4.850500653868361783e-07
6.812000000000000000e+03 -4.888983485983850821e-07
6.813000000000000000e+03 -4.912504527434813762e-07
6.814000000000000000e+03 -4.922011299768801263e-07
6.815000000000000000e+03 -4.918489648979733509e-07
6.816000000000000000e+03 -4.902957834517518326e-07
6.817000000000000000e+03 -4.876457497622006262e-07
6.818000000000000000e+03 -4.840046809809712786e-07
6.819000000000000000e+03 -4.794791921243743309e-07
6.820000000000000000e+03 -4.741759299396861004e-07
6.821000000000000000e+03 -4.682008541097675270e-07
6.822000000000000000e+03 -4.616585186764516721e-07
6.823000000000000000e+03 -4.546514378859929519e-07
6.824000000000000000e+03 -4.472793669995826235e-07
6.825000000000000000e+03 -4.396387293879549400e-07
6.826000000000000000e+03 -4.318219422315668055e-07
6.827000000000000000e+03 -4.239169050607139945e-07
6.828000000000000000e+03 -4.160065591656831807e-07
6.829000000000000000e+03 -4.081683108336838060e-07
6.830000000000000000e+03 -4.004736384706284994e-07
6.831000000000000000e+03 -3.929876536737474070e-07
6.832000000000000000e+03 -3.857686505613163653e-07
6.833000000000000000e+03 -3.788678117813768336e-07
6.834000000000000000e+03 -3.723288375227643458e-07
6.835000000000000000e+03 -3.661876366701829230e-07
6.836000000000000000e+03 -3.604720031273398209e-07
6.837000000000000000e+03 -3.552013891140500883e-07
6.838000000000000000e+03 -3.503866154018942164e-07
6.839000000000000000e+03 -3.460296972009405622e-07
6.840000000000000000e+03 -3.421237459336384414e-07
6.841000000000000000e+03 -3.386528056185953504e-07
6.842000000000000000e+03 -3.355918741127113635e-07
6.843000000000000000e+03 -3.329069291766023577e-07
6.844000000000000000e+03 -3.305550372380387173e-07
6.845000000000000000e+03 -3.284845817093043660e-07
6.846000000000000000e+03 -3.266356376500772142e-07
6.847000000000000000e+03 -3.249403173443239572e-07
6.848000000000000000e+03 -3.233231793561783108e-07
6.849000000000000000e+03 -3.217018304047091623e-07
6.850000000000000000e+03 -3.199875728923561208e-07
6.851000000000000000e+03 -3.180861207041133085e-07
6.852000000000000000e+03 -3.158983677068543632e-07
6.853000000000000000e+03 -3.133213194345683703e-07
6.854000000000000000e+03 -3.102490323967847470e-07
6.855000000000000000e+03 -3.065735451682946139e-07
6.856000000000000000e+03 -3.021859610686313154e-07
6.857000000000000000e+03 -2.969776041680558832e-07
6.858000000000000000e+03 -2.908411320702475716e-07
6.859000000000000000e+03 -2.836716644599161257e-07
6.860000000000000000e+03 -2.753678553426702076e-07
6.861000000000000000e+03 -2.658331490764132576e-07
6.862000000000000000e+03 -2.549769035088311802e-07
6.863000000000000000e+03 -2.427154385525571924e-07
6.864000000000000000e+03 -2.289729931554696643e-07
6.865000000000000000e+03 -2.136827312392190436e-07
6.866000000000000000e+03 -1.967877717976792935e-07
6.867000000000000000e+03 -1.782418810596588406e-07
6.868000000000000000e+03 -1.580101831573920612e-07
6.869000000000000000e+03 -1.360697902912851869e-07
6.870000000000000000e+03 -1.124103655925077383e-07
6.871000000000000000e+03 -8.703449249945273417e-08
6.872000000000000000e+03 -5.995797376397418812e-08
6.873000000000000000e+03 -3.121013201363607432e-08
6.874000000000000000e+03 -8.338465257746138004e-10
6.875000000000000000e+03 3.111447345176856783e-08
6.876000000000000000e+03 6.456489378208450408e-08
6.877000000000000000e+03 9.943430065981351156e-08
6.878000000000000000e+03 1.356267527838880451e-07
6.879000000000000000e+03 1.730338508172486198e-07
6.880000000000000000e+03 2.115352096447889403e-07
6.881000000000000000e+03 2.509991235953283249e-07
6.882000000000000000e+03 2.912832533748581296e-07
6.883000000000000000e+03 3.322353791070624054e-07
6.884000000000000000e+03 3.736941939949238639e-07
6.885000000000000000e+03 4.154903116931483822e-07
6.886000000000000000e+03 4.574471260527647664e-07
6.887000000000000000e+03 4.993818002589330820e-07
6.888000000000000000e+03 5.411063205498297830e-07
6.889000000000000000e+03 5.824285840327802347e-07
6.890000000000000000e+03 6.231535505943173636e-07
6.891000000000000000e+03 6.630843339622148967e-07
6.892000000000000000e+03 7.020233348295804220e-07
6.893000000000000000e+03 7.397734074095609543e-07
6.894000000000000000e+03 7.761389999666709335e-07
6.895000000000000000e+03 8.109273363696169024e-07
6.896000000000000000e+03 8.439495420957299858e-07
6.897000000000000000e+03 8.750217875876367637e-07
6.898000000000000000e+03 9.039663668902247591e-07
6.899000000000000000e+03 9.306127830353744552e-07
6.900000000000000000e+03 9.547986426642945858e-07
6.901000000000000000e+03 9.763705991402949699e-07
6.902000000000000000e+03 9.951851914795438702e-07
6.903000000000000000e+03 1.011109625675719073e-06
6.904000000000000000e+03 1.024022438289641153e-06
6.905000000000000000e+03 1.033814192421762246e-06
6.906000000000000000e+03 1.040387976515984550e-06
6.907000000000000000e+03 1.043659926772409304e-06
6.908000000000000000e+03 1.043559708436734431e-06
6.909000000000000000e+03 1.040030902090543659e-06
6.910000000000000000e+03 1.033031279471601224e-06
6.911000000000000000e+03 1.022533175417092908e-06
6.912000000000000000e+03 1.008523674409855176e-06
6.913000000000000000e+03 9.910048021933161809e-07
6.914000000000000000e+03 9.699936720497377200e-07
6.915000000000000000e+03 9.455224985978009880e-07
6.916000000000000000e+03 9.176386818968609672e-07
6.917000000000000000e+03 8.864046051683376059e-07
6.918000000000000000e+03 8.518974742407100286e-07
6.919000000000000000e+03 8.142092158133139893e-07
6.920000000000000000e+03 7.734461368592158683e-07
6.921000000000000000e+03 7.297286179327956911e-07
6.922000000000000000e+03 6.831905739628144954e-07
6.923000000000000000e+03 6.339789425561085132e-07
6.924000000000000000e+03 5.822532028462070744e-07
6.925000000000000000e+03 5.281847208777723333e-07
6.926000000000000000e+03 4.719560942232867965e-07
6.927000000000000000e+03 4.137603944635233423e-07
6.928000000000000000e+03 3.538003660671534165e-07
6.929000000000000000e+03 2.922876673133611486e-07
6.930000000000000000e+03 2.294420479686574379e-07
6.931000000000000000e+03 1.654904251761914968e-07
6.932000000000000000e+03 1.006660532983334114e-07
6.933000000000000000e+03 3.520767224453812866e-08
6.934000000000000000e+03 -3.064147630032708128e-08
6.935000000000000000e+03 -9.663446551931299782e-08
6.936000000000000000e+03 -1.625215964101925342e-07
6.937000000000000000e+03 -2.280512989949275774e-07
6.938000000000000000e+03 -2.929711057116816289e-07
6.939000000000000000e+03 -3.570285693606197893e-07
6.940000000000000000e+03 -4.199722131567985589e-07
6.941000000000000000e+03 -4.815524731864011855e-07
6.942000000000000000e+03 -5.415227002006896287e-07
6.943000000000000000e+03 -5.996401006369249756e-07
6.944000000000000000e+03 -6.556667383623942254e-07
6.945000000000000000e+03 -7.093706125539400146e-07
6.946000000000000000e+03 -7.605266433028353950e-07
6.947000000000000000e+03 -8.089176670491350321e-07
6.948000000000000000e+03 -8.543354237234206441e-07
6.949000000000000000e+03 -8.965816496976241158e-07
6.950000000000000000e+03 -9.354690830621628551e-07
6.951000000000000000e+03 -9.708224244057860745e-07
6.952000000000000000e+03 -1.002479367102243806e-06
6.953000000000000000e+03 -1.030291450523433978e-06
6.954000000000000000e+03 -1.054124961391023881e-06
6.955000000000000000e+03 -1.073861679202928777e-06
6.956000000000000000e+03 -1.089399612535216372e-06
6.957000000000000000e+03 -1.100653708090527602e-06
6.958000000000000000e+03 -1.107556328738275790e-06
6.959000000000000000e+03 -1.110057739817183803e-06
6.960000000000000000e+03 -1.108126555491305904e-06
6.961000000000000000e+03 -1.101750157766136129e-06
6.962000000000000000e+03 -1.090934871534470990e-06
6.963000000000000000e+03 -1.075706045175830847e-06
6.964000000000000000e+03 -1.056108162087986925e-06
6.965000000000000000e+03 -1.032204801946209061e-06
6.966000000000000000e+03 -1.004078612274094961e-06
6.967000000000000000e+03 -9.718311003955177012e-07
6.968000000000000000e+03 -9.355824126938606229e-07
6.969000000000000000e+03 -8.954710570687401980e-07
6.970000000000000000e+03 -8.516535211115998666e-07
6.971000000000000000e+03 -8.043038696954515588e-07
6.972000000000000000e+03 -7.536132190430836560e-07
6.973000000000000000e+03 -6.997891105789920668e-07
6.974000000000000000e+03 -6.430548592062247573e-07
6.975000000000000000e+03 -5.836487549866177781e-07
6.976000000000000000e+03 -5.218232196570530662e-07
6.977000000000000000e+03 -4.578438427038668456e-07
6.978000000000000000e+03 -3.919882458844578188e-07
6.979000000000000000e+03 -3.245451076890985354e-07
6.980000000000000000e+03 -2.558128589502942609e-07
6.981000000000000000e+03 -1.860983666145742914e-07
6.982000000000000000e+03 -1.157155487991933372e-07
6.983000000000000000e+03 -4.498396991083739250e-08
6.984000000000000000e+03 2.577271766247114275e-08
6.985000000000000000e+03 9.622836160987999341e-08
6.986000000000000000e+03 1.660558730490564730e-07
6.987000000000000000e+03 2.349288227900496412e-07
6.988000000000000000e+03 3.025231593486004423e-07
6.989000000000000000e+03 3.685187449981334776e-07
6.990000000000000000e+03 4.326011471132071454e-07
6.991000000000000000e+03 4.944632856498416656e-07
6.992000000000000000e+03 5.538070461808895358e-07
6.993000000000000000e+03 6.103449192731641030e-07
6.994000000000000000e+03 6.638015766297573506e-07
6.995000000000000000e+03 7.139155362179175256e-07
6.996000000000000000e+03 7.604406274238293961e-07
6.997000000000000000e+03 8.031473918990664466e-07
6.998000000000000000e+03 8.418244618263112782e-07
6.999000000000000000e+03 8.762798691332655037e-07
7.000000000000000000e+03 9.063422205890548301e-07
7.001000000000000000e+03 9.318618272368838192e-07
7.002000000000000000e+03 9.527116375537520987e-07
7.003000000000000000e+03 9.687881511295617868e-07
7.004000000000000000e+03 9.800120526148100018e-07
7.005000000000000000e+03 9.863288333109969018e-07
7.006000000000000000e+03 9.877092025272667983e-07
7.007000000000000000e+03 9.841493699545221384e-07
7.008000000000000000e+03 9.756712128056592029e-07
7.009000000000000000e+03 9.623222775718407357e-07
7.010000000000000000e+03 9.441754897525767261e-07
7.011000000000000000e+03 9.213287621509962368e-07
7.012000000000000000e+03 8.939045813687567714e-07
7.013000000000000000e+03 8.620492478849755646e-07
7.014000000000000000e+03 8.259321985888259819e-07
7.015000000000000000e+03 7.857450652894618069e-07
7.016000000000000000e+03 7.417005925382497939e-07
7.017000000000000000e+03 6.940314786072313450e-07
7.018000000000000000e+03 6.429890837009509168e-07
7.019000000000000000e+03 5.888421320954119372e-07
7.020000000000000000e+03 5.318752743712942763e-07
7.021000000000000000e+03 4.723873971304849400e-07
7.022000000000000000e+03 4.106900600517904394e-07
7.023000000000000000e+03 3.471057645093969082e-07
7.024000000000000000e+03 2.819662046423950520e-07
7.025000000000000000e+03 2.156104644785371650e-07
7.026000000000000000e+03 1.483831781921625761e-07
7.027000000000000000e+03 8.063261366690048929e-08
7.028000000000000000e+03 1.270878932689419822e-08
7.029000000000000000e+03 -5.503840671394160828e-08
7.030000000000000000e+03 -1.222611632143625929e-07
7.031000000000000000e+03 -1.886155644733185232e-07
7.032000000000000000e+03 -2.537633504722733772e-07
7.033000000000000000e+03 -3.173737934819497136e-07
7.034000000000000000e+03 -3.791254476835956458e-07
7.035000000000000000e+03 -4.387079000723671015e-07
7.036000000000000000e+03 -4.958234049394281105e-07
7.037000000000000000e+03 -5.501882883533212805e-07
7.038000000000000000e+03 -6.015345125161732186e-07
7.039000000000000000e+03 -6.496110180128244412e-07
7.040000000000000000e+03 -6.941850603299870670e-07
7.041000000000000000e+03 -7.350434089581229832e-07
7.042000000000000000e+03 -7.719933807459009174e-07
7.043000000000000000e+03 -8.048638656385630114e-07
7.044000000000000000e+03 -8.335062238331008046e-07
7.045000000000000000e+03 -8.577949700293353281e-07
7.046000000000000000e+03 -8.776284304650984595e-07
7.047000000000000000e+03 -8.929293103276877991e-07
7.048000000000000000e+03 -9.036450145789410247e-07
7.049000000000000000e+03 -9.097478817662277972e-07
7.050000000000000000e+03 -9.112352335724020668e-07
7.051000000000000000e+03 -9.081292766091201731e-07
7.052000000000000000e+03 -9.004768680120127749e-07
7.053000000000000000e+03 -8.883491893347621976e-07
7.054000000000000000e+03 -8.718412173779506252e-07
7.055000000000000000e+03 -8.510710636300312075e-07
7.056000000000000000e+03 -8.261791776413048267e-07
7.057000000000000000e+03 -7.973273733931695659e-07
7.058000000000000000e+03 -7.646978207325059318e-07
7.059000000000000000e+03 -7.284918080637210456e-07
7.060000000000000000e+03 -6.889285224555420491e-07
7.061000000000000000e+03 -6.462435934038520800e-07
7.062000000000000000e+03 -6.006876393655161831e-07
7.063000000000000000e+03 -5.525245814164079827e-07
7.064000000000000000e+03 -5.020300624918004742e-07
7.065000000000000000e+03 -4.494896699609463326e-07
7.066000000000000000e+03 -3.951972055928382713e-07
7.067000000000000000e+03 -3.394528063975470787e-07
7.068000000000000000e+03 -2.825611246549467972e-07
7.069000000000000000e+03 -2.248295022564313920e-07
7.070000000000000000e+03 -1.665661291367429895e-07
7.071000000000000000e+03 -1.080782782986014140e-07
7.072000000000000000e+03 -4.967046714981895326e-08
7.073000000000000000e+03 8.357178667582921540e-09
7.074000000000000000e+03 6.571067457601593528e-08
7.075000000000000000e+03 1.221036504741723198e-07
7.076000000000000000e+03 1.772588547743810908e-07
7.077000000000000000e+03 2.309096077153824261e-07
7.078000000000000000e+03 2.828011492957285339e-07
7.079000000000000000e+03 3.326917918351035818e-07
7.080000000000000000e+03 3.803540206536459672e-07
7.081000000000000000e+03 4.255754716302522935e-07
7.082000000000000000e+03 4.681598500837409228e-07
7.083000000000000000e+03 5.079276731774965470e-07
7.084000000000000000e+03 5.447169163941840465e-07
7.085000000000000000e+03 5.783835522314804351e-07
7.086000000000000000e+03 6.088020008097301996e-07
7.087000000000000000e+03 6.358654276161426419e-07
7.088000000000000000e+03 6.594860862183856618e-07
7.089000000000000000e+03 6.795954236061509028e-07
7.090000000000000000e+03 6.961439840110426475e-07
7.091000000000000000e+03 7.091013734244185847e-07
7.092000000000000000e+03 7.184560436042002300e-07
7.093000000000000000e+03 7.242147892216847805e-07
7.094000000000000000e+03 7.264024007446932258e-07
7.095000000000000000e+03 7.250610454675390931e-07
7.096000000000000000e+03 7.202495381096803102e-07
7.097000000000000000e+03 7.120425600856951016e-07
7.098000000000000000e+03 7.005298144023142336e-07
7.099000000000000000e+03 6.858151229596861815e-07
7.100000000000000000e+03 6.680154856029628939e-07
7.101000000000000000e+03 6.472598756498240467e-07
7.102000000000000000e+03 6.236881666426485684e-07
7.103000000000000000e+03 5.974500307176233554e-07
7.104000000000000000e+03 5.687038875904143320e-07
7.105000000000000000e+03 5.376157505030395343e-07
7.106000000000000000e+03 5.043581720707503170e-07
7.107000000000000000e+03 4.691091907115872668e-07
7.108000000000000000e+03 4.320513934972146182e-07
7.109000000000000000e+03 3.933709742822293340e-07
7.110000000000000000e+03 3.532567846605325004e-07
7.111000000000000000e+03 3.118994513249172865e-07
7.112000000000000000e+03 2.694906623986770528e-07
7.113000000000000000e+03 2.262224514072286592e-07
7.114000000000000000e+03 1.822864099169849745e-07
7.115000000000000000e+03 1.378731132486680609e-07
7.116000000000000000e+03 9.317152898813154063e-08
7.117000000000000000e+03 4.836830662865798519e-08
7.118000000000000000e+03 3.647364893606635037e-09
7.119000000000000000e+03 -4.081051403895690926e-08
7.120000000000000000e+03 -8.482829377635685007e-08
7.121000000000000000e+03 -1.282331192518696565e-07
7.122000000000000000e+03 -1.708566540862386956e-07
7.123000000000000000e+03 -2.125354618502768138e-07
7.124000000000000000e+03 -2.531114651935211825e-07
7.125000000000000000e+03 -2.924322483535291395e-07
7.126000000000000000e+03 -3.303514021862573508e-07
7.127000000000000000e+03 -3.667288877027299674e-07
7.128000000000000000e+03 -4.014313182732699600e-07
7.129000000000000000e+03 -4.343323329868213764e-07
7.130000000000000000e+03 -4.653128418160514049e-07
7.131000000000000000e+03 -4.942613156846273356e-07
7.132000000000000000e+03 -5.210741348805491485e-07
7.133000000000000000e+03 -5.456558556173227762e-07
7.134000000000000000e+03 -5.679194899737083840e-07
7.135000000000000000e+03 -5.877868391411879178e-07
7.136000000000000000e+03 -6.051887074448474660e-07
7.137000000000000000e+03 -6.200651310779184940e-07
7.138000000000000000e+03 -6.323657571656411621e-07
7.139000000000000000e+03 -6.420499185813719447e-07
7.140000000000000000e+03 -6.490869616589586895e-07
7.141000000000000000e+03 -6.534564038170545498e-07
7.142000000000000000e+03 -6.551480315220361904e-07
7.143000000000000000e+03 -6.541621105615475931e-07
7.144000000000000000e+03 -6.505094910136415445e-07
7.145000000000000000e+03 -6.442114982735865636e-07
7.146000000000000000e+03 -6.353000855220488204e-07
7.147000000000000000e+03 -6.238177559706128234e-07
7.148000000000000000e+03 -6.098174246280231191e-07
7.149000000000000000e+03 -5.933624408268253064e-07
7.150000000000000000e+03 -5.745262783564672463e-07
7.151000000000000000e+03 -5.533922759720361652e-07
7.152000000000000000e+03 -5.300533860410772985e-07
7.153000000000000000e+03 -5.046118122090269513e-07
7.154000000000000000e+03 -4.771785304384779375e-07
7.155000000000000000e+03 -4.478727662506449118e-07
7.156000000000000000e+03 -4.168215531445555608e-07
7.157000000000000000e+03 -3.841590669661612163e-07
7.158000000000000000e+03 -3.500259620397658492e-07
7.159000000000000000e+03 -3.145687350775208863e-07
7.160000000000000000e+03 -2.779389662569901343e-07
7.161000000000000000e+03 -2.402924609014589629e-07
7.162000000000000000e+03 -2.017884595702701504e-07
7.163000000000000000e+03 -1.625888786538041204e-07
7.164000000000000000e+03 -1.228574767345881381e-07
7.165000000000000000e+03 -8.275898212131287364e-08
7.166000000000000000e+03 -4.245831964185118131e-08
7.167000000000000000e+03 -2.119735201324386970e-09
7.168000000000000000e+03 3.809392206290786492e-08
7.169000000000000000e+03 7.802202877036085276e-08
7.170000000000000000e+03 1.175068795510487378e-07
7.171000000000000000e+03 1.563943896594872786e-07
7.172000000000000000e+03 1.945347213595077108e-07
7.173000000000000000e+03 2.317829272480305483e-07
7.174000000000000000e+03 2.679995862303131798e-07
7.175000000000000000e+03 3.030512696779383849e-07
7.176000000000000000e+03 3.368111751680150570e-07
7.177000000000000000e+03 3.691595084523842765e-07
7.178000000000000000e+03 3.999838452179805247e-07
7.179000000000000000e+03 4.291794434568086008e-07
7.180000000000000000e+03 4.566495781427848276e-07
7.181000000000000000e+03 4.823058007839082339e-07
7.182000000000000000e+03 5.060679815900247409e-07
7.183000000000000000e+03 5.278645798440186783e-07
7.184000000000000000e+03 5.476326332773809065e-07
7.185000000000000000e+03 5.653177144652075428e-07
7.186000000000000000e+03 5.808739623536211265e-07
7.187000000000000000e+03 5.942639578182681150e-07
7.188000000000000000e+03 6.054587346066008287e-07
7.189000000000000000e+03 6.144376459285306146e-07
7.190000000000000000e+03 6.211882974229269211e-07
7.191000000000000000e+03 6.257064059411274466e-07
7.192000000000000000e+03 6.279956994090977765e-07
7.193000000000000000e+03 6.280677211136038240e-07
7.194000000000000000e+03 6.259416295914748867e-07
7.195000000000000000e+03 6.216440474621317689e-07
7.196000000000000000e+03 6.152089660127157338e-07
7.197000000000000000e+03 6.066774092879732570e-07
7.198000000000000000e+03 5.960972314450693443e-07
7.199000000000000000e+03 5.835227757819972624e-07
7.200000000000000000e+03 5.690145016483100775e-07
7.201000000000000000e+03 5.526386799769334203e-07
7.202000000000000000e+03 5.344669496156332780e-07
7.203000000000000000e+03 5.145759487403971222e-07
7.204000000000000000e+03 4.930468836530708795e-07
7.205000000000000000e+03 4.699651272362602769e-07
7.206000000000000000e+03 4.454198184330349558e-07
7.207000000000000000e+03 4.195033572398185515e-07
7.208000000000000000e+03 3.923110045324994776e-07
7.209000000000000000e+03 3.639405640674257776e-07
7.210000000000000000e+03 3.344921127545596714e-07
7.211000000000000000e+03 3.040675689362703710e-07
7.212000000000000000e+03 2.727703640142750697e-07
7.213000000000000000e+03 2.407052408594762128e-07
7.214000000000000000e+03 2.079779751760546068e-07
7.215000000000000000e+03 1.746951163586758509e-07
7.216000000000000000e+03 1.409638052116996839e-07
7.217000000000000000e+03 1.068915965571290443e-07
7.218000000000000000e+03 7.258613727314254867e-08
7.219000000000000000e+03 3.815500490985470203e-08
7.220000000000000000e+03 3.705409462890834528e-09
7.221000000000000000e+03 -3.065614862469278826e-08
7.222000000000000000e+03 -6.482403889894667430e-08
7.223000000000000000e+03 -9.869374894174995409e-08
7.224000000000000000e+03 -1.321623444129164846e-07
7.225000000000000000e+03 -1.651287245241665670e-07
7.226000000000000000e+03 -1.974939505605079447e-07
7.227000000000000000e+03 -2.291616497541229305e-07
7.228000000000000000e+03 -2.600383835846839225e-07
7.229000000000000000e+03 -2.900339708222761978e-07
7.230000000000000000e+03 -3.190618885116142720e-07
7.231000000000000000e+03 -3.470394992316980791e-07
7.232000000000000000e+03 -3.738885971502389363e-07
7.233000000000000000e+03 -3.995357034424961722e-07
7.234000000000000000e+03 -4.239124189472817569e-07
7.235000000000000000e+03 -4.469557701235584248e-07
7.236000000000000000e+03 -4.686085703674732925e-07
7.237000000000000000e+03 -4.888196736313645787e-07
7.238000000000000000e+03 -5.075441732309098112e-07
7.239000000000000000e+03 -5.247435660414264666e-07
7.240000000000000000e+03 -5.403860123994737837e-07
7.241000000000000000e+03 -5.544463889056996851e-07
7.242000000000000000e+03 -5.669062635226203694e-07
7.243000000000000000e+03 -5.777539460990918591e-07
7.244000000000000000e+03 -5.869843808020907943e-07
7.245000000000000000e+03 -5.945990608348533236e-07
7.246000000000000000e+03 -6.006059108494893058e-07
7.247000000000000000e+03 -6.050190492356203115e-07
7.248000000000000000e+03 -6.078585443298198105e-07
7.249000000000000000e+03 -6.091500639998135923e-07
7.250000000000000000e+03 -6.089245907279025839e-07
7.251000000000000000e+03 -6.072182168302284431e-07
7.252000000000000000e+03 -6.040718255282746876e-07
7.253000000000000000e+03 -5.995306957980312465e-07
7.254000000000000000e+03 -5.936442761936135342e-07
7.255000000000000000e+03 -5.864657807824586243e-07
7.256000000000000000e+03 -5.780518385188346942e-07
7.257000000000000000e+03 -5.684620532356177045e-07
7.258000000000000000e+03 -5.577588476421326988e-07
7.259000000000000000e+03 -5.460070662810186929e-07
7.260000000000000000e+03 -5.332735508359905196e-07
7.261000000000000000e+03 -5.196268121440719708e-07
7.262000000000000000e+03 -5.051366055056460078e-07
7.263000000000000000e+03 -4.898733905464596999e-07
7.264000000000000000e+03 -4.739081281178241081e-07
7.265000000000000000e+03 -4.573118372481956388e-07
7.266000000000000000e+03 -4.401552886030515113e-07
7.267000000000000000e+03 -4.225086903906926255e-07
7.268000000000000000e+03 -4.044413673718206991e-07
7.269000000000000000e+03 -3.860215100333007660e-07
7.270000000000000000e+03 -3.673159249197614930e-07
7.271000000000000000e+03 -3.483896974347033677e-07
7.272000000000000000e+03 -3.293061072652877960e-07
7.273000000000000000e+03 -3.101263263240769746e-07
7.274000000000000000e+03 -2.909092824916567191e-07
7.275000000000000000e+03 -2.717114054673703376e-07
7.276000000000000000e+03 -2.525865275122021089e-07
7.277000000000000000e+03 -2.335857888296642818e-07
7.278000000000000000e+03 -2.147574554756438917e-07
7.279000000000000000e+03 -1.961468725806101702e-07
7.280000000000000000e+03 -1.777962920365570286e-07
7.281000000000000000e+03 -1.597447943288610175e-07
7.282000000000000000e+03 -1.420282643658675017e-07
7.283000000000000000e+03 -1.246793371922218247e-07
7.284000000000000000e+03 -1.077272947805973641e-07
7.285000000000000000e+03 -9.119810445779686365e-08
7.286000000000000000e+03 -7.511429070588837965e-08
7.287000000000000000e+03 -5.949496534230063503e-08
7.288000000000000000e+03 -4.435567572077163788e-08
7.289000000000000000e+03 -2.970846423528417267e-08
7.290000000000000000e+03 -1.556181515007878113e-08
7.291000000000000000e+03 -1.920726025734554808e-09
7.292000000000000000e+03 1.121332483697403555e-08
7.293000000000000000e+03 2.384236682069074228e-08
7.294000000000000000e+03 3.597190588899951782e-08
7.295000000000000000e+03 4.761081766940119130e-08
7.296000000000000000e+03 5.877131842620539239e-08
7.297000000000000000e+03 6.946875152960289831e-08
7.298000000000000000e+03 7.972144679098241424e-08
7.299000000000000000e+03 8.955061082541343091e-08
7.300000000000000000e+03 9.898004704705849232e-08
7.301000000000000000e+03 1.080359177433927011e-07
7.302000000000000000e+03 1.167464053749598917e-07
7.303000000000000000e+03 1.251415226923068248e-07
7.304000000000000000e+03 1.332527314734781950e-07
7.305000000000000000e+03 1.411125941095536373e-07
7.306000000000000000e+03 1.487543881401416948e-07
7.307000000000000000e+03 1.562117918555560102e-07
7.308000000000000000e+03 1.635184274468286295e-07
7.309000000000000000e+03 1.707076235733297133e-07
7.310000000000000000e+03 1.778120826766626037e-07
7.311000000000000000e+03 1.848635320474131489e-07
7.312000000000000000e+03 1.918924480877101219e-07
7.313000000000000000e+03 1.989279432420256602e-07
7.314000000000000000e+03 2.059976337702731621e-07
7.315000000000000000e+03 2.131273441090472106e-07
7.316000000000000000e+03 2.203410652033271340e-07
7.317000000000000000e+03 2.276607639153817597e-07
7.318000000000000000e+03 2.351062718531103207e-07
7.319000000000000000e+03 2.426953138222108197e-07
7.320000000000000000e+03 2.504433597053506130e-07
7.321000000000000000e+03 2.583634420640574861e-07
7.322000000000000000e+03 2.664659834881214928e-07
7.323000000000000000e+03 2.747586737775571977e-07
7.324000000000000000e+03 2.832463413059510139e-07
7.325000000000000000e+03 2.919308221226261888e-07
7.326000000000000000e+03 3.008106843023503673e-07
7.327000000000000000e+03 3.098810096191219246e-07
7.328000000000000000e+03 3.191332263068523781e-07
7.329000000000000000e+03 3.285549266310683341e-07
7.330000000000000000e+03 3.381296469266710484e-07
7.331000000000000000e+03 3.478367250544379090e-07
7.332000000000000000e+03 3.576512380412790065e-07
7.333000000000000000e+03 3.675438932162831475e-07
7.334000000000000000e+03 3.774809967692389821e-07
7.335000000000000000e+03 3.874243814287614286e-07
7.336000000000000000e+03 3.973314738855909141e-07
7.337000000000000000e+03 4.071554546016125899e-07
7.338000000000000000e+03 4.168453777181643380e-07
7.339000000000000000e+03 4.263462861122509007e-07
7.340000000000000000e+03 4.355995092250444005e-07
7.341000000000000000e+03 4.445431111688887790e-07
7.342000000000000000e+03 4.531121781477995449e-07
7.343000000000000000e+03 4.612391456735725524e-07
7.344000000000000000e+03 4.688543957382548860e-07
7.345000000000000000e+03 4.758867566130081134e-07
7.346000000000000000e+03 4.822640001960144186e-07
7.347000000000000000e+03 4.879134291903793674e-07
7.348000000000000000e+03 4.927625777284204396e-07
7.349000000000000000e+03 4.967397810950589470e-07
7.350000000000000000e+03 4.997748440678289989e-07
7.351000000000000000e+03 5.017997848148984933e-07
7.352000000000000000e+03 5.027494514296894304e-07
7.353000000000000000e+03 5.025622586328144570e-07
7.354000000000000000e+03 5.011808528133061720e-07
7.355000000000000000e+03 4.985526603795119358e-07
7.356000000000000000e+03 4.946305956302584925e-07
7.357000000000000000e+03 4.893735756848593760e-07
7.358000000000000000e+03 4.827470851476536903e-07
7.359000000000000000e+03 4.747236613103896624e-07
7.360000000000000000e+03 4.652833787143691311e-07
7.361000000000000000e+03 4.544142474747018850e-07
7.362000000000000000e+03 4.421125820999815743e-07
7.363000000000000000e+03 4.283830924570041542e-07
7.364000000000000000e+03 4.132391542205714706e-07
7.365000000000000000e+03 3.967029656371940416e-07
7.366000000000000000e+03 3.788055674314304629e-07
7.367000000000000000e+03 3.595869144596335166e-07
7.368000000000000000e+03 3.390957687561413489e-07
7.369000000000000000e+03 3.173895519273386828e-07
7.370000000000000000e+03 2.945340806609821682e-07
7.371000000000000000e+03 2.706032431261455059e-07
7.372000000000000000e+03 2.456787052134324779e-07
7.373000000000000000e+03 2.198494496413067626e-07
7.374000000000000000e+03 1.932113200463602489e-07
7.375000000000000000e+03 1.658664225457081826e-07
7.376000000000000000e+03 1.379225733333569597e-07
7.377000000000000000e+03 1.094925910748850034e-07
7.378000000000000000e+03 8.069367090386519377e-08
7.379000000000000000e+03 5.164659047190466094e-08
7.380000000000000000e+03 2.247511338653985982e-08
7.381000000000000000e+03 -6.694869435508049087e-09
7.382000000000000000e+03 -3.573602459814652754e-08
7.383000000000000000e+03 -6.452034266617154202e-08
7.384000000000000000e+03 -9.292004130622058598e-08
7.385000000000000000e+03 -1.208083336183320356e-07
7.386000000000000000e+03 -1.480601941121824524e-07
7.387000000000000000e+03 -1.745529875233786080e-07
7.388000000000000000e+03 -2.001672598579102084e-07
7.389000000000000000e+03 -2.247873992380331240e-07
7.390000000000000000e+03 -2.483023136156773784e-07
7.391000000000000000e+03 -2.706060012574039010e-07
7.392000000000000000e+03 -2.915981277403740547e-07
7.393000000000000000e+03 -3.111845284668447222e-07
7.394000000000000000e+03 -3.292776192362330287e-07
7.395000000000000000e+03 -3.457969106386569664e-07
7.396000000000000000e+03 -3.606692911647627663e-07
7.397000000000000000e+03 -3.738293729971040556e-07
7.398000000000000000e+03 -3.852197485169339806e-07
7.399000000000000000e+03 -3.947911944490952211e-07
7.400000000000000000e+03 -4.025028587257425959e-07
7.401000000000000000e+03 -4.083222461803249905e-07
7.402000000000000000e+03 -4.122253367341730614e-07
7.403000000000000000e+03 -4.141966508148260686e-07
7.404000000000000000e+03 -4.142293261111635065e-07
7.405000000000000000e+03 -4.123248843800626353e-07
7.406000000000000000e+03 -4.084933452330695175e-07
7.407000000000000000e+03 -4.027530923002979253e-07
7.408000000000000000e+03 -3.951306592978952143e-07
7.409000000000000000e+03 -3.856605350777287284e-07
7.410000000000000000e+03 -3.743849795103153314e-07
7.411000000000000000e+03 -3.613536154270128410e-07
7.412000000000000000e+03 -3.466231019057698005e-07
7.413000000000000000e+03 -3.302568130158381666e-07
7.414000000000000000e+03 -3.123243763584067174e-07
7.415000000000000000e+03 -2.929009959119474796e-07
7.416000000000000000e+03 -2.720668649878965711e-07
7.417000000000000000e+03 -2.499065779386295713e-07
7.418000000000000000e+03 -2.265085726873752995e-07
7.419000000000000000e+03 -2.019643755970209604e-07
7.420000000000000000e+03 -1.763680588935490917e-07
7.421000000000000000e+03 -1.498156061580799290e-07
7.422000000000000000e+03 -1.224043101230379164e-07
7.423000000000000000e+03 -9.423220952842462440e-08
7.424000000000000000e+03 -6.539773534623733592e-08
7.425000000000000000e+03 -3.599931077665449159e-08
7.426000000000000000e+03 -6.134903944581896676e-09
7.427000000000000000e+03 2.409805159132349248e-08
7.428000000000000000e+03 5.460291872251983488e-08
7.429000000000000000e+03 8.528387980471411815e-08
7.430000000000000000e+03 1.160460244252587278e-07
7.431000000000000000e+03 1.467953523602350309e-07
7.432000000000000000e+03 1.774387615729980273e-07
7.433000000000000000e+03 2.078841185796307488e-07
7.434000000000000000e+03 2.380402570027284902e-07
7.435000000000000000e+03 2.678169723620222518e-07
7.436000000000000000e+03 2.971250917278439183e-07
7.437000000000000000e+03 3.258765119564733627e-07
7.438000000000000000e+03 3.539841830279357064e-07
7.439000000000000000e+03 3.813623404835243505e-07
7.440000000000000000e+03 4.079265825284851537e-07
7.441000000000000000e+03 4.335939705639293454e-07
7.442000000000000000e+03 4.582831852746958662e-07
7.443000000000000000e+03 4.819147529501316119e-07
7.444000000000000000e+03 5.044112054620216173e-07
7.445000000000000000e+03 5.256972942328867657e-07
7.446000000000000000e+03 5.457001485487759477e-07
7.447000000000000000e+03 5.643494708514354316e-07
7.448000000000000000e+03 5.815778269140117589e-07
7.449000000000000000e+03 5.973207454031276035e-07
7.450000000000000000e+03 6.115170349198308234e-07
7.451000000000000000e+03 6.241088758031607601e-07
7.452000000000000000e+03 6.350421483689390279e-07
7.453000000000000000e+03 6.442666227930513918e-07
7.454000000000000000e+03 6.517361359592616829e-07
7.455000000000000000e+03 6.574087792146163640e-07
7.456000000000000000e+03 6.612471279550000838e-07
7.457000000000000000e+03 6.632184162608422644e-07
7.458000000000000000e+03 6.632947333480420484e-07
7.459000000000000000e+03 6.614532900100660405e-07
7.460000000000000000e+03 6.576765633771682832e-07
7.461000000000000000e+03 6.519524349795252052e-07
7.462000000000000000e+03 6.442744526972393935e-07
7.463000000000000000e+03 6.346420018892713335e-07
7.464000000000000000e+03 6.230604702458699274e-07
7.465000000000000000e+03 6.095413195547642397e-07
7.466000000000000000e+03 5.941022534296184721e-07
7.467000000000000000e+03 5.767672677762200215e-07
7.468000000000000000e+03 5.575667582724465342e-07
7.469000000000000000e+03 5.365375213587840116e-07
7.470000000000000000e+03 5.137228325862377230e-07
7.471000000000000000e+03 4.891722380990070318e-07
7.472000000000000000e+03 4.629415867429664505e-07
7.473000000000000000e+03 4.350928700834412639e-07
7.474000000000000000e+03 4.056940575199410380e-07
7.475000000000000000e+03 3.748189319010203431e-07
7.476000000000000000e+03 3.425467187988135978e-07
7.477000000000000000e+03 3.089618438848302543e-07
7.478000000000000000e+03 2.741535613060012435e-07
7.479000000000000000e+03 2.382155919745741317e-07
7.480000000000000000e+03 2.012456679549919921e-07
7.481000000000000000e+03 1.633451366804415528e-07
7.482000000000000000e+03 1.246183875898586953e-07
7.483000000000000000e+03 8.517233543781092309e-08
7.484000000000000000e+03 4.511585149919840485e-08
7.485000000000000000e+03 4.559232001296975359e-09
7.486000000000000000e+03 -3.638631133574166761e-08
7.487000000000000000e+03 -7.760930637828876750e-08
7.488000000000000000e+03 -1.189985103373497062e-07
7.489000000000000000e+03 -1.604434350160672017e-07
7.490000000000000000e+03 -2.018349023441398736e-07
7.491000000000000000e+03 -2.430655573229857812e-07
7.492000000000000000e+03 -2.840302722279222363e-07
7.493000000000000000e+03 -3.246265772032822295e-07
7.494000000000000000e+03 -3.647550768453558457e-07
7.495000000000000000e+03 -4.043198063544182731e-07
7.496000000000000000e+03 -4.432286754140625704e-07
7.497000000000000000e+03 -4.813936696017512305e-07
7.498000000000000000e+03 -5.187309932114234362e-07
7.499000000000000000e+03 -5.551613943927414676e-07
7.500000000000000000e+03 -5.906102454160755088e-07
7.501000000000000000e+03 -6.250077312938117322e-07
7.502000000000000000e+03 -6.582888666609560774e-07
7.503000000000000000e+03 -6.903934869866188646e-07
7.504000000000000000e+03 -7.212663319902672023e-07
7.505000000000000000e+03 -7.508569463278363474e-07
7.506000000000000000e+03 -7.791195052543799906e-07
7.507000000000000000e+03 -8.060127247545316394e-07
7.508000000000000000e+03 -8.314997812409101999e-07
7.509000000000000000e+03 -8.555480711815702987e-07
7.510000000000000000e+03 -8.781289582750566063e-07
7.511000000000000000e+03 -8.992174236074965796e-07
7.512000000000000000e+03 -9.187920181033969398e-07
7.513000000000000000e+03 -9.368346284525782913e-07
7.514000000000000000e+03 -9.533300961203905447e-07
7.515000000000000000e+03 -9.682660157251669003e-07
7.516000000000000000e+03 -9.816325391607277126e-07
7.517000000000000000e+03 -9.934223662972466426e-07
7.518000000000000000e+03 -1.003630545169201779e-06
7.519000000000000000e+03 -1.012254365685933825e-06
7.520000000000000000e+03 -1.019293362424730679e-06
7.521000000000000000e+03 -1.024749379269107011e-06
7.522000000000000000e+03 -1.028626541378078257e-06
7.523000000000000000e+03 -1.030931262781280803e-06
7.524000000000000000e+03 -1.031672279564237162e-06
7.525000000000000000e+03 -1.030860572058305372e-06
7.526000000000000000e+03 -1.028509317849184199e-06
7.527000000000000000e+03 -1.024633836170136549e-06
7.528000000000000000e+03 -1.019251506122263682e-06
7.529000000000000000e+03 -1.012381622262634077e-06
7.530000000000000000e+03 -1.004045195416734050e-06
7.531000000000000000e+03 -9.942648116862757212e-07
7.532000000000000000e+03 -9.830645090459727803e-07
7.533000000000000000e+03 -9.704695563352854568e-07
7.534000000000000000e+03 -9.565063087888406003e-07
7.535000000000000000e+03 -9.412019825714301054e-07
7.536000000000000000e+03 -9.245846231391121643e-07
7.537000000000000000e+03 -9.066830680100315454e-07
7.538000000000000000e+03 -8.875267983809301838e-07
7.539000000000000000e+03 -8.671459161910892973e-07
7.540000000000000000e+03 -8.455710273628502141e-07
7.541000000000000000e+03 -8.228333393473387830e-07
7.542000000000000000e+03 -7.989646530340806814e-07
7.543000000000000000e+03 -7.739973830029714497e-07
7.544000000000000000e+03 -7.479646294451038415e-07
7.545000000000000000e+03 -7.209002904971735552e-07
7.546000000000000000e+03 -6.928392105905864120e-07
7.547000000000000000e+03 -6.638173714789693021e-07
7.548000000000000000e+03 -6.338719541334538443e-07
7.549000000000000000e+03 -6.030416006405897488e-07
7.550000000000000000e+03 -5.713665009103923581e-07
7.551000000000000000e+03 -5.388886469093139450e-07
7.552000000000000000e+03 -5.056518627164808802e-07
7.553000000000000000e+03 -4.717019590128813935e-07
7.554000000000000000e+03 -4.370868051727409436e-07
7.555000000000000000e+03 -4.018564296685508660e-07
7.556000000000000000e+03 -3.660629707978324139e-07
7.557000000000000000e+03 -3.297606214463239331e-07
7.558000000000000000e+03 -2.930056789171319050e-07
7.559000000000000000e+03 -2.558563747638100990e-07
7.560000000000000000e+03 -2.183725269190017572e-07
7.561000000000000000e+03 -1.806154727730666401e-07
7.562000000000000000e+03 -1.426478590038986670e-07
7.563000000000000000e+03 -1.045333676080239879e-07
7.564000000000000000e+03 -6.633651664994862809e-08
7.565000000000000000e+03 -2.812238827077395367e-08
7.566000000000000000e+03 1.004362935812447263e-08
7.567000000000000000e+03 4.809612823877792984e-08
7.568000000000000000e+03 8.596997004803992879e-08
7.569000000000000000e+03 1.236003956084620398e-07
7.570000000000000000e+03 1.609232574937081057e-07
7.571000000000000000e+03 1.978751153320565926e-07
7.572000000000000000e+03 2.343934549075728328e-07
7.573000000000000000e+03 2.704168625564628022e-07
7.574000000000000000e+03 3.058849575618723889e-07
7.575000000000000000e+03 3.407384905053355096e-07
7.576000000000000000e+03 3.749194555974676130e-07
7.577000000000000000e+03 4.083710235985558869e-07
7.578000000000000000e+03 4.410374673671141979e-07
7.579000000000000000e+03 4.728640360796079579e-07
7.580000000000000000e+03 5.037968838461888463e-07
7.581000000000000000e+03 5.337830838371779499e-07
7.582000000000000000e+03 5.627705448730917215e-07
7.583000000000000000e+03 5.907079984903003800e-07
7.584000000000000000e+03 6.175449682205201359e-07
7.585000000000000000e+03 6.432318302773923757e-07
7.586000000000000000e+03 6.677196961882408520e-07
7.587000000000000000e+03 6.909605467640728032e-07
7.588000000000000000e+03 7.129072992608789398e-07
7.589000000000000000e+03 7.335138820033145541e-07
7.590000000000000000e+03 7.527354953827424441e-07
7.591000000000000000e+03 7.705286781842079877e-07
7.592000000000000000e+03 7.868515224844371449e-07
7.593000000000000000e+03 8.016640754584214360e-07
7.594000000000000000e+03 8.149283905021682359e-07
7.595000000000000000e+03 8.266088585389322316e-07
7.596000000000000000e+03 8.366724440846244795e-07
7.597000000000000000e+03 8.450889256996958248e-07
7.598000000000000000e+03 8.518312055855206854e-07
7.599000000000000000e+03 8.568755422265127127e-07
7.600000000000000000e+03 8.602018200762743353e-07
7.601000000000000000e+03 8.617937148508669516e-07
7.602000000000000000e+03 8.616389508498777945e-07
7.603000000000000000e+03 8.597295207066679831e-07
7.604000000000000000e+03 8.560617169665160319e-07
7.605000000000000000e+03 8.506364453157831148e-07
7.606000000000000000e+03 8.434591989698116032e-07
7.607000000000000000e+03 8.345403741491820240e-07
7.608000000000000000e+03 8.238952889155507320e-07
7.609000000000000000e+03 8.115444044597934263e-07
7.610000000000000000e+03 7.975133623732627157e-07
7.611000000000000000e+03 7.818330023691520373e-07
7.612000000000000000e+03 7.645395311245617883e-07
7.613000000000000000e+03 7.456746038139313242e-07
7.614000000000000000e+03 7.252853305044431712e-07
7.615000000000000000e+03 7.034243148996729880e-07
7.616000000000000000e+03 6.801497500919883128e-07
7.617000000000000000e+03 6.555252945906687606e-07
7.618000000000000000e+03 6.296199917446082042e-07
7.619000000000000000e+03 6.025081762757229498e-07
7.620000000000000000e+03 5.742693266291841830e-07
7.621000000000000000e+03 5.449879260088416532e-07
7.622000000000000000e+03 5.147530889167438699e-07
7.623000000000000000e+03 4.836582682006590826e-07
7.624000000000000000e+03 4.518010703089794338e-07
7.625000000000000000e+03 4.192829167156887059e-07
7.626000000000000000e+03 3.862085196177372007e-07
7.627000000000000000e+03 3.526855489638825326e-07
7.628000000000000000e+03 3.188242873784562586e-07
7.629000000000000000e+03 2.847371217030046092e-07
7.630000000000000000e+03 2.505380760287069269e-07
7.631000000000000000e+03 2.163422473848825749e-07
7.632000000000000000e+03 1.822652939835570050e-07
7.633000000000000000e+03 1.484228229703925438e-07
7.634000000000000000e+03 1.149297191775801105e-07
7.635000000000000000e+03 8.189944171649240765e-08
7.636000000000000000e+03 4.944351283661299859e-08
7.637000000000000000e+03 1.767092370644885263e-08
7.638000000000000000e+03 -1.331268811034704975e-08
7.639000000000000000e+03 -4.340562795244336056e-08
7.640000000000000000e+03 -7.251084350722984443e-08
7.641000000000000000e+03 -1.005364961639114437e-07
7.642000000000000000e+03 -1.273965803950665934e-07
7.643000000000000000e+03 -1.530114071253807684e-07
7.644000000000000000e+03 -1.773082215144194899e-07
7.645000000000000000e+03 -2.002216077406712665e-07
7.646000000000000000e+03 -2.216938691419736550e-07
7.647000000000000000e+03 -2.416753079580193571e-07
7.648000000000000000e+03 -2.601243913944718952e-07
7.649000000000000000e+03 -2.770079852212275488e-07
7.650000000000000000e+03 -2.923014623909784438e-07
7.651000000000000000e+03 -3.059885787905853273e-07
7.652000000000000000e+03 -3.180614308179306718e-07
7.653000000000000000e+03 -3.285203363712131230e-07
7.654000000000000000e+03 -3.373735796240885506e-07
7.655000000000000000e+03 -3.446370477927342469e-07
7.656000000000000000e+03 -3.503339971690181004e-07
7.657000000000000000e+03 -3.544946830808732637e-07
7.658000000000000000e+03 -3.571560547515946575e-07
7.659000000000000000e+03 -3.583613057526905862e-07
7.660000000000000000e+03 -3.581595743100304324e-07
7.661000000000000000e+03 -3.566054336623934414e-07
7.662000000000000000e+03 -3.537584332334893363e-07
7.663000000000000000e+03 -3.496827249420281952e-07
7.664000000000000000e+03 -3.444467109961902288e-07
7.665000000000000000e+03 -3.381226470911211372e-07
7.666000000000000000e+03 -3.307862227546408362e-07
7.667000000000000000e+03 -3.225161985769484232e-07
7.668000000000000000e+03 -3.133939155352440267e-07
7.669000000000000000e+03 -3.035028012750844655e-07
7.670000000000000000e+03 -2.929280318235336800e-07
7.671000000000000000e+03 -2.817560148023440677e-07
7.672000000000000000e+03 -2.700740165009890637e-07
7.673000000000000000e+03 -2.579695091371366910e-07
7.674000000000000000e+03 -2.455296029873997941e-07
7.675000000000000000e+03 -2.328405560786019751e-07
7.676000000000000000e+03 -2.199871171372197319e-07
7.677000000000000000e+03 -2.070521319257498818e-07
7.678000000000000000e+03 -1.941160000814234666e-07
7.679000000000000000e+03 -1.812561094651150196e-07
7.680000000000000000e+03 -1.685464658984816212e-07
7.681000000000000000e+03 -1.560572729101297680e-07
7.682000000000000000e+03 -1.438546391261932986e-07
7.683000000000000000e+03 -1.320003240768692738e-07
7.684000000000000000e+03 -1.205515529405344221e-07
7.685000000000000000e+03 -1.095609237011490941e-07
7.686000000000000000e+03 -9.907630341019191137e-08
7.687000000000000000e+03 -8.914095948434069273e-08
7.688000000000000000e+03 -7.979345831519733021e-08
7.689000000000000000e+03 -7.106777492167502475e-08
7.690000000000000000e+03 -6.299337987009422529e-08
7.691000000000000000e+03 -5.559526788031478910e-08
7.692000000000000000e+03 -4.889402231406800603e-08
7.693000000000000000e+03 -4.290582461348163533e-08
7.694000000000000000e+03 -3.764255329871256272e-08
7.695000000000000000e+03 -3.311186415505954734e-08
7.696000000000000000e+03 -2.931721357273634439e-08
7.697000000000000000e+03 -2.625788751489810002e-08
7.698000000000000000e+03 -2.392909667722080726e-08
7.699000000000000000e+03 -2.232204288973874021e-08
7.700000000000000000e+03 -2.142368664915371880e-08
7.701000000000000000e+03 -2.121707146672717797e-08
7.702000000000000000e+03 -2.168133411959560730e-08
7.703000000000000000e+03 -2.279181474614932160e-08
7.704000000000000000e+03 -2.452006898315653414e-08
7.705000000000000000e+03 -2.683393440713916711e-08
7.706000000000000000e+03 -2.969761269349629203e-08
7.707000000000000000e+03 -3.307178275022840046e-08
7.708000000000000000e+03 -3.691373651810530203e-08
7.709000000000000000e+03 -4.117735524838272656e-08
7.710000000000000000e+03 -4.581323631300166017e-08
7.711000000000000000e+03 -5.076896856150230236e-08
7.712000000000000000e+03 -5.598911549920019050e-08
7.713000000000000000e+03 -6.141549655396025919e-08
7.714000000000000000e+03 -6.698735201981340686e-08
7.715000000000000000e+03 -7.264164556326595696e-08
7.716000000000000000e+03 -7.831335694574664556e-08
7.717000000000000000e+03 -8.393570839895833246e-08
7.718000000000000000e+03 -8.944049815936529719e-08
7.719000000000000000e+03 -9.475834588611241503e-08
7.720000000000000000e+03 -9.981916697416448824e-08
7.721000000000000000e+03 -1.045525075670067086e-07
7.722000000000000000e+03 -1.088878047285080959e-07
7.723000000000000000e+03 -1.127548116802859441e-07
7.724000000000000000e+03 -1.160839368955289735e-07
7.725000000000000000e+03 -1.188067098468601819e-07
7.726000000000000000e+03 -1.208562428856352940e-07
7.727000000000000000e+03 -1.221676071821554573e-07
7.728000000000000000e+03 -1.226782843500143488e-07
7.729000000000000000e+03 -1.223287297368526809e-07
7.730000000000000000e+03 -1.210628049137113881e-07
7.731000000000000000e+03 -1.188284440348348450e-07
7.732000000000000000e+03 -1.155781188658741849e-07
7.733000000000000000e+03 -1.112693024862107411e-07
7.734000000000000000e+03 -1.058651241580303168e-07
7.735000000000000000e+03 -9.933480777322551093e-08
7.736000000000000000e+03 -9.165415213981020295e-08
7.737000000000000000e+03 -8.280611261047141830e-08
7.738000000000000000e+03 -7.278109767355738640e-08
7.739000000000000000e+03 -6.157739358579310266e-08
7.740000000000000000e+03 -4.920137791648585983e-08
7.741000000000000000e+03 -3.566772458579179032e-08
7.742000000000000000e+03 -2.099943582993936379e-08
7.743000000000000000e+03 -5.228074002913896068e-09
7.744000000000000000e+03 1.160635869846598365e-08
7.745000000000000000e+03 2.945557117013719648e-08
7.746000000000000000e+03 4.826322895617318883e-08
7.747000000000000000e+03 6.796533708596398913e-08
7.748000000000000000e+03 8.849051578377282991e-08
7.749000000000000000e+03 1.097604862666683661e-07
7.750000000000000000e+03 1.316905563236049821e-07
7.751000000000000000e+03 1.541902355731501494e-07
7.752000000000000000e+03 1.771639428759174710e-07
7.753000000000000000e+03 2.005117668588987280e-07
7.754000000000000000e+03 2.241300792865560946e-07
7.755000000000000000e+03 2.479123551996410805e-07
7.756000000000000000e+03 2.717498079506513574e-07
7.757000000000000000e+03 2.955322351902260847e-07
7.758000000000000000e+03 3.191487596075709036e-07
7.759000000000000000e+03 3.424885145307032002e-07
7.760000000000000000e+03 3.654412525855768099e-07
7.761000000000000000e+03 3.878980545070710934e-07
7.762000000000000000e+03 4.097518939568788377e-07
7.763000000000000000e+03 4.308981783367413185e-07
7.764000000000000000e+03 4.512352818067320631e-07
7.765000000000000000e+03 4.706650295098884619e-07
7.766000000000000000e+03 4.890930701604368944e-07
7.767000000000000000e+03 5.064293938035681242e-07
7.768000000000000000e+03 5.225886164309506487e-07
7.769000000000000000e+03 5.374902461846849691e-07
7.770000000000000000e+03 5.510589967398349159e-07
7.771000000000000000e+03 5.632250897984901453e-07
7.772000000000000000e+03 5.739245670302035968e-07
7.773000000000000000e+03 5.830995004688023089e-07
7.774000000000000000e+03 5.906982475369810988e-07
7.775000000000000000e+03 5.966757589247379344e-07
7.776000000000000000e+03 6.009938663416967224e-07
7.777000000000000000e+03 6.036214583601634347e-07
7.778000000000000000e+03 6.045347541821043157e-07
7.779000000000000000e+03 6.037174341792382777e-07
7.780000000000000000e+03 6.011608077939034213e-07
7.781000000000000000e+03 5.968639059425621599e-07
7.782000000000000000e+03 5.908334513441825494e-07
7.783000000000000000e+03 5.830838063869930412e-07
7.784000000000000000e+03 5.736368282312997913e-07
7.785000000000000000e+03 5.625215769381567881e-07
7.786000000000000000e+03 5.497740831835698473e-07
7.787000000000000000e+03 5.354369639205446375e-07
7.788000000000000000e+03 5.195590612216995549e-07
7.789000000000000000e+03 5.021951390884474775e-07
7.790000000000000000e+03 4.834054819917445866e-07
7.791000000000000000e+03 4.632553947914021009e-07
7.792000000000000000e+03 4.418149720305586660e-07
7.793000000000000000e+03 4.191587679477837874e-07
7.794000000000000000e+03 3.953654525465418604e-07
7.795000000000000000e+03 3.705174145222769697e-07
7.796000000000000000e+03 3.447005872302995975e-07
7.797000000000000000e+03 3.180041124321445655e-07
7.798000000000000000e+03 2.905200193470300863e-07
7.799000000000000000e+03 2.623429942848122478e-07
7.800000000000000000e+03 2.335700972469559506e-07
7.801000000000000000e+03 2.043005598682161949e-07
7.802000000000000000e+03 1.746354394100894722e-07
7.803000000000000000e+03 1.446774452675679063e-07
7.804000000000000000e+03 1.145305962323378141e-07
7.805000000000000000e+03 8.430001616750370242e-08
7.806000000000000000e+03 5.409166094559212907e-08
7.807000000000000000e+03 2.401204741952689085e-08
7.808000000000000000e+03 -5.831940474078802216e-09
7.809000000000000000e+03 -3.533338545828156761e-08
7.810000000000000000e+03 -6.438559810692332726e-08
7.811000000000000000e+03 -9.288243344203046307e-08
7.812000000000000000e+03 -1.207185405043255438e-07
7.813000000000000000e+03 -1.477897389490975101e-07
7.814000000000000000e+03 -1.739933536444636399e-07
7.815000000000000000e+03 -1.992284968808987687e-07
7.816000000000000000e+03 -2.233966015554135131e-07
7.817000000000000000e+03 -2.464017750537156162e-07
7.818000000000000000e+03 -2.681513166548234218e-07
7.819000000000000000e+03 -2.885562395006450174e-07
7.820000000000000000e+03 -3.075315706282644333e-07
7.821000000000000000e+03 -3.249968847240568240e-07
7.822000000000000000e+03 -3.408767777324436045e-07
7.823000000000000000e+03 -3.551014634917460461e-07
7.824000000000000000e+03 -3.676069979497354868e-07
7.825000000000000000e+03 -3.783357028516441530e-07
7.826000000000000000e+03 -3.872366213894330757e-07
7.827000000000000000e+03 -3.942659149428387765e-07
7.828000000000000000e+03 -3.993869598631852948e-07
7.829000000000000000e+03 -4.025706908433355418e-07
7.830000000000000000e+03 -4.037957350837783245e-07
7.831000000000000000e+03 -4.030485905924548853e-07
7.832000000000000000e+03 -4.003237031282714533e-07
7.833000000000000000e+03 -3.956236544566561199e-07
7.834000000000000000e+03 -3.889590977532732989e-07
7.835000000000000000e+03 -3.803487411142576773e-07
7.836000000000000000e+03 -3.698194276034290756e-07
7.837000000000000000e+03 -3.574061146731487904e-07
7.838000000000000000e+03 -3.431518447288774803e-07
7.839000000000000000e+03 -3.271075927926340782e-07
7.840000000000000000e+03 -3.093323700791134585e-07
7.841000000000000000e+03 -2.898929959083151678e-07
7.842000000000000000e+03 -2.688640458106322315e-07
7.843000000000000000e+03 -2.463275777015847986e-07
7.844000000000000000e+03 -2.223729689257263234e-07
7.845000000000000000e+03 -1.970967204154065812e-07
7.846000000000000000e+03 -1.706020672050325962e-07
7.847000000000000000e+03 -1.429987496776693562e-07
7.848000000000000000e+03 -1.144025615184723125e-07
7.849000000000000000e+03 -8.493494069482379340e-08
7.850000000000000000e+03 -5.472253604567252346e-08
7.851000000000000000e+03 -2.389676604859621946e-08
7.852000000000000000e+03 7.406762807600872728e-09
7.853000000000000000e+03 3.904893737016897962e-08
7.854000000000000000e+03 7.088769719254442458e-08
7.855000000000000000e+03 1.027786608204141900e-07
7.856000000000000000e+03 1.345758949327611910e-07
7.857000000000000000e+03 1.661325802830797952e-07
7.858000000000000000e+03 1.973016852162082544e-07
7.859000000000000000e+03 2.279366737376256354e-07
7.860000000000000000e+03 2.578923033369980714e-07
7.861000000000000000e+03 2.870254138940072044e-07
7.862000000000000000e+03 3.151955442346241550e-07
7.863000000000000000e+03 3.422657542532731315e-07
7.864000000000000000e+03 3.681030949493386133e-07
7.865000000000000000e+03 3.925794133856598451e-07
7.866000000000000000e+03 4.155718383654806929e-07
7.867000000000000000e+03 4.369633264588887925e-07
7.868000000000000000e+03 4.566433415386612732e-07
7.869000000000000000e+03 4.745082510087188677e-07
7.870000000000000000e+03 4.904616030568874249e-07
7.871000000000000000e+03 5.044145457109631638e-07
7.872000000000000000e+03 5.162861185495869247e-07
7.873000000000000000e+03 5.260034533270286782e-07
7.874000000000000000e+03 5.335018841752443516e-07
7.875000000000000000e+03 5.387250800056778212e-07
7.876000000000000000e+03 5.416252140661013028e-07
7.877000000000000000e+03 5.421628675571349181e-07
7.878000000000000000e+03 5.403071095190032327e-07
7.879000000000000000e+03 5.360353172513886126e-07
7.880000000000000000e+03 5.293332887381584077e-07
7.881000000000000000e+03 5.201952758852707925e-07
7.882000000000000000e+03 5.086239227457365390e-07
7.883000000000000000e+03 4.946301905599647237e-07
7.884000000000000000e+03 4.782334678648716645e-07
7.885000000000000000e+03 4.594616215075643932e-07
7.886000000000000000e+03 4.383509487229348935e-07
7.887000000000000000e+03 4.149461185548848185e-07
7.888000000000000000e+03 3.893001505770597110e-07
7.889000000000000000e+03 3.614743603501371164e-07
7.890000000000000000e+03 3.315382676150707806e-07
7.891000000000000000e+03 2.995693828574664972e-07
7.892000000000000000e+03 2.656530674440830239e-07
7.893000000000000000e+03 2.298824487404967205e-07
7.894000000000000000e+03 1.923580856426670300e-07
7.895000000000000000e+03 1.531877491352327782e-07
7.896000000000000000e+03 1.124862230059226997e-07
7.897000000000000000e+03 7.037500244783461799e-08
7.898000000000000000e+03 2.698196337713597803e-08
7.899000000000000000e+03 -1.755909375945012942e-08
7.900000000000000000e+03 -6.310878392607552724e-08
7.901000000000000000e+03 -1.095225239013784331e-07
7.902000000000000000e+03 -1.566511218654845077e-07
7.903000000000000000e+03 -2.043413083214650661e-07
7.904000000000000000e+03 -2.524364020180468580e-07
7.905000000000000000e+03 -3.007769822341570518e-07
7.906000000000000000e+03 -3.492017261551963853e-07
7.907000000000000000e+03 -3.975481609286180544e-07
7.908000000000000000e+03 -4.456533990116766322e-07
7.909000000000000000e+03 -4.933551294434069027e-07
7.910000000000000000e+03 -5.404923889017419299e-07
7.911000000000000000e+03 -5.869063660538153438e-07
7.912000000000000000e+03 -6.324412034069687721e-07
7.913000000000000000e+03 -6.769448696968193360e-07
7.914000000000000000e+03 -7.202699063506531180e-07
7.915000000000000000e+03 -7.622742880797735625e-07
7.916000000000000000e+03 -8.028220906722483830e-07
7.917000000000000000e+03 -8.417841602711387011e-07
7.918000000000000000e+03 -8.790388218382659180e-07
7.919000000000000000e+03 -9.144724394193361167e-07
7.920000000000000000e+03 -9.479800227713882691e-07
7.921000000000000000e+03 -9.794656877513585047e-07
7.922000000000000000e+03 -1.008843165444341380e-06
7.923000000000000000e+03 -1.036036293432470622e-06
7.924000000000000000e+03 -1.060979278634288648e-06
7.925000000000000000e+03 -1.083616729826211293e-06
7.926000000000000000e+03 -1.103904092796408487e-06
7.927000000000000000e+03 -1.121807713188786201e-06
7.928000000000000000e+03 -1.137304767793155862e-06
7.929000000000000000e+03 -1.150383195160757064e-06
7.930000000000000000e+03 -1.161041592090554470e-06
7.931000000000000000e+03 -1.169288988464654368e-06
7.932000000000000000e+03 -1.175144545880699856e-06
7.933000000000000000e+03 -1.178637255523511221e-06
7.934000000000000000e+03 -1.179805585435671555e-06
7.935000000000000000e+03 -1.178697044508689564e-06
7.936000000000000000e+03 -1.175367647466036320e-06
7.937000000000000000e+03 -1.169881270860342209e-06
7.938000000000000000e+03 -1.162309122675639987e-06
7.939000000000000000e+03 -1.152729030004716757e-06
7.940000000000000000e+03 -1.141224626002844280e-06
7.941000000000000000e+03 -1.127884606523186302e-06
7.942000000000000000e+03 -1.112801849388040612e-06
7.943000000000000000e+03 -1.096072433092991332e-06
7.944000000000000000e+03 -1.077794748481951460e-06
7.945000000000000000e+03 -1.058068578025231021e-06
7.946000000000000000e+03 -1.036994075310179001e-06
7.947000000000000000e+03 -1.014670827045258613e-06
7.948000000000000000e+03 -9.911968485942422469e-07
7.949000000000000000e+03 -9.666677964352146987e-07
7.950000000000000000e+03 -9.411761854601932047e-07
7.951000000000000000e+03 -9.148105250785223588e-07
7.952000000000000000e+03 -8.876546381048876402e-07
7.953000000000000000e+03 -8.597871713283572517e-07
7.954000000000000000e+03 -8.312810261269454424e-07
7.955000000000000000e+03 -8.022030173647042850e-07
7.956000000000000000e+03 -7.726135932786787018e-07
7.957000000000000000e+03 -7.425667875847487746e-07
7.958000000000000000e+03 -7.121101511871811594e-07
7.959000000000000000e+03 -6.812848056268781618e-07
7.960000000000000000e+03 -6.501256413076240252e-07
7.961000000000000000e+03 -6.186617262260681933e-07
7.962000000000000000e+03 -5.869167597999868975e-07
7.963000000000000000e+03 -5.549096067242375062e-07
7.964000000000000000e+03 -5.226549261658209535e-07
7.965000000000000000e+03 -4.901639470267593199e-07
7.966000000000000000e+03 -4.574451520424199921e-07
7.967000000000000000e+03 -4.245052031823270682e-07
7.968000000000000000e+03 -3.913496376852502107e-07
7.969000000000000000e+03 -3.579839380130559257e-07
7.970000000000000000e+03 -3.244142305412547114e-07
7.971000000000000000e+03 -2.906480418695611247e-07
7.972000000000000000e+03 -2.566949154628744876e-07
7.973000000000000000e+03 -2.225670604494014726e-07
7.974000000000000000e+03 -1.882799296610837213e-07
7.975000000000000000e+03 -1.538526486879447162e-07
7.976000000000000000e+03 -1.193083315268881710e-07
7.977000000000000000e+03 -8.467421734204140749e-08
7.978000000000000000e+03 -4.998199603973300121e-08
7.979000000000000000e+03 -1.526781759531507687e-08
7.980000000000000000e+03 1.942762542979076090e-08
7.981000000000000000e+03 5.405935361103330039e-08
7.982000000000000000e+03 8.857824805828685217e-08
7.983000000000000000e+03 1.229314156960937414e-07
7.984000000000000000e+03 1.570622802144120609e-07
7.985000000000000000e+03 1.909111468457878964e-07
7.986000000000000000e+03 2.244156742647157669e-07
7.987000000000000000e+03 2.575113094141503718e-07
7.988000000000000000e+03 2.901319493078406719e-07
7.989000000000000000e+03 3.222104889793381649e-07
7.990000000000000000e+03 3.536794882720982932e-07
7.991000000000000000e+03 3.844717820798637256e-07
7.992000000000000000e+03 4.145208445914563989e-07
7.993000000000000000e+03 4.437613940625058158e-07
7.994000000000000000e+03 4.721298056634116764e-07
7.995000000000000000e+03 4.995644862581769941e-07
7.996000000000000000e+03 5.260063888848593309e-07
7.997000000000000000e+03 5.513992468951861801e-07
7.998000000000000000e+03 5.756898263247115555e-07
7.999000000000000000e+03 5.988280338946189747e-07
8.000000000000000000e+03 6.207671526823909294e-07
8.001000000000000000e+03 6.414639006703242328e-07
8.002000000000000000e+03 6.608784720241008817e-07
8.003000000000000000e+03 6.789745261350626902e-07
8.004000000000000000e+03 6.957192066273014475e-07
8.005000000000000000e+03 7.110830562701838234e-07
8.006000000000000000e+03 7.250399388926086926e-07
8.007000000000000000e+03 7.375669910602921725e-07
8.008000000000000000e+03 7.486444967003192864e-07
8.009000000000000000e+03 7.582558885420824262e-07
8.010000000000000000e+03 7.663876607015875476e-07
8.011000000000000000e+03 7.730292474697292701e-07
8.012000000000000000e+03 7.781727617341895199e-07
8.013000000000000000e+03 7.818131954343736164e-07
8.014000000000000000e+03 7.839480931158916762e-07
8.015000000000000000e+03 7.845774413493584049e-07
8.016000000000000000e+03 7.837035524285209334e-07
8.017000000000000000e+03 7.813311064354995655e-07
8.018000000000000000e+03 7.774671053763414698e-07
8.019000000000000000e+03 7.721207715324155282e-07
8.020000000000000000e+03 7.653036280355216325e-07
8.021000000000000000e+03 7.570294951768661615e-07
8.022000000000000000e+03 7.473145531110276874e-07
8.023000000000000000e+03 7.361774135242071490e-07
8.024000000000000000e+03 7.236392247809846309e-07
8.025000000000000000e+03 7.097237066852098192e-07
8.026000000000000000e+03 6.944572029442088559e-07
8.027000000000000000e+03 6.778688358658008981e-07
8.028000000000000000e+03 6.599905581358871482e-07
8.029000000000000000e+03 6.408574584535819341e-07
8.030000000000000000e+03 6.205076627168098685e-07
8.031000000000000000e+03 5.989824737418653944e-07
8.032000000000000000e+03 5.763264547688788329e-07
8.033000000000000000e+03 5.525875025983480888e-07
8.034000000000000000e+03 5.278167516532629812e-07
8.035000000000000000e+03 5.020685972297465048e-07
8.036000000000000000e+03 4.754005222718184012e-07
8.037000000000000000e+03 4.478730979036625633e-07
8.038000000000000000e+03 4.195497280422813841e-07
8.039000000000000000e+03 3.904964403900489440e-07
8.040000000000000000e+03 3.607818164257899648e-07
8.041000000000000000e+03 3.304768177599097586e-07
8.042000000000000000e+03 2.996546462289341378e-07
8.043000000000000000e+03 2.683905945650981041e-07
8.044000000000000000e+03 2.367619290461783768e-07
8.045000000000000000e+03 2.048476693288312921e-07
8.046000000000000000e+03 1.727285481084094565e-07
8.047000000000000000e+03 1.404870697336202034e-07
8.048000000000000000e+03 1.082073213807630254e-07
8.049000000000000000e+03 7.597498381579500239e-08
8.050000000000000000e+03 4.387752886029023643e-08
8.051000000000000000e+03 1.200401990604909659e-08
8.052000000000000000e+03 -1.955492625441441400e-08
8.053000000000000000e+03 -5.070717301598145130e-08
8.054000000000000000e+03 -8.135915145267539686e-08
8.055000000000000000e+03 -1.114160950540926593e-07
8.056000000000000000e+03 -1.407821201523103492e-07
8.057000000000000000e+03 -1.693606192168855369e-07
8.058000000000000000e+03 -1.970546125492048955e-07
8.059000000000000000e+03 -2.237670566222194570e-07
8.060000000000000000e+03 -2.494012747166236081e-07
8.061000000000000000e+03 -2.738614273553813354e-07
8.062000000000000000e+03 -2.970529482078059048e-07
8.063000000000000000e+03 -3.188831741599772929e-07
8.064000000000000000e+03 -3.392616168081771314e-07
8.065000000000000000e+03 -3.581004316213911379e-07
8.066000000000000000e+03 -3.753149514731085093e-07
8.067000000000000000e+03 -3.908240785216507707e-07
8.068000000000000000e+03 -4.045507940602403226e-07
8.069000000000000000e+03 -4.164224034318881776e-07
8.070000000000000000e+03 -4.263709548161128486e-07
8.071000000000000000e+03 -4.343335967602438540e-07
8.072000000000000000e+03 -4.402529634307038556e-07
8.073000000000000000e+03 -4.440773775802572779e-07
8.074000000000000000e+03 -4.457612909161820802e-07
8.075000000000000000e+03 -4.452656459006105812e-07
8.076000000000000000e+03 -4.425580712890089163e-07
8.077000000000000000e+03 -4.376131803118011463e-07
8.078000000000000000e+03 -4.304125962286446801e-07
8.079000000000000000e+03 -4.209452363919918107e-07
8.080000000000000000e+03 -4.092074561669898779e-07
8.081000000000000000e+03 -3.952031383713168436e-07
8.082000000000000000e+03 -3.789436273136585290e-07
8.083000000000000000e+03 -3.604478609330856128e-07
8.084000000000000000e+03 -3.397422956599213150e-07
8.085000000000000000e+03 -3.168609495460728183e-07
8.086000000000000000e+03 -2.918453624160553508e-07
8.087000000000000000e+03 -2.647445598128455801e-07
8.088000000000000000e+03 -2.356150958675336159e-07
8.089000000000000000e+03 -2.045209856016683944e-07
8.090000000000000000e+03 -1.715335734634846154e-07
8.091000000000000000e+03 -1.367315174149863800e-07
8.092000000000000000e+03 -1.002006159060225763e-07
8.093000000000000000e+03 -6.203387525931922416e-08
8.094000000000000000e+03 -2.233113493096954774e-08
8.095000000000000000e+03 1.880089075758683588e-08
8.096000000000000000e+03 6.124895648310528839e-08
8.097000000000000000e+03 1.048934441066999803e-07
8.098000000000000000e+03 1.496087146950535260e-07
8.099000000000000000e+03 1.952632672956015634e-07
8.100000000000000000e+03 2.417202846110883144e-07
8.101000000000000000e+03 2.888379246660815346e-07
8.102000000000000000e+03 3.364699162005967854e-07
8.103000000000000000e+03 3.844660436025103050e-07
8.104000000000000000e+03 4.326725982364594349e-07
8.105000000000000000e+03 4.809330008707530289e-07
8.106000000000000000e+03 5.290882124819844654e-07
8.107000000000000000e+03 5.769773901071885031e-07
8.108000000000000000e+03 6.244385627930074091e-07
8.109000000000000000e+03 6.713090687972437166e-07
8.110000000000000000e+03 7.174262717066461418e-07
8.111000000000000000e+03 7.626281828028658600e-07
8.112000000000000000e+03 8.067541388023873460e-07
8.113000000000000000e+03 8.496454784473980341e-07
8.114000000000000000e+03 8.911460331179410183e-07
8.115000000000000000e+03 9.311028351613586978e-07
8.116000000000000000e+03 9.693669149120688050e-07
8.117000000000000000e+03 1.005793978587482716e-06
8.118000000000000000e+03 1.040245032323963519e-06
8.119000000000000000e+03 1.072587027141926895e-06
8.120000000000000000e+03 1.102693561877766780e-06
8.121000000000000000e+03 1.130445347906237874e-06
8.122000000000000000e+03 1.155730993498247321e-06
8.123000000000000000e+03 1.178447411539442408e-06
8.124000000000000000e+03 1.198500505278598107e-06
8.125000000000000000e+03 1.215805474032671569e-06
8.126000000000000000e+03 1.230287317047176078e-06
8.127000000000000000e+03 1.241881102569788874e-06
8.128000000000000000e+03 1.250532345041276814e-06
8.129000000000000000e+03 1.256197256652417107e-06
8.130000000000000000e+03 1.258842917638017888e-06
8.131000000000000000e+03 1.258447600463442191e-06
8.132000000000000000e+03 1.255000688522331982e-06
8.133000000000000000e+03 1.248502859116646903e-06
8.134000000000000000e+03 1.238965980992955931e-06
8.135000000000000000e+03 1.226413166068707850e-06
8.136000000000000000e+03 1.210878552856481007e-06
8.137000000000000000e+03 1.192407209610420231e-06
8.138000000000000000e+03 1.171054855071173985e-06
8.139000000000000000e+03 1.146887452740845075e-06
8.140000000000000000e+03 1.119981010437369921e-06
8.141000000000000000e+03 1.090421106557330614e-06
8.142000000000000000e+03 1.058302301757852742e-06
8.143000000000000000e+03 1.023727790592833118e-06
8.144000000000000000e+03 9.868085955441447308e-07
8.145000000000000000e+03 9.476629950183177910e-07
8.146000000000000000e+03 9.064159718173637479e-07
8.147000000000000000e+03 8.631984392995411339e-07
8.148000000000000000e+03 8.181466031008453237e-07
8.149000000000000000e+03 7.714009819688079067e-07
8.150000000000000000e+03 7.231057924371254905e-07
8.151000000000000000e+03 6.734082443410901381e-07
8.152000000000000000e+03 6.224577669385781233e-07
8.153000000000000000e+03 5.704054351562048342e-07
8.154000000000000000e+03 5.174032502550700469e-07
8.155000000000000000e+03 4.636033403991788230e-07
8.156000000000000000e+03 4.091573880970867512e-07
8.157000000000000000e+03 3.542160732306498777e-07
8.158000000000000000e+03 2.989285800784742951e-07
8.159000000000000000e+03 2.434420508810866758e-07
8.160000000000000000e+03 1.879010348986576206e-07
8.161000000000000000e+03 1.324471153691710664e-07
8.162000000000000000e+03 7.721846667269345627e-08
8.163000000000000000e+03 2.234945282088849015e-08
8.164000000000000000e+03 -3.202959361807835565e-08
8.165000000000000000e+03 -8.579257981979239495e-08
8.166000000000000000e+03 -1.388180359951418070e-07
8.167000000000000000e+03 -1.909892582076075636e-07
8.168000000000000000e+03 -2.421944460546901724e-07
8.169000000000000000e+03 -2.923269249650520959e-07
8.170000000000000000e+03 -3.412852702615766932e-07
8.171000000000000000e+03 -3.889733098800532637e-07
8.172000000000000000e+03 -4.353002394796926056e-07
8.173000000000000000e+03 -4.801807875773840833e-07
8.174000000000000000e+03 -5.235351539476774897e-07
8.175000000000000000e+03 -5.652890133711969107e-07
8.176000000000000000e+03 -6.053733765407169728e-07
8.177000000000000000e+03 -6.437246920078135314e-07
8.178000000000000000e+03 -6.802848919284103753e-07
8.179000000000000000e+03 -7.150013816020409131e-07
8.180000000000000000e+03 -7.478268533463693080e-07
8.181000000000000000e+03 -7.787194201643488379e-07
8.182000000000000000e+03 -8.076425239455772812e-07
8.183000000000000000e+03 -8.345650149951751519e-07
8.184000000000000000e+03 -8.594610962937478496e-07
8.185000000000000000e+03 -8.823102908910214433e-07
8.186000000000000000e+03 -9.030975173732631466e-07
8.187000000000000000e+03 -9.218130936893575163e-07
8.188000000000000000e+03 -9.384527458007158033e-07
8.189000000000000000e+03 -9.530177200876009227e-07
8.190000000000000000e+03 -9.655147379417567468e-07
8.191000000000000000e+03 -9.759558400499611362e-07
8.192000000000000000e+03 -9.843584541783784797e-07
8.193000000000000000e+03 -9.907451241221818508e-07
8.194000000000000000e+03 -9.951434644269981182e-07
8.195000000000000000e+03 -9.975860299486248310e-07
8.196000000000000000e+03 -9.981098991158815580e-07
8.197000000000000000e+03 -9.967565951330798044e-07
8.198000000000000000e+03 -9.935717908990202865e-07
8.199000000000000000e+03 -9.886049329964580779e-07
8.200000000000000000e+03 -9.819090304267097988e-07
8.201000000000000000e+03 -9.735401048125964798e-07
8.202000000000000000e+03 -9.635568261417692355e-07
8.203000000000000000e+03 -9.520201585828675263e-07
8.204000000000000000e+03 -9.389929569940234404e-07
8.205000000000000000e+03 -9.245395300779730172e-07
8.206000000000000000e+03 -9.087251738636099361e-07
8.207000000000000000e+03 -8.916158658690039444e-07
8.208000000000000000e+03 -8.732778458375438091e-07
8.209000000000000000e+03 -8.537771979937821027e-07
8.210000000000000000e+03 -8.331795944398714190e-07
8.211000000000000000e+03 -8.115498835232439989e-07
8.212000000000000000e+03 -7.889516613408765220e-07
8.213000000000000000e+03 -7.654471707150865153e-07
8.214000000000000000e+03 -7.410969581098533592e-07
8.215000000000000000e+03 -7.159597512598541540e-07
8.216000000000000000e+03 -6.900922816592438601e-07
8.217000000000000000e+03 -6.635489686338557693e-07
8.218000000000000000e+03 -6.363819130432608206e-07
8.219000000000000000e+03 -6.086408934283997106e-07
8.220000000000000000e+03 -5.803733004065549644e-07
8.221000000000000000e+03 -5.516241235286658595e-07
8.222000000000000000e+03 -5.224362148971815750e-07
8.223000000000000000e+03 -4.928504610192954642e-07
8.224000000000000000e+03 -4.629058945613482047e-07
8.225000000000000000e+03 -4.326400382974706327e-07
8.226000000000000000e+03 -4.020891556337107448e-07
8.227000000000000000e+03 -3.712885009115440317e-07
8.228000000000000000e+03 -3.402726569450845964e-07
8.229000000000000000e+03 -3.090758912533256203e-07
8.230000000000000000e+03 -2.777324833073621509e-07
8.231000000000000000e+03 -2.462769716362506277e-07
8.232000000000000000e+03 -2.147445947273411215e-07
8.233000000000000000e+03 -1.831715340404029134e-07
8.234000000000000000e+03 -1.515953359227484807e-07
8.235000000000000000e+03 -1.200551070032283765e-07
8.236000000000000000e+03 -8.859170170073507504e-08
8.237000000000000000e+03 -5.724816942318095770e-08
8.238000000000000000e+03 -2.606988325736467141e-08
8.239000000000000000e+03 4.895106937858523363e-09
8.240000000000000000e+03 3.559595772916013292e-08
8.241000000000000000e+03 6.597887316306496027e-08
8.242000000000000000e+03 9.598663577304038146e-08
8.243000000000000000e+03 1.255586567622230479e-07
8.244000000000000000e+03 1.546309351794424534e-07
8.245000000000000000e+03 1.831359876747749392e-07
8.246000000000000000e+03 2.110028077570699898e-07
8.247000000000000000e+03 2.381570801700886946e-07
8.248000000000000000e+03 2.645211970780823988e-07
8.249000000000000000e+03 2.900145765683634656e-07
8.250000000000000000e+03 3.145539050033462020e-07
8.251000000000000000e+03 3.380534626749310441e-07
8.252000000000000000e+03 3.604253882773659722e-07
8.253000000000000000e+03 3.815802354351734056e-07
8.254000000000000000e+03 4.014273785681083660e-07
8.255000000000000000e+03 4.198753633806731626e-07
8.256000000000000000e+03 4.368323631887200757e-07
8.257000000000000000e+03 4.522069184444315048e-07
8.258000000000000000e+03 4.659083088704727553e-07
8.259000000000000000e+03 4.778472463142207118e-07
8.260000000000000000e+03 4.879365557382868977e-07
8.261000000000000000e+03 4.960917986353996491e-07
8.262000000000000000e+03 5.022319601649992991e-07
8.263000000000000000e+03 5.062802849119027297e-07
8.264000000000000000e+03 5.081650550435487552e-07
8.265000000000000000e+03 5.078201166903817750e-07
8.266000000000000000e+03 5.051857362312391244e-07
8.267000000000000000e+03 5.002092842996151416e-07
8.268000000000000000e+03 4.928458151178992922e-07
8.269000000000000000e+03 4.830587347845217032e-07
8.270000000000000000e+03 4.708203607085902417e-07
8.271000000000000000e+03 4.561121467049962970e-07
8.272000000000000000e+03 4.389253054131456033e-07
8.273000000000000000e+03 4.192609835249833735e-07
8.274000000000000000e+03 3.971306784218177301e-07
8.275000000000000000e+03 3.725563459610601770e-07
8.276000000000000000e+03 3.455709021786275288e-07
8.277000000000000000e+03 3.162183310243147054e-07
8.278000000000000000e+03 2.845537148377149658e-07
8.279000000000000000e+03 2.506434129101187059e-07
8.280000000000000000e+03 2.145652762268351962e-07
8.281000000000000000e+03 1.764085327447852953e-07
8.282000000000000000e+03 1.362737426696589644e-07
8.283000000000000000e+03 9.427272232934044936e-08
8.284000000000000000e+03 5.052849829148970703e-08
8.285000000000000000e+03 5.174950831199345277e-09
8.286000000000000000e+03 -4.164349200547049850e-08
8.287000000000000000e+03 -8.977203988017550746e-08
8.288000000000000000e+03 -1.390460155819779031e-07
8.289000000000000000e+03 -1.892910680682469327e-07
8.290000000000000000e+03 -2.403239877766679427e-07
8.291000000000000000e+03 -2.919532331955766173e-07
8.292000000000000000e+03 -3.439797114274072641e-07
8.293000000000000000e+03 -3.961974670944721099e-07
8.294000000000000000e+03 -4.483945483676068869e-07
8.295000000000000000e+03 -5.003539731210174133e-07
8.296000000000000000e+03 -5.518548795475107400e-07
8.297000000000000000e+03 -6.026736444334094674e-07
8.298000000000000000e+03 -6.525851632903513261e-07
8.299000000000000000e+03 -7.013641522062667651e-07
8.300000000000000000e+03 -7.487865584414544922e-07
8.301000000000000000e+03 -7.946310632690781281e-07
8.302000000000000000e+03 -8.386805673825821591e-07
8.303000000000000000e+03 -8.807237191577617446e-07
8.304000000000000000e+03 -9.205562377967171659e-07
8.305000000000000000e+03 -9.579824689794035623e-07
8.306000000000000000e+03 -9.928165767096626653e-07
8.307000000000000000e+03 -1.024883908669320344e-06
8.308000000000000000e+03 -1.054022057867810303e-06
8.309000000000000000e+03 -1.080081940317997732e-06
8.310000000000000000e+03 -1.102928808387136787e-06
8.311000000000000000e+03 -1.122443190811319724e-06
8.312000000000000000e+03 -1.138521353783928402e-06
8.313000000000000000e+03 -1.151075919790358053e-06
8.314000000000000000e+03 -1.160036446412279710e-06
8.315000000000000000e+03 -1.165349654876022019e-06
8.316000000000000000e+03 -1.166979807032982536e-06
8.317000000000000000e+03 -1.164908683845890413e-06
8.318000000000000000e+03 -1.159135734886417516e-06
8.319000000000000000e+03 -1.149677991913951171e-06
8.320000000000000000e+03 -1.136569836069345429e-06
8.321000000000000000e+03 -1.119862717679967590e-06
8.322000000000000000e+03 -1.099624893014358701e-06
8.323000000000000000e+03 -1.075940895933892737e-06
8.324000000000000000e+03 -1.048910988398428070e-06
8.325000000000000000e+03 -1.018650438902071328e-06
8.326000000000000000e+03 -9.852888085288655290e-07
8.327000000000000000e+03 -9.489691391982067753e-07
8.328000000000000000e+03 -9.098470588425159121e-07
8.329000000000000000e+03 -8.680897726931849302e-07
8.330000000000000000e+03 -8.238749680319649061e-07
8.331000000000000000e+03 -7.773898232101796798e-07
8.332000000000000000e+03 -7.288299273738207813e-07
8.333000000000000000e+03 -6.783980635023248437e-07
8.334000000000000000e+03 -6.263030327660612862e-07
8.335000000000000000e+03 -5.727585873335315690e-07
8.336000000000000000e+03 -5.179822363761693384e-07
8.337000000000000000e+03 -4.621941525397244291e-07
8.338000000000000000e+03 -4.056160223376885550e-07
8.339000000000000000e+03 -3.484698784864325229e-07
8.340000000000000000e+03 -2.909770414867946940e-07
8.341000000000000000e+03 -2.333571992625903750e-07
8.342000000000000000e+03 -1.758273592562853646e-07
8.343000000000000000e+03 -1.186008155290998270e-07
8.344000000000000000e+03 -6.188617730037421090e-08
8.345000000000000000e+03 -5.886425911143661247e-09
8.346000000000000000e+03 4.920212536562705531e-08
8.347000000000000000e+03 1.031906907426443300e-07
8.348000000000000000e+03 1.558989993009891161e-07
8.349000000000000000e+03 2.071560495375690609e-07
8.350000000000000000e+03 2.568008590124224950e-07
8.351000000000000000e+03 3.046832782122707764e-07
8.352000000000000000e+03 3.506646682206396788e-07
8.353000000000000000e+03 3.946184442246858021e-07
8.354000000000000000e+03 4.364302941079677483e-07
8.355000000000000000e+03 4.759984675463807980e-07
8.356000000000000000e+03 5.132340656984559826e-07
8.357000000000000000e+03 5.480610319991913848e-07
8.358000000000000000e+03 5.804159393366560949e-07
8.359000000000000000e+03 6.102480945890456338e-07
8.360000000000000000e+03 6.375192316222360380e-07
8.361000000000000000e+03 6.622031497507580989e-07
8.362000000000000000e+03 6.842853068907277913e-07
8.363000000000000000e+03 7.037624905211504969e-07
8.364000000000000000e+03 7.206424051240004506e-07
8.365000000000000000e+03 7.349430267540893525e-07
8.366000000000000000e+03 7.466921684474034918e-07
8.367000000000000000e+03 7.559270928771784853e-07
8.368000000000000000e+03 7.626938553165934569e-07
8.369000000000000000e+03 7.670468484767455368e-07
8.370000000000000000e+03 7.690479955332864383e-07
8.371000000000000000e+03 7.687664589045347685e-07
8.372000000000000000e+03 7.662778800427250723e-07
8.373000000000000000e+03 7.616639016511696759e-07
8.374000000000000000e+03 7.550118129617982264e-07
8.375000000000000000e+03 7.464136881739433599e-07
8.376000000000000000e+03 7.359659099548555048e-07
8.377000000000000000e+03 7.237689137841665352e-07
8.378000000000000000e+03 7.099267204255244893e-07
8.379000000000000000e+03 6.945461398207433266e-07
8.380000000000000000e+03 6.777365377236114230e-07
8.381000000000000000e+03 6.596092754974400885e-07
8.382000000000000000e+03 6.402774187819844871e-07
8.383000000000000000e+03 6.198552390006721546e-07
8.384000000000000000e+03 5.984579213869461462e-07
8.385000000000000000e+03 5.762013288881879863e-07
8.386000000000000000e+03 5.532017352212153573e-07
8.387000000000000000e+03 5.295755748786311871e-07
8.388000000000000000e+03 5.054392049447135040e-07
8.389000000000000000e+03 4.809088314881328891e-07
8.390000000000000000e+03 4.561002669815830985e-07
8.391000000000000000e+03 4.311289993728374784e-07
8.392000000000000000e+03 4.061100806889709353e-07
8.393000000000000000e+03 3.811577816835463278e-07
8.394000000000000000e+03 3.563857453185665509e-07
8.395000000000000000e+03 3.319065979453849100e-07
8.396000000000000000e+03 3.078317411546556563e-07
8.397000000000000000e+03 2.842712401917984765e-07
8.398000000000000000e+03 2.613332274170358555e-07
8.399000000000000000e+03 2.391235081324397486e-07
8.400000000000000000e+03 2.177451589732498423e-07
8.401000000000000000e+03 1.972981991618245376e-07
8.402000000000000000e+03 1.778790491649969028e-07
8.403000000000000000e+03 1.595801904291484532e-07
8.404000000000000000e+03 1.424896243421490196e-07
8.405000000000000000e+03 1.266906253448581046e-07
8.406000000000000000e+03 1.122612876305188560e-07
8.407000000000000000e+03 9.927425503441124749e-08
8.408000000000000000e+03 8.779624168143611501e-08
8.409000000000000000e+03 7.788793404198845668e-08
8.410000000000000000e+03 6.960364472540144937e-08
8.411000000000000000e+03 6.299096945955030548e-08
8.412000000000000000e+03 5.809064124009786337e-08
8.413000000000000000e+03 5.493614423283040745e-08
8.414000000000000000e+03 5.355358963131472784e-08
8.415000000000000000e+03 5.396145411341470902e-08
8.416000000000000000e+03 5.617019466269930960e-08
8.417000000000000000e+03 6.018210182053261981e-08
8.418000000000000000e+03 6.599119285638614324e-08
8.419000000000000000e+03 7.358293390196617024e-08
8.420000000000000000e+03 8.293423627399407772e-08
8.421000000000000000e+03 9.401313104500063197e-08
8.422000000000000000e+03 1.067788059141933031e-07
8.423000000000000000e+03 1.211817185757655527e-07
8.424000000000000000e+03 1.371634782856587204e-07
8.425000000000000000e+03 1.546570849485362075e-07
8.426000000000000000e+03 1.735870544313635608e-07
8.427000000000000000e+03 1.938696100737677185e-07
8.428000000000000000e+03 2.154130140019167255e-07
8.429000000000000000e+03 2.381178642666583578e-07
8.430000000000000000e+03 2.618775668978586015e-07
8.431000000000000000e+03 2.865787505593201356e-07
8.432000000000000000e+03 3.121019092613545952e-07
8.433000000000000000e+03 3.383220240960917698e-07
8.434000000000000000e+03 3.651091523317703772e-07
8.435000000000000000e+03 3.923291335709328154e-07
8.436000000000000000e+03 4.198442651157831495e-07
8.437000000000000000e+03 4.475141462541086862e-07
8.438000000000000000e+03 4.751964972583388204e-07
8.439000000000000000e+03 5.027480063598525691e-07
8.440000000000000000e+03 5.300249494996215204e-07
8.441000000000000000e+03 5.568841078398437186e-07
8.442000000000000000e+03 5.831834023995687519e-07
8.443000000000000000e+03 6.087826882640074500e-07
8.444000000000000000e+03 6.335445658032091929e-07
8.445000000000000000e+03 6.573350310235176145e-07
8.446000000000000000e+03 6.800242484443523473e-07
8.447000000000000000e+03 7.014871275631255798e-07
8.448000000000000000e+03 7.216040101999700171e-07
8.449000000000000000e+03 7.402613068937833016e-07
8.450000000000000000e+03 7.573521023269689489e-07
8.451000000000000000e+03 7.727765881396112787e-07
8.452000000000000000e+03 7.864426568828017121e-07
8.453000000000000000e+03 7.982662689510164874e-07
8.454000000000000000e+03 8.081717582682900506e-07
8.455000000000000000e+03 8.160921831829396630e-07
8.456000000000000000e+03 8.219695079519045789e-07
8.457000000000000000e+03 8.257544134978072053e-07
8.458000000000000000e+03 8.274064286908853169e-07
8.459000000000000000e+03 8.268939779007486420e-07
8.460000000000000000e+03 8.241940125782751822e-07
8.461000000000000000e+03 8.192919500052142876e-07
8.462000000000000000e+03 8.121817213479872936e-07
8.463000000000000000e+03 8.028653262839531588e-07
8.464000000000000000e+03 7.913528145985486250e-07
8.465000000000000000e+03 7.776619714556656022e-07
8.466000000000000000e+03 7.618181340737255186e-07
8.467000000000000000e+03 7.438538428068027410e-07
8.468000000000000000e+03 7.238086095751373341e-07
8.469000000000000000e+03 7.017287446809325071e-07
8.470000000000000000e+03 6.776669326921419555e-07
8.471000000000000000e+03 6.516817373406776811e-07
8.472000000000000000e+03 6.238375201518550179e-07
8.473000000000000000e+03 5.942040619282741812e-07
8.474000000000000000e+03 5.628561773117393601e-07
8.475000000000000000e+03 5.298735051246446320e-07
8.476000000000000000e+03 4.953403419874777399e-07
8.477000000000000000e+03 4.593454032651036249e-07
8.478000000000000000e+03 4.219815169003672412e-07
8.479000000000000000e+03 3.833454208673739247e-07
8.480000000000000000e+03 3.435376329630099199e-07
8.481000000000000000e+03 3.026623225744629766e-07
8.482000000000000000e+03 2.608269518097324133e-07
8.483000000000000000e+03 2.181421046948719773e-07
8.484000000000000000e+03 1.747212510110649541e-07
8.485000000000000000e+03 1.306803572189951813e-07
8.486000000000000000e+03 8.613761579886127677e-08
8.487000000000000000e+03 4.121317940565147741e-08
8.488000000000000000e+03 -3.971171125290436343e-09
8.489000000000000000e+03 -4.929234801277409133e-08
8.490000000000000000e+03 -9.462607089268392583e-08
8.491000000000000000e+03 -1.398475194054435416e-07
8.492000000000000000e+03 -1.848316316568407865e-07
8.493000000000000000e+03 -2.294532810469940995e-07
8.494000000000000000e+03 -2.735875993938475853e-07
8.495000000000000000e+03 -3.171103374066703286e-07
8.496000000000000000e+03 -3.598982667590935067e-07
8.497000000000000000e+03 -4.018293228359443012e-07
8.498000000000000000e+03 -4.427829317298268705e-07
8.499000000000000000e+03 -4.826403574886254716e-07
8.500000000000000000e+03 -5.212850687592425689e-07
8.501000000000000000e+03 -5.586032754188602881e-07
8.502000000000000000e+03 -5.944843694791358663e-07
8.503000000000000000e+03 -6.288214301860789916e-07
8.504000000000000000e+03 -6.615117747690403524e-07
8.505000000000000000e+03 -6.924574942829823885e-07
8.506000000000000000e+03 -7.215658696597028945e-07
8.507000000000000000e+03 -7.487498311594446882e-07
8.508000000000000000e+03 -7.739286835658173564e-07
8.509000000000000000e+03 -7.970285747467393224e-07
8.510000000000000000e+03 -8.179829659839087916e-07
8.511000000000000000e+03 -8.367328933090128273e-07
8.512000000000000000e+03 -8.532273219290455830e-07
8.513000000000000000e+03 -8.674233665553145905e-07
8.514000000000000000e+03 -8.792865143996453792e-07
8.515000000000000000e+03 -8.887909031714590560e-07
8.516000000000000000e+03 -8.959193504257452980e-07
8.517000000000000000e+03 -9.006634168981458501e-07
8.518000000000000000e+03 -9.030236632729300516e-07
8.519000000000000000e+03 -9.030096953368060180e-07
8.520000000000000000e+03 -9.006398295210494176e-07
8.521000000000000000e+03 -8.959411716680881584e-07
8.522000000000000000e+03 -8.889494008524165000e-07
8.523000000000000000e+03 -8.797087698843261820e-07
8.524000000000000000e+03 -8.682716119504588989e-07
8.525000000000000000e+03 -8.546982238152416398e-07
8.526000000000000000e+03 -8.390564559984760346e-07
8.527000000000000000e+03 -8.214213655083220288e-07
8.528000000000000000e+03 -8.018747809377496413e-07
8.529000000000000000e+03 -7.805048974246624664e-07
8.530000000000000000e+03 -7.574059395537066981e-07
8.531000000000000000e+03 -7.326775575525875649e-07
8.532000000000000000e+03 -7.064242658593558555e-07
8.533000000000000000e+03 -6.787548512274833845e-07
8.534000000000000000e+03 -6.497819708203121663e-07
8.535000000000000000e+03 -6.196215005163704759e-07
8.536000000000000000e+03 -5.883920042283504014e-07
8.537000000000000000e+03 -5.562140553000242790e-07
8.538000000000000000e+03 -5.232099609449304197e-07
8.539000000000000000e+03 -4.895031446082973518e-07
8.540000000000000000e+03 -4.552175248247717442e-07
8.541000000000000000e+03 -4.204770504329731827e-07
8.542000000000000000e+03 -3.854051091183288624e-07
8.543000000000000000e+03 -3.501243001301175439e-07
8.544000000000000000e+03 -3.147559300084857882e-07
8.545000000000000000e+03 -2.794195070933240867e-07
8.546000000000000000e+03 -2.442324399863231385e-07
8.547000000000000000e+03 -2.093096130588876481e-07
8.548000000000000000e+03 -1.747629958955749989e-07
8.549000000000000000e+03 -1.407014661114599340e-07
8.550000000000000000e+03 -1.072304061843043688e-07
8.551000000000000000e+03 -7.445138030755688043e-08
8.552000000000000000e+03 -4.246181352967340223e-08
8.553000000000000000e+03 -1.135473235703710305e-08
8.554000000000000000e+03 1.878146959135371469e-08
8.555000000000000000e+03 4.786338078503617580e-08
8.556000000000000000e+03 7.581264643185378415e-08
8.557000000000000000e+03 1.025563763503660294e-07
8.558000000000000000e+03 1.280274137014340996e-07
8.559000000000000000e+03 1.521645031867682338e-07
8.560000000000000000e+03 1.749124496501390657e-07
8.561000000000000000e+03 1.962224183874264670e-07
8.562000000000000000e+03 2.160518700939476398e-07
8.563000000000000000e+03 2.343647472545127046e-07
8.564000000000000000e+03 2.511315828673879638e-07
8.565000000000000000e+03 2.663292730790035436e-07
8.566000000000000000e+03 2.799409438748477459e-07
8.567000000000000000e+03 2.919559222117910648e-07
8.568000000000000000e+03 3.023694589511356453e-07
8.569000000000000000e+03 3.111823092861449575e-07
8.570000000000000000e+03 3.184007097553502301e-07
8.571000000000000000e+03 3.240360575292096937e-07
8.572000000000000000e+03 3.281046918595934429e-07
8.573000000000000000e+03 3.306279410258188732e-07
8.574000000000000000e+03 3.316318996482622324e-07
8.575000000000000000e+03 3.311472995359816900e-07
8.576000000000000000e+03 3.292093310756762823e-07
8.577000000000000000e+03 3.258576625720254071e-07
8.578000000000000000e+03 3.211364923052559131e-07
8.579000000000000000e+03 3.150943577400278842e-07
8.580000000000000000e+03 3.077839879205252093e-07
8.581000000000000000e+03 2.992620108572867904e-07
8.582000000000000000e+03 2.895889476920109687e-07
8.583000000000000000e+03 2.788289820402589225e-07
8.584000000000000000e+03 2.670497816131325268e-07
8.585000000000000000e+03 2.543220996794022759e-07
8.586000000000000000e+03 2.407194656258268709e-07
8.587000000000000000e+03 2.263180576899533312e-07
8.588000000000000000e+03 2.111964138770398802e-07
8.589000000000000000e+03 1.954350901241302547e-07
8.590000000000000000e+03 1.791164737053569418e-07
8.591000000000000000e+03 1.623245434223806315e-07
8.592000000000000000e+03 1.451445472282638830e-07
8.593000000000000000e+03 1.276626700907316452e-07
8.594000000000000000e+03 1.099655690394205875e-07
8.595000000000000000e+03 9.214039306157059936e-08
8.596000000000000000e+03 7.427433017163480214e-08
8.597000000000000000e+03 5.645429331610420696e-08
8.598000000000000000e+03 3.876676330038344583e-08
8.599000000000000000e+03 2.129752678956521044e-08
8.600000000000000000e+03 4.131105586631013117e-09
8.601000000000000000e+03 -1.264973852038408459e-08
8.602000000000000000e+03 -2.896431446096157477e-08
8.603000000000000000e+03 -4.473423775730420095e-08
8.604000000000000000e+03 -5.988408041641098665e-08
8.605000000000000000e+03 -7.434175899420219598e-08
8.606000000000000000e+03 -8.803885621057921211e-08
8.607000000000000000e+03 -1.009112899802680127e-07
8.608000000000000000e+03 -1.128995540063329165e-07
8.609000000000000000e+03 -1.239492003517323417e-07
8.610000000000000000e+03 -1.340115465419420724e-07
8.611000000000000000e+03 -1.430440964357962257e-07
8.612000000000000000e+03 -1.510111856081681846e-07
8.613000000000000000e+03 -1.578844566246383052e-07
8.614000000000000000e+03 -1.636432395823933037e-07
8.615000000000000000e+03 -1.682749894155382731e-07
8.616000000000000000e+03 -1.717756644922587703e-07
8.617000000000000000e+03 -1.741499187175432897e-07
8.618000000000000000e+03 -1.754113408524551996e-07
8.619000000000000000e+03 -1.755825037454644474e-07
8.620000000000000000e+03 -1.746949171191520786e-07
8.621000000000000000e+03 -1.727889463292714741e-07
8.622000000000000000e+03 -1.699134729434184269e-07
8.623000000000000000e+03 -1.661255501900501028e-07
8.624000000000000000e+03 -1.614899867679866954e-07
8.625000000000000000e+03 -1.560786192647653189e-07
8.626000000000000000e+03 -1.499697809654830222e-07
8.627000000000000000e+03 -1.432477361440130531e-07
8.628000000000000000e+03 -1.360019780547027662e-07
8.629000000000000000e+03 -1.283262098379350963e-07
8.630000000000000000e+03 -1.203177053837284453e-07
8.631000000000000000e+03 -1.120764177016474258e-07
8.632000000000000000e+03 -1.037038951816772676e-07
8.633000000000000000e+03 -9.530242652922623719e-08
8.634000000000000000e+03 -8.697414130432871110e-08
8.635000000000000000e+03 -7.882007847398009474e-08
8.636000000000000000e+03 -7.093924126440129300e-08
8.637000000000000000e+03 -6.342800920937296240e-08
8.638000000000000000e+03 -5.637918461548380272e-08
8.639000000000000000e+03 -4.988132399077930439e-08
8.640000000000000000e+03 -4.401830903679002247e-08
8.641000000000000000e+03 -3.886868373520013720e-08
8.642000000000000000e+03 -3.450525798412695309e-08
8.643000000000000000e+03 -3.099482002098052581e-08
8.644000000000000000e+03 -2.839790444929644391e-08
8.645000000000000000e+03 -2.676830459968764637e-08
8.646000000000000000e+03 -2.615286052719233463e-08
8.647000000000000000e+03 -2.659141002905845259e-08
8.648000000000000000e+03 -2.811640950320056522e-08
8.649000000000000000e+03 -3.075289118204530618e-08
8.650000000000000000e+03 -3.451823562769622453e-08
8.651000000000000000e+03 -3.942190482264122707e-08
8.652000000000000000e+03 -4.546518043608670887e-08
8.653000000000000000e+03 -5.264090116084673212e-08
8.654000000000000000e+03 -6.093342181712651571e-08
8.655000000000000000e+03 -7.031820396803696715e-08
8.656000000000000000e+03 -8.076194880020244324e-08
8.657000000000000000e+03 -9.222260368550623304e-08
8.658000000000000000e+03 -1.046493526321361416e-07
8.659000000000000000e+03 -1.179826848697769170e-07
8.660000000000000000e+03 -1.321549529028815277e-07
8.661000000000000000e+03 -1.470906178481776763e-07
8.662000000000000000e+03 -1.627067864516639810e-07
8.663000000000000000e+03 -1.789137146756516904e-07
8.664000000000000000e+03 -1.956153621413193587e-07
8.665000000000000000e+03 -2.127099941184865768e-07
8.666000000000000000e+03 -2.300910793565597244e-07
8.667000000000000000e+03 -2.476479420637778452e-07
8.668000000000000000e+03 -2.652664918081386986e-07
8.669000000000000000e+03 -2.828299286664192672e-07
8.670000000000000000e+03 -3.002196718587559315e-07
8.671000000000000000e+03 -3.173162970169361055e-07
8.672000000000000000e+03 -3.340001612954501227e-07
8.673000000000000000e+03 -3.501522497932811374e-07
8.674000000000000000e+03 -3.656550316592068662e-07
8.675000000000000000e+03 -3.803932290734532617e-07
8.676000000000000000e+03 -3.942547372738047281e-07
8.677000000000000000e+03 -4.071312671307057702e-07
8.678000000000000000e+03 -4.189192449754323480e-07
8.679000000000000000e+03 -4.295205061926253837e-07
8.680000000000000000e+03 -4.388430451278301480e-07
8.681000000000000000e+03 -4.468017217923444767e-07
8.682000000000000000e+03 -4.533188516621207313e-07
8.683000000000000000e+03 -4.583249375986390062e-07
8.684000000000000000e+03 -4.617591600684424828e-07
8.685000000000000000e+03 -4.635696564365968700e-07
8.686000000000000000e+03 -4.637137952394131378e-07
8.687000000000000000e+03 -4.621584248439528751e-07
8.688000000000000000e+03 -4.588798078721992275e-07
8.689000000000000000e+03 -4.538634229376002920e-07
8.690000000000000000e+03 -4.471038706004450692e-07
8.691000000000000000e+03 -4.386049234267527095e-07
8.692000000000000000e+03 -4.283792897093805015e-07
8.693000000000000000e+03 -4.164482561613510150e-07
8.694000000000000000e+03 -4.028418028966184658e-07
8.695000000000000000e+03 -3.875983869604203493e-07
8.696000000000000000e+03 -3.707647929135874344e-07
8.697000000000000000e+03 -3.523961638157034850e-07
8.698000000000000000e+03 -3.325558149540980876e-07
8.699000000000000000e+03 -3.113152046159097151e-07
8.700000000000000000e+03 -2.887534001521480153e-07
8.701000000000000000e+03 -2.649570355288476703e-07
8.702000000000000000e+03 -2.400201219003372767e-07
8.703000000000000000e+03 -2.140435193818614940e-07
8.704000000000000000e+03 -1.871346203823038068e-07
8.705000000000000000e+03 -1.594069543338804407e-07
8.706000000000000000e+03 -1.309795400464318029e-07
8.707000000000000000e+03 -1.019761646478948119e-07
8.708000000000000000e+03 -7.252507252587039216e-08
8.709000000000000000e+03 -4.275818892766643247e-08
8.710000000000000000e+03 -1.281067539559559291e-08
8.711000000000000000e+03 1.718012877789085885e-08
8.712000000000000000e+03 4.707510797434998056e-08
8.713000000000000000e+03 7.673410747220662251e-08
8.714000000000000000e+03 1.060164072214050638e-07
8.715000000000000000e+03 1.347814615212299553e-07
8.716000000000000000e+03 1.628895923911888528e-07
8.717000000000000000e+03 1.902025674530107070e-07
8.718000000000000000e+03 2.165843891234052994e-07
8.719000000000000000e+03 2.419020018455350437e-07
8.720000000000000000e+03 2.660259092542587404e-07
8.721000000000000000e+03 2.888310967888373152e-07
8.722000000000000000e+03 3.101976008203653731e-07
8.723000000000000000e+03 3.300116304694149773e-07
8.724000000000000000e+03 3.481662677395043229e-07
8.725000000000000000e+03 3.645623341186453604e-07
8.726000000000000000e+03 3.791089786202626493e-07
8.727000000000000000e+03 3.917247361459364089e-07
8.728000000000000000e+03 4.023379045933733753e-07
8.729000000000000000e+03 4.108874349272575069e-07
8.730000000000000000e+03 4.173235637124483470e-07
8.731000000000000000e+03 4.216085270146502603e-07
8.732000000000000000e+03 4.237169414219693739e-07
8.733000000000000000e+03 4.236361097455364509e-07
8.734000000000000000e+03 4.213662610465475936e-07
8.735000000000000000e+03 4.169207710117752350e-07
8.736000000000000000e+03 4.103263893788770161e-07
8.737000000000000000e+03 4.016233982824771866e-07
8.738000000000000000e+03 3.908656091182739222e-07
8.739000000000000000e+03 3.781201878120871112e-07
8.740000000000000000e+03 3.634678095677460191e-07
8.741000000000000000e+03 3.470020745739017501e-07
8.742000000000000000e+03 3.288293857188393344e-07
8.743000000000000000e+03 3.090686507328477979e-07
8.744000000000000000e+03 2.878506468292149615e-07
8.745000000000000000e+03 2.653175787400079504e-07
8.746000000000000000e+03 2.416223201047607312e-07
8.747000000000000000e+03 2.169275088738377654e-07
8.748000000000000000e+03 1.914045277009283835e-07
8.749000000000000000e+03 1.652324428595539955e-07
8.750000000000000000e+03 1.385967983251209595e-07
8.751000000000000000e+03 1.116883410052135872e-07
8.752000000000000000e+03 8.470165385255877672e-08
8.753000000000000000e+03 5.783372033017652360e-08
8.754000000000000000e+03 3.128265472434302253e-08
8.755000000000000000e+03 5.246116880152941387e-09
8.756000000000000000e+03 -2.008005285524389788e-08
8.757000000000000000e+03 -4.450305205213134574e-08
8.758000000000000000e+03 -6.783465894938056208e-08
8.759000000000000000e+03 -8.989243611450764638e-08
8.760000000000000000e+03 -1.105009653415355131e-07
8.761000000000000000e+03 -1.294930457659700791e-07
8.762000000000000000e+03 -1.467109452190652542e-07
8.763000000000000000e+03 -1.620071167641300740e-07
8.764000000000000000e+03 -1.752452412205385863e-07
8.765000000000000000e+03 -1.863012718606829614e-07
8.766000000000000000e+03 -1.950641688745766914e-07
8.767000000000000000e+03 -2.014363915890143702e-07
8.768000000000000000e+03 -2.053347547411439421e-07
8.769000000000000000e+03 -2.066907163271631505e-07
8.770000000000000000e+03 -2.054507913114515935e-07
8.771000000000000000e+03 -2.015771300383703815e-07
8.772000000000000000e+03 -1.950478723698056640e-07
8.773000000000000000e+03 -1.858572312641174581e-07
8.774000000000000000e+03 -1.740157134331331885e-07
8.775000000000000000e+03 -1.595502007160020393e-07
8.776000000000000000e+03 -1.425038187124082222e-07
8.777000000000000000e+03 -1.229360366951502069e-07
8.778000000000000000e+03 -1.009222943783690648e-07
8.779000000000000000e+03 -7.655374027678078219e-08
8.780000000000000000e+03 -4.993691352107841123e-08
8.781000000000000000e+03 -2.119321004493364601e-08
8.782000000000000000e+03 9.541866718236904769e-09
8.783000000000000000e+03 4.211951365771473368e-08
8.784000000000000000e+03 7.637827633654172047e-08
8.785000000000000000e+03 1.121452973904972580e-07
8.786000000000000000e+03 1.492375442729041320e-07
8.787000000000000000e+03 1.874626816834425328e-07
8.788000000000000000e+03 2.266205619970873192e-07
8.789000000000000000e+03 2.665043834365361923e-07
8.790000000000000000e+03 3.069023353458874145e-07
8.791000000000000000e+03 3.475990674190354239e-07
8.792000000000000000e+03 3.883770865658573480e-07
8.793000000000000000e+03 4.290183846918129691e-07
8.794000000000000000e+03 4.693057271187301131e-07
8.795000000000000000e+03 5.090242008695172549e-07
8.796000000000000000e+03 5.479624627654225687e-07
8.797000000000000000e+03 5.859141684910602726e-07
8.798000000000000000e+03 6.226791917471040150e-07
8.799000000000000000e+03 6.580647650296369198e-07
8.800000000000000000e+03 6.918865471237356364e-07
8.801000000000000000e+03 7.239696827916501230e-07
8.802000000000000000e+03 7.541494629837259270e-07
8.803000000000000000e+03 7.822722331567979515e-07
8.804000000000000000e+03 8.081959419444987428e-07
8.805000000000000000e+03 8.317906983685681260e-07
8.806000000000000000e+03 8.529392847441580527e-07
8.807000000000000000e+03 8.715374314952847076e-07
8.808000000000000000e+03 8.874940653377140910e-07
8.809000000000000000e+03 9.007316694490429883e-07
8.810000000000000000e+03 9.111863991556024493e-07
8.811000000000000000e+03 9.188081440691509201e-07
8.812000000000000000e+03 9.235603360333691218e-07
8.813000000000000000e+03 9.254199309220283396e-07
8.814000000000000000e+03 9.243770659801109458e-07
8.815000000000000000e+03 9.204349477512764443e-07
8.816000000000000000e+03 9.136096302737308938e-07
8.817000000000000000e+03 9.039296516521890316e-07
8.818000000000000000e+03 8.914355928925304665e-07
8.819000000000000000e+03 8.761796660652508729e-07
8.820000000000000000e+03 8.582249558284131441e-07
8.821000000000000000e+03 8.376451522407826972e-07
8.822000000000000000e+03 8.145239060097349479e-07
8.823000000000000000e+03 7.889540993236576686e-07
8.824000000000000000e+03 7.610372958127555078e-07
8.825000000000000000e+03 7.308829109432146090e-07
8.826000000000000000e+03 6.986074602147129304e-07
8.827000000000000000e+03 6.643340430613116018e-07
8.828000000000000000e+03 6.281916983324948765e-07
8.829000000000000000e+03 5.903145708558086363e-07
8.830000000000000000e+03 5.508410561896623702e-07
8.831000000000000000e+03 5.099131383306789022e-07
8.832000000000000000e+03 4.676758967955676539e-07
8.833000000000000000e+03 4.242769229359583204e-07
8.834000000000000000e+03 3.798654839863342377e-07
8.835000000000000000e+03 3.345919180082854146e-07
8.836000000000000000e+03 2.886069694424628055e-07
8.837000000000000000e+03 2.420611200353585149e-07
8.838000000000000000e+03 1.951040943523595334e-07
8.839000000000000000e+03 1.478841353913307992e-07
8.840000000000000000e+03 1.005473911212634561e-07
8.841000000000000000e+03 5.323695446728381157e-08
8.842000000000000000e+03 6.092443395069747074e-09
8.843000000000000000e+03 -4.075077595102935940e-08
8.844000000000000000e+03 -8.716230301795301936e-08
8.845000000000000000e+03 -1.330171701972654639e-07
8.846000000000000000e+03 -1.781963463381832518e-07
8.847000000000000000e+03 -2.225872364612937616e-07
8.848000000000000000e+03 -2.660843538908361169e-07
8.849000000000000000e+03 -3.085895019692568656e-07
8.850000000000000000e+03 -3.500117964696881856e-07
8.851000000000000000e+03 -3.902680923588035011e-07
8.852000000000000000e+03 -4.292829148945606267e-07
8.853000000000000000e+03 -4.669885986755965736e-07
8.854000000000000000e+03 -5.033251361399676740e-07
8.855000000000000000e+03 -5.382400458383943613e-07
8.856000000000000000e+03 -5.716885158546935321e-07
8.857000000000000000e+03 -6.036330645569449251e-07
8.858000000000000000e+03 -6.340432012499779480e-07
8.859000000000000000e+03 -6.628952608472835610e-07
8.860000000000000000e+03 -6.901722279298106422e-07
8.861000000000000000e+03 -7.158633989566490662e-07
8.862000000000000000e+03 -7.399639523344493767e-07
8.863000000000000000e+03 -7.624748233568998170e-07
8.864000000000000000e+03 -7.834025305556244499e-07
8.865000000000000000e+03 -8.027586595818369130e-07
8.866000000000000000e+03 -8.205595709598219608e-07
8.867000000000000000e+03 -8.368262499009280739e-07
8.868000000000000000e+03 -8.515840373711171487e-07
8.869000000000000000e+03 -8.648623191723018255e-07
8.870000000000000000e+03 -8.766938074481313470e-07
8.871000000000000000e+03 -8.871143434867559390e-07
8.872000000000000000e+03 -8.961622354246429283e-07
8.873000000000000000e+03 -9.038780166472885170e-07
8.874000000000000000e+03 -9.103036937399452662e-07
8.875000000000000000e+03 -9.154822374282729915e-07
8.876000000000000000e+03 -9.194571983739006744e-07
8.877000000000000000e+03 -9.222719373928580082e-07
8.878000000000000000e+03 -9.239686950983644659e-07
8.879000000000000000e+03 -9.245882852283510518e-07
8.880000000000000000e+03 -9.241693208465915021e-07
8.881000000000000000e+03 -9.227474133738949675e-07
8.882000000000000000e+03 -9.203546954071597284e-07
8.883000000000000000e+03 -9.170191280475699015e-07
8.884000000000000000e+03 -9.127641182347527837e-07
8.885000000000000000e+03 -9.076082197923653982e-07
8.886000000000000000e+03 -9.015643831188205629e-07
8.887000000000000000e+03 -8.946399595495832255e-07
8.888000000000000000e+03 -8.868365969456495050e-07
8.889000000000000000e+03 -8.781494798451237627e-07
8.890000000000000000e+03 -8.685677500755474432e-07
8.891000000000000000e+03 -8.580744584137208338e-07
8.892000000000000000e+03 -8.466463796437225619e-07
8.893000000000000000e+03 -8.342543771500104794e-07
8.894000000000000000e+03 -8.208637513559032938e-07
8.895000000000000000e+03 -8.064343255379323287e-07
8.896000000000000000e+03 -7.909205899891003408e-07
8.897000000000000000e+03 -7.742721507434775855e-07
8.898000000000000000e+03 -7.564341279755263563e-07
8.899000000000000000e+03 -7.373475224581824940e-07
8.900000000000000000e+03 -7.169496538833681026e-07
8.901000000000000000e+03 -6.951747690390087114e-07
8.902000000000000000e+03 -6.719543316097023814e-07
8.903000000000000000e+03 -6.472175892915427950e-07
8.904000000000000000e+03 -6.208924601424308398e-07
8.905000000000000000e+03 -5.929060059964342534e-07
8.906000000000000000e+03 -5.631853713062359139e-07
8.907000000000000000e+03 -5.316589084603169253e-07
8.908000000000000000e+03 -4.982568334111627785e-07
8.909000000000000000e+03 -4.629125521813954940e-07
8.910000000000000000e+03 -4.255637441382126252e-07
8.911000000000000000e+03 -3.861535353320185573e-07
8.912000000000000000e+03 -3.446316209584901844e-07
8.913000000000000000e+03 -3.009557647123169124e-07
8.914000000000000000e+03 -2.550931709441892157e-07
8.915000000000000000e+03 -2.070217375069325278e-07
8.916000000000000000e+03 -1.567311995873899093e-07
8.917000000000000000e+03 -1.042246286755236605e-07
8.918000000000000000e+03 -4.951976918804491935e-08
8.919000000000000000e+03 7.349823233943116911e-09
8.920000000000000000e+03 6.633361867817728086e-08
8.921000000000000000e+03 1.273628911436387375e-07
8.922000000000000000e+03 1.903497637980484969e-07
8.923000000000000000e+03 2.551867029787954850e-07
8.924000000000000000e+03 3.217455756955483787e-07
8.925000000000000000e+03 3.898771257235828131e-07
8.926000000000000000e+03 4.594108320325022519e-07
8.927000000000000000e+03 5.301550054459208820e-07
8.928000000000000000e+03 6.018968540600745738e-07
8.929000000000000000e+03 6.744027949382445531e-07
8.930000000000000000e+03 7.474191196754028291e-07
8.931000000000000000e+03 8.206730468783087794e-07
8.932000000000000000e+03 8.938738941826537482e-07
8.933000000000000000e+03 9.667145835349513412e-07
8.934000000000000000e+03 1.038873386166047401e-06
8.935000000000000000e+03 1.110015615456634361e-06
8.936000000000000000e+03 1.179795964573654851e-06
8.937000000000000000e+03 1.247860642759256304e-06
8.938000000000000000e+03 1.313849860361335412e-06
8.939000000000000000e+03 1.377400810696882923e-06
8.940000000000000000e+03 1.438149857324659637e-06
8.941000000000000000e+03 1.495735461817189354e-06
8.942000000000000000e+03 1.549801237836094901e-06
8.943000000000000000e+03 1.599998785607678662e-06
8.944000000000000000e+03 1.645990571781930197e-06
8.945000000000000000e+03 1.687452562656592427e-06
8.946000000000000000e+03 1.724077076246419247e-06
8.947000000000000000e+03 1.755575328644807055e-06
8.948000000000000000e+03 1.781680007923056301e-06
8.949000000000000000e+03 1.802147421750351590e-06
8.950000000000000000e+03 1.816759736076946980e-06
8.951000000000000000e+03 1.825327019258268379e-06
8.952000000000000000e+03 1.827689063074528012e-06
8.953000000000000000e+03 1.823716709947044193e-06
8.954000000000000000e+03 1.813313131517028228e-06
8.955000000000000000e+03 1.796415009194512211e-06
8.956000000000000000e+03 1.772992953279443966e-06
8.957000000000000000e+03 1.743052089832241041e-06
8.958000000000000000e+03 1.706632408198666843e-06
8.959000000000000000e+03 1.663808728192114020e-06
8.960000000000000000e+03 1.614690575181229035e-06
8.961000000000000000e+03 1.559421529992444693e-06
8.962000000000000000e+03 1.498178505633637147e-06
8.963000000000000000e+03 1.431170747633582583e-06
8.964000000000000000e+03 1.358638501676592353e-06
8.965000000000000000e+03 1.280851596642045313e-06
8.966000000000000000e+03 1.198107878323821124e-06
8.967000000000000000e+03 1.110731257130520578e-06
8.968000000000000000e+03 1.019069638510758210e-06
8.969000000000000000e+03 9.234930272765463460e-07
8.970000000000000000e+03 8.243911947209686390e-07
8.971000000000000000e+03 7.221715675191641030e-07
8.972000000000000000e+03 6.172570101169593842e-07
8.973000000000000000e+03 5.100832630056983645e-07
8.974000000000000000e+03 4.010963620983422689e-07
8.975000000000000000e+03 2.907507050431762829e-07
8.976000000000000000e+03 1.795067133285736740e-07
8.977000000000000000e+03 6.782849849154786721e-08
8.978000000000000000e+03 -4.381817648937104084e-08
8.979000000000000000e+03 -1.549681406406035999e-07
8.980000000000000000e+03 -2.651595243317266304e-07
8.981000000000000000e+03 -3.739357738453356433e-07
8.982000000000000000e+03 -4.808483644664301430e-07
8.983000000000000000e+03 -5.854592915954624399e-07
8.984000000000000000e+03 -6.873433892113953072e-07
8.985000000000000000e+03 -7.860908711634427394e-07
8.986000000000000000e+03 -8.813096041689624674e-07
8.987000000000000000e+03 -9.726274606899908079e-07
8.988000000000000000e+03 -1.059694146923156579e-06
8.989000000000000000e+03 -1.142183258314665633e-06
8.990000000000000000e+03 -1.219793898852473067e-06
8.991000000000000000e+03 -1.292252233002320600e-06
8.992000000000000000e+03 -1.359312385159059853e-06
8.993000000000000000e+03 -1.420758159914658328e-06
8.994000000000000000e+03 -1.476403385792994001e-06
8.995000000000000000e+03 -1.526092404575915979e-06
8.996000000000000000e+03 -1.569700586649151216e-06
8.997000000000000000e+03 -1.607134544670971628e-06
8.998000000000000000e+03 -1.638332172357033146e-06
8.999000000000000000e+03 -1.663262397989783084e-06
9.000000000000000000e+03 -1.681924740014501102e-06
9.001000000000000000e+03 -1.694348867818174688e-06
9.002000000000000000e+03 -1.700593693015779971e-06
9.003000000000000000e+03 -1.700746834143955508e-06
9.004000000000000000e+03 -1.694923582589184110e-06
9.005000000000000000e+03 -1.683265878653589826e-06
9.006000000000000000e+03 -1.665941307223865756e-06
9.007000000000000000e+03 -1.643142119032294182e-06
9.008000000000000000e+03 -1.615084389994309127e-06
9.009000000000000000e+03 -1.582006697629326526e-06
9.010000000000000000e+03 -1.544168858987068116e-06
9.011000000000000000e+03 -1.501850511244593806e-06
9.012000000000000000e+03 -1.455349745305135778e-06
9.013000000000000000e+03 -1.404981196389145222e-06
9.014000000000000000e+03 -1.351074032737167588e-06
9.015000000000000000e+03 -1.293970188510878478e-06
9.016000000000000000e+03 -1.234022240496603513e-06
9.017000000000000000e+03 -1.171591607156512290e-06
9.018000000000000000e+03 -1.107046343040689794e-06
9.019000000000000000e+03 -1.040758833102809589e-06
9.020000000000000000e+03 -9.731038031724728253e-07
9.021000000000000000e+03 -9.044562800603050327e-07
9.022000000000000000e+03 -8.351893241505169996e-07
9.023000000000000000e+03 -7.656722531145802313e-07
9.024000000000000000e+03 -6.962685708460005476e-07
9.025000000000000000e+03 -6.273340735949351348e-07
9.026000000000000000e+03 -5.592150562780634065e-07
9.027000000000000000e+03 -4.922461211215434459e-07
9.028000000000000000e+03 -4.267485944990038529e-07
9.029000000000000000e+03 -3.630287242563735987e-07
9.030000000000000000e+03 -3.013757220078445398e-07
9.031000000000000000e+03 -2.420603640365761352e-07
9.032000000000000000e+03 -1.853333840362558417e-07
9.033000000000000000e+03 -1.314238768837260701e-07
9.034000000000000000e+03 -8.053801021349977575e-08
9.035000000000000000e+03 -3.285790457577744663e-08
9.036000000000000000e+03 1.145960828355893557e-08
9.037000000000000000e+03 5.228328351298461978e-08
9.038000000000000000e+03 8.950784837536687354e-08
9.039000000000000000e+03 1.230540172488372564e-07
9.040000000000000000e+03 1.528686414278727759e-07
9.041000000000000000e+03 1.789239531755294824e-07
9.042000000000000000e+03 2.012170678767084547e-07
9.043000000000000000e+03 2.197685826639532937e-07
9.044000000000000000e+03 2.346219977781586706e-07
9.045000000000000000e+03 2.458418930557824344e-07
9.046000000000000000e+03 2.535125975705666829e-07
9.047000000000000000e+03 2.577370423752793705e-07
9.048000000000000000e+03 2.586347054079195280e-07
9.049000000000000000e+03 2.563401841349355350e-07
9.050000000000000000e+03 2.510016221849092166e-07
9.051000000000000000e+03 2.427795711713818038e-07
9.052000000000000000e+03 2.318453150943190778e-07
9.053000000000000000e+03 2.183797309535493527e-07
9.054000000000000000e+03 2.025719041222285929e-07
9.055000000000000000e+03 1.846181796686632735e-07
9.056000000000000000e+03 1.647209596596408241e-07
9.057000000000000000e+03 1.430873788118471299e-07
9.058000000000000000e+03 1.199281483038126603e-07
9.059000000000000000e+03 9.545668135482791167e-08
9.060000000000000000e+03 6.988753978847789593e-08
9.061000000000000000e+03 4.343532775470293463e-08
9.062000000000000000e+03 1.631353819858278623e-08
9.063000000000000000e+03 -1.126689261020896030e-08
9.064000000000000000e+03 -3.909890862188413404e-08
9.065000000000000000e+03 -6.698043206687984246e-08
9.066000000000000000e+03 -9.471544937088240112e-08
9.067000000000000000e+03 -1.221150665371266270e-07
9.068000000000000000e+03 -1.489991633222134825e-07
9.069000000000000000e+03 -1.751969632485012309e-07
9.070000000000000000e+03 -2.005477486453882997e-07
9.071000000000000000e+03 -2.249018834180885378e-07
9.072000000000000000e+03 -2.481213122029216936e-07
9.073000000000000000e+03 -2.700801441779093576e-07
9.074000000000000000e+03 -2.906647845417147596e-07
9.075000000000000000e+03 -3.097743974716036086e-07
9.076000000000000000e+03 -3.273208783480894113e-07
9.077000000000000000e+03 -3.432285235830822601e-07
9.078000000000000000e+03 -3.574341722400793507e-07
9.079000000000000000e+03 -3.698867910705138963e-07
9.080000000000000000e+03 -3.805470024915713161e-07
9.081000000000000000e+03 -3.893867110238345560e-07
9.082000000000000000e+03 -3.963884515515202618e-07
9.083000000000000000e+03 -4.015447349728304702e-07
9.084000000000000000e+03 -4.048578031718118567e-07
9.085000000000000000e+03 -4.063386354126783125e-07
9.086000000000000000e+03 -4.060066215690359850e-07
9.087000000000000000e+03 -4.038889524469634662e-07
9.088000000000000000e+03 -4.000198199439800336e-07
9.089000000000000000e+03 -3.944401614832483688e-07
9.090000000000000000e+03 -3.871969119848955443e-07
9.091000000000000000e+03 -3.783424025143540502e-07
9.092000000000000000e+03 -3.679339698133588193e-07
9.093000000000000000e+03 -3.560329784360846381e-07
9.094000000000000000e+03 -3.427047683371589792e-07
9.095000000000000000e+03 -3.280179670478591405e-07
9.096000000000000000e+03 -3.120439125043815807e-07
9.097000000000000000e+03 -2.948560890779867820e-07
9.098000000000000000e+03 -2.765295394172157369e-07
9.099000000000000000e+03 -2.571403496376584005e-07
9.100000000000000000e+03 -2.367651207634507550e-07
9.101000000000000000e+03 -2.154803424046747991e-07
9.102000000000000000e+03 -1.933619559244382360e-07
9.103000000000000000e+03 -1.704844594898474158e-07
9.104000000000000000e+03 -1.469205183276416293e-07
9.105000000000000000e+03 -1.227405050316833515e-07
9.106000000000000000e+03 -9.801179272667177995e-08
9.107000000000000000e+03 -7.279867032087502909e-08
9.108000000000000000e+03 -4.716165423018319322e-08
9.109000000000000000e+03 -2.115700177627715755e-08
9.110000000000000000e+03 5.163256626812821706e-09
9.111000000000000000e+03 3.175164774111283577e-08
9.112000000000000000e+03 5.856523543641253118e-08
9.113000000000000000e+03 8.556614240097229366e-08
9.114000000000000000e+03 1.127215695988226145e-07
9.115000000000000000e+03 1.400037526704238129e-07
9.116000000000000000e+03 1.673902002700571881e-07
9.117000000000000000e+03 1.948632932193485719e-07
9.118000000000000000e+03 2.224104213146987692e-07
9.119000000000000000e+03 2.500239529667868365e-07
9.120000000000000000e+03 2.777013704948658159e-07
9.121000000000000000e+03 3.054448308064077236e-07
9.122000000000000000e+03 3.332608018991877850e-07
9.123000000000000000e+03 3.611599342495531760e-07
9.124000000000000000e+03 3.891564342943542262e-07
9.125000000000000000e+03 4.172678642909779040e-07
9.126000000000000000e+03 4.455142985657235089e-07
9.127000000000000000e+03 4.739179051551042480e-07
9.128000000000000000e+03 5.025024858733527701e-07
9.129000000000000000e+03 5.312926707401149286e-07
9.130000000000000000e+03 5.603129753155300544e-07
9.131000000000000000e+03 5.895874424236609052e-07
9.132000000000000000e+03 6.191391236576719216e-07
9.133000000000000000e+03 6.489892868443524526e-07
9.134000000000000000e+03 6.791571350191853340e-07
9.135000000000000000e+03 7.096591493386616658e-07
9.136000000000000000e+03 7.405083455538390935e-07
9.137000000000000000e+03 7.717138674703457140e-07
9.138000000000000000e+03 8.032803819811657855e-07
9.139000000000000000e+03 8.352073721023060375e-07
9.140000000000000000e+03 8.674882457266060189e-07
9.141000000000000000e+03 9.001098448201047056e-07
9.142000000000000000e+03 9.330511523825596285e-07
9.143000000000000000e+03 9.662824361785240420e-07
9.144000000000000000e+03 9.997643845060366681e-07
9.145000000000000000e+03 1.033447185164450479e-06
9.146000000000000000e+03 1.067270139568131813e-06
9.147000000000000000e+03 1.101160489831155813e-06
9.148000000000000000e+03 1.135032832109768081e-06
9.149000000000000000e+03 1.168788650626711683e-06
9.150000000000000000e+03 1.202316073236233973e-06
9.151000000000000000e+03 1.235489590808669133e-06
9.152000000000000000e+03 1.268169856021146720e-06
9.153000000000000000e+03 1.300203960969907386e-06
9.154000000000000000e+03 1.331425771458438441e-06
9.155000000000000000e+03 1.361656235578376734e-06
9.156000000000000000e+03 1.390704105625618370e-06
9.157000000000000000e+03 1.418366726712775522e-06
9.158000000000000000e+03 1.444430843757784538e-06
9.159000000000000000e+03 1.468673823114479712e-06
9.160000000000000000e+03 1.490865225639883786e-06
9.161000000000000000e+03 1.510767880347703591e-06
9.162000000000000000e+03 1.528139851078062410e-06
9.163000000000000000e+03 1.542736284341668079e-06
9.164000000000000000e+03 1.554311200979968057e-06
9.165000000000000000e+03 1.562619811583249578e-06
9.166000000000000000e+03 1.567420358977807811e-06
9.167000000000000000e+03 1.568476361374289044e-06
9.168000000000000000e+03 1.565558737021541976e-06
9.169000000000000000e+03 1.558448102705132462e-06
9.170000000000000000e+03 1.546936654455455061e-06
9.171000000000000000e+03 1.530830643070427514e-06
9.172000000000000000e+03 1.509952396724496980e-06
9.173000000000000000e+03 1.484142386165113324e-06
9.174000000000000000e+03 1.453261049760248253e-06
9.175000000000000000e+03 1.417190562043833135e-06
9.176000000000000000e+03 1.375836310947231676e-06
9.177000000000000000e+03 1.329128473580475871e-06
9.178000000000000000e+03 1.277023365917606846e-06
9.179000000000000000e+03 1.219504724305084027e-06
9.180000000000000000e+03 1.156584155241238671e-06
9.181000000000000000e+03 1.088302192306766251e-06
9.182000000000000000e+03 1.014728738246870991e-06
9.183000000000000000e+03 9.359633013739427932e-07
9.184000000000000000e+03 8.521355244234537619e-07
9.185000000000000000e+03 7.634046864224219200e-07
9.186000000000000000e+03 6.699598547839534490e-07
9.187000000000000000e+03 5.720193663703575719e-07
9.188000000000000000e+03 4.698302816951141265e-07
9.189000000000000000e+03 3.636674447237862843e-07
9.190000000000000000e+03 2.538326806966761531e-07
9.191000000000000000e+03 1.406536596396871604e-07
9.192000000000000000e+03 2.448235111992385427e-08
9.193000000000000000e+03 -9.430654002504817803e-08
9.194000000000000000e+03 -2.153176676986287573e-07
9.195000000000000000e+03 -3.381372680202418359e-07
9.196000000000000000e+03 -4.623352027649664217e-07
9.197000000000000000e+03 -5.874676004526501535e-07
9.198000000000000000e+03 -7.130794065170331918e-07
9.199000000000000000e+03 -8.387067179111585557e-07
9.200000000000000000e+03 -9.638793273356135845e-07
9.201000000000000000e+03 -1.088123745117059806e-06
9.202000000000000000e+03 -1.210965647794024708e-06
9.203000000000000000e+03 -1.331932740369528793e-06
9.204000000000000000e+03 -1.450556910771763801e-06
9.205000000000000000e+03 -1.566376481920425885e-06
9.206000000000000000e+03 -1.678938847653806651e-06
9.207000000000000000e+03 -1.787802460535649115e-06
9.208000000000000000e+03 -1.892539173984786547e-06
9.209000000000000000e+03 -1.992736279794657079e-06
9.210000000000000000e+03 -2.087998294446859975e-06
9.211000000000000000e+03 -2.177948535373793016e-06
9.212000000000000000e+03 -2.262231208707645460e-06
9.213000000000000000e+03 -2.340512626861919269e-06
9.214000000000000000e+03 -2.412482303350597158e-06
9.215000000000000000e+03 -2.477854293023862326e-06
9.216000000000000000e+03 -2.536368099170051161e-06
9.217000000000000000e+03 -2.587789563391092863e-06
9.218000000000000000e+03 -2.631911441154019865e-06
9.219000000000000000e+03 -2.668554141913785221e-06
9.220000000000000000e+03 -2.697566238555358362e-06
9.221000000000000000e+03 -2.718824428581098706e-06
9.222000000000000000e+03 -2.732233617962938970e-06
9.223000000000000000e+03 -2.737727268875075542e-06
9.224000000000000000e+03 -2.735267179999489923e-06
9.225000000000000000e+03 -2.724843435607974262e-06
9.226000000000000000e+03 -2.706474072343203578e-06
9.227000000000000000e+03 -2.680205133717008801e-06
9.228000000000000000e+03 -2.646110460586634475e-06
9.229000000000000000e+03 -2.604291367017954893e-06
9.230000000000000000e+03 -2.554876183676078818e-06
9.231000000000000000e+03 -2.498019823052991722e-06
9.232000000000000000e+03 -2.433903381112364412e-06
9.233000000000000000e+03 -2.362733468515633969e-06
9.234000000000000000e+03 -2.284741435230157460e-06
9.235000000000000000e+03 -2.200182727686433639e-06
9.236000000000000000e+03 -2.109336095258885492e-06
9.237000000000000000e+03 -2.012502822999006826e-06
9.238000000000000000e+03 -1.910005462032315621e-06
9.239000000000000000e+03 -1.802187012795394199e-06
9.240000000000000000e+03 -1.689409563047663114e-06
9.241000000000000000e+03 -1.572052883805889831e-06
9.242000000000000000e+03 -1.450513360271049798e-06
9.243000000000000000e+03 -1.325202780946626612e-06
9.244000000000000000e+03 -1.196546736867094522e-06
9.245000000000000000e+03 -1.064982990207108335e-06
9.246000000000000000e+03 -9.309599014999171294e-07
9.247000000000000000e+03 -7.949348282147991138e-07
9.248000000000000000e+03 -6.573719516495217511e-07
9.249000000000000000e+03 -5.187406987775199600e-07
9.250000000000000000e+03 -3.795139217272670123e-07
9.251000000000000000e+03 -2.401655127636613319e-07
9.252000000000000000e+03 -1.011688208074004805e-07
9.253000000000000000e+03 3.700570680899487429e-08
9.254000000000000000e+03 1.738919016647572186e-07
9.255000000000000000e+03 3.090301335409298129e-07
9.256000000000000000e+03 4.419695805751682912e-07
9.257000000000000000e+03 5.722699039667138263e-07
9.258000000000000000e+03 6.995028524705462901e-07
9.259000000000000000e+03 8.232546042523038926e-07
9.260000000000000000e+03 9.431275434092576100e-07
9.261000000000000000e+03 1.058742183381833712e-06
9.262000000000000000e+03 1.169738781912068735e-06
9.263000000000000000e+03 1.275779213890900370e-06
9.264000000000000000e+03 1.376548288973151823e-06
9.265000000000000000e+03 1.471755148695705396e-06
9.266000000000000000e+03 1.561134731562480765e-06
9.267000000000000000e+03 1.644448784876009965e-06
9.268000000000000000e+03 1.721486696837113739e-06
9.269000000000000000e+03 1.792066556144191881e-06
9.270000000000000000e+03 1.856035633939160992e-06
9.271000000000000000e+03 1.913270906016304203e-06
9.272000000000000000e+03 1.963679387762654296e-06
9.273000000000000000e+03 2.007198055964437920e-06
9.274000000000000000e+03 2.043793715152050026e-06
9.275000000000000000e+03 2.073463274924387071e-06
9.276000000000000000e+03 2.096233502624907155e-06
9.277000000000000000e+03 2.112160890523682018e-06
9.278000000000000000e+03 2.121331117023110056e-06
9.279000000000000000e+03 2.123857868078919922e-06
9.280000000000000000e+03 2.119882453932231762e-06
9.281000000000000000e+03 2.109572527450361983e-06
9.282000000000000000e+03 2.093121079902695547e-06
9.283000000000000000e+03 2.070745073174928667e-06
9.284000000000000000e+03 2.042684327660932977e-06
9.285000000000000000e+03 2.009200098328685103e-06
9.286000000000000000e+03 1.970573106330378729e-06
9.287000000000000000e+03 1.927102134145168374e-06
9.288000000000000000e+03 1.879101751055949104e-06
9.289000000000000000e+03 1.826900500164394002e-06
9.290000000000000000e+03 1.770839290710236133e-06
9.291000000000000000e+03 1.711269028658541770e-06
9.292000000000000000e+03 1.648548538632450562e-06
9.293000000000000000e+03 1.583042768514379447e-06
9.294000000000000000e+03 1.515120816611140650e-06
9.295000000000000000e+03 1.445153698609858760e-06
9.296000000000000000e+03 1.373512771077616079e-06
9.297000000000000000e+03 1.300567732614264624e-06
9.298000000000000000e+03 1.226684730168191232e-06
9.299000000000000000e+03 1.152224912826721422e-06
9.300000000000000000e+03 1.077542791972771136e-06
9.301000000000000000e+03 1.002985137917468764e-06
9.302000000000000000e+03 9.288887980828396458e-07
9.303000000000000000e+03 8.555798479301790412e-07
9.304000000000000000e+03 7.833717068518125961e-07
9.305000000000000000e+03 7.125641705688236078e-07
9.306000000000000000e+03 6.434420686100151100e-07
9.307000000000000000e+03 5.762738797915953823e-07
9.308000000000000000e+03 5.113103275534636748e-07
9.309000000000000000e+03 4.487833519302122761e-07
9.310000000000000000e+03 3.889049914447548134e-07
9.311000000000000000e+03 3.318662678830147788e-07
9.312000000000000000e+03 2.778365755062566324e-07
9.313000000000000000e+03 2.269626524044287719e-07
9.314000000000000000e+03 1.793679102243518826e-07
9.315000000000000000e+03 1.351517014469603790e-07
9.316000000000000000e+03 9.438933373629918124e-08
9.317000000000000000e+03 5.713160071830489990e-08
9.318000000000000000e+03 2.340478241949071145e-08
9.319000000000000000e+03 -6.789136942275578419e-09
9.320000000000000000e+03 -3.347228802222668986e-08
9.321000000000000000e+03 -5.669041564632382181e-08
9.322000000000000000e+03 -7.651216721794848672e-08
9.323000000000000000e+03 -9.302854016479006570e-08
9.324000000000000000e+03 -1.063520467788090158e-07
9.325000000000000000e+03 -1.166155827010447368e-07
9.326000000000000000e+03 -1.239715365880785418e-07
9.327000000000000000e+03 -1.285902606362527743e-07
9.328000000000000000e+03 -1.306593308794781058e-07
9.329000000000000000e+03 -1.303814418699664102e-07
9.330000000000000000e+03 -1.279734610349099950e-07
9.331000000000000000e+03 -1.236643385477645834e-07
9.332000000000000000e+03 -1.176939707394675900e-07
9.333000000000000000e+03 -1.103111754868213210e-07
9.334000000000000000e+03 -1.017720169824681536e-07
9.335000000000000000e+03 -9.233784552795057660e-08
9.336000000000000000e+03 -8.227305032104119118e-08
9.337000000000000000e+03 -7.184330201394743028e-08
9.338000000000000000e+03 -6.131382231623552081e-08
9.339000000000000000e+03 -5.094668914430371885e-08
9.340000000000000000e+03 -4.099917497075695008e-08
9.341000000000000000e+03 -3.172167950169708329e-08
9.342000000000000000e+03 -2.335571696381638364e-08
9.343000000000000000e+03 -1.613212250469805779e-08
9.344000000000000000e+03 -1.026875813356032862e-08
9.345000000000000000e+03 -5.969165456254959645e-09
9.346000000000000000e+03 -3.421000080024621051e-09
9.347000000000000000e+03 -2.794402993372771530e-09
9.348000000000000000e+03 -4.240800333144886197e-09
9.349000000000000000e+03 -7.891720067999694701e-09
9.350000000000000000e+03 -1.385746779817041363e-08
9.351000000000000000e+03 -2.222670280033452739e-08
9.352000000000000000e+03 -3.306571059655139484e-08
9.353000000000000000e+03 -4.641757526478351772e-08
9.354000000000000000e+03 -6.230204551613719914e-08
9.355000000000000000e+03 -8.071597160755985226e-08
9.356000000000000000e+03 -1.016330657505423736e-07
9.357000000000000000e+03 -1.250040349973619094e-07
9.358000000000000000e+03 -1.507573011858467160e-07
9.359000000000000000e+03 -1.787999937392337250e-07
9.360000000000000000e+03 -2.090189178160096414e-07
9.361000000000000000e+03 -2.412815731231754145e-07
9.362000000000000000e+03 -2.754377199812864725e-07
9.363000000000000000e+03 -3.113206316780462450e-07
9.364000000000000000e+03 -3.487491722002790976e-07
9.365000000000000000e+03 -3.875295236684081446e-07
9.366000000000000000e+03 -4.274576193552045200e-07
9.367000000000000000e+03 -4.683208849559247812e-07
9.368000000000000000e+03 -5.098999220132450689e-07
9.369000000000000000e+03 -5.519706753926249691e-07
9.370000000000000000e+03 -5.943060833242826576e-07
9.371000000000000000e+03 -6.366779419596662035e-07
9.372000000000000000e+03 -6.788588298428567764e-07
9.373000000000000000e+03 -7.206238661750999197e-07
9.374000000000000000e+03 -7.617517590483255358e-07
9.375000000000000000e+03 -8.020264967666942914e-07
9.376000000000000000e+03 -8.412387979505413375e-07
9.377000000000000000e+03 -8.791871471857125564e-07
9.378000000000000000e+03 -9.156784630228490190e-07
9.379000000000000000e+03 -9.505297507715946794e-07
9.380000000000000000e+03 -9.835684896552546662e-07
9.381000000000000000e+03 -1.014633241670336770e-06
9.382000000000000000e+03 -1.043574432090985583e-06
9.383000000000000000e+03 -1.070254734181709596e-06
9.384000000000000000e+03 -1.094549573634721601e-06
9.385000000000000000e+03 -1.116346971639840891e-06
9.386000000000000000e+03 -1.135547931200111202e-06
9.387000000000000000e+03 -1.152066443801353605e-06
9.388000000000000000e+03 -1.165829577025840810e-06
9.389000000000000000e+03 -1.176776834049490795e-06
9.390000000000000000e+03 -1.184859917659938881e-06
9.391000000000000000e+03 -1.190043089702335966e-06
9.392000000000000000e+03 -1.192302079416294062e-06
9.393000000000000000e+03 -1.191624186487233697e-06
9.394000000000000000e+03 -1.188007439352638751e-06
9.395000000000000000e+03 -1.181460046828634281e-06
9.396000000000000000e+03 -1.171999903870655139e-06
9.397000000000000000e+03 -1.159653623228758080e-06
9.398000000000000000e+03 -1.144456192067594628e-06
9.399000000000000000e+03 -1.126449975279592282e-06
9.400000000000000000e+03 -1.105684567216320656e-06
9.401000000000000000e+03 -1.082215948399167060e-06
9.402000000000000000e+03 -1.056105480436150301e-06
9.403000000000000000e+03 -1.027418700725271717e-06
9.404000000000000000e+03 -9.962262507882368138e-07
9.405000000000000000e+03 -9.626024891812027207e-07
9.406000000000000000e+03 -9.266247991097842708e-07
9.407000000000000000e+03 -8.883733153715926273e-07
9.408000000000000000e+03 -8.479308890826399146e-07
9.409000000000000000e+03 -8.053830682122569685e-07
9.410000000000000000e+03 -7.608177190082087983e-07
9.411000000000000000e+03 -7.143250788416649858e-07
9.412000000000000000e+03 -6.659980786732093696e-07
9.413000000000000000e+03 -6.159326596251385791e-07
9.414000000000000000e+03 -5.642286558800820639e-07
9.415000000000000000e+03 -5.109896974802264521e-07
9.416000000000000000e+03 -4.563237696021206890e-07
9.417000000000000000e+03 -4.003438160144282755e-07
9.418000000000000000e+03 -3.431682530826558415e-07
9.419000000000000000e+03 -2.849212751290801506e-07
9.420000000000000000e+03 -2.257335081740469703e-07
9.421000000000000000e+03 -1.657423020959692959e-07
9.422000000000000000e+03 -1.050917618870427658e-07
9.423000000000000000e+03 -4.393274682498275941e-08
9.424000000000000000e+03 1.757699867305496584e-08
9.425000000000000000e+03 7.927360258024345419e-08
9.426000000000000000e+03 1.409871255452303111e-07
9.427000000000000000e+03 2.025420828172935620e-07
9.428000000000000000e+03 2.637577891681325467e-07
9.429000000000000000e+03 3.244488699679035929e-07
9.430000000000000000e+03 3.844260103354742153e-07
9.431000000000000000e+03 4.434966815363680479e-07
9.432000000000000000e+03 5.014659733678713918e-07
9.433000000000000000e+03 5.581373753012962375e-07
9.434000000000000000e+03 6.133131099231522306e-07
9.435000000000000000e+03 6.667950108428180247e-07
9.436000000000000000e+03 7.183857412795012038e-07
9.437000000000000000e+03 7.678898957349849595e-07
9.438000000000000000e+03 8.151150296485885095e-07
9.439000000000000000e+03 8.598729996359139120e-07
9.440000000000000000e+03 9.019816039741392132e-07
9.441000000000000000e+03 9.412655519009767353e-07
9.442000000000000000e+03 9.775583406340999157e-07
9.443000000000000000e+03 1.010703586837837772e-06
9.444000000000000000e+03 1.040556783255528107e-06
9.445000000000000000e+03 1.066986499456968299e-06
9.446000000000000000e+03 1.089875862511845533e-06
9.447000000000000000e+03 1.109123622654579046e-06
9.448000000000000000e+03 1.124645165992850132e-06
9.449000000000000000e+03 1.136373583883263330e-06
9.450000000000000000e+03 1.144260020955713651e-06
9.451000000000000000e+03 1.148273608762763608e-06
9.452000000000000000e+03 1.148401441740416618e-06
9.453000000000000000e+03 1.144648828112885675e-06
9.454000000000000000e+03 1.137038851387397384e-06
9.455000000000000000e+03 1.125611501181276245e-06
9.456000000000000000e+03 1.110423027147409973e-06
9.457000000000000000e+03 1.091544674809095936e-06
9.458000000000000000e+03 1.069062033500193584e-06
9.459000000000000000e+03 1.043073881080073868e-06
9.460000000000000000e+03 1.013690841233031310e-06
9.461000000000000000e+03 9.810346697000188252e-07
9.462000000000000000e+03 9.452367388200223750e-07
9.463000000000000000e+03 9.064370300722892678e-07
9.464000000000000000e+03 8.647836789611520482e-07
9.465000000000000000e+03 8.204315148715703086e-07
9.466000000000000000e+03 7.735417394931780368e-07
9.467000000000000000e+03 7.242810274016448034e-07
9.468000000000000000e+03 6.728207267901533601e-07
9.469000000000000000e+03 6.193371187607939953e-07
9.470000000000000000e+03 5.640103317518883988e-07
9.471000000000000000e+03 5.070241356163547087e-07
9.472000000000000000e+03 4.485660948175619362e-07
9.473000000000000000e+03 3.888265886270927222e-07
9.474000000000000000e+03 3.279987827059943923e-07
9.475000000000000000e+03 2.662776031079728909e-07
9.476000000000000000e+03 2.038595520184617083e-07
9.477000000000000000e+03 1.409419587802800001e-07
9.478000000000000000e+03 7.772248402171555060e-08
9.479000000000000000e+03 1.439856155563939196e-08
9.480000000000000000e+03 -4.883337575999949304e-08
9.481000000000000000e+03 -1.117789806055614082e-07
9.482000000000000000e+03 -1.742465216845738756e-07
9.483000000000000000e+03 -2.360473329616181442e-07
9.484000000000000000e+03 -2.969964388250906336e-07
9.485000000000000000e+03 -3.569132381880321864e-07
9.486000000000000000e+03 -4.156224911030348301e-07
9.487000000000000000e+03 -4.729544092677326248e-07
9.488000000000000000e+03 -5.287454400385399946e-07
9.489000000000000000e+03 -5.828383906212893291e-07
9.490000000000000000e+03 -6.350833533434797282e-07
9.491000000000000000e+03 -6.853377221878782237e-07
9.492000000000000000e+03 -7.334669593723768026e-07
9.493000000000000000e+03 -7.793442744428758170e-07
9.494000000000000000e+03 -8.228509760942635767e-07
9.495000000000000000e+03 -8.638768840480649936e-07
9.496000000000000000e+03 -9.023206403705162868e-07
9.497000000000000000e+03 -9.380893432592823474e-07
9.498000000000000000e+03 -9.710983840989202875e-07
9.499000000000000000e+03 -1.001272239367571470e-06
9.500000000000000000e+03 -1.028544615508530559e-06
9.501000000000000000e+03 -1.052858193429602169e-06
9.502000000000000000e+03 -1.074165398333014257e-06
9.503000000000000000e+03 -1.092429187013963349e-06
9.504000000000000000e+03 -1.107622621494575755e-06
9.505000000000000000e+03 -1.119729222843534243e-06
9.506000000000000000e+03 -1.128742795170045473e-06
9.507000000000000000e+03 -1.134668320082900149e-06
9.508000000000000000e+03 -1.137521501754254123e-06
9.509000000000000000e+03 -1.137328880453609696e-06
9.510000000000000000e+03 -1.134126896050372859e-06
9.511000000000000000e+03 -1.127961986300448093e-06
9.512000000000000000e+03 -1.118890229894109787e-06
9.513000000000000000e+03 -1.106976885644290800e-06
9.514000000000000000e+03 -1.092295758362829499e-06
9.515000000000000000e+03 -1.074927998609034472e-06
9.516000000000000000e+03 -1.054961488552616275e-06
9.517000000000000000e+03 -1.032490049203533833e-06
9.518000000000000000e+03 -1.007613083382340105e-06
9.519000000000000000e+03 -9.804347913941664251e-07
9.520000000000000000e+03 -9.510631317787982723e-07
9.521000000000000000e+03 -9.196098559192985332e-07
9.522000000000000000e+03 -8.861893422245730695e-07
9.523000000000000000e+03 -8.509180217292952816e-07
9.524000000000000000e+03 -8.139134702289343723e-07
9.525000000000000000e+03 -7.752940373583912692e-07
9.526000000000000000e+03 -7.351783921007565143e-07
9.527000000000000000e+03 -6.936847920955991235e-07
9.528000000000000000e+03 -6.509301765180378026e-07
9.529000000000000000e+03 -6.070300155539908926e-07
9.530000000000000000e+03 -5.620980268879102512e-07
9.531000000000000000e+03 -5.162456186020201108e-07
9.532000000000000000e+03 -4.695817278206224779e-07
9.533000000000000000e+03 -4.222122996143641091e-07
9.534000000000000000e+03 -3.742409319139200524e-07
9.535000000000000000e+03 -3.257685034297902952e-07
9.536000000000000000e+03 -2.768933808205548217e-07
9.537000000000000000e+03 -2.277120792890185635e-07
9.538000000000000000e+03 -1.783193529057837909e-07
9.539000000000000000e+03 -1.288081316487258284e-07
9.540000000000000000e+03 -7.927049438342557018e-08
9.541000000000000000e+03 -2.979785434794221181e-08
9.542000000000000000e+03 1.951833481182042815e-08
9.543000000000000000e+03 6.858710725483980988e-08
9.544000000000000000e+03 1.173169969246019379e-07
9.545000000000000000e+03 1.656159051827030662e-07
9.546000000000000000e+03 2.133907049136798485e-07
9.547000000000000000e+03 2.605478349875014153e-07
9.548000000000000000e+03 3.069929779821901010e-07
9.549000000000000000e+03 3.526313632384782844e-07
9.550000000000000000e+03 3.973680468932734518e-07
9.551000000000000000e+03 4.411087661145446172e-07
9.552000000000000000e+03 4.837601957242255094e-07
9.553000000000000000e+03 5.252320065986056182e-07
9.554000000000000000e+03 5.654371314477978723e-07
9.555000000000000000e+03 6.042933518993095968e-07
9.556000000000000000e+03 6.417238625320913656e-07
9.557000000000000000e+03 6.776581009339908694e-07
9.558000000000000000e+03 7.120335404829532329e-07
9.559000000000000000e+03 7.447964242666991203e-07
9.560000000000000000e+03 7.759020942141384311e-07
9.561000000000000000e+03 8.053158744322520592e-07
9.562000000000000000e+03 8.330129567947147879e-07
9.563000000000000000e+03 8.589789205260023047e-07
9.564000000000000000e+03 8.832092822943691169e-07
9.565000000000000000e+03 9.057088274290028203e-07
9.566000000000000000e+03 9.264909047111385582e-07
9.567000000000000000e+03 9.455763851259486011e-07
9.568000000000000000e+03 9.629927312847692240e-07
9.569000000000000000e+03 9.787731339531887328e-07
9.570000000000000000e+03 9.929555375172051226e-07
9.571000000000000000e+03 1.005581899060614143e-06
9.572000000000000000e+03 1.016696678765321331e-06
9.573000000000000000e+03 1.026346705181325548e-06
9.574000000000000000e+03 1.034580637365017174e-06
9.575000000000000000e+03 1.041448789088996639e-06
9.576000000000000000e+03 1.047003186357994248e-06
9.577000000000000000e+03 1.051297564506108593e-06
9.578000000000000000e+03 1.054387848874555783e-06
9.579000000000000000e+03 1.056332295745295711e-06
9.580000000000000000e+03 1.057191033476723689e-06
9.581000000000000000e+03 1.057026192744399805e-06
9.582000000000000000e+03 1.055901729060682443e-06
9.583000000000000000e+03 1.053882000352166137e-06
9.584000000000000000e+03 1.051031829051432396e-06
9.585000000000000000e+03 1.047415511310057006e-06
9.586000000000000000e+03 1.043095843066083682e-06
9.587000000000000000e+03 1.038132538470576923e-06
9.588000000000000000e+03 1.032581342750616613e-06
9.589000000000000000e+03 1.026492640195484639e-06
9.590000000000000000e+03 1.019910175811584332e-06
9.591000000000000000e+03 1.012870430088653606e-06
9.592000000000000000e+03 1.005401859151969156e-06
9.593000000000000000e+03 9.975235564900317310e-07
9.594000000000000000e+03 9.892452159327230361e-07
9.595000000000000000e+03 9.805666526562192180e-07
9.596000000000000000e+03 9.714782146224022391e-07
9.597000000000000000e+03 9.619600893653418516e-07
9.598000000000000000e+03 9.519831428309231160e-07
9.599000000000000000e+03 9.415093659901475191e-07
9.600000000000000000e+03 9.304925042258432765e-07
9.601000000000000000e+03 9.188789405365922482e-07
9.602000000000000000e+03 9.066086594043948067e-07
9.603000000000000000e+03 8.936163240894774208e-07
9.604000000000000000e+03 8.798332428537635956e-07
9.605000000000000000e+03 8.651873363551892951e-07
9.606000000000000000e+03 8.496059492919020241e-07
9.607000000000000000e+03 8.330165943729051535e-07
9.608000000000000000e+03 8.153488046602454084e-07
9.609000000000000000e+03 7.965349694081927198e-07
9.610000000000000000e+03 7.765122850963893716e-07
9.611000000000000000e+03 7.552240407892990224e-07
9.612000000000000000e+03 7.326203654255093889e-07
9.613000000000000000e+03 7.086591399256073177e-07
9.614000000000000000e+03 6.833070916358656000e-07
9.615000000000000000e+03 6.565409269059729925e-07
9.616000000000000000e+03 6.283471539966051294e-07
9.617000000000000000e+03 5.987224211506516897e-07
9.618000000000000000e+03 5.676743687643425897e-07
9.619000000000000000e+03 5.352212411304108332e-07
9.620000000000000000e+03 5.013913744100605344e-07
9.621000000000000000e+03 4.662230935072339263e-07
9.622000000000000000e+03 4.297639266822531751e-07
9.623000000000000000e+03 3.920694300465979160e-07
9.624000000000000000e+03 3.532037212599169414e-07
9.625000000000000000e+03 3.132381103083618059e-07
9.626000000000000000e+03 2.722505110469209336e-07
9.627000000000000000e+03 2.303243410891675665e-07
9.628000000000000000e+03 1.875484589105058641e-07
9.629000000000000000e+03 1.440161664987785048e-07
9.630000000000000000e+03 9.982514126464059894e-08
9.631000000000000000e+03 5.507658584716819543e-08
9.632000000000000000e+03 9.874926604094832399e-09
9.633000000000000000e+03 -3.567188910038479726e-08
9.634000000000000000e+03 -8.145275914052628061e-08
9.635000000000000000e+03 -1.273538275163164747e-07
9.636000000000000000e+03 -1.732583865811222788e-07
9.637000000000000000e+03 -2.190461319318889331e-07
9.638000000000000000e+03 -2.645936491613522234e-07
9.639000000000000000e+03 -3.097742136654650129e-07
9.640000000000000000e+03 -3.544572030158786160e-07
9.641000000000000000e+03 -3.985081502977449442e-07
9.642000000000000000e+03 -4.417898603087891522e-07
9.643000000000000000e+03 -4.841622872074453040e-07
9.644000000000000000e+03 -5.254830589088651280e-07
9.645000000000000000e+03 -5.656075106830886226e-07
9.646000000000000000e+03 -6.043897243180798032e-07
9.647000000000000000e+03 -6.416826482853341487e-07
9.648000000000000000e+03 -6.773397815817568944e-07
9.649000000000000000e+03 -7.112152894456534108e-07
9.650000000000000000e+03 -7.431652770469324777e-07
9.651000000000000000e+03 -7.730479871374408967e-07
9.652000000000000000e+03 -8.007245435117190748e-07
9.653000000000000000e+03 -8.260597882371787000e-07
9.654000000000000000e+03 -8.489225171223308069e-07
9.655000000000000000e+03 -8.691859304494016642e-07
9.656000000000000000e+03 -8.867279507581328970e-07
9.657000000000000000e+03 -9.014325916379986836e-07
9.658000000000000000e+03 -9.131899936256137846e-07
9.659000000000000000e+03 -9.218969583059233061e-07
9.660000000000000000e+03 -9.274581067526696452e-07
9.661000000000000000e+03 -9.297867268353457967e-07
9.662000000000000000e+03 -9.288053168407723341e-07
9.663000000000000000e+03 -9.244472079276772891e-07
9.664000000000000000e+03 -9.166567182282936533e-07
9.665000000000000000e+03 -9.053901829867530516e-07
9.666000000000000000e+03 -8.906168517566788070e-07
9.667000000000000000e+03 -8.723197758885506341e-07
9.668000000000000000e+03 -8.504971849736489159e-07
9.669000000000000000e+03 -8.251630115698631491e-07
9.670000000000000000e+03 -7.963481728451447456e-07
9.671000000000000000e+03 -7.641007857406988746e-07
9.672000000000000000e+03 -7.284870011407199731e-07
9.673000000000000000e+03 -6.895921514954400962e-07
9.674000000000000000e+03 -6.475216442938642095e-07
9.675000000000000000e+03 -6.024010985279322436e-07
9.676000000000000000e+03 -5.543769992976753675e-07
9.677000000000000000e+03 -5.036169719977052621e-07
9.678000000000000000e+03 -4.503089365648851792e-07
9.679000000000000000e+03 -3.946619178200918804e-07
9.680000000000000000e+03 -3.369052215284592427e-07
9.681000000000000000e+03 -2.772879737429347909e-07
9.682000000000000000e+03 -2.160785680296596594e-07
9.683000000000000000e+03 -1.535626963579669686e-07
9.684000000000000000e+03 -9.004190295859574449e-08
9.685000000000000000e+03 -2.583196436060316540e-08
9.686000000000000000e+03 3.874021447910551569e-08
9.687000000000000000e+03 1.033385602964355400e-07
9.688000000000000000e+03 1.676195786460503121e-07
9.689000000000000000e+03 2.312355557763728175e-07
9.690000000000000000e+03 2.938376511867047940e-07
9.691000000000000000e+03 3.550781243628204730e-07
9.692000000000000000e+03 4.146131425234052631e-07
9.693000000000000000e+03 4.721054337753751381e-07
9.694000000000000000e+03 5.272280336046569594e-07
9.695000000000000000e+03 5.796666642151601566e-07
9.696000000000000000e+03 6.291213503325027684e-07
9.697000000000000000e+03 6.753089004534517927e-07
9.698000000000000000e+03 7.179657392633614604e-07
9.699000000000000000e+03 7.568476385111093277e-07
9.700000000000000000e+03 7.917333372466010343e-07
9.701000000000000000e+03 8.224247696019793441e-07
9.702000000000000000e+03 8.487474343226283208e-07
9.703000000000000000e+03 8.705506669349117194e-07
9.704000000000000000e+03 8.877081856397090668e-07
9.705000000000000000e+03 9.001184939200548391e-07
9.706000000000000000e+03 9.077044885478495644e-07
9.707000000000000000e+03 9.104137747470087220e-07
9.708000000000000000e+03 9.082179931381210979e-07
9.709000000000000000e+03 9.011117791311798817e-07
9.710000000000000000e+03 8.891127236527227188e-07
9.711000000000000000e+03 8.722610353899772503e-07
9.712000000000000000e+03 8.506173885848623045e-07
9.713000000000000000e+03 8.242629022373356563e-07
9.714000000000000000e+03 7.932973468067002004e-07
9.715000000000000000e+03 7.578391267800811548e-07
9.716000000000000000e+03 7.180242600874794069e-07
9.717000000000000000e+03 6.740040468521338719e-07
9.718000000000000000e+03 6.259442230404092137e-07
9.719000000000000000e+03 5.740239711326010553e-07
9.720000000000000000e+03 5.184351309267974492e-07
9.721000000000000000e+03 4.593805293522643678e-07
9.722000000000000000e+03 3.970731651240518805e-07
9.723000000000000000e+03 3.317343652347171426e-07
9.724000000000000000e+03 2.635930436860206864e-07
9.725000000000000000e+03 1.928840454630699738e-07
9.726000000000000000e+03 1.198475118998244099e-07
9.727000000000000000e+03 4.472770998336647199e-08
9.728000000000000000e+03 -3.222913480496371918e-08
9.729000000000000000e+03 -1.107751291507912164e-07
9.730000000000000000e+03 -1.906621477723236031e-07
9.731000000000000000e+03 -2.716427578522128825e-07
9.732000000000000000e+03 -3.534707404342586900e-07
9.733000000000000000e+03 -4.359017544931207598e-07
9.734000000000000000e+03 -5.186940297909529588e-07
9.735000000000000000e+03 -6.016083412286224137e-07
9.736000000000000000e+03 -6.844064605963501537e-07
9.737000000000000000e+03 -7.668540208855198865e-07
9.738000000000000000e+03 -8.487181561608471364e-07
9.739000000000000000e+03 -9.297683281638832629e-07
9.740000000000000000e+03 -1.009775413328366844e-06
9.741000000000000000e+03 -1.088512189604990633e-06
9.742000000000000000e+03 -1.165753342963579671e-06
9.743000000000000000e+03 -1.241275226001063028e-06
9.744000000000000000e+03 -1.314856279116017902e-06
9.745000000000000000e+03 -1.386276874242805527e-06
9.746000000000000000e+03 -1.455319483317512751e-06
9.747000000000000000e+03 -1.521768585725292557e-06
9.748000000000000000e+03 -1.585412317465698709e-06
9.749000000000000000e+03 -1.646042214353834275e-06
9.750000000000000000e+03 -1.703454934916303171e-06
9.751000000000000000e+03 -1.757452532353197576e-06
9.752000000000000000e+03 -1.807843588694246639e-06
9.753000000000000000e+03 -1.854442636651606201e-06
9.754000000000000000e+03 -1.897070518489964520e-06
9.755000000000000000e+03 -1.935554390310400392e-06
9.756000000000000000e+03 -1.969728143176752149e-06
9.757000000000000000e+03 -1.999433850121973638e-06
9.758000000000000000e+03 -2.024521950936612246e-06
9.759000000000000000e+03 -2.044851538845006279e-06
9.760000000000000000e+03 -2.060292333252558570e-06
9.761000000000000000e+03 -2.070725373628065148e-06
9.762000000000000000e+03 -2.076044452671865690e-06
9.763000000000000000e+03 -2.076156803775702000e-06
9.764000000000000000e+03 -2.070985491449844104e-06
9.765000000000000000e+03 -2.060469865460643476e-06
9.766000000000000000e+03 -2.044566883255306020e-06
9.767000000000000000e+03 -2.023251677259800791e-06
9.768000000000000000e+03 -1.996517351841098859e-06
9.769000000000000000e+03 -1.964377303141855707e-06
9.770000000000000000e+03 -1.926866768859520195e-06
9.771000000000000000e+03 -1.884042478445273802e-06
9.772000000000000000e+03 -1.835983211035487988e-06
9.773000000000000000e+03 -1.782790619919008791e-06
9.774000000000000000e+03 -1.724590790851828232e-06
9.775000000000000000e+03 -1.661534272236475202e-06
9.776000000000000000e+03 -1.593796740758915816e-06
9.777000000000000000e+03 -1.521578708460610609e-06
9.778000000000000000e+03 -1.445106183001898649e-06
9.779000000000000000e+03 -1.364630125635615153e-06
9.780000000000000000e+03 -1.280425317468801069e-06
9.781000000000000000e+03 -1.192788744969591705e-06
9.782000000000000000e+03 -1.102037430258065351e-06
9.783000000000000000e+03 -1.008505683729259719e-06
9.784000000000000000e+03 -9.125434792916351491e-07
9.785000000000000000e+03 -8.145135941222381502e-07
9.786000000000000000e+03 -7.147878855511687999e-07
9.787000000000000000e+03 -6.137454739275681413e-07
9.788000000000000000e+03 -5.117693018775510562e-07
9.789000000000000000e+03 -4.092435672240773774e-07
9.790000000000000000e+03 -3.065506047022945738e-07
9.791000000000000000e+03 -2.040686610231523621e-07
9.792000000000000000e+03 -1.021703894888497024e-07
9.793000000000000000e+03 -1.219938510376599211e-09
9.794000000000000000e+03 9.842796363166943161e-08
9.795000000000000000e+03 1.964295067088683482e-07
9.796000000000000000e+03 2.924524824811614120e-07
9.797000000000000000e+03 3.861773643035175290e-07
9.798000000000000000e+03 4.772989856139586927e-07
9.799000000000000000e+03 5.655269639590111301e-07
9.800000000000000000e+03 6.505864043997977341e-07
9.801000000000000000e+03 7.322168880950372178e-07
9.802000000000000000e+03 8.101746210245808319e-07
9.803000000000000000e+03 8.842332179122108029e-07
9.804000000000000000e+03 9.541849000979798731e-07
9.805000000000000000e+03 1.019842164533314198e-06
9.806000000000000000e+03 1.081038084553579636e-06
9.807000000000000000e+03 1.137627009097251617e-06
9.808000000000000000e+03 1.189486721515363442e-06
9.809000000000000000e+03 1.236519884893667048e-06
9.810000000000000000e+03 1.278653716344632465e-06
9.811000000000000000e+03 1.315841684377878950e-06
9.812000000000000000e+03 1.348063187217922343e-06
9.813000000000000000e+03 1.375325311355529803e-06
9.814000000000000000e+03 1.397661648008460991e-06
9.815000000000000000e+03 1.415132946436140533e-06
9.816000000000000000e+03 1.427826386631092181e-06
9.817000000000000000e+03 1.435854000032621662e-06
9.818000000000000000e+03 1.439350843799010648e-06
9.819000000000000000e+03 1.438472962133512338e-06
9.820000000000000000e+03 1.433395915641056996e-06
9.821000000000000000e+03 1.424312665787005369e-06
9.822000000000000000e+03 1.411431882113681328e-06
9.823000000000000000e+03 1.394977633187928505e-06
9.824000000000000000e+03 1.375186798579493514e-06
9.825000000000000000e+03 1.352308128178628028e-06
9.826000000000000000e+03 1.326602122102119777e-06
9.827000000000000000e+03 1.298341777047899242e-06
9.828000000000000000e+03 1.267810516307924204e-06
9.829000000000000000e+03 1.235301932338661213e-06
9.830000000000000000e+03 1.201120174394025057e-06
9.831000000000000000e+03 1.165580938510462076e-06
9.832000000000000000e+03 1.129008806333420417e-06
9.833000000000000000e+03 1.091736467281684727e-06
9.834000000000000000e+03 1.054104703830322267e-06
9.835000000000000000e+03 1.016457522412423090e-06
9.836000000000000000e+03 9.791412968778361022e-07
9.837000000000000000e+03 9.425013525948376850e-07
9.838000000000000000e+03 9.068785869463353686e-07
9.839000000000000000e+03 8.726047456567111810e-07
9.840000000000000000e+03 8.399992733166216710e-07
9.841000000000000000e+03 8.093645529618932465e-07
9.842000000000000000e+03 7.809817798052321796e-07
9.843000000000000000e+03 7.551048790651721926e-07
9.844000000000000000e+03 7.319581895738568737e-07
9.845000000000000000e+03 7.117332993307388215e-07
9.846000000000000000e+03 6.945848843913254083e-07
9.847000000000000000e+03 6.806272646677865898e-07
9.848000000000000000e+03 6.699324596706907897e-07
9.849000000000000000e+03 6.625280960508613301e-07
9.850000000000000000e+03 6.583962345533151838e-07
9.851000000000000000e+03 6.574743336883666482e-07
9.852000000000000000e+03 6.596558922598991356e-07
9.853000000000000000e+03 6.647893179250467693e-07
9.854000000000000000e+03 6.726827394107678819e-07
9.855000000000000000e+03 6.831066488035443143e-07
9.856000000000000000e+03 6.957970516526974037e-07
9.857000000000000000e+03 7.104590690648073194e-07
9.858000000000000000e+03 7.267714574608448783e-07
9.859000000000000000e+03 7.443951435044607210e-07
9.860000000000000000e+03 7.629759423115491111e-07
9.861000000000000000e+03 7.821498051328109874e-07
9.862000000000000000e+03 8.015460541098180932e-07
9.863000000000000000e+03 8.207933796700948137e-07
9.864000000000000000e+03 8.395255160150337636e-07
9.865000000000000000e+03 8.573833080303386564e-07
9.866000000000000000e+03 8.740182433970101853e-07
9.867000000000000000e+03 8.890931197068431852e-07
9.868000000000000000e+03 9.022826699788195716e-07
9.869000000000000000e+03 9.132771670110513212e-07
9.870000000000000000e+03 9.217809877510550813e-07
9.871000000000000000e+03 9.275139824688300006e-07
9.872000000000000000e+03 9.302121717883583431e-07
9.873000000000000000e+03 9.296302694557823574e-07
9.874000000000000000e+03 9.255417383470086126e-07
9.875000000000000000e+03 9.177423079510274854e-07
9.876000000000000000e+03 9.060486047145807197e-07
9.877000000000000000e+03 8.903014302764719484e-07
9.878000000000000000e+03 8.703668765022037973e-07
9.879000000000000000e+03 8.461397643259593176e-07
9.880000000000000000e+03 8.175450216089744991e-07
9.881000000000000000e+03 7.845384283573190732e-07
9.882000000000000000e+03 7.471070161716424912e-07
9.883000000000000000e+03 7.052691518540757671e-07
9.884000000000000000e+03 6.590750675905792654e-07
9.885000000000000000e+03 6.086060678131274578e-07
9.886000000000000000e+03 5.539742970936918496e-07
9.887000000000000000e+03 4.953222333769873836e-07
9.888000000000000000e+03 4.328206877170992953e-07
9.889000000000000000e+03 3.666677930742264782e-07
9.890000000000000000e+03 2.970886200597935833e-07
9.891000000000000000e+03 2.243349399690714894e-07
9.892000000000000000e+03 1.486831637732996467e-07
9.893000000000000000e+03 7.043081944158973047e-08
9.894000000000000000e+03 -1.010432559042451115e-08
9.895000000000000000e+03 -9.258237002466291964e-08
9.896000000000000000e+03 -1.766424570996217332e-07
9.897000000000000000e+03 -2.619064227100192122e-07
9.898000000000000000e+03 -3.479783484806501819e-07
9.899000000000000000e+03 -4.344460112668109958e-07
9.900000000000000000e+03 -5.208830344758741582e-07
9.901000000000000000e+03 -6.068509091758747180e-07
9.902000000000000000e+03 -6.919026708964931523e-07
9.903000000000000000e+03 -7.755844401013583181e-07
9.904000000000000000e+03 -8.574430637167962060e-07
9.905000000000000000e+03 -9.370269643385670815e-07
9.906000000000000000e+03 -1.013889363860625074e-06
9.907000000000000000e+03 -1.087589307955351561e-06
9.908000000000000000e+03 -1.157694743906992119e-06
9.909000000000000000e+03 -1.223792689762174317e-06
9.910000000000000000e+03 -1.285483416274555139e-06
9.911000000000000000e+03 -1.342385530707361744e-06
9.912000000000000000e+03 -1.394139493822616934e-06
9.913000000000000000e+03 -1.440407573522564115e-06
9.914000000000000000e+03 -1.480873482759030912e-06
9.915000000000000000e+03 -1.515245172585918394e-06
9.916000000000000000e+03 -1.543257348076131723e-06
9.917000000000000000e+03 -1.564670170140224639e-06
9.918000000000000000e+03 -1.579273586264281656e-06
9.919000000000000000e+03 -1.586890888398994641e-06
9.920000000000000000e+03 -1.587380748441983358e-06
9.921000000000000000e+03 -1.580639405637478118e-06
9.922000000000000000e+03 -1.566601202387283453e-06
9.923000000000000000e+03 -1.545242299846267507e-06
9.924000000000000000e+03 -1.516583451558153013e-06
9.925000000000000000e+03 -1.480689301394834573e-06
9.926000000000000000e+03 -1.437668739503389577e-06
9.927000000000000000e+03 -1.387672889358716212e-06
9.928000000000000000e+03 -1.330898300950687135e-06
9.929000000000000000e+03 -1.267580998519744121e-06
9.930000000000000000e+03 -1.197997093338987188e-06
9.931000000000000000e+03 -1.122460085370450704e-06
9.932000000000000000e+03 -1.041316945929596682e-06
9.933000000000000000e+03 -9.549469906458867078e-07
9.934000000000000000e+03 -8.637616697213736700e-07
9.935000000000000000e+03 -7.682024947311281923e-07
9.936000000000000000e+03 -6.687360015495579314e-07
9.937000000000000000e+03 -5.658607981354494048e-07
9.938000000000000000e+03 -4.600993448310319654e-07
9.939000000000000000e+03 -3.519963851880272236e-07
9.940000000000000000e+03 -2.421196080679409967e-07
9.941000000000000000e+03 -1.310605794031362451e-07
9.942000000000000000e+03 -1.942714867995953327e-08
9.943000000000000000e+03 9.215318017389398061e-08
9.944000000000000000e+03 2.030411979288946298e-07
9.945000000000000000e+03 3.125908443167980114e-07
9.946000000000000000e+03 4.201487069377629654e-07
9.947000000000000000e+03 5.250557657687446644e-07
9.948000000000000000e+03 6.266541127175047255e-07
9.949000000000000000e+03 7.242912930319002810e-07
9.950000000000000000e+03 8.173271763829254904e-07
9.951000000000000000e+03 9.051381900940150086e-07
9.952000000000000000e+03 9.871217594510451395e-07
9.953000000000000000e+03 1.062696186725410598e-06
9.954000000000000000e+03 1.131314396720795811e-06
9.955000000000000000e+03 1.192466557734979317e-06
9.956000000000000000e+03 1.245683002460236363e-06
9.957000000000000000e+03 1.290549739119761014e-06
9.958000000000000000e+03 1.326703381823417057e-06
9.959000000000000000e+03 1.353839275643993137e-06
9.960000000000000000e+03 1.371711325703216316e-06
9.961000000000000000e+03 1.380137782155177465e-06
9.962000000000000000e+03 1.379004845819421737e-06
9.963000000000000000e+03 1.368262509867274011e-06
9.964000000000000000e+03 1.347931525046075151e-06
9.965000000000000000e+03 1.318098480643998219e-06
9.966000000000000000e+03 1.278925529101020020e-06
9.967000000000000000e+03 1.230641896540464892e-06
9.968000000000000000e+03 1.173546330021144270e-06
9.969000000000000000e+03 1.108003143575459667e-06
9.970000000000000000e+03 1.034441253891653408e-06
9.971000000000000000e+03 9.533446964477546128e-07
9.972000000000000000e+03 8.652534060575701454e-07
9.973000000000000000e+03 7.707623966020027903e-07
9.974000000000000000e+03 6.705062563079065458e-07
9.975000000000000000e+03 5.651607004349638703e-07
9.976000000000000000e+03 4.554227881500179918e-07
9.977000000000000000e+03 3.420045924911489309e-07
9.978000000000000000e+03 2.256279773015370421e-07
9.979000000000000000e+03 1.069996331486764349e-07
9.980000000000000000e+03 -1.319233468912120589e-08
9.981000000000000000e+03 -1.342858115113887484e-07
9.982000000000000000e+03 -2.556593430948772722e-07
9.983000000000000000e+03 -3.767214907397808476e-07
9.984000000000000000e+03 -4.969307505671047686e-07
9.985000000000000000e+03 -6.157932486901144426e-07
9.986000000000000000e+03 -7.328560096962099306e-07
9.987000000000000000e+03 -8.477152447272247717e-07
9.988000000000000000e+03 -9.600056453582010845e-07
9.989000000000000000e+03 -1.069393213634735499e-06
9.990000000000000000e+03 -1.175597596361385952e-06
9.991000000000000000e+03 -1.278360302484497873e-06
9.992000000000000000e+03 -1.377434445952699934e-06
9.993000000000000000e+03 -1.472595409777335966e-06
9.994000000000000000e+03 -1.563629856609366765e-06
9.995000000000000000e+03 -1.650316810874779304e-06
9.996000000000000000e+03 -1.732397607796370454e-06
9.997000000000000000e+03 -1.809606491800870862e-06
9.998000000000000000e+03 -1.881648948404645440e-06
9.999000000000000000e+03 -1.948259991451293090e-06
1.000000000000000000e+04 -2.009165487246219797e-06
