# time_fs msd_A2
0.000000000000000000e+00 0.000000000000000000e+00
1.000000000000000000e+00 1.667787947646170955e-04
2.000000000000000000e+00 6.659501479973579724e-04
3.000000000000000000e+00 1.494480152103665454e-03
4.000000000000000000e+00 2.647647089004051026e-03
5.000000000000000000e+00 4.119100494810946228e-03
6.000000000000000000e+00 5.900976322108876515e-03
7.000000000000000000e+00 7.984073231200410764e-03
8.000000000000000000e+00 1.035809140629773140e-02
9.000000000000000000e+00 1.301188801252688848e-02
1.000000000000000000e+01 1.593373410047047023e-02
1.100000000000000000e+01 1.911149014720871578e-02
1.200000000000000000e+01 2.253265130777103858e-02
1.300000000000000000e+01 2.618428930979227465e-02
1.400000000000000000e+01 3.005293702949055415e-02
1.500000000000000000e+01 3.412446870807347987e-02
1.600000000000000000e+01 3.838407707894751775e-02
1.700000000000000000e+01 4.281638529010634020e-02
1.800000000000000000e+01 4.740561976083505769e-02
1.900000000000000000e+01 5.213591511716227089e-02
2.000000000000000000e+01 5.699167941590729813e-02
2.100000000000000000e+01 6.195798167084987096e-02
2.200000000000000000e+01 6.702091328098697121e-02
2.300000000000000000e+01 7.216786749639980680e-02
2.400000000000000000e+01 7.738767189612949515e-02
2.500000000000000000e+01 8.267049203382791089e-02
2.600000000000000000e+01 8.800755775241858592e-02
2.700000000000000000e+01 9.339067748793902779e-02
2.800000000000000000e+01 9.881166673949817736e-02
2.900000000000000000e+01 1.042617836488936439e-01
3.000000000000000000e+01 1.097312491607351781e-01
3.100000000000000000e+01 1.152089031499348437e-01
3.200000000000000000e+01 1.206820586297149001e-01
3.300000000000000000e+01 1.261365684282429456e-01
3.400000000000000000e+01 1.315569992282334677e-01
3.500000000000000000e+01 1.369270237485868402e-01
3.600000000000000000e+01 1.422299589145563647e-01
3.700000000000000000e+01 1.474494560430153478e-01
3.800000000000000000e+01 1.525702414069431412e-01
3.900000000000000000e+01 1.575788423199526722e-01
4.000000000000000000e+01 1.624641696480259856e-01
4.100000000000000000e+01 1.672178074817151916e-01
4.200000000000000000e+01 1.718339267302835260e-01
4.300000000000000000e+01 1.763088729290691048e-01
4.400000000000000000e+01 1.806405543057429397e-01
4.500000000000000000e+01 1.848278479802984153e-01
4.600000000000000000e+01 1.888701524779456409e-01
4.700000000000000000e+01 1.927671050461013946e-01
4.800000000000000000e+01 1.965184152677252882e-01
4.900000000000000000e+01 2.001237509303368800e-01
5.000000000000000000e+01 2.035826470894718521e-01
5.100000000000000000e+01 2.068943780803252364e-01
5.200000000000000000e+01 2.100578927969678489e-01
5.300000000000000000e+01 2.130718303390104484e-01
5.400000000000000000e+01 2.159347018436503229e-01
5.500000000000000000e+01 2.186451422009532686e-01
5.600000000000000000e+01 2.212022213425420269e-01
5.700000000000000000e+01 2.236057672596122314e-01
5.800000000000000000e+01 2.258566305461181534e-01
5.900000000000000000e+01 2.279568362678883187e-01
6.000000000000000000e+01 2.299096172286129725e-01
6.100000000000000000e+01 2.317193276131339075e-01
6.200000000000000000e+01 2.333912870561037078e-01
6.300000000000000000e+01 2.349315775067875867e-01
6.400000000000000000e+01 2.363467938181090244e-01
6.500000000000000000e+01 2.376438475564680297e-01
6.600000000000000000e+01 2.388297532730338790e-01
6.700000000000000000e+01 2.399114759681961750e-01
6.800000000000000000e+01 2.408957611535871846e-01
6.900000000000000000e+01 2.417889737299361297e-01
7.000000000000000000e+01 2.425969651539608418e-01
7.100000000000000000e+01 2.433249351493455004e-01
7.200000000000000000e+01 2.439773040164027462e-01
7.300000000000000000e+01 2.445575736121080312e-01
7.400000000000000000e+01 2.450682097493949718e-01
7.500000000000000000e+01 2.455105784184926088e-01
7.600000000000000000e+01 2.458850247976804848e-01
7.700000000000000000e+01 2.461910473912947150e-01
7.800000000000000000e+01 2.464275771004940940e-01
7.900000000000000000e+01 2.465933024826792441e-01
8.000000000000000000e+01 2.466870579835120925e-01
8.100000000000000000e+01 2.467081030978445499e-01
8.200000000000000000e+01 2.466563027471164460e-01
8.300000000000000000e+01 2.465322092704573809e-01
8.400000000000000000e+01 2.463370302262351541e-01
8.500000000000000000e+01 2.460725923161278805e-01
8.600000000000000000e+01 2.457413345039763664e-01
8.700000000000000000e+01 2.453463656598406095e-01
8.800000000000000000e+01 2.448915089780064336e-01
8.900000000000000000e+01 2.443812516957225844e-01
9.000000000000000000e+01 2.438206034946019951e-01
9.100000000000000000e+01 2.432148237948913438e-01
9.200000000000000000e+01 2.425691803002241742e-01
9.300000000000000000e+01 2.418887637362570342e-01
9.400000000000000000e+01 2.411784319887448624e-01
9.500000000000000000e+01 2.404428893953808044e-01
9.600000000000000000e+01 2.396867879660021516e-01
9.700000000000000000e+01 2.389147226827288417e-01
9.800000000000000000e+01 2.381311067513492974e-01
9.900000000000000000e+01 2.373399144808956696e-01
1.000000000000000000e+02 2.365443748336369389e-01
1.010000000000000000e+02 2.357467106455629069e-01
1.020000000000000000e+02 2.349479729720684862e-01
1.030000000000000000e+02 2.341480282005328761e-01
1.040000000000000000e+02 2.333457112220149454e-01
1.050000000000000000e+02 2.325391062727812375e-01
1.060000000000000000e+02 2.317259039598187909e-01
1.070000000000000000e+02 2.309038062980163231e-01
1.080000000000000000e+02 2.300708559449832491e-01
1.090000000000000000e+02 2.292257009993418637e-01
1.100000000000000000e+02 2.283677935251917090e-01
1.110000000000000000e+02 2.274974280692098894e-01
1.120000000000000000e+02 2.266157318452223512e-01
1.130000000000000000e+02 2.257245291459431258e-01
1.140000000000000000e+02 2.248261727749934491e-01
1.150000000000000000e+02 2.239233627061056886e-01
1.160000000000000000e+02 2.230189677100026802e-01
1.170000000000000000e+02 2.221158999682744661e-01
1.180000000000000000e+02 2.212170228119759163e-01
1.190000000000000000e+02 2.203250879970645726e-01
1.200000000000000000e+02 2.194427301483268256e-01
1.210000000000000000e+02 2.185724565947803066e-01
1.220000000000000000e+02 2.177165834661860810e-01
1.230000000000000000e+02 2.168771126481544298e-01
1.240000000000000000e+02 2.160555633004147824e-01
1.250000000000000000e+02 2.152527375451900316e-01
1.260000000000000000e+02 2.144684670512444491e-01
1.270000000000000000e+02 2.137014386301056557e-01
1.280000000000000000e+02 2.129490306498068031e-01
1.290000000000000000e+02 2.122073219354697615e-01
1.300000000000000000e+02 2.114713021158397543e-01
1.310000000000000000e+02 2.107352398127841919e-01
1.320000000000000000e+02 2.099932350785856106e-01
1.330000000000000000e+02 2.092398655609906954e-01
1.340000000000000000e+02 2.084707889377013235e-01
1.350000000000000000e+02 2.076832156836545817e-01
1.360000000000000000e+02 2.068762056061702881e-01
1.370000000000000000e+02 2.060508929528815369e-01
1.380000000000000000e+02 2.052106433510249850e-01
1.390000000000000000e+02 2.043611104186885685e-01
1.400000000000000000e+02 2.035101210211253120e-01
1.410000000000000000e+02 2.026672211894178233e-01
1.420000000000000000e+02 2.018429407422192567e-01
1.430000000000000000e+02 2.010480112200119240e-01
1.440000000000000000e+02 2.002927189713198386e-01
1.450000000000000000e+02 1.995864855539200566e-01
1.460000000000000000e+02 1.989376639171942240e-01
1.470000000000000000e+02 1.983534270466189298e-01
1.480000000000000000e+02 1.978397046196108122e-01
1.490000000000000000e+02 1.974010957162280477e-01
1.500000000000000000e+02 1.970407295760261968e-01
1.510000000000000000e+02 1.967600690998809188e-01
1.520000000000000000e+02 1.965587449758229022e-01
1.530000000000000000e+02 1.964344034611075207e-01
1.540000000000000000e+02 1.963825980638108093e-01
1.550000000000000000e+02 1.963967920642757381e-01
1.560000000000000000e+02 1.964684930525179285e-01
1.570000000000000000e+02 1.965875501166037265e-01
1.580000000000000000e+02 1.967426516693828453e-01
1.590000000000000000e+02 1.969219785959555880e-01
1.600000000000000000e+02 1.971139228996831583e-01
1.610000000000000000e+02 1.973078015407795371e-01
1.620000000000000000e+02 1.974944293156901121e-01
1.630000000000000000e+02 1.976664626825340165e-01
1.640000000000000000e+02 1.978185173863072355e-01
1.650000000000000000e+02 1.979470797429028484e-01
1.660000000000000000e+02 1.980504348973184114e-01
1.670000000000000000e+02 1.981286447421179431e-01
1.680000000000000000e+02 1.981836425249834943e-01
1.690000000000000000e+02 1.982193888097983914e-01
1.700000000000000000e+02 1.982418851953199612e-01
1.710000000000000000e+02 1.982589207255261721e-01
1.720000000000000000e+02 1.982795022693831233e-01
1.730000000000000000e+02 1.983130417143798563e-01
1.740000000000000000e+02 1.983684553289991048e-01
1.750000000000000000e+02 1.984534016329233264e-01
1.760000000000000000e+02 1.985737385671353383e-01
1.770000000000000000e+02 1.987332624577431150e-01
1.780000000000000000e+02 1.989337029991529171e-01
1.790000000000000000e+02 1.991749442893018807e-01
1.800000000000000000e+02 1.994554112255933487e-01
1.810000000000000000e+02 1.997724692881987507e-01
1.820000000000000000e+02 2.001227651879760872e-01
1.830000000000000000e+02 2.005024848022412542e-01
1.840000000000000000e+02 2.009074400718539044e-01
1.850000000000000000e+02 2.013330705034759027e-01
1.860000000000000000e+02 2.017744654032500584e-01
1.870000000000000000e+02 2.022264305051936217e-01
1.880000000000000000e+02 2.026836353599981155e-01
1.890000000000000000e+02 2.031407742984472631e-01
1.900000000000000000e+02 2.035927119638485383e-01
1.910000000000000000e+02 2.040345474044076568e-01
1.920000000000000000e+02 2.044616649910166450e-01
1.930000000000000000e+02 2.048697727506670063e-01
1.940000000000000000e+02 2.052550219282561483e-01
1.950000000000000000e+02 2.056142411961012773e-01
1.960000000000000000e+02 2.059452129439927892e-01
1.970000000000000000e+02 2.062468417258874198e-01
1.980000000000000000e+02 2.065190982527681518e-01
1.990000000000000000e+02 2.067626607127782123e-01
2.000000000000000000e+02 2.069783447254625597e-01
2.010000000000000000e+02 2.071665115945441893e-01
2.020000000000000000e+02 2.073265917009294301e-01
2.030000000000000000e+02 2.074568542832867790e-01
2.040000000000000000e+02 2.075544600949418284e-01
2.050000000000000000e+02 2.076158103155338053e-01
2.060000000000000000e+02 2.076371354104303291e-01
2.070000000000000000e+02 2.076152725994377946e-01
2.080000000000000000e+02 2.075484343890861005e-01
2.090000000000000000e+02 2.074368046015653555e-01
2.100000000000000000e+02 2.072828363953639896e-01
2.110000000000000000e+02 2.070911859176643999e-01
2.120000000000000000e+02 2.068683011233521940e-01
2.130000000000000000e+02 2.066218178876183531e-01
2.140000000000000000e+02 2.063598929983321839e-01
2.150000000000000000e+02 2.060906284483699502e-01
2.160000000000000000e+02 2.058216766248444074e-01
2.170000000000000000e+02 2.055600148099588353e-01
2.180000000000000000e+02 2.053119279160692812e-01
2.190000000000000000e+02 2.050830716500384177e-01
2.200000000000000000e+02 2.048785503292112065e-01
2.210000000000000000e+02 2.047029503589080923e-01
2.220000000000000000e+02 2.045602432444760810e-01
2.230000000000000000e+02 2.044535993304682497e-01
2.240000000000000000e+02 2.043851609608809405e-01
2.250000000000000000e+02 2.043558188551082289e-01
2.260000000000000000e+02 2.043650815731951065e-01
2.270000000000000000e+02 2.044111031758065189e-01
2.280000000000000000e+02 2.044907961174605160e-01
2.290000000000000000e+02 2.046000111956210454e-01
2.300000000000000000e+02 2.047338045505066595e-01
2.310000000000000000e+02 2.048866614087557214e-01
2.320000000000000000e+02 2.050526846101390355e-01
2.330000000000000000e+02 2.052257682094618674e-01
2.340000000000000000e+02 2.053997074972386261e-01
2.350000000000000000e+02 2.055683341908447759e-01
2.360000000000000000e+02 2.057256501574143137e-01
2.370000000000000000e+02 2.058659948546059937e-01
2.380000000000000000e+02 2.059842198371497624e-01
2.390000000000000000e+02 2.060759781457111306e-01
2.400000000000000000e+02 2.061381082214065741e-01
2.410000000000000000e+02 2.061690053311669157e-01
2.420000000000000000e+02 2.061688529902571676e-01
2.430000000000000000e+02 2.061395996397622499e-01
2.440000000000000000e+02 2.060845631576905534e-01
2.450000000000000000e+02 2.060077461871870352e-01
2.460000000000000000e+02 2.059129978833815766e-01
2.470000000000000000e+02 2.058031946702353343e-01
2.480000000000000000e+02 2.056796129784381200e-01
2.490000000000000000e+02 2.055414645144397201e-01
2.500000000000000000e+02 2.053857364511713635e-01
2.510000000000000000e+02 2.052072689878447209e-01
2.520000000000000000e+02 2.049991377687718774e-01
2.530000000000000000e+02 2.047533765065318589e-01
2.540000000000000000e+02 2.044619797965060992e-01
2.550000000000000000e+02 2.041180772212368155e-01
2.560000000000000000e+02 2.037170192079602038e-01
2.570000000000000000e+02 2.032570281606828344e-01
2.580000000000000000e+02 2.027391534286657748e-01
2.590000000000000000e+02 2.021665919834230163e-01
2.600000000000000000e+02 2.015437050786156037e-01
2.610000000000000000e+02 2.008750235464085709e-01
2.620000000000000000e+02 2.001645071347206151e-01
2.630000000000000000e+02 1.994151877619631252e-01
2.640000000000000000e+02 1.986291491253266706e-01
2.650000000000000000e+02 1.978077804148886676e-01
2.660000000000000000e+02 1.969521503100066517e-01
2.670000000000000000e+02 1.960634761218688626e-01
2.680000000000000000e+02 1.951435897419165066e-01
2.690000000000000000e+02 1.941953322978977325e-01
2.700000000000000000e+02 1.932227934541429493e-01
2.710000000000000000e+02 1.922313372837868850e-01
2.720000000000000000e+02 1.912273542404057114e-01
2.730000000000000000e+02 1.902178743541734496e-01
2.740000000000000000e+02 1.892101289162468614e-01
2.750000000000000000e+02 1.882111832706455101e-01
2.760000000000000000e+02 1.872277312910782809e-01
2.770000000000000000e+02 1.862660939398375348e-01
2.780000000000000000e+02 1.853322665587773810e-01
2.790000000000000000e+02 1.844319725479551531e-01
2.800000000000000000e+02 1.835706357901806807e-01
2.810000000000000000e+02 1.827531789066890178e-01
2.820000000000000000e+02 1.819837479975219552e-01
2.830000000000000000e+02 1.812654580614493083e-01
2.840000000000000000e+02 1.806002365782440333e-01
2.850000000000000000e+02 1.799888053989007197e-01
2.860000000000000000e+02 1.794308510871371609e-01
2.870000000000000000e+02 1.789253128992976949e-01
2.880000000000000000e+02 1.784707498848600304e-01
2.890000000000000000e+02 1.780656895158349573e-01
2.900000000000000000e+02 1.777089184778737618e-01
2.910000000000000000e+02 1.773997123830718392e-01
2.920000000000000000e+02 1.771379387700347807e-01
2.930000000000000000e+02 1.769240836173122389e-01
2.940000000000000000e+02 1.767592198449019769e-01
2.950000000000000000e+02 1.766449343850542142e-01
2.960000000000000000e+02 1.765832189551627129e-01
2.970000000000000000e+02 1.765762554218910096e-01
2.980000000000000000e+02 1.766261464849057938e-01
2.990000000000000000e+02 1.767346449649675466e-01
3.000000000000000000e+02 1.769028802284290935e-01
3.010000000000000000e+02 1.771311672250064917e-01
3.020000000000000000e+02 1.774189162607564541e-01
3.030000000000000000e+02 1.777646303972011399e-01
3.040000000000000000e+02 1.781659687032481343e-01
3.050000000000000000e+02 1.786198609079408806e-01
3.060000000000000000e+02 1.791226263900176918e-01
3.070000000000000000e+02 1.796700826044300703e-01
3.080000000000000000e+02 1.802576283847311944e-01
3.090000000000000000e+02 1.808802452690968510e-01
3.100000000000000000e+02 1.815324868975964345e-01
3.110000000000000000e+02 1.822084497840993911e-01
3.120000000000000000e+02 1.829017320835737981e-01
3.130000000000000000e+02 1.836054669059354050e-01
3.140000000000000000e+02 1.843123982956038076e-01
3.150000000000000000e+02 1.850150490903411105e-01
3.160000000000000000e+02 1.857059201932579340e-01
3.170000000000000000e+02 1.863777378908901272e-01
3.180000000000000000e+02 1.870236672770078656e-01
3.190000000000000000e+02 1.876374780089579974e-01
3.200000000000000000e+02 1.882136883813106398e-01
3.210000000000000000e+02 1.887476540108782297e-01
3.220000000000000000e+02 1.892355732310272431e-01
3.230000000000000000e+02 1.896744834520656675e-01
3.240000000000000000e+02 1.900622423871330402e-01
3.250000000000000000e+02 1.903975532421464667e-01
3.260000000000000000e+02 1.906800059498104660e-01
3.270000000000000000e+02 1.909102078514558487e-01
3.280000000000000000e+02 1.910899540543328778e-01
3.290000000000000000e+02 1.912223939854976740e-01
3.300000000000000000e+02 1.913120433942206156e-01
3.310000000000000000e+02 1.913646099489605401e-01
3.320000000000000000e+02 1.913865667797336745e-01
3.330000000000000000e+02 1.913845961417252606e-01
3.340000000000000000e+02 1.913650173797847853e-01
3.350000000000000000e+02 1.913333660925091995e-01
3.360000000000000000e+02 1.912942020303464719e-01
3.370000000000000000e+02 1.912510936347597279e-01
3.380000000000000000e+02 1.912067141477095111e-01
3.390000000000000000e+02 1.911630660448878083e-01
3.400000000000000000e+02 1.911216363401876950e-01
3.410000000000000000e+02 1.910835197724418677e-01
3.420000000000000000e+02 1.910493961731692947e-01
3.430000000000000000e+02 1.910194101279097945e-01
3.440000000000000000e+02 1.909930042786442406e-01
3.450000000000000000e+02 1.909687091591313890e-01
3.460000000000000000e+02 1.909440463004353494e-01
3.470000000000000000e+02 1.909155586858271025e-01
3.480000000000000000e+02 1.908790103554315332e-01
3.490000000000000000e+02 1.908297881605596213e-01
3.500000000000000000e+02 1.907634391079190139e-01
3.510000000000000000e+02 1.906762777845158185e-01
3.520000000000000000e+02 1.905659555257435689e-01
3.530000000000000000e+02 1.904318602318051390e-01
3.540000000000000000e+02 1.902752902341236507e-01
3.550000000000000000e+02 1.900993900503790135e-01
3.560000000000000000e+02 1.899088475471107651e-01
3.570000000000000000e+02 1.897093928664164708e-01
3.580000000000000000e+02 1.895072196894351801e-01
3.590000000000000000e+02 1.893084178509244209e-01
3.600000000000000000e+02 1.891185175061118051e-01
3.610000000000000000e+02 1.889421295419603797e-01
3.620000000000000000e+02 1.887827071600476359e-01
3.630000000000000000e+02 1.886424036126161108e-01
3.640000000000000000e+02 1.885220497309796073e-01
3.650000000000000000e+02 1.884212184167634585e-01
3.660000000000000000e+02 1.883384161883394636e-01
3.670000000000000000e+02 1.882713854873134807e-01
3.680000000000000000e+02 1.882175710961235815e-01
3.690000000000000000e+02 1.881746246658933530e-01
3.700000000000000000e+02 1.881408963248048793e-01
3.710000000000000000e+02 1.881157779769874749e-01
3.720000000000000000e+02 1.880998256393975610e-01
3.730000000000000000e+02 1.880945838757034361e-01
3.740000000000000000e+02 1.881021767412001666e-01
3.750000000000000000e+02 1.881247526943465587e-01
3.760000000000000000e+02 1.881639879305175289e-01
3.770000000000000000e+02 1.882207324371568680e-01
3.780000000000000000e+02 1.882948778274411428e-01
3.790000000000000000e+02 1.883854181400829164e-01
3.800000000000000000e+02 1.884906421394172416e-01
3.810000000000000000e+02 1.886083721980339190e-01
3.820000000000000000e+02 1.887361953538620185e-01
3.830000000000000000e+02 1.888715722369276873e-01
3.840000000000000000e+02 1.890118136177271202e-01
3.850000000000000000e+02 1.891539351100783861e-01
3.860000000000000000e+02 1.892945249233220772e-01
3.870000000000000000e+02 1.894296956394024012e-01
3.880000000000000000e+02 1.895551911181897753e-01
3.890000000000000000e+02 1.896667223093468357e-01
3.900000000000000000e+02 1.897603987609615683e-01
3.910000000000000000e+02 1.898331848081994400e-01
3.920000000000000000e+02 1.898832347828134925e-01
3.930000000000000000e+02 1.899099582138964737e-01
3.940000000000000000e+02 1.899138713767993814e-01
3.950000000000000000e+02 1.898962428701337080e-01
3.960000000000000000e+02 1.898587033877933705e-01
3.970000000000000000e+02 1.898029492740949120e-01
3.980000000000000000e+02 1.897305891355955954e-01
3.990000000000000000e+02 1.896431457610813220e-01
4.000000000000000000e+02 1.895421114961925724e-01
4.010000000000000000e+02 1.894290266090163932e-01
4.020000000000000000e+02 1.893055389469170957e-01
4.030000000000000000e+02 1.891733957021422552e-01
4.040000000000000000e+02 1.890344588199612264e-01
4.050000000000000000e+02 1.888907473971041251e-01
4.060000000000000000e+02 1.887444934529684537e-01
4.070000000000000000e+02 1.885980935495266686e-01
4.080000000000000000e+02 1.884540014387150464e-01
4.090000000000000000e+02 1.883145590192391861e-01
4.100000000000000000e+02 1.881818300176889280e-01
4.110000000000000000e+02 1.880575387752457805e-01
4.120000000000000000e+02 1.879430933637734058e-01
4.130000000000000000e+02 1.878396676639877971e-01
4.140000000000000000e+02 1.877483697594521661e-01
4.150000000000000000e+02 1.876703874053191334e-01
4.160000000000000000e+02 1.876071072479854884e-01
4.170000000000000000e+02 1.875601409736498137e-01
4.180000000000000000e+02 1.875312666068008616e-01
4.190000000000000000e+02 1.875223209771079702e-01
4.200000000000000000e+02 1.875350166059560619e-01
4.210000000000000000e+02 1.875707039680521437e-01
4.220000000000000000e+02 1.876301155416164601e-01
4.230000000000000000e+02 1.877131631857817673e-01
4.240000000000000000e+02 1.878188629212043104e-01
4.250000000000000000e+02 1.879453852076978515e-01
4.260000000000000000e+02 1.880903233471779290e-01
4.270000000000000000e+02 1.882511204744783673e-01
4.280000000000000000e+02 1.884255912581274672e-01
4.290000000000000000e+02 1.886124174679978949e-01
4.300000000000000000e+02 1.888114929486469640e-01
4.310000000000000000e+02 1.890240199852206704e-01
4.320000000000000000e+02 1.892522992267321458e-01
4.330000000000000000e+02 1.894992645601217551e-01
4.340000000000000000e+02 1.897678459890019265e-01
4.350000000000000000e+02 1.900603170249889895e-01
4.360000000000000000e+02 1.903777891001552924e-01
4.370000000000000000e+02 1.907199068921361929e-01
4.380000000000000000e+02 1.910848414784765692e-01
4.390000000000000000e+02 1.914695028229342899e-01
4.400000000000000000e+02 1.918699476988590114e-01
4.410000000000000000e+02 1.922818125022851821e-01
4.420000000000000000e+02 1.927007409646727676e-01
4.430000000000000000e+02 1.931226950670835996e-01
4.440000000000000000e+02 1.935441138168605968e-01
4.450000000000000000e+02 1.939618766009834905e-01
4.460000000000000000e+02 1.943731761565152816e-01
4.470000000000000000e+02 1.947753808484630200e-01
4.480000000000000000e+02 1.951659252249371979e-01
4.490000000000000000e+02 1.955423092352971404e-01
4.500000000000000000e+02 1.959021849954652728e-01
4.510000000000000000e+02 1.962435007710312540e-01
4.520000000000000000e+02 1.965646395131250279e-01
4.530000000000000000e+02 1.968645430996433521e-01
4.540000000000000000e+02 1.971427387345360549e-01
4.550000000000000000e+02 1.973992051616785814e-01
4.560000000000000000e+02 1.976340641805386933e-01
4.570000000000000000e+02 1.978471672140881266e-01
4.580000000000000000e+02 1.980376522613915835e-01
4.590000000000000000e+02 1.982034851152220667e-01
4.600000000000000000e+02 1.983411771688725067e-01
4.610000000000000000e+02 1.984457226034841981e-01
4.620000000000000000e+02 1.985108157463121026e-01
4.630000000000000000e+02 1.985293858911692799e-01
4.640000000000000000e+02 1.984944680085251045e-01
4.650000000000000000e+02 1.984002759959995754e-01
4.660000000000000000e+02 1.982433558665105677e-01
4.670000000000000000e+02 1.980235235293071328e-01
4.680000000000000000e+02 1.977443432146492597e-01
4.690000000000000000e+02 1.974129172900154217e-01
4.700000000000000000e+02 1.970390705862899994e-01
4.710000000000000000e+02 1.966341249171181527e-01
4.720000000000000000e+02 1.962095544293551153e-01
4.730000000000000000e+02 1.957758895978728986e-01
4.740000000000000000e+02 1.953420049892728994e-01
4.750000000000000000e+02 1.949148700034927240e-01
4.760000000000000000e+02 1.944996854546562348e-01
4.770000000000000000e+02 1.941002631577229964e-01
4.780000000000000000e+02 1.937194874672397982e-01
4.790000000000000000e+02 1.933596775229994291e-01
4.800000000000000000e+02 1.930228514355729619e-01
4.810000000000000000e+02 1.927108393921203588e-01
4.820000000000000000e+02 1.924252854594370732e-01
4.830000000000000000e+02 1.921675841400855012e-01
4.840000000000000000e+02 1.919388147889063978e-01
4.850000000000000000e+02 1.917396488855352688e-01
4.860000000000000000e+02 1.915703006506125350e-01
4.870000000000000000e+02 1.914304501997216579e-01
4.880000000000000000e+02 1.913192848445914307e-01
4.890000000000000000e+02 1.912355973765106354e-01
4.900000000000000000e+02 1.911779323938493924e-01
4.910000000000000000e+02 1.911447698588704669e-01
4.920000000000000000e+02 1.911346744719237267e-01
4.930000000000000000e+02 1.911463628390263070e-01
4.940000000000000000e+02 1.911785943755965611e-01
4.950000000000000000e+02 1.912299296844471863e-01
4.960000000000000000e+02 1.912983626855508934e-01
4.970000000000000000e+02 1.913809625122205316e-01
4.980000000000000000e+02 1.914736787112733540e-01
4.990000000000000000e+02 1.915714383008621513e-01
5.000000000000000000e+02 1.916686761795769744e-01
5.010000000000000000e+02 1.917602938151131697e-01
5.020000000000000000e+02 1.918427322245065958e-01
5.030000000000000000e+02 1.919148859486814462e-01
5.040000000000000000e+02 1.919784808970266266e-01
5.050000000000000000e+02 1.920378606741183491e-01
5.060000000000000000e+02 1.920993386681426607e-01
5.070000000000000000e+02 1.921703049583227130e-01
5.080000000000000000e+02 1.922582979783697965e-01
5.090000000000000000e+02 1.923701270270337660e-01
5.100000000000000000e+02 1.925111264802999989e-01
5.110000000000000000e+02 1.926845826786287574e-01
5.120000000000000000e+02 1.928914176432854066e-01
5.130000000000000000e+02 1.931301662758178883e-01
5.140000000000000000e+02 1.933972095942006753e-01
5.150000000000000000e+02 1.936872223543039673e-01
5.160000000000000000e+02 1.939936946582235255e-01
5.170000000000000000e+02 1.943095034979280267e-01
5.180000000000000000e+02 1.946274026322602491e-01
5.190000000000000000e+02 1.949404900224837034e-01
5.200000000000000000e+02 1.952425933546421410e-01
5.210000000000000000e+02 1.955286626839691788e-01
5.220000000000000000e+02 1.957952019163081148e-01
5.230000000000000000e+02 1.960407302052692702e-01
5.240000000000000000e+02 1.962661745654611933e-01
5.250000000000000000e+02 1.964749646298410146e-01
5.260000000000000000e+02 1.966726867299171122e-01
5.270000000000000000e+02 1.968662713563692490e-01
5.280000000000000000e+02 1.970629841254711301e-01
5.290000000000000000e+02 1.972694196771352382e-01
5.300000000000000000e+02 1.974907619092874933e-01
5.310000000000000000e+02 1.977304131059668957e-01
5.320000000000000000e+02 1.979899296928388508e-01
5.330000000000000000e+02 1.982691941124385404e-01
5.340000000000000000e+02 1.985667952620071008e-01
5.350000000000000000e+02 1.988804725713532451e-01
5.360000000000000000e+02 1.992075941288875551e-01
5.370000000000000000e+02 1.995455823621450075e-01
5.380000000000000000e+02 1.998922219512765941e-01
5.390000000000000000e+02 2.002458442171081432e-01
5.400000000000000000e+02 2.006053888826142273e-01
5.410000000000000000e+02 2.009703697997864413e-01
5.420000000000000000e+02 2.013408449324152749e-01
5.430000000000000000e+02 2.017173872433745685e-01
5.440000000000000000e+02 2.021011152960120461e-01
5.450000000000000000e+02 2.024937197103323094e-01
5.460000000000000000e+02 2.028974484774540288e-01
5.470000000000000000e+02 2.033150968412660853e-01
5.480000000000000000e+02 2.037498990064686155e-01
5.490000000000000000e+02 2.042053098379526255e-01
5.500000000000000000e+02 2.046846566080225138e-01
5.510000000000000000e+02 2.051907145912780506e-01
5.520000000000000000e+02 2.057253109746071396e-01
5.530000000000000000e+02 2.062889618342734210e-01
5.540000000000000000e+02 2.068806849546911686e-01
5.550000000000000000e+02 2.074980244695586451e-01
5.560000000000000000e+02 2.081372440417329495e-01
5.570000000000000000e+02 2.087936959964095673e-01
5.580000000000000000e+02 2.094622880513954954e-01
5.590000000000000000e+02 2.101379901761923907e-01
5.600000000000000000e+02 2.108163190651056174e-01
5.610000000000000000e+02 2.114936962260290654e-01
5.620000000000000000e+02 2.121676145602169883e-01
5.630000000000000000e+02 2.128365823761398379e-01
5.640000000000000000e+02 2.134998846484129631e-01
5.650000000000000000e+02 2.141571887446107603e-01
5.660000000000000000e+02 2.148080929113576620e-01
5.670000000000000000e+02 2.154518030096995718e-01
5.680000000000000000e+02 2.160869507198092954e-01
5.690000000000000000e+02 2.167115784511065568e-01
5.700000000000000000e+02 2.173233177849826503e-01
5.710000000000000000e+02 2.179196572128554443e-01
5.720000000000000000e+02 2.184982760738117813e-01
5.730000000000000000e+02 2.190573631659405995e-01
5.740000000000000000e+02 2.195958838351728115e-01
5.750000000000000000e+02 2.201137831472371187e-01
5.760000000000000000e+02 2.206120146760987000e-01
5.770000000000000000e+02 2.210924294697833581e-01
5.780000000000000000e+02 2.215575421209097784e-01
5.790000000000000000e+02 2.220102023013755532e-01
5.800000000000000000e+02 2.224532827357133535e-01
5.810000000000000000e+02 2.228893782600959717e-01
5.820000000000000000e+02 2.233205410020364101e-01
5.830000000000000000e+02 2.237480857861167682e-01
5.840000000000000000e+02 2.241724650067518365e-01
5.850000000000000000e+02 2.245932096269956380e-01
5.860000000000000000e+02 2.250089477170288954e-01
5.870000000000000000e+02 2.254175085832548220e-01
5.880000000000000000e+02 2.258160864805124346e-01
5.890000000000000000e+02 2.262014628198791288e-01
5.900000000000000000e+02 2.265703137740574802e-01
5.910000000000000000e+02 2.269194976877761116e-01
5.920000000000000000e+02 2.272463588666270018e-01
5.930000000000000000e+02 2.275489479808606719e-01
5.940000000000000000e+02 2.278261964054154876e-01
5.950000000000000000e+02 2.280779578330573432e-01
5.960000000000000000e+02 2.283049509022463397e-01
5.970000000000000000e+02 2.285086089519149655e-01
5.980000000000000000e+02 2.286908752943297152e-01
5.990000000000000000e+02 2.288539562725563081e-01
6.000000000000000000e+02 2.290001039578726250e-01
6.010000000000000000e+02 2.291313811492414199e-01
6.020000000000000000e+02 2.292495405933298314e-01
6.030000000000000000e+02 2.293559650383204529e-01
6.040000000000000000e+02 2.294516183128924303e-01
6.050000000000000000e+02 2.295370209992450838e-01
6.060000000000000000e+02 2.296122356020673660e-01
6.070000000000000000e+02 2.296768249266424311e-01
6.080000000000000000e+02 2.297297661975882810e-01
6.090000000000000000e+02 2.297693340514208316e-01
6.100000000000000000e+02 2.297930445319717463e-01
6.110000000000000000e+02 2.297976033042923305e-01
6.120000000000000000e+02 2.297789179912834712e-01
6.130000000000000000e+02 2.297321510424070734e-01
6.140000000000000000e+02 2.296518725510446335e-01
6.150000000000000000e+02 2.295323358304512951e-01
6.160000000000000000e+02 2.293677821031982478e-01
6.170000000000000000e+02 2.291528063231063062e-01
6.180000000000000000e+02 2.288827705953378477e-01
6.190000000000000000e+02 2.285542136004287683e-01
6.200000000000000000e+02 2.281651796091777040e-01
6.210000000000000000e+02 2.277153912976728478e-01
6.220000000000000000e+02 2.272062668500050842e-01
6.230000000000000000e+02 2.266407037129483659e-01
6.240000000000000000e+02 2.260226521387369014e-01
6.250000000000000000e+02 2.253565231695760507e-01
6.260000000000000000e+02 2.246465372916247039e-01
6.270000000000000000e+02 2.238961372690657092e-01
6.280000000000000000e+02 2.231075969834245276e-01
6.290000000000000000e+02 2.222819347770828013e-01
6.300000000000000000e+02 2.214191314193703075e-01
6.310000000000000000e+02 2.205186562105191372e-01
6.320000000000000000e+02 2.195801025162116837e-01
6.330000000000000000e+02 2.186038065916486306e-01
6.340000000000000000e+02 2.175912596482920680e-01
6.350000000000000000e+02 2.165451837735964669e-01
6.360000000000000000e+02 2.154693426009748058e-01
6.370000000000000000e+02 2.143682458189120621e-01
6.380000000000000000e+02 2.132468249115304360e-01
6.390000000000000000e+02 2.121102207920345928e-01
6.400000000000000000e+02 2.109635871920046424e-01
6.410000000000000000e+02 2.098119128544912726e-01
6.420000000000000000e+02 2.086599065959532928e-01
6.430000000000000000e+02 2.075118771797248296e-01
6.440000000000000000e+02 2.063716945201117259e-01
6.450000000000000000e+02 2.052427744889452066e-01
6.460000000000000000e+02 2.041280828443364781e-01
6.470000000000000000e+02 2.030301831956741743e-01
6.480000000000000000e+02 2.019512486787073680e-01
6.490000000000000000e+02 2.008930967915855126e-01
6.500000000000000000e+02 1.998572227927699618e-01
6.510000000000000000e+02 1.988448238742912266e-01
6.520000000000000000e+02 1.978567722445574995e-01
6.530000000000000000e+02 1.968935880351963819e-01
6.540000000000000000e+02 1.959554108675797546e-01
6.550000000000000000e+02 1.950419511689149010e-01
6.560000000000000000e+02 1.941524591071568939e-01
6.570000000000000000e+02 1.932856794744582662e-01
6.580000000000000000e+02 1.924398161774028282e-01
6.590000000000000000e+02 1.916126028961948058e-01
6.600000000000000000e+02 1.908014607080942282e-01
6.610000000000000000e+02 1.900038053137144411e-01
6.620000000000000000e+02 1.892174117286810064e-01
6.630000000000000000e+02 1.884408260246592803e-01
6.640000000000000000e+02 1.876736647224562793e-01
6.650000000000000000e+02 1.869166864789506000e-01
6.660000000000000000e+02 1.861715808955714535e-01
6.670000000000000000e+02 1.854406095010553979e-01
6.680000000000000000e+02 1.847261603719565493e-01
6.690000000000000000e+02 1.840303903498727855e-01
6.700000000000000000e+02 1.833550482690542993e-01
6.710000000000000000e+02 1.827014030131826616e-01
6.720000000000000000e+02 1.820702914517730586e-01
6.730000000000000000e+02 1.814622128020889069e-01
6.740000000000000000e+02 1.808774407466618162e-01
6.750000000000000000e+02 1.803161367066843934e-01
6.760000000000000000e+02 1.797784980738775795e-01
6.770000000000000000e+02 1.792648986797862332e-01
6.780000000000000000e+02 1.787759783486672915e-01
6.790000000000000000e+02 1.783126723341348918e-01
6.800000000000000000e+02 1.778761585223009312e-01
6.810000000000000000e+02 1.774677272292198293e-01
6.820000000000000000e+02 1.770885599787833109e-01
6.830000000000000000e+02 1.767394386687054231e-01
6.840000000000000000e+02 1.764204543453185559e-01
6.850000000000000000e+02 1.761307353743477577e-01
6.860000000000000000e+02 1.758683275210990715e-01
6.870000000000000000e+02 1.756302691367107593e-01
6.880000000000000000e+02 1.754129056477769510e-01
6.890000000000000000e+02 1.752124847742691505e-01
6.900000000000000000e+02 1.750259313143301965e-01
6.910000000000000000e+02 1.748515008655796843e-01
6.920000000000000000e+02 1.746891148575216990e-01
6.930000000000000000e+02 1.745401676927914592e-01
6.940000000000000000e+02 1.744068446130422889e-01
6.950000000000000000e+02 1.742913004788728959e-01
6.960000000000000000e+02 1.741949981621450094e-01
6.970000000000000000e+02 1.741184814952931037e-01
6.980000000000000000e+02 1.740615735991055679e-01
6.990000000000000000e+02 1.740238930876564227e-01
7.000000000000000000e+02 1.740054465913570547e-01
7.010000000000000000e+02 1.740071119682629064e-01
7.020000000000000000e+02 1.740308514032534726e-01
7.030000000000000000e+02 1.740797022849719933e-01
7.040000000000000000e+02 1.741575161148916084e-01
7.050000000000000000e+02 1.742684998060089752e-01
7.060000000000000000e+02 1.744166202434211388e-01
7.070000000000000000e+02 1.746049801798556511e-01
7.080000000000000000e+02 1.748352734202775205e-01
7.090000000000000000e+02 1.751074264743264775e-01
7.100000000000000000e+02 1.754194588367463947e-01
7.110000000000000000e+02 1.757676176662499867e-01
7.120000000000000000e+02 1.761467424755517319e-01
7.130000000000000000e+02 1.765508325609607132e-01
7.140000000000000000e+02 1.769737377047540527e-01
7.150000000000000000e+02 1.774098638755228496e-01
7.160000000000000000e+02 1.778546744377933475e-01
7.170000000000000000e+02 1.783049371339880396e-01
7.180000000000000000e+02 1.787586787722004189e-01
7.190000000000000000e+02 1.792149096121204432e-01
7.200000000000000000e+02 1.796732554158387285e-01
7.210000000000000000e+02 1.801336120297724608e-01
7.220000000000000000e+02 1.805958868314746224e-01
7.230000000000000000e+02 1.810598945010624683e-01
7.240000000000000000e+02 1.815253882076308944e-01
7.250000000000000000e+02 1.819921440265259704e-01
7.260000000000000000e+02 1.824601122952040078e-01
7.270000000000000000e+02 1.829295816068137182e-01
7.280000000000000000e+02 1.834012573260951906e-01
7.290000000000000000e+02 1.838762086754036074e-01
7.300000000000000000e+02 1.843557114577016320e-01
7.310000000000000000e+02 1.848409571588396638e-01
7.320000000000000000e+02 1.853326978449760798e-01
7.330000000000000000e+02 1.858308791643053792e-01
7.340000000000000000e+02 1.863342964953740855e-01
7.350000000000000000e+02 1.868403578001002208e-01
7.360000000000000000e+02 1.873450016254034067e-01
7.370000000000000000e+02 1.878427932174986936e-01
7.380000000000000000e+02 1.883271647474961952e-01
7.390000000000000000e+02 1.887908289207904655e-01
7.400000000000000000e+02 1.892263501035361117e-01
7.410000000000000000e+02 1.896267012854184475e-01
7.420000000000000000e+02 1.899857111333621007e-01
7.430000000000000000e+02 1.902983465995712331e-01
7.440000000000000000e+02 1.905607400244862526e-01
7.450000000000000000e+02 1.907700056677792966e-01
7.460000000000000000e+02 1.909239973618430120e-01
7.470000000000000000e+02 1.910210047701719760e-01
7.480000000000000000e+02 1.910595273880227318e-01
7.490000000000000000e+02 1.910381390856804029e-01
7.500000000000000000e+02 1.909555123305514135e-01
7.510000000000000000e+02 1.908106365835960938e-01
7.520000000000000000e+02 1.906031127503667044e-01
7.530000000000000000e+02 1.903335325312500714e-01
7.540000000000000000e+02 1.900038169234183894e-01
7.550000000000000000e+02 1.896174250591699528e-01
7.560000000000000000e+02 1.891794556529304838e-01
7.570000000000000000e+02 1.886966569664469962e-01
7.580000000000000000e+02 1.881773451601920222e-01
7.590000000000000000e+02 1.876312716262145130e-01
7.600000000000000000e+02 1.870693535474894920e-01
7.610000000000000000e+02 1.865032685956596048e-01
7.620000000000000000e+02 1.859449134508171508e-01
7.630000000000000000e+02 1.854057270996685158e-01
7.640000000000000000e+02 1.848960212862381103e-01
7.650000000000000000e+02 1.844244078807726894e-01
7.660000000000000000e+02 1.839973717632166772e-01
7.670000000000000000e+02 1.836190585008830034e-01
7.680000000000000000e+02 1.832912450392272519e-01
7.690000000000000000e+02 1.830135085308668141e-01
7.700000000000000000e+02 1.827835042383741948e-01
7.710000000000000000e+02 1.825973497007430113e-01
7.720000000000000000e+02 1.824500632389242094e-01
7.730000000000000000e+02 1.823360284929916864e-01
7.740000000000000000e+02 1.822494105611361936e-01
7.750000000000000000e+02 1.821845549192889768e-01
7.760000000000000000e+02 1.821363447199536578e-01
7.770000000000000000e+02 1.821005706091443077e-01
7.780000000000000000e+02 1.820742442802710803e-01
7.790000000000000000e+02 1.820558411650068653e-01
7.800000000000000000e+02 1.820454271816165093e-01
7.810000000000000000e+02 1.820446922481203655e-01
7.820000000000000000e+02 1.820568416564206093e-01
7.830000000000000000e+02 1.820862894594129922e-01
7.840000000000000000e+02 1.821382673970687871e-01
7.850000000000000000e+02 1.822183516719257934e-01
7.860000000000000000e+02 1.823319001440255049e-01
7.870000000000000000e+02 1.824835503919123303e-01
7.880000000000000000e+02 1.826767677063987905e-01
7.890000000000000000e+02 1.829134868103080569e-01
7.900000000000000000e+02 1.831938863885600732e-01
7.910000000000000000e+02 1.835163877079417638e-01
7.920000000000000000e+02 1.838778789361504296e-01
7.930000000000000000e+02 1.842741314367249139e-01
7.940000000000000000e+02 1.847004295457891354e-01
7.950000000000000000e+02 1.851522662544304865e-01
7.960000000000000000e+02 1.856260086452583002e-01
7.970000000000000000e+02 1.861194020695339790e-01
7.980000000000000000e+02 1.866318270816901270e-01
7.990000000000000000e+02 1.871642575355364491e-01
8.000000000000000000e+02 1.877189062884062620e-01
8.010000000000000000e+02 1.882987250419024816e-01
8.020000000000000000e+02 1.889068508563455651e-01
8.030000000000000000e+02 1.895460659386410396e-01
8.040000000000000000e+02 1.902183940352248914e-01
8.050000000000000000e+02 1.909249128657818650e-01
8.060000000000000000e+02 1.916657085758395884e-01
8.070000000000000000e+02 1.924399739072069071e-01
8.080000000000000000e+02 1.932461841708695283e-01
8.090000000000000000e+02 1.940823231070177846e-01
8.100000000000000000e+02 1.949460897628637057e-01
8.110000000000000000e+02 1.958350702022380596e-01
8.120000000000000000e+02 1.967468358866097389e-01
8.130000000000000000e+02 1.976789913359324191e-01
8.140000000000000000e+02 1.986291600063123663e-01
8.150000000000000000e+02 1.995949830064411012e-01
8.160000000000000000e+02 2.005741008883129839e-01
8.170000000000000000e+02 2.015641244800783771e-01
8.180000000000000000e+02 2.025626564091672632e-01
8.190000000000000000e+02 2.035673196272483887e-01
8.200000000000000000e+02 2.045758320078228110e-01
8.210000000000000000e+02 2.055861017128146062e-01
8.220000000000000000e+02 2.065962866847619595e-01
8.230000000000000000e+02 2.076048389231677782e-01
8.240000000000000000e+02 2.086104774462325118e-01
8.250000000000000000e+02 2.096121161497626617e-01
8.260000000000000000e+02 2.106087528596211067e-01
8.270000000000000000e+02 2.115993641157347116e-01
8.280000000000000000e+02 2.125828495357113268e-01
8.290000000000000000e+02 2.135581241893121929e-01
8.300000000000000000e+02 2.145243578472958434e-01
8.310000000000000000e+02 2.154812764074548748e-01
8.320000000000000000e+02 2.164294887058686445e-01
8.330000000000000000e+02 2.173707152837267287e-01
8.340000000000000000e+02 2.183077869997365472e-01
8.350000000000000000e+02 2.192444002290546701e-01
8.360000000000000000e+02 2.201846675329670322e-01
8.370000000000000000e+02 2.211325421911303768e-01
8.380000000000000000e+02 2.220912340946201158e-01
8.390000000000000000e+02 2.230627365609262058e-01
8.400000000000000000e+02 2.240475882521484885e-01
8.410000000000000000e+02 2.250448182036500211e-01
8.420000000000000000e+02 2.260519607434429146e-01
8.430000000000000000e+02 2.270651640987109976e-01
8.440000000000000000e+02 2.280792301215402995e-01
8.450000000000000000e+02 2.290876199406091662e-01
8.460000000000000000e+02 2.300824165687733180e-01
8.470000000000000000e+02 2.310543173717970467e-01
8.480000000000000000e+02 2.319927004310971541e-01
8.490000000000000000e+02 2.328858674047495081e-01
8.500000000000000000e+02 2.337214919944364255e-01
8.510000000000000000e+02 2.344871851574082955e-01
8.520000000000000000e+02 2.351712517897777410e-01
8.530000000000000000e+02 2.357634340332528944e-01
8.540000000000000000e+02 2.362555938646249132e-01
8.550000000000000000e+02 2.366422196886301954e-01
8.560000000000000000e+02 2.369207242564472793e-01
8.570000000000000000e+02 2.370915077860606401e-01
8.580000000000000000e+02 2.371577883961112354e-01
8.590000000000000000e+02 2.371251896471455733e-01
8.600000000000000000e+02 2.370011721523606063e-01
8.610000000000000000e+02 2.367943491081153373e-01
8.620000000000000000e+02 2.365138733273645100e-01
8.630000000000000000e+02 2.361690033633384866e-01
8.640000000000000000e+02 2.357688497352289081e-01
8.650000000000000000e+02 2.353223012744201093e-01
8.660000000000000000e+02 2.348380332314081165e-01
8.670000000000000000e+02 2.343245373061452752e-01
8.680000000000000000e+02 2.337901179860396028e-01
8.690000000000000000e+02 2.332428505369021909e-01
8.700000000000000000e+02 2.326905240034866651e-01
8.710000000000000000e+02 2.321405855586533007e-01
8.720000000000000000e+02 2.316001204095473609e-01
8.730000000000000000e+02 2.310758257573659602e-01
8.740000000000000000e+02 2.305739484246195070e-01
8.750000000000000000e+02 2.301001085312720518e-01
8.760000000000000000e+02 2.296590702975601084e-01
8.770000000000000000e+02 2.292544682803354938e-01
8.780000000000000000e+02 2.288885182308219857e-01
8.790000000000000000e+02 2.285618386755293718e-01
8.800000000000000000e+02 2.282733339310962228e-01
8.810000000000000000e+02 2.280201932700841039e-01
8.820000000000000000e+02 2.277979805346795894e-01
8.830000000000000000e+02 2.276008638471839207e-01
8.840000000000000000e+02 2.274219196740997206e-01
8.850000000000000000e+02 2.272535931333800885e-01
8.860000000000000000e+02 2.270881296822777895e-01
8.870000000000000000e+02 2.269179910025973523e-01
8.880000000000000000e+02 2.267361885527695575e-01
8.890000000000000000e+02 2.265365456805894517e-01
8.900000000000000000e+02 2.263139528120204913e-01
8.910000000000000000e+02 2.260646087374857671e-01
8.920000000000000000e+02 2.257862020780362633e-01
8.930000000000000000e+02 2.254780036879387162e-01
8.940000000000000000e+02 2.251407238926191323e-01
8.950000000000000000e+02 2.247761845682267057e-01
8.960000000000000000e+02 2.243868557945833397e-01
8.970000000000000000e+02 2.239754062779171218e-01
8.980000000000000000e+02 2.235443169549710118e-01
8.990000000000000000e+02 2.230956294200401313e-01
9.000000000000000000e+02 2.226308635739905895e-01
9.010000000000000000e+02 2.221510697297001125e-01
9.020000000000000000e+02 2.216569530379012276e-01
9.030000000000000000e+02 2.211490892907636563e-01
9.040000000000000000e+02 2.206281333850631521e-01
9.050000000000000000e+02 2.200949839080859893e-01
9.060000000000000000e+02 2.195509103027350473e-01
9.070000000000000000e+02 2.189976323504625455e-01
9.080000000000000000e+02 2.184373452653815273e-01
9.090000000000000000e+02 2.178727573420866648e-01
9.100000000000000000e+02 2.173070838396820581e-01
9.110000000000000000e+02 2.167440182418947092e-01
9.120000000000000000e+02 2.161875955371054814e-01
9.130000000000000000e+02 2.156419504055507308e-01
9.140000000000000000e+02 2.151110627193818514e-01
9.150000000000000000e+02 2.145986002143961957e-01
9.160000000000000000e+02 2.141078623810838133e-01
9.170000000000000000e+02 2.136418380354697666e-01
9.180000000000000000e+02 2.132032822381797477e-01
9.190000000000000000e+02 2.127947923570294442e-01
9.200000000000000000e+02 2.124188184902245091e-01
9.210000000000000000e+02 2.120775882450852690e-01
9.220000000000000000e+02 2.117729887547599721e-01
9.230000000000000000e+02 2.115064470406978758e-01
9.240000000000000000e+02 2.112788198498214698e-01
9.250000000000000000e+02 2.110903209524238044e-01
9.260000000000000000e+02 2.109404786074842164e-01
9.270000000000000000e+02 2.108281847329406822e-01
9.280000000000000000e+02 2.107518010714553580e-01
9.290000000000000000e+02 2.107093227941545521e-01
9.300000000000000000e+02 2.106985622050389084e-01
9.310000000000000000e+02 2.107173358245129913e-01
9.320000000000000000e+02 2.107636305213503869e-01
9.330000000000000000e+02 2.108356556588345254e-01
9.340000000000000000e+02 2.109318443554286104e-01
9.350000000000000000e+02 2.110508169649669974e-01
9.360000000000000000e+02 2.111913154215599442e-01
9.370000000000000000e+02 2.113521213540703880e-01
9.380000000000000000e+02 2.115320094112640437e-01
9.390000000000000000e+02 2.117296568706506510e-01
9.400000000000000000e+02 2.119435666007328800e-01
9.410000000000000000e+02 2.121719297757490574e-01
9.420000000000000000e+02 2.124125097366217074e-01
9.430000000000000000e+02 2.126625539446279078e-01
9.440000000000000000e+02 2.129187448028352636e-01
9.450000000000000000e+02 2.131772696803906908e-01
9.460000000000000000e+02 2.134340021324787895e-01
9.470000000000000000e+02 2.136847550558916842e-01
9.480000000000000000e+02 2.139255589520256406e-01
9.490000000000000000e+02 2.141529913122968420e-01
9.500000000000000000e+02 2.143644548044979503e-01
9.510000000000000000e+02 2.145583757128825264e-01
9.520000000000000000e+02 2.147342897562859731e-01
9.530000000000000000e+02 2.148928098655245589e-01
9.540000000000000000e+02 2.150354860438103699e-01
9.550000000000000000e+02 2.151645709963071751e-01
9.560000000000000000e+02 2.152826711340828925e-01
9.570000000000000000e+02 2.153923477097508532e-01
9.580000000000000000e+02 2.154957049548020531e-01
9.590000000000000000e+02 2.155939733527134639e-01
9.600000000000000000e+02 2.156871825576764379e-01
9.610000000000000000e+02 2.157739677841274406e-01
9.620000000000000000e+02 2.158515357470675300e-01
9.630000000000000000e+02 2.159157839511584853e-01
9.640000000000000000e+02 2.159616544921403314e-01
9.650000000000000000e+02 2.159835508885411537e-01
9.660000000000000000e+02 2.159758692458305651e-01
9.670000000000000000e+02 2.159335524442852761e-01
9.680000000000000000e+02 2.158526288914332514e-01
9.690000000000000000e+02 2.157306628356731037e-01
9.700000000000000000e+02 2.155670611043844220e-01
9.710000000000000000e+02 2.153631903303578066e-01
9.720000000000000000e+02 2.151222970734364970e-01
9.730000000000000000e+02 2.148491766383453794e-01
9.740000000000000000e+02 2.145497148564510792e-01
9.750000000000000000e+02 2.142303311991111958e-01
9.760000000000000000e+02 2.138974514127593429e-01
9.770000000000000000e+02 2.135570716595498464e-01
9.780000000000000000e+02 2.132144174945023729e-01
9.790000000000000000e+02 2.128737606139579630e-01
9.800000000000000000e+02 2.125383872848306266e-01
9.810000000000000000e+02 2.122107043190275266e-01
9.820000000000000000e+02 2.118924564068457306e-01
9.830000000000000000e+02 2.115850059202624700e-01
9.840000000000000000e+02 2.112896097346727287e-01
9.850000000000000000e+02 2.110076183857760856e-01
9.860000000000000000e+02 2.107405881941088743e-01
9.870000000000000000e+02 2.104902343293656997e-01
9.880000000000000000e+02 2.102582800931067086e-01
9.890000000000000000e+02 2.100462900022155299e-01
9.900000000000000000e+02 2.098555108180006901e-01
9.910000000000000000e+02 2.096868452933624560e-01
9.920000000000000000e+02 2.095409697265301907e-01
9.930000000000000000e+02 2.094185594970648379e-01
9.940000000000000000e+02 2.093205810049886817e-01
9.950000000000000000e+02 2.092485770735588169e-01
9.960000000000000000e+02 2.092047846453044813e-01
9.970000000000000000e+02 2.091920511848310293e-01
9.980000000000000000e+02 2.092135076942898131e-01
9.990000000000000000e+02 2.092720560554049702e-01
1.000000000000000000e+03 2.093696951364809600e-01
1.001000000000000000e+03 2.095069028425073643e-01
1.002000000000000000e+03 2.096821089728389820e-01
1.003000000000000000e+03 2.098913549206226081e-01
1.004000000000000000e+03 2.101282050016581304e-01
1.005000000000000000e+03 2.103838765754803830e-01
1.006000000000000000e+03 2.106476499647387812e-01
1.007000000000000000e+03 2.109074533699412946e-01
1.008000000000000000e+03 2.111505080319226180e-01
1.009000000000000000e+03 2.113640149667996015e-01
1.010000000000000000e+03 2.115358406926121648e-01
1.011000000000000000e+03 2.116551305156079144e-01
1.012000000000000000e+03 2.117127749459505603e-01
1.013000000000000000e+03 2.117017797086336028e-01
1.014000000000000000e+03 2.116175037934474035e-01
1.015000000000000000e+03 2.114578483115255869e-01
1.016000000000000000e+03 2.112233256253668590e-01
1.017000000000000000e+03 2.109170303773446609e-01
1.018000000000000000e+03 2.105445032335769295e-01
1.019000000000000000e+03 2.101134771733842443e-01
1.020000000000000000e+03 2.096334465575918904e-01
1.021000000000000000e+03 2.091151054753800365e-01
1.022000000000000000e+03 2.085696875555979046e-01
1.023000000000000000e+03 2.080082498101958888e-01
1.024000000000000000e+03 2.074409777801845267e-01
1.025000000000000000e+03 2.068765992929746944e-01
1.026000000000000000e+03 2.063219263157614614e-01
1.027000000000000000e+03 2.057815430074348417e-01
1.028000000000000000e+03 2.052576757086744252e-01
1.029000000000000000e+03 2.047502212465097671e-01
1.030000000000000000e+03 2.042568837621322186e-01
1.031000000000000000e+03 2.037734206140900395e-01
1.032000000000000000e+03 2.032939806177207487e-01
1.033000000000000000e+03 2.028115238050950397e-01
1.034000000000000000e+03 2.023183705678062716e-01
1.035000000000000000e+03 2.018068546046141165e-01
1.036000000000000000e+03 2.012700478056398956e-01
1.037000000000000000e+03 2.007025070658035593e-01
1.038000000000000000e+03 2.001009340106082446e-01
1.039000000000000000e+03 1.994645731936981470e-01
1.040000000000000000e+03 1.987953147068283744e-01
1.041000000000000000e+03 1.980974331189297166e-01
1.042000000000000000e+03 1.973770604735313738e-01
1.043000000000000000e+03 1.966415074403893293e-01
1.044000000000000000e+03 1.958985466823449095e-01
1.045000000000000000e+03 1.951557811900526129e-01
1.046000000000000000e+03 1.944201721078005485e-01
1.047000000000000000e+03 1.936977172915366197e-01
1.048000000000000000e+03 1.929932654126703395e-01
1.049000000000000000e+03 1.923104600707655210e-01
1.050000000000000000e+03 1.916517920319555646e-01
1.051000000000000000e+03 1.910186929582071980e-01
1.052000000000000000e+03 1.904116490228636993e-01
1.053000000000000000e+03 1.898303686544855484e-01
1.054000000000000000e+03 1.892739777547634561e-01
1.055000000000000000e+03 1.887412103289796417e-01
1.056000000000000000e+03 1.882306186224168010e-01
1.057000000000000000e+03 1.877408207739310053e-01
1.058000000000000000e+03 1.872707185239629035e-01
1.059000000000000000e+03 1.868196722330172088e-01
1.060000000000000000e+03 1.863875541639538058e-01
1.061000000000000000e+03 1.859747593980345393e-01
1.062000000000000000e+03 1.855821063817459649e-01
1.063000000000000000e+03 1.852107239776803471e-01
1.064000000000000000e+03 1.848619299466066623e-01
1.065000000000000000e+03 1.845371062519227945e-01
1.066000000000000000e+03 1.842376542876388024e-01
1.067000000000000000e+03 1.839649524590060703e-01
1.068000000000000000e+03 1.837203893676630506e-01
1.069000000000000000e+03 1.835054975988966164e-01
1.070000000000000000e+03 1.833220955091910132e-01
1.071000000000000000e+03 1.831724493411359123e-01
1.072000000000000000e+03 1.830593781383428875e-01
1.073000000000000000e+03 1.829862705858855132e-01
1.074000000000000000e+03 1.829569424367788466e-01
1.075000000000000000e+03 1.829753527652089318e-01
1.076000000000000000e+03 1.830452359397757023e-01
1.077000000000000000e+03 1.831697314086886963e-01
1.078000000000000000e+03 1.833510192277579831e-01
1.079000000000000000e+03 1.835900489575202077e-01
1.080000000000000000e+03 1.838864032733515119e-01
1.081000000000000000e+03 1.842383034950719756e-01
1.082000000000000000e+03 1.846427695818663173e-01
1.083000000000000000e+03 1.850959672077558960e-01
1.084000000000000000e+03 1.855936972351980574e-01
1.085000000000000000e+03 1.861319407444229079e-01
1.086000000000000000e+03 1.867073735105118648e-01
1.087000000000000000e+03 1.873176398913795060e-01
1.088000000000000000e+03 1.879613143534292763e-01
1.089000000000000000e+03 1.886375905006366649e-01
1.090000000000000000e+03 1.893458003616377838e-01
1.091000000000000000e+03 1.900849988333422336e-01
1.092000000000000000e+03 1.908536542695443705e-01
1.093000000000000000e+03 1.916494680576764920e-01
1.094000000000000000e+03 1.924692541191312389e-01
1.095000000000000000e+03 1.933088981209083457e-01
1.096000000000000000e+03 1.941634208720830479e-01
1.097000000000000000e+03 1.950271475067694438e-01
1.098000000000000000e+03 1.958939849494248930e-01
1.099000000000000000e+03 1.967578240230580255e-01
1.100000000000000000e+03 1.976129553485722057e-01
1.101000000000000000e+03 1.984544852605304166e-01
1.102000000000000000e+03 1.992786453770405974e-01
1.103000000000000000e+03 2.000829735040858259e-01
1.104000000000000000e+03 2.008663429359059949e-01
1.105000000000000000e+03 2.016288726410129239e-01
1.106000000000000000e+03 2.023717015372418493e-01
1.107000000000000000e+03 2.030967078185323127e-01
1.108000000000000000e+03 2.038062065868292971e-01
1.109000000000000000e+03 2.045026743476567321e-01
1.110000000000000000e+03 2.051884727776562001e-01
1.111000000000000000e+03 2.058656042340906989e-01
1.112000000000000000e+03 2.065354798715602069e-01
1.113000000000000000e+03 2.071987527261317796e-01
1.114000000000000000e+03 2.078551426458718487e-01
1.115000000000000000e+03 2.085032979936398967e-01
1.116000000000000000e+03 2.091407397125573386e-01
1.117000000000000000e+03 2.097638701425968977e-01
1.118000000000000000e+03 2.103680588045742650e-01
1.119000000000000000e+03 2.109477873221209943e-01
1.120000000000000000e+03 2.114967899095940296e-01
1.121000000000000000e+03 2.120082174120488938e-01
1.122000000000000000e+03 2.124748834017467503e-01
1.123000000000000000e+03 2.128896095820227985e-01
1.124000000000000000e+03 2.132456378945728481e-01
1.125000000000000000e+03 2.135370414543424356e-01
1.126000000000000000e+03 2.137590243353222341e-01
1.127000000000000000e+03 2.139080414511903006e-01
1.128000000000000000e+03 2.139817769651174428e-01
1.129000000000000000e+03 2.139790556974970615e-01
1.130000000000000000e+03 2.138997940191129377e-01
1.131000000000000000e+03 2.137449783579375429e-01
1.132000000000000000e+03 2.135166705410884991e-01
1.133000000000000000e+03 2.132180185509772730e-01
1.134000000000000000e+03 2.128532020215103682e-01
1.135000000000000000e+03 2.124273273312176635e-01
1.136000000000000000e+03 2.119462709348545748e-01
1.137000000000000000e+03 2.114164976964026943e-01
1.138000000000000000e+03 2.108448612690932700e-01
1.139000000000000000e+03 2.102383702174750180e-01
1.140000000000000000e+03 2.096039490243663539e-01
1.141000000000000000e+03 2.089481684626018909e-01
1.142000000000000000e+03 2.082770420645101150e-01
1.143000000000000000e+03 2.075958386316547055e-01
1.144000000000000000e+03 2.069089126946901114e-01
1.145000000000000000e+03 2.062195642305075238e-01
1.146000000000000000e+03 2.055298979200461396e-01
1.147000000000000000e+03 2.048407453416867252e-01
1.148000000000000000e+03 2.041516630586820980e-01
1.149000000000000000e+03 2.034610354512269015e-01
1.150000000000000000e+03 2.027663246260817675e-01
1.151000000000000000e+03 2.020644230265141172e-01
1.152000000000000000e+03 2.013520679981385675e-01
1.153000000000000000e+03 2.006262686439076182e-01
1.154000000000000000e+03 1.998846977528290214e-01
1.155000000000000000e+03 1.991260548328683821e-01
1.156000000000000000e+03 1.983504230812023206e-01
1.157000000000000000e+03 1.975595307277044910e-01
1.158000000000000000e+03 1.967568772197748894e-01
1.159000000000000000e+03 1.959476352305927760e-01
1.160000000000000000e+03 1.951383304570591393e-01
1.161000000000000000e+03 1.943363251578108242e-01
1.162000000000000000e+03 1.935491899153303774e-01
1.163000000000000000e+03 1.927840856106776413e-01
1.164000000000000000e+03 1.920472190899935039e-01
1.165000000000000000e+03 1.913435291169577057e-01
1.166000000000000000e+03 1.906766720984908459e-01
1.167000000000000000e+03 1.900493052711042519e-01
1.168000000000000000e+03 1.894635620758554906e-01
1.169000000000000000e+03 1.889215465632583801e-01
1.170000000000000000e+03 1.884256850956991247e-01
1.171000000000000000e+03 1.879788738581587570e-01
1.172000000000000000e+03 1.875843248828998056e-01
1.173000000000000000e+03 1.872452317204761352e-01
1.174000000000000000e+03 1.869643467140224280e-01
1.175000000000000000e+03 1.867435965161683420e-01
1.176000000000000000e+03 1.865837717268183094e-01
1.177000000000000000e+03 1.864843594357694923e-01
1.178000000000000000e+03 1.864435648375741550e-01
1.179000000000000000e+03 1.864585494942566091e-01
1.180000000000000000e+03 1.865258072562042124e-01
1.181000000000000000e+03 1.866416500164500281e-01
1.182000000000000000e+03 1.868026586897370556e-01
1.183000000000000000e+03 1.870060387898338228e-01
1.184000000000000000e+03 1.872497880742001741e-01
1.185000000000000000e+03 1.875326652080585299e-01
1.186000000000000000e+03 1.878539733164603653e-01
1.187000000000000000e+03 1.882132419603886886e-01
1.188000000000000000e+03 1.886099059501971931e-01
1.189000000000000000e+03 1.890430300028260180e-01
1.190000000000000000e+03 1.895111340695540825e-01
1.191000000000000000e+03 1.900121727296095464e-01
1.192000000000000000e+03 1.905436672985683644e-01
1.193000000000000000e+03 1.911029614391527853e-01
1.194000000000000000e+03 1.916875320153215989e-01
1.195000000000000000e+03 1.922952372178240998e-01
1.196000000000000000e+03 1.929243214911041948e-01
1.197000000000000000e+03 1.935731755026319223e-01
1.198000000000000000e+03 1.942399097786671747e-01
1.199000000000000000e+03 1.949218701316002278e-01
1.200000000000000000e+03 1.956152598813622467e-01
1.201000000000000000e+03 1.963149852292760955e-01
1.202000000000000000e+03 1.970147869284200604e-01
1.203000000000000000e+03 1.977075920770777484e-01
1.204000000000000000e+03 1.983860502573222551e-01
1.205000000000000000e+03 1.990431467553641087e-01
1.206000000000000000e+03 1.996727309973718723e-01
1.207000000000000000e+03 2.002699142555202649e-01
1.208000000000000000e+03 2.008312873126991693e-01
1.209000000000000000e+03 2.013549483371031013e-01
1.210000000000000000e+03 2.018404604361974664e-01
1.211000000000000000e+03 2.022887192560079983e-01
1.212000000000000000e+03 2.027017338049834638e-01
1.213000000000000000e+03 2.030822819266654977e-01
1.214000000000000000e+03 2.034334275820150195e-01
1.215000000000000000e+03 2.037580418652091274e-01
1.216000000000000000e+03 2.040583524915450808e-01
1.217000000000000000e+03 2.043357054629463543e-01
1.218000000000000000e+03 2.045904823004127682e-01
1.219000000000000000e+03 2.048222217535635159e-01
1.220000000000000000e+03 2.050298680581959243e-01
1.221000000000000000e+03 2.052120640146607722e-01
1.222000000000000000e+03 2.053674039366872317e-01
1.223000000000000000e+03 2.054946442271419760e-01
1.224000000000000000e+03 2.055928704240300164e-01
1.225000000000000000e+03 2.056616093264632128e-01
1.226000000000000000e+03 2.057008652195357057e-01
1.227000000000000000e+03 2.057111300736816917e-01
1.228000000000000000e+03 2.056933620709925359e-01
1.229000000000000000e+03 2.056488476103386920e-01
1.230000000000000000e+03 2.055790517252930050e-01
1.231000000000000000e+03 2.054854686625476323e-01
1.232000000000000000e+03 2.053695604724185830e-01
1.233000000000000000e+03 2.052327975833558305e-01
1.234000000000000000e+03 2.050768250582498120e-01
1.235000000000000000e+03 2.049036834491093639e-01
1.236000000000000000e+03 2.047160463813339493e-01
1.237000000000000000e+03 2.045173957137149667e-01
1.238000000000000000e+03 2.043120659099940395e-01
1.239000000000000000e+03 2.041050957044218683e-01
1.240000000000000000e+03 2.039019692880578716e-01
1.241000000000000000e+03 2.037083029934893541e-01
1.242000000000000000e+03 2.035295686192795106e-01
1.243000000000000000e+03 2.033708382555086680e-01
1.244000000000000000e+03 2.032365913347864983e-01
1.245000000000000000e+03 2.031306012453915066e-01
1.246000000000000000e+03 2.030559307004790592e-01
1.247000000000000000e+03 2.030149786484262697e-01
1.248000000000000000e+03 2.030095778238903970e-01
1.249000000000000000e+03 2.030411335165756281e-01
1.250000000000000000e+03 2.031106993850321785e-01
1.251000000000000000e+03 2.032189255448346166e-01
1.252000000000000000e+03 2.033659131475528958e-01
1.253000000000000000e+03 2.035509793622739816e-01
1.254000000000000000e+03 2.037723661941137077e-01
1.255000000000000000e+03 2.040270298911608382e-01
1.256000000000000000e+03 2.043104955390873667e-01
1.257000000000000000e+03 2.046169129707560153e-01
1.258000000000000000e+03 2.049392692778868597e-01
1.259000000000000000e+03 2.052698202559927465e-01
1.260000000000000000e+03 2.056006597579705664e-01
1.261000000000000000e+03 2.059243709305971226e-01
1.262000000000000000e+03 2.062346731186123217e-01
1.263000000000000000e+03 2.065269504683322765e-01
1.264000000000000000e+03 2.067985904102748740e-01
1.265000000000000000e+03 2.070490284823967020e-01
1.266000000000000000e+03 2.072795618757904690e-01
1.267000000000000000e+03 2.074929449354692146e-01
1.268000000000000000e+03 2.076928309036593090e-01
1.269000000000000000e+03 2.078831619217889892e-01
1.270000000000000000e+03 2.080676312724604460e-01
1.271000000000000000e+03 2.082493696377988868e-01
1.272000000000000000e+03 2.084308696079038570e-01
1.273000000000000000e+03 2.086141614758013074e-01
1.274000000000000000e+03 2.088011425223250672e-01
1.275000000000000000e+03 2.089938831929240293e-01
1.276000000000000000e+03 2.091947396872946563e-01
1.277000000000000000e+03 2.094061504855822542e-01
1.278000000000000000e+03 2.096302389523759802e-01
1.279000000000000000e+03 2.098683657525906299e-01
1.280000000000000000e+03 2.101207407660355408e-01
1.281000000000000000e+03 2.103862086010226673e-01
1.282000000000000000e+03 2.106622848367615819e-01
1.283000000000000000e+03 2.109453487151228546e-01
1.284000000000000000e+03 2.112309198894942730e-01
1.285000000000000000e+03 2.115140384922518657e-01
1.286000000000000000e+03 2.117896339791724425e-01
1.287000000000000000e+03 2.120528657420759355e-01
1.288000000000000000e+03 2.122993854740403141e-01
1.289000000000000000e+03 2.125254537341720595e-01
1.290000000000000000e+03 2.127279780210941940e-01
1.291000000000000000e+03 2.129044500321813083e-01
1.292000000000000000e+03 2.130528438814290881e-01
1.293000000000000000e+03 2.131714978721683251e-01
1.294000000000000000e+03 2.132590213334502327e-01
1.295000000000000000e+03 2.133141869619716857e-01
1.296000000000000000e+03 2.133358333926098638e-01
1.297000000000000000e+03 2.133227530407795225e-01
1.298000000000000000e+03 2.132735729109340450e-01
1.299000000000000000e+03 2.131866691935334623e-01
1.300000000000000000e+03 2.130601954598947967e-01
1.301000000000000000e+03 2.128922124283909589e-01
1.302000000000000000e+03 2.126810457406722032e-01
1.303000000000000000e+03 2.124257307579184295e-01
1.304000000000000000e+03 2.121264971498284524e-01
1.305000000000000000e+03 2.117851666465026539e-01
1.306000000000000000e+03 2.114053823872029669e-01
1.307000000000000000e+03 2.109926233548587993e-01
1.308000000000000000e+03 2.105540789849416894e-01
1.309000000000000000e+03 2.100983942495032175e-01
1.310000000000000000e+03 2.096353095114085185e-01
1.311000000000000000e+03 2.091751798301171028e-01
1.312000000000000000e+03 2.087283198768741799e-01
1.313000000000000000e+03 2.083042653595760518e-01
1.314000000000000000e+03 2.079110339597201873e-01
1.315000000000000000e+03 2.075545896641033117e-01
1.316000000000000000e+03 2.072385946644131061e-01
1.317000000000000000e+03 2.069643770255366055e-01
1.318000000000000000e+03 2.067311597251353106e-01
1.319000000000000000e+03 2.065364085521702586e-01
1.320000000000000000e+03 2.063763173725457201e-01
1.321000000000000000e+03 2.062462717637724985e-01
1.322000000000000000e+03 2.061412350679919236e-01
1.323000000000000000e+03 2.060560698143055758e-01
1.324000000000000000e+03 2.059857784514331769e-01
1.325000000000000000e+03 2.059256762629655679e-01
1.326000000000000000e+03 2.058714251426536357e-01
1.327000000000000000e+03 2.058190368878181076e-01
1.328000000000000000e+03 2.057648414692240524e-01
1.329000000000000000e+03 2.057054171155124622e-01
1.330000000000000000e+03 2.056375637352743091e-01
1.331000000000000000e+03 2.055583625759736521e-01
1.332000000000000000e+03 2.054652577980793648e-01
1.333000000000000000e+03 2.053561885408026200e-01
1.334000000000000000e+03 2.052296979484368455e-01
1.335000000000000000e+03 2.050850226340911187e-01
1.336000000000000000e+03 2.049220580110860390e-01
1.337000000000000000e+03 2.047412133139010493e-01
1.338000000000000000e+03 2.045432059904961353e-01
1.339000000000000000e+03 2.043288002339830045e-01
1.340000000000000000e+03 2.040985906135602268e-01
1.341000000000000000e+03 2.038528370640057819e-01
1.342000000000000000e+03 2.035914507117724814e-01
1.343000000000000000e+03 2.033140957798860726e-01
1.344000000000000000e+03 2.030203612777235767e-01
1.345000000000000000e+03 2.027100410783103379e-01
1.346000000000000000e+03 2.023834440948340530e-01
1.347000000000000000e+03 2.020416450966535660e-01
1.348000000000000000e+03 2.016867088076133019e-01
1.349000000000000000e+03 2.013217889834159335e-01
1.350000000000000000e+03 2.009511048432368052e-01
1.351000000000000000e+03 2.005797751088254643e-01
1.352000000000000000e+03 2.002135781917266377e-01
1.353000000000000000e+03 1.998586603667253381e-01
1.354000000000000000e+03 1.995212277007017698e-01
1.355000000000000000e+03 1.992072681165205639e-01
1.356000000000000000e+03 1.989222932764334040e-01
1.357000000000000000e+03 1.986710925267888839e-01
1.358000000000000000e+03 1.984575120643156387e-01
1.359000000000000000e+03 1.982842636714702567e-01
1.360000000000000000e+03 1.981527699087840544e-01
1.361000000000000000e+03 1.980631409533327170e-01
1.362000000000000000e+03 1.980142486371684607e-01
1.363000000000000000e+03 1.980038499364978055e-01
1.364000000000000000e+03 1.980287831010146826e-01
1.365000000000000000e+03 1.980851557128332496e-01
1.366000000000000000e+03 1.981684925979129708e-01
1.367000000000000000e+03 1.982738406348570070e-01
1.368000000000000000e+03 1.983958435773854889e-01
1.369000000000000000e+03 1.985288315584426977e-01
1.370000000000000000e+03 1.986668977138486281e-01
1.371000000000000000e+03 1.988039616333592829e-01
1.372000000000000000e+03 1.989338617267403242e-01
1.373000000000000000e+03 1.990504400548328556e-01
1.374000000000000000e+03 1.991476742875746553e-01
1.375000000000000000e+03 1.992199689869058599e-01
1.376000000000000000e+03 1.992625841285815547e-01
1.377000000000000000e+03 1.992721941437765598e-01
1.378000000000000000e+03 1.992474561384920961e-01
1.379000000000000000e+03 1.991894311015378893e-01
1.380000000000000000e+03 1.991017126932397574e-01
1.381000000000000000e+03 1.989901589939367388e-01
1.382000000000000000e+03 1.988623350029840586e-01
1.383000000000000000e+03 1.987267654740264844e-01
1.384000000000000000e+03 1.985921297991145584e-01
1.385000000000000000e+03 1.984665516343636638e-01
1.386000000000000000e+03 1.983570891978878037e-01
1.387000000000000000e+03 1.982694468313052905e-01
1.388000000000000000e+03 1.982078761894957020e-01
1.389000000000000000e+03 1.981752371885664998e-01
1.390000000000000000e+03 1.981731354197318051e-01
1.391000000000000000e+03 1.982020576354789065e-01
1.392000000000000000e+03 1.982614316831977364e-01
1.393000000000000000e+03 1.983497001687327677e-01
1.394000000000000000e+03 1.984643659445042285e-01
1.395000000000000000e+03 1.986020100823475687e-01
1.396000000000000000e+03 1.987583581974003977e-01
1.397000000000000000e+03 1.989283539538628798e-01
1.398000000000000000e+03 1.991062718409216670e-01
1.399000000000000000e+03 1.992858380573330479e-01
1.400000000000000000e+03 1.994603464809708293e-01
1.401000000000000000e+03 1.996228980466379088e-01
1.402000000000000000e+03 1.997667680944673341e-01
1.403000000000000000e+03 1.998859123593428322e-01
1.404000000000000000e+03 1.999755722736356045e-01
1.405000000000000000e+03 2.000328292790767570e-01
1.406000000000000000e+03 2.000569705823574962e-01
1.407000000000000000e+03 2.000494949308168069e-01
1.408000000000000000e+03 2.000137767025914060e-01
1.409000000000000000e+03 1.999544343398255153e-01
1.410000000000000000e+03 1.998766182879145314e-01
1.411000000000000000e+03 1.997853346640647287e-01
1.412000000000000000e+03 1.996849243499855264e-01
1.413000000000000000e+03 1.995787725544360680e-01
1.414000000000000000e+03 1.994692255833821481e-01
1.415000000000000000e+03 1.993577312452953498e-01
1.416000000000000000e+03 1.992451538291971358e-01
1.417000000000000000e+03 1.991321575498007923e-01
1.418000000000000000e+03 1.990196492541677076e-01
1.419000000000000000e+03 1.989091642593990017e-01
1.420000000000000000e+03 1.988030961120798024e-01
1.421000000000000000e+03 1.987047321470297168e-01
1.422000000000000000e+03 1.986181010468482389e-01
1.423000000000000000e+03 1.985476833495749549e-01
1.424000000000000000e+03 1.984980500496865141e-01
1.425000000000000000e+03 1.984734953118525436e-01
1.426000000000000000e+03 1.984777375632564567e-01
1.427000000000000000e+03 1.985137019215025278e-01
1.428000000000000000e+03 1.985833457359487686e-01
1.429000000000000000e+03 1.986875915759699351e-01
1.430000000000000000e+03 1.988262941849681387e-01
1.431000000000000000e+03 1.989982707078395419e-01
1.432000000000000000e+03 1.992014144200365544e-01
1.433000000000000000e+03 1.994328326534229034e-01
1.434000000000000000e+03 1.996890640267797168e-01
1.435000000000000000e+03 1.999662553394575548e-01
1.436000000000000000e+03 2.002603145234655990e-01
1.437000000000000000e+03 2.005670018194671278e-01
1.438000000000000000e+03 2.008818921727170137e-01
1.439000000000000000e+03 2.012002907528461781e-01
1.440000000000000000e+03 2.015171240005038389e-01
1.441000000000000000e+03 2.018268863027533055e-01
1.442000000000000000e+03 2.021236973482245791e-01
1.443000000000000000e+03 2.024015151520059952e-01
1.444000000000000000e+03 2.026545849298168889e-01
1.445000000000000000e+03 2.028779941478396354e-01
1.446000000000000000e+03 2.030682420154984458e-01
1.447000000000000000e+03 2.032237075763278222e-01
1.448000000000000000e+03 2.033449181921904436e-01
1.449000000000000000e+03 2.034345697772179662e-01
1.450000000000000000e+03 2.034972981463060715e-01
1.451000000000000000e+03 2.035392473230168697e-01
1.452000000000000000e+03 2.035674870961410310e-01
1.453000000000000000e+03 2.035892892953555522e-01
1.454000000000000000e+03 2.036114019420949273e-01
1.455000000000000000e+03 2.036394126894387480e-01
1.456000000000000000e+03 2.036772717931036869e-01
1.457000000000000000e+03 2.037270127373613793e-01
1.458000000000000000e+03 2.037886627480010593e-01
1.459000000000000000e+03 2.038603742537353769e-01
1.460000000000000000e+03 2.039386620450727161e-01
1.461000000000000000e+03 2.040187209236808408e-01
1.462000000000000000e+03 2.040948125271638269e-01
1.463000000000000000e+03 2.041606041909709290e-01
1.464000000000000000e+03 2.042094969824952422e-01
1.465000000000000000e+03 2.042349603810244552e-01
1.466000000000000000e+03 2.042308777156875976e-01
1.467000000000000000e+03 2.041919123866053898e-01
1.468000000000000000e+03 2.041138398752102012e-01
1.469000000000000000e+03 2.039938007598939840e-01
1.470000000000000000e+03 2.038304591477564376e-01
1.471000000000000000e+03 2.036240632423984009e-01
1.472000000000000000e+03 2.033763925086450319e-01
1.473000000000000000e+03 2.030906656149822076e-01
1.474000000000000000e+03 2.027713625671043740e-01
1.475000000000000000e+03 2.024240290281290044e-01
1.476000000000000000e+03 2.020550136750377812e-01
1.477000000000000000e+03 2.016711216104882243e-01
1.478000000000000000e+03 2.012792131330699841e-01
1.479000000000000000e+03 2.008857146906453672e-01
1.480000000000000000e+03 2.004962148566687974e-01
1.481000000000000000e+03 2.001151927875829684e-01
1.482000000000000000e+03 1.997459411901821302e-01
1.483000000000000000e+03 1.993906464527046007e-01
1.484000000000000000e+03 1.990506447800849399e-01
1.485000000000000000e+03 1.987267202250484477e-01
1.486000000000000000e+03 1.984193712478640736e-01
1.487000000000000000e+03 1.981290392855869498e-01
1.488000000000000000e+03 1.978562705079138784e-01
1.489000000000000000e+03 1.976017564674901195e-01
1.490000000000000000e+03 1.973662930808506299e-01
1.491000000000000000e+03 1.971506358919418722e-01
1.492000000000000000e+03 1.969553481343860324e-01
1.493000000000000000e+03 1.967806525891214187e-01
1.494000000000000000e+03 1.966263280116418988e-01
1.495000000000000000e+03 1.964916502719919189e-01
1.496000000000000000e+03 1.963754307383749897e-01
1.497000000000000000e+03 1.962761690391763292e-01
1.498000000000000000e+03 1.961922367999159866e-01
1.499000000000000000e+03 1.961220723102668484e-01
1.500000000000000000e+03 1.960643569525893637e-01
1.501000000000000000e+03 1.960181549950322510e-01
1.502000000000000000e+03 1.959829917669270727e-01
1.503000000000000000e+03 1.959588852583184770e-01
1.504000000000000000e+03 1.959463355803009177e-01
1.505000000000000000e+03 1.959462950529488601e-01
1.506000000000000000e+03 1.959600727850945301e-01
1.507000000000000000e+03 1.959892419280528375e-01
1.508000000000000000e+03 1.960354588518513630e-01
1.509000000000000000e+03 1.961002256454215664e-01
1.510000000000000000e+03 1.961846512065573145e-01
1.511000000000000000e+03 1.962892285353818045e-01
1.512000000000000000e+03 1.964136670685590613e-01
1.513000000000000000e+03 1.965568524198338940e-01
1.514000000000000000e+03 1.967169154381497864e-01
1.515000000000000000e+03 1.968913528174348060e-01
1.516000000000000000e+03 1.970771512671433690e-01
1.517000000000000000e+03 1.972709085959054032e-01
1.518000000000000000e+03 1.974689280556030657e-01
1.519000000000000000e+03 1.976673179515387180e-01
1.520000000000000000e+03 1.978621503441906904e-01
1.521000000000000000e+03 1.980496817755351968e-01
1.522000000000000000e+03 1.982265949529016802e-01
1.523000000000000000e+03 1.983902873278542978e-01
1.524000000000000000e+03 1.985390403759660083e-01
1.525000000000000000e+03 1.986720325648305141e-01
1.526000000000000000e+03 1.987892202711885603e-01
1.527000000000000000e+03 1.988911307110912685e-01
1.528000000000000000e+03 1.989786265722043035e-01
1.529000000000000000e+03 1.990526912427013073e-01
1.530000000000000000e+03 1.991142174737343951e-01
1.531000000000000000e+03 1.991639046560682025e-01
1.532000000000000000e+03 1.992022634390076541e-01
1.533000000000000000e+03 1.992297353070514032e-01
1.534000000000000000e+03 1.992469572589936622e-01
1.535000000000000000e+03 1.992551008913067689e-01
1.536000000000000000e+03 1.992560932429391918e-01
1.537000000000000000e+03 1.992526070656513992e-01
1.538000000000000000e+03 1.992478576387852196e-01
1.539000000000000000e+03 1.992452675720193800e-01
1.540000000000000000e+03 1.992482131659212841e-01
1.541000000000000000e+03 1.992598961724837414e-01
1.542000000000000000e+03 1.992833088065054659e-01
1.543000000000000000e+03 1.993212250530018159e-01
1.544000000000000000e+03 1.993761777989295769e-01
1.545000000000000000e+03 1.994503919528386460e-01
1.546000000000000000e+03 1.995457186319344323e-01
1.547000000000000000e+03 1.996636471706756955e-01
1.548000000000000000e+03 1.998054022666889973e-01
1.549000000000000000e+03 1.999720391009006115e-01
1.550000000000000000e+03 2.001645617768027519e-01
1.551000000000000000e+03 2.003839631060761461e-01
1.552000000000000000e+03 2.006311929081996959e-01
1.553000000000000000e+03 2.009070762118144726e-01
1.554000000000000000e+03 2.012122201321924764e-01
1.555000000000000000e+03 2.015469500595602481e-01
1.556000000000000000e+03 2.019112749187506606e-01
1.557000000000000000e+03 2.023048866191503037e-01
1.558000000000000000e+03 2.027272433291718579e-01
1.559000000000000000e+03 2.031776695821437273e-01
1.560000000000000000e+03 2.036554105202214582e-01
1.561000000000000000e+03 2.041596658654149798e-01
1.562000000000000000e+03 2.046895553510998389e-01
1.563000000000000000e+03 2.052439674041486861e-01
1.564000000000000000e+03 2.058213824025430794e-01
1.565000000000000000e+03 2.064196373921708405e-01
1.566000000000000000e+03 2.070357343804324624e-01
1.567000000000000000e+03 2.076657381990774653e-01
1.568000000000000000e+03 2.083048013903185391e-01
1.569000000000000000e+03 2.089472525550276905e-01
1.570000000000000000e+03 2.095867882997738407e-01
1.571000000000000000e+03 2.102168019326806359e-01
1.572000000000000000e+03 2.108306862083807465e-01
1.573000000000000000e+03 2.114221584926994635e-01
1.574000000000000000e+03 2.119855235357443468e-01
1.575000000000000000e+03 2.125158761232174010e-01
1.576000000000000000e+03 2.130091561165527170e-01
1.577000000000000000e+03 2.134621756574175411e-01
1.578000000000000000e+03 2.138726136192048433e-01
1.579000000000000000e+03 2.142389912693040133e-01
1.580000000000000000e+03 2.145607265028708355e-01
1.581000000000000000e+03 2.148381655816392899e-01
1.582000000000000000e+03 2.150725875577560453e-01
1.583000000000000000e+03 2.152662024961348453e-01
1.584000000000000000e+03 2.154220644372144000e-01
1.585000000000000000e+03 2.155438771184572389e-01
1.586000000000000000e+03 2.156357520151270246e-01
1.587000000000000000e+03 2.157019365048132298e-01
1.588000000000000000e+03 2.157465273830143637e-01
1.589000000000000000e+03 2.157731747172260128e-01
1.590000000000000000e+03 2.157848566375518418e-01
1.591000000000000000e+03 2.157837383372738227e-01
1.592000000000000000e+03 2.157711939068632789e-01
1.593000000000000000e+03 2.157479246250423865e-01
1.594000000000000000e+03 2.157141580105061962e-01
1.595000000000000000e+03 2.156698465290054489e-01
1.596000000000000000e+03 2.156148521226275983e-01
1.597000000000000000e+03 2.155490412466052608e-01
1.598000000000000000e+03 2.154722377691114243e-01
1.599000000000000000e+03 2.153840541484370597e-01
1.600000000000000000e+03 2.152837509305007280e-01
1.601000000000000000e+03 2.151700690896136137e-01
1.602000000000000000e+03 2.150411457848298846e-01
1.603000000000000000e+03 2.148944819912307624e-01
1.604000000000000000e+03 2.147270896949627084e-01
1.605000000000000000e+03 2.145357678173867577e-01
1.606000000000000000e+03 2.143174542862358312e-01
1.607000000000000000e+03 2.140697234909206825e-01
1.608000000000000000e+03 2.137913099510450610e-01
1.609000000000000000e+03 2.134826191271657347e-01
1.610000000000000000e+03 2.131461600050738592e-01
1.611000000000000000e+03 2.127867651919474468e-01
1.612000000000000000e+03 2.124114426936621891e-01
1.613000000000000000e+03 2.120288202325292248e-01
1.614000000000000000e+03 2.116482680901910496e-01
1.615000000000000000e+03 2.112788515608726714e-01
1.616000000000000000e+03 2.109283980134648573e-01
1.617000000000000000e+03 2.106028304918977634e-01
1.618000000000000000e+03 2.103058536600747319e-01
1.619000000000000000e+03 2.100389110899700817e-01
1.620000000000000000e+03 2.098013798229155236e-01
1.621000000000000000e+03 2.095909935252368572e-01
1.622000000000000000e+03 2.094043654438280389e-01
1.623000000000000000e+03 2.092376175217171841e-01
1.624000000000000000e+03 2.090870096116576038e-01
1.625000000000000000e+03 2.089495205631876074e-01
1.626000000000000000e+03 2.088232979457602945e-01
1.627000000000000000e+03 2.087079221027169917e-01
1.628000000000000000e+03 2.086044127168210915e-01
1.629000000000000000e+03 2.085149836454300576e-01
1.630000000000000000e+03 2.084425949778676290e-01
1.631000000000000000e+03 2.083903507638195651e-01
1.632000000000000000e+03 2.083608054560560641e-01
1.633000000000000000e+03 2.083553402070294491e-01
1.634000000000000000e+03 2.083736738327488236e-01
1.635000000000000000e+03 2.084135669513907385e-01
1.636000000000000000e+03 2.084708041542614743e-01
1.637000000000000000e+03 2.085394132943456103e-01
1.638000000000000000e+03 2.086120964843438119e-01
1.639000000000000000e+03 2.086807781145835761e-01
1.640000000000000000e+03 2.087371638028295007e-01
1.641000000000000000e+03 2.087732365983879235e-01
1.642000000000000000e+03 2.087817114411413266e-01
1.643000000000000000e+03 2.087564281052158022e-01
1.644000000000000000e+03 2.086926762716339590e-01
1.645000000000000000e+03 2.085874530504130686e-01
1.646000000000000000e+03 2.084396771242732760e-01
1.647000000000000000e+03 2.082502292350582596e-01
1.648000000000000000e+03 2.080218162392618308e-01
1.649000000000000000e+03 2.077586570394638343e-01
1.650000000000000000e+03 2.074660490036556726e-01
1.651000000000000000e+03 2.071498728973830694e-01
1.652000000000000000e+03 2.068160931046412465e-01
1.653000000000000000e+03 2.064702945055601480e-01
1.654000000000000000e+03 2.061173515497171649e-01
1.655000000000000000e+03 2.057612668633964637e-01
1.656000000000000000e+03 2.054051310542735487e-01
1.657000000000000000e+03 2.050512088352200446e-01
1.658000000000000000e+03 2.047010948237066585e-01
1.659000000000000000e+03 2.043559004315735061e-01
1.660000000000000000e+03 2.040164395077078974e-01
1.661000000000000000e+03 2.036833938148643608e-01
1.662000000000000000e+03 2.033574292212912416e-01
1.663000000000000000e+03 2.030393010377110619e-01
1.664000000000000000e+03 2.027299448621906475e-01
1.665000000000000000e+03 2.024305024697251598e-01
1.666000000000000000e+03 2.021422475193161983e-01
1.667000000000000000e+03 2.018664538734369351e-01
1.668000000000000000e+03 2.016042320100361607e-01
1.669000000000000000e+03 2.013564500269908741e-01
1.670000000000000000e+03 2.011237688555524983e-01
1.671000000000000000e+03 2.009067932310031890e-01
1.672000000000000000e+03 2.007063004098433301e-01
1.673000000000000000e+03 2.005234865146954260e-01
1.674000000000000000e+03 2.003601090633626569e-01
1.675000000000000000e+03 2.002184980672160330e-01
1.676000000000000000e+03 2.001014559332078280e-01
1.677000000000000000e+03 2.000120338900251427e-01
1.678000000000000000e+03 1.999532699044016537e-01
1.679000000000000000e+03 1.999278876601237043e-01
1.680000000000000000e+03 1.999379732775775909e-01
1.681000000000000000e+03 1.999847373822924712e-01
1.682000000000000000e+03 2.000682459641189015e-01
1.683000000000000000e+03 2.001871933662205671e-01
1.684000000000000000e+03 2.003387595199468407e-01
1.685000000000000000e+03 2.005185301550135579e-01
1.686000000000000000e+03 2.007205723767064298e-01
1.687000000000000000e+03 2.009377167559090460e-01
1.688000000000000000e+03 2.011620243744451642e-01
1.689000000000000000e+03 2.013854245064709281e-01
1.690000000000000000e+03 2.016004806676551797e-01
1.691000000000000000e+03 2.018010913651666904e-01
1.692000000000000000e+03 2.019830149784940243e-01
1.693000000000000000e+03 2.021440575101461912e-01
1.694000000000000000e+03 2.022839088713187516e-01
1.695000000000000000e+03 2.024036962542059559e-01
1.696000000000000000e+03 2.025053439929546950e-01
1.697000000000000000e+03 2.025909296548435712e-01
1.698000000000000000e+03 2.026621588663707896e-01
1.699000000000000000e+03 2.027199919670474304e-01
1.700000000000000000e+03 2.027644100370587510e-01
1.701000000000000000e+03 2.027943129061486882e-01
1.702000000000000000e+03 2.028075146399194173e-01
1.703000000000000000e+03 2.028008306653898418e-01
1.704000000000000000e+03 2.027702394935943508e-01
1.705000000000000000e+03 2.027111519388643535e-01
1.706000000000000000e+03 2.026187235986491864e-01
1.707000000000000000e+03 2.024882997261915341e-01
1.708000000000000000e+03 2.023159416216151474e-01
1.709000000000000000e+03 2.020989585277935818e-01
1.710000000000000000e+03 2.018363650130512166e-01
1.711000000000000000e+03 2.015292032862861515e-01
1.712000000000000000e+03 2.011806547063983430e-01
1.713000000000000000e+03 2.007958908668469600e-01
1.714000000000000000e+03 2.003816663587569546e-01
1.715000000000000000e+03 1.999457093539412367e-01
1.716000000000000000e+03 1.994960253976186260e-01
1.717000000000000000e+03 1.990401733753376923e-01
1.718000000000000000e+03 1.985846578139047192e-01
1.719000000000000000e+03 1.981344664217616347e-01
1.720000000000000000e+03 1.976927999677406955e-01
1.721000000000000000e+03 1.972609966990420127e-01
1.722000000000000000e+03 1.968386327875295827e-01
1.723000000000000000e+03 1.964237686324400989e-01
1.724000000000000000e+03 1.960133117425407745e-01
1.725000000000000000e+03 1.956034206079871052e-01
1.726000000000000000e+03 1.951899305594859135e-01
1.727000000000000000e+03 1.947687730156909824e-01
1.728000000000000000e+03 1.943363477234033299e-01
1.729000000000000000e+03 1.938897764031335957e-01
1.730000000000000000e+03 1.934270869902736667e-01
1.731000000000000000e+03 1.929473413209356336e-01
1.732000000000000000e+03 1.924506852961624381e-01
1.733000000000000000e+03 1.919383154204713504e-01
1.734000000000000000e+03 1.914123671550469752e-01
1.735000000000000000e+03 1.908757706324332726e-01
1.736000000000000000e+03 1.903321121095326030e-01
1.737000000000000000e+03 1.897855357081989491e-01
1.738000000000000000e+03 1.892407452092915721e-01
1.739000000000000000e+03 1.887030289489772528e-01
1.740000000000000000e+03 1.881782794008821091e-01
1.741000000000000000e+03 1.876729087080877822e-01
1.742000000000000000e+03 1.871936509829516260e-01
1.743000000000000000e+03 1.867472253620057754e-01
1.744000000000000000e+03 1.863399092454744443e-01
1.745000000000000000e+03 1.859771258557521567e-01
1.746000000000000000e+03 1.856631256983062306e-01
1.747000000000000000e+03 1.854007459042503192e-01
1.748000000000000000e+03 1.851912592495650878e-01
1.749000000000000000e+03 1.850343185460322226e-01
1.750000000000000000e+03 1.849280218183699254e-01
1.751000000000000000e+03 1.848690513051727824e-01
1.752000000000000000e+03 1.848529712033823713e-01
1.753000000000000000e+03 1.848746069737264852e-01
1.754000000000000000e+03 1.849284400040823728e-01
1.755000000000000000e+03 1.850089341631779294e-01
1.756000000000000000e+03 1.851107753678913337e-01
1.757000000000000000e+03 1.852290593486280446e-01
1.758000000000000000e+03 1.853594490471519030e-01
1.759000000000000000e+03 1.854983038444743271e-01
1.760000000000000000e+03 1.856428435640836427e-01
1.761000000000000000e+03 1.857913635416275078e-01
1.762000000000000000e+03 1.859434563129984397e-01
1.763000000000000000e+03 1.861002217948369841e-01
1.764000000000000000e+03 1.862643681705794807e-01
1.765000000000000000e+03 1.864401584215337471e-01
1.766000000000000000e+03 1.866332003658404959e-01
1.767000000000000000e+03 1.868500644135081268e-01
1.768000000000000000e+03 1.870977805828266671e-01
1.769000000000000000e+03 1.873832756127778443e-01
1.770000000000000000e+03 1.877128034884344432e-01
1.771000000000000000e+03 1.880914051064778159e-01
1.772000000000000000e+03 1.885224702509816219e-01
1.773000000000000000e+03 1.890074441071515621e-01
1.774000000000000000e+03 1.895456704983185248e-01
1.775000000000000000e+03 1.901343210412197449e-01
1.776000000000000000e+03 1.907684677610176904e-01
1.777000000000000000e+03 1.914412296911849887e-01
1.778000000000000000e+03 1.921440272674166949e-01
1.779000000000000000e+03 1.928668700936222447e-01
1.780000000000000000e+03 1.935986816917991127e-01
1.781000000000000000e+03 1.943276441258879328e-01
1.782000000000000000e+03 1.950415947383680737e-01
1.783000000000000000e+03 1.957284859429890833e-01
1.784000000000000000e+03 1.963769225650222605e-01
1.785000000000000000e+03 1.969767806447181580e-01
1.786000000000000000e+03 1.975199312955255859e-01
1.787000000000000000e+03 1.980009095179039724e-01
1.788000000000000000e+03 1.984174013776436318e-01
1.789000000000000000e+03 1.987704189846279390e-01
1.790000000000000000e+03 1.990641241076707146e-01
1.791000000000000000e+03 1.993053732990346383e-01
1.792000000000000000e+03 1.995029945374396374e-01
1.793000000000000000e+03 1.996670926409247482e-01
1.794000000000000000e+03 1.998083065549435822e-01
1.795000000000000000e+03 1.999371236219163461e-01
1.796000000000000000e+03 2.000633101557739157e-01
1.797000000000000000e+03 2.001954417337447611e-01
1.798000000000000000e+03 2.003405263390429514e-01
1.799000000000000000e+03 2.005037619637347890e-01
1.800000000000000000e+03 2.006883476545760214e-01
1.801000000000000000e+03 2.008953978557939113e-01
1.802000000000000000e+03 2.011239451385171406e-01
1.803000000000000000e+03 2.013710610414095048e-01
1.804000000000000000e+03 2.016320450340261250e-01
1.805000000000000000e+03 2.019007207300780593e-01
1.806000000000000000e+03 2.021698498733320859e-01
1.807000000000000000e+03 2.024316745412009233e-01
1.808000000000000000e+03 2.026785388990212933e-01
1.809000000000000000e+03 2.029036055902424529e-01
1.810000000000000000e+03 2.031016198006448392e-01
1.811000000000000000e+03 2.032695528386333494e-01
1.812000000000000000e+03 2.034070179066003736e-01
1.813000000000000000e+03 2.035163618437506317e-01
1.814000000000000000e+03 2.036023330115283858e-01
1.815000000000000000e+03 2.036713348740135654e-01
1.816000000000000000e+03 2.037304531803820762e-01
1.817000000000000000e+03 2.037864409819009348e-01
1.818000000000000000e+03 2.038448419486052487e-01
1.819000000000000000e+03 2.039093929197695054e-01
1.820000000000000000e+03 2.039817300195328476e-01
1.821000000000000000e+03 2.040614018323442247e-01
1.822000000000000000e+03 2.041461162361898340e-01
1.823000000000000000e+03 2.042321836332024465e-01
1.824000000000000000e+03 2.043150276413412125e-01
1.825000000000000000e+03 2.043897036687752078e-01
1.826000000000000000e+03 2.044513832675894371e-01
1.827000000000000000e+03 2.044957275495518922e-01
1.828000000000000000e+03 2.045191539659131086e-01
1.829000000000000000e+03 2.045190182622964592e-01
1.830000000000000000e+03 2.044937457645469026e-01
1.831000000000000000e+03 2.044429533504922014e-01
1.832000000000000000e+03 2.043675165512165437e-01
1.833000000000000000e+03 2.042695748257895572e-01
1.834000000000000000e+03 2.041524131613303150e-01
1.835000000000000000e+03 2.040202307643350643e-01
1.836000000000000000e+03 2.038778415854775317e-01
1.837000000000000000e+03 2.037303730045286199e-01
1.838000000000000000e+03 2.035830293540361602e-01
1.839000000000000000e+03 2.034409516474222634e-01
1.840000000000000000e+03 2.033091196349592900e-01
1.841000000000000000e+03 2.031922982173422487e-01
1.842000000000000000e+03 2.030949555085541369e-01
1.843000000000000000e+03 2.030211558261130200e-01
1.844000000000000000e+03 2.029744215521325224e-01
1.845000000000000000e+03 2.029576466350920261e-01
1.846000000000000000e+03 2.029730344472475967e-01
1.847000000000000000e+03 2.030221083300060847e-01
1.848000000000000000e+03 2.031058278168708930e-01
1.849000000000000000e+03 2.032247259095560088e-01
1.850000000000000000e+03 2.033790165119043480e-01
1.851000000000000000e+03 2.035686767616641801e-01
1.852000000000000000e+03 2.037934604067956346e-01
1.853000000000000000e+03 2.040528574068693757e-01
1.854000000000000000e+03 2.043460287814592713e-01
1.855000000000000000e+03 2.046717720771502602e-01
1.856000000000000000e+03 2.050285563781374942e-01
1.857000000000000000e+03 2.054145978124265193e-01
1.858000000000000000e+03 2.058279778496455714e-01
1.859000000000000000e+03 2.062667404026939377e-01
1.860000000000000000e+03 2.067289415277745179e-01
1.861000000000000000e+03 2.072126445655319837e-01
1.862000000000000000e+03 2.077158412866613457e-01
1.863000000000000000e+03 2.082363322658564719e-01
1.864000000000000000e+03 2.087715889382392720e-01
1.865000000000000000e+03 2.093186586263089399e-01
1.866000000000000000e+03 2.098741256843016378e-01
1.867000000000000000e+03 2.104341473051957734e-01
1.868000000000000000e+03 2.109945860927844863e-01
1.869000000000000000e+03 2.115511533263917943e-01
1.870000000000000000e+03 2.120994843754466230e-01
1.871000000000000000e+03 2.126351905705836098e-01
1.872000000000000000e+03 2.131538436080260279e-01
1.873000000000000000e+03 2.136510012361323985e-01
1.874000000000000000e+03 2.141222939272274806e-01
1.875000000000000000e+03 2.145636322756765968e-01
1.876000000000000000e+03 2.149715426169075960e-01
1.877000000000000000e+03 2.153435986393690271e-01
1.878000000000000000e+03 2.156788351149576954e-01
1.879000000000000000e+03 2.159780263898780084e-01
1.880000000000000000e+03 2.162437409954243717e-01
1.881000000000000000e+03 2.164801340099134774e-01
1.882000000000000000e+03 2.166924470159618810e-01
1.883000000000000000e+03 2.168863379836864225e-01
1.884000000000000000e+03 2.170672047099946045e-01
1.885000000000000000e+03 2.172396211152927137e-01
1.886000000000000000e+03 2.174069896111653910e-01
1.887000000000000000e+03 2.175714657607623892e-01
1.888000000000000000e+03 2.177341146821887841e-01
1.889000000000000000e+03 2.178952152803716458e-01
1.890000000000000000e+03 2.180546212552837981e-01
1.891000000000000000e+03 2.182121125087828351e-01
1.892000000000000000e+03 2.183676117930539728e-01
1.893000000000000000e+03 2.185212953214069609e-01
1.894000000000000000e+03 2.186735229596035168e-01
1.895000000000000000e+03 2.188246975376278158e-01
1.896000000000000000e+03 2.189751372206028557e-01
1.897000000000000000e+03 2.191249792625542259e-01
1.898000000000000000e+03 2.192741570807602569e-01
1.899000000000000000e+03 2.194224240521793490e-01
1.900000000000000000e+03 2.195693859416044114e-01
1.901000000000000000e+03 2.197145209730398951e-01
1.902000000000000000e+03 2.198571474161863659e-01
1.903000000000000000e+03 2.199963679564232444e-01
1.904000000000000000e+03 2.201309810316231519e-01
1.905000000000000000e+03 2.202593743222414358e-01
1.906000000000000000e+03 2.203794321520275989e-01
1.907000000000000000e+03 2.204884649887415282e-01
1.908000000000000000e+03 2.205831567916028968e-01
1.909000000000000000e+03 2.206595787692834376e-01
1.910000000000000000e+03 2.207132655208209893e-01
1.911000000000000000e+03 2.207393409412800600e-01
1.912000000000000000e+03 2.207326874693861518e-01
1.913000000000000000e+03 2.206881588689970641e-01
1.914000000000000000e+03 2.206007907120281220e-01
1.915000000000000000e+03 2.204660828218130419e-01
1.916000000000000000e+03 2.202803057556663169e-01
1.917000000000000000e+03 2.200408949167312056e-01
1.918000000000000000e+03 2.197469195827989608e-01
1.919000000000000000e+03 2.193995420952130626e-01
1.920000000000000000e+03 2.190023121840837528e-01
1.921000000000000000e+03 2.185611557611529254e-01
1.922000000000000000e+03 2.180839974363431022e-01
1.923000000000000000e+03 2.175800359119020311e-01
1.924000000000000000e+03 2.170588254371753900e-01
1.925000000000000000e+03 2.165293139716810145e-01
1.926000000000000000e+03 2.159990588036316272e-01
1.927000000000000000e+03 2.154736815966320496e-01
1.928000000000000000e+03 2.149566143303144050e-01
1.929000000000000000e+03 2.144491665611855113e-01
1.930000000000000000e+03 2.139507949150838972e-01
1.931000000000000000e+03 2.134595097912033168e-01
1.932000000000000000e+03 2.129723999173825377e-01
1.933000000000000000e+03 2.124860903303683879e-01
1.934000000000000000e+03 2.119971674674796802e-01
1.935000000000000000e+03 2.115025721534984637e-01
1.936000000000000000e+03 2.109999800245657142e-01
1.937000000000000000e+03 2.104881209314706791e-01
1.938000000000000000e+03 2.099670988127919080e-01
1.939000000000000000e+03 2.094386149205781089e-01
1.940000000000000000e+03 2.089059815082450200e-01
1.941000000000000000e+03 2.083739245692090569e-01
1.942000000000000000e+03 2.078482316205181313e-01
1.943000000000000000e+03 2.073352652870143198e-01
1.944000000000000000e+03 2.068414395028785047e-01
1.945000000000000000e+03 2.063727169486427593e-01
1.946000000000000000e+03 2.059342034454826609e-01
1.947000000000000000e+03 2.055299123778698833e-01
1.948000000000000000e+03 2.051626175357855741e-01
1.949000000000000000e+03 2.048338092699012736e-01
1.950000000000000000e+03 2.045437637149281063e-01
1.951000000000000000e+03 2.042917144981364619e-01
1.952000000000000000e+03 2.040760261515774387e-01
1.953000000000000000e+03 2.038943762415461047e-01
1.954000000000000000e+03 2.037439127761344615e-01
1.955000000000000000e+03 2.036213684932751677e-01
1.956000000000000000e+03 2.035231361268483030e-01
1.957000000000000000e+03 2.034453228508894540e-01
1.958000000000000000e+03 2.033838041923584083e-01
1.959000000000000000e+03 2.033342882780494743e-01
1.960000000000000000e+03 2.032924202896601307e-01
1.961000000000000000e+03 2.032539499236721281e-01
1.962000000000000000e+03 2.032149397726039086e-01
1.963000000000000000e+03 2.031720055546196446e-01
1.964000000000000000e+03 2.031225457643399401e-01
1.965000000000000000e+03 2.030648969477873433e-01
1.966000000000000000e+03 2.029983717289747247e-01
1.967000000000000000e+03 2.029231357613467124e-01
1.968000000000000000e+03 2.028399735182440655e-01
1.969000000000000000e+03 2.027499733159066342e-01
1.970000000000000000e+03 2.026543427796000107e-01
1.971000000000000000e+03 2.025544362934501297e-01
1.972000000000000000e+03 2.024519878207774737e-01
1.973000000000000000e+03 2.023494356912708958e-01
1.974000000000000000e+03 2.022501707035471719e-01
1.975000000000000000e+03 2.021585572011535825e-01
1.976000000000000000e+03 2.020797006763359049e-01
1.977000000000000000e+03 2.020190347662368657e-01
1.978000000000000000e+03 2.019818315179792712e-01
1.979000000000000000e+03 2.019726933897750265e-01
1.980000000000000000e+03 2.019950928882419672e-01
1.981000000000000000e+03 2.020509842270119816e-01
1.982000000000000000e+03 2.021405264982138739e-01
1.983000000000000000e+03 2.022620003312112225e-01
1.984000000000000000e+03 2.024119124118603508e-01
1.985000000000000000e+03 2.025852565772471581e-01
1.986000000000000000e+03 2.027758830581333771e-01
1.987000000000000000e+03 2.029769127730535194e-01
1.988000000000000000e+03 2.031810310710936152e-01
1.989000000000000000e+03 2.033806724344199568e-01
1.990000000000000000e+03 2.035681335900587086e-01
1.991000000000000000e+03 2.037357015665857696e-01
1.992000000000000000e+03 2.038760510115406044e-01
1.993000000000000000e+03 2.039828931284369262e-01
1.994000000000000000e+03 2.040518293573240216e-01
1.995000000000000000e+03 2.040811410210119914e-01
1.996000000000000000e+03 2.040721445967742520e-01
1.997000000000000000e+03 2.040288529576726462e-01
1.998000000000000000e+03 2.039571122075967691e-01
1.999000000000000000e+03 2.038634287692355773e-01
2.000000000000000000e+03 2.037538262788502474e-01
2.001000000000000000e+03 2.036329592629773921e-01
2.002000000000000000e+03 2.035035696709179831e-01
2.003000000000000000e+03 2.033662422515719048e-01
2.004000000000000000e+03 2.032193653642083708e-01
2.005000000000000000e+03 2.030592584822498714e-01
2.006000000000000000e+03 2.028804899496044756e-01
2.007000000000000000e+03 2.026762937366449746e-01
2.008000000000000000e+03 2.024391624345589502e-01
2.009000000000000000e+03 2.021616350653611671e-01
2.010000000000000000e+03 2.018371894120689902e-01
2.011000000000000000e+03 2.014611410543283854e-01
2.012000000000000000e+03 2.010313866300171282e-01
2.013000000000000000e+03 2.005487817249306803e-01
2.014000000000000000e+03 2.000170237637791393e-01
2.015000000000000000e+03 1.994420507044976920e-01
2.016000000000000000e+03 1.988311770377173548e-01
2.017000000000000000e+03 1.981921465537041238e-01
2.018000000000000000e+03 1.975323663618959169e-01
2.019000000000000000e+03 1.968583895231161840e-01
2.020000000000000000e+03 1.961756647989167102e-01
2.021000000000000000e+03 1.954885218832073113e-01
2.022000000000000000e+03 1.948002431662181899e-01
2.023000000000000000e+03 1.941132272700495376e-01
2.024000000000000000e+03 1.934291126645568959e-01
2.025000000000000000e+03 1.927488660945861909e-01
2.026000000000000000e+03 1.920728258556852752e-01
2.027000000000000000e+03 1.914007136516222563e-01
2.028000000000000000e+03 1.907316806832211609e-01
2.029000000000000000e+03 1.900643916209632245e-01
2.030000000000000000e+03 1.893971468643423361e-01
2.031000000000000000e+03 1.887280602855136435e-01
2.032000000000000000e+03 1.880552692436046613e-01
2.033000000000000000e+03 1.873771492212121526e-01
2.034000000000000000e+03 1.866925387014476967e-01
2.035000000000000000e+03 1.860009029911834921e-01
2.036000000000000000e+03 1.853024365086741176e-01
2.037000000000000000e+03 1.845981151709631951e-01
2.038000000000000000e+03 1.838896557901186224e-01
2.039000000000000000e+03 1.831794099290423583e-01
2.040000000000000000e+03 1.824702603185672789e-01
2.041000000000000000e+03 1.817655135960769275e-01
2.042000000000000000e+03 1.810688227589180577e-01
2.043000000000000000e+03 1.803841560185906467e-01
2.044000000000000000e+03 1.797158138592169219e-01
2.045000000000000000e+03 1.790684658700470167e-01
2.046000000000000000e+03 1.784472003981449617e-01
2.047000000000000000e+03 1.778575394048075020e-01
2.048000000000000000e+03 1.773054582510302513e-01
2.049000000000000000e+03 1.767973207470194819e-01
2.050000000000000000e+03 1.763396946277501209e-01
2.051000000000000000e+03 1.759391246119767771e-01
2.052000000000000000e+03 1.756017815649860703e-01
2.053000000000000000e+03 1.753331069635477024e-01
2.054000000000000000e+03 1.751374886501744221e-01
2.055000000000000000e+03 1.750180039086689510e-01
2.056000000000000000e+03 1.749763459426064149e-01
2.057000000000000000e+03 1.750128832958764979e-01
2.058000000000000000e+03 1.751268850682751177e-01
2.059000000000000000e+03 1.753168151567823796e-01
2.060000000000000000e+03 1.755806021190012278e-01
2.061000000000000000e+03 1.759158533161367943e-01
2.062000000000000000e+03 1.763199058979018630e-01
2.063000000000000000e+03 1.767897173453053528e-01
2.064000000000000000e+03 1.773216423299764088e-01
2.065000000000000000e+03 1.779111862537736122e-01
2.066000000000000000e+03 1.785527936701410412e-01
2.067000000000000000e+03 1.792397172149483853e-01
2.068000000000000000e+03 1.799640618079800802e-01
2.069000000000000000e+03 1.807169886823194183e-01
2.070000000000000000e+03 1.814890693963341350e-01
2.071000000000000000e+03 1.822707644618731804e-01
2.072000000000000000e+03 1.830529252253536576e-01
2.073000000000000000e+03 1.838272573768631457e-01
2.074000000000000000e+03 1.845866353738445653e-01
2.075000000000000000e+03 1.853252380803961374e-01
2.076000000000000000e+03 1.860384699917271289e-01
2.077000000000000000e+03 1.867227050515664066e-01
2.078000000000000000e+03 1.873749221029075152e-01
2.079000000000000000e+03 1.879923362010425258e-01
2.080000000000000000e+03 1.885720942289128566e-01
2.081000000000000000e+03 1.891111011408222464e-01
2.082000000000000000e+03 1.896060204974848729e-01
2.083000000000000000e+03 1.900534504892933685e-01
2.084000000000000000e+03 1.904502780193604028e-01
2.085000000000000000e+03 1.907941569846603735e-01
2.086000000000000000e+03 1.910839513327755868e-01
2.087000000000000000e+03 1.913200238032258527e-01
2.088000000000000000e+03 1.915043298829634533e-01
2.089000000000000000e+03 1.916402477448752029e-01
2.090000000000000000e+03 1.917321962623281528e-01
2.091000000000000000e+03 1.917851771034128627e-01
2.092000000000000000e+03 1.918043402372161532e-01
2.093000000000000000e+03 1.917946277673833189e-01
2.094000000000000000e+03 1.917605510886898901e-01
2.095000000000000000e+03 1.917060784230134596e-01
2.096000000000000000e+03 1.916345732503454691e-01
2.097000000000000000e+03 1.915487614155491070e-01
2.098000000000000000e+03 1.914506796916710940e-01
2.099000000000000000e+03 1.913415754394237056e-01
2.100000000000000000e+03 1.912217871325995744e-01
2.101000000000000000e+03 1.910906569979144987e-01
2.102000000000000000e+03 1.909464410758233421e-01
2.103000000000000000e+03 1.907863190800018205e-01
2.104000000000000000e+03 1.906064685443763229e-01
2.105000000000000000e+03 1.904022091961323493e-01
2.106000000000000000e+03 1.901682880307599688e-01
2.107000000000000000e+03 1.898992349712690653e-01
2.108000000000000000e+03 1.895898390271660849e-01
2.109000000000000000e+03 1.892356917835857910e-01
2.110000000000000000e+03 1.888336684282424516e-01
2.111000000000000000e+03 1.883822371775292770e-01
2.112000000000000000e+03 1.878815655840454513e-01
2.113000000000000000e+03 1.873334213418509919e-01
2.114000000000000000e+03 1.867409062034471323e-01
2.115000000000000000e+03 1.861081352253606547e-01
2.116000000000000000e+03 1.854399006272723360e-01
2.117000000000000000e+03 1.847413760958283580e-01
2.118000000000000000e+03 1.840179746421193308e-01
2.119000000000000000e+03 1.832752929623023552e-01
2.120000000000000000e+03 1.825191569855811879e-01
2.121000000000000000e+03 1.817556996766283572e-01
2.122000000000000000e+03 1.809913959452700838e-01
2.123000000000000000e+03 1.802329722940843038e-01
2.124000000000000000e+03 1.794871951811869704e-01
2.125000000000000000e+03 1.787606003449129788e-01
2.126000000000000000e+03 1.780592678714749688e-01
2.127000000000000000e+03 1.773887549763948912e-01
2.128000000000000000e+03 1.767540696128453437e-01
2.129000000000000000e+03 1.761597143438872748e-01
2.130000000000000000e+03 1.756096574310321845e-01
2.131000000000000000e+03 1.751071876886059198e-01
2.132000000000000000e+03 1.746547251903152742e-01
2.133000000000000000e+03 1.742536194857200738e-01
2.134000000000000000e+03 1.739041037136117296e-01
2.135000000000000000e+03 1.736053988876097298e-01
2.136000000000000000e+03 1.733559083324727190e-01
2.137000000000000000e+03 1.731534535069920167e-01
2.138000000000000000e+03 1.729954717187741353e-01
2.139000000000000000e+03 1.728791476560211648e-01
2.140000000000000000e+03 1.728014176018693449e-01
2.141000000000000000e+03 1.727588909701727737e-01
2.142000000000000000e+03 1.727477662665744262e-01
2.143000000000000000e+03 1.727638316330095125e-01
2.144000000000000000e+03 1.728024988154372166e-01
2.145000000000000000e+03 1.728590212962030082e-01
2.146000000000000000e+03 1.729288534798570920e-01
2.147000000000000000e+03 1.730081090985048087e-01
2.148000000000000000e+03 1.730939871906005956e-01
2.149000000000000000e+03 1.731851053078921343e-01
2.150000000000000000e+03 1.732816570192305394e-01
2.151000000000000000e+03 1.733853893819968517e-01
2.152000000000000000e+03 1.734994290771114389e-01
2.153000000000000000e+03 1.736280278908383101e-01
2.154000000000000000e+03 1.737762726518910505e-01
2.155000000000000000e+03 1.739497843034594204e-01
2.156000000000000000e+03 1.741543707242227401e-01
2.157000000000000000e+03 1.743956636761110623e-01
2.158000000000000000e+03 1.746787176394637431e-01
2.159000000000000000e+03 1.750075248527706573e-01
2.160000000000000000e+03 1.753846203795159098e-01
2.161000000000000000e+03 1.758107897176077183e-01
2.162000000000000000e+03 1.762849313637482318e-01
2.163000000000000000e+03 1.768041077100066527e-01
2.164000000000000000e+03 1.773637570099030336e-01
2.165000000000000000e+03 1.779580792531904598e-01
2.166000000000000000e+03 1.785805053446161139e-01
2.167000000000000000e+03 1.792241496787392308e-01
2.168000000000000000e+03 1.798822636647768314e-01
2.169000000000000000e+03 1.805485148690143538e-01
2.170000000000000000e+03 1.812171478986199791e-01
2.171000000000000000e+03 1.818829933079824102e-01
2.172000000000000000e+03 1.825413692041232827e-01
2.173000000000000000e+03 1.831879248105919289e-01
2.174000000000000000e+03 1.838184592381879034e-01
2.175000000000000000e+03 1.844287921192761526e-01
2.176000000000000000e+03 1.850147096414784809e-01
2.177000000000000000e+03 1.855719948242176842e-01
2.178000000000000000e+03 1.860965201040188643e-01
2.179000000000000000e+03 1.865844157903224221e-01
2.180000000000000000e+03 1.870322837141536187e-01
2.181000000000000000e+03 1.874374479284083295e-01
2.182000000000000000e+03 1.877982300533471705e-01
2.183000000000000000e+03 1.881142203632142351e-01
2.184000000000000000e+03 1.883864748084793095e-01
2.185000000000000000e+03 1.886175965930317888e-01
2.186000000000000000e+03 1.888116369122351812e-01
2.187000000000000000e+03 1.889737846237883323e-01
2.188000000000000000e+03 1.891099461502309953e-01
2.189000000000000000e+03 1.892263314113562522e-01
2.190000000000000000e+03 1.893290440686029308e-01
2.191000000000000000e+03 1.894237305630233625e-01
2.192000000000000000e+03 1.895153134185282306e-01
2.193000000000000000e+03 1.896077037256921338e-01
2.194000000000000000e+03 1.897035405090985449e-01
2.195000000000000000e+03 1.898039950660753705e-01
2.196000000000000000e+03 1.899087227129123145e-01
2.197000000000000000e+03 1.900159871012639667e-01
2.198000000000000000e+03 1.901229500960775753e-01
2.199000000000000000e+03 1.902261194731364735e-01
2.200000000000000000e+03 1.903217989342942396e-01
2.201000000000000000e+03 1.904064328106787329e-01
2.202000000000000000e+03 1.904767903725214095e-01
2.203000000000000000e+03 1.905300173970202460e-01
2.204000000000000000e+03 1.905635711648274166e-01
2.205000000000000000e+03 1.905751640047650131e-01
2.206000000000000000e+03 1.905627565437942872e-01
2.207000000000000000e+03 1.905246115804110907e-01
2.208000000000000000e+03 1.904593876550074172e-01
2.209000000000000000e+03 1.903661832890598260e-01
2.210000000000000000e+03 1.902445658132839723e-01
2.211000000000000000e+03 1.900945377957607985e-01
2.212000000000000000e+03 1.899164705732368230e-01
2.213000000000000000e+03 1.897110628388699594e-01
2.214000000000000000e+03 1.894793568155288543e-01
2.215000000000000000e+03 1.892228493669358413e-01
2.216000000000000000e+03 1.889436771411097116e-01
2.217000000000000000e+03 1.886447716929718910e-01
2.218000000000000000e+03 1.883300256981873533e-01
2.219000000000000000e+03 1.880043405007779389e-01
2.220000000000000000e+03 1.876735610184150083e-01
2.221000000000000000e+03 1.873443334275768646e-01
2.222000000000000000e+03 1.870239175072171411e-01
2.223000000000000000e+03 1.867198911027894148e-01
2.224000000000000000e+03 1.864398877767929341e-01
2.225000000000000000e+03 1.861913398078826054e-01
2.226000000000000000e+03 1.859811775229325836e-01
2.227000000000000000e+03 1.858155604872842037e-01
2.228000000000000000e+03 1.856996646188284195e-01
2.229000000000000000e+03 1.856375417700648345e-01
2.230000000000000000e+03 1.856320294659747350e-01
2.231000000000000000e+03 1.856847389273366122e-01
2.232000000000000000e+03 1.857960726629719894e-01
2.233000000000000000e+03 1.859652763734475078e-01
2.234000000000000000e+03 1.861905073678542799e-01
2.235000000000000000e+03 1.864689770952343006e-01
2.236000000000000000e+03 1.867970937890130745e-01
2.237000000000000000e+03 1.871707419189354848e-01
2.238000000000000000e+03 1.875856684876583969e-01
2.239000000000000000e+03 1.880379734752989918e-01
2.240000000000000000e+03 1.885245715200289940e-01
2.241000000000000000e+03 1.890434792886664939e-01
2.242000000000000000e+03 1.895937521889526078e-01
2.243000000000000000e+03 1.901750484451008583e-01
2.244000000000000000e+03 1.907869838013106778e-01
2.245000000000000000e+03 1.914284412300682747e-01
2.246000000000000000e+03 1.920969992438024132e-01
2.247000000000000000e+03 1.927886034410753457e-01
2.248000000000000000e+03 1.934975148825671121e-01
2.249000000000000000e+03 1.942164619286189664e-01
2.250000000000000000e+03 1.949369923923148507e-01
2.251000000000000000e+03 1.956499447573344097e-01
2.252000000000000000e+03 1.963460110275323522e-01
2.253000000000000000e+03 1.970163012070189068e-01
2.254000000000000000e+03 1.976528183104629965e-01
2.255000000000000000e+03 1.982487774555845572e-01
2.256000000000000000e+03 1.987987453087638468e-01
2.257000000000000000e+03 1.992985510324252751e-01
2.258000000000000000e+03 1.997450695413017785e-01
2.259000000000000000e+03 2.001359408813121465e-01
2.260000000000000000e+03 2.004693587925894804e-01
2.261000000000000000e+03 2.007440242247066908e-01
2.262000000000000000e+03 2.009592925762598570e-01
2.263000000000000000e+03 2.011154535848621028e-01
2.264000000000000000e+03 2.012140145762210952e-01
2.265000000000000000e+03 2.012578023553344420e-01
2.266000000000000000e+03 2.012508201611326597e-01
2.267000000000000000e+03 2.011977882965270137e-01
2.268000000000000000e+03 2.011035203694616635e-01
2.269000000000000000e+03 2.009722720990892442e-01
2.270000000000000000e+03 2.008072576602807913e-01
2.271000000000000000e+03 2.006105111552995424e-01
2.272000000000000000e+03 2.003830875986046534e-01
2.273000000000000000e+03 2.001255294293297071e-01
2.274000000000000000e+03 1.998385005398500835e-01
2.275000000000000000e+03 1.995233948171444838e-01
2.276000000000000000e+03 1.991827622005578058e-01
2.277000000000000000e+03 1.988204068827319759e-01
2.278000000000000000e+03 1.984411449402656846e-01
2.279000000000000000e+03 1.980503398670010462e-01
2.280000000000000000e+03 1.976533042604296520e-01
2.281000000000000000e+03 1.972547542588383995e-01
2.282000000000000000e+03 1.968584600770222348e-01
2.283000000000000000e+03 1.964670489500554840e-01
2.284000000000000000e+03 1.960820023712970261e-01
2.285000000000000000e+03 1.957037532950752223e-01
2.286000000000000000e+03 1.953318678559000654e-01
2.287000000000000000e+03 1.949652700600970623e-01
2.288000000000000000e+03 1.946024678819066045e-01
2.289000000000000000e+03 1.942418104835863524e-01
2.290000000000000000e+03 1.938817732861237986e-01
2.291000000000000000e+03 1.935211972402696989e-01
2.292000000000000000e+03 1.931594993610296074e-01
2.293000000000000000e+03 1.927968454499660589e-01
2.294000000000000000e+03 1.924342528935168439e-01
2.295000000000000000e+03 1.920736293596471134e-01
2.296000000000000000e+03 1.917177232726699765e-01
2.297000000000000000e+03 1.913700457710543479e-01
2.298000000000000000e+03 1.910346982741448207e-01
2.299000000000000000e+03 1.907161866058572075e-01
2.300000000000000000e+03 1.904191729981979941e-01
2.301000000000000000e+03 1.901481769766434349e-01
2.302000000000000000e+03 1.899072523040425120e-01
2.303000000000000000e+03 1.896997530019632339e-01
2.304000000000000000e+03 1.895281165235242204e-01
2.305000000000000000e+03 1.893937267456972939e-01
2.306000000000000000e+03 1.892968534271142200e-01
2.307000000000000000e+03 1.892366672796738092e-01
2.308000000000000000e+03 1.892113501209913007e-01
2.309000000000000000e+03 1.892182445970145843e-01
2.310000000000000000e+03 1.892540252456822170e-01
2.311000000000000000e+03 1.893149888206866471e-01
2.312000000000000000e+03 1.893974222315158440e-01
2.313000000000000000e+03 1.894979778523909753e-01
2.314000000000000000e+03 1.896139976442595687e-01
2.315000000000000000e+03 1.897436533264377223e-01
2.316000000000000000e+03 1.898859208847628599e-01
2.317000000000000000e+03 1.900404208927227723e-01
2.318000000000000000e+03 1.902071911172194818e-01
2.319000000000000000e+03 1.903864881101513529e-01
2.320000000000000000e+03 1.905786704291770606e-01
2.321000000000000000e+03 1.907841891740076345e-01
2.322000000000000000e+03 1.910036223169528924e-01
2.323000000000000000e+03 1.912377059914709687e-01
2.324000000000000000e+03 1.914873148426415317e-01
2.325000000000000000e+03 1.917533247581766909e-01
2.326000000000000000e+03 1.920364159663096038e-01
2.327000000000000000e+03 1.923368174248770990e-01
2.328000000000000000e+03 1.926540772814772373e-01
2.329000000000000000e+03 1.929868802480522172e-01
2.330000000000000000e+03 1.933329581082071091e-01
2.331000000000000000e+03 1.936891391993065814e-01
2.332000000000000000e+03 1.940515434147668805e-01
2.333000000000000000e+03 1.944159179789684555e-01
2.334000000000000000e+03 1.947780474396885175e-01
2.335000000000000000e+03 1.951342634186691849e-01
2.336000000000000000e+03 1.954819218302939476e-01
2.337000000000000000e+03 1.958197745943121015e-01
2.338000000000000000e+03 1.961480960885896851e-01
2.339000000000000000e+03 1.964685289499535914e-01
2.340000000000000000e+03 1.967836630534886833e-01
2.341000000000000000e+03 1.970964664538108757e-01
2.342000000000000000e+03 1.974096397634098610e-01
2.343000000000000000e+03 1.977250780690073539e-01
2.344000000000000000e+03 1.980435005326589559e-01
2.345000000000000000e+03 1.983642746165958093e-01
2.346000000000000000e+03 1.986854194605011947e-01
2.347000000000000000e+03 1.990037357807613594e-01
2.348000000000000000e+03 1.993150592904017471e-01
2.349000000000000000e+03 1.996146129634443489e-01
2.350000000000000000e+03 1.998974516896594167e-01
2.351000000000000000e+03 2.001589869145219969e-01
2.352000000000000000e+03 2.003955536387406755e-01
2.353000000000000000e+03 2.006049393066535180e-01
2.354000000000000000e+03 2.007867282778140749e-01
2.355000000000000000e+03 2.009423631054095272e-01
2.356000000000000000e+03 2.010748492777200691e-01
2.357000000000000000e+03 2.011881638015394769e-01
2.358000000000000000e+03 2.012864881498708236e-01
2.359000000000000000e+03 2.013734480898708989e-01
2.360000000000000000e+03 2.014515609177346955e-01
2.361000000000000000e+03 2.015220210345208818e-01
2.362000000000000000e+03 2.015847835809385924e-01
2.363000000000000000e+03 2.016388858583259003e-01
2.364000000000000000e+03 2.016828366979491194e-01
2.365000000000000000e+03 2.017149564351546909e-01
2.366000000000000000e+03 2.017335556741297053e-01
2.367000000000000000e+03 2.017369435302426850e-01
2.368000000000000000e+03 2.017233704139605455e-01
2.369000000000000000e+03 2.016910260438309344e-01
2.370000000000000000e+03 2.016381597775456225e-01
2.371000000000000000e+03 2.015634170741340547e-01
2.372000000000000000e+03 2.014662730863500673e-01
2.373000000000000000e+03 2.013474514710494878e-01
2.374000000000000000e+03 2.012091129980383974e-01
2.375000000000000000e+03 2.010547602070646422e-01
2.376000000000000000e+03 2.008888686967137960e-01
2.377000000000000000e+03 2.007162568536134950e-01
2.378000000000000000e+03 2.005415085395342856e-01
2.379000000000000000e+03 2.003685721292257915e-01
2.380000000000000000e+03 2.002006499471087608e-01
2.381000000000000000e+03 2.000403062557285505e-01
2.382000000000000000e+03 1.998898322111252457e-01
2.383000000000000000e+03 1.997516143326237281e-01
2.384000000000000000e+03 1.996283800452230417e-01
2.385000000000000000e+03 1.995232045567421619e-01
2.386000000000000000e+03 1.994392494667842630e-01
2.387000000000000000e+03 1.993792784029108645e-01
2.388000000000000000e+03 1.993451845413256596e-01
2.389000000000000000e+03 1.993376446480645825e-01
2.390000000000000000e+03 1.993560305639612840e-01
2.391000000000000000e+03 1.993986183200465168e-01
2.392000000000000000e+03 1.994629893380817642e-01
2.393000000000000000e+03 1.995464947301159864e-01
2.394000000000000000e+03 1.996466710751598483e-01
2.395000000000000000e+03 1.997614994891795948e-01
2.396000000000000000e+03 1.998894633787536013e-01
2.397000000000000000e+03 2.000295247844380842e-01
2.398000000000000000e+03 2.001810644641041081e-01
2.399000000000000000e+03 2.003438850271991867e-01
2.400000000000000000e+03 2.005182515808930366e-01
2.401000000000000000e+03 2.007049261417590269e-01
2.402000000000000000e+03 2.009050630319086650e-01
2.403000000000000000e+03 2.011200420951347601e-01
2.404000000000000000e+03 2.013511599564526966e-01
2.405000000000000000e+03 2.015992816214902394e-01
2.406000000000000000e+03 2.018644902561586574e-01
2.407000000000000000e+03 2.021458253663182270e-01
2.408000000000000000e+03 2.024411373500659694e-01
2.409000000000000000e+03 2.027470995247990238e-01
2.410000000000000000e+03 2.030594470256671946e-01
2.411000000000000000e+03 2.033733403504338622e-01
2.412000000000000000e+03 2.036838509213665382e-01
2.413000000000000000e+03 2.039863619330138378e-01
2.414000000000000000e+03 2.042768014751085159e-01
2.415000000000000000e+03 2.045516571026477493e-01
2.416000000000000000e+03 2.048078096286973793e-01
2.417000000000000000e+03 2.050423490518249181e-01
2.418000000000000000e+03 2.052524420943369898e-01
2.419000000000000000e+03 2.054353444050338318e-01
2.420000000000000000e+03 2.055885052629747300e-01
2.421000000000000000e+03 2.057096909604105017e-01
2.422000000000000000e+03 2.057969839935272771e-01
2.423000000000000000e+03 2.058486065758674544e-01
2.424000000000000000e+03 2.058626472501474125e-01
2.425000000000000000e+03 2.058368009541590715e-01
2.426000000000000000e+03 2.057682270027340610e-01
2.427000000000000000e+03 2.056535898198615375e-01
2.428000000000000000e+03 2.054893481017570633e-01
2.429000000000000000e+03 2.052722809578367835e-01
2.430000000000000000e+03 2.050000671936290653e-01
2.431000000000000000e+03 2.046718630636081282e-01
2.432000000000000000e+03 2.042887202350594511e-01
2.433000000000000000e+03 2.038537394448382001e-01
2.434000000000000000e+03 2.033718919336036102e-01
2.435000000000000000e+03 2.028495236532640300e-01
2.436000000000000000e+03 2.022936983783474585e-01
2.437000000000000000e+03 2.017115554480147233e-01
2.438000000000000000e+03 2.011097334892625876e-01
2.439000000000000000e+03 2.004939781626339235e-01
2.440000000000000000e+03 1.998689686986576675e-01
2.441000000000000000e+03 1.992383433180336394e-01
2.442000000000000000e+03 1.986048497997278117e-01
2.443000000000000000e+03 1.979705807275834728e-01
2.444000000000000000e+03 1.973372071829862240e-01
2.445000000000000000e+03 1.967061298066774544e-01
2.446000000000000000e+03 1.960785419276065422e-01
2.447000000000000000e+03 1.954554347309799822e-01
2.448000000000000000e+03 1.948374983509653380e-01
2.449000000000000000e+03 1.942250599146052581e-01
2.450000000000000000e+03 1.936181711923947169e-01
2.451000000000000000e+03 1.930168037948197524e-01
2.452000000000000000e+03 1.924211464203163802e-01
2.453000000000000000e+03 1.918318390699018106e-01
2.454000000000000000e+03 1.912499452062746130e-01
2.455000000000000000e+03 1.906766557450441379e-01
2.456000000000000000e+03 1.901128057001402749e-01
2.457000000000000000e+03 1.895584258958172008e-01
2.458000000000000000e+03 1.890124914851168958e-01
2.459000000000000000e+03 1.884729305260211263e-01
2.460000000000000000e+03 1.879369021980424326e-01
2.461000000000000000e+03 1.874012101736943214e-01
2.462000000000000000e+03 1.868628108374925934e-01
2.463000000000000000e+03 1.863192482698036168e-01
2.464000000000000000e+03 1.857689396799528381e-01
2.465000000000000000e+03 1.852113135594728455e-01
2.466000000000000000e+03 1.846467612649698165e-01
2.467000000000000000e+03 1.840764650991754403e-01
2.468000000000000000e+03 1.835021858840774622e-01
2.469000000000000000e+03 1.829260434715194172e-01
2.470000000000000000e+03 1.823503566529547926e-01
2.471000000000000000e+03 1.817774785773747515e-01
2.472000000000000000e+03 1.812096719375763665e-01
2.473000000000000000e+03 1.806489765737276931e-01
2.474000000000000000e+03 1.800970816739732028e-01
2.475000000000000000e+03 1.795551626656541888e-01
2.476000000000000000e+03 1.790237269492502281e-01
2.477000000000000000e+03 1.785025344017325544e-01
2.478000000000000000e+03 1.779905500329233003e-01
2.479000000000000000e+03 1.774859627933694228e-01
2.480000000000000000e+03 1.769862623947519864e-01
2.481000000000000000e+03 1.764883944575489083e-01
2.482000000000000000e+03 1.759889331465145645e-01
2.483000000000000000e+03 1.754842879027144753e-01
2.484000000000000000e+03 1.749709573463220924e-01
2.485000000000000000e+03 1.744457627557983170e-01
2.486000000000000000e+03 1.739060782896118262e-01
2.487000000000000000e+03 1.733499754848156771e-01
2.488000000000000000e+03 1.727763275076922289e-01
2.489000000000000000e+03 1.721847644354423390e-01
2.490000000000000000e+03 1.715755408190626219e-01
2.491000000000000000e+03 1.709493889561863322e-01
2.492000000000000000e+03 1.703074126616874184e-01
2.493000000000000000e+03 1.696511354526760718e-01
2.494000000000000000e+03 1.689826868339334154e-01
2.495000000000000000e+03 1.683050856454733346e-01
2.496000000000000000e+03 1.676224852475810267e-01
2.497000000000000000e+03 1.669402545025120976e-01
2.498000000000000000e+03 1.662648100599922740e-01
2.499000000000000000e+03 1.656032525228164631e-01
2.500000000000000000e+03 1.649628118215763495e-01
2.501000000000000000e+03 1.643503184669383721e-01
2.502000000000000000e+03 1.637717627503131879e-01
2.503000000000000000e+03 1.632320577045164034e-01
2.504000000000000000e+03 1.627349573776657732e-01
2.505000000000000000e+03 1.622831962758637392e-01
2.506000000000000000e+03 1.618787504553637069e-01
2.507000000000000000e+03 1.615231763908517304e-01
2.508000000000000000e+03 1.612178906130734557e-01
2.509000000000000000e+03 1.609643948182378492e-01
2.510000000000000000e+03 1.607643410693644359e-01
2.511000000000000000e+03 1.606194521703488420e-01
2.512000000000000000e+03 1.605313188746408382e-01
2.513000000000000000e+03 1.605011789755943774e-01
2.514000000000000000e+03 1.605296383337875554e-01
2.515000000000000000e+03 1.606164453022722594e-01
2.516000000000000000e+03 1.607603611350524042e-01
2.517000000000000000e+03 1.609591042872953182e-01
2.518000000000000000e+03 1.612093804671512198e-01
2.519000000000000000e+03 1.615069748629630042e-01
2.520000000000000000e+03 1.618469416616056811e-01
2.521000000000000000e+03 1.622238356098526235e-01
2.522000000000000000e+03 1.626320164419582937e-01
2.523000000000000000e+03 1.630659887184655599e-01
2.524000000000000000e+03 1.635206737158049206e-01
2.525000000000000000e+03 1.639915937237496901e-01
2.526000000000000000e+03 1.644749405630779038e-01
2.527000000000000000e+03 1.649675956409313304e-01
2.528000000000000000e+03 1.654670551252552246e-01
2.529000000000000000e+03 1.659713051578866061e-01
2.530000000000000000e+03 1.664787425392205700e-01
2.531000000000000000e+03 1.669880982774775702e-01
2.532000000000000000e+03 1.674983645119621223e-01
2.533000000000000000e+03 1.680087086267221252e-01
2.534000000000000000e+03 1.685183556086811696e-01
2.535000000000000000e+03 1.690264831865786743e-01
2.536000000000000000e+03 1.695321306394687866e-01
2.537000000000000000e+03 1.700342052266931026e-01
2.538000000000000000e+03 1.705315467353639702e-01
2.539000000000000000e+03 1.710230300627167965e-01
2.540000000000000000e+03 1.715077274770298310e-01
2.541000000000000000e+03 1.719850460188437347e-01
2.542000000000000000e+03 1.724547857495414838e-01
2.543000000000000000e+03 1.729171206801631555e-01
2.544000000000000000e+03 1.733725514406588841e-01
2.545000000000000000e+03 1.738218148119694828e-01
2.546000000000000000e+03 1.742657682779070183e-01
2.547000000000000000e+03 1.747053114244458694e-01
2.548000000000000000e+03 1.751413142842108694e-01
2.549000000000000000e+03 1.755745746023225640e-01
2.550000000000000000e+03 1.760057667195671360e-01
2.551000000000000000e+03 1.764353875871945421e-01
2.552000000000000000e+03 1.768636701033112213e-01
2.553000000000000000e+03 1.772905157946587651e-01
2.554000000000000000e+03 1.777154809986077610e-01
2.555000000000000000e+03 1.781378254382380011e-01
2.556000000000000000e+03 1.785566258393242178e-01
2.557000000000000000e+03 1.789709150797829107e-01
2.558000000000000000e+03 1.793797884451280578e-01
2.559000000000000000e+03 1.797824666439193642e-01
2.560000000000000000e+03 1.801783284382208195e-01
2.561000000000000000e+03 1.805669094944246655e-01
2.562000000000000000e+03 1.809479095644386804e-01
2.563000000000000000e+03 1.813212467284224527e-01
2.564000000000000000e+03 1.816871770944108455e-01
2.565000000000000000e+03 1.820463350100066657e-01
2.566000000000000000e+03 1.823997168087103105e-01
2.567000000000000000e+03 1.827485761261476438e-01
2.568000000000000000e+03 1.830942405275836626e-01
2.569000000000000000e+03 1.834378189587901054e-01
2.570000000000000000e+03 1.837799258388609636e-01
2.571000000000000000e+03 1.841204983236112980e-01
2.572000000000000000e+03 1.844587250434992776e-01
2.573000000000000000e+03 1.847930863813672386e-01
2.574000000000000000e+03 1.851215379703150254e-01
2.575000000000000000e+03 1.854418028728727075e-01
2.576000000000000000e+03 1.857517819348578070e-01
2.577000000000000000e+03 1.860500147086386891e-01
2.578000000000000000e+03 1.863361488797617427e-01
2.579000000000000000e+03 1.866113154802541141e-01
2.580000000000000000e+03 1.868783099550749838e-01
2.581000000000000000e+03 1.871415422641058979e-01
2.582000000000000000e+03 1.874067297673196741e-01
2.583000000000000000e+03 1.876803967594144196e-01
2.584000000000000000e+03 1.879692760583743794e-01
2.585000000000000000e+03 1.882796967953425660e-01
2.586000000000000000e+03 1.886170856757420633e-01
2.587000000000000000e+03 1.889855662456275676e-01
2.588000000000000000e+03 1.893877427585582418e-01
2.589000000000000000e+03 1.898245766622912167e-01
2.590000000000000000e+03 1.902953598208934338e-01
2.591000000000000000e+03 1.907977961226946517e-01
2.592000000000000000e+03 1.913281919511559681e-01
2.593000000000000000e+03 1.918817232297847508e-01
2.594000000000000000e+03 1.924527980558757845e-01
2.595000000000000000e+03 1.930354680871221862e-01
2.596000000000000000e+03 1.936237915676181642e-01
2.597000000000000000e+03 1.942121585877776280e-01
2.598000000000000000e+03 1.947954751178880284e-01
2.599000000000000000e+03 1.953691791073302320e-01
2.600000000000000000e+03 1.959291404399228775e-01
2.601000000000000000e+03 1.964715209033940091e-01
2.602000000000000000e+03 1.969926115851740323e-01
2.603000000000000000e+03 1.974886883614566380e-01
2.604000000000000000e+03 1.979560076759839804e-01
2.605000000000000000e+03 1.983908788486852814e-01
2.606000000000000000e+03 1.987898582803462877e-01
2.607000000000000000e+03 1.991500175466980049e-01
2.608000000000000000e+03 1.994692294103012076e-01
2.609000000000000000e+03 1.997464399351271402e-01
2.610000000000000000e+03 1.999818086557421659e-01
2.611000000000000000e+03 2.001766324147897236e-01
2.612000000000000000e+03 2.003331072452816941e-01
2.613000000000000000e+03 2.004540063085587243e-01
2.614000000000000000e+03 2.005422601201534150e-01
2.615000000000000000e+03 2.006006164210936138e-01
2.616000000000000000e+03 2.006314256197551660e-01
2.617000000000000000e+03 2.006365999983519555e-01
2.618000000000000000e+03 2.006177081441334054e-01
2.619000000000000000e+03 2.005761386828462389e-01
2.620000000000000000e+03 2.005132606103637027e-01
2.621000000000000000e+03 2.004305724088128182e-01
2.622000000000000000e+03 2.003297895096836645e-01
2.623000000000000000e+03 2.002127960485408087e-01
2.624000000000000000e+03 2.000815064990600634e-01
2.625000000000000000e+03 1.999376639710121473e-01
2.626000000000000000e+03 1.997826666128280637e-01
2.627000000000000000e+03 1.996173929387596024e-01
2.628000000000000000e+03 1.994421284237378189e-01
2.629000000000000000e+03 1.992566221246621083e-01
2.630000000000000000e+03 1.990602045617588522e-01
2.631000000000000000e+03 1.988519859227312614e-01
2.632000000000000000e+03 1.986310515518920072e-01
2.633000000000000000e+03 1.983966113610405313e-01
2.634000000000000000e+03 1.981481644715107904e-01
2.635000000000000000e+03 1.978855641587851377e-01
2.636000000000000000e+03 1.976090253264392582e-01
2.637000000000000000e+03 1.973190906707831260e-01
2.638000000000000000e+03 1.970165873689074254e-01
2.639000000000000000e+03 1.967026743411833534e-01
2.640000000000000000e+03 1.963788992418929735e-01
2.641000000000000000e+03 1.960473106633927043e-01
2.642000000000000000e+03 1.957105507704282044e-01
2.643000000000000000e+03 1.953719326128056100e-01
2.644000000000000000e+03 1.950354036510367484e-01
2.645000000000000000e+03 1.947054365089661843e-01
2.646000000000000000e+03 1.943868071029352107e-01
2.647000000000000000e+03 1.940842805344561439e-01
2.648000000000000000e+03 1.938022582550507911e-01
2.649000000000000000e+03 1.935443573858654231e-01
2.650000000000000000e+03 1.933130723240354676e-01
2.651000000000000000e+03 1.931095288521517683e-01
2.652000000000000000e+03 1.929333481128131522e-01
2.653000000000000000e+03 1.927826752394450338e-01
2.654000000000000000e+03 1.926543399336614892e-01
2.655000000000000000e+03 1.925441881756014828e-01
2.656000000000000000e+03 1.924475011841996763e-01
2.657000000000000000e+03 1.923594468054538043e-01
2.658000000000000000e+03 1.922755284585462299e-01
2.659000000000000000e+03 1.921919546583089888e-01
2.660000000000000000e+03 1.921059106973094788e-01
2.661000000000000000e+03 1.920157584420525421e-01
2.662000000000000000e+03 1.919211628472116127e-01
2.663000000000000000e+03 1.918231474707032536e-01
2.664000000000000000e+03 1.917241126064350154e-01
2.665000000000000000e+03 1.916277788795401060e-01
2.666000000000000000e+03 1.915389742851014709e-01
2.667000000000000000e+03 1.914632898455200238e-01
2.668000000000000000e+03 1.914065938969330971e-01
2.669000000000000000e+03 1.913745207232313006e-01
2.670000000000000000e+03 1.913719912860481487e-01
2.671000000000000000e+03 1.914028685105639283e-01
2.672000000000000000e+03 1.914697945437574267e-01
2.673000000000000000e+03 1.915741359621824513e-01
2.674000000000000000e+03 1.917160744610341416e-01
2.675000000000000000e+03 1.918948082455174675e-01
2.676000000000000000e+03 1.921087752118855740e-01
2.677000000000000000e+03 1.923558695972080734e-01
2.678000000000000000e+03 1.926336276848769902e-01
2.679000000000000000e+03 1.929392917370295057e-01
2.680000000000000000e+03 1.932698022693543627e-01
2.681000000000000000e+03 1.936217660279778152e-01
2.682000000000000000e+03 1.939914038345401659e-01
2.683000000000000000e+03 1.943746260473347975e-01
2.684000000000000000e+03 1.947672698172000227e-01
2.685000000000000000e+03 1.951654322033591349e-01
2.686000000000000000e+03 1.955658156103694256e-01
2.687000000000000000e+03 1.959660385136143546e-01
2.688000000000000000e+03 1.963648454470083293e-01
2.689000000000000000e+03 1.967621876717753904e-01
2.690000000000000000e+03 1.971591564688174314e-01
2.691000000000000000e+03 1.975578185757858041e-01
2.692000000000000000e+03 1.979609158622881449e-01
2.693000000000000000e+03 1.983714513765399978e-01
2.694000000000000000e+03 1.987922197265900026e-01
2.695000000000000000e+03 1.992253244988332339e-01
2.696000000000000000e+03 1.996718299314086953e-01
2.697000000000000000e+03 2.001315205274533937e-01
2.698000000000000000e+03 2.006028325459783823e-01
2.699000000000000000e+03 2.010829440478840713e-01
2.700000000000000000e+03 2.015680227053751050e-01
2.701000000000000000e+03 2.020535315122840847e-01
2.702000000000000000e+03 2.025345756969840205e-01
2.703000000000000000e+03 2.030062526422593272e-01
2.704000000000000000e+03 2.034639793307718714e-01
2.705000000000000000e+03 2.039037778137416379e-01
2.706000000000000000e+03 2.043224917071749802e-01
2.707000000000000000e+03 2.047179302899035380e-01
2.708000000000000000e+03 2.050888806892316174e-01
2.709000000000000000e+03 2.054350949468264631e-01
2.710000000000000000e+03 2.057572160271242678e-01
2.711000000000000000e+03 2.060566317414262716e-01
2.712000000000000000e+03 2.063352751830390963e-01
2.713000000000000000e+03 2.065953055708226738e-01
2.714000000000000000e+03 2.068387097439028377e-01
2.715000000000000000e+03 2.070668767411666111e-01
2.716000000000000000e+03 2.072802936436157206e-01
2.717000000000000000e+03 2.074784291675653147e-01
2.718000000000000000e+03 2.076598741489514843e-01
2.719000000000000000e+03 2.078227722174646741e-01
2.720000000000000000e+03 2.079654567791378861e-01
2.721000000000000000e+03 2.080872002670690057e-01
2.722000000000000000e+03 2.081888749193645527e-01
2.723000000000000000e+03 2.082733701379633762e-01
2.724000000000000000e+03 2.083456441630454070e-01
2.725000000000000000e+03 2.084124100351363862e-01
2.726000000000000000e+03 2.084815120203467043e-01
2.727000000000000000e+03 2.085611507236476148e-01
2.728000000000000000e+03 2.086591381158083847e-01
2.729000000000000000e+03 2.087823106283902552e-01
2.730000000000000000e+03 2.089361730197153155e-01
2.731000000000000000e+03 2.091247729354925866e-01
2.732000000000000000e+03 2.093507492925895386e-01
2.733000000000000000e+03 2.096154216154110517e-01
2.734000000000000000e+03 2.099189579670663885e-01
2.735000000000000000e+03 2.102604852372895738e-01
2.736000000000000000e+03 2.106382022646967056e-01
2.737000000000000000e+03 2.110495203055516855e-01
2.738000000000000000e+03 2.114912222225811267e-01
2.739000000000000000e+03 2.119596165270097865e-01
2.740000000000000000e+03 2.124506865812764711e-01
2.741000000000000000e+03 2.129602129369521368e-01
2.742000000000000000e+03 2.134837981422038622e-01
2.743000000000000000e+03 2.140168380059913056e-01
2.744000000000000000e+03 2.145544071916225815e-01
2.745000000000000000e+03 2.150911160146221079e-01
2.746000000000000000e+03 2.156210203382178670e-01
2.747000000000000000e+03 2.161376274112106199e-01
2.748000000000000000e+03 2.166340222310517982e-01
2.749000000000000000e+03 2.171032031698209575e-01
2.750000000000000000e+03 2.175385253048190415e-01
2.751000000000000000e+03 2.179342030867399138e-01
2.752000000000000000e+03 2.182858232016774980e-01
2.753000000000000000e+03 2.185908091404639986e-01
2.754000000000000000e+03 2.188487066239899748e-01
2.755000000000000000e+03 2.190612607331345607e-01
2.756000000000000000e+03 2.192322756990531529e-01
2.757000000000000000e+03 2.193672997995784746e-01
2.758000000000000000e+03 2.194731751124094354e-01
2.759000000000000000e+03 2.195574399605347837e-01
2.760000000000000000e+03 2.196277406478862604e-01
2.761000000000000000e+03 2.196912905037856911e-01
2.762000000000000000e+03 2.197544003631296539e-01
2.763000000000000000e+03 2.198221331180521265e-01
2.764000000000000000e+03 2.198981482687160094e-01
2.765000000000000000e+03 2.199847141584632126e-01
2.766000000000000000e+03 2.200828546802384711e-01
2.767000000000000000e+03 2.201926293236039500e-01
2.768000000000000000e+03 2.203134424913565093e-01
2.769000000000000000e+03 2.204443182575206439e-01
2.770000000000000000e+03 2.205841223379019223e-01
2.771000000000000000e+03 2.207317391136972284e-01
2.772000000000000000e+03 2.208861678125526862e-01
2.773000000000000000e+03 2.210466148191689850e-01
2.774000000000000000e+03 2.212125849557858015e-01
2.775000000000000000e+03 2.213839418574720108e-01
2.776000000000000000e+03 2.215610010309097822e-01
2.777000000000000000e+03 2.217445537873107275e-01
2.778000000000000000e+03 2.219358639229493391e-01
2.779000000000000000e+03 2.221364838912625039e-01
2.780000000000000000e+03 2.223480039417949916e-01
2.781000000000000000e+03 2.225717103104301042e-01
2.782000000000000000e+03 2.228082280820948835e-01
2.783000000000000000e+03 2.230571815811770442e-01
2.784000000000000000e+03 2.233169181618971100e-01
2.785000000000000000e+03 2.235843312281533268e-01
2.786000000000000000e+03 2.238548529508689044e-01
2.787000000000000000e+03 2.241225724984498013e-01
2.788000000000000000e+03 2.243805091315989320e-01
2.789000000000000000e+03 2.246210154122545710e-01
2.790000000000000000e+03 2.248362524187750566e-01
2.791000000000000000e+03 2.250187186183169596e-01
2.792000000000000000e+03 2.251618185756120438e-01
2.793000000000000000e+03 2.252603694279785018e-01
2.794000000000000000e+03 2.253110771759205544e-01
2.795000000000000000e+03 2.253128667721998879e-01
2.796000000000000000e+03 2.252669776715196248e-01
2.797000000000000000e+03 2.251768113047476483e-01
2.798000000000000000e+03 2.250475142493404135e-01
2.799000000000000000e+03 2.248853655631493642e-01
2.800000000000000000e+03 2.246970797047841972e-01
2.801000000000000000e+03 2.244891625439276450e-01
2.802000000000000000e+03 2.242674007596158758e-01
2.803000000000000000e+03 2.240365750961841596e-01
2.804000000000000000e+03 2.238003377188318432e-01
2.805000000000000000e+03 2.235611909191786151e-01
2.806000000000000000e+03 2.233205714804350484e-01
2.807000000000000000e+03 2.230789267727986969e-01
2.808000000000000000e+03 2.228357845146661242e-01
2.809000000000000000e+03 2.225897709489707554e-01
2.810000000000000000e+03 2.223386459025264161e-01
2.811000000000000000e+03 2.220793814715203152e-01
2.812000000000000000e+03 2.218083450328481032e-01
2.813000000000000000e+03 2.215215485049785160e-01
2.814000000000000000e+03 2.212149715479479473e-01
2.815000000000000000e+03 2.208849060283037957e-01
2.816000000000000000e+03 2.205283309650626078e-01
2.817000000000000000e+03 2.201433014235735786e-01
2.818000000000000000e+03 2.197292651187019996e-01
2.819000000000000000e+03 2.192872802334958904e-01
2.820000000000000000e+03 2.188200781563914843e-01
2.821000000000000000e+03 2.183318834894155125e-01
2.822000000000000000e+03 2.178279712775569310e-01
2.823000000000000000e+03 2.173140922736753189e-01
2.824000000000000000e+03 2.167958299536844602e-01
2.825000000000000000e+03 2.162779684231345978e-01
2.826000000000000000e+03 2.157640387685562655e-01
2.827000000000000000e+03 2.152560654107999460e-01
2.828000000000000000e+03 2.147545340880679110e-01
2.829000000000000000e+03 2.142585246728533899e-01
2.830000000000000000e+03 2.137660018516074067e-01
2.831000000000000000e+03 2.132741598277561046e-01
2.832000000000000000e+03 2.127798083432557164e-01
2.833000000000000000e+03 2.122796486128966376e-01
2.834000000000000000e+03 2.117705124520122273e-01
2.835000000000000000e+03 2.112494765975477529e-01
2.836000000000000000e+03 2.107139082902825811e-01
2.837000000000000000e+03 2.101614493590475696e-01
2.838000000000000000e+03 2.095899348064948486e-01
2.839000000000000000e+03 2.089973596501769892e-01
2.840000000000000000e+03 2.083818236601707730e-01
2.841000000000000000e+03 2.077415348452123500e-01
2.842000000000000000e+03 2.070749578575367955e-01
2.843000000000000000e+03 2.063811379006074698e-01
2.844000000000000000e+03 2.056603237361529501e-01
2.845000000000000000e+03 2.049147536082541465e-01
2.846000000000000000e+03 2.041494324433260066e-01
2.847000000000000000e+03 2.033725017056821627e-01
2.848000000000000000e+03 2.025948442391508897e-01
2.849000000000000000e+03 2.018290188738079971e-01
2.850000000000000000e+03 2.010878401594500264e-01
2.851000000000000000e+03 2.003830266567472873e-01
2.852000000000000000e+03 1.997242438953260590e-01
2.853000000000000000e+03 1.991185121384026480e-01
2.854000000000000000e+03 1.985699574572876158e-01
2.855000000000000000e+03 1.980797641957485755e-01
2.856000000000000000e+03 1.976462414916418942e-01
2.857000000000000000e+03 1.972649896110823531e-01
2.858000000000000000e+03 1.969292120100025190e-01
2.859000000000000000e+03 1.966302157209809387e-01
2.860000000000000000e+03 1.963581253710076080e-01
2.861000000000000000e+03 1.961028382013908500e-01
2.862000000000000000e+03 1.958550922727545496e-01
2.863000000000000000e+03 1.956074740175277604e-01
2.864000000000000000e+03 1.953549793832803361e-01
2.865000000000000000e+03 1.950950719257572297e-01
2.866000000000000000e+03 1.948272716247397562e-01
2.867000000000000000e+03 1.945524457822397080e-01
2.868000000000000000e+03 1.942721191719759821e-01
2.869000000000000000e+03 1.939879529171616435e-01
2.870000000000000000e+03 1.937014463095795003e-01
2.871000000000000000e+03 1.934137796009145760e-01
2.872000000000000000e+03 1.931256995298536450e-01
2.873000000000000000e+03 1.928372953683975266e-01
2.874000000000000000e+03 1.925477422974356811e-01
2.875000000000000000e+03 1.922550289201548357e-01
2.876000000000000000e+03 1.919556927684821224e-01
2.877000000000000000e+03 1.916447403293965457e-01
2.878000000000000000e+03 1.913157514199280984e-01
2.879000000000000000e+03 1.909612880013712433e-01
2.880000000000000000e+03 1.905735957644119627e-01
2.881000000000000000e+03 1.901455488841482244e-01
2.882000000000000000e+03 1.896716856535179963e-01
2.883000000000000000e+03 1.891490440494539294e-01
2.884000000000000000e+03 1.885775374006605776e-01
2.885000000000000000e+03 1.879597007725767877e-01
2.886000000000000000e+03 1.872999560305158295e-01
2.887000000000000000e+03 1.866035652228026642e-01
2.888000000000000000e+03 1.858756294624163696e-01
2.889000000000000000e+03 1.851203596292575193e-01
2.890000000000000000e+03 1.843407847448216841e-01
2.891000000000000000e+03 1.835388553303626269e-01
2.892000000000000000e+03 1.827159515899400288e-01
2.893000000000000000e+03 1.818736068792950467e-01
2.894000000000000000e+03 1.810141632017262525e-01
2.895000000000000000e+03 1.801411757739407316e-01
2.896000000000000000e+03 1.792594336358235563e-01
2.897000000000000000e+03 1.783746515288432977e-01
2.898000000000000000e+03 1.774930451038250201e-01
2.899000000000000000e+03 1.766208493007737634e-01
2.900000000000000000e+03 1.757639185998870757e-01
2.901000000000000000e+03 1.749274327827377018e-01
2.902000000000000000e+03 1.741156866697194938e-01
2.903000000000000000e+03 1.733320070764882981e-01
2.904000000000000000e+03 1.725788067529676062e-01
2.905000000000000000e+03 1.718577326658132787e-01
2.906000000000000000e+03 1.711699047237142945e-01
2.907000000000000000e+03 1.705161354660036932e-01
2.908000000000000000e+03 1.698970116929846008e-01
2.909000000000000000e+03 1.693127933074904945e-01
2.910000000000000000e+03 1.687631559726887887e-01
2.911000000000000000e+03 1.682469267257545309e-01
2.912000000000000000e+03 1.677620039616422032e-01
2.913000000000000000e+03 1.673055683909067393e-01
2.914000000000000000e+03 1.668745461789127582e-01
2.915000000000000000e+03 1.664662366377137048e-01
2.916000000000000000e+03 1.660789180388394515e-01
2.917000000000000000e+03 1.657122392273688571e-01
2.918000000000000000e+03 1.653672952528367768e-01
2.919000000000000000e+03 1.650463569545366216e-01
2.920000000000000000e+03 1.647523717132423626e-01
2.921000000000000000e+03 1.644883663674820418e-01
2.922000000000000000e+03 1.642568813722615484e-01
2.923000000000000000e+03 1.640595671706164549e-01
2.924000000000000000e+03 1.638969514835024732e-01
2.925000000000000000e+03 1.637684239344801285e-01
2.926000000000000000e+03 1.636724230141153313e-01
2.927000000000000000e+03 1.636067344272897905e-01
2.928000000000000000e+03 1.635687625534236744e-01
2.929000000000000000e+03 1.635556970868023985e-01
2.930000000000000000e+03 1.635644645984147827e-01
2.931000000000000000e+03 1.635915335211185484e-01
2.932000000000000000e+03 1.636325914361403122e-01
2.933000000000000000e+03 1.636823026173429563e-01
2.934000000000000000e+03 1.637342372635584575e-01
2.935000000000000000e+03 1.637811623756716684e-01
2.936000000000000000e+03 1.638156946127513613e-01
2.937000000000000000e+03 1.638312085419623698e-01
2.938000000000000000e+03 1.638228295785549293e-01
2.939000000000000000e+03 1.637882831184267196e-01
2.940000000000000000e+03 1.637283556951385499e-01
2.941000000000000000e+03 1.636468957532536406e-01
2.942000000000000000e+03 1.635504256869829420e-01
2.943000000000000000e+03 1.634474661231937742e-01
2.944000000000000000e+03 1.633477756466663600e-01
2.945000000000000000e+03 1.632615889078293248e-01
2.946000000000000000e+03 1.631989579347650487e-01
2.947000000000000000e+03 1.631691847227290937e-01
2.948000000000000000e+03 1.631804060223624453e-01
2.949000000000000000e+03 1.632393091071775992e-01
2.950000000000000000e+03 1.633509793318566050e-01
2.951000000000000000e+03 1.635188494652932978e-01
2.952000000000000000e+03 1.637447374580809356e-01
2.953000000000000000e+03 1.640289003872159312e-01
2.954000000000000000e+03 1.643700600646933740e-01
2.955000000000000000e+03 1.647654758954539278e-01
2.956000000000000000e+03 1.652109874120827049e-01
2.957000000000000000e+03 1.657010790265860678e-01
2.958000000000000000e+03 1.662289645810852146e-01
2.959000000000000000e+03 1.667867533651491985e-01
2.960000000000000000e+03 1.673656509303062534e-01
2.961000000000000000e+03 1.679562919334965931e-01
2.962000000000000000e+03 1.685491961154645946e-01
2.963000000000000000e+03 1.691352976388054707e-01
2.964000000000000000e+03 1.697065907789637174e-01
2.965000000000000000e+03 1.702567442762996652e-01
2.966000000000000000e+03 1.707816041431650111e-01
2.967000000000000000e+03 1.712793302069636203e-01
2.968000000000000000e+03 1.717500970388476933e-01
2.969000000000000000e+03 1.721954300859309672e-01
2.970000000000000000e+03 1.726173425519184901e-01
2.971000000000000000e+03 1.730175485081414943e-01
2.972000000000000000e+03 1.733969283884688739e-01
2.973000000000000000e+03 1.737552756921082187e-01
2.974000000000000000e+03 1.740913004988256518e-01
2.975000000000000000e+03 1.744028648747617816e-01
2.976000000000000000e+03 1.746873367151596246e-01
2.977000000000000000e+03 1.749419614152157576e-01
2.978000000000000000e+03 1.751642920310666485e-01
2.979000000000000000e+03 1.753525335904622950e-01
2.980000000000000000e+03 1.755057648896204137e-01
2.981000000000000000e+03 1.756240033603585493e-01
2.982000000000000000e+03 1.757080971379451073e-01
2.983000000000000000e+03 1.757594754896878997e-01
2.984000000000000000e+03 1.757798712585823542e-01
2.985000000000000000e+03 1.757710436122903452e-01
2.986000000000000000e+03 1.757345479586439330e-01
2.987000000000000000e+03 1.756716219428696435e-01
2.988000000000000000e+03 1.755831970222643534e-01
2.989000000000000000e+03 1.754700236654263001e-01
2.990000000000000000e+03 1.753329082717536014e-01
2.991000000000000000e+03 1.751730297798038127e-01
2.992000000000000000e+03 1.749922907317562615e-01
2.993000000000000000e+03 1.747936164928872160e-01
2.994000000000000000e+03 1.745811547681089815e-01
2.995000000000000000e+03 1.743603376415495676e-01
2.996000000000000000e+03 1.741377684558824135e-01
2.997000000000000000e+03 1.739209641156574948e-01
2.998000000000000000e+03 1.737180347247380130e-01
2.999000000000000000e+03 1.735372867722306811e-01
3.000000000000000000e+03 1.733867850530728116e-01
3.001000000000000000e+03 1.732739463924639067e-01
3.002000000000000000e+03 1.732052100768621261e-01
3.003000000000000000e+03 1.731857715582957313e-01
3.004000000000000000e+03 1.732194321276952498e-01
3.005000000000000000e+03 1.733085010595845077e-01
3.006000000000000000e+03 1.734537729642758042e-01
3.007000000000000000e+03 1.736545506030810759e-01
3.008000000000000000e+03 1.739086685218921291e-01
3.009000000000000000e+03 1.742125596718656633e-01
3.010000000000000000e+03 1.745614296853381375e-01
3.011000000000000000e+03 1.749494617990936529e-01
3.012000000000000000e+03 1.753701079244923411e-01
3.013000000000000000e+03 1.758164355269157264e-01
3.014000000000000000e+03 1.762814191885653803e-01
3.015000000000000000e+03 1.767582237016805946e-01
3.016000000000000000e+03 1.772403891663929809e-01
3.017000000000000000e+03 1.777219324886463170e-01
3.018000000000000000e+03 1.781973888214624935e-01
3.019000000000000000e+03 1.786618254612807044e-01
3.020000000000000000e+03 1.791108689627887163e-01
3.021000000000000000e+03 1.795407883632268164e-01
3.022000000000000000e+03 1.799486106289380494e-01
3.023000000000000000e+03 1.803322995556846942e-01
3.024000000000000000e+03 1.806909156095110047e-01
3.025000000000000000e+03 1.810247259225161720e-01
3.026000000000000000e+03 1.813352464960818200e-01
3.027000000000000000e+03 1.816251304783115528e-01
3.028000000000000000e+03 1.818979273168007671e-01
3.029000000000000000e+03 1.821577986692695383e-01
3.030000000000000000e+03 1.824091710767374308e-01
3.031000000000000000e+03 1.826564324237774928e-01
3.032000000000000000e+03 1.829036884788271811e-01
3.033000000000000000e+03 1.831546491022152667e-01
3.034000000000000000e+03 1.834125317816720224e-01
3.035000000000000000e+03 1.836800266136260351e-01
3.036000000000000000e+03 1.839592906764108693e-01
3.037000000000000000e+03 1.842519501413949767e-01
3.038000000000000000e+03 1.845591164381806815e-01
3.039000000000000000e+03 1.848813836959154744e-01
3.040000000000000000e+03 1.852188709086372564e-01
3.041000000000000000e+03 1.855712859550698313e-01
3.042000000000000000e+03 1.859379646160154442e-01
3.043000000000000000e+03 1.863179145834785166e-01
3.044000000000000000e+03 1.867098745902989188e-01
3.045000000000000000e+03 1.871123523164235913e-01
3.046000000000000000e+03 1.875237007593056893e-01
3.047000000000000000e+03 1.879422122867845935e-01
3.048000000000000000e+03 1.883662001934361951e-01
3.049000000000000000e+03 1.887940588174021050e-01
3.050000000000000000e+03 1.892243152201076029e-01
3.051000000000000000e+03 1.896556571354590104e-01
3.052000000000000000e+03 1.900869284955725436e-01
3.053000000000000000e+03 1.905171181922152290e-01
3.054000000000000000e+03 1.909453378826377057e-01
3.055000000000000000e+03 1.913708510193407597e-01
3.056000000000000000e+03 1.917930827175669539e-01
3.057000000000000000e+03 1.922116445205605817e-01
3.058000000000000000e+03 1.926263712624718960e-01
3.059000000000000000e+03 1.930373635632458562e-01
3.060000000000000000e+03 1.934450008549586930e-01
3.061000000000000000e+03 1.938499189770243880e-01
3.062000000000000000e+03 1.942529367004136032e-01
3.063000000000000000e+03 1.946549153050809444e-01
3.064000000000000000e+03 1.950565251459897564e-01
3.065000000000000000e+03 1.954580546782886952e-01
3.066000000000000000e+03 1.958592394178671481e-01
3.067000000000000000e+03 1.962591254038497379e-01
3.068000000000000000e+03 1.966560279828047375e-01
3.069000000000000000e+03 1.970475095845589941e-01
3.070000000000000000e+03 1.974303984677021617e-01
3.071000000000000000e+03 1.978008576295413323e-01
3.072000000000000000e+03 1.981544352381346408e-01
3.073000000000000000e+03 1.984861602107939049e-01
3.074000000000000000e+03 1.987906865080795726e-01
3.075000000000000000e+03 1.990625999769069510e-01
3.076000000000000000e+03 1.992968212565822683e-01
3.077000000000000000e+03 1.994890534826429529e-01
3.078000000000000000e+03 1.996362288527630535e-01
3.079000000000000000e+03 1.997368132681911490e-01
3.080000000000000000e+03 1.997909407970238083e-01
3.081000000000000000e+03 1.998003457631838120e-01
3.082000000000000000e+03 1.997680925756801784e-01
3.083000000000000000e+03 1.996982330177825837e-01
3.084000000000000000e+03 1.995953929350002543e-01
3.085000000000000000e+03 1.994643706923832083e-01
3.086000000000000000e+03 1.993098659363847502e-01
3.087000000000000000e+03 1.991362801429597540e-01
3.088000000000000000e+03 1.989475823587043835e-01
3.089000000000000000e+03 1.987472533282886589e-01
3.090000000000000000e+03 1.985382543278586820e-01
3.091000000000000000e+03 1.983230328334900094e-01
3.092000000000000000e+03 1.981034979480942315e-01
3.093000000000000000e+03 1.978809880040053037e-01
3.094000000000000000e+03 1.976562538739233821e-01
3.095000000000000000e+03 1.974294401925655584e-01
3.096000000000000000e+03 1.972000414087622389e-01
3.097000000000000000e+03 1.969668754565451763e-01
3.098000000000000000e+03 1.967281080848503616e-01
3.099000000000000000e+03 1.964812958105585095e-01
3.100000000000000000e+03 1.962235226713520131e-01
3.101000000000000000e+03 1.959516318231566689e-01
3.102000000000000000e+03 1.956624749532457352e-01
3.103000000000000000e+03 1.953531392589182847e-01
3.104000000000000000e+03 1.950211857983500663e-01
3.105000000000000000e+03 1.946647854827925905e-01
3.106000000000000000e+03 1.942827908105129731e-01
3.107000000000000000e+03 1.938747415532603990e-01
3.108000000000000000e+03 1.934408368017599689e-01
3.109000000000000000e+03 1.929818556631185400e-01
3.110000000000000000e+03 1.924990855866706430e-01
3.111000000000000000e+03 1.919942830369327225e-01
3.112000000000000000e+03 1.914696628188958527e-01
3.113000000000000000e+03 1.909279443669418541e-01
3.114000000000000000e+03 1.903724028100029775e-01
3.115000000000000000e+03 1.898068646386157909e-01
3.116000000000000000e+03 1.892356868188299901e-01
3.117000000000000000e+03 1.886636390174633859e-01
3.118000000000000000e+03 1.880956985755634081e-01
3.119000000000000000e+03 1.875368043277943486e-01
3.120000000000000000e+03 1.869915720698183959e-01
3.121000000000000000e+03 1.864640578388148395e-01
3.122000000000000000e+03 1.859575683274714009e-01
3.123000000000000000e+03 1.854745387141733259e-01
3.124000000000000000e+03 1.850165604535379815e-01
3.125000000000000000e+03 1.845844199071406955e-01
3.126000000000000000e+03 1.841781825861019128e-01
3.127000000000000000e+03 1.837972493424895326e-01
3.128000000000000000e+03 1.834404175350201061e-01
3.129000000000000000e+03 1.831059027266555561e-01
3.130000000000000000e+03 1.827913725471629336e-01
3.131000000000000000e+03 1.824940481723084096e-01
3.132000000000000000e+03 1.822108828769783140e-01
3.133000000000000000e+03 1.819388172940500370e-01
3.134000000000000000e+03 1.816751157047890586e-01
3.135000000000000000e+03 1.814176570138219535e-01
3.136000000000000000e+03 1.811651260882728709e-01
3.137000000000000000e+03 1.809170832401062468e-01
3.138000000000000000e+03 1.806738423214352685e-01
3.139000000000000000e+03 1.804361861230680264e-01
3.140000000000000000e+03 1.802050180997360473e-01
3.141000000000000000e+03 1.799809293096066298e-01
3.142000000000000000e+03 1.797638620657582564e-01
3.143000000000000000e+03 1.795529234943545327e-01
3.144000000000000000e+03 1.793463577219508998e-01
3.145000000000000000e+03 1.791417270893683744e-01
3.146000000000000000e+03 1.789362276065915858e-01
3.147000000000000000e+03 1.787270992970727834e-01
3.148000000000000000e+03 1.785120174953332417e-01
3.149000000000000000e+03 1.782894352224637657e-01
3.150000000000000000e+03 1.780587918757686183e-01
3.151000000000000000e+03 1.778206171194550711e-01
3.152000000000000000e+03 1.775764984373799926e-01
3.153000000000000000e+03 1.773289946883755408e-01
3.154000000000000000e+03 1.770815071344445935e-01
3.155000000000000000e+03 1.768380969757488153e-01
3.156000000000000000e+03 1.766032922129523453e-01
3.157000000000000000e+03 1.763818900190871619e-01
3.158000000000000000e+03 1.761787620903534912e-01
3.159000000000000000e+03 1.759986874193341377e-01
3.160000000000000000e+03 1.758462189287310073e-01
3.161000000000000000e+03 1.757255933043079255e-01
3.162000000000000000e+03 1.756405619682097352e-01
3.163000000000000000e+03 1.755942213765533388e-01
3.164000000000000000e+03 1.755888673732190208e-01
3.165000000000000000e+03 1.756258112692644091e-01
3.166000000000000000e+03 1.757052847471008428e-01
3.167000000000000000e+03 1.758264048990447193e-01
3.168000000000000000e+03 1.759871938421481152e-01
3.169000000000000000e+03 1.761846209679334696e-01
3.170000000000000000e+03 1.764146925146856115e-01
3.171000000000000000e+03 1.766725888016042467e-01
3.172000000000000000e+03 1.769529024753478952e-01
3.173000000000000000e+03 1.772499620176317958e-01
3.174000000000000000e+03 1.775582581719715169e-01
3.175000000000000000e+03 1.778728819642225734e-01
3.176000000000000000e+03 1.781898779306589631e-01
3.177000000000000000e+03 1.785064376411034659e-01
3.178000000000000000e+03 1.788209031688447748e-01
3.179000000000000000e+03 1.791326266191439753e-01
3.180000000000000000e+03 1.794417274194407552e-01
3.181000000000000000e+03 1.797488066000443308e-01
3.182000000000000000e+03 1.800547174053576949e-01
3.183000000000000000e+03 1.803603401788158311e-01
3.184000000000000000e+03 1.806663764734839639e-01
3.185000000000000000e+03 1.809731356140221181e-01
3.186000000000000000e+03 1.812803329886434611e-01
3.187000000000000000e+03 1.815869083674242213e-01
3.188000000000000000e+03 1.818908855188670071e-01
3.189000000000000000e+03 1.821893055710162856e-01
3.190000000000000000e+03 1.824782645665360969e-01
3.191000000000000000e+03 1.827530377054371602e-01
3.192000000000000000e+03 1.830083138229169903e-01
3.193000000000000000e+03 1.832385629498538837e-01
3.194000000000000000e+03 1.834385717862679344e-01
3.195000000000000000e+03 1.836041448151252142e-01
3.196000000000000000e+03 1.837328525043684657e-01
3.197000000000000000e+03 1.838247041158216355e-01
3.198000000000000000e+03 1.838825461250896132e-01
3.199000000000000000e+03 1.839119679151825781e-01
3.200000000000000000e+03 1.839207554290644975e-01
3.201000000000000000e+03 1.839179888456825562e-01
3.202000000000000000e+03 1.839129998925858600e-01
3.203000000000000000e+03 1.839144063593564637e-01
3.204000000000000000e+03 1.839293585553562760e-01
3.205000000000000000e+03 1.839631348008549938e-01
3.206000000000000000e+03 1.840190000568457662e-01
3.207000000000000000e+03 1.840983770335244130e-01
3.208000000000000000e+03 1.842012638243768485e-01
3.209000000000000000e+03 1.843267582150960870e-01
3.210000000000000000e+03 1.844736077597283752e-01
3.211000000000000000e+03 1.846406757275298183e-01
3.212000000000000000e+03 1.848272252479460365e-01
3.213000000000000000e+03 1.850330037418857487e-01
3.214000000000000000e+03 1.852580997469159274e-01
3.215000000000000000e+03 1.855026429564375356e-01
3.216000000000000000e+03 1.857664297683844501e-01
3.217000000000000000e+03 1.860485714976354288e-01
3.218000000000000000e+03 1.863472618541800740e-01
3.219000000000000000e+03 1.866596796982367135e-01
3.220000000000000000e+03 1.869820735320810723e-01
3.221000000000000000e+03 1.873100006574110465e-01
3.222000000000000000e+03 1.876386201245834329e-01
3.223000000000000000e+03 1.879630138048025145e-01
3.224000000000000000e+03 1.882784749170787475e-01
3.225000000000000000e+03 1.885807830104292981e-01
3.226000000000000000e+03 1.888664720816164155e-01
3.227000000000000000e+03 1.891331607310180463e-01
3.228000000000000000e+03 1.893799075081973038e-01
3.229000000000000000e+03 1.896075220643551607e-01
3.230000000000000000e+03 1.898187599619045596e-01
3.231000000000000000e+03 1.900182732180876188e-01
3.232000000000000000e+03 1.902122665015685277e-01
3.233000000000000000e+03 1.904078029509635450e-01
3.234000000000000000e+03 1.906119167408595882e-01
3.235000000000000000e+03 1.908306600624937177e-01
3.236000000000000000e+03 1.910682483055171632e-01
3.237000000000000000e+03 1.913264425815585090e-01
3.238000000000000000e+03 1.916041851968822984e-01
3.239000000000000000e+03 1.918975463211340104e-01
3.240000000000000000e+03 1.921999159593078543e-01
3.241000000000000000e+03 1.925024229655020458e-01
3.242000000000000000e+03 1.927945633322201424e-01
3.243000000000000000e+03 1.930650016339589270e-01
3.244000000000000000e+03 1.933024598642356651e-01
3.245000000000000000e+03 1.934966717090280952e-01
3.246000000000000000e+03 1.936392622375063544e-01
3.247000000000000000e+03 1.937245352803409482e-01
3.248000000000000000e+03 1.937500374661707825e-01
3.249000000000000000e+03 1.937168428027065126e-01
3.250000000000000000e+03 1.936294389836638596e-01
3.251000000000000000e+03 1.934952324233733534e-01
3.252000000000000000e+03 1.933237533824223031e-01
3.253000000000000000e+03 1.931256192301416541e-01
3.254000000000000000e+03 1.929114351808576822e-01
3.255000000000000000e+03 1.926908838038038363e-01
3.256000000000000000e+03 1.924720617513911991e-01
3.257000000000000000e+03 1.922610835643305260e-01
3.258000000000000000e+03 1.920620587774529708e-01
3.259000000000000000e+03 1.918774134443218260e-01
3.260000000000000000e+03 1.917084471615551067e-01
3.261000000000000000e+03 1.915560144339572557e-01
3.262000000000000000e+03 1.914212076341408886e-01
3.263000000000000000e+03 1.913059146171194047e-01
3.264000000000000000e+03 1.912130832154725901e-01
3.265000000000000000e+03 1.911466498187696650e-01
3.266000000000000000e+03 1.911111065181938518e-01
3.267000000000000000e+03 1.911108476865923667e-01
3.268000000000000000e+03 1.911494999408670514e-01
3.269000000000000000e+03 1.912293797108703952e-01
3.270000000000000000e+03 1.913511285118014715e-01
3.271000000000000000e+03 1.915135867530166347e-01
3.272000000000000000e+03 1.917139285136800764e-01
3.273000000000000000e+03 1.919478899806068006e-01
3.274000000000000000e+03 1.922101363604920565e-01
3.275000000000000000e+03 1.924946516824413423e-01
3.276000000000000000e+03 1.927951441458526372e-01
3.277000000000000000e+03 1.931054514344774931e-01
3.278000000000000000e+03 1.934198793672662342e-01
3.279000000000000000e+03 1.937334265626628471e-01
3.280000000000000000e+03 1.940418950143668331e-01
3.281000000000000000e+03 1.943419013549637364e-01
3.282000000000000000e+03 1.946307426838130850e-01
3.283000000000000000e+03 1.949061560423766826e-01
3.284000000000000000e+03 1.951660116027331970e-01
3.285000000000000000e+03 1.954080011942244122e-01
3.286000000000000000e+03 1.956293599458032439e-01
3.287000000000000000e+03 1.958267068776641251e-01
3.288000000000000000e+03 1.959960520111724835e-01
3.289000000000000000e+03 1.961330363582880765e-01
3.290000000000000000e+03 1.962333255480472050e-01
3.291000000000000000e+03 1.962931064216864585e-01
3.292000000000000000e+03 1.963096409135162146e-01
3.293000000000000000e+03 1.962817387977519590e-01
3.294000000000000000e+03 1.962101239292299293e-01
3.295000000000000000e+03 1.960975759219723280e-01
3.296000000000000000e+03 1.959488951053388606e-01
3.297000000000000000e+03 1.957706673854772150e-01
3.298000000000000000e+03 1.955708363093903168e-01
3.299000000000000000e+03 1.953581429738566189e-01
3.300000000000000000e+03 1.951415006377277828e-01
3.301000000000000000e+03 1.949293657995418427e-01
3.302000000000000000e+03 1.947292144680065062e-01
3.303000000000000000e+03 1.945471872707690009e-01
3.304000000000000000e+03 1.943879367602830976e-01
3.305000000000000000e+03 1.942546177476278113e-01
3.306000000000000000e+03 1.941489677162563654e-01
3.307000000000000000e+03 1.940714136748150631e-01
3.308000000000000000e+03 1.940211928064418667e-01
3.309000000000000000e+03 1.939964215054185703e-01
3.310000000000000000e+03 1.939942209029531239e-01
3.311000000000000000e+03 1.940108934020171039e-01
3.312000000000000000e+03 1.940421427898486040e-01
3.313000000000000000e+03 1.940832916936350849e-01
3.314000000000000000e+03 1.941294732520220112e-01
3.315000000000000000e+03 1.941757927483322155e-01
3.316000000000000000e+03 1.942174332218821187e-01
3.317000000000000000e+03 1.942497268606814820e-01
3.318000000000000000e+03 1.942682219801177557e-01
3.319000000000000000e+03 1.942687849832633318e-01
3.320000000000000000e+03 1.942477055391034213e-01
3.321000000000000000e+03 1.942017871422576925e-01
3.322000000000000000e+03 1.941283765192804434e-01
3.323000000000000000e+03 1.940253609902952703e-01
3.324000000000000000e+03 1.938911368398223145e-01
3.325000000000000000e+03 1.937245702271283565e-01
3.326000000000000000e+03 1.935250206385738525e-01
3.327000000000000000e+03 1.932924299980570138e-01
3.328000000000000000e+03 1.930273836109486219e-01
3.329000000000000000e+03 1.927311211989363171e-01
3.330000000000000000e+03 1.924054850551265849e-01
3.331000000000000000e+03 1.920527541220749534e-01
3.332000000000000000e+03 1.916754674739772346e-01
3.333000000000000000e+03 1.912762457887722534e-01
3.334000000000000000e+03 1.908576550585902032e-01
3.335000000000000000e+03 1.904221104969772704e-01
3.336000000000000000e+03 1.899717775283805143e-01
3.337000000000000000e+03 1.895084416456941090e-01
3.338000000000000000e+03 1.890334070483538076e-01
3.339000000000000000e+03 1.885474219030894849e-01
3.340000000000000000e+03 1.880506779754807789e-01
3.341000000000000000e+03 1.875429255104363313e-01
3.342000000000000000e+03 1.870237672360946513e-01
3.343000000000000000e+03 1.864931444684017892e-01
3.344000000000000000e+03 1.859519588777425736e-01
3.345000000000000000e+03 1.854027743514845283e-01
3.346000000000000000e+03 1.848503884835962785e-01
3.347000000000000000e+03 1.843020888399117263e-01
3.348000000000000000e+03 1.837674655767910226e-01
3.349000000000000000e+03 1.832578263546140451e-01
3.350000000000000000e+03 1.827852673742547118e-01
3.351000000000000000e+03 1.823616668054275081e-01
3.352000000000000000e+03 1.819977360545937672e-01
3.353000000000000000e+03 1.817022564164816889e-01
3.354000000000000000e+03 1.814815606254340796e-01
3.355000000000000000e+03 1.813392189750148431e-01
3.356000000000000000e+03 1.812759226122476197e-01
3.357000000000000000e+03 1.812895981520991073e-01
3.358000000000000000e+03 1.813757111735008754e-01
3.359000000000000000e+03 1.815278038777557723e-01
3.360000000000000000e+03 1.817383210635543644e-01
3.361000000000000000e+03 1.819995373101296887e-01
3.362000000000000000e+03 1.823043625847478588e-01
3.363000000000000000e+03 1.826468544652561643e-01
3.364000000000000000e+03 1.830222906945687122e-01
3.365000000000000000e+03 1.834269297824009382e-01
3.366000000000000000e+03 1.838576788942010154e-01
3.367000000000000000e+03 1.843118168468204365e-01
3.368000000000000000e+03 1.847868345873491525e-01
3.369000000000000000e+03 1.852803318754056849e-01
3.370000000000000000e+03 1.857899323196699481e-01
3.371000000000000000e+03 1.863131689009316083e-01
3.372000000000000000e+03 1.868473408452395457e-01
3.373000000000000000e+03 1.873894046694543625e-01
3.374000000000000000e+03 1.879359361382995919e-01
3.375000000000000000e+03 1.884831689912835617e-01
3.376000000000000000e+03 1.890271517766626830e-01
3.377000000000000000e+03 1.895639629163752837e-01
3.378000000000000000e+03 1.900899314628077263e-01
3.379000000000000000e+03 1.906018242297534693e-01
3.380000000000000000e+03 1.910970546919593116e-01
3.381000000000000000e+03 1.915738762091053204e-01
3.382000000000000000e+03 1.920316037246096452e-01
3.383000000000000000e+03 1.924708680716722409e-01
3.384000000000000000e+03 1.928936964495898965e-01
3.385000000000000000e+03 1.933033880896055101e-01
3.386000000000000000e+03 1.937041801102202254e-01
3.387000000000000000e+03 1.941007174202695751e-01
3.388000000000000000e+03 1.944975101808688600e-01
3.389000000000000000e+03 1.948985051350816955e-01
3.390000000000000000e+03 1.953067923762442926e-01
3.391000000000000000e+03 1.957245651432335531e-01
3.392000000000000000e+03 1.961532365775381370e-01
3.393000000000000000e+03 1.965937053668870282e-01
3.394000000000000000e+03 1.970466513540514442e-01
3.395000000000000000e+03 1.975127929682743422e-01
3.396000000000000000e+03 1.979930943825491951e-01
3.397000000000000000e+03 1.984887899853901572e-01
3.398000000000000000e+03 1.990012709995345741e-01
3.399000000000000000e+03 1.995318777939678323e-01
3.400000000000000000e+03 2.000816761691814882e-01
3.401000000000000000e+03 2.006512290781057306e-01
3.402000000000000000e+03 2.012404706758026407e-01
3.403000000000000000e+03 2.018486442695654470e-01
3.404000000000000000e+03 2.024743590564567208e-01
3.405000000000000000e+03 2.031157449811117344e-01
3.406000000000000000e+03 2.037706230518616657e-01
3.407000000000000000e+03 2.044366887737560645e-01
3.408000000000000000e+03 2.051116348343320628e-01
3.409000000000000000e+03 2.057932676909453584e-01
3.410000000000000000e+03 2.064795259097588764e-01
3.411000000000000000e+03 2.071684756721948739e-01
3.412000000000000000e+03 2.078582671461857712e-01
3.413000000000000000e+03 2.085470185473973226e-01
3.414000000000000000e+03 2.092327168130357629e-01
3.415000000000000000e+03 2.099130916423972704e-01
3.416000000000000000e+03 2.105855156831454855e-01
3.417000000000000000e+03 2.112468958785895801e-01
3.418000000000000000e+03 2.118936370555606907e-01
3.419000000000000000e+03 2.125216410865211902e-01
3.420000000000000000e+03 2.131263630261304720e-01
3.421000000000000000e+03 2.137029485003942852e-01
3.422000000000000000e+03 2.142463296885979140e-01
3.423000000000000000e+03 2.147513412493726459e-01
3.424000000000000000e+03 2.152128732375354070e-01
3.425000000000000000e+03 2.156259969781258723e-01
3.426000000000000000e+03 2.159861071426986134e-01
3.427000000000000000e+03 2.162891457866900069e-01
3.428000000000000000e+03 2.165318552035472022e-01
3.429000000000000000e+03 2.167120906836165761e-01
3.430000000000000000e+03 2.168290359576535431e-01
3.431000000000000000e+03 2.168832599156467755e-01
3.432000000000000000e+03 2.168765620553961548e-01
3.433000000000000000e+03 2.168115861277963574e-01
3.434000000000000000e+03 2.166912569509213682e-01
3.435000000000000000e+03 2.165182074535837442e-01
3.436000000000000000e+03 2.162943760789018954e-01
3.437000000000000000e+03 2.160208484469419987e-01
3.438000000000000000e+03 2.156980261676789412e-01
3.439000000000000000e+03 2.153260461587059305e-01
3.440000000000000000e+03 2.149054008948818595e-01
3.441000000000000000e+03 2.144376264450946201e-01
3.442000000000000000e+03 2.139259729942268595e-01
3.443000000000000000e+03 2.133758446980130175e-01
3.444000000000000000e+03 2.127949072328554347e-01
3.445000000000000000e+03 2.121928171493781545e-01
3.446000000000000000e+03 2.115805786434675761e-01
3.447000000000000000e+03 2.109696834989706060e-01
3.448000000000000000e+03 2.103712433757290445e-01
3.449000000000000000e+03 2.097952295590145566e-01
3.450000000000000000e+03 2.092499291283237417e-01
3.451000000000000000e+03 2.087415877596374703e-01
3.452000000000000000e+03 2.082742431983833908e-01
3.453000000000000000e+03 2.078497534659755619e-01
3.454000000000000000e+03 2.074679709242160386e-01
3.455000000000000000e+03 2.071269972609613985e-01
3.456000000000000000e+03 2.068234699921093767e-01
3.457000000000000000e+03 2.065528274943723153e-01
3.458000000000000000e+03 2.063095610546795966e-01
3.459000000000000000e+03 2.060874137426386699e-01
3.460000000000000000e+03 2.058795879875247314e-01
3.461000000000000000e+03 2.056789338787246013e-01
3.462000000000000000e+03 2.054781629650117014e-01
3.463000000000000000e+03 2.052700316131739755e-01
3.464000000000000000e+03 2.050474862645485230e-01
3.465000000000000000e+03 2.048038163679979096e-01
3.466000000000000000e+03 2.045328203793044253e-01
3.467000000000000000e+03 2.042290522780012552e-01
3.468000000000000000e+03 2.038881281077148111e-01
3.469000000000000000e+03 2.035070718587683458e-01
3.470000000000000000e+03 2.030845976812116482e-01
3.471000000000000000e+03 2.026211704798908386e-01
3.472000000000000000e+03 2.021188594870081956e-01
3.473000000000000000e+03 2.015809649168560369e-01
3.474000000000000000e+03 2.010115519871358836e-01
3.475000000000000000e+03 2.004150075203646741e-01
3.476000000000000000e+03 1.997956354416925151e-01
3.477000000000000000e+03 1.991573557436868980e-01
3.478000000000000000e+03 1.985034916181545595e-01
3.479000000000000000e+03 1.978366270724994380e-01
3.480000000000000000e+03 1.971585655531332137e-01
3.481000000000000000e+03 1.964704563749528621e-01
3.482000000000000000e+03 1.957731081129633344e-01
3.483000000000000000e+03 1.950673973773947578e-01
3.484000000000000000e+03 1.943547432655228224e-01
3.485000000000000000e+03 1.936374978085986243e-01
3.486000000000000000e+03 1.929191551769590396e-01
3.487000000000000000e+03 1.922043240573507172e-01
3.488000000000000000e+03 1.914985641495260960e-01
3.489000000000000000e+03 1.908081350966823186e-01
3.490000000000000000e+03 1.901396964248533439e-01
3.491000000000000000e+03 1.895000408066888076e-01
3.492000000000000000e+03 1.888958219923396742e-01
3.493000000000000000e+03 1.883332968782120420e-01
3.494000000000000000e+03 1.878180742721369534e-01
3.495000000000000000e+03 1.873548618318827963e-01
3.496000000000000000e+03 1.869472353007586574e-01
3.497000000000000000e+03 1.865974463482780732e-01
3.498000000000000000e+03 1.863062665049180222e-01
3.499000000000000000e+03 1.860729021490474533e-01
3.500000000000000000e+03 1.858949831979814227e-01
3.501000000000000000e+03 1.857687121980455547e-01
3.502000000000000000e+03 1.856891356974769147e-01
3.503000000000000000e+03 1.856506291181922452e-01
3.504000000000000000e+03 1.856475060167298574e-01
3.505000000000000000e+03 1.856746575422227596e-01
3.506000000000000000e+03 1.857279912767197672e-01
3.507000000000000000e+03 1.858045328674713392e-01
3.508000000000000000e+03 1.859020351548473227e-01
3.509000000000000000e+03 1.860183391450480339e-01
3.510000000000000000e+03 1.861506867771122731e-01
3.511000000000000000e+03 1.862952085343042852e-01
3.512000000000000000e+03 1.864467070504450819e-01
3.513000000000000000e+03 1.865987337328416928e-01
3.514000000000000000e+03 1.867439091763203884e-01
3.515000000000000000e+03 1.868743795702243471e-01
3.516000000000000000e+03 1.869823494477593495e-01
3.517000000000000000e+03 1.870605681148343469e-01
3.518000000000000000e+03 1.871027738986398570e-01
3.519000000000000000e+03 1.871040700273304547e-01
3.520000000000000000e+03 1.870612110112067628e-01
3.521000000000000000e+03 1.869727844492144742e-01
3.522000000000000000e+03 1.868392709265307428e-01
3.523000000000000000e+03 1.866630139150655121e-01
3.524000000000000000e+03 1.864480732748038938e-01
3.525000000000000000e+03 1.861999949359404438e-01
3.526000000000000000e+03 1.859255696894703547e-01
3.527000000000000000e+03 1.856325339478008818e-01
3.528000000000000000e+03 1.853292798268855457e-01
3.529000000000000000e+03 1.850246019542401976e-01
3.530000000000000000e+03 1.847274013684925831e-01
3.531000000000000000e+03 1.844464073431910933e-01
3.532000000000000000e+03 1.841899222019166005e-01
3.533000000000000000e+03 1.839656077366025599e-01
3.534000000000000000e+03 1.837803453072430759e-01
3.535000000000000000e+03 1.836401705115342231e-01
3.536000000000000000e+03 1.835503184670684851e-01
3.537000000000000000e+03 1.835152902220891225e-01
3.538000000000000000e+03 1.835388827773209164e-01
3.539000000000000000e+03 1.836241976254171238e-01
3.540000000000000000e+03 1.837735789650203344e-01
3.541000000000000000e+03 1.839884290782794474e-01
3.542000000000000000e+03 1.842690016935703556e-01
3.543000000000000000e+03 1.846142182707245227e-01
3.544000000000000000e+03 1.850215956682413621e-01
3.545000000000000000e+03 1.854873063969182390e-01
3.546000000000000000e+03 1.860063924833261217e-01
3.547000000000000000e+03 1.865731380041949772e-01
3.548000000000000000e+03 1.871814703733254426e-01
3.549000000000000000e+03 1.878253285029218844e-01
3.550000000000000000e+03 1.884989060681410145e-01
3.551000000000000000e+03 1.891967522896031151e-01
3.552000000000000000e+03 1.899137122740587880e-01
3.553000000000000000e+03 1.906448500479987762e-01
3.554000000000000000e+03 1.913853927220242335e-01
3.555000000000000000e+03 1.921307624437298966e-01
3.556000000000000000e+03 1.928766659180266574e-01
3.557000000000000000e+03 1.936192616464262883e-01
3.558000000000000000e+03 1.943553484177412694e-01
3.559000000000000000e+03 1.950825456404579605e-01
3.560000000000000000e+03 1.957993785787990049e-01
3.561000000000000000e+03 1.965052951698184058e-01
3.562000000000000000e+03 1.972005547167113293e-01
3.563000000000000000e+03 1.978860509127133294e-01
3.564000000000000000e+03 1.985630663986649169e-01
3.565000000000000000e+03 1.992329630571567367e-01
3.566000000000000000e+03 1.998968912502162021e-01
3.567000000000000000e+03 2.005554671201452976e-01
3.568000000000000000e+03 2.012085347902909660e-01
3.569000000000000000e+03 2.018549684494819751e-01
3.570000000000000000e+03 2.024926092513722464e-01
3.571000000000000000e+03 2.031183142717978285e-01
3.572000000000000000e+03 2.037281421980742802e-01
3.573000000000000000e+03 2.043176276533614222e-01
3.574000000000000000e+03 2.048821955353723745e-01
3.575000000000000000e+03 2.054176649044001934e-01
3.576000000000000000e+03 2.059208231426115643e-01
3.577000000000000000e+03 2.063899224529264220e-01
3.578000000000000000e+03 2.068250563560174449e-01
3.579000000000000000e+03 2.072283296271902886e-01
3.580000000000000000e+03 2.076037169059136989e-01
3.581000000000000000e+03 2.079566587124501986e-01
3.582000000000000000e+03 2.082933795701557012e-01
3.583000000000000000e+03 2.086200791458529824e-01
3.584000000000000000e+03 2.089420634863713433e-01
3.585000000000000000e+03 2.092629297954100021e-01
3.586000000000000000e+03 2.095839115840669453e-01
3.587000000000000000e+03 2.099034638623581694e-01
3.588000000000000000e+03 2.102170985308416951e-01
3.589000000000000000e+03 2.105174509479058598e-01
3.590000000000000000e+03 2.107946155103031516e-01
3.591000000000000000e+03 2.110366940623409349e-01
3.592000000000000000e+03 2.112305110983318523e-01
3.593000000000000000e+03 2.113624718128659097e-01
3.594000000000000000e+03 2.114194436437768498e-01
3.595000000000000000e+03 2.113896643953543653e-01
3.596000000000000000e+03 2.112635863181280549e-01
3.597000000000000000e+03 2.110346038362372889e-01
3.598000000000000000e+03 2.106995893932970820e-01
3.599000000000000000e+03 2.102592219319356359e-01
3.600000000000000000e+03 2.097180231812891815e-01
3.601000000000000000e+03 2.090840509466636854e-01
3.602000000000000000e+03 2.083683417523769510e-01
3.603000000000000000e+03 2.075842032370471268e-01
3.604000000000000000e+03 2.067464138184640920e-01
3.605000000000000000e+03 2.058704726645623762e-01
3.606000000000000000e+03 2.049719251262020758e-01
3.607000000000000000e+03 2.040657802337040860e-01
3.608000000000000000e+03 2.031659686241262530e-01
3.609000000000000000e+03 2.022847931392578458e-01
3.610000000000000000e+03 2.014324219505286007e-01
3.611000000000000000e+03 2.006164399999010306e-01
3.612000000000000000e+03 1.998415239433980473e-01
3.613000000000000000e+03 1.991092897781322757e-01
3.614000000000000000e+03 1.984183489277500378e-01
3.615000000000000000e+03 1.977646281383987903e-01
3.616000000000000000e+03 1.971418342182501560e-01
3.617000000000000000e+03 1.965420526865628570e-01
3.618000000000000000e+03 1.959564591198607320e-01
3.619000000000000000e+03 1.953760837194773448e-01
3.620000000000000000e+03 1.947925415254638803e-01
3.621000000000000000e+03 1.941986797444280599e-01
3.622000000000000000e+03 1.935890847771818413e-01
3.623000000000000000e+03 1.929604311490699386e-01
3.624000000000000000e+03 1.923116796540883522e-01
3.625000000000000000e+03 1.916441100384450869e-01
3.626000000000000000e+03 1.909612398016999335e-01
3.627000000000000000e+03 1.902685839681906854e-01
3.628000000000000000e+03 1.895731857337464299e-01
3.629000000000000000e+03 1.888829608125844328e-01
3.630000000000000000e+03 1.882059383605242386e-01
3.631000000000000000e+03 1.875495256495749719e-01
3.632000000000000000e+03 1.869198473114488668e-01
3.633000000000000000e+03 1.863212749877343755e-01
3.634000000000000000e+03 1.857561928067067991e-01
3.635000000000000000e+03 1.852249311920663444e-01
3.636000000000000000e+03 1.847258786150293153e-01
3.637000000000000000e+03 1.842558023249303290e-01
3.638000000000000000e+03 1.838103002377727002e-01
3.639000000000000000e+03 1.833843083138885777e-01
3.640000000000000000e+03 1.829726761846163785e-01
3.641000000000000000e+03 1.825706908426793507e-01
3.642000000000000000e+03 1.821744418087739292e-01
3.643000000000000000e+03 1.817810261352798551e-01
3.644000000000000000e+03 1.813886098384422663e-01
3.645000000000000000e+03 1.809963385598716001e-01
3.646000000000000000e+03 1.806042210009940752e-01
3.647000000000000000e+03 1.802130493772969300e-01
3.648000000000000000e+03 1.798243805345479118e-01
3.649000000000000000e+03 1.794405882764796567e-01
3.650000000000000000e+03 1.790649168890916798e-01
3.651000000000000000e+03 1.787014790727993740e-01
3.652000000000000000e+03 1.783551203098941718e-01
3.653000000000000000e+03 1.780311373697262278e-01
3.654000000000000000e+03 1.777349033852974047e-01
3.655000000000000000e+03 1.774714486313866413e-01
3.656000000000000000e+03 1.772450907245576579e-01
3.657000000000000000e+03 1.770591902603593226e-01
3.658000000000000000e+03 1.769160191851021358e-01
3.659000000000000000e+03 1.768168435279828254e-01
3.660000000000000000e+03 1.767621486565097710e-01
3.661000000000000000e+03 1.767519267446449605e-01
3.662000000000000000e+03 1.767859396703376496e-01
3.663000000000000000e+03 1.768638110386447915e-01
3.664000000000000000e+03 1.769849398191856160e-01
3.665000000000000000e+03 1.771482129981760412e-01
3.666000000000000000e+03 1.773516185158705849e-01
3.667000000000000000e+03 1.775918488505499604e-01
3.668000000000000000e+03 1.778640126572748059e-01
3.669000000000000000e+03 1.781615413930915381e-01
3.670000000000000000e+03 1.784762356436165043e-01
3.671000000000000000e+03 1.787984952430053953e-01
3.672000000000000000e+03 1.791177679800117772e-01
3.673000000000000000e+03 1.794231434872455289e-01
3.674000000000000000e+03 1.797039793446065514e-01
3.675000000000000000e+03 1.799506309470522702e-01
3.676000000000000000e+03 1.801550912333596266e-01
3.677000000000000000e+03 1.803114432871546491e-01
3.678000000000000000e+03 1.804160996602166833e-01
3.679000000000000000e+03 1.804678319106736706e-01
3.680000000000000000e+03 1.804675648359804208e-01
3.681000000000000000e+03 1.804180808551292259e-01
3.682000000000000000e+03 1.803235999443247028e-01
3.683000000000000000e+03 1.801893700521993713e-01
3.684000000000000000e+03 1.800213039358356526e-01
3.685000000000000000e+03 1.798255939258237013e-01
3.686000000000000000e+03 1.796084167881148996e-01
3.687000000000000000e+03 1.793756904811374397e-01
3.688000000000000000e+03 1.791329492410597968e-01
3.689000000000000000e+03 1.788853069572906573e-01
3.690000000000000000e+03 1.786374748919082878e-01
3.691000000000000000e+03 1.783938003167822584e-01
3.692000000000000000e+03 1.781582163363553961e-01
3.693000000000000000e+03 1.779341165573229688e-01
3.694000000000000000e+03 1.777241746868310490e-01
3.695000000000000000e+03 1.775301436024079582e-01
3.696000000000000000e+03 1.773526928887447229e-01
3.697000000000000000e+03 1.771914076173776997e-01
3.698000000000000000e+03 1.770449581588697252e-01
3.699000000000000000e+03 1.769114878371801369e-01
3.700000000000000000e+03 1.767891218754870652e-01
3.701000000000000000e+03 1.766765481365557555e-01
3.702000000000000000e+03 1.765735239084233743e-01
3.703000000000000000e+03 1.764811931074717066e-01
3.704000000000000000e+03 1.764021675553579527e-01
3.705000000000000000e+03 1.763403445128944591e-01
3.706000000000000000e+03 1.763004751126848180e-01
3.707000000000000000e+03 1.762875637186469835e-01
3.708000000000000000e+03 1.763063355324493431e-01
3.709000000000000000e+03 1.763608357649627256e-01
3.710000000000000000e+03 1.764541995402194585e-01
3.711000000000000000e+03 1.765886341676959348e-01
3.712000000000000000e+03 1.767654842384277503e-01
3.713000000000000000e+03 1.769853258017359265e-01
3.714000000000000000e+03 1.772480147666657679e-01
3.715000000000000000e+03 1.775526863305617042e-01
3.716000000000000000e+03 1.778976765152104900e-01
3.717000000000000000e+03 1.782803921667299729e-01
3.718000000000000000e+03 1.786972185479238084e-01
3.719000000000000000e+03 1.791435007610590047e-01
3.720000000000000000e+03 1.796136246174204198e-01
3.721000000000000000e+03 1.801012589114060480e-01
3.722000000000000000e+03 1.805996786841544133e-01
3.723000000000000000e+03 1.811021002293413951e-01
3.724000000000000000e+03 1.816019625401539828e-01
3.725000000000000000e+03 1.820931273756654367e-01
3.726000000000000000e+03 1.825699712699067612e-01
3.727000000000000000e+03 1.830274449149266180e-01
3.728000000000000000e+03 1.834610985418232421e-01
3.729000000000000000e+03 1.838671390498281544e-01
3.730000000000000000e+03 1.842425262871945635e-01
3.731000000000000000e+03 1.845850998891097050e-01
3.732000000000000000e+03 1.848937329131361273e-01
3.733000000000000000e+03 1.851684411312351231e-01
3.734000000000000000e+03 1.854104816219416252e-01
3.735000000000000000e+03 1.856223371810452050e-01
3.736000000000000000e+03 1.858075947946769835e-01
3.737000000000000000e+03 1.859707057185668866e-01
3.738000000000000000e+03 1.861166652064315530e-01
3.739000000000000000e+03 1.862505730809290716e-01
3.740000000000000000e+03 1.863771903559384435e-01
3.741000000000000000e+03 1.865004367734466872e-01
3.742000000000000000e+03 1.866229317151045231e-01
3.743000000000000000e+03 1.867456438518332873e-01
3.744000000000000000e+03 1.868677141559523247e-01
3.745000000000000000e+03 1.869864538521713582e-01
3.746000000000000000e+03 1.870974475014364757e-01
3.747000000000000000e+03 1.871948316494615183e-01
3.748000000000000000e+03 1.872717093315833525e-01
3.749000000000000000e+03 1.873207218839263999e-01
3.750000000000000000e+03 1.873347885927486023e-01
3.751000000000000000e+03 1.873080217323040420e-01
3.752000000000000000e+03 1.872366514991779252e-01
3.753000000000000000e+03 1.871196340556403326e-01
3.754000000000000000e+03 1.869587642377851799e-01
3.755000000000000000e+03 1.867581738335627461e-01
3.756000000000000000e+03 1.865234528690604687e-01
3.757000000000000000e+03 1.862607142075705380e-01
3.758000000000000000e+03 1.859759202302032899e-01
3.759000000000000000e+03 1.856745095536013190e-01
3.760000000000000000e+03 1.853612867442076539e-01
3.761000000000000000e+03 1.850405155072378238e-01
3.762000000000000000e+03 1.847160807199247357e-01
3.763000000000000000e+03 1.843916566408977942e-01
3.764000000000000000e+03 1.840708522511483036e-01
3.765000000000000000e+03 1.837572910822262706e-01
3.766000000000000000e+03 1.834546335057526956e-01
3.767000000000000000e+03 1.831665537853743864e-01
3.768000000000000000e+03 1.828966476169184285e-01
3.769000000000000000e+03 1.826483368563533993e-01
3.770000000000000000e+03 1.824247619708710966e-01
3.771000000000000000e+03 1.822286723698857136e-01
3.772000000000000000e+03 1.820623224148577302e-01
3.773000000000000000e+03 1.819274014728167743e-01
3.774000000000000000e+03 1.818249798323496869e-01
3.775000000000000000e+03 1.817554835891972975e-01
3.776000000000000000e+03 1.817186986941767002e-01
3.777000000000000000e+03 1.817138235887325037e-01
3.778000000000000000e+03 1.817395728838574476e-01
3.779000000000000000e+03 1.817943274461496783e-01
3.780000000000000000e+03 1.818763113641274076e-01
3.781000000000000000e+03 1.819837556387387534e-01
3.782000000000000000e+03 1.821149632370851479e-01
3.783000000000000000e+03 1.822682253980318079e-01
3.784000000000000000e+03 1.824416311873900964e-01
3.785000000000000000e+03 1.826328574189653164e-01
3.786000000000000000e+03 1.828389536788732894e-01
3.787000000000000000e+03 1.830561864606832512e-01
3.788000000000000000e+03 1.832799756813809910e-01
3.789000000000000000e+03 1.835048790321930356e-01
3.790000000000000000e+03 1.837246476889973501e-01
3.791000000000000000e+03 1.839323446227013326e-01
3.792000000000000000e+03 1.841205566704322560e-01
3.793000000000000000e+03 1.842816781237878176e-01
3.794000000000000000e+03 1.844083340727739329e-01
3.795000000000000000e+03 1.844939145089656285e-01
3.796000000000000000e+03 1.845331814460815512e-01
3.797000000000000000e+03 1.845228375965466128e-01
3.798000000000000000e+03 1.844619201149075294e-01
3.799000000000000000e+03 1.843519171950367408e-01
3.800000000000000000e+03 1.841965806466783206e-01
3.801000000000000000e+03 1.840014386440673444e-01
3.802000000000000000e+03 1.837731373478257990e-01
3.803000000000000000e+03 1.835187366065884618e-01
3.804000000000000000e+03 1.832451017300905094e-01
3.805000000000000000e+03 1.829583993721925483e-01
3.806000000000000000e+03 1.826637577661967549e-01
3.807000000000000000e+03 1.823651311344626214e-01
3.808000000000000000e+03 1.820653266447498086e-01
3.809000000000000000e+03 1.817662065537327121e-01
3.810000000000000000e+03 1.814689789436311207e-01
3.811000000000000000e+03 1.811745608450817946e-01
3.812000000000000000e+03 1.808839476244935018e-01
3.813000000000000000e+03 1.805985724720966801e-01
3.814000000000000000e+03 1.803206389476186833e-01
3.815000000000000000e+03 1.800533420823872410e-01
3.816000000000000000e+03 1.798009739717856825e-01
3.817000000000000000e+03 1.795688953859061465e-01
3.818000000000000000e+03 1.793632916483117734e-01
3.819000000000000000e+03 1.791908054875336886e-01
3.820000000000000000e+03 1.790580778759685299e-01
3.821000000000000000e+03 1.789712032938641506e-01
3.822000000000000000e+03 1.789352576691456143e-01
3.823000000000000000e+03 1.789538888881988532e-01
3.824000000000000000e+03 1.790290508917055379e-01
3.825000000000000000e+03 1.791608655044140685e-01
3.826000000000000000e+03 1.793476422570095818e-01
3.827000000000000000e+03 1.795860710108082570e-01
3.828000000000000000e+03 1.798715492332917665e-01
3.829000000000000000e+03 1.801985240234291186e-01
3.830000000000000000e+03 1.805608803984192212e-01
3.831000000000000000e+03 1.809522939110130846e-01
3.832000000000000000e+03 1.813665231079275575e-01
3.833000000000000000e+03 1.817975686422812764e-01
3.834000000000000000e+03 1.822397120756884537e-01
3.835000000000000000e+03 1.826874714584507675e-01
3.836000000000000000e+03 1.831355520224088318e-01
3.837000000000000000e+03 1.835788177117706754e-01
3.838000000000000000e+03 1.840123161041413713e-01
3.839000000000000000e+03 1.844313637373325154e-01
3.840000000000000000e+03 1.848317199799875965e-01
3.841000000000000000e+03 1.852097957640713444e-01
3.842000000000000000e+03 1.855629592889250778e-01
3.843000000000000000e+03 1.858898901285256644e-01
3.844000000000000000e+03 1.861908745896061201e-01
3.845000000000000000e+03 1.864679545211401224e-01
3.846000000000000000e+03 1.867247576163722500e-01
3.847000000000000000e+03 1.869659705062009514e-01
3.848000000000000000e+03 1.871965822304155480e-01
3.849000000000000000e+03 1.874210777324591959e-01
3.850000000000000000e+03 1.876428146982616896e-01
3.851000000000000000e+03 1.878636973237702290e-01
3.852000000000000000e+03 1.880841166856669355e-01
3.853000000000000000e+03 1.883030776732613210e-01
3.854000000000000000e+03 1.885185314190220840e-01
3.855000000000000000e+03 1.887278344257478646e-01
3.856000000000000000e+03 1.889282702419223525e-01
3.857000000000000000e+03 1.891175733481547661e-01
3.858000000000000000e+03 1.892944752885543647e-01
3.859000000000000000e+03 1.894591059958871671e-01
3.860000000000000000e+03 1.896131968539876700e-01
3.861000000000000000e+03 1.897600751551518361e-01
3.862000000000000000e+03 1.899043884272605121e-01
3.863000000000000000e+03 1.900516443692198965e-01
3.864000000000000000e+03 1.902076344729735080e-01
3.865000000000000000e+03 1.903778231497393059e-01
3.866000000000000000e+03 1.905668212017098961e-01
3.867000000000000000e+03 1.907780157464818716e-01
3.868000000000000000e+03 1.910134035959778487e-01
3.869000000000000000e+03 1.912736016466073941e-01
3.870000000000000000e+03 1.915580055705334850e-01
3.871000000000000000e+03 1.918649956004534474e-01
3.872000000000000000e+03 1.921921825330861200e-01
3.873000000000000000e+03 1.925365897420003303e-01
3.874000000000000000e+03 1.928947821297694876e-01
3.875000000000000000e+03 1.932629178706120054e-01
3.876000000000000000e+03 1.936368179027473380e-01
3.877000000000000000e+03 1.940120460017034920e-01
3.878000000000000000e+03 1.943840118440332554e-01
3.879000000000000000e+03 1.947481495382807071e-01
3.880000000000000000e+03 1.951001438064500215e-01
3.881000000000000000e+03 1.954361645091462485e-01
3.882000000000000000e+03 1.957531056875659869e-01
3.883000000000000000e+03 1.960487540119978389e-01
3.884000000000000000e+03 1.963218817416107487e-01
3.885000000000000000e+03 1.965721462725276147e-01
3.886000000000000000e+03 1.967999593374684941e-01
3.887000000000000000e+03 1.970062649299895718e-01
3.888000000000000000e+03 1.971923384710957960e-01
3.889000000000000000e+03 1.973596488973762275e-01
3.890000000000000000e+03 1.975098318678641940e-01
3.891000000000000000e+03 1.976447295733411991e-01
3.892000000000000000e+03 1.977664510496514871e-01
3.893000000000000000e+03 1.978773837778470268e-01
3.894000000000000000e+03 1.979801155494522180e-01
3.895000000000000000e+03 1.980772894167519005e-01
3.896000000000000000e+03 1.981714250742462879e-01
3.897000000000000000e+03 1.982647466186744367e-01
3.898000000000000000e+03 1.983590880875868989e-01
3.899000000000000000e+03 1.984558783661799497e-01
3.900000000000000000e+03 1.985561930616888127e-01
3.901000000000000000e+03 1.986608293856284291e-01
3.902000000000000000e+03 1.987703932298396092e-01
3.903000000000000000e+03 1.988853345249069204e-01
3.904000000000000000e+03 1.990059228095965027e-01
3.905000000000000000e+03 1.991321335821706340e-01
3.906000000000000000e+03 1.992634936849139726e-01
3.907000000000000000e+03 1.993989219021944925e-01
3.908000000000000000e+03 1.995366747270234109e-01
3.909000000000000000e+03 1.996744175202272431e-01
3.910000000000000000e+03 1.998093646632712883e-01
3.911000000000000000e+03 1.999384974017815175e-01
3.912000000000000000e+03 2.000587748056768811e-01
3.913000000000000000e+03 2.001673272942262605e-01
3.914000000000000000e+03 2.002615806355125538e-01
3.915000000000000000e+03 2.003393468040210734e-01
3.916000000000000000e+03 2.003989409338625682e-01
3.917000000000000000e+03 2.004393062782781065e-01
3.918000000000000000e+03 2.004601388963737074e-01
3.919000000000000000e+03 2.004619933605984172e-01
3.920000000000000000e+03 2.004463160846368386e-01
3.921000000000000000e+03 2.004153878871761663e-01
3.922000000000000000e+03 2.003721758217130722e-01
3.923000000000000000e+03 2.003201336301871915e-01
3.924000000000000000e+03 2.002630244114391722e-01
3.925000000000000000e+03 2.002048054764790364e-01
3.926000000000000000e+03 2.001495493239826007e-01
3.927000000000000000e+03 2.001014462628576407e-01
3.928000000000000000e+03 2.000647828285562757e-01
3.929000000000000000e+03 2.000439027688565574e-01
3.930000000000000000e+03 2.000431499498563914e-01
3.931000000000000000e+03 2.000668137989765061e-01
3.932000000000000000e+03 2.001190735237861063e-01
3.933000000000000000e+03 2.002040231830848060e-01
3.934000000000000000e+03 2.003256637648695992e-01
3.935000000000000000e+03 2.004878310835224997e-01
3.936000000000000000e+03 2.006940154337702453e-01
3.937000000000000000e+03 2.009471135355632154e-01
3.938000000000000000e+03 2.012491476514591815e-01
3.939000000000000000e+03 2.016009852980465422e-01
3.940000000000000000e+03 2.020021375286033538e-01
3.941000000000000000e+03 2.024506952072984423e-01
3.942000000000000000e+03 2.029433759935902470e-01
3.943000000000000000e+03 2.034756916572506846e-01
3.944000000000000000e+03 2.040421472390107349e-01
3.945000000000000000e+03 2.046364675332042471e-01
3.946000000000000000e+03 2.052518121879589041e-01
3.947000000000000000e+03 2.058809827707915041e-01
3.948000000000000000e+03 2.065166668273852035e-01
3.949000000000000000e+03 2.071517008043994856e-01
3.950000000000000000e+03 2.077793286074975931e-01
3.951000000000000000e+03 2.083933566089300748e-01
3.952000000000000000e+03 2.089882656436141961e-01
3.953000000000000000e+03 2.095592809000916268e-01
3.954000000000000000e+03 2.101024068180169235e-01
3.955000000000000000e+03 2.106144854937075928e-01
3.956000000000000000e+03 2.110932055238244898e-01
3.957000000000000000e+03 2.115370600785575483e-01
3.958000000000000000e+03 2.119451909915675003e-01
3.959000000000000000e+03 2.123171383764651532e-01
3.960000000000000000e+03 2.126525692732550155e-01
3.961000000000000000e+03 2.129510484105660018e-01
3.962000000000000000e+03 2.132118811434269012e-01
3.963000000000000000e+03 2.134341340222675742e-01
3.964000000000000000e+03 2.136168329663350463e-01
3.965000000000000000e+03 2.137592683880402133e-01
3.966000000000000000e+03 2.138613462156488954e-01
3.967000000000000000e+03 2.139239088869095418e-01
3.968000000000000000e+03 2.139489583853329269e-01
3.969000000000000000e+03 2.139396699029056936e-01
3.970000000000000000e+03 2.139002313793701149e-01
3.971000000000000000e+03 2.138355330407863131e-01
3.972000000000000000e+03 2.137507393106696796e-01
3.973000000000000000e+03 2.136508612423751730e-01
3.974000000000000000e+03 2.135403321521398556e-01
3.975000000000000000e+03 2.134226935688565419e-01
3.976000000000000000e+03 2.133003808015973557e-01
3.977000000000000000e+03 2.131746250389468522e-01
3.978000000000000000e+03 2.130454322200007466e-01
3.979000000000000000e+03 2.129116657897788256e-01
3.980000000000000000e+03 2.127712366545766731e-01
3.981000000000000000e+03 2.126214325825803164e-01
3.982000000000000000e+03 2.124593083682048689e-01
3.983000000000000000e+03 2.122821665818103998e-01
3.984000000000000000e+03 2.120880152052783685e-01
3.985000000000000000e+03 2.118759472708210967e-01
3.986000000000000000e+03 2.116463433482294043e-01
3.987000000000000000e+03 2.114009044598519349e-01
3.988000000000000000e+03 2.111424925605158431e-01
3.989000000000000000e+03 2.108748176030518229e-01
3.990000000000000000e+03 2.106020287074417685e-01
3.991000000000000000e+03 2.103282657201722416e-01
3.992000000000000000e+03 2.100572341555452804e-01
3.993000000000000000e+03 2.097918736955027286e-01
3.994000000000000000e+03 2.095341699797937107e-01
3.995000000000000000e+03 2.092850839554294684e-01
3.996000000000000000e+03 2.090446268785265405e-01
3.997000000000000000e+03 2.088120708882878762e-01
3.998000000000000000e+03 2.085862478777896212e-01
3.999000000000000000e+03 2.083659153135150599e-01
4.000000000000000000e+03 2.081500942768639839e-01
4.001000000000000000e+03 2.079383380817670934e-01
4.002000000000000000e+03 2.077308891476560837e-01
4.003000000000000000e+03 2.075287113437963016e-01
4.004000000000000000e+03 2.073333490818516922e-01
4.005000000000000000e+03 2.071466414018859892e-01
4.006000000000000000e+03 2.069704054219915768e-01
4.007000000000000000e+03 2.068061017034647509e-01
4.008000000000000000e+03 2.066545904434940462e-01
4.009000000000000000e+03 2.065160189529165746e-01
4.010000000000000000e+03 2.063898596102032856e-01
4.011000000000000000e+03 2.062750541937006798e-01
4.012000000000000000e+03 2.061701757240754218e-01
4.013000000000000000e+03 2.060736004303607150e-01
4.014000000000000000e+03 2.059837011261865247e-01
4.015000000000000000e+03 2.058989357642670159e-01
4.016000000000000000e+03 2.058179601699008932e-01
4.017000000000000000e+03 2.057397241525472653e-01
4.018000000000000000e+03 2.056635020143530723e-01
4.019000000000000000e+03 2.055888907571197799e-01
4.020000000000000000e+03 2.055157953210890454e-01
4.021000000000000000e+03 2.054443725983184921e-01
4.022000000000000000e+03 2.053749942818179075e-01
4.023000000000000000e+03 2.053082743469231142e-01
4.024000000000000000e+03 2.052451204732413936e-01
4.025000000000000000e+03 2.051867467315272586e-01
4.026000000000000000e+03 2.051346599338200738e-01
4.027000000000000000e+03 2.050905398823862913e-01
4.028000000000000000e+03 2.050559842127099297e-01
4.029000000000000000e+03 2.050321769618314027e-01
4.030000000000000000e+03 2.050195727760936171e-01
4.031000000000000000e+03 2.050176240862016108e-01
4.032000000000000000e+03 2.050246191097447324e-01
4.033000000000000000e+03 2.050376096061041209e-01
4.034000000000000000e+03 2.050524085650866357e-01
4.035000000000000000e+03 2.050637117754727234e-01
4.036000000000000000e+03 2.050652616944889650e-01
4.037000000000000000e+03 2.050500339697670094e-01
4.038000000000000000e+03 2.050104924531032935e-01
4.039000000000000000e+03 2.049388314429835267e-01
4.040000000000000000e+03 2.048272808599433392e-01
4.041000000000000000e+03 2.046685049773950826e-01
4.042000000000000000e+03 2.044561058648116103e-01
4.043000000000000000e+03 2.041852078697172224e-01
4.044000000000000000e+03 2.038530705757150008e-01
4.045000000000000000e+03 2.034595560295434369e-01
4.046000000000000000e+03 2.030073128069199151e-01
4.047000000000000000e+03 2.025015972033195055e-01
4.048000000000000000e+03 2.019498288169612188e-01
4.049000000000000000e+03 2.013608739153182059e-01
4.050000000000000000e+03 2.007442595144789677e-01
4.051000000000000000e+03 2.001094342115749269e-01
4.052000000000000000e+03 1.994651517025768928e-01
4.053000000000000000e+03 1.988190729660107292e-01
4.054000000000000000e+03 1.981776179785981751e-01
4.055000000000000000e+03 1.975460192050648711e-01
4.056000000000000000e+03 1.969285962262153633e-01
4.057000000000000000e+03 1.963290301626063328e-01
4.058000000000000000e+03 1.957506032364715876e-01
4.059000000000000000e+03 1.951962925521502912e-01
4.060000000000000000e+03 1.946687036415123417e-01
4.061000000000000000e+03 1.941699427828781910e-01
4.062000000000000000e+03 1.937015394100854437e-01
4.063000000000000000e+03 1.932644364456782560e-01
4.064000000000000000e+03 1.928590789842020703e-01
4.065000000000000000e+03 1.924855814544502997e-01
4.066000000000000000e+03 1.921439415490252545e-01
4.067000000000000000e+03 1.918342649203481631e-01
4.068000000000000000e+03 1.915569750243319436e-01
4.069000000000000000e+03 1.913129541494338615e-01
4.070000000000000000e+03 1.911035851198150670e-01
4.071000000000000000e+03 1.909306821583842129e-01
4.072000000000000000e+03 1.907963391782849794e-01
4.073000000000000000e+03 1.907026713427533715e-01
4.074000000000000000e+03 1.906515777073944928e-01
4.075000000000000000e+03 1.906445444800353162e-01
4.076000000000000000e+03 1.906825414039804711e-01
4.077000000000000000e+03 1.907660294984631077e-01
4.078000000000000000e+03 1.908950072465921965e-01
4.079000000000000000e+03 1.910690331852883395e-01
4.080000000000000000e+03 1.912872091861337887e-01
4.081000000000000000e+03 1.915480303555270603e-01
4.082000000000000000e+03 1.918491846547230317e-01
4.083000000000000000e+03 1.921873433462568947e-01
4.084000000000000000e+03 1.925580068665741218e-01
4.085000000000000000e+03 1.929554779054114266e-01
4.086000000000000000e+03 1.933729448806896789e-01
4.087000000000000000e+03 1.938026567405187195e-01
4.088000000000000000e+03 1.942361662949564360e-01
4.089000000000000000e+03 1.946646504862123706e-01
4.090000000000000000e+03 1.950793069346823116e-01
4.091000000000000000e+03 1.954718490798038055e-01
4.092000000000000000e+03 1.958350744346031291e-01
4.093000000000000000e+03 1.961634167503344406e-01
4.094000000000000000e+03 1.964533542900833429e-01
4.095000000000000000e+03 1.967036022763919423e-01
4.096000000000000000e+03 1.969150049636213540e-01
4.097000000000000000e+03 1.970901118033831223e-01
4.098000000000000000e+03 1.972325946121130102e-01
4.099000000000000000e+03 1.973465961469591246e-01
4.100000000000000000e+03 1.974360603160836281e-01
4.101000000000000000e+03 1.975042197476701289e-01
4.102000000000000000e+03 1.975532901955504572e-01
4.103000000000000000e+03 1.975843943325645835e-01
4.104000000000000000e+03 1.975977405331337811e-01
4.105000000000000000e+03 1.975929606989302034e-01
4.106000000000000000e+03 1.975695981997298012e-01
4.107000000000000000e+03 1.975276113894618435e-01
4.108000000000000000e+03 1.974677786805442148e-01
4.109000000000000000e+03 1.973920039880532329e-01
4.110000000000000000e+03 1.973034102779544496e-01
4.111000000000000000e+03 1.972061819839937002e-01
4.112000000000000000e+03 1.971052103255513388e-01
4.113000000000000000e+03 1.970055527705783516e-01
4.114000000000000000e+03 1.969118195173075458e-01
4.115000000000000000e+03 1.968276020592304720e-01
4.116000000000000000e+03 1.967550273453274601e-01
4.117000000000000000e+03 1.966945200831963780e-01
4.118000000000000000e+03 1.966448175342813964e-01
4.119000000000000000e+03 1.966031825897779917e-01
4.120000000000000000e+03 1.965657451185390814e-01
4.121000000000000000e+03 1.965279657458374740e-01
4.122000000000000000e+03 1.964851043740137304e-01
4.123000000000000000e+03 1.964326126628203051e-01
4.124000000000000000e+03 1.963664500218798292e-01
4.125000000000000000e+03 1.962833433397727645e-01
4.126000000000000000e+03 1.961809495534971304e-01
4.127000000000000000e+03 1.960579966350553538e-01
4.128000000000000000e+03 1.959143828205959781e-01
4.129000000000000000e+03 1.957512900429713709e-01
4.130000000000000000e+03 1.955711814844195429e-01
4.131000000000000000e+03 1.953776113102168865e-01
4.132000000000000000e+03 1.951749043301567177e-01
4.133000000000000000e+03 1.949676833070432824e-01
4.134000000000000000e+03 1.947603607099067380e-01
4.135000000000000000e+03 1.945566817182864394e-01
4.136000000000000000e+03 1.943593542071901936e-01
4.137000000000000000e+03 1.941697740671874117e-01
4.138000000000000000e+03 1.939878524914500080e-01
4.139000000000000000e+03 1.938119777349818773e-01
4.140000000000000000e+03 1.936391282984303019e-01
4.141000000000000000e+03 1.934651652334430649e-01
4.142000000000000000e+03 1.932853448180249512e-01
4.143000000000000000e+03 1.930949784493437849e-01
4.144000000000000000e+03 1.928901737391420235e-01
4.145000000000000000e+03 1.926685483360713047e-01
4.146000000000000000e+03 1.924297848687814838e-01
4.147000000000000000e+03 1.921759648221081918e-01
4.148000000000000000e+03 1.919116140771103263e-01
4.149000000000000000e+03 1.916434612402129756e-01
4.150000000000000000e+03 1.913799609151053960e-01
4.151000000000000000e+03 1.911306893001707141e-01
4.152000000000000000e+03 1.909056100806473255e-01
4.153000000000000000e+03 1.907143506188231086e-01
4.154000000000000000e+03 1.905654994873817176e-01
4.155000000000000000e+03 1.904659730751776525e-01
4.156000000000000000e+03 1.904205588165870933e-01
4.157000000000000000e+03 1.904315766486414929e-01
4.158000000000000000e+03 1.904987490524883698e-01
4.159000000000000000e+03 1.906193032421043543e-01
4.160000000000000000e+03 1.907882917857081084e-01
4.161000000000000000e+03 1.909990259964226278e-01
4.162000000000000000e+03 1.912435343916545627e-01
4.163000000000000000e+03 1.915129958271272470e-01
4.164000000000000000e+03 1.917980829901148598e-01
4.165000000000000000e+03 1.920892543614146075e-01
4.166000000000000000e+03 1.923770430585731162e-01
4.167000000000000000e+03 1.926523735545801475e-01
4.168000000000000000e+03 1.929069414485188316e-01
4.169000000000000000e+03 1.931335994008423762e-01
4.170000000000000000e+03 1.933267188635853784e-01
4.171000000000000000e+03 1.934824979301321690e-01
4.172000000000000000e+03 1.935991620007296299e-01
4.173000000000000000e+03 1.936770040820682548e-01
4.174000000000000000e+03 1.937182077608463338e-01
4.175000000000000000e+03 1.937265197252792670e-01
4.176000000000000000e+03 1.937067752363766937e-01
4.177000000000000000e+03 1.936643490023656489e-01
4.178000000000000000e+03 1.936046818510826772e-01
4.179000000000000000e+03 1.935328963370595290e-01
4.180000000000000000e+03 1.934535617401626217e-01
4.181000000000000000e+03 1.933706173453632049e-01
4.182000000000000000e+03 1.932873544344025363e-01
4.183000000000000000e+03 1.932063965715477283e-01
4.184000000000000000e+03 1.931296512778892249e-01
4.185000000000000000e+03 1.930582199712017055e-01
4.186000000000000000e+03 1.929922750238343976e-01
4.187000000000000000e+03 1.929310434321554191e-01
4.188000000000000000e+03 1.928728427879560781e-01
4.189000000000000000e+03 1.928152656239026652e-01
4.190000000000000000e+03 1.927554712638267220e-01
4.191000000000000000e+03 1.926905517398335155e-01
4.192000000000000000e+03 1.926178868309831593e-01
4.193000000000000000e+03 1.925353902329165479e-01
4.194000000000000000e+03 1.924416058242348071e-01
4.195000000000000000e+03 1.923357472915053767e-01
4.196000000000000000e+03 1.922176584534676658e-01
4.197000000000000000e+03 1.920877453100097720e-01
4.198000000000000000e+03 1.919468687678202723e-01
4.199000000000000000e+03 1.917962606860333097e-01
4.200000000000000000e+03 1.916374591611021416e-01
4.201000000000000000e+03 1.914721974390708459e-01
4.202000000000000000e+03 1.913023421068529850e-01
4.203000000000000000e+03 1.911298074865739882e-01
4.204000000000000000e+03 1.909563591979134278e-01
4.205000000000000000e+03 1.907833853631878962e-01
4.206000000000000000e+03 1.906116227187746315e-01
4.207000000000000000e+03 1.904409088495913893e-01
4.208000000000000000e+03 1.902701306795047675e-01
4.209000000000000000e+03 1.900973324458830049e-01
4.210000000000000000e+03 1.899200051693048508e-01
4.211000000000000000e+03 1.897355929934612939e-01
4.212000000000000000e+03 1.895421479088036376e-01
4.213000000000000000e+03 1.893390242971537130e-01
4.214000000000000000e+03 1.891275018338226532e-01
4.215000000000000000e+03 1.889111619686707766e-01
4.216000000000000000e+03 1.886957863749267883e-01
4.217000000000000000e+03 1.884887151832351782e-01
4.218000000000000000e+03 1.882978202141257218e-01
4.219000000000000000e+03 1.881304680184431866e-01
4.220000000000000000e+03 1.879926820452480496e-01
4.221000000000000000e+03 1.878886304156643650e-01
4.222000000000000000e+03 1.878204420914718620e-01
4.223000000000000000e+03 1.877882663204147318e-01
4.224000000000000000e+03 1.877904569610831520e-01
4.225000000000000000e+03 1.878238379549241888e-01
4.226000000000000000e+03 1.878840761830937456e-01
4.227000000000000000e+03 1.879661396413060404e-01
4.228000000000000000e+03 1.880648089819433322e-01
4.229000000000000000e+03 1.881751957457170887e-01
4.230000000000000000e+03 1.882931402999188653e-01
4.231000000000000000e+03 1.884155164266588800e-01
4.232000000000000000e+03 1.885402894166320897e-01
4.233000000000000000e+03 1.886663758011400960e-01
4.234000000000000000e+03 1.887933995541805632e-01
4.235000000000000000e+03 1.889213766723531474e-01
4.236000000000000000e+03 1.890503869708032580e-01
4.237000000000000000e+03 1.891802465434839486e-01
4.238000000000000000e+03 1.893102835612980317e-01
4.239000000000000000e+03 1.894392089472428931e-01
4.240000000000000000e+03 1.895651763931808509e-01
4.241000000000000000e+03 1.896860126546189573e-01
4.242000000000000000e+03 1.897996233986078141e-01
4.243000000000000000e+03 1.899045027272886488e-01
4.244000000000000000e+03 1.900001322026981798e-01
4.245000000000000000e+03 1.900871403513655356e-01
4.246000000000000000e+03 1.901671317021364771e-01
4.247000000000000000e+03 1.902423017314292530e-01
4.248000000000000000e+03 1.903149510237611697e-01
4.249000000000000000e+03 1.903871121151124168e-01
4.250000000000000000e+03 1.904603810281909337e-01
4.251000000000000000e+03 1.905360306075387089e-01
4.252000000000000000e+03 1.906153326689328520e-01
4.253000000000000000e+03 1.906999570996629478e-01
4.254000000000000000e+03 1.907923697674595021e-01
4.255000000000000000e+03 1.908961099781973370e-01
4.256000000000000000e+03 1.910158516571479614e-01
4.257000000000000000e+03 1.911572059820245972e-01
4.258000000000000000e+03 1.913262924127056008e-01
4.259000000000000000e+03 1.915291756296464420e-01
4.260000000000000000e+03 1.917712829548877118e-01
4.261000000000000000e+03 1.920569077511391498e-01
4.262000000000000000e+03 1.923889161083057742e-01
4.263000000000000000e+03 1.927686475619518336e-01
4.264000000000000000e+03 1.931960138820277006e-01
4.265000000000000000e+03 1.936697048913756936e-01
4.266000000000000000e+03 1.941874335894689663e-01
4.267000000000000000e+03 1.947462111039443000e-01
4.268000000000000000e+03 1.953425717925312555e-01
4.269000000000000000e+03 1.959727599987214075e-01
4.270000000000000000e+03 1.966328078359993181e-01
4.271000000000000000e+03 1.973185606079351229e-01
4.272000000000000000e+03 1.980256039309915561e-01
4.273000000000000000e+03 1.987492263540485971e-01
4.274000000000000000e+03 1.994843703162317294e-01
4.275000000000000000e+03 2.002256761901329840e-01
4.276000000000000000e+03 2.009676721902225460e-01
4.277000000000000000e+03 2.017050956061189337e-01
4.278000000000000000e+03 2.024333020932552463e-01
4.279000000000000000e+03 2.031486376281135542e-01
4.280000000000000000e+03 2.038487017314422334e-01
4.281000000000000000e+03 2.045324552435762167e-01
4.282000000000000000e+03 2.052001370490019738e-01
4.283000000000000000e+03 2.058530454523913866e-01
4.284000000000000000e+03 2.064932086173065784e-01
4.285000000000000000e+03 2.071230307179233732e-01
4.286000000000000000e+03 2.077450065366469034e-01
4.287000000000000000e+03 2.083614813463108284e-01
4.288000000000000000e+03 2.089744794958396379e-01
4.289000000000000000e+03 2.095856274096772887e-01
4.290000000000000000e+03 2.101961174696843626e-01
4.291000000000000000e+03 2.108066988388407337e-01
4.292000000000000000e+03 2.114176773053382252e-01
4.293000000000000000e+03 2.120289188445935724e-01
4.294000000000000000e+03 2.126398377046934129e-01
4.295000000000000000e+03 2.132493480858707602e-01
4.296000000000000000e+03 2.138558162307492294e-01
4.297000000000000000e+03 2.144570009236744235e-01
4.298000000000000000e+03 2.150500474368265413e-01
4.299000000000000000e+03 2.156315886304573382e-01
4.300000000000000000e+03 2.161980081678961385e-01
4.301000000000000000e+03 2.167458322049163055e-01
4.302000000000000000e+03 2.172721805587295996e-01
4.303000000000000000e+03 2.177751508565544392e-01
4.304000000000000000e+03 2.182539885695606863e-01
4.305000000000000000e+03 2.187089251418871949e-01
4.306000000000000000e+03 2.191407339599197313e-01
4.307000000000000000e+03 2.195501804955890535e-01
4.308000000000000000e+03 2.199375473724645425e-01
4.309000000000000000e+03 2.203023387920471921e-01
4.310000000000000000e+03 2.206432319484215032e-01
4.311000000000000000e+03 2.209582457221203056e-01
4.312000000000000000e+03 2.212450580309372195e-01
4.313000000000000000e+03 2.215013586261360412e-01
4.314000000000000000e+03 2.217251460701820387e-01
4.315000000000000000e+03 2.219149026784427159e-01
4.316000000000000000e+03 2.220696582081393977e-01
4.317000000000000000e+03 2.221890326038970243e-01
4.318000000000000000e+03 2.222733397554147727e-01
4.319000000000000000e+03 2.223237658678996476e-01
4.320000000000000000e+03 2.223424595177039276e-01
4.321000000000000000e+03 2.223324740527816146e-01
4.322000000000000000e+03 2.222974629780564149e-01
4.323000000000000000e+03 2.222411407838104369e-01
4.324000000000000000e+03 2.221667295818923749e-01
4.325000000000000000e+03 2.220764775301849459e-01
4.326000000000000000e+03 2.219713055694758352e-01
4.327000000000000000e+03 2.218506905290202336e-01
4.328000000000000000e+03 2.217126237419051737e-01
4.329000000000000000e+03 2.215537615476112221e-01
4.330000000000000000e+03 2.213696962286272329e-01
4.331000000000000000e+03 2.211553733572825531e-01
4.332000000000000000e+03 2.209055899704029935e-01
4.333000000000000000e+03 2.206155209414397689e-01
4.334000000000000000e+03 2.202811578084495070e-01
4.335000000000000000e+03 2.198996635288418267e-01
4.336000000000000000e+03 2.194696304617834715e-01
4.337000000000000000e+03 2.189912304932059572e-01
4.338000000000000000e+03 2.184664098608591898e-01
4.339000000000000000e+03 2.178990217424860432e-01
4.340000000000000000e+03 2.172948788454882874e-01
4.341000000000000000e+03 2.166616657018574643e-01
4.342000000000000000e+03 2.160086439565337135e-01
4.343000000000000000e+03 2.153462212308299706e-01
4.344000000000000000e+03 2.146854414495626973e-01
4.345000000000000000e+03 2.140374463167958041e-01
4.346000000000000000e+03 2.134129778084948859e-01
4.347000000000000000e+03 2.128219127641386987e-01
4.348000000000000000e+03 2.122729211733028754e-01
4.349000000000000000e+03 2.117732205217217056e-01
4.350000000000000000e+03 2.113284388327700269e-01
4.351000000000000000e+03 2.109426443335325474e-01
4.352000000000000000e+03 2.106185626187034310e-01
4.353000000000000000e+03 2.103578366703955371e-01
4.354000000000000000e+03 2.101613593587101647e-01
4.355000000000000000e+03 2.100294992039920539e-01
4.356000000000000000e+03 2.099621935854774635e-01
4.357000000000000000e+03 2.099589190660911264e-01
4.358000000000000000e+03 2.100185487077032565e-01
4.359000000000000000e+03 2.101391631604238031e-01
4.360000000000000000e+03 2.103178415336274809e-01
4.361000000000000000e+03 2.105504660594474386e-01
4.362000000000000000e+03 2.108315785714819368e-01
4.363000000000000000e+03 2.111543268449075084e-01
4.364000000000000000e+03 2.115104938680489599e-01
4.365000000000000000e+03 2.118906829355914900e-01
4.366000000000000000e+03 2.122847087989661041e-01
4.367000000000000000e+03 2.126822036944381322e-01
4.368000000000000000e+03 2.130733400419067558e-01
4.369000000000000000e+03 2.134495605662097284e-01
4.370000000000000000e+03 2.138042120143647806e-01
4.371000000000000000e+03 2.141329043399332333e-01
4.372000000000000000e+03 2.144334464998272904e-01
4.373000000000000000e+03 2.147054031959224896e-01
4.374000000000000000e+03 2.149493368542600980e-01
4.375000000000000000e+03 2.151660033663135574e-01
4.376000000000000000e+03 2.153557298069926351e-01
4.377000000000000000e+03 2.155181032212764303e-01
4.378000000000000000e+03 2.156520181537522063e-01
4.379000000000000000e+03 2.157559557549359464e-01
4.380000000000000000e+03 2.158283628864944848e-01
4.381000000000000000e+03 2.158679331142691615e-01
4.382000000000000000e+03 2.158737027135185782e-01
4.383000000000000000e+03 2.158449523277307658e-01
4.384000000000000000e+03 2.157810150858436304e-01
4.385000000000000000e+03 2.156810699698508138e-01
4.386000000000000000e+03 2.155440331331655024e-01
4.387000000000000000e+03 2.153685730086097316e-01
4.388000000000000000e+03 2.151533590007138064e-01
4.389000000000000000e+03 2.148975178827772781e-01
4.390000000000000000e+03 2.146011537059187568e-01
4.391000000000000000e+03 2.142658200721221651e-01
4.392000000000000000e+03 2.138947809341398276e-01
4.393000000000000000e+03 2.134928900362406123e-01
4.394000000000000000e+03 2.130661407748083436e-01
4.395000000000000000e+03 2.126210341903723156e-01
4.396000000000000000e+03 2.121639834890743925e-01
4.397000000000000000e+03 2.117008610244618949e-01
4.398000000000000000e+03 2.112366650781796751e-01
4.399000000000000000e+03 2.107752413078619047e-01
4.400000000000000000e+03 2.103190430174726733e-01
4.401000000000000000e+03 2.098689034416249266e-01
4.402000000000000000e+03 2.094238817493916105e-01
4.403000000000000000e+03 2.089813152896515813e-01
4.404000000000000000e+03 2.085370401034756238e-01
4.405000000000000000e+03 2.080858374741705041e-01
4.406000000000000000e+03 2.076219655636079853e-01
4.407000000000000000e+03 2.071397565389162254e-01
4.408000000000000000e+03 2.066341699842221546e-01
4.409000000000000000e+03 2.061012754495727128e-01
4.410000000000000000e+03 2.055385980364831944e-01
4.411000000000000000e+03 2.049452912154459128e-01
4.412000000000000000e+03 2.043221714411525280e-01
4.413000000000000000e+03 2.036716431052545406e-01
4.414000000000000000e+03 2.029974756660627988e-01
4.415000000000000000e+03 2.023045342820234960e-01
4.416000000000000000e+03 2.015984568304824420e-01
4.417000000000000000e+03 2.008852811580304210e-01
4.418000000000000000e+03 2.001710342122244857e-01
4.419000000000000000e+03 1.994613435250719990e-01
4.420000000000000000e+03 1.987610670820886549e-01
4.421000000000000000e+03 1.980740020374956167e-01
4.422000000000000000e+03 1.974026764352565244e-01
4.423000000000000000e+03 1.967482421283739402e-01
4.424000000000000000e+03 1.961105726050338116e-01
4.425000000000000000e+03 1.954884704552750097e-01
4.426000000000000000e+03 1.948799746805515154e-01
4.427000000000000000e+03 1.942827392553997390e-01
4.428000000000000000e+03 1.936943982758524418e-01
4.429000000000000000e+03 1.931128495644177101e-01
4.430000000000000000e+03 1.925364884672383092e-01
4.431000000000000000e+03 1.919643147529006000e-01
4.432000000000000000e+03 1.913959809469180651e-01
4.433000000000000000e+03 1.908317470562040374e-01
4.434000000000000000e+03 1.902724023692373700e-01
4.435000000000000000e+03 1.897191120224659411e-01
4.436000000000000000e+03 1.891732675048692358e-01
4.437000000000000000e+03 1.886362635699730950e-01
4.438000000000000000e+03 1.881092574345304691e-01
4.439000000000000000e+03 1.875929795107540710e-01
4.440000000000000000e+03 1.870876041695423986e-01
4.441000000000000000e+03 1.865927675974657363e-01
4.442000000000000000e+03 1.861077452331678095e-01
4.443000000000000000e+03 1.856317510856321240e-01
4.444000000000000000e+03 1.851642149253547309e-01
4.445000000000000000e+03 1.847050416886040214e-01
4.446000000000000000e+03 1.842547765352102185e-01
4.447000000000000000e+03 1.838146173051787569e-01
4.448000000000000000e+03 1.833863060802255751e-01
4.449000000000000000e+03 1.829719681208618054e-01
4.450000000000000000e+03 1.825738933797281804e-01
4.451000000000000000e+03 1.821943231996062673e-01
4.452000000000000000e+03 1.818352177498344657e-01
4.453000000000000000e+03 1.814981027141075454e-01
4.454000000000000000e+03 1.811839744690734721e-01
4.455000000000000000e+03 1.808932701630420192e-01
4.456000000000000000e+03 1.806258783905009824e-01
4.457000000000000000e+03 1.803811624283911952e-01
4.458000000000000000e+03 1.801579976004894224e-01
4.459000000000000000e+03 1.799548330452939160e-01
4.460000000000000000e+03 1.797697456322570886e-01
4.461000000000000000e+03 1.796004556537895702e-01
4.462000000000000000e+03 1.794443260689363440e-01
4.463000000000000000e+03 1.792983605495330757e-01
4.464000000000000000e+03 1.791591930404773381e-01
4.465000000000000000e+03 1.790230942002044023e-01
4.466000000000000000e+03 1.788860301285311871e-01
4.467000000000000000e+03 1.787437733880024027e-01
4.468000000000000000e+03 1.785920889214686058e-01
4.469000000000000000e+03 1.784269990838351916e-01
4.470000000000000000e+03 1.782451319760196273e-01
4.471000000000000000e+03 1.780440955475017240e-01
4.472000000000000000e+03 1.778229012817362509e-01
4.473000000000000000e+03 1.775822801030293441e-01
4.474000000000000000e+03 1.773248767064088682e-01
4.475000000000000000e+03 1.770552368082833616e-01
4.476000000000000000e+03 1.767795097697997253e-01
4.477000000000000000e+03 1.765048493732740975e-01
4.478000000000000000e+03 1.762386565354338575e-01
4.479000000000000000e+03 1.759877388490932448e-01
4.480000000000000000e+03 1.757575907474114296e-01
4.481000000000000000e+03 1.755519295532823598e-01
4.482000000000000000e+03 1.753725347115678845e-01
4.483000000000000000e+03 1.752193789514756017e-01
4.484000000000000000e+03 1.750910230104043008e-01
4.485000000000000000e+03 1.749850965089848331e-01
4.486000000000000000e+03 1.748988330899085841e-01
4.487000000000000000e+03 1.748295195922596190e-01
4.488000000000000000e+03 1.747748003371324688e-01
4.489000000000000000e+03 1.747328497059704999e-01
4.490000000000000000e+03 1.747024180345468358e-01
4.491000000000000000e+03 1.746827500611659034e-01
4.492000000000000000e+03 1.746734555473476447e-01
4.493000000000000000e+03 1.746743719201312994e-01
4.494000000000000000e+03 1.746853927633658377e-01
4.495000000000000000e+03 1.747063793829800593e-01
4.496000000000000000e+03 1.747370881415480914e-01
4.497000000000000000e+03 1.747771614156013453e-01
4.498000000000000000e+03 1.748261576216325330e-01
4.499000000000000000e+03 1.748835897774081438e-01
4.500000000000000000e+03 1.749489442459154498e-01
4.501000000000000000e+03 1.750216350351662675e-01
4.502000000000000000e+03 1.751009637520090367e-01
4.503000000000000000e+03 1.751860867306533343e-01
4.504000000000000000e+03 1.752760380328948764e-01
4.505000000000000000e+03 1.753698366540546449e-01
4.506000000000000000e+03 1.754666764070882956e-01
4.507000000000000000e+03 1.755661397646043342e-01
4.508000000000000000e+03 1.756683768363016818e-01
4.509000000000000000e+03 1.757742205639555022e-01
4.510000000000000000e+03 1.758852254534139792e-01
4.511000000000000000e+03 1.760035911877784187e-01
4.512000000000000000e+03 1.761320378195297409e-01
4.513000000000000000e+03 1.762735706169077377e-01
4.514000000000000000e+03 1.764312410006226850e-01
4.515000000000000000e+03 1.766078997966116226e-01
4.516000000000000000e+03 1.768059586816239648e-01
4.517000000000000000e+03 1.770272434816763107e-01
4.518000000000000000e+03 1.772729350223939404e-01
4.519000000000000000e+03 1.775435816452973492e-01
4.520000000000000000e+03 1.778391834414416728e-01
4.521000000000000000e+03 1.781593370099386064e-01
4.522000000000000000e+03 1.785033595299929665e-01
4.523000000000000000e+03 1.788703871883633445e-01
4.524000000000000000e+03 1.792594399420996965e-01
4.525000000000000000e+03 1.796694312893967194e-01
4.526000000000000000e+03 1.800990866312241756e-01
4.527000000000000000e+03 1.805468332068006221e-01
4.528000000000000000e+03 1.810106376188353183e-01
4.529000000000000000e+03 1.814878693458093495e-01
4.530000000000000000e+03 1.819752160308039102e-01
4.531000000000000000e+03 1.824686206304917124e-01
4.532000000000000000e+03 1.829632963770965459e-01
4.533000000000000000e+03 1.834538460213464561e-01
4.534000000000000000e+03 1.839344417883015947e-01
4.535000000000000000e+03 1.843991106123659685e-01
4.536000000000000000e+03 1.848421058052457933e-01
4.537000000000000000e+03 1.852583265901436571e-01
4.538000000000000000e+03 1.856437275116802343e-01
4.539000000000000000e+03 1.859956208150280732e-01
4.540000000000000000e+03 1.863127814166877783e-01
4.541000000000000000e+03 1.865953253551722035e-01
4.542000000000000000e+03 1.868443669640339477e-01
4.543000000000000000e+03 1.870615370718989035e-01
4.544000000000000000e+03 1.872484816539357055e-01
4.545000000000000000e+03 1.874063976679493093e-01
4.546000000000000000e+03 1.875356908525302735e-01
4.547000000000000000e+03 1.876357902767406827e-01
4.548000000000000000e+03 1.877051422372991718e-01
4.549000000000000000e+03 1.877414159184010722e-01
4.550000000000000000e+03 1.877418618483651103e-01
4.551000000000000000e+03 1.877037179661266708e-01
4.552000000000000000e+03 1.876246206155045837e-01
4.553000000000000000e+03 1.875028780687351959e-01
4.554000000000000000e+03 1.873376007077196814e-01
4.555000000000000000e+03 1.871287072506269966e-01
4.556000000000000000e+03 1.868768923995507425e-01
4.557000000000000000e+03 1.865835540873941045e-01
4.558000000000000000e+03 1.862507833182315831e-01
4.559000000000000000e+03 1.858814672473725893e-01
4.560000000000000000e+03 1.854793515262029291e-01
4.561000000000000000e+03 1.850491468622834368e-01
4.562000000000000000e+03 1.845965549899838132e-01
4.563000000000000000e+03 1.841281709770715147e-01
4.564000000000000000e+03 1.836512215445592899e-01
4.565000000000000000e+03 1.831731431156611856e-01
4.566000000000000000e+03 1.827010286744893686e-01
4.567000000000000000e+03 1.822410943659125704e-01
4.568000000000000000e+03 1.817982540754601306e-01
4.569000000000000000e+03 1.813759398517691690e-01
4.570000000000000000e+03 1.809761266974987681e-01
4.571000000000000000e+03 1.805995679988384173e-01
4.572000000000000000e+03 1.802461704371732532e-01
4.573000000000000000e+03 1.799153361789500583e-01
4.574000000000000000e+03 1.796062262410525467e-01
4.575000000000000000e+03 1.793178807707235256e-01
4.576000000000000000e+03 1.790492264263087718e-01
4.577000000000000000e+03 1.787990325076419529e-01
4.578000000000000000e+03 1.785658661236276812e-01
4.579000000000000000e+03 1.783480733501107418e-01
4.580000000000000000e+03 1.781437855787992297e-01
4.581000000000000000e+03 1.779509577418134092e-01
4.582000000000000000e+03 1.777673838214153257e-01
4.583000000000000000e+03 1.775907486991121775e-01
4.584000000000000000e+03 1.774187105773939732e-01
4.585000000000000000e+03 1.772490524512467525e-01
4.586000000000000000e+03 1.770799353480355942e-01
4.587000000000000000e+03 1.769102167277888105e-01
4.588000000000000000e+03 1.767397418893636996e-01
4.589000000000000000e+03 1.765694859241820347e-01
4.590000000000000000e+03 1.764015629933637919e-01
4.591000000000000000e+03 1.762390270613136134e-01
4.592000000000000000e+03 1.760855098698519139e-01
4.593000000000000000e+03 1.759448363394056081e-01
4.594000000000000000e+03 1.758206400888935317e-01
4.595000000000000000e+03 1.757160548062480787e-01
4.596000000000000000e+03 1.756335993287057029e-01
4.597000000000000000e+03 1.755751856042449544e-01
4.598000000000000000e+03 1.755422391189797870e-01
4.599000000000000000e+03 1.755358749463286627e-01
4.600000000000000000e+03 1.755570508704851207e-01
4.601000000000000000e+03 1.756066149951597266e-01
4.602000000000000000e+03 1.756852248185836185e-01
4.603000000000000000e+03 1.757931607847454947e-01
4.604000000000000000e+03 1.759300807490178364e-01
4.605000000000000000e+03 1.760948435655724231e-01
4.606000000000000000e+03 1.762854591572234897e-01
4.607000000000000000e+03 1.764991539894768258e-01
4.608000000000000000e+03 1.767325962572339759e-01
4.609000000000000000e+03 1.769822912018788330e-01
4.610000000000000000e+03 1.772451335576067377e-01
4.611000000000000000e+03 1.775190248508379531e-01
4.612000000000000000e+03 1.778034977017868834e-01
4.613000000000000000e+03 1.781001427965989981e-01
4.614000000000000000e+03 1.784126903094100380e-01
4.615000000000000000e+03 1.787466039697902243e-01
4.616000000000000000e+03 1.791082627496967949e-01
4.617000000000000000e+03 1.795039871113690566e-01
4.618000000000000000e+03 1.799391013377297788e-01
4.619000000000000000e+03 1.804172311296703968e-01
4.620000000000000000e+03 1.809398841914151568e-01
4.621000000000000000e+03 1.815063340010726334e-01
4.622000000000000000e+03 1.821137800698238163e-01
4.623000000000000000e+03 1.827577263167360633e-01
4.624000000000000000e+03 1.834325124761437276e-01
4.625000000000000000e+03 1.841319055817812467e-01
4.626000000000000000e+03 1.848497076424120700e-01
4.627000000000000000e+03 1.855802361335764927e-01
4.628000000000000000e+03 1.863186448958456531e-01
4.629000000000000000e+03 1.870609684557390517e-01
4.630000000000000000e+03 1.878039552492445363e-01
4.631000000000000000e+03 1.885447734492380623e-01
4.632000000000000000e+03 1.892807002907702096e-01
4.633000000000000000e+03 1.900089544283465326e-01
4.634000000000000000e+03 1.907266353152635707e-01
4.635000000000000000e+03 1.914308289848718481e-01
4.636000000000000000e+03 1.921187833294940583e-01
4.637000000000000000e+03 1.927881018328819196e-01
4.638000000000000000e+03 1.934369007537967700e-01
4.639000000000000000e+03 1.940638530856167721e-01
4.640000000000000000e+03 1.946681482425850762e-01
4.641000000000000000e+03 1.952493501471063431e-01
4.642000000000000000e+03 1.958071836803101373e-01
4.643000000000000000e+03 1.963412405634423208e-01
4.644000000000000000e+03 1.968506829193298058e-01
4.645000000000000000e+03 1.973341031847948845e-01
4.646000000000000000e+03 1.977895507409673792e-01
4.647000000000000000e+03 1.982148550985878277e-01
4.648000000000000000e+03 1.986081686512689848e-01
4.649000000000000000e+03 1.989686884688399160e-01
4.650000000000000000e+03 1.992973505112774490e-01
4.651000000000000000e+03 1.995972909965609277e-01
4.652000000000000000e+03 1.998739502996381145e-01
4.653000000000000000e+03 2.001347982050349084e-01
4.654000000000000000e+03 2.003887456738619455e-01
4.655000000000000000e+03 2.006454599237492142e-01
4.656000000000000000e+03 2.009146438821103331e-01
4.657000000000000000e+03 2.012053429588457065e-01
4.658000000000000000e+03 2.015253279766512362e-01
4.659000000000000000e+03 2.018806413794742571e-01
4.660000000000000000e+03 2.022752671792021895e-01
4.661000000000000000e+03 2.027109866032011376e-01
4.662000000000000000e+03 2.031874038299730512e-01
4.663000000000000000e+03 2.037021318781718215e-01
4.664000000000000000e+03 2.042511242143878747e-01
4.665000000000000000e+03 2.048291815869847654e-01
4.666000000000000000e+03 2.054304801678323855e-01
4.667000000000000000e+03 2.060490816521235447e-01
4.668000000000000000e+03 2.066793600951465359e-01
4.669000000000000000e+03 2.073162749655819703e-01
4.670000000000000000e+03 2.079554814553601083e-01
4.671000000000000000e+03 2.085933474696211321e-01
4.672000000000000000e+03 2.092268999935057439e-01
4.673000000000000000e+03 2.098537599356261607e-01
4.674000000000000000e+03 2.104721028687313311e-01
4.675000000000000000e+03 2.110805990141415289e-01
4.676000000000000000e+03 2.116783776571265485e-01
4.677000000000000000e+03 2.122649932233779402e-01
4.678000000000000000e+03 2.128403730217926504e-01
4.679000000000000000e+03 2.134047067817489984e-01
4.680000000000000000e+03 2.139582838199856063e-01
4.681000000000000000e+03 2.145013369788712210e-01
4.682000000000000000e+03 2.150338483712822268e-01
4.683000000000000000e+03 2.155553339716936301e-01
4.684000000000000000e+03 2.160646418546881276e-01
4.685000000000000000e+03 2.165597528147229500e-01
4.686000000000000000e+03 2.170375986277856273e-01
4.687000000000000000e+03 2.174939459554243171e-01
4.688000000000000000e+03 2.179234014258931706e-01
4.689000000000000000e+03 2.183195662043158625e-01
4.690000000000000000e+03 2.186753381382729733e-01
4.691000000000000000e+03 2.189833514174959750e-01
4.692000000000000000e+03 2.192364880424678697e-01
4.693000000000000000e+03 2.194283961991916887e-01
4.694000000000000000e+03 2.195539481800462822e-01
4.695000000000000000e+03 2.196095167749227972e-01
4.696000000000000000e+03 2.195930758894891477e-01
4.697000000000000000e+03 2.195042205137258118e-01
4.698000000000000000e+03 2.193441231190207397e-01
4.699000000000000000e+03 2.191155182189070960e-01
4.700000000000000000e+03 2.188227472030976339e-01
4.701000000000000000e+03 2.184718125442570713e-01
4.702000000000000000e+03 2.180703871550174200e-01
4.703000000000000000e+03 2.176276554907743965e-01
4.704000000000000000e+03 2.171538624692610775e-01
4.705000000000000000e+03 2.166596925887138148e-01
4.706000000000000000e+03 2.161555115355530687e-01
4.707000000000000000e+03 2.156506417912858187e-01
4.708000000000000000e+03 2.151528098958975788e-01
4.709000000000000000e+03 2.146678101580817288e-01
4.710000000000000000e+03 2.141994321806571233e-01
4.711000000000000000e+03 2.137496069593536885e-01
4.712000000000000000e+03 2.133187026122450036e-01
4.713000000000000000e+03 2.129059361137003448e-01
4.714000000000000000e+03 2.125097012880165503e-01
4.715000000000000000e+03 2.121278174379316595e-01
4.716000000000000000e+03 2.117576926756918609e-01
4.717000000000000000e+03 2.113964208737071915e-01
4.718000000000000000e+03 2.110409510793785637e-01
4.719000000000000000e+03 2.106883631118871836e-01
4.720000000000000000e+03 2.103362718460671243e-01
4.721000000000000000e+03 2.099832255550167504e-01
4.722000000000000000e+03 2.096289271930490972e-01
4.723000000000000000e+03 2.092741528333417200e-01
4.724000000000000000e+03 2.089204477286168982e-01
4.725000000000000000e+03 2.085697112812056608e-01
4.726000000000000000e+03 2.082238690557851046e-01
4.727000000000000000e+03 2.078847140881365796e-01
4.728000000000000000e+03 2.075539074235577264e-01
4.729000000000000000e+03 2.072330380689907936e-01
4.730000000000000000e+03 2.069236693657753867e-01
4.731000000000000000e+03 2.066273093272731343e-01
4.732000000000000000e+03 2.063452997515761167e-01
4.733000000000000000e+03 2.060786299064326088e-01
4.734000000000000000e+03 2.058277486710881343e-01
4.735000000000000000e+03 2.055924800038818057e-01
4.736000000000000000e+03 2.053720402999613392e-01
4.737000000000000000e+03 2.051651758095550115e-01
4.738000000000000000e+03 2.049704367827469009e-01
4.739000000000000000e+03 2.047865020684954129e-01
4.740000000000000000e+03 2.046125283195379674e-01
4.741000000000000000e+03 2.044483679893278338e-01
4.742000000000000000e+03 2.042946485233581577e-01
4.743000000000000000e+03 2.041526966151294420e-01
4.744000000000000000e+03 2.040243096241732834e-01
4.745000000000000000e+03 2.039114625566734729e-01
4.746000000000000000e+03 2.038159585489474068e-01
4.747000000000000000e+03 2.037391342351314028e-01
4.748000000000000000e+03 2.036816856308257817e-01
4.749000000000000000e+03 2.036436446724448901e-01
4.750000000000000000e+03 2.036244509725287088e-01
4.751000000000000000e+03 2.036231352705629993e-01
4.752000000000000000e+03 2.036384821058438432e-01
4.753000000000000000e+03 2.036692307112061562e-01
4.754000000000000000e+03 2.037142473920514063e-01
4.755000000000000000e+03 2.037726519573443973e-01
4.756000000000000000e+03 2.038438591648805975e-01
4.757000000000000000e+03 2.039275765613513258e-01
4.758000000000000000e+03 2.040237317695655916e-01
4.759000000000000000e+03 2.041323983926991437e-01
4.760000000000000000e+03 2.042537085930117013e-01
4.761000000000000000e+03 2.043878332690544086e-01
4.762000000000000000e+03 2.045350237948036498e-01
4.763000000000000000e+03 2.046956959905501250e-01
4.764000000000000000e+03 2.048704787794361215e-01
4.765000000000000000e+03 2.050602086171298688e-01
4.766000000000000000e+03 2.052658122909826188e-01
4.767000000000000000e+03 2.054881353751081829e-01
4.768000000000000000e+03 2.057277333179669543e-01
4.769000000000000000e+03 2.059847215704051770e-01
4.770000000000000000e+03 2.062586777635309065e-01
4.771000000000000000e+03 2.065486687149614142e-01
4.772000000000000000e+03 2.068533233278060934e-01
4.773000000000000000e+03 2.071709976288605426e-01
4.774000000000000000e+03 2.074999207770575338e-01
4.775000000000000000e+03 2.078383695667225806e-01
4.776000000000000000e+03 2.081848097888047144e-01
4.777000000000000000e+03 2.085379862694449749e-01
4.778000000000000000e+03 2.088969722223791847e-01
4.779000000000000000e+03 2.092611285556300049e-01
4.780000000000000000e+03 2.096299725184904983e-01
4.781000000000000000e+03 2.100029908691476987e-01
4.782000000000000000e+03 2.103794368225583300e-01
4.783000000000000000e+03 2.107581231957625645e-01
4.784000000000000000e+03 2.111373040308425209e-01
4.785000000000000000e+03 2.115146253743563354e-01
4.786000000000000000e+03 2.118872042259141164e-01
4.787000000000000000e+03 2.122517951090849009e-01
4.788000000000000000e+03 2.126049794027839168e-01
4.789000000000000000e+03 2.129433475180182722e-01
4.790000000000000000e+03 2.132636923681912322e-01
4.791000000000000000e+03 2.135631298646693543e-01
4.792000000000000000e+03 2.138391711596803468e-01
4.793000000000000000e+03 2.140897543283110105e-01
4.794000000000000000e+03 2.143132631599863613e-01
4.795000000000000000e+03 2.145084937796120916e-01
4.796000000000000000e+03 2.146746631402859373e-01
4.797000000000000000e+03 2.148113704333389773e-01
4.798000000000000000e+03 2.149186020205465786e-01
4.799000000000000000e+03 2.149966594675910558e-01
4.800000000000000000e+03 2.150461434963932272e-01
4.801000000000000000e+03 2.150679720002326156e-01
4.802000000000000000e+03 2.150633721152793443e-01
4.803000000000000000e+03 2.150338752547865662e-01
4.804000000000000000e+03 2.149813150002470308e-01
4.805000000000000000e+03 2.149077965198573081e-01
4.806000000000000000e+03 2.148157001540600131e-01
4.807000000000000000e+03 2.147076367334336267e-01
4.808000000000000000e+03 2.145863796655459177e-01
4.809000000000000000e+03 2.144546908971159960e-01
4.810000000000000000e+03 2.143150631861358291e-01
4.811000000000000000e+03 2.141693527517115614e-01
4.812000000000000000e+03 2.140184024766287607e-01
4.813000000000000000e+03 2.138617635002770245e-01
4.814000000000000000e+03 2.136974961778649873e-01
4.815000000000000000e+03 2.135221286265353013e-01
4.816000000000000000e+03 2.133308138653995656e-01
4.817000000000000000e+03 2.131176382017614390e-01
4.818000000000000000e+03 2.128761263197622433e-01
4.819000000000000000e+03 2.125999479273157355e-01
4.820000000000000000e+03 2.122837322017379347e-01
4.821000000000000000e+03 2.119239428076124809e-01
4.822000000000000000e+03 2.115195743317165866e-01
4.823000000000000000e+03 2.110725609517335732e-01
4.824000000000000000e+03 2.105877769448831205e-01
4.825000000000000000e+03 2.100726534583239880e-01
4.826000000000000000e+03 2.095365148688959067e-01
4.827000000000000000e+03 2.089897557278367901e-01
4.828000000000000000e+03 2.084430885031993141e-01
4.829000000000000000e+03 2.079068626770229633e-01
4.830000000000000000e+03 2.073905529243963430e-01
4.831000000000000000e+03 2.069024410938142267e-01
4.832000000000000000e+03 2.064495217315476805e-01
4.833000000000000000e+03 2.060374874584046390e-01
4.834000000000000000e+03 2.056708167471898996e-01
4.835000000000000000e+03 2.053528859831758036e-01
4.836000000000000000e+03 2.050860115268418049e-01
4.837000000000000000e+03 2.048713943357403922e-01
4.838000000000000000e+03 2.047089590890564526e-01
4.839000000000000000e+03 2.045972084902318022e-01
4.840000000000000000e+03 2.045331118786561653e-01
4.841000000000000000e+03 2.045121416834967953e-01
4.842000000000000000e+03 2.045284691240943364e-01
4.843000000000000000e+03 2.045753181108363461e-01
4.844000000000000000e+03 2.046453396934888036e-01
4.845000000000000000e+03 2.047310476638735388e-01
4.846000000000000000e+03 2.048251805517011526e-01
4.847000000000000000e+03 2.049209856321399237e-01
4.848000000000000000e+03 2.050124024286970326e-01
4.849000000000000000e+03 2.050941638989174365e-01
4.850000000000000000e+03 2.051618293926266157e-01
4.851000000000000000e+03 2.052117538979409406e-01
4.852000000000000000e+03 2.052409793261258941e-01
4.853000000000000000e+03 2.052471145555999354e-01
4.854000000000000000e+03 2.052281744799272500e-01
4.855000000000000000e+03 2.051824109065172319e-01
4.856000000000000000e+03 2.051082138040068170e-01
4.857000000000000000e+03 2.050040550852792465e-01
4.858000000000000000e+03 2.048685853888644326e-01
4.859000000000000000e+03 2.047008472921182376e-01
4.860000000000000000e+03 2.045005331442839025e-01
4.861000000000000000e+03 2.042682907420407812e-01
4.862000000000000000e+03 2.040059885744261725e-01
4.863000000000000000e+03 2.037167862047162825e-01
4.864000000000000000e+03 2.034050183820877433e-01
4.865000000000000000e+03 2.030758791016964437e-01
4.866000000000000000e+03 2.027349337602703805e-01
4.867000000000000000e+03 2.023876026625822666e-01
4.868000000000000000e+03 2.020387466694181788e-01
4.869000000000000000e+03 2.016923506625848128e-01
4.870000000000000000e+03 2.013514085549077404e-01
4.871000000000000000e+03 2.010179767456060085e-01
4.872000000000000000e+03 2.006933381078787604e-01
4.873000000000000000e+03 2.003782786495829360e-01
4.874000000000000000e+03 2.000733750829399582e-01
4.875000000000000000e+03 1.997792395494371043e-01
4.876000000000000000e+03 1.994967398216949128e-01
4.877000000000000000e+03 1.992270819698851725e-01
4.878000000000000000e+03 1.989718324736270971e-01
4.879000000000000000e+03 1.987328891444800627e-01
4.880000000000000000e+03 1.985124042989013238e-01
4.881000000000000000e+03 1.983126731018051703e-01
4.882000000000000000e+03 1.981360543896981685e-01
4.883000000000000000e+03 1.979849446041482552e-01
4.884000000000000000e+03 1.978617087881057723e-01
4.885000000000000000e+03 1.977686328323479126e-01
4.886000000000000000e+03 1.977078343898653057e-01
4.887000000000000000e+03 1.976811125865886587e-01
4.888000000000000000e+03 1.976897469787169404e-01
4.889000000000000000e+03 1.977342911210271947e-01
4.890000000000000000e+03 1.978143868580956033e-01
4.891000000000000000e+03 1.979287134974944684e-01
4.892000000000000000e+03 1.980750640390427364e-01
4.893000000000000000e+03 1.982505971319838411e-01
4.894000000000000000e+03 1.984521943316169268e-01
4.895000000000000000e+03 1.986768246658323078e-01
4.896000000000000000e+03 1.989218205994146560e-01
4.897000000000000000e+03 1.991850198252940463e-01
4.898000000000000000e+03 1.994647297720063550e-01
4.899000000000000000e+03 1.997596039197035434e-01
4.900000000000000000e+03 2.000684773730557753e-01
4.901000000000000000e+03 2.003902673587624195e-01
4.902000000000000000e+03 2.007240038104237123e-01
4.903000000000000000e+03 2.010688768777483815e-01
4.904000000000000000e+03 2.014243325949469088e-01
4.905000000000000000e+03 2.017900546572659048e-01
4.906000000000000000e+03 2.021658137052176896e-01
4.907000000000000000e+03 2.025512691036872592e-01
4.908000000000000000e+03 2.029457860933066571e-01
4.909000000000000000e+03 2.033483736939050712e-01
4.910000000000000000e+03 2.037576871865059425e-01
4.911000000000000000e+03 2.041720755962235234e-01
4.912000000000000000e+03 2.045895825864276207e-01
4.913000000000000000e+03 2.050079249415806271e-01
4.914000000000000000e+03 2.054245228584491434e-01
4.915000000000000000e+03 2.058365699780952407e-01
4.916000000000000000e+03 2.062411146464608325e-01
4.917000000000000000e+03 2.066351130499223254e-01
4.918000000000000000e+03 2.070154343686081699e-01
4.919000000000000000e+03 2.073788167196420895e-01
4.920000000000000000e+03 2.077218337157265005e-01
4.921000000000000000e+03 2.080408865878755620e-01
4.922000000000000000e+03 2.083322857826706009e-01
4.923000000000000000e+03 2.085923646386598496e-01
4.924000000000000000e+03 2.088176433892522388e-01
4.925000000000000000e+03 2.090050017988732134e-01
4.926000000000000000e+03 2.091518801041359343e-01
4.927000000000000000e+03 2.092565152534510975e-01
4.928000000000000000e+03 2.093181675092014027e-01
4.929000000000000000e+03 2.093372843973680397e-01
4.930000000000000000e+03 2.093155687503929219e-01
4.931000000000000000e+03 2.092559042912049971e-01
4.932000000000000000e+03 2.091620493101030709e-01
4.933000000000000000e+03 2.090381753414514709e-01
4.934000000000000000e+03 2.088883841838096722e-01
4.935000000000000000e+03 2.087162416760020844e-01
4.936000000000000000e+03 2.085244223256417229e-01
4.937000000000000000e+03 2.083144115876492120e-01
4.938000000000000000e+03 2.080863170167387144e-01
4.939000000000000000e+03 2.078387384733497434e-01
4.940000000000000000e+03 2.075686934870842604e-01
4.941000000000000000e+03 2.072716552479944851e-01
4.942000000000000000e+03 2.069417436003429256e-01
4.943000000000000000e+03 2.065720279036507845e-01
4.944000000000000000e+03 2.061548986538152550e-01
4.945000000000000000e+03 2.056824921930461014e-01
4.946000000000000000e+03 2.051471700100691298e-01
4.947000000000000000e+03 2.045420988486023883e-01
4.948000000000000000e+03 2.038620108401527353e-01
4.949000000000000000e+03 2.031040953325214948e-01
4.950000000000000000e+03 2.022688730017346559e-01
4.951000000000000000e+03 2.013607270993267306e-01
4.952000000000000000e+03 2.003878479818635705e-01
4.953000000000000000e+03 1.993615905103297004e-01
4.954000000000000000e+03 1.982954721262927267e-01
4.955000000000000000e+03 1.972041644794181314e-01
4.956000000000000000e+03 1.961026545405321064e-01
4.957000000000000000e+03 1.950055866984206632e-01
4.958000000000000000e+03 1.939266766830039512e-01
4.959000000000000000e+03 1.928781500678641569e-01
4.960000000000000000e+03 1.918701465180377708e-01
4.961000000000000000e+03 1.909101564142721141e-01
4.962000000000000000e+03 1.900025453602753600e-01
4.963000000000000000e+03 1.891482130913894610e-01
4.964000000000000000e+03 1.883444700440277952e-01
4.965000000000000000e+03 1.875852131255335842e-01
4.966000000000000000e+03 1.868614136313521690e-01
4.967000000000000000e+03 1.861620174385729409e-01
4.968000000000000000e+03 1.854751906988077181e-01
4.969000000000000000e+03 1.847897981069737683e-01
4.970000000000000000e+03 1.840968678814194348e-01
4.971000000000000000e+03 1.833906697179737977e-01
4.972000000000000000e+03 1.826691648772795495e-01
4.973000000000000000e+03 1.819337807611264290e-01
4.974000000000000000e+03 1.811887265805681435e-01
4.975000000000000000e+03 1.804400480138901586e-01
4.976000000000000000e+03 1.796947310091755179e-01
4.977000000000000000e+03 1.789600281536424253e-01
4.978000000000000000e+03 1.782430501982589510e-01
4.979000000000000000e+03 1.775505573379140001e-01
4.980000000000000000e+03 1.768889823848075471e-01
4.981000000000000000e+03 1.762645270891728955e-01
4.982000000000000000e+03 1.756832654532052285e-01
4.983000000000000000e+03 1.751511207588081209e-01
4.984000000000000000e+03 1.746736739445085007e-01
4.985000000000000000e+03 1.742558485854247552e-01
4.986000000000000000e+03 1.739015369348103079e-01
4.987000000000000000e+03 1.736132530537968510e-01
4.988000000000000000e+03 1.733919350707636975e-01
4.989000000000000000e+03 1.732368944736315253e-01
4.990000000000000000e+03 1.731459103021849022e-01
4.991000000000000000e+03 1.731154338895836697e-01
4.992000000000000000e+03 1.731409006474947387e-01
4.993000000000000000e+03 1.732170954489317127e-01
4.994000000000000000e+03 1.733384658454820981e-01
4.995000000000000000e+03 1.734993934974619068e-01
4.996000000000000000e+03 1.736943663636341673e-01
4.997000000000000000e+03 1.739180856813822285e-01
4.998000000000000000e+03 1.741655411079538196e-01
4.999000000000000000e+03 1.744321063696699925e-01
5.000000000000000000e+03 1.747137194728519416e-01
5.001000000000000000e+03 1.750070977695659113e-01
5.002000000000000000e+03 1.753100658409437185e-01
5.003000000000000000e+03 1.756218721838194718e-01
5.004000000000000000e+03 1.759434181717221546e-01
5.005000000000000000e+03 1.762773278746778138e-01
5.006000000000000000e+03 1.766278184643260418e-01
5.007000000000000000e+03 1.770003233547380872e-01
5.008000000000000000e+03 1.774009323451702091e-01
5.009000000000000000e+03 1.778356890376860122e-01
5.010000000000000000e+03 1.783099161348621897e-01
5.011000000000000000e+03 1.788276469034850713e-01
5.012000000000000000e+03 1.793912803539935430e-01
5.013000000000000000e+03 1.800014308422035192e-01
5.014000000000000000e+03 1.806569482034409146e-01
5.015000000000000000e+03 1.813551200940000663e-01
5.016000000000000000e+03 1.820919630781595577e-01
5.017000000000000000e+03 1.828625636934796683e-01
5.018000000000000000e+03 1.836614074424199883e-01
5.019000000000000000e+03 1.844827112645264777e-01
5.020000000000000000e+03 1.853207436573874323e-01
5.021000000000000000e+03 1.861701131601997961e-01
5.022000000000000000e+03 1.870260068974643475e-01
5.023000000000000000e+03 1.878843992357324133e-01
5.024000000000000000e+03 1.887421916144796652e-01
5.025000000000000000e+03 1.895972307250015088e-01
5.026000000000000000e+03 1.904482606519057875e-01
5.027000000000000000e+03 1.912947310750866270e-01
5.028000000000000000e+03 1.921365255642260572e-01
5.029000000000000000e+03 1.929736653823779791e-01
5.030000000000000000e+03 1.938059699650182544e-01
5.031000000000000000e+03 1.946328324646415253e-01
5.032000000000000000e+03 1.954530733626952954e-01
5.033000000000000000e+03 1.962649202102876300e-01
5.034000000000000000e+03 1.970661020558300003e-01
5.035000000000000000e+03 1.978540810595517119e-01
5.036000000000000000e+03 1.986262707251003068e-01
5.037000000000000000e+03 1.993802688778388010e-01
5.038000000000000000e+03 2.001140259089357332e-01
5.039000000000000000e+03 2.008259299414381083e-01
5.040000000000000000e+03 2.015148142278333498e-01
5.041000000000000000e+03 2.021799231651549844e-01
5.042000000000000000e+03 2.028208597002278402e-01
5.043000000000000000e+03 2.034375843911939152e-01
5.044000000000000000e+03 2.040304251360743892e-01
5.045000000000000000e+03 2.045999936887754889e-01
5.046000000000000000e+03 2.051470314265278483e-01
5.047000000000000000e+03 2.056722005307631274e-01
5.048000000000000000e+03 2.061758745596528886e-01
5.049000000000000000e+03 2.066579845439669993e-01
5.050000000000000000e+03 2.071179736623474654e-01
5.051000000000000000e+03 2.075549463192580546e-01
5.052000000000000000e+03 2.079679464205732575e-01
5.053000000000000000e+03 2.083562861508748698e-01
5.054000000000000000e+03 2.087197855664837398e-01
5.055000000000000000e+03 2.090588392973160847e-01
5.056000000000000000e+03 2.093743014021926252e-01
5.057000000000000000e+03 2.096673016450967264e-01
5.058000000000000000e+03 2.099390605048715164e-01
5.059000000000000000e+03 2.101907909196266133e-01
5.060000000000000000e+03 2.104237078169751696e-01
5.061000000000000000e+03 2.106390770734876960e-01
5.062000000000000000e+03 2.108382601627235564e-01
5.063000000000000000e+03 2.110226640545782573e-01
5.064000000000000000e+03 2.111936285530731927e-01
5.065000000000000000e+03 2.113522498502441171e-01
5.066000000000000000e+03 2.114992931588619562e-01
5.067000000000000000e+03 2.116351386661724232e-01
5.068000000000000000e+03 2.117598187510566499e-01
5.069000000000000000e+03 2.118731186003229572e-01
5.070000000000000000e+03 2.119746943826899543e-01
5.071000000000000000e+03 2.120641745463932581e-01
5.072000000000000000e+03 2.121412046603987911e-01
5.073000000000000000e+03 2.122054290982817726e-01
5.074000000000000000e+03 2.122564295555897373e-01
5.075000000000000000e+03 2.122936972001781553e-01
5.076000000000000000e+03 2.123167338934142945e-01
5.077000000000000000e+03 2.123252643188444921e-01
5.078000000000000000e+03 2.123195371688867128e-01
5.079000000000000000e+03 2.123005766640202741e-01
5.080000000000000000e+03 2.122702807645489298e-01
5.081000000000000000e+03 2.122313435727538611e-01
5.082000000000000000e+03 2.121870780130347134e-01
5.083000000000000000e+03 2.121412150996821455e-01
5.084000000000000000e+03 2.120977238572181456e-01
5.085000000000000000e+03 2.120606804026271830e-01
5.086000000000000000e+03 2.120341548670743870e-01
5.087000000000000000e+03 2.120220664740622152e-01
5.088000000000000000e+03 2.120279695203575177e-01
5.089000000000000000e+03 2.120547773260477720e-01
5.090000000000000000e+03 2.121045292798754422e-01
5.091000000000000000e+03 2.121782754616910738e-01
5.092000000000000000e+03 2.122760050665960518e-01
5.093000000000000000e+03 2.123966769818402545e-01
5.094000000000000000e+03 2.125383450648525296e-01
5.095000000000000000e+03 2.126983071081348653e-01
5.096000000000000000e+03 2.128733071437428903e-01
5.097000000000000000e+03 2.130597270954142086e-01
5.098000000000000000e+03 2.132538218215854764e-01
5.099000000000000000e+03 2.134519368155229080e-01
5.100000000000000000e+03 2.136506648811515308e-01
5.101000000000000000e+03 2.138469434472665687e-01
5.102000000000000000e+03 2.140381164085490007e-01
5.103000000000000000e+03 2.142219727493382408e-01
5.104000000000000000e+03 2.143967280378092366e-01
5.105000000000000000e+03 2.145610234382000769e-01
5.106000000000000000e+03 2.147139627094552250e-01
5.107000000000000000e+03 2.148551364306763023e-01
5.108000000000000000e+03 2.149846612498648724e-01
5.109000000000000000e+03 2.151033178558495462e-01
5.110000000000000000e+03 2.152126667735451138e-01
5.111000000000000000e+03 2.153151771742322640e-01
5.112000000000000000e+03 2.154143011825630505e-01
5.113000000000000000e+03 2.155143640981102005e-01
5.114000000000000000e+03 2.156202474008236947e-01
5.115000000000000000e+03 2.157368741691409464e-01
5.116000000000000000e+03 2.158686530829285188e-01
5.117000000000000000e+03 2.160189694130812410e-01
5.118000000000000000e+03 2.161898435697676979e-01
5.119000000000000000e+03 2.163817867303436393e-01
5.120000000000000000e+03 2.165938373356617874e-01
5.121000000000000000e+03 2.168237500210002944e-01
5.122000000000000000e+03 2.170683440169172695e-01
5.123000000000000000e+03 2.173239639411391200e-01
5.124000000000000000e+03 2.175870084685040673e-01
5.125000000000000000e+03 2.178544518140444752e-01
5.126000000000000000e+03 2.181242993170089406e-01
5.127000000000000000e+03 2.183958786226009030e-01
5.128000000000000000e+03 2.186699582854157997e-01
5.129000000000000000e+03 2.189486320244260209e-01
5.130000000000000000e+03 2.192350235348448639e-01
5.131000000000000000e+03 2.195329214722732125e-01
5.132000000000000000e+03 2.198463968354419928e-01
5.133000000000000000e+03 2.201794498080067441e-01
5.134000000000000000e+03 2.205356486869856358e-01
5.135000000000000000e+03 2.209177387645933077e-01
5.136000000000000000e+03 2.213272243308533338e-01
5.137000000000000000e+03 2.217639945635696830e-01
5.138000000000000000e+03 2.222261131584125915e-01
5.139000000000000000e+03 2.227098206213064535e-01
5.140000000000000000e+03 2.232097395092381420e-01
5.141000000000000000e+03 2.237193068923780670e-01
5.142000000000000000e+03 2.242313368907621896e-01
5.143000000000000000e+03 2.247385827700745797e-01
5.144000000000000000e+03 2.252342412042485920e-01
5.145000000000000000e+03 2.257123306483648228e-01
5.146000000000000000e+03 2.261679121059335662e-01
5.147000000000000000e+03 2.265971312015928052e-01
5.148000000000000000e+03 2.269971225413967286e-01
5.149000000000000000e+03 2.273658395899584017e-01
5.150000000000000000e+03 2.277018349109222739e-01
5.151000000000000000e+03 2.280040485433673658e-01
5.152000000000000000e+03 2.282716619856256512e-01
5.153000000000000000e+03 2.285040174046609751e-01
5.154000000000000000e+03 2.287005604490139343e-01
5.155000000000000000e+03 2.288608717013457250e-01
5.156000000000000000e+03 2.289847016232056387e-01
5.157000000000000000e+03 2.290720980557565678e-01
5.158000000000000000e+03 2.291235091500486987e-01
5.159000000000000000e+03 2.291398370113132965e-01
5.160000000000000000e+03 2.291225033519194987e-01
5.161000000000000000e+03 2.290734884601778876e-01
5.162000000000000000e+03 2.289953044720274833e-01
5.163000000000000000e+03 2.288909050719538929e-01
5.164000000000000000e+03 2.287634784390409903e-01
5.165000000000000000e+03 2.286161378915407827e-01
5.166000000000000000e+03 2.284516430248413887e-01
5.167000000000000000e+03 2.282721510017650113e-01
5.168000000000000000e+03 2.280791285630710541e-01
5.169000000000000000e+03 2.278733901691820662e-01
5.170000000000000000e+03 2.276552290761989505e-01
5.171000000000000000e+03 2.274246171017263451e-01
5.172000000000000000e+03 2.271814448944206033e-01
5.173000000000000000e+03 2.269257240244995644e-01
5.174000000000000000e+03 2.266577230536002963e-01
5.175000000000000000e+03 2.263780222042163781e-01
5.176000000000000000e+03 2.260874722239371581e-01
5.177000000000000000e+03 2.257870487479869959e-01
5.178000000000000000e+03 2.254776280395028309e-01
5.179000000000000000e+03 2.251597488114858159e-01
5.180000000000000000e+03 2.248333593314032208e-01
5.181000000000000000e+03 2.244976548262173910e-01
5.182000000000000000e+03 2.241510724702170942e-01
5.183000000000000000e+03 2.237913929783804656e-01
5.184000000000000000e+03 2.234159615157513268e-01
5.185000000000000000e+03 2.230219534941313420e-01
5.186000000000000000e+03 2.226066279081219401e-01
5.187000000000000000e+03 2.221675068546861698e-01
5.188000000000000000e+03 2.217024867324283999e-01
5.189000000000000000e+03 2.212098915040893732e-01
5.190000000000000000e+03 2.206884283486769127e-01
5.191000000000000000e+03 2.201371565258317675e-01
5.192000000000000000e+03 2.195555067113127423e-01
5.193000000000000000e+03 2.189433993436766257e-01
5.194000000000000000e+03 2.183014204245347090e-01
5.195000000000000000e+03 2.176309943069527353e-01
5.196000000000000000e+03 2.169343894726229460e-01
5.197000000000000000e+03 2.162144430222500691e-01
5.198000000000000000e+03 2.154740519199681292e-01
5.199000000000000000e+03 2.147155958475069348e-01
5.200000000000000000e+03 2.139406068365038438e-01
5.201000000000000000e+03 2.131498106301964457e-01
5.202000000000000000e+03 2.123435382364644575e-01
5.203000000000000000e+03 2.115223478863484385e-01
5.204000000000000000e+03 2.106875447225008968e-01
5.205000000000000000e+03 2.098413943214800792e-01
5.206000000000000000e+03 2.089869489827277937e-01
5.207000000000000000e+03 2.081276195950784724e-01
5.208000000000000000e+03 2.072666419315793984e-01
5.209000000000000000e+03 2.064066007175063000e-01
5.210000000000000000e+03 2.055491177799970148e-01
5.211000000000000000e+03 2.046947194243781132e-01
5.212000000000000000e+03 2.038429147138718367e-01
5.213000000000000000e+03 2.029924892145514304e-01
5.214000000000000000e+03 2.021419489364013611e-01
5.215000000000000000e+03 2.012900636520612296e-01
5.216000000000000000e+03 2.004363850608578412e-01
5.217000000000000000e+03 1.995816415067643568e-01
5.218000000000000000e+03 1.987278569658968430e-01
5.219000000000000000e+03 1.978782226175309078e-01
5.220000000000000000e+03 1.970367115994731133e-01
5.221000000000000000e+03 1.962075485400631703e-01
5.222000000000000000e+03 1.953946449268236241e-01
5.223000000000000000e+03 1.946011396537308535e-01
5.224000000000000000e+03 1.938290875213615760e-01
5.225000000000000000e+03 1.930793311472564777e-01
5.226000000000000000e+03 1.923516121295055503e-01
5.227000000000000000e+03 1.916448921896199420e-01
5.228000000000000000e+03 1.909578344317077181e-01
5.229000000000000000e+03 1.902893846279456735e-01
5.230000000000000000e+03 1.896393542258561216e-01
5.231000000000000000e+03 1.890088376894992206e-01
5.232000000000000000e+03 1.884003266618244632e-01
5.233000000000000000e+03 1.878174601845005176e-01
5.234000000000000000e+03 1.872645070745913021e-01
5.235000000000000000e+03 1.867457023403260308e-01
5.236000000000000000e+03 1.862646298168585401e-01
5.237000000000000000e+03 1.858237612917695014e-01
5.238000000000000000e+03 1.854242591085555614e-01
5.239000000000000000e+03 1.850660073571969988e-01
5.240000000000000000e+03 1.847478191812402526e-01
5.241000000000000000e+03 1.844677902488487398e-01
5.242000000000000000e+03 1.842236733516963709e-01
5.243000000000000000e+03 1.840131906019951691e-01
5.244000000000000000e+03 1.838343112250986344e-01
5.245000000000000000e+03 1.836854080806697709e-01
5.246000000000000000e+03 1.835652916292938031e-01
5.247000000000000000e+03 1.834731595083072264e-01
5.248000000000000000e+03 1.834084446566544291e-01
5.249000000000000000e+03 1.833706340507365029e-01
5.250000000000000000e+03 1.833590681532887845e-01
5.251000000000000000e+03 1.833727505584919482e-01
5.252000000000000000e+03 1.834102385583656347e-01
5.253000000000000000e+03 1.834695402916152740e-01
5.254000000000000000e+03 1.835480320750836336e-01
5.255000000000000000e+03 1.836424264387747085e-01
5.256000000000000000e+03 1.837487521555526415e-01
5.257000000000000000e+03 1.838624132718304771e-01
5.258000000000000000e+03 1.839783710286996554e-01
5.259000000000000000e+03 1.840914722927356195e-01
5.260000000000000000e+03 1.841969372892779677e-01
5.261000000000000000e+03 1.842909096402055580e-01
5.262000000000000000e+03 1.843709216457115330e-01
5.263000000000000000e+03 1.844360635426812722e-01
5.264000000000000000e+03 1.844868008903075285e-01
5.265000000000000000e+03 1.845245150687271352e-01
5.266000000000000000e+03 1.845509702830396559e-01
5.267000000000000000e+03 1.845678757463642405e-01
5.268000000000000000e+03 1.845766372402380118e-01
5.269000000000000000e+03 1.845781901633218869e-01
5.270000000000000000e+03 1.845729963299158338e-01
5.271000000000000000e+03 1.845611061892204474e-01
5.272000000000000000e+03 1.845422620285404602e-01
5.273000000000000000e+03 1.845160402475191641e-01
5.274000000000000000e+03 1.844820156040470338e-01
5.275000000000000000e+03 1.844398544648248039e-01
5.276000000000000000e+03 1.843893682996811112e-01
5.277000000000000000e+03 1.843305575185374134e-01
5.278000000000000000e+03 1.842636900836974734e-01
5.279000000000000000e+03 1.841894439953856988e-01
5.280000000000000000e+03 1.841090471811679397e-01
5.281000000000000000e+03 1.840244189166496125e-01
5.282000000000000000e+03 1.839382462058400947e-01
5.283000000000000000e+03 1.838539048758165151e-01
5.284000000000000000e+03 1.837752257215179152e-01
5.285000000000000000e+03 1.837062025809956256e-01
5.286000000000000000e+03 1.836506386009177649e-01
5.287000000000000000e+03 1.836118924285046750e-01
5.288000000000000000e+03 1.835926759578893896e-01
5.289000000000000000e+03 1.835948368016611654e-01
5.290000000000000000e+03 1.836191427603671711e-01
5.291000000000000000e+03 1.836650432675553113e-01
5.292000000000000000e+03 1.837304821847430825e-01
5.293000000000000000e+03 1.838118812318747242e-01
5.294000000000000000e+03 1.839043239123027140e-01
5.295000000000000000e+03 1.840020044517352849e-01
5.296000000000000000e+03 1.840988697316335299e-01
5.297000000000000000e+03 1.841893321956752372e-01
5.298000000000000000e+03 1.842689634288573741e-01
5.299000000000000000e+03 1.843349953589258350e-01
5.300000000000000000e+03 1.843865215884975539e-01
5.301000000000000000e+03 1.844243803099690771e-01
5.302000000000000000e+03 1.844507586677093802e-01
5.303000000000000000e+03 1.844686570356224853e-01
5.304000000000000000e+03 1.844813249623812879e-01
5.305000000000000000e+03 1.844917925178438389e-01
5.306000000000000000e+03 1.845025399494844009e-01
5.307000000000000000e+03 1.845153081948922025e-01
5.308000000000000000e+03 1.845310378599008816e-01
5.309000000000000000e+03 1.845498523846541838e-01
5.310000000000000000e+03 1.845710336662768902e-01
5.311000000000000000e+03 1.845930111068885271e-01
5.312000000000000000e+03 1.846133728524841644e-01
5.313000000000000000e+03 1.846289222725669699e-01
5.314000000000000000e+03 1.846357892921541843e-01
5.315000000000000000e+03 1.846296372873522662e-01
5.316000000000000000e+03 1.846059398131682516e-01
5.317000000000000000e+03 1.845603164703941423e-01
5.318000000000000000e+03 1.844889211957710662e-01
5.319000000000000000e+03 1.843887665306771506e-01
5.320000000000000000e+03 1.842579728271932504e-01
5.321000000000000000e+03 1.840958839085973242e-01
5.322000000000000000e+03 1.839030061854335929e-01
5.323000000000000000e+03 1.836807973655779080e-01
5.324000000000000000e+03 1.834313365143458163e-01
5.325000000000000000e+03 1.831569701337444622e-01
5.326000000000000000e+03 1.828600260766138075e-01
5.327000000000000000e+03 1.825426744068360529e-01
5.328000000000000000e+03 1.822069979845198362e-01
5.329000000000000000e+03 1.818552198302185452e-01
5.330000000000000000e+03 1.814899831679963882e-01
5.331000000000000000e+03 1.811145566425653164e-01
5.332000000000000000e+03 1.807328525164706989e-01
5.333000000000000000e+03 1.803491738119684940e-01
5.334000000000000000e+03 1.799678170937153432e-01
5.335000000000000000e+03 1.795927396506007412e-01
5.336000000000000000e+03 1.792273878788377128e-01
5.337000000000000000e+03 1.788746711198951345e-01
5.338000000000000000e+03 1.785371042229286220e-01
5.339000000000000000e+03 1.782170298031540978e-01
5.340000000000000000e+03 1.779168156669871936e-01
5.341000000000000000e+03 1.776390147262201791e-01
5.342000000000000000e+03 1.773863743941228310e-01
5.343000000000000000e+03 1.771617288522074063e-01
5.344000000000000000e+03 1.769677767811785318e-01
5.345000000000000000e+03 1.768067613904293900e-01
5.346000000000000000e+03 1.766801588906839471e-01
5.347000000000000000e+03 1.765883902010776940e-01
5.348000000000000000e+03 1.765306759940626635e-01
5.349000000000000000e+03 1.765050279299909541e-01
5.350000000000000000e+03 1.765084162589312111e-01
5.351000000000000000e+03 1.765370758475465485e-01
5.352000000000000000e+03 1.765869278496580430e-01
5.353000000000000000e+03 1.766540379208999534e-01
5.354000000000000000e+03 1.767350378578662062e-01
5.355000000000000000e+03 1.768274387617704557e-01
5.356000000000000000e+03 1.769297697247952383e-01
5.357000000000000000e+03 1.770415319532914755e-01
5.358000000000000000e+03 1.771629997883704954e-01
5.359000000000000000e+03 1.772949044396004425e-01
5.360000000000000000e+03 1.774381550645792172e-01
5.361000000000000000e+03 1.775936396463275169e-01
5.362000000000000000e+03 1.777621304703208005e-01
5.363000000000000000e+03 1.779442356793655977e-01
5.364000000000000000e+03 1.781404029958880697e-01
5.365000000000000000e+03 1.783508914880128082e-01
5.366000000000000000e+03 1.785757183897906941e-01
5.367000000000000000e+03 1.788145967198199460e-01
5.368000000000000000e+03 1.790669135739659801e-01
5.369000000000000000e+03 1.793317663436879983e-01
5.370000000000000000e+03 1.796080138769448886e-01
5.371000000000000000e+03 1.798943392060628754e-01
5.372000000000000000e+03 1.801893126714766702e-01
5.373000000000000000e+03 1.804913972220059670e-01
5.374000000000000000e+03 1.807989889132260442e-01
5.375000000000000000e+03 1.811104721712175625e-01
5.376000000000000000e+03 1.814242857812438936e-01
5.377000000000000000e+03 1.817390581871066724e-01
5.378000000000000000e+03 1.820537755430179372e-01
5.379000000000000000e+03 1.823679740934104343e-01
5.380000000000000000e+03 1.826818985297767040e-01
5.381000000000000000e+03 1.829965986876515571e-01
5.382000000000000000e+03 1.833138500564809592e-01
5.383000000000000000e+03 1.836359300511374304e-01
5.384000000000000000e+03 1.839652466778890216e-01
5.385000000000000000e+03 1.843038637721629847e-01
5.386000000000000000e+03 1.846530360759719713e-01
5.387000000000000000e+03 1.850128347092769299e-01
5.388000000000000000e+03 1.853819880223963046e-01
5.389000000000000000e+03 1.857579078915628790e-01
5.390000000000000000e+03 1.861369177516543905e-01
5.391000000000000000e+03 1.865147094706357811e-01
5.392000000000000000e+03 1.868869459053705273e-01
5.393000000000000000e+03 1.872499079572656489e-01
5.394000000000000000e+03 1.876010563531289865e-01
5.395000000000000000e+03 1.879393723714123110e-01
5.396000000000000000e+03 1.882654216082520759e-01
5.397000000000000000e+03 1.885810875233972506e-01
5.398000000000000000e+03 1.888890691660352616e-01
5.399000000000000000e+03 1.891922998996565519e-01
5.400000000000000000e+03 1.894934582173411486e-01
5.401000000000000000e+03 1.897946577551667957e-01
5.402000000000000000e+03 1.900973375001463461e-01
5.403000000000000000e+03 1.904023550959201283e-01
5.404000000000000000e+03 1.907102553403272893e-01
5.405000000000000000e+03 1.910215562570064252e-01
5.406000000000000000e+03 1.913369704195470589e-01
5.407000000000000000e+03 1.916575038142354637e-01
5.408000000000000000e+03 1.919844357452334671e-01
5.409000000000000000e+03 1.923191868733666599e-01
5.410000000000000000e+03 1.926631731844893891e-01
5.411000000000000000e+03 1.930177111229184894e-01
5.412000000000000000e+03 1.933839905396116665e-01
5.413000000000000000e+03 1.937631196054115934e-01
5.414000000000000000e+03 1.941561675589593139e-01
5.415000000000000000e+03 1.945642146167301523e-01
5.416000000000000000e+03 1.949883963641543261e-01
5.417000000000000000e+03 1.954298684491382332e-01
5.418000000000000000e+03 1.958897059177661104e-01
5.419000000000000000e+03 1.963688106728215810e-01
5.420000000000000000e+03 1.968677959522546761e-01
5.421000000000000000e+03 1.973868960606314504e-01
5.422000000000000000e+03 1.979258922636347173e-01
5.423000000000000000e+03 1.984840882018382990e-01
5.424000000000000000e+03 1.990603117560754143e-01
5.425000000000000000e+03 1.996529081932396643e-01
5.426000000000000000e+03 2.002597401381961684e-01
5.427000000000000000e+03 2.008781996938166781e-01
5.428000000000000000e+03 2.015052911086983589e-01
5.429000000000000000e+03 2.021377114092787475e-01
5.430000000000000000e+03 2.027720133511354550e-01
5.431000000000000000e+03 2.034047841216733432e-01
5.432000000000000000e+03 2.040328439183333731e-01
5.433000000000000000e+03 2.046534291720587539e-01
5.434000000000000000e+03 2.052643662096039767e-01
5.435000000000000000e+03 2.058642127128935684e-01
5.436000000000000000e+03 2.064523593255397360e-01
5.437000000000000000e+03 2.070290914167329244e-01
5.438000000000000000e+03 2.075955976343722142e-01
5.439000000000000000e+03 2.081538626895940713e-01
5.440000000000000000e+03 2.087065066193159180e-01
5.441000000000000000e+03 2.092565049901102814e-01
5.442000000000000000e+03 2.098068711776052420e-01
5.443000000000000000e+03 2.103603129880080025e-01
5.444000000000000000e+03 2.109188473670094988e-01
5.445000000000000000e+03 2.114834330944261875e-01
5.446000000000000000e+03 2.120537050450904681e-01
5.447000000000000000e+03 2.126278133357451250e-01
5.448000000000000000e+03 2.132023975789438530e-01
5.449000000000000000e+03 2.137727216846251332e-01
5.450000000000000000e+03 2.143330141687305179e-01
5.451000000000000000e+03 2.148768711181129887e-01
5.452000000000000000e+03 2.153977725659964038e-01
5.453000000000000000e+03 2.158896093608622391e-01
5.454000000000000000e+03 2.163470869522396145e-01
5.455000000000000000e+03 2.167659439371779073e-01
5.456000000000000000e+03 2.171430171937364650e-01
5.457000000000000000e+03 2.174760804057421504e-01
5.458000000000000000e+03 2.177635873985421522e-01
5.459000000000000000e+03 2.180043779238921009e-01
5.460000000000000000e+03 2.181974295372334505e-01
5.461000000000000000e+03 2.183416828499510909e-01
5.462000000000000000e+03 2.184359849737002035e-01
5.463000000000000000e+03 2.184791121579017503e-01
5.464000000000000000e+03 2.184699006002578658e-01
5.465000000000000000e+03 2.184073761371503053e-01
5.466000000000000000e+03 2.182908802503654988e-01
5.467000000000000000e+03 2.181201788453432378e-01
5.468000000000000000e+03 2.178955613597362839e-01
5.469000000000000000e+03 2.176179075614407266e-01
5.470000000000000000e+03 2.172887305132095992e-01
5.471000000000000000e+03 2.169103385953999319e-01
5.472000000000000000e+03 2.164860269241335733e-01
5.473000000000000000e+03 2.160202641155313796e-01
5.474000000000000000e+03 2.155188997802853501e-01
5.475000000000000000e+03 2.149891826098210001e-01
5.476000000000000000e+03 2.144395790107211930e-01
5.477000000000000000e+03 2.138793290239722478e-01
5.478000000000000000e+03 2.133178228134324506e-01
5.479000000000000000e+03 2.127639302298660051e-01
5.480000000000000000e+03 2.122253676098750375e-01
5.481000000000000000e+03 2.117082260628032619e-01
5.482000000000000000e+03 2.112167234764172619e-01
5.483000000000000000e+03 2.107531345448544480e-01
5.484000000000000000e+03 2.103179323922376720e-01
5.485000000000000000e+03 2.099100670529542856e-01
5.486000000000000000e+03 2.095273208701983747e-01
5.487000000000000000e+03 2.091667353273026220e-01
5.488000000000000000e+03 2.088249983966402601e-01
5.489000000000000000e+03 2.084988269528681437e-01
5.490000000000000000e+03 2.081852072889311400e-01
5.491000000000000000e+03 2.078814797948447535e-01
5.492000000000000000e+03 2.075852479975404674e-01
5.493000000000000000e+03 2.072942154338375809e-01
5.494000000000000000e+03 2.070059937343272649e-01
5.495000000000000000e+03 2.067179809779955690e-01
5.496000000000000000e+03 2.064274261138016320e-01
5.497000000000000000e+03 2.061316812516889307e-01
5.498000000000000000e+03 2.058286394450476453e-01
5.499000000000000000e+03 2.055172046331019686e-01
5.500000000000000000e+03 2.051976443095582248e-01
5.501000000000000000e+03 2.048716764589831041e-01
5.502000000000000000e+03 2.045423383581146670e-01
5.503000000000000000e+03 2.042136175319342328e-01
5.504000000000000000e+03 2.038899595353779182e-01
5.505000000000000000e+03 2.035757704585192951e-01
5.506000000000000000e+03 2.032749466527413174e-01
5.507000000000000000e+03 2.029904460596255733e-01
5.508000000000000000e+03 2.027239517999499252e-01
5.509000000000000000e+03 2.024755863793638311e-01
5.510000000000000000e+03 2.022437329560772268e-01
5.511000000000000000e+03 2.020250163612501981e-01
5.512000000000000000e+03 2.018144938159866508e-01
5.513000000000000000e+03 2.016060380554837994e-01
5.514000000000000000e+03 2.013929211343718217e-01
5.515000000000000000e+03 2.011685489140111194e-01
5.516000000000000000e+03 2.009272125105283080e-01
5.517000000000000000e+03 2.006647340704763027e-01
5.518000000000000000e+03 2.003788379166034361e-01
5.519000000000000000e+03 2.000691427622268981e-01
5.520000000000000000e+03 1.997367952818066283e-01
5.521000000000000000e+03 1.993839156689807823e-01
5.522000000000000000e+03 1.990129192992135254e-01
5.523000000000000000e+03 1.986259405265888844e-01
5.524000000000000000e+03 1.982244478589688108e-01
5.525000000000000000e+03 1.978090690956686160e-01
5.526000000000000000e+03 1.973796402818706053e-01
5.527000000000000000e+03 1.969354162846270739e-01
5.528000000000000000e+03 1.964753313421568892e-01
5.529000000000000000e+03 1.959982334878826449e-01
5.530000000000000000e+03 1.955031504100897266e-01
5.531000000000000000e+03 1.949895291831481026e-01
5.532000000000000000e+03 1.944574365750163236e-01
5.533000000000000000e+03 1.939076951013286587e-01
5.534000000000000000e+03 1.933420325673172457e-01
5.535000000000000000e+03 1.927631760810567529e-01
5.536000000000000000e+03 1.921749568442586431e-01
5.537000000000000000e+03 1.915823717605421583e-01
5.538000000000000000e+03 1.909915589823852344e-01
5.539000000000000000e+03 1.904096363541580850e-01
5.540000000000000000e+03 1.898443326178307355e-01
5.541000000000000000e+03 1.893034651139876567e-01
5.542000000000000000e+03 1.887943436064883074e-01
5.543000000000000000e+03 1.883232220756917985e-01
5.544000000000000000e+03 1.878949507282110520e-01
5.545000000000000000e+03 1.875128254805921713e-01
5.546000000000000000e+03 1.871786625651256641e-01
5.547000000000000000e+03 1.868930516448884249e-01
5.548000000000000000e+03 1.866557030626743996e-01
5.549000000000000000e+03 1.864658297359041150e-01
5.550000000000000000e+03 1.863225145329688859e-01
5.551000000000000000e+03 1.862249989951775264e-01
5.552000000000000000e+03 1.861728332798020524e-01
5.553000000000000000e+03 1.861658542766201907e-01
5.554000000000000000e+03 1.862040303383641349e-01
5.555000000000000000e+03 1.862871998545527208e-01
5.556000000000000000e+03 1.864147834518576352e-01
5.557000000000000000e+03 1.865856163860294126e-01
5.558000000000000000e+03 1.867979281566038430e-01
5.559000000000000000e+03 1.870494588941071235e-01
5.560000000000000000e+03 1.873377088243182720e-01
5.561000000000000000e+03 1.876602371252416857e-01
5.562000000000000000e+03 1.880148746535156290e-01
5.563000000000000000e+03 1.883997937260439293e-01
5.564000000000000000e+03 1.888134239169726170e-01
5.565000000000000000e+03 1.892542090208516881e-01
5.566000000000000000e+03 1.897203272149661502e-01
5.567000000000000000e+03 1.902094471034579959e-01
5.568000000000000000e+03 1.907185484006607701e-01
5.569000000000000000e+03 1.912438603743559784e-01
5.570000000000000000e+03 1.917809154781135728e-01
5.571000000000000000e+03 1.923247121156927975e-01
5.572000000000000000e+03 1.928699203429200537e-01
5.573000000000000000e+03 1.934111441271144094e-01
5.574000000000000000e+03 1.939432166160171001e-01
5.575000000000000000e+03 1.944614580238920587e-01
5.576000000000000000e+03 1.949618895550160047e-01
5.577000000000000000e+03 1.954413573665675918e-01
5.578000000000000000e+03 1.958975625307788626e-01
5.579000000000000000e+03 1.963290103228344519e-01
5.580000000000000000e+03 1.967348841394095105e-01
5.581000000000000000e+03 1.971148140913396019e-01
5.582000000000000000e+03 1.974686674985067225e-01
5.583000000000000000e+03 1.977963627467106411e-01
5.584000000000000000e+03 1.980976669481777086e-01
5.585000000000000000e+03 1.983720640459149531e-01
5.586000000000000000e+03 1.986186047119577469e-01
5.587000000000000000e+03 1.988357928055775048e-01
5.588000000000000000e+03 1.990214705636498271e-01
5.589000000000000000e+03 1.991727090987555626e-01
5.590000000000000000e+03 1.992857707516103583e-01
5.591000000000000000e+03 1.993562187822773835e-01
5.592000000000000000e+03 1.993791484278144288e-01
5.593000000000000000e+03 1.993494837258570629e-01
5.594000000000000000e+03 1.992623629284636655e-01
5.595000000000000000e+03 1.991135198200308931e-01
5.596000000000000000e+03 1.988996360473344605e-01
5.597000000000000000e+03 1.986186056413973278e-01
5.598000000000000000e+03 1.982698030425438240e-01
5.599000000000000000e+03 1.978542338744392060e-01
5.600000000000000000e+03 1.973746700968118661e-01
5.601000000000000000e+03 1.968357359243334548e-01
5.602000000000000000e+03 1.962438346680451806e-01
5.603000000000000000e+03 1.956069195037727360e-01
5.604000000000000000e+03 1.949340858127729947e-01
5.605000000000000000e+03 1.942350464232056595e-01
5.606000000000000000e+03 1.935196162360807159e-01
5.607000000000000000e+03 1.927972790763940458e-01
5.608000000000000000e+03 1.920768932205165203e-01
5.609000000000000000e+03 1.913665348001937772e-01
5.610000000000000000e+03 1.906734342215464784e-01
5.611000000000000000e+03 1.900039623730179761e-01
5.612000000000000000e+03 1.893636743498604280e-01
5.613000000000000000e+03 1.887573234669799316e-01
5.614000000000000000e+03 1.881888431512675486e-01
5.615000000000000000e+03 1.876613025545408875e-01
5.616000000000000000e+03 1.871767962486731163e-01
5.617000000000000000e+03 1.867363132978379081e-01
5.618000000000000000e+03 1.863396144068450999e-01
5.619000000000000000e+03 1.859851834024005002e-01
5.620000000000000000e+03 1.856702959299986189e-01
5.621000000000000000e+03 1.853912017827690217e-01
5.622000000000000000e+03 1.851434311398207078e-01
5.623000000000000000e+03 1.849221932669444790e-01
5.624000000000000000e+03 1.847228557330039267e-01
5.625000000000000000e+03 1.845414123844553167e-01
5.626000000000000000e+03 1.843749011905003732e-01
5.627000000000000000e+03 1.842217172634105782e-01
5.628000000000000000e+03 1.840817575112313476e-01
5.629000000000000000e+03 1.839563100919704985e-01
5.630000000000000000e+03 1.838476791037658153e-01
5.631000000000000000e+03 1.837586507802901337e-01
5.632000000000000000e+03 1.836919531838931419e-01
5.633000000000000000e+03 1.836497893688378569e-01
5.634000000000000000e+03 1.836334433927235832e-01
5.635000000000000000e+03 1.836429825535350058e-01
5.636000000000000000e+03 1.836770310060720779e-01
5.637000000000000000e+03 1.837326335081601036e-01
5.638000000000000000e+03 1.838052729836121002e-01
5.639000000000000000e+03 1.838891824641901707e-01
5.640000000000000000e+03 1.839779235576715077e-01
5.641000000000000000e+03 1.840651736451324738e-01
5.642000000000000000e+03 1.841454405657333426e-01
5.643000000000000000e+03 1.842143633095159050e-01
5.644000000000000000e+03 1.842686352631658364e-01
5.645000000000000000e+03 1.843056786424079885e-01
5.646000000000000000e+03 1.843234271683980574e-01
5.647000000000000000e+03 1.843204080252706378e-01
5.648000000000000000e+03 1.842960765705379811e-01
5.649000000000000000e+03 1.842511667328651515e-01
5.650000000000000000e+03 1.841879202541112370e-01
5.651000000000000000e+03 1.841100927381522367e-01
5.652000000000000000e+03 1.840227098412215434e-01
5.653000000000000000e+03 1.839316650603957104e-01
5.654000000000000000e+03 1.838432383612844112e-01
5.655000000000000000e+03 1.837635827617783990e-01
5.656000000000000000e+03 1.836982246787299822e-01
5.657000000000000000e+03 1.836516273022046342e-01
5.658000000000000000e+03 1.836268448967014189e-01
5.659000000000000000e+03 1.836253538068395585e-01
5.660000000000000000e+03 1.836470700942856860e-01
5.661000000000000000e+03 1.836905354524847878e-01
5.662000000000000000e+03 1.837532786632283532e-01
5.663000000000000000e+03 1.838321629208141128e-01
5.664000000000000000e+03 1.839237608142731684e-01
5.665000000000000000e+03 1.840245694835578594e-01
5.666000000000000000e+03 1.841311419378227621e-01
5.667000000000000000e+03 1.842401441432783837e-01
5.668000000000000000e+03 1.843483796289365206e-01
5.669000000000000000e+03 1.844528202375904646e-01
5.670000000000000000e+03 1.845506549660788642e-01
5.671000000000000000e+03 1.846394060543554705e-01
5.672000000000000000e+03 1.847170877358853547e-01
5.673000000000000000e+03 1.847823756320896571e-01
5.674000000000000000e+03 1.848348014821379892e-01
5.675000000000000000e+03 1.848749121879194601e-01
5.676000000000000000e+03 1.849042842266727105e-01
5.677000000000000000e+03 1.849254339400567826e-01
5.678000000000000000e+03 1.849416208280768581e-01
5.679000000000000000e+03 1.849565353908163290e-01
5.680000000000000000e+03 1.849739253525610194e-01
5.681000000000000000e+03 1.849972672679000008e-01
5.682000000000000000e+03 1.850295493821485504e-01
5.683000000000000000e+03 1.850731382112268397e-01
5.684000000000000000e+03 1.851297937406664595e-01
5.685000000000000000e+03 1.852007476737339564e-01
5.686000000000000000e+03 1.852867590941758014e-01
5.687000000000000000e+03 1.853881207915584473e-01
5.688000000000000000e+03 1.855046301223587935e-01
5.689000000000000000e+03 1.856355840708776017e-01
5.690000000000000000e+03 1.857797906008310240e-01
5.691000000000000000e+03 1.859356063646881163e-01
5.692000000000000000e+03 1.861010292689172230e-01
5.693000000000000000e+03 1.862738244990065906e-01
5.694000000000000000e+03 1.864516650080555449e-01
5.695000000000000000e+03 1.866322506948040194e-01
5.696000000000000000e+03 1.868134319957974188e-01
5.697000000000000000e+03 1.869933065794999461e-01
5.698000000000000000e+03 1.871702694182337257e-01
5.699000000000000000e+03 1.873430352278224464e-01
5.700000000000000000e+03 1.875106594888910627e-01
5.701000000000000000e+03 1.876725729824882949e-01
5.702000000000000000e+03 1.878285871788889505e-01
5.703000000000000000e+03 1.879788836558677900e-01
5.704000000000000000e+03 1.881239499201679266e-01
5.705000000000000000e+03 1.882644899471861422e-01
5.706000000000000000e+03 1.884012943389480887e-01
5.707000000000000000e+03 1.885350804563553639e-01
5.708000000000000000e+03 1.886663473786053258e-01
5.709000000000000000e+03 1.887953065867412628e-01
5.710000000000000000e+03 1.889218613944411707e-01
5.711000000000000000e+03 1.890456575630535818e-01
5.712000000000000000e+03 1.891661803548132792e-01
5.713000000000000000e+03 1.892829082912843575e-01
5.714000000000000000e+03 1.893954505368805052e-01
5.715000000000000000e+03 1.895036464932815523e-01
5.716000000000000000e+03 1.896075547202396572e-01
5.717000000000000000e+03 1.897073541325493828e-01
5.718000000000000000e+03 1.898031565601096537e-01
5.719000000000000000e+03 1.898947823253331058e-01
5.720000000000000000e+03 1.899815015869183166e-01
5.721000000000000000e+03 1.900618028543337168e-01
5.722000000000000000e+03 1.901332395874363312e-01
5.723000000000000000e+03 1.901923317782813205e-01
5.724000000000000000e+03 1.902345925992065256e-01
5.725000000000000000e+03 1.902546242678358479e-01
5.726000000000000000e+03 1.902463339003891973e-01
5.727000000000000000e+03 1.902032550684771839e-01
5.728000000000000000e+03 1.901189958920460610e-01
5.729000000000000000e+03 1.899877383267824515e-01
5.730000000000000000e+03 1.898047738783081861e-01
5.731000000000000000e+03 1.895670154716496691e-01
5.732000000000000000e+03 1.892733985724625589e-01
5.733000000000000000e+03 1.889250981335486856e-01
5.734000000000000000e+03 1.885255401232308614e-01
5.735000000000000000e+03 1.880801663123851664e-01
5.736000000000000000e+03 1.875960919761993639e-01
5.737000000000000000e+03 1.870816007245717505e-01
5.738000000000000000e+03 1.865455821751383636e-01
5.739000000000000000e+03 1.859970159498817721e-01
5.740000000000000000e+03 1.854445086664729958e-01
5.741000000000000000e+03 1.848958897259727063e-01
5.742000000000000000e+03 1.843578989061906148e-01
5.743000000000000000e+03 1.838359572704996170e-01
5.744000000000000000e+03 1.833340788903862206e-01
5.745000000000000000e+03 1.828548784449904041e-01
5.746000000000000000e+03 1.823997098877588319e-01
5.747000000000000000e+03 1.819689108893016438e-01
5.748000000000000000e+03 1.815620486989700244e-01
5.749000000000000000e+03 1.811781829820660605e-01
5.750000000000000000e+03 1.808160829678044090e-01
5.751000000000000000e+03 1.804743944631209407e-01
5.752000000000000000e+03 1.801518038349079753e-01
5.753000000000000000e+03 1.798471248728384653e-01
5.754000000000000000e+03 1.795593723151595877e-01
5.755000000000000000e+03 1.792878284081945162e-01
5.756000000000000000e+03 1.790320218977651257e-01
5.757000000000000000e+03 1.787917307330272876e-01
5.758000000000000000e+03 1.785669890583638231e-01
5.759000000000000000e+03 1.783580993807813986e-01
5.760000000000000000e+03 1.781657491619653144e-01
5.761000000000000000e+03 1.779912132957536808e-01
5.762000000000000000e+03 1.778365397365618550e-01
5.763000000000000000e+03 1.777046552347143760e-01
5.764000000000000000e+03 1.775992366413999268e-01
5.765000000000000000e+03 1.775243625710010154e-01
5.766000000000000000e+03 1.774839413143978473e-01
5.767000000000000000e+03 1.774810865442738028e-01
5.768000000000000000e+03 1.775175893117793280e-01
5.769000000000000000e+03 1.775936117671884085e-01
5.770000000000000000e+03 1.777077093706322941e-01
5.771000000000000000e+03 1.778571370557435471e-01
5.772000000000000000e+03 1.780384099528299346e-01
5.773000000000000000e+03 1.782479489758533320e-01
5.774000000000000000e+03 1.784827181423504494e-01
5.775000000000000000e+03 1.787406120605755377e-01
5.776000000000000000e+03 1.790205500181878961e-01
5.777000000000000000e+03 1.793222801952729095e-01
5.778000000000000000e+03 1.796460132066630133e-01
5.779000000000000000e+03 1.799920179939052955e-01
5.780000000000000000e+03 1.803602689583398977e-01
5.781000000000000000e+03 1.807502044856414414e-01
5.782000000000000000e+03 1.811606361572826729e-01
5.783000000000000000e+03 1.815897811843636966e-01
5.784000000000000000e+03 1.820353226301131278e-01
5.785000000000000000e+03 1.824945120420198019e-01
5.786000000000000000e+03 1.829642850889470762e-01
5.787000000000000000e+03 1.834413507163943358e-01
5.788000000000000000e+03 1.839222333051501734e-01
5.789000000000000000e+03 1.844032809411789708e-01
5.790000000000000000e+03 1.848806567589760808e-01
5.791000000000000000e+03 1.853503314559373227e-01
5.792000000000000000e+03 1.858080952803972119e-01
5.793000000000000000e+03 1.862496412713238181e-01
5.794000000000000000e+03 1.866707319211634852e-01
5.795000000000000000e+03 1.870674031823393035e-01
5.796000000000000000e+03 1.874362124419758913e-01
5.797000000000000000e+03 1.877743865102594889e-01
5.798000000000000000e+03 1.880798376585436360e-01
5.799000000000000000e+03 1.883511017511053376e-01
5.800000000000000000e+03 1.885871995149856761e-01
5.801000000000000000e+03 1.887874876820841430e-01
5.802000000000000000e+03 1.889516070095895173e-01
5.803000000000000000e+03 1.890795084830584893e-01
5.804000000000000000e+03 1.891715618459000881e-01
5.805000000000000000e+03 1.892287300079276702e-01
5.806000000000000000e+03 1.892527116413769417e-01
5.807000000000000000e+03 1.892460737992798792e-01
5.808000000000000000e+03 1.892123090437716482e-01
5.809000000000000000e+03 1.891557454359240054e-01
5.810000000000000000e+03 1.890813391221801698e-01
5.811000000000000000e+03 1.889943755791823887e-01
5.812000000000000000e+03 1.889000816048155007e-01
5.813000000000000000e+03 1.888033056591119918e-01
5.814000000000000000e+03 1.887083151019400273e-01
5.815000000000000000e+03 1.886187867378716909e-01
5.816000000000000000e+03 1.885379698770315304e-01
5.817000000000000000e+03 1.884689546613503297e-01
5.818000000000000000e+03 1.884149631878633824e-01
5.819000000000000000e+03 1.883795904769574037e-01
5.820000000000000000e+03 1.883669140151378874e-01
5.821000000000000000e+03 1.883814238747464342e-01
5.822000000000000000e+03 1.884278382211277414e-01
5.823000000000000000e+03 1.885107943462842051e-01
5.824000000000000000e+03 1.886344239713623749e-01
5.825000000000000000e+03 1.888019162640608706e-01
5.826000000000000000e+03 1.890151312003136852e-01
5.827000000000000000e+03 1.892743008212164069e-01
5.828000000000000000e+03 1.895778703165890422e-01
5.829000000000000000e+03 1.899225389330078950e-01
5.830000000000000000e+03 1.903034906340572430e-01
5.831000000000000000e+03 1.907146940386639233e-01
5.832000000000000000e+03 1.911492467498063785e-01
5.833000000000000000e+03 1.915996790770215508e-01
5.834000000000000000e+03 1.920581943382830836e-01
5.835000000000000000e+03 1.925168284320507017e-01
5.836000000000000000e+03 1.929675518603749529e-01
5.837000000000000000e+03 1.934023367428494566e-01
5.838000000000000000e+03 1.938132042440644520e-01
5.839000000000000000e+03 1.941923022917804442e-01
5.840000000000000000e+03 1.945320394201123237e-01
5.841000000000000000e+03 1.948252578573275717e-01
5.842000000000000000e+03 1.950655116363507746e-01
5.843000000000000000e+03 1.952474007288106383e-01
5.844000000000000000e+03 1.953669505212034530e-01
5.845000000000000000e+03 1.954219541663597681e-01
5.846000000000000000e+03 1.954122166042953634e-01
5.847000000000000000e+03 1.953395751512854162e-01
5.848000000000000000e+03 1.952077229613825571e-01
5.849000000000000000e+03 1.950218973044602344e-01
5.850000000000000000e+03 1.947884608292143604e-01
5.851000000000000000e+03 1.945145007233475276e-01
5.852000000000000000e+03 1.942074103188647094e-01
5.853000000000000000e+03 1.938745269140230987e-01
5.854000000000000000e+03 1.935228111537080631e-01
5.855000000000000000e+03 1.931585301091333084e-01
5.856000000000000000e+03 1.927870097152699358e-01
5.857000000000000000e+03 1.924124747077435860e-01
5.858000000000000000e+03 1.920380264898888523e-01
5.859000000000000000e+03 1.916656870053872752e-01
5.860000000000000000e+03 1.912965192327947817e-01
5.861000000000000000e+03 1.909307930762955685e-01
5.862000000000000000e+03 1.905681739962979959e-01
5.863000000000000000e+03 1.902078899883936636e-01
5.864000000000000000e+03 1.898488971181838125e-01
5.865000000000000000e+03 1.894900099824440853e-01
5.866000000000000000e+03 1.891300049851991072e-01
5.867000000000000000e+03 1.887676580888086042e-01
5.868000000000000000e+03 1.884017451502649487e-01
5.869000000000000000e+03 1.880309747402476861e-01
5.870000000000000000e+03 1.876539516994007450e-01
5.871000000000000000e+03 1.872690886782588660e-01
5.872000000000000000e+03 1.868745406079663496e-01
5.873000000000000000e+03 1.864682508642022118e-01
5.874000000000000000e+03 1.860480835655991538e-01
5.875000000000000000e+03 1.856121341776139633e-01
5.876000000000000000e+03 1.851590821123296760e-01
5.877000000000000000e+03 1.846886014815829480e-01
5.878000000000000000e+03 1.842016441742032606e-01
5.879000000000000000e+03 1.837005813916529617e-01
5.880000000000000000e+03 1.831891417831072455e-01
5.881000000000000000e+03 1.826722810992401635e-01
5.882000000000000000e+03 1.821560207558134414e-01
5.883000000000000000e+03 1.816473801107103270e-01
5.884000000000000000e+03 1.811543430028472179e-01
5.885000000000000000e+03 1.806857892975022306e-01
5.886000000000000000e+03 1.802513430773727554e-01
5.887000000000000000e+03 1.798610577128653965e-01
5.888000000000000000e+03 1.795249575178767820e-01
5.889000000000000000e+03 1.792525384342484318e-01
5.890000000000000000e+03 1.790522842094109668e-01
5.891000000000000000e+03 1.789312817963359947e-01
5.892000000000000000e+03 1.788948971423478251e-01
5.893000000000000000e+03 1.789465083131906442e-01
5.894000000000000000e+03 1.790873162178580058e-01
5.895000000000000000e+03 1.793161964034750144e-01
5.896000000000000000e+03 1.796296268448085987e-01
5.897000000000000000e+03 1.800217258262653830e-01
5.898000000000000000e+03 1.804844042826557471e-01
5.899000000000000000e+03 1.810076184929417797e-01
5.900000000000000000e+03 1.815797844967643737e-01
5.901000000000000000e+03 1.821883433911802574e-01
5.902000000000000000e+03 1.828204110732543353e-01
5.903000000000000000e+03 1.834634917707981261e-01
5.904000000000000000e+03 1.841061989309642488e-01
5.905000000000000000e+03 1.847388746461839371e-01
5.906000000000000000e+03 1.853540964049575912e-01
5.907000000000000000e+03 1.859469758710960985e-01
5.908000000000000000e+03 1.865152549309285201e-01
5.909000000000000000e+03 1.870591995502978444e-01
5.910000000000000000e+03 1.875813284268991743e-01
5.911000000000000000e+03 1.880859095812921766e-01
5.912000000000000000e+03 1.885782810115665953e-01
5.913000000000000000e+03 1.890640378896307205e-01
5.914000000000000000e+03 1.895482031796823508e-01
5.915000000000000000e+03 1.900345008717221063e-01
5.916000000000000000e+03 1.905248404328441780e-01
5.917000000000000000e+03 1.910190854123597903e-01
5.918000000000000000e+03 1.915150651742221211e-01
5.919000000000000000e+03 1.920087980158624030e-01
5.920000000000000000e+03 1.924948595977458432e-01
5.921000000000000000e+03 1.929668227790453661e-01
5.922000000000000000e+03 1.934177492470585680e-01
5.923000000000000000e+03 1.938406877154512653e-01
5.924000000000000000e+03 1.942291827680497074e-01
5.925000000000000000e+03 1.945778086087364689e-01
5.926000000000000000e+03 1.948826801462777147e-01
5.927000000000000000e+03 1.951418817294438279e-01
5.928000000000000000e+03 1.953556764515402000e-01
5.929000000000000000e+03 1.955264982544651364e-01
5.930000000000000000e+03 1.956587089892261599e-01
5.931000000000000000e+03 1.957581133820377739e-01
5.932000000000000000e+03 1.958313868514566236e-01
5.933000000000000000e+03 1.958854644688835245e-01
5.934000000000000000e+03 1.959270308890190548e-01
5.935000000000000000e+03 1.959621648760962453e-01
5.936000000000000000e+03 1.959961500598305650e-01
5.937000000000000000e+03 1.960333993130259078e-01
5.938000000000000000e+03 1.960774245410401850e-01
5.939000000000000000e+03 1.961308784276566686e-01
5.940000000000000000e+03 1.961956045766995449e-01
5.941000000000000000e+03 1.962726787109994320e-01
5.942000000000000000e+03 1.963624818526747418e-01
5.943000000000000000e+03 1.964648406481629694e-01
5.944000000000000000e+03 1.965791907290773688e-01
5.945000000000000000e+03 1.967047160715451048e-01
5.946000000000000000e+03 1.968404374822298741e-01
5.947000000000000000e+03 1.969852394735581158e-01
5.948000000000000000e+03 1.971378263336744374e-01
5.949000000000000000e+03 1.972966747138145682e-01
5.950000000000000000e+03 1.974600600259216465e-01
5.951000000000000000e+03 1.976261582646939297e-01
5.952000000000000000e+03 1.977932838344169109e-01
5.953000000000000000e+03 1.979601899811540000e-01
5.954000000000000000e+03 1.981263593655685773e-01
5.955000000000000000e+03 1.982922307545081919e-01
5.956000000000000000e+03 1.984592558811347773e-01
5.957000000000000000e+03 1.986297597598924713e-01
5.958000000000000000e+03 1.988066393541422505e-01
5.959000000000000000e+03 1.989929470546867307e-01
5.960000000000000000e+03 1.991914303723695545e-01
5.961000000000000000e+03 1.994041284445676188e-01
5.962000000000000000e+03 1.996320609969949311e-01
5.963000000000000000e+03 1.998750150761692823e-01
5.964000000000000000e+03 2.001314455264991965e-01
5.965000000000000000e+03 2.003984454095721901e-01
5.966000000000000000e+03 2.006718922037839803e-01
5.967000000000000000e+03 2.009467345290297247e-01
5.968000000000000000e+03 2.012174164116959374e-01
5.969000000000000000e+03 2.014784177622999661e-01
5.970000000000000000e+03 2.017247891674353588e-01
5.971000000000000000e+03 2.019526691718259714e-01
5.972000000000000000e+03 2.021595972254889295e-01
5.973000000000000000e+03 2.023446023488131573e-01
5.974000000000000000e+03 2.025080983136773038e-01
5.975000000000000000e+03 2.026516238548684568e-01
5.976000000000000000e+03 2.027774704334549538e-01
5.977000000000000000e+03 2.028882997802011201e-01
5.978000000000000000e+03 2.029867687907059848e-01
5.979000000000000000e+03 2.030751899464281751e-01
5.980000000000000000e+03 2.031552426626282992e-01
5.981000000000000000e+03 2.032277860392042723e-01
5.982000000000000000e+03 2.032927425458774806e-01
5.983000000000000000e+03 2.033491103044686166e-01
5.984000000000000000e+03 2.033951201426176802e-01
5.985000000000000000e+03 2.034285137278611932e-01
5.986000000000000000e+03 2.034469243966005592e-01
5.987000000000000000e+03 2.034482481131196230e-01
5.988000000000000000e+03 2.034309891614852761e-01
5.989000000000000000e+03 2.033945037544973300e-01
5.990000000000000000e+03 2.033390989892622791e-01
5.991000000000000000e+03 2.032660524799618784e-01
5.992000000000000000e+03 2.031774717869715974e-01
5.993000000000000000e+03 2.030761065211140470e-01
5.994000000000000000e+03 2.029651334218808278e-01
5.995000000000000000e+03 2.028479305148643552e-01
5.996000000000000000e+03 2.027278557124994052e-01
5.997000000000000000e+03 2.026080720322063211e-01
5.998000000000000000e+03 2.024914135399688564e-01
5.999000000000000000e+03 2.023803277135985956e-01
6.000000000000000000e+03 2.022768400929220722e-01
6.001000000000000000e+03 2.021825143569629113e-01
6.002000000000000000e+03 2.020984656866324780e-01
6.003000000000000000e+03 2.020253716244599096e-01
6.004000000000000000e+03 2.019634537990455114e-01
6.005000000000000000e+03 2.019124865034587768e-01
6.006000000000000000e+03 2.018718195377998958e-01
6.007000000000000000e+03 2.018403246682906604e-01
6.008000000000000000e+03 2.018163580134079427e-01
6.009000000000000000e+03 2.017977267504944550e-01
6.010000000000000000e+03 2.017816558599722920e-01
6.011000000000000000e+03 2.017647885763393101e-01
6.012000000000000000e+03 2.017433201832217193e-01
6.013000000000000000e+03 2.017132688748550784e-01
6.014000000000000000e+03 2.016708991619188540e-01
6.015000000000000000e+03 2.016132637886977053e-01
6.016000000000000000e+03 2.015387865027221947e-01
6.017000000000000000e+03 2.014477871151608701e-01
6.018000000000000000e+03 2.013427961330111482e-01
6.019000000000000000e+03 2.012286004714592957e-01
6.020000000000000000e+03 2.011119894327376145e-01
6.021000000000000000e+03 2.010011804765264865e-01
6.022000000000000000e+03 2.009051074090005828e-01
6.023000000000000000e+03 2.008326188286707059e-01
6.024000000000000000e+03 2.007917416596275983e-01
6.025000000000000000e+03 2.007891137365542811e-01
6.026000000000000000e+03 2.008296233178089307e-01
6.027000000000000000e+03 2.009162543222205721e-01
6.028000000000000000e+03 2.010500894948555883e-01
6.029000000000000000e+03 2.012304729095466815e-01
6.030000000000000000e+03 2.014552772807920999e-01
6.031000000000000000e+03 2.017212070644626709e-01
6.032000000000000000e+03 2.020240992731205387e-01
6.033000000000000000e+03 2.023592060530739478e-01
6.034000000000000000e+03 2.027214265527305381e-01
6.035000000000000000e+03 2.031054645653771473e-01
6.036000000000000000e+03 2.035059250954646126e-01
6.037000000000000000e+03 2.039172892908263091e-01
6.038000000000000000e+03 2.043338808096382131e-01
6.039000000000000000e+03 2.047497910279799105e-01
6.040000000000000000e+03 2.051588485797744832e-01
6.041000000000000000e+03 2.055546475794810535e-01
6.042000000000000000e+03 2.059306904320218901e-01
6.043000000000000000e+03 2.062806140767785568e-01
6.044000000000000000e+03 2.065985623575371244e-01
6.045000000000000000e+03 2.068796211619974290e-01
6.046000000000000000e+03 2.071202599845752834e-01
6.047000000000000000e+03 2.073186900062460036e-01
6.048000000000000000e+03 2.074750523656431755e-01
6.049000000000000000e+03 2.075914402548856286e-01
6.050000000000000000e+03 2.076716737963930914e-01
6.051000000000000000e+03 2.077208881471089008e-01
6.052000000000000000e+03 2.077450374828448965e-01
6.053000000000000000e+03 2.077503294916573373e-01
6.054000000000000000e+03 2.077427467058761135e-01
6.055000000000000000e+03 2.077276683534329260e-01
6.056000000000000000e+03 2.077095739645908323e-01
6.057000000000000000e+03 2.076918629297004881e-01
6.058000000000000000e+03 2.076766827722316133e-01
6.059000000000000000e+03 2.076647811977170854e-01
6.060000000000000000e+03 2.076554222462753674e-01
6.061000000000000000e+03 2.076463656872169772e-01
6.062000000000000000e+03 2.076340026214342771e-01
6.063000000000000000e+03 2.076136822458368170e-01
6.064000000000000000e+03 2.075801467155305169e-01
6.065000000000000000e+03 2.075281252287498046e-01
6.066000000000000000e+03 2.074529499781576081e-01
6.067000000000000000e+03 2.073511406088028863e-01
6.068000000000000000e+03 2.072208728547687007e-01
6.069000000000000000e+03 2.070622031868299129e-01
6.070000000000000000e+03 2.068770761832091909e-01
6.071000000000000000e+03 2.066690977923789363e-01
6.072000000000000000e+03 2.064430703573933990e-01
6.073000000000000000e+03 2.062044004058342928e-01
6.074000000000000000e+03 2.059584468051178230e-01
6.075000000000000000e+03 2.057098708528205255e-01
6.076000000000000000e+03 2.054620959478520859e-01
6.077000000000000000e+03 2.052169154437128995e-01
6.078000000000000000e+03 2.049742967406582017e-01
6.079000000000000000e+03 2.047324597986759087e-01
6.080000000000000000e+03 2.044881968426138230e-01
6.081000000000000000e+03 2.042374032428566633e-01
6.082000000000000000e+03 2.039757583370194194e-01
6.083000000000000000e+03 2.036994022212637589e-01
6.084000000000000000e+03 2.034055471483351973e-01
6.085000000000000000e+03 2.030928857417614031e-01
6.086000000000000000e+03 2.027617427658877092e-01
6.087000000000000000e+03 2.024139464681405098e-01
6.088000000000000000e+03 2.020524387721353565e-01
6.089000000000000000e+03 2.016807523011525105e-01
6.090000000000000000e+03 2.013024392994870460e-01
6.091000000000000000e+03 2.009205051830841859e-01
6.092000000000000000e+03 2.005368496826733793e-01
6.093000000000000000e+03 2.001518310271100387e-01
6.094000000000000000e+03 1.997640049565464482e-01
6.095000000000000000e+03 1.993701439089866079e-01
6.096000000000000000e+03 1.989655548881815172e-01
6.097000000000000000e+03 1.985446514278090269e-01
6.098000000000000000e+03 1.981017040698359599e-01
6.099000000000000000e+03 1.976316288805548826e-01
6.100000000000000000e+03 1.971306260207717487e-01
6.101000000000000000e+03 1.965966511027905927e-01
6.102000000000000000e+03 1.960296618630341103e-01
6.103000000000000000e+03 1.954315938265052677e-01
6.104000000000000000e+03 1.948060855079935816e-01
6.105000000000000000e+03 1.941579931925082048e-01
6.106000000000000000e+03 1.934927417387595217e-01
6.107000000000000000e+03 1.928156703555386486e-01
6.108000000000000000e+03 1.921315230054651546e-01
6.109000000000000000e+03 1.914441205719961125e-01
6.110000000000000000e+03 1.907562324824470523e-01
6.111000000000000000e+03 1.900696952090224490e-01
6.112000000000000000e+03 1.893856060772419470e-01
6.113000000000000000e+03 1.887045535182333422e-01
6.114000000000000000e+03 1.880267873114471466e-01
6.115000000000000000e+03 1.873522809852402327e-01
6.116000000000000000e+03 1.866807281999253165e-01
6.117000000000000000e+03 1.860115864281024489e-01
6.118000000000000000e+03 1.853441860131337660e-01
6.119000000000000000e+03 1.846779069683427699e-01
6.120000000000000000e+03 1.840123214438656452e-01
6.121000000000000000e+03 1.833472658287255697e-01
6.122000000000000000e+03 1.826828516050676976e-01
6.123000000000000000e+03 1.820194703955127502e-01
6.124000000000000000e+03 1.813579256398656359e-01
6.125000000000000000e+03 1.806996711089990382e-01
6.126000000000000000e+03 1.800470379284198619e-01
6.127000000000000000e+03 1.794032643710507524e-01
6.128000000000000000e+03 1.787722221453406368e-01
6.129000000000000000e+03 1.781579001342848412e-01
6.130000000000000000e+03 1.775638574716398854e-01
6.131000000000000000e+03 1.769928228556730265e-01
6.132000000000000000e+03 1.764465335292774717e-01
6.133000000000000000e+03 1.759258366481586400e-01
6.134000000000000000e+03 1.754309305620999626e-01
6.135000000000000000e+03 1.749617266575429209e-01
6.136000000000000000e+03 1.745182136009664486e-01
6.137000000000000000e+03 1.741007469512881878e-01
6.138000000000000000e+03 1.737102174150865763e-01
6.139000000000000000e+03 1.733479825320827505e-01
6.140000000000000000e+03 1.730155892133851681e-01
6.141000000000000000e+03 1.727143679730427928e-01
6.142000000000000000e+03 1.724449731101336258e-01
6.143000000000000000e+03 1.722069869380590534e-01
6.144000000000000000e+03 1.719987079691244203e-01
6.145000000000000000e+03 1.718172089137986469e-01
6.146000000000000000e+03 1.716586211139102258e-01
6.147000000000000000e+03 1.715186566864802531e-01
6.148000000000000000e+03 1.713931911068757863e-01
6.149000000000000000e+03 1.712788270834653681e-01
6.150000000000000000e+03 1.711733609319402438e-01
6.151000000000000000e+03 1.710761485735950438e-01
6.152000000000000000e+03 1.709883569461087549e-01
6.153000000000000000e+03 1.709131144014378045e-01
6.154000000000000000e+03 1.708555147607708768e-01
6.155000000000000000e+03 1.708223504625324130e-01
6.156000000000000000e+03 1.708215496321658644e-01
6.157000000000000000e+03 1.708614111884613762e-01
6.158000000000000000e+03 1.709497462140373847e-01
6.159000000000000000e+03 1.710930906955275832e-01
6.160000000000000000e+03 1.712960946607995916e-01
6.161000000000000000e+03 1.715611694207032911e-01
6.162000000000000000e+03 1.718883362257183911e-01
6.163000000000000000e+03 1.722753455148031410e-01
6.164000000000000000e+03 1.727179591503937017e-01
6.165000000000000000e+03 1.732103749789723479e-01
6.166000000000000000e+03 1.737457484933132845e-01
6.167000000000000000e+03 1.743167749147781498e-01
6.168000000000000000e+03 1.749161888462418268e-01
6.169000000000000000e+03 1.755371924974761522e-01
6.170000000000000000e+03 1.761737475830061905e-01
6.171000000000000000e+03 1.768207474926706269e-01
6.172000000000000000e+03 1.774741022374544119e-01
6.173000000000000000e+03 1.781307886866049794e-01
6.174000000000000000e+03 1.787888221675752731e-01
6.175000000000000000e+03 1.794471127417935907e-01
6.176000000000000000e+03 1.801052238554147755e-01
6.177000000000000000e+03 1.807629556502567958e-01
6.178000000000000000e+03 1.814198546835445736e-01
6.179000000000000000e+03 1.820747702182816674e-01
6.180000000000000000e+03 1.827254983560877011e-01
6.181000000000000000e+03 1.833686848222124133e-01
6.182000000000000000e+03 1.839999559272956497e-01
6.183000000000000000e+03 1.846142857206895804e-01
6.184000000000000000e+03 1.852065347063470424e-01
6.185000000000000000e+03 1.857720899961305683e-01
6.186000000000000000e+03 1.863074855636541738e-01
6.187000000000000000e+03 1.868109323125084487e-01
6.188000000000000000e+03 1.872826658993411164e-01
6.189000000000000000e+03 1.877250843557364268e-01
6.190000000000000000e+03 1.881426279034176807e-01
6.191000000000000000e+03 1.885414022471601780e-01
6.192000000000000000e+03 1.889286088935118735e-01
6.193000000000000000e+03 1.893118495909729970e-01
6.194000000000000000e+03 1.896984005445203902e-01
6.195000000000000000e+03 1.900945711123738224e-01
6.196000000000000000e+03 1.905051259453745538e-01
6.197000000000000000e+03 1.909328809099971325e-01
6.198000000000000000e+03 1.913784934414074212e-01
6.199000000000000000e+03 1.918404240265922933e-01
6.200000000000000000e+03 1.923151030668506789e-01
6.201000000000000000e+03 1.927972323907047314e-01
6.202000000000000000e+03 1.932801713907958407e-01
6.203000000000000000e+03 1.937564327863472158e-01
6.204000000000000000e+03 1.942182088074574930e-01
6.205000000000000000e+03 1.946579146836391050e-01
6.206000000000000000e+03 1.950686377309495678e-01
6.207000000000000000e+03 1.954444783538423214e-01
6.208000000000000000e+03 1.957807099179126042e-01
6.209000000000000000e+03 1.960737655215968323e-01
6.210000000000000000e+03 1.963210991467140842e-01
6.211000000000000000e+03 1.965210096608521195e-01
6.212000000000000000e+03 1.966725027934658199e-01
6.213000000000000000e+03 1.967752056126564619e-01
6.214000000000000000e+03 1.968293772607831449e-01
6.215000000000000000e+03 1.968359840240503644e-01
6.216000000000000000e+03 1.967968072465976770e-01
6.217000000000000000e+03 1.967145231415529105e-01
6.218000000000000000e+03 1.965927405081841772e-01
6.219000000000000000e+03 1.964359834550103157e-01
6.220000000000000000e+03 1.962496370620443464e-01
6.221000000000000000e+03 1.960398418899546580e-01
6.222000000000000000e+03 1.958133458462270049e-01
6.223000000000000000e+03 1.955773024414695360e-01
6.224000000000000000e+03 1.953390196222851150e-01
6.225000000000000000e+03 1.951056869582812880e-01
6.226000000000000000e+03 1.948840831558909525e-01
6.227000000000000000e+03 1.946803193219435457e-01
6.228000000000000000e+03 1.944996434864889601e-01
6.229000000000000000e+03 1.943463018942911957e-01
6.230000000000000000e+03 1.942234725412382290e-01
6.231000000000000000e+03 1.941332503809631571e-01
6.232000000000000000e+03 1.940766199665329983e-01
6.233000000000000000e+03 1.940534301758979896e-01
6.234000000000000000e+03 1.940623882676006939e-01
6.235000000000000000e+03 1.941010579671795799e-01
6.236000000000000000e+03 1.941658884328295587e-01
6.237000000000000000e+03 1.942523589844106502e-01
6.238000000000000000e+03 1.943552125027475097e-01
6.239000000000000000e+03 1.944687440553665714e-01
6.240000000000000000e+03 1.945871651191614093e-01
6.241000000000000000e+03 1.947049327913830674e-01
6.242000000000000000e+03 1.948169378262020746e-01
6.243000000000000000e+03 1.949185098649660053e-01
6.244000000000000000e+03 1.950052874101649847e-01
6.245000000000000000e+03 1.950730577690449885e-01
6.246000000000000000e+03 1.951176393160899969e-01
6.247000000000000000e+03 1.951348302228537723e-01
6.248000000000000000e+03 1.951204543037375894e-01
6.249000000000000000e+03 1.950704613508960072e-01
6.250000000000000000e+03 1.949810335488911806e-01
6.251000000000000000e+03 1.948487251349190208e-01
6.252000000000000000e+03 1.946706660031342628e-01
6.253000000000000000e+03 1.944447231634014728e-01
6.254000000000000000e+03 1.941697099034103702e-01
6.255000000000000000e+03 1.938455382189569476e-01
6.256000000000000000e+03 1.934732779734227581e-01
6.257000000000000000e+03 1.930551586442428580e-01
6.258000000000000000e+03 1.925945395722982456e-01
6.259000000000000000e+03 1.920958069983517702e-01
6.260000000000000000e+03 1.915642694416525571e-01
6.261000000000000000e+03 1.910060031553054705e-01
6.262000000000000000e+03 1.904276045309195586e-01
6.263000000000000000e+03 1.898359163658573656e-01
6.264000000000000000e+03 1.892377412981660345e-01
6.265000000000000000e+03 1.886396083220902575e-01
6.266000000000000000e+03 1.880475427739306260e-01
6.267000000000000000e+03 1.874669614129985673e-01
6.268000000000000000e+03 1.869026119959891763e-01
6.269000000000000000e+03 1.863585249894735285e-01
6.270000000000000000e+03 1.858379706410578924e-01
6.271000000000000000e+03 1.853434362458445950e-01
6.272000000000000000e+03 1.848766077534151064e-01
6.273000000000000000e+03 1.844383049855706780e-01
6.274000000000000000e+03 1.840284415327088363e-01
6.275000000000000000e+03 1.836459687119492701e-01
6.276000000000000000e+03 1.832888381103238151e-01
6.277000000000000000e+03 1.829539921352384968e-01
6.278000000000000000e+03 1.826374654548585108e-01
6.279000000000000000e+03 1.823346298301133928e-01
6.280000000000000000e+03 1.820405277265056965e-01
6.281000000000000000e+03 1.817503305096814514e-01
6.282000000000000000e+03 1.814598169679955686e-01
6.283000000000000000e+03 1.811657932498123014e-01
6.284000000000000000e+03 1.808663982595388187e-01
6.285000000000000000e+03 1.805612463596703576e-01
6.286000000000000000e+03 1.802514416199930969e-01
6.287000000000000000e+03 1.799394806645168987e-01
6.288000000000000000e+03 1.796290947011656147e-01
6.289000000000000000e+03 1.793249977003374962e-01
6.290000000000000000e+03 1.790326304111546363e-01
6.291000000000000000e+03 1.787579404053394327e-01
6.292000000000000000e+03 1.785071657556965841e-01
6.293000000000000000e+03 1.782865567528683914e-01
6.294000000000000000e+03 1.781021183531712737e-01
6.295000000000000000e+03 1.779593136832326450e-01
6.296000000000000000e+03 1.778627757894568062e-01
6.297000000000000000e+03 1.778160987981146635e-01
6.298000000000000000e+03 1.778217023466321933e-01
6.299000000000000000e+03 1.778807931531564412e-01
6.300000000000000000e+03 1.779934467904028539e-01
6.301000000000000000e+03 1.781587206728342809e-01
6.302000000000000000e+03 1.783748219865850526e-01
6.303000000000000000e+03 1.786392804854945171e-01
6.304000000000000000e+03 1.789491115463691662e-01
6.305000000000000000e+03 1.793009726177243746e-01
6.306000000000000000e+03 1.796913275874313654e-01
6.307000000000000000e+03 1.801165142008342157e-01
6.308000000000000000e+03 1.805727773473116970e-01
6.309000000000000000e+03 1.810562086822832539e-01
6.310000000000000000e+03 1.815626345830934907e-01
6.311000000000000000e+03 1.820874906986527098e-01
6.312000000000000000e+03 1.826257240831097306e-01
6.313000000000000000e+03 1.831717542045382952e-01
6.314000000000000000e+03 1.837195858646519797e-01
6.315000000000000000e+03 1.842630693239513118e-01
6.316000000000000000e+03 1.847962886349484857e-01
6.317000000000000000e+03 1.853140514958717400e-01
6.318000000000000000e+03 1.858123488050218985e-01
6.319000000000000000e+03 1.862887071554275575e-01
6.320000000000000000e+03 1.867423561302203328e-01
6.321000000000000000e+03 1.871741312246975597e-01
6.322000000000000000e+03 1.875861664676131135e-01
6.323000000000000000e+03 1.879815027316145137e-01
6.324000000000000000e+03 1.883636516035184783e-01
6.325000000000000000e+03 1.887362240288456283e-01
6.326000000000000000e+03 1.891026514634035482e-01
6.327000000000000000e+03 1.894660180314203524e-01
6.328000000000000000e+03 1.898289386600570672e-01
6.329000000000000000e+03 1.901935615904378762e-01
6.330000000000000000e+03 1.905616088797572050e-01
6.331000000000000000e+03 1.909344363533272693e-01
6.332000000000000000e+03 1.913131544485407176e-01
6.333000000000000000e+03 1.916987016630721519e-01
6.334000000000000000e+03 1.920919042363474216e-01
6.335000000000000000e+03 1.924934748679187901e-01
6.336000000000000000e+03 1.929039829507113446e-01
6.337000000000000000e+03 1.933238376399889213e-01
6.338000000000000000e+03 1.937533112976574379e-01
6.339000000000000000e+03 1.941925921361137564e-01
6.340000000000000000e+03 1.946419143263096729e-01
6.341000000000000000e+03 1.951016838544394338e-01
6.342000000000000000e+03 1.955725320102182918e-01
6.343000000000000000e+03 1.960552480191479208e-01
6.344000000000000000e+03 1.965506176266909599e-01
6.345000000000000000e+03 1.970591129244069761e-01
6.346000000000000000e+03 1.975804996092091481e-01
6.347000000000000000e+03 1.981134794859757409e-01
6.348000000000000000e+03 1.986553890521890464e-01
6.349000000000000000e+03 1.992020310996247823e-01
6.350000000000000000e+03 1.997476765280804811e-01
6.351000000000000000e+03 2.002852663277405743e-01
6.352000000000000000e+03 2.008068201261234698e-01
6.353000000000000000e+03 2.013040071605677883e-01
6.354000000000000000e+03 2.017688695519643527e-01
6.355000000000000000e+03 2.021946024355529836e-01
6.356000000000000000e+03 2.025763195839218600e-01
6.357000000000000000e+03 2.029116499512587934e-01
6.358000000000000000e+03 2.032010452216413410e-01
6.359000000000000000e+03 2.034477060071178123e-01
6.360000000000000000e+03 2.036571102128949540e-01
6.361000000000000000e+03 2.038362162526398125e-01
6.362000000000000000e+03 2.039925005310506412e-01
6.363000000000000000e+03 2.041329940090864103e-01
6.364000000000000000e+03 2.042635148670345902e-01
6.365000000000000000e+03 2.043881900866680312e-01
6.366000000000000000e+03 2.045092899107814333e-01
6.367000000000000000e+03 2.046273912777444581e-01
6.368000000000000000e+03 2.047418143859660034e-01
6.369000000000000000e+03 2.048512158955885509e-01
6.370000000000000000e+03 2.049541974290317037e-01
6.371000000000000000e+03 2.050498749642217788e-01
6.372000000000000000e+03 2.051383029346781350e-01
6.373000000000000000e+03 2.052206718783455008e-01
6.374000000000000000e+03 2.052993499521867660e-01
6.375000000000000000e+03 2.053777647793901817e-01
6.376000000000000000e+03 2.054601297604799204e-01
6.377000000000000000e+03 2.055511450113923222e-01
6.378000000000000000e+03 2.056556850856684493e-01
6.379000000000000000e+03 2.057784246161560304e-01
6.380000000000000000e+03 2.059234756655631271e-01
6.381000000000000000e+03 2.060940117560306484e-01
6.382000000000000000e+03 2.062919572918650024e-01
6.383000000000000000e+03 2.065177432944589608e-01
6.384000000000000000e+03 2.067701569213905299e-01
6.385000000000000000e+03 2.070463792009749060e-01
6.386000000000000000e+03 2.073421860270830974e-01
6.387000000000000000e+03 2.076522556264925601e-01
6.388000000000000000e+03 2.079706026649629780e-01
6.389000000000000000e+03 2.082910604338107929e-01
6.390000000000000000e+03 2.086077498056151946e-01
6.391000000000000000e+03 2.089154847642185064e-01
6.392000000000000000e+03 2.092100096866326142e-01
6.393000000000000000e+03 2.094880727381202568e-01
6.394000000000000000e+03 2.097473298450748536e-01
6.395000000000000000e+03 2.099860646654062024e-01
6.396000000000000000e+03 2.102027856986712351e-01
6.397000000000000000e+03 2.103958335007480585e-01
6.398000000000000000e+03 2.105631325485474992e-01
6.399000000000000000e+03 2.107021307687685918e-01
6.400000000000000000e+03 2.108100056507286046e-01
6.401000000000000000e+03 2.108840642993594361e-01
6.402000000000000000e+03 2.109221885897882842e-01
6.403000000000000000e+03 2.109232392617648166e-01
6.404000000000000000e+03 2.108873006223714874e-01
6.405000000000000000e+03 2.108156717081964282e-01
6.406000000000000000e+03 2.107106442413596015e-01
6.407000000000000000e+03 2.105751902054542879e-01
6.408000000000000000e+03 2.104126093657307517e-01
6.409000000000000000e+03 2.102262839471367717e-01
6.410000000000000000e+03 2.100195931667658555e-01
6.411000000000000000e+03 2.097959096713738758e-01
6.412000000000000000e+03 2.095587299245677826e-01
6.413000000000000000e+03 2.093118480547823679e-01
6.414000000000000000e+03 2.090594983076341506e-01
6.415000000000000000e+03 2.088063750888187187e-01
6.416000000000000000e+03 2.085575202949694895e-01
6.417000000000000000e+03 2.083181201087984658e-01
6.418000000000000000e+03 2.080932332377596616e-01
6.419000000000000000e+03 2.078875115054473199e-01
6.420000000000000000e+03 2.077049492259392949e-01
6.421000000000000000e+03 2.075487100767433590e-01
6.422000000000000000e+03 2.074210660601465417e-01
6.423000000000000000e+03 2.073233874156577283e-01
6.424000000000000000e+03 2.072562643888682665e-01
6.425000000000000000e+03 2.072196961394362491e-01
6.426000000000000000e+03 2.072132579771659711e-01
6.427000000000000000e+03 2.072362306422387279e-01
6.428000000000000000e+03 2.072876268913565467e-01
6.429000000000000000e+03 2.073661194144829634e-01
6.430000000000000000e+03 2.074699275268503118e-01
6.431000000000000000e+03 2.075967272254038432e-01
6.432000000000000000e+03 2.077436569244759945e-01
6.433000000000000000e+03 2.079073273294459734e-01
6.434000000000000000e+03 2.080839592785048708e-01
6.435000000000000000e+03 2.082695716622043891e-01
6.436000000000000000e+03 2.084601982686543897e-01
6.437000000000000000e+03 2.086520943957217433e-01
6.438000000000000000e+03 2.088419774562865205e-01
6.439000000000000000e+03 2.090271862827105809e-01
6.440000000000000000e+03 2.092057526013059721e-01
6.441000000000000000e+03 2.093764046053036010e-01
6.442000000000000000e+03 2.095384601256688462e-01
6.443000000000000000e+03 2.096916269356061957e-01
6.444000000000000000e+03 2.098357351510162783e-01
6.445000000000000000e+03 2.099704453336248833e-01
6.446000000000000000e+03 2.100949814250813730e-01
6.447000000000000000e+03 2.102079020735299897e-01
6.448000000000000000e+03 2.103069547992683086e-01
6.449000000000000000e+03 2.103890547644195474e-01
6.450000000000000000e+03 2.104504055426225650e-01
6.451000000000000000e+03 2.104867928974636926e-01
6.452000000000000000e+03 2.104939558567360536e-01
6.453000000000000000e+03 2.104680033852272536e-01
6.454000000000000000e+03 2.104057829075121067e-01
6.455000000000000000e+03 2.103051626131925977e-01
6.456000000000000000e+03 2.101651754273153316e-01
6.457000000000000000e+03 2.099860669527088830e-01
6.458000000000000000e+03 2.097692247760532536e-01
6.459000000000000000e+03 2.095170217646368793e-01
6.460000000000000000e+03 2.092326610624775651e-01
6.461000000000000000e+03 2.089199831669202867e-01
6.462000000000000000e+03 2.085833055577370199e-01
6.463000000000000000e+03 2.082272549551480167e-01
6.464000000000000000e+03 2.078566329758615161e-01
6.465000000000000000e+03 2.074762970406896501e-01
6.466000000000000000e+03 2.070910638504242507e-01
6.467000000000000000e+03 2.067056278215929077e-01
6.468000000000000000e+03 2.063244585980290036e-01
6.469000000000000000e+03 2.059516773666680844e-01
6.470000000000000000e+03 2.055909489169682747e-01
6.471000000000000000e+03 2.052453266827923284e-01
6.472000000000000000e+03 2.049170753535622946e-01
6.473000000000000000e+03 2.046074514204430372e-01
6.474000000000000000e+03 2.043165316012681698e-01
6.475000000000000000e+03 2.040430924150802849e-01
6.476000000000000000e+03 2.037846339638021420e-01
6.477000000000000000e+03 2.035375790528060891e-01
6.478000000000000000e+03 2.032976438816826159e-01
6.479000000000000000e+03 2.030603789730595077e-01
6.480000000000000000e+03 2.028217790393973818e-01
6.481000000000000000e+03 2.025788990558014535e-01
6.482000000000000000e+03 2.023304273997427738e-01
6.483000000000000000e+03 2.020770508726915660e-01
6.484000000000000000e+03 2.018216225062335334e-01
6.485000000000000000e+03 2.015690885383951692e-01
6.486000000000000000e+03 2.013261127128611605e-01
6.487000000000000000e+03 2.011005455442693712e-01
6.488000000000000000e+03 2.009007859427104914e-01
6.489000000000000000e+03 2.007351498564459713e-01
6.490000000000000000e+03 2.006113399653233764e-01
6.491000000000000000e+03 2.005360483706583596e-01
6.492000000000000000e+03 2.005147026519059628e-01
6.493000000000000000e+03 2.005513964859608755e-01
6.494000000000000000e+03 2.006489447881228405e-01
6.495000000000000000e+03 2.008089447628602642e-01
6.496000000000000000e+03 2.010318396081870462e-01
6.497000000000000000e+03 2.013169524956456014e-01
6.498000000000000000e+03 2.016624502845699718e-01
6.499000000000000000e+03 2.020652670150376862e-01
6.500000000000000000e+03 2.025210660559234321e-01
6.501000000000000000e+03 2.030241766635584311e-01
6.502000000000000000e+03 2.035676832444969220e-01
6.503000000000000000e+03 2.041436378692320641e-01
6.504000000000000000e+03 2.047433670993933086e-01
6.505000000000000000e+03 2.053578965950585700e-01
6.506000000000000000e+03 2.059783555621457207e-01
6.507000000000000000e+03 2.065963701070341330e-01
6.508000000000000000e+03 2.072043314241331091e-01
6.509000000000000000e+03 2.077955874896991462e-01
6.510000000000000000e+03 2.083645693711417279e-01
6.511000000000000000e+03 2.089068772821691677e-01
6.512000000000000000e+03 2.094193952865139041e-01
6.513000000000000000e+03 2.099003320206150325e-01
6.514000000000000000e+03 2.103491927992039434e-01
6.515000000000000000e+03 2.107666277971686486e-01
6.516000000000000000e+03 2.111541550562385794e-01
6.517000000000000000e+03 2.115137704931103757e-01
6.518000000000000000e+03 2.118475037682195639e-01
6.519000000000000000e+03 2.121570002711966052e-01
6.520000000000000000e+03 2.124431883018350065e-01
6.521000000000000000e+03 2.127060586734202952e-01
6.522000000000000000e+03 2.129445761349197386e-01
6.523000000000000000e+03 2.131567377013526277e-01
6.524000000000000000e+03 2.133396804095777921e-01
6.525000000000000000e+03 2.134897999419372860e-01
6.526000000000000000e+03 2.136028096150661693e-01
6.527000000000000000e+03 2.136738356176049458e-01
6.528000000000000000e+03 2.136976169140010762e-01
6.529000000000000000e+03 2.136689267820724991e-01
6.530000000000000000e+03 2.135833393639595124e-01
6.531000000000000000e+03 2.134382050162310085e-01
6.532000000000000000e+03 2.132335492161933632e-01
6.533000000000000000e+03 2.129725320289663215e-01
6.534000000000000000e+03 2.126612224020034692e-01
6.535000000000000000e+03 2.123076825498025344e-01
6.536000000000000000e+03 2.119207878551233049e-01
6.537000000000000000e+03 2.115090992564192807e-01
6.538000000000000000e+03 2.110800190988156300e-01
6.539000000000000000e+03 2.106393135990873022e-01
6.540000000000000000e+03 2.101909015929163682e-01
6.541000000000000000e+03 2.097368664437517238e-01
6.542000000000000000e+03 2.092776237627592684e-01
6.543000000000000000e+03 2.088122082301126226e-01
6.544000000000000000e+03 2.083386146535929351e-01
6.545000000000000000e+03 2.078541646403090359e-01
6.546000000000000000e+03 2.073559473419968879e-01
6.547000000000000000e+03 2.068413297891009139e-01
6.548000000000000000e+03 2.063084121924139425e-01
6.549000000000000000e+03 2.057563983428117305e-01
6.550000000000000000e+03 2.051858066734070229e-01
6.551000000000000000e+03 2.045984810380291341e-01
6.552000000000000000e+03 2.039974042203989146e-01
6.553000000000000000e+03 2.033863650751120966e-01
6.554000000000000000e+03 2.027695600882630789e-01
6.555000000000000000e+03 2.021512016992068062e-01
6.556000000000000000e+03 2.015351492774934694e-01
6.557000000000000000e+03 2.009246808393386763e-01
6.558000000000000000e+03 2.003224086109325341e-01
6.559000000000000000e+03 1.997303516002034152e-01
6.560000000000000000e+03 1.991501745364357145e-01
6.561000000000000000e+03 1.985834798339078666e-01
6.562000000000000000e+03 1.980320507514121697e-01
6.563000000000000000e+03 1.974979932266455185e-01
6.564000000000000000e+03 1.969836753343445213e-01
6.565000000000000000e+03 1.964915051567327209e-01
6.566000000000000000e+03 1.960236310348847377e-01
6.567000000000000000e+03 1.955816763689416926e-01
6.568000000000000000e+03 1.951666212829662739e-01
6.569000000000000000e+03 1.947788535695210710e-01
6.570000000000000000e+03 1.944183406807757086e-01
6.571000000000000000e+03 1.940848433208166857e-01
6.572000000000000000e+03 1.937780723152912332e-01
6.573000000000000000e+03 1.934977166015499073e-01
6.574000000000000000e+03 1.932433702574543055e-01
6.575000000000000000e+03 1.930143514037484798e-01
6.576000000000000000e+03 1.928095188654358194e-01
6.577000000000000000e+03 1.926271334538222635e-01
6.578000000000000000e+03 1.924647162810167178e-01
6.579000000000000000e+03 1.923189910406911673e-01
6.580000000000000000e+03 1.921858657825739614e-01
6.581000000000000000e+03 1.920604696841645975e-01
6.582000000000000000e+03 1.919372583091094875e-01
6.583000000000000000e+03 1.918101771441705350e-01
6.584000000000000000e+03 1.916728902405708257e-01
6.585000000000000000e+03 1.915190586281867446e-01
6.586000000000000000e+03 1.913426087684982346e-01
6.587000000000000000e+03 1.911379353832590999e-01
6.588000000000000000e+03 1.909000177376059815e-01
6.589000000000000000e+03 1.906244226947163001e-01
6.590000000000000000e+03 1.903072282239202662e-01
6.591000000000000000e+03 1.899449798131670752e-01
6.592000000000000000e+03 1.895346580869560760e-01
6.593000000000000000e+03 1.890737378033621741e-01
6.594000000000000000e+03 1.885603334041093815e-01
6.595000000000000000e+03 1.879933967638630077e-01
6.596000000000000000e+03 1.873728748008772205e-01
6.597000000000000000e+03 1.866998446607821271e-01
6.598000000000000000e+03 1.859765908229217279e-01
6.599000000000000000e+03 1.852066913353103694e-01
6.600000000000000000e+03 1.843951392171370163e-01
6.601000000000000000e+03 1.835484435908822654e-01
6.602000000000000000e+03 1.826746814861793244e-01
6.603000000000000000e+03 1.817833727899454410e-01
6.604000000000000000e+03 1.808851464657139363e-01
6.605000000000000000e+03 1.799911335712091054e-01
6.606000000000000000e+03 1.791122192038260563e-01
6.607000000000000000e+03 1.782583072940540914e-01
6.608000000000000000e+03 1.774377000325393361e-01
6.609000000000000000e+03 1.766567350868619712e-01
6.610000000000000000e+03 1.759196945134672285e-01
6.611000000000000000e+03 1.752289697968918425e-01
6.612000000000000000e+03 1.745854375940575354e-01
6.613000000000000000e+03 1.739889378716750479e-01
6.614000000000000000e+03 1.734387730514591053e-01
6.615000000000000000e+03 1.729341433438163211e-01
6.616000000000000000e+03 1.724744818282770153e-01
6.617000000000000000e+03 1.720596372438339405e-01
6.618000000000000000e+03 1.716899187998632836e-01
6.619000000000000000e+03 1.713660714702356369e-01
6.620000000000000000e+03 1.710891433329153610e-01
6.621000000000000000e+03 1.708603443459463245e-01
6.622000000000000000e+03 1.706808636785052680e-01
6.623000000000000000e+03 1.705517179213438261e-01
6.624000000000000000e+03 1.704736153172098367e-01
6.625000000000000000e+03 1.704468682530082546e-01
6.626000000000000000e+03 1.704713658645381213e-01
6.627000000000000000e+03 1.705465561118993667e-01
6.628000000000000000e+03 1.706714296204023262e-01
6.629000000000000000e+03 1.708445232267445657e-01
6.630000000000000000e+03 1.710639587927502148e-01
6.631000000000000000e+03 1.713274810573811591e-01
6.632000000000000000e+03 1.716325461693390397e-01
6.633000000000000000e+03 1.719764562291996590e-01
6.634000000000000000e+03 1.723565332912827819e-01
6.635000000000000000e+03 1.727703103428979148e-01
6.636000000000000000e+03 1.732156991713745264e-01
6.637000000000000000e+03 1.736910942208996778e-01
6.638000000000000000e+03 1.741954047313954146e-01
6.639000000000000000e+03 1.747280305564014591e-01
6.640000000000000000e+03 1.752887687897132230e-01
6.641000000000000000e+03 1.758776519355850776e-01
6.642000000000000000e+03 1.764947054401221349e-01
6.643000000000000000e+03 1.771397017728601475e-01
6.644000000000000000e+03 1.778118849524866485e-01
6.645000000000000000e+03 1.785096735008656621e-01
6.646000000000000000e+03 1.792304197781883768e-01
6.647000000000000000e+03 1.799702753051196646e-01
6.648000000000000000e+03 1.807241671369873570e-01
6.649000000000000000e+03 1.814859546840020266e-01
6.650000000000000000e+03 1.822487612000777135e-01
6.651000000000000000e+03 1.830054809776583413e-01
6.652000000000000000e+03 1.837494072275238088e-01
6.653000000000000000e+03 1.844748703697108860e-01
6.654000000000000000e+03 1.851777983189624721e-01
6.655000000000000000e+03 1.858561135877294657e-01
6.656000000000000000e+03 1.865098906149720570e-01
6.657000000000000000e+03 1.871412527158088090e-01
6.658000000000000000e+03 1.877540045214124431e-01
6.659000000000000000e+03 1.883530937606473499e-01
6.660000000000000000e+03 1.889440121873389722e-01
6.661000000000000000e+03 1.895322221973059218e-01
6.662000000000000000e+03 1.901227027893699351e-01
6.663000000000000000e+03 1.907196365043501429e-01
6.664000000000000000e+03 1.913262443914642286e-01
6.665000000000000000e+03 1.919447726989735592e-01
6.666000000000000000e+03 1.925765364712941075e-01
6.667000000000000000e+03 1.932220008813030909e-01
6.668000000000000000e+03 1.938808410444311514e-01
6.669000000000000000e+03 1.945519807019085168e-01
6.670000000000000000e+03 1.952336083647978338e-01
6.671000000000000000e+03 1.959232410151929837e-01
6.672000000000000000e+03 1.966177943155009156e-01
6.673000000000000000e+03 1.973136876150657359e-01
6.674000000000000000e+03 1.980070333893383383e-01
6.675000000000000000e+03 1.986938487204028270e-01
6.676000000000000000e+03 1.993703060252086101e-01
6.677000000000000000e+03 2.000329317192412193e-01
6.678000000000000000e+03 2.006787490772811156e-01
6.679000000000000000e+03 2.013053903057172578e-01
6.680000000000000000e+03 2.019111298952470379e-01
6.681000000000000000e+03 2.024948588787016668e-01
6.682000000000000000e+03 2.030560274265013065e-01
6.683000000000000000e+03 2.035945681517205563e-01
6.684000000000000000e+03 2.041107687460153308e-01
6.685000000000000000e+03 2.046051162117197564e-01
6.686000000000000000e+03 2.050781471997788763e-01
6.687000000000000000e+03 2.055303373248848486e-01
6.688000000000000000e+03 2.059620852112215572e-01
6.689000000000000000e+03 2.063738017286513571e-01
6.690000000000000000e+03 2.067661030847647297e-01
6.691000000000000000e+03 2.071400309480337099e-01
6.692000000000000000e+03 2.074972113321736922e-01
6.693000000000000000e+03 2.078398871283927418e-01
6.694000000000000000e+03 2.081707823455499207e-01
6.695000000000000000e+03 2.084928566053496080e-01
6.696000000000000000e+03 2.088089914530188440e-01
6.697000000000000000e+03 2.091216642831263961e-01
6.698000000000000000e+03 2.094326629099725334e-01
6.699000000000000000e+03 2.097429555270208801e-01
6.700000000000000000e+03 2.100526182486725513e-01
6.701000000000000000e+03 2.103608338222351659e-01
6.702000000000000000e+03 2.106659484468970667e-01
6.703000000000000000e+03 2.109655440076619315e-01
6.704000000000000000e+03 2.112565232282566374e-01
6.705000000000000000e+03 2.115352148298319801e-01
6.706000000000000000e+03 2.117974485594325273e-01
6.707000000000000000e+03 2.120387059435268062e-01
6.708000000000000000e+03 2.122543512523248355e-01
6.709000000000000000e+03 2.124399258193124251e-01
6.710000000000000000e+03 2.125916117838475838e-01
6.711000000000000000e+03 2.127068493898074397e-01
6.712000000000000000e+03 2.127850000017520449e-01
6.713000000000000000e+03 2.128279183088070958e-01
6.714000000000000000e+03 2.128401090970545861e-01
6.715000000000000000e+03 2.128282277958871149e-01
6.716000000000000000e+03 2.128000166198741328e-01
6.717000000000000000e+03 2.127630125698709851e-01
6.718000000000000000e+03 2.127234681135333760e-01
6.719000000000000000e+03 2.126857306379154877e-01
6.720000000000000000e+03 2.126520518533879522e-01
6.721000000000000000e+03 2.126227750247044468e-01
6.722000000000000000e+03 2.125967544204132864e-01
6.723000000000000000e+03 2.125718650449081593e-01
6.724000000000000000e+03 2.125455149542529454e-01
6.725000000000000000e+03 2.125150687247687187e-01
6.726000000000000000e+03 2.124781521551368790e-01
6.727000000000000000e+03 2.124328044328490095e-01
6.728000000000000000e+03 2.123775322890235351e-01
6.729000000000000000e+03 2.123112528559086831e-01
6.730000000000000000e+03 2.122331659631087053e-01
6.731000000000000000e+03 2.121425660783557710e-01
6.732000000000000000e+03 2.120385876659697799e-01
6.733000000000000000e+03 2.119200196716314877e-01
6.734000000000000000e+03 2.117852294132937518e-01
6.735000000000000000e+03 2.116322491347312762e-01
6.736000000000000000e+03 2.114590121026380665e-01
6.737000000000000000e+03 2.112637073968798296e-01
6.738000000000000000e+03 2.110451970015030376e-01
6.739000000000000000e+03 2.108034152890739532e-01
6.740000000000000000e+03 2.105395601590521470e-01
6.741000000000000000e+03 2.102561445207623558e-01
6.742000000000000000e+03 2.099568531636141211e-01
6.743000000000000000e+03 2.096462690101833226e-01
6.744000000000000000e+03 2.093294961028103474e-01
6.745000000000000000e+03 2.090117610280302629e-01
6.746000000000000000e+03 2.086981137923923368e-01
6.747000000000000000e+03 2.083931619777764921e-01
6.748000000000000000e+03 2.081009087918549993e-01
6.749000000000000000e+03 2.078246212970729090e-01
6.750000000000000000e+03 2.075667825825700530e-01
6.751000000000000000e+03 2.073290780640528741e-01
6.752000000000000000e+03 2.071124374685315017e-01
6.753000000000000000e+03 2.069171914931571821e-01
6.754000000000000000e+03 2.067432665307280537e-01
6.755000000000000000e+03 2.065904267696194729e-01
6.756000000000000000e+03 2.064584970842787692e-01
6.757000000000000000e+03 2.063475186569390663e-01
6.758000000000000000e+03 2.062577585776564915e-01
6.759000000000000000e+03 2.061896574383132452e-01
6.760000000000000000e+03 2.061436939016721981e-01
6.761000000000000000e+03 2.061201994727011044e-01
6.762000000000000000e+03 2.061192049994543529e-01
6.763000000000000000e+03 2.061403230565845290e-01
6.764000000000000000e+03 2.061826932571965698e-01
6.765000000000000000e+03 2.062449346671805239e-01
6.766000000000000000e+03 2.063251167785627449e-01
6.767000000000000000e+03 2.064207002231820964e-01
6.768000000000000000e+03 2.065284946206294159e-01
6.769000000000000000e+03 2.066446156687086200e-01
6.770000000000000000e+03 2.067644322572032844e-01
6.771000000000000000e+03 2.068826114186647913e-01
6.772000000000000000e+03 2.069932298072457710e-01
6.773000000000000000e+03 2.070899013251361886e-01
6.774000000000000000e+03 2.071659163746638610e-01
6.775000000000000000e+03 2.072144086349074765e-01
6.776000000000000000e+03 2.072285615689052618e-01
6.777000000000000000e+03 2.072017670480463813e-01
6.778000000000000000e+03 2.071278233195565366e-01
6.779000000000000000e+03 2.070011734591129804e-01
6.780000000000000000e+03 2.068171607151864655e-01
6.781000000000000000e+03 2.065722959740698972e-01
6.782000000000000000e+03 2.062645338367185277e-01
6.783000000000000000e+03 2.058934652673289067e-01
6.784000000000000000e+03 2.054603888714793269e-01
6.785000000000000000e+03 2.049682154526448474e-01
6.786000000000000000e+03 2.044212461118733171e-01
6.787000000000000000e+03 2.038248386579418481e-01
6.788000000000000000e+03 2.031851502366667783e-01
6.789000000000000000e+03 2.025089558038681015e-01
6.790000000000000000e+03 2.018035067859362264e-01
6.791000000000000000e+03 2.010764887134772749e-01
6.792000000000000000e+03 2.003358743390615260e-01
6.793000000000000000e+03 1.995896923758766484e-01
6.794000000000000000e+03 1.988456973339352563e-01
6.795000000000000000e+03 1.981110276107637125e-01
6.796000000000000000e+03 1.973918703026207033e-01
6.797000000000000000e+03 1.966931505222276333e-01
6.798000000000000000e+03 1.960182907608793990e-01
6.799000000000000000e+03 1.953690459460997453e-01
6.800000000000000000e+03 1.947454315426453142e-01
6.801000000000000000e+03 1.941457454744529576e-01
6.802000000000000000e+03 1.935667334257269168e-01
6.803000000000000000e+03 1.930039156721753690e-01
6.804000000000000000e+03 1.924520801662620850e-01
6.805000000000000000e+03 1.919058275617558651e-01
6.806000000000000000e+03 1.913601790209212283e-01
6.807000000000000000e+03 1.908111444956357983e-01
6.808000000000000000e+03 1.902561532606187877e-01
6.809000000000000000e+03 1.896942617925566066e-01
6.810000000000000000e+03 1.891262009973054270e-01
6.811000000000000000e+03 1.885542384056944909e-01
6.812000000000000000e+03 1.879819219880167758e-01
6.813000000000000000e+03 1.874138081693229596e-01
6.814000000000000000e+03 1.868552537218727272e-01
6.815000000000000000e+03 1.863122564412004190e-01
6.816000000000000000e+03 1.857914109995759677e-01
6.817000000000000000e+03 1.852998830317720835e-01
6.818000000000000000e+03 1.848453492467439785e-01
6.819000000000000000e+03 1.844358072886896349e-01
6.820000000000000000e+03 1.840792631257680556e-01
6.821000000000000000e+03 1.837833224166284252e-01
6.822000000000000000e+03 1.835547086212465651e-01
6.823000000000000000e+03 1.833987973560268214e-01
6.824000000000000000e+03 1.833192136319070353e-01
6.825000000000000000e+03 1.833175129362622502e-01
6.826000000000000000e+03 1.833929962423899995e-01
6.827000000000000000e+03 1.835426573751820223e-01
6.828000000000000000e+03 1.837612783026529584e-01
6.829000000000000000e+03 1.840415894342571634e-01
6.830000000000000000e+03 1.843745588342041164e-01
6.831000000000000000e+03 1.847497585695133671e-01
6.832000000000000000e+03 1.851557828425420826e-01
6.833000000000000000e+03 1.855807127044488691e-01
6.834000000000000000e+03 1.860126849596828169e-01
6.835000000000000000e+03 1.864404509581354397e-01
6.836000000000000000e+03 1.868539273448100724e-01
6.837000000000000000e+03 1.872446862051019567e-01
6.838000000000000000e+03 1.876063304428921275e-01
6.839000000000000000e+03 1.879346564347922355e-01
6.840000000000000000e+03 1.882276138946493149e-01
6.841000000000000000e+03 1.884850708558597487e-01
6.842000000000000000e+03 1.887084325646007366e-01
6.843000000000000000e+03 1.889002006924069832e-01
6.844000000000000000e+03 1.890635259235128318e-01
6.845000000000000000e+03 1.892017634636170287e-01
6.846000000000000000e+03 1.893180744680624805e-01
6.847000000000000000e+03 1.894151023387383725e-01
6.848000000000000000e+03 1.894947093955232087e-01
6.849000000000000000e+03 1.895577830258155794e-01
6.850000000000000000e+03 1.896041288842287842e-01
6.851000000000000000e+03 1.896324576031570008e-01
6.852000000000000000e+03 1.896404450219111304e-01
6.853000000000000000e+03 1.896248534978691724e-01
6.854000000000000000e+03 1.895817143878478772e-01
6.855000000000000000e+03 1.895066572872143584e-01
6.856000000000000000e+03 1.893954513327814893e-01
6.857000000000000000e+03 1.892447705238706757e-01
6.858000000000000000e+03 1.890530999556460090e-01
6.859000000000000000e+03 1.888214890473899343e-01
6.860000000000000000e+03 1.885537447678106160e-01
6.861000000000000000e+03 1.882558762897649784e-01
6.862000000000000000e+03 1.879350620942893402e-01
6.863000000000000000e+03 1.875985550034427463e-01
6.864000000000000000e+03 1.872529641133710010e-01
6.865000000000000000e+03 1.869040729752416696e-01
6.866000000000000000e+03 1.865570779481858787e-01
6.867000000000000000e+03 1.862170342399710188e-01
6.868000000000000000e+03 1.858892128500158059e-01
6.869000000000000000e+03 1.855793211806034959e-01
6.870000000000000000e+03 1.852935053421110589e-01
6.871000000000000000e+03 1.850381657938139912e-01
6.872000000000000000e+03 1.848196058030949218e-01
6.873000000000000000e+03 1.846436314537992507e-01
6.874000000000000000e+03 1.845151673397387726e-01
6.875000000000000000e+03 1.844379409742714637e-01
6.876000000000000000e+03 1.844142466890064946e-01
6.877000000000000000e+03 1.844448577182974947e-01
6.878000000000000000e+03 1.845290787238175190e-01
6.879000000000000000e+03 1.846649456157833380e-01
6.880000000000000000e+03 1.848494853037085939e-01
6.881000000000000000e+03 1.850790262688796761e-01
6.882000000000000000e+03 1.853495059062960637e-01
6.883000000000000000e+03 1.856567017464257341e-01
6.884000000000000000e+03 1.859963378479636276e-01
6.885000000000000000e+03 1.863640998890911393e-01
6.886000000000000000e+03 1.867556390875612649e-01
6.887000000000000000e+03 1.871665357338857250e-01
6.888000000000000000e+03 1.875922799036238153e-01
6.889000000000000000e+03 1.880283180129777021e-01
6.890000000000000000e+03 1.884701688410229670e-01
6.891000000000000000e+03 1.889135574922834737e-01
6.892000000000000000e+03 1.893545845014185380e-01
6.893000000000000000e+03 1.897899078119648086e-01
6.894000000000000000e+03 1.902169417336793400e-01
6.895000000000000000e+03 1.906339708414087064e-01
6.896000000000000000e+03 1.910401955996423595e-01
6.897000000000000000e+03 1.914356691318979398e-01
6.898000000000000000e+03 1.918211277228206724e-01
6.899000000000000000e+03 1.921977223450960781e-01
6.900000000000000000e+03 1.925667330099239405e-01
6.901000000000000000e+03 1.929293442930166691e-01
6.902000000000000000e+03 1.932864645769149514e-01
6.903000000000000000e+03 1.936386780012061271e-01
6.904000000000000000e+03 1.939863091473049139e-01
6.905000000000000000e+03 1.943295823070603223e-01
6.906000000000000000e+03 1.946688265336701806e-01
6.907000000000000000e+03 1.950046490570534752e-01
6.908000000000000000e+03 1.953380426826765992e-01
6.909000000000000000e+03 1.956703932003146518e-01
6.910000000000000000e+03 1.960033776171630215e-01
6.911000000000000000e+03 1.963388125571661758e-01
6.912000000000000000e+03 1.966784500650588519e-01
6.913000000000000000e+03 1.970237616671391412e-01
6.914000000000000000e+03 1.973757612107264470e-01
6.915000000000000000e+03 1.977348961260274596e-01
6.916000000000000000e+03 1.981010160309340518e-01
6.917000000000000000e+03 1.984734014870313534e-01
6.918000000000000000e+03 1.988508558758194100e-01
6.919000000000000000e+03 1.992318597339029496e-01
6.920000000000000000e+03 1.996147582512116381e-01
6.921000000000000000e+03 1.999978677654166148e-01
6.922000000000000000e+03 2.003795581845996820e-01
6.923000000000000000e+03 2.007582877715262115e-01
6.924000000000000000e+03 2.011326130058805617e-01
6.925000000000000000e+03 2.015011380602960145e-01
6.926000000000000000e+03 2.018625008148188238e-01
6.927000000000000000e+03 2.022153844172563941e-01
6.928000000000000000e+03 2.025584803754058028e-01
6.929000000000000000e+03 2.028905007115784087e-01
6.930000000000000000e+03 2.032101393982126691e-01
6.931000000000000000e+03 2.035160493710702623e-01
6.932000000000000000e+03 2.038068130984547477e-01
6.933000000000000000e+03 2.040809096999076089e-01
6.934000000000000000e+03 2.043367411823994173e-01
6.935000000000000000e+03 2.045726429295536830e-01
6.936000000000000000e+03 2.047869489100761775e-01
6.937000000000000000e+03 2.049780939547857228e-01
6.938000000000000000e+03 2.051447553479204822e-01
6.939000000000000000e+03 2.052860644913836463e-01
6.940000000000000000e+03 2.054018154244252048e-01
6.941000000000000000e+03 2.054926460580462910e-01
6.942000000000000000e+03 2.055601133346367793e-01
6.943000000000000000e+03 2.056066827195874025e-01
6.944000000000000000e+03 2.056356343773990958e-01
6.945000000000000000e+03 2.056508489126664396e-01
6.946000000000000000e+03 2.056565763379142875e-01
6.947000000000000000e+03 2.056571770923700249e-01
6.948000000000000000e+03 2.056568714625281458e-01
6.949000000000000000e+03 2.056594869340216680e-01
6.950000000000000000e+03 2.056682345025435121e-01
6.951000000000000000e+03 2.056855100231916311e-01
6.952000000000000000e+03 2.057127911829660372e-01
6.953000000000000000e+03 2.057505984188504333e-01
6.954000000000000000e+03 2.057985395348118085e-01
6.955000000000000000e+03 2.058554050506565813e-01
6.956000000000000000e+03 2.059192601513712972e-01
6.957000000000000000e+03 2.059875478820711869e-01
6.958000000000000000e+03 2.060571464510038975e-01
6.959000000000000000e+03 2.061244498309404150e-01
6.960000000000000000e+03 2.061854905615672084e-01
6.961000000000000000e+03 2.062361266281467487e-01
6.962000000000000000e+03 2.062723555203366255e-01
6.963000000000000000e+03 2.062906859216356859e-01
6.964000000000000000e+03 2.062884689056981302e-01
6.965000000000000000e+03 2.062641117239540356e-01
6.966000000000000000e+03 2.062170827657486272e-01
6.967000000000000000e+03 2.061476813092019134e-01
6.968000000000000000e+03 2.060566490530575945e-01
6.969000000000000000e+03 2.059446983602221948e-01
6.970000000000000000e+03 2.058121171146870543e-01
6.971000000000000000e+03 2.056585306367540444e-01
6.972000000000000000e+03 2.054828428840987931e-01
6.973000000000000000e+03 2.052833742486804558e-01
6.974000000000000000e+03 2.050581839223574454e-01
6.975000000000000000e+03 2.048055968705121688e-01
6.976000000000000000e+03 2.045248605631140304e-01
6.977000000000000000e+03 2.042168224650642849e-01
6.978000000000000000e+03 2.038843264528968913e-01
6.979000000000000000e+03 2.035321297952384922e-01
6.980000000000000000e+03 2.031663031989043855e-01
6.981000000000000000e+03 2.027933275507364796e-01
6.982000000000000000e+03 2.024192328200807300e-01
6.983000000000000000e+03 2.020490340297885212e-01
6.984000000000000000e+03 2.016865557501315853e-01
6.985000000000000000e+03 2.013345477386649929e-01
6.986000000000000000e+03 2.009949786735019672e-01
6.987000000000000000e+03 2.006693966456788158e-01
6.988000000000000000e+03 2.003591719171511909e-01
6.989000000000000000e+03 2.000656706029027010e-01
6.990000000000000000e+03 1.997902515662263734e-01
6.991000000000000000e+03 1.995341131211353647e-01
6.992000000000000000e+03 1.992980710098871677e-01
6.993000000000000000e+03 1.990823252528307608e-01
6.994000000000000000e+03 1.988862169122198875e-01
6.995000000000000000e+03 1.987080658492268448e-01
6.996000000000000000e+03 1.985451846918327434e-01
6.997000000000000000e+03 1.983939730237984089e-01
6.998000000000000000e+03 1.982501152246699538e-01
6.999000000000000000e+03 1.981088553612627978e-01
7.000000000000000000e+03 1.979652953934866733e-01
7.001000000000000000e+03 1.978147257245934376e-01
7.002000000000000000e+03 1.976529375453499049e-01
7.003000000000000000e+03 1.974765302783406673e-01
7.004000000000000000e+03 1.972831535436830874e-01
7.005000000000000000e+03 1.970716867445966858e-01
7.006000000000000000e+03 1.968423073367148446e-01
7.007000000000000000e+03 1.965964848074959193e-01
7.008000000000000000e+03 1.963368886692627158e-01
7.009000000000000000e+03 1.960672144544622908e-01
7.010000000000000000e+03 1.957919328970576245e-01
7.011000000000000000e+03 1.955160070907224212e-01
7.012000000000000000e+03 1.952445978246574454e-01
7.013000000000000000e+03 1.949827604950680748e-01
7.014000000000000000e+03 1.947351745358696373e-01
7.015000000000000000e+03 1.945058990909812602e-01
7.016000000000000000e+03 1.942982433802456499e-01
7.017000000000000000e+03 1.941147144644602418e-01
7.018000000000000000e+03 1.939570993466941951e-01
7.019000000000000000e+03 1.938266516124624583e-01
7.020000000000000000e+03 1.937242922754447427e-01
7.021000000000000000e+03 1.936507327737223283e-01
7.022000000000000000e+03 1.936065053533243541e-01
7.023000000000000000e+03 1.935918815883396205e-01
7.024000000000000000e+03 1.936067410749144901e-01
7.025000000000000000e+03 1.936505126728896298e-01
7.026000000000000000e+03 1.937221896313084946e-01
7.027000000000000000e+03 1.938204071040012799e-01
7.028000000000000000e+03 1.939435202286086679e-01
7.029000000000000000e+03 1.940896248009613412e-01
7.030000000000000000e+03 1.942565428662350047e-01
7.031000000000000000e+03 1.944417823448000293e-01
7.032000000000000000e+03 1.946425598523819633e-01
7.033000000000000000e+03 1.948559505216823362e-01
7.034000000000000000e+03 1.950791319253592782e-01
7.035000000000000000e+03 1.953096497143681498e-01
7.036000000000000000e+03 1.955455525783656168e-01
7.037000000000000000e+03 1.957853290196445162e-01
7.038000000000000000e+03 1.960276391489814696e-01
7.039000000000000000e+03 1.962709196624191077e-01
7.040000000000000000e+03 1.965129409258254134e-01
7.041000000000000000e+03 1.967505301346903213e-01
7.042000000000000000e+03 1.969794743439471918e-01
7.043000000000000000e+03 1.971946471068576068e-01
7.044000000000000000e+03 1.973903718235441862e-01
7.045000000000000000e+03 1.975609563901736254e-01
7.046000000000000000e+03 1.977013242431108209e-01
7.047000000000000000e+03 1.978076747677892377e-01
7.048000000000000000e+03 1.978780915020053044e-01
7.049000000000000000e+03 1.979129449652491934e-01
7.050000000000000000e+03 1.979150026064175893e-01
7.051000000000000000e+03 1.978892133488791005e-01
7.052000000000000000e+03 1.978421705653365670e-01
7.053000000000000000e+03 1.977813439811555440e-01
7.054000000000000000e+03 1.977142112301554511e-01
7.055000000000000000e+03 1.976474034049779949e-01
7.056000000000000000e+03 1.975859891991748329e-01
7.057000000000000000e+03 1.975329879656416987e-01
7.058000000000000000e+03 1.974891301311264558e-01
7.059000000000000000e+03 1.974528991090367114e-01
7.060000000000000000e+03 1.974207751987712145e-01
7.061000000000000000e+03 1.973877346760179174e-01
7.062000000000000000e+03 1.973478765922681011e-01
7.063000000000000000e+03 1.972951086037600110e-01
7.064000000000000000e+03 1.972238234014120628e-01
7.065000000000000000e+03 1.971295604709503158e-01
7.066000000000000000e+03 1.970095327915212802e-01
7.067000000000000000e+03 1.968630022020687598e-01
7.068000000000000000e+03 1.966914623420002450e-01
7.069000000000000000e+03 1.964985401649064767e-01
7.070000000000000000e+03 1.962896960575569172e-01
7.071000000000000000e+03 1.960717006198127721e-01
7.072000000000000000e+03 1.958519632191597637e-01
7.073000000000000000e+03 1.956378495843345833e-01
7.074000000000000000e+03 1.954360770142837822e-01
7.075000000000000000e+03 1.952522691435982782e-01
7.076000000000000000e+03 1.950906566829305744e-01
7.077000000000000000e+03 1.949539310080119492e-01
7.078000000000000000e+03 1.948432628032670810e-01
7.079000000000000000e+03 1.947583956459222332e-01
7.080000000000000000e+03 1.946978175716536086e-01
7.081000000000000000e+03 1.946589783314629230e-01
7.082000000000000000e+03 1.946384939656709834e-01
7.083000000000000000e+03 1.946323448687565794e-01
7.084000000000000000e+03 1.946360471870204889e-01
7.085000000000000000e+03 1.946448435913152031e-01
7.086000000000000000e+03 1.946538834407057494e-01
7.087000000000000000e+03 1.946584089388412875e-01
7.088000000000000000e+03 1.946539393545022589e-01
7.089000000000000000e+03 1.946364075405854765e-01
7.090000000000000000e+03 1.946023216013521573e-01
7.091000000000000000e+03 1.945488720306046970e-01
7.092000000000000000e+03 1.944739431683173703e-01
7.093000000000000000e+03 1.943760705933320343e-01
7.094000000000000000e+03 1.942543289778886906e-01
7.095000000000000000e+03 1.941081747698685800e-01
7.096000000000000000e+03 1.939373039157052392e-01
7.097000000000000000e+03 1.937415370846237161e-01
7.098000000000000000e+03 1.935207770373489899e-01
7.099000000000000000e+03 1.932749615270191734e-01
7.100000000000000000e+03 1.930040842450957972e-01
7.101000000000000000e+03 1.927082330565671464e-01
7.102000000000000000e+03 1.923876369682974707e-01
7.103000000000000000e+03 1.920427550342019840e-01
7.104000000000000000e+03 1.916743868425604402e-01
7.105000000000000000e+03 1.912837895039997960e-01
7.106000000000000000e+03 1.908727913418450384e-01
7.107000000000000000e+03 1.904438905586345321e-01
7.108000000000000000e+03 1.900002843676638076e-01
7.109000000000000000e+03 1.895458798596315053e-01
7.110000000000000000e+03 1.890852500568383499e-01
7.111000000000000000e+03 1.886235490762473432e-01
7.112000000000000000e+03 1.881663767020347877e-01
7.113000000000000000e+03 1.877195453054668062e-01
7.114000000000000000e+03 1.872888215687008306e-01
7.115000000000000000e+03 1.868796090735264093e-01
7.116000000000000000e+03 1.864966633053364853e-01
7.117000000000000000e+03 1.861438389702088636e-01
7.118000000000000000e+03 1.858239534519711689e-01
7.119000000000000000e+03 1.855388045521796647e-01
7.120000000000000000e+03 1.852892990400221152e-01
7.121000000000000000e+03 1.850756893211326914e-01
7.122000000000000000e+03 1.848978671922616446e-01
7.123000000000000000e+03 1.847556418789905175e-01
7.124000000000000000e+03 1.846490627911760440e-01
7.125000000000000000e+03 1.845786966931880768e-01
7.126000000000000000e+03 1.845458638839992949e-01
7.127000000000000000e+03 1.845527888068005939e-01
7.128000000000000000e+03 1.846025996871351604e-01
7.129000000000000000e+03 1.846991832614703899e-01
7.130000000000000000e+03 1.848468887423694584e-01
7.131000000000000000e+03 1.850501214147027007e-01
7.132000000000000000e+03 1.853128997583307347e-01
7.133000000000000000e+03 1.856385030171473771e-01
7.134000000000000000e+03 1.860292185453187863e-01
7.135000000000000000e+03 1.864861925648932939e-01
7.136000000000000000e+03 1.870094157711718608e-01
7.137000000000000000e+03 1.875977711821810723e-01
7.138000000000000000e+03 1.882490785276610123e-01
7.139000000000000000e+03 1.889601411096878403e-01
7.140000000000000000e+03 1.897267942683694697e-01
7.141000000000000000e+03 1.905439575662217222e-01
7.142000000000000000e+03 1.914056832349709247e-01
7.143000000000000000e+03 1.923052928542581808e-01
7.144000000000000000e+03 1.932355815957032541e-01
7.145000000000000000e+03 1.941890854204724182e-01
7.146000000000000000e+03 1.951583710599816557e-01
7.147000000000000000e+03 1.961362853041714871e-01
7.148000000000000000e+03 1.971161881166314522e-01
7.149000000000000000e+03 1.980921504343286510e-01
7.150000000000000000e+03 1.990591076717425634e-01
7.151000000000000000e+03 2.000129878547833584e-01
7.152000000000000000e+03 2.009507842614248752e-01
7.153000000000000000e+03 2.018704725581791370e-01
7.154000000000000000e+03 2.027708012491002409e-01
7.155000000000000000e+03 2.036509492118145082e-01
7.156000000000000000e+03 2.045101155118991820e-01
7.157000000000000000e+03 2.053471238546118460e-01
7.158000000000000000e+03 2.061601341533346177e-01
7.159000000000000000e+03 2.069465044987653934e-01
7.160000000000000000e+03 2.077028170218830072e-01
7.161000000000000000e+03 2.084250877691306014e-01
7.162000000000000000e+03 2.091091228026430437e-01
7.163000000000000000e+03 2.097509806886914963e-01
7.164000000000000000e+03 2.103474171336006115e-01
7.165000000000000000e+03 2.108962634887623921e-01
7.166000000000000000e+03 2.113966434494777835e-01
7.167000000000000000e+03 2.118489555188569073e-01
7.168000000000000000e+03 2.122546360977685675e-01
7.169000000000000000e+03 2.126157356341726867e-01
7.170000000000000000e+03 2.129344503829624924e-01
7.171000000000000000e+03 2.132126318555176980e-01
7.172000000000000000e+03 2.134514068053124103e-01
7.173000000000000000e+03 2.136509517794359658e-01
7.174000000000000000e+03 2.138103581591412061e-01
7.175000000000000000e+03 2.139277023107959419e-01
7.176000000000000000e+03 2.140002225872949526e-01
7.177000000000000000e+03 2.140246209575795144e-01
7.178000000000000000e+03 2.139975301159341980e-01
7.179000000000000000e+03 2.139160539792388238e-01
7.180000000000000000e+03 2.137783506949955115e-01
7.181000000000000000e+03 2.135841141394110854e-01
7.182000000000000000e+03 2.133348759484517410e-01
7.183000000000000000e+03 2.130339935723409850e-01
7.184000000000000000e+03 2.126863270748400037e-01
7.185000000000000000e+03 2.122976662853763019e-01
7.186000000000000000e+03 2.118740441931283858e-01
7.187000000000000000e+03 2.114210925211748582e-01
7.188000000000000000e+03 2.109435331062428642e-01
7.189000000000000000e+03 2.104448736805016873e-01
7.190000000000000000e+03 2.099273078307428708e-01
7.191000000000000000e+03 2.093918078087855239e-01
7.192000000000000000e+03 2.088383149859303622e-01
7.193000000000000000e+03 2.082659817487536591e-01
7.194000000000000000e+03 2.076734415730402128e-01
7.195000000000000000e+03 2.070591543492837916e-01
7.196000000000000000e+03 2.064217920084868985e-01
7.197000000000000000e+03 2.057606981491831299e-01
7.198000000000000000e+03 2.050763820925934067e-01
7.199000000000000000e+03 2.043710059325101747e-01
7.200000000000000000e+03 2.036486919896741132e-01
7.201000000000000000e+03 2.029155295996487862e-01
7.202000000000000000e+03 2.021792302211361247e-01
7.203000000000000000e+03 2.014484947909752632e-01
7.204000000000000000e+03 2.007322321437937096e-01
7.205000000000000000e+03 2.000388332049824469e-01
7.206000000000000000e+03 1.993756658194943965e-01
7.207000000000000000e+03 1.987487442854993791e-01
7.208000000000000000e+03 1.981626394896480181e-01
7.209000000000000000e+03 1.976205004233597129e-01
7.210000000000000000e+03 1.971241378273185241e-01
7.211000000000000000e+03 1.966741498444898317e-01
7.212000000000000000e+03 1.962700700971852230e-01
7.213000000000000000e+03 1.959104849393279724e-01
7.214000000000000000e+03 1.955931197963691748e-01
7.215000000000000000e+03 1.953149234465906825e-01
7.216000000000000000e+03 1.950720994969112609e-01
7.217000000000000000e+03 1.948601754597396041e-01
7.218000000000000000e+03 1.946741145050078226e-01
7.219000000000000000e+03 1.945084992837036175e-01
7.220000000000000000e+03 1.943578020266995554e-01
7.221000000000000000e+03 1.942167733407569596e-01
7.222000000000000000e+03 1.940808513729399831e-01
7.223000000000000000e+03 1.939466103691756815e-01
7.224000000000000000e+03 1.938121252957231144e-01
7.225000000000000000e+03 1.936771778299936630e-01
7.226000000000000000e+03 1.935432960991351203e-01
7.227000000000000000e+03 1.934135995401064512e-01
7.228000000000000000e+03 1.932923986223578638e-01
7.229000000000000000e+03 1.931846712142746281e-01
7.230000000000000000e+03 1.930955330458520858e-01
7.231000000000000000e+03 1.930297458264723098e-01
7.232000000000000000e+03 1.929913883049983181e-01
7.233000000000000000e+03 1.929836585122727266e-01
7.234000000000000000e+03 1.930087788054475340e-01
7.235000000000000000e+03 1.930679529017311769e-01
7.236000000000000000e+03 1.931613315831238742e-01
7.237000000000000000e+03 1.932879556892161954e-01
7.238000000000000000e+03 1.934456837505568183e-01
7.239000000000000000e+03 1.936310865311204332e-01
7.240000000000000000e+03 1.938393993609181520e-01
7.241000000000000000e+03 1.940645693345656730e-01
7.242000000000000000e+03 1.942994175409551438e-01
7.243000000000000000e+03 1.945359770332124871e-01
7.244000000000000000e+03 1.947659149101315934e-01
7.245000000000000000e+03 1.949810264877515076e-01
7.246000000000000000e+03 1.951736935646882221e-01
7.247000000000000000e+03 1.953372674983059609e-01
7.248000000000000000e+03 1.954663132444336704e-01
7.249000000000000000e+03 1.955567675174799958e-01
7.250000000000000000e+03 1.956060006944981833e-01
7.251000000000000000e+03 1.956128888987646031e-01
7.252000000000000000e+03 1.955779047643342872e-01
7.253000000000000000e+03 1.955031830495078671e-01
7.254000000000000000e+03 1.953925308424178664e-01
7.255000000000000000e+03 1.952512878961077669e-01
7.256000000000000000e+03 1.950860223878316257e-01
7.257000000000000000e+03 1.949040221100629133e-01
7.258000000000000000e+03 1.947126887608694457e-01
7.259000000000000000e+03 1.945189326088435644e-01
7.260000000000000000e+03 1.943286178463112801e-01
7.261000000000000000e+03 1.941461922445705812e-01
7.262000000000000000e+03 1.939744859508135133e-01
7.263000000000000000e+03 1.938146803095058268e-01
7.264000000000000000e+03 1.936664799864767639e-01
7.265000000000000000e+03 1.935284202093678907e-01
7.266000000000000000e+03 1.933982852794336738e-01
7.267000000000000000e+03 1.932736142963125681e-01
7.268000000000000000e+03 1.931521909084443211e-01
7.269000000000000000e+03 1.930324639097861783e-01
7.270000000000000000e+03 1.929137402561756087e-01
7.271000000000000000e+03 1.927962512874652479e-01
7.272000000000000000e+03 1.926810073284850044e-01
7.273000000000000000e+03 1.925694888863355159e-01
7.274000000000000000e+03 1.924632589133435379e-01
7.275000000000000000e+03 1.923635913353523852e-01
7.276000000000000000e+03 1.922711093616956690e-01
7.277000000000000000e+03 1.921855974720357851e-01
7.278000000000000000e+03 1.921059952603615673e-01
7.279000000000000000e+03 1.920305949486492969e-01
7.280000000000000000e+03 1.919574823817369325e-01
7.281000000000000000e+03 1.918850215174540685e-01
7.282000000000000000e+03 1.918123204218968314e-01
7.283000000000000000e+03 1.917394823231581280e-01
7.284000000000000000e+03 1.916675888592344890e-01
7.285000000000000000e+03 1.915985179757261347e-01
7.286000000000000000e+03 1.915346292152049212e-01
7.287000000000000000e+03 1.914784102655444908e-01
7.288000000000000000e+03 1.914322009212936493e-01
7.289000000000000000e+03 1.913979597875710148e-01
7.290000000000000000e+03 1.913771630250633848e-01
7.291000000000000000e+03 1.913707426771844022e-01
7.292000000000000000e+03 1.913791471442314318e-01
7.293000000000000000e+03 1.914024518543934461e-01
7.294000000000000000e+03 1.914404775687787441e-01
7.295000000000000000e+03 1.914929125046774816e-01
7.296000000000000000e+03 1.915594273409369497e-01
7.297000000000000000e+03 1.916397599798472240e-01
7.298000000000000000e+03 1.917337557422337802e-01
7.299000000000000000e+03 1.918413266881332513e-01
7.300000000000000000e+03 1.919623692627789313e-01
7.301000000000000000e+03 1.920966126011039998e-01
7.302000000000000000e+03 1.922434487363076094e-01
7.303000000000000000e+03 1.924017194078199711e-01
7.304000000000000000e+03 1.925695785949628480e-01
7.305000000000000000e+03 1.927444032781855943e-01
7.306000000000000000e+03 1.929228348122012104e-01
7.307000000000000000e+03 1.931009266169221028e-01
7.308000000000000000e+03 1.932743764488197846e-01
7.309000000000000000e+03 1.934388167095285327e-01
7.310000000000000000e+03 1.935900820299492620e-01
7.311000000000000000e+03 1.937244295625125678e-01
7.312000000000000000e+03 1.938386911697550508e-01
7.313000000000000000e+03 1.939303695397267824e-01
7.314000000000000000e+03 1.939976917083651164e-01
7.315000000000000000e+03 1.940395736083996292e-01
7.316000000000000000e+03 1.940555221861019475e-01
7.317000000000000000e+03 1.940454525845973499e-01
7.318000000000000000e+03 1.940094116749902231e-01
7.319000000000000000e+03 1.939473135647159785e-01
7.320000000000000000e+03 1.938587122227211634e-01
7.321000000000000000e+03 1.937426756432790997e-01
7.322000000000000000e+03 1.935977767048540354e-01
7.323000000000000000e+03 1.934222018436178581e-01
7.324000000000000000e+03 1.932139495685060160e-01
7.325000000000000000e+03 1.929710969240220897e-01
7.326000000000000000e+03 1.926920258591559576e-01
7.327000000000000000e+03 1.923755919591438879e-01
7.328000000000000000e+03 1.920211695814246222e-01
7.329000000000000000e+03 1.916286145949352426e-01
7.330000000000000000e+03 1.911982471416264207e-01
7.331000000000000000e+03 1.907309401528172743e-01
7.332000000000000000e+03 1.902285070890371577e-01
7.333000000000000000e+03 1.896943173775959002e-01
7.334000000000000000e+03 1.891340480177421957e-01
7.335000000000000000e+03 1.885561218983247689e-01
7.336000000000000000e+03 1.879714662642407719e-01
7.337000000000000000e+03 1.873925032829374115e-01
7.338000000000000000e+03 1.868317004517449365e-01
7.339000000000000000e+03 1.863000964100810508e-01
7.340000000000000000e+03 1.858062389079568333e-01
7.341000000000000000e+03 1.853556618356156371e-01
7.342000000000000000e+03 1.849508094622733245e-01
7.343000000000000000e+03 1.845913150778252243e-01
7.344000000000000000e+03 1.842745249803258156e-01
7.345000000000000000e+03 1.839961695475211267e-01
7.346000000000000000e+03 1.837510870105359406e-01
7.347000000000000000e+03 1.835339413500058636e-01
7.348000000000000000e+03 1.833398314967729370e-01
7.349000000000000000e+03 1.831647730832092202e-01
7.350000000000000000e+03 1.830059518377179506e-01
7.351000000000000000e+03 1.828617789686146633e-01
7.352000000000000000e+03 1.827317624418492159e-01
7.353000000000000000e+03 1.826161805422473194e-01
7.354000000000000000e+03 1.825156709386595022e-01
7.355000000000000000e+03 1.824308087344844731e-01
7.356000000000000000e+03 1.823618028303133354e-01
7.357000000000000000e+03 1.823083031610255311e-01
7.358000000000000000e+03 1.822693735092464351e-01
7.359000000000000000e+03 1.822435899844560558e-01
7.360000000000000000e+03 1.822292327967270364e-01
7.361000000000000000e+03 1.822245300209190400e-01
7.362000000000000000e+03 1.822279337443674652e-01
7.363000000000000000e+03 1.822383380918018991e-01
7.364000000000000000e+03 1.822552305403855322e-01
7.365000000000000000e+03 1.822787361702612463e-01
7.366000000000000000e+03 1.823095402983750390e-01
7.367000000000000000e+03 1.823486877771593739e-01
7.368000000000000000e+03 1.823973192779749508e-01
7.369000000000000000e+03 1.824564280726585219e-01
7.370000000000000000e+03 1.825266965389483464e-01
7.371000000000000000e+03 1.826083990321825112e-01
7.372000000000000000e+03 1.827013971134477388e-01
7.373000000000000000e+03 1.828051968983351316e-01
7.374000000000000000e+03 1.829190299432766620e-01
7.375000000000000000e+03 1.830419841100140999e-01
7.376000000000000000e+03 1.831731856807006231e-01
7.377000000000000000e+03 1.833120297691317735e-01
7.378000000000000000e+03 1.834584243671972814e-01
7.379000000000000000e+03 1.836129908797980437e-01
7.380000000000000000e+03 1.837771729374059748e-01
7.381000000000000000e+03 1.839532071866935015e-01
7.382000000000000000e+03 1.841439638063101236e-01
7.383000000000000000e+03 1.843526990590657333e-01
7.384000000000000000e+03 1.845827838091382567e-01
7.385000000000000000e+03 1.848374426557118366e-01
7.386000000000000000e+03 1.851195340393283761e-01
7.387000000000000000e+03 1.854314241453716428e-01
7.388000000000000000e+03 1.857748546399363154e-01
7.389000000000000000e+03 1.861508715699314309e-01
7.390000000000000000e+03 1.865597483310615368e-01
7.391000000000000000e+03 1.870009431648088916e-01
7.392000000000000000e+03 1.874730682893418487e-01
7.393000000000000000e+03 1.879738600997431508e-01
7.394000000000000000e+03 1.885001919992853880e-01
7.395000000000000000e+03 1.890481236307919033e-01
7.396000000000000000e+03 1.896130057185829720e-01
7.397000000000000000e+03 1.901896048024973029e-01
7.398000000000000000e+03 1.907722609624428745e-01
7.399000000000000000e+03 1.913551288970613273e-01
7.400000000000000000e+03 1.919324492205955190e-01
7.401000000000000000e+03 1.924988509553889338e-01
7.402000000000000000e+03 1.930496620536220620e-01
7.403000000000000000e+03 1.935811602593626168e-01
7.404000000000000000e+03 1.940907238022150927e-01
7.405000000000000000e+03 1.945768701072019269e-01
7.406000000000000000e+03 1.950391528008963704e-01
7.407000000000000000e+03 1.954779475288412893e-01
7.408000000000000000e+03 1.958941877361923267e-01
7.409000000000000000e+03 1.962890703984521146e-01
7.410000000000000000e+03 1.966638105893639410e-01
7.411000000000000000e+03 1.970194397744906567e-01
7.412000000000000000e+03 1.973567046918581203e-01
7.413000000000000000e+03 1.976760591100128472e-01
7.414000000000000000e+03 1.979777142710216209e-01
7.415000000000000000e+03 1.982616815543160604e-01
7.416000000000000000e+03 1.985277814800913976e-01
7.417000000000000000e+03 1.987755831754741964e-01
7.418000000000000000e+03 1.990042552872763604e-01
7.419000000000000000e+03 1.992123368298249764e-01
7.420000000000000000e+03 1.993974684007341902e-01
7.421000000000000000e+03 1.995562193009884910e-01
7.422000000000000000e+03 1.996841039229512171e-01
7.423000000000000000e+03 1.997757769823255702e-01
7.424000000000000000e+03 1.998254956477427957e-01
7.425000000000000000e+03 1.998277893159470797e-01
7.426000000000000000e+03 1.997781851450801671e-01
7.427000000000000000e+03 1.996739068136192674e-01
7.428000000000000000e+03 1.995143400780912124e-01
7.429000000000000000e+03 1.993011629428402265e-01
7.430000000000000000e+03 1.990381217926574242e-01
7.431000000000000000e+03 1.987305573520659618e-01
7.432000000000000000e+03 1.983848253095324421e-01
7.433000000000000000e+03 1.980077408166351360e-01
7.434000000000000000e+03 1.976062145780992652e-01
7.435000000000000000e+03 1.971870955072031473e-01
7.436000000000000000e+03 1.967572145091104896e-01
7.437000000000000000e+03 1.963235547206036991e-01
7.438000000000000000e+03 1.958934545049964004e-01
7.439000000000000000e+03 1.954747502224301048e-01
7.440000000000000000e+03 1.950757542026687053e-01
7.441000000000000000e+03 1.947050577208999378e-01
7.442000000000000000e+03 1.943711724558183918e-01
7.443000000000000000e+03 1.940820637838344687e-01
7.444000000000000000e+03 1.938446057957258772e-01
7.445000000000000000e+03 1.936639757036052734e-01
7.446000000000000000e+03 1.935431368713321498e-01
7.447000000000000000e+03 1.934824323946244817e-01
7.448000000000000000e+03 1.934794295884282866e-01
7.449000000000000000e+03 1.935290343454500739e-01
7.450000000000000000e+03 1.936239007149897773e-01
7.451000000000000000e+03 1.937550272477397972e-01
7.452000000000000000e+03 1.939124800227888246e-01
7.453000000000000000e+03 1.940860660457131570e-01
7.454000000000000000e+03 1.942659681432311325e-01
7.455000000000000000e+03 1.944433484974738835e-01
7.456000000000000000e+03 1.946108628228595538e-01
7.457000000000000000e+03 1.947630755508514000e-01
7.458000000000000000e+03 1.948966908025199507e-01
7.459000000000000000e+03 1.950105160742704458e-01
7.460000000000000000e+03 1.951051128644066823e-01
7.461000000000000000e+03 1.951822338121436129e-01
7.462000000000000000e+03 1.952441977392773143e-01
7.463000000000000000e+03 1.952933537271630549e-01
7.464000000000000000e+03 1.953317154791051335e-01
7.465000000000000000e+03 1.953608380350314588e-01
7.466000000000000000e+03 1.953818181982356905e-01
7.467000000000000000e+03 1.953953780460812306e-01
7.468000000000000000e+03 1.954018520994298402e-01
7.469000000000000000e+03 1.954010626678411300e-01
7.470000000000000000e+03 1.953922056785719619e-01
7.471000000000000000e+03 1.953738020589521063e-01
7.472000000000000000e+03 1.953438734459554960e-01
7.473000000000000000e+03 1.953002469079619385e-01
7.474000000000000000e+03 1.952409015177858365e-01
7.475000000000000000e+03 1.951642824760819739e-01
7.476000000000000000e+03 1.950695195146230354e-01
7.477000000000000000e+03 1.949564770145182369e-01
7.478000000000000000e+03 1.948257310668404241e-01
7.479000000000000000e+03 1.946785398761785024e-01
7.480000000000000000e+03 1.945168308924495604e-01
7.481000000000000000e+03 1.943432137467777931e-01
7.482000000000000000e+03 1.941609824121275363e-01
7.483000000000000000e+03 1.939740312826713775e-01
7.484000000000000000e+03 1.937866413830098833e-01
7.485000000000000000e+03 1.936031907919620876e-01
7.486000000000000000e+03 1.934278370073734821e-01
7.487000000000000000e+03 1.932642723039079136e-01
7.488000000000000000e+03 1.931155954696611166e-01
7.489000000000000000e+03 1.929843177505134455e-01
7.490000000000000000e+03 1.928725536640867599e-01
7.491000000000000000e+03 1.927823270268936851e-01
7.492000000000000000e+03 1.927158995031101330e-01
7.493000000000000000e+03 1.926760660131123792e-01
7.494000000000000000e+03 1.926663610606224319e-01
7.495000000000000000e+03 1.926910704459241508e-01
7.496000000000000000e+03 1.927549328970366571e-01
7.497000000000000000e+03 1.928626572117102533e-01
7.498000000000000000e+03 1.930183753222866894e-01
7.499000000000000000e+03 1.932251032856026340e-01
7.500000000000000000e+03 1.934843352856469023e-01
7.501000000000000000e+03 1.937958444029167226e-01
7.502000000000000000e+03 1.941576733414924205e-01
7.503000000000000000e+03 1.945663182424414439e-01
7.504000000000000000e+03 1.950170306141463805e-01
7.505000000000000000e+03 1.955041853093508475e-01
7.506000000000000000e+03 1.960216262380272689e-01
7.507000000000000000e+03 1.965629866833572270e-01
7.508000000000000000e+03 1.971219144911152132e-01
7.509000000000000000e+03 1.976922819078514859e-01
7.510000000000000000e+03 1.982683283354229054e-01
7.511000000000000000e+03 1.988446920790928329e-01
7.512000000000000000e+03 1.994163944318024795e-01
7.513000000000000000e+03 1.999786541339169665e-01
7.514000000000000000e+03 2.005266568422467421e-01
7.515000000000000000e+03 2.010552986699322697e-01
7.516000000000000000e+03 2.015589909766344889e-01
7.517000000000000000e+03 2.020315834886592388e-01
7.518000000000000000e+03 2.024664492127650761e-01
7.519000000000000000e+03 2.028567044034678135e-01
7.520000000000000000e+03 2.031955903576196376e-01
7.521000000000000000e+03 2.034769109561025413e-01
7.522000000000000000e+03 2.036954595210316576e-01
7.523000000000000000e+03 2.038474290084758278e-01
7.524000000000000000e+03 2.039306685237350369e-01
7.525000000000000000e+03 2.039447709617952520e-01
7.526000000000000000e+03 2.038909442969446539e-01
7.527000000000000000e+03 2.037717659258886371e-01
7.528000000000000000e+03 2.035908518335723394e-01
7.529000000000000000e+03 2.033525724676883972e-01
7.530000000000000000e+03 2.030618749304727300e-01
7.531000000000000000e+03 2.027241788735492933e-01
7.532000000000000000e+03 2.023453210840910343e-01
7.533000000000000000e+03 2.019314378945790134e-01
7.534000000000000000e+03 2.014887974752608280e-01
7.535000000000000000e+03 2.010234999315279603e-01
7.536000000000000000e+03 2.005411403285895788e-01
7.537000000000000000e+03 2.000464631619495726e-01
7.538000000000000000e+03 1.995431253733131183e-01
7.539000000000000000e+03 1.990336133405075092e-01
7.540000000000000000e+03 1.985193412396279444e-01
7.541000000000000000e+03 1.980008979495025412e-01
7.542000000000000000e+03 1.974783538069269095e-01
7.543000000000000000e+03 1.969516281809323699e-01
7.544000000000000000e+03 1.964207939396624969e-01
7.545000000000000000e+03 1.958863327650403607e-01
7.546000000000000000e+03 1.953493462226561506e-01
7.547000000000000000e+03 1.948117683528046984e-01
7.548000000000000000e+03 1.942765183717351518e-01
7.549000000000000000e+03 1.937475249076630046e-01
7.550000000000000000e+03 1.932295620127211233e-01
7.551000000000000000e+03 1.927278344056568282e-01
7.552000000000000000e+03 1.922474001347429795e-01
7.553000000000000000e+03 1.917925940040590693e-01
7.554000000000000000e+03 1.913665171442021917e-01
7.555000000000000000e+03 1.909706991314720770e-01
7.556000000000000000e+03 1.906050005342422859e-01
7.557000000000000000e+03 1.902677530541824202e-01
7.558000000000000000e+03 1.899560048530740120e-01
7.559000000000000000e+03 1.896658916353134994e-01
7.560000000000000000e+03 1.893930419559835820e-01
7.561000000000000000e+03 1.891329694824191998e-01
7.562000000000000000e+03 1.888813968498880003e-01
7.563000000000000000e+03 1.886345808266025603e-01
7.564000000000000000e+03 1.883895275043664941e-01
7.565000000000000000e+03 1.881441580487814291e-01
7.566000000000000000e+03 1.878973765951997277e-01
7.567000000000000000e+03 1.876490536847231771e-01
7.568000000000000000e+03 1.873999654161524475e-01
7.569000000000000000e+03 1.871517075317775114e-01
7.570000000000000000e+03 1.869065915492721941e-01
7.571000000000000000e+03 1.866675261303776256e-01
7.572000000000000000e+03 1.864379015962957520e-01
7.573000000000000000e+03 1.862214495977403961e-01
7.574000000000000000e+03 1.860220770140385005e-01
7.575000000000000000e+03 1.858436354887324782e-01
7.576000000000000000e+03 1.856897046868758450e-01
7.577000000000000000e+03 1.855633829476109886e-01
7.578000000000000000e+03 1.854670878429807712e-01
7.579000000000000000e+03 1.854023409296833569e-01
7.580000000000000000e+03 1.853695933779794802e-01
7.581000000000000000e+03 1.853680575216764548e-01
7.582000000000000000e+03 1.853955869907114029e-01
7.583000000000000000e+03 1.854486312679569371e-01
7.584000000000000000e+03 1.855222986702379506e-01
7.585000000000000000e+03 1.856105761501369855e-01
7.586000000000000000e+03 1.857066845740560357e-01
7.587000000000000000e+03 1.858035141117623801e-01
7.588000000000000000e+03 1.858940603831374938e-01
7.589000000000000000e+03 1.859717958453158682e-01
7.590000000000000000e+03 1.860309518453737432e-01
7.591000000000000000e+03 1.860665927329826497e-01
7.592000000000000000e+03 1.860745961423498629e-01
7.593000000000000000e+03 1.860515805362792652e-01
7.594000000000000000e+03 1.859948646545942497e-01
7.595000000000000000e+03 1.859025116045529558e-01
7.596000000000000000e+03 1.857734392401571566e-01
7.597000000000000000e+03 1.856075663589543956e-01
7.598000000000000000e+03 1.854060270819572198e-01
7.599000000000000000e+03 1.851712881348812900e-01
7.600000000000000000e+03 1.849070652117955071e-01
7.601000000000000000e+03 1.846180940874939114e-01
7.602000000000000000e+03 1.843097168891639770e-01
7.603000000000000000e+03 1.839874298342623060e-01
7.604000000000000000e+03 1.836564515029765754e-01
7.605000000000000000e+03 1.833214446528438346e-01
7.606000000000000000e+03 1.829863701036001933e-01
7.607000000000000000e+03 1.826544708082520896e-01
7.608000000000000000e+03 1.823283315646826996e-01
7.609000000000000000e+03 1.820099597673442149e-01
7.610000000000000000e+03 1.817009222248704425e-01
7.611000000000000000e+03 1.814024742868350359e-01
7.612000000000000000e+03 1.811156146120067034e-01
7.613000000000000000e+03 1.808411374437868258e-01
7.614000000000000000e+03 1.805796600387300499e-01
7.615000000000000000e+03 1.803316441047292940e-01
7.616000000000000000e+03 1.800974774421197910e-01
7.617000000000000000e+03 1.798775718276741653e-01
7.618000000000000000e+03 1.796724264584983188e-01
7.619000000000000000e+03 1.794826723810603042e-01
7.620000000000000000e+03 1.793090050463277962e-01
7.621000000000000000e+03 1.791520481484085159e-01
7.622000000000000000e+03 1.790121959121112882e-01
7.623000000000000000e+03 1.788895044050348715e-01
7.624000000000000000e+03 1.787836811254673863e-01
7.625000000000000000e+03 1.786941796821180095e-01
7.626000000000000000e+03 1.786203928652433104e-01
7.627000000000000000e+03 1.785618326572208925e-01
7.628000000000000000e+03 1.785182552153578017e-01
7.629000000000000000e+03 1.784897602191175547e-01
7.630000000000000000e+03 1.784768185326147116e-01
7.631000000000000000e+03 1.784802519281318833e-01
7.632000000000000000e+03 1.785011601953743199e-01
7.633000000000000000e+03 1.785407713709623589e-01
7.634000000000000000e+03 1.786002446939792265e-01
7.635000000000000000e+03 1.786805046047023060e-01
7.636000000000000000e+03 1.787820396136504675e-01
7.637000000000000000e+03 1.789047673428615370e-01
7.638000000000000000e+03 1.790480191647325636e-01
7.639000000000000000e+03 1.792106101294940190e-01
7.640000000000000000e+03 1.793910952422370642e-01
7.641000000000000000e+03 1.795880726932875260e-01
7.642000000000000000e+03 1.798004790938879660e-01
7.643000000000000000e+03 1.800278342693567846e-01
7.644000000000000000e+03 1.802703104520830824e-01
7.645000000000000000e+03 1.805286258050557979e-01
7.646000000000000000e+03 1.808038301311283014e-01
7.647000000000000000e+03 1.810970651113506524e-01
7.648000000000000000e+03 1.814094263603795165e-01
7.649000000000000000e+03 1.817419396156060019e-01
7.650000000000000000e+03 1.820956774181894389e-01
7.651000000000000000e+03 1.824719085649893213e-01
7.652000000000000000e+03 1.828722069123162597e-01
7.653000000000000000e+03 1.832984603000687995e-01
7.654000000000000000e+03 1.837527599404137901e-01
7.655000000000000000e+03 1.842371650528317195e-01
7.656000000000000000e+03 1.847533952197415175e-01
7.657000000000000000e+03 1.853025093073153995e-01
7.658000000000000000e+03 1.858846215375805078e-01
7.659000000000000000e+03 1.864986898299293427e-01
7.660000000000000000e+03 1.871423361932623708e-01
7.661000000000000000e+03 1.878117598508423636e-01
7.662000000000000000e+03 1.885016569035961875e-01
7.663000000000000000e+03 1.892052067712257368e-01
7.664000000000000000e+03 1.899141383822582907e-01
7.665000000000000000e+03 1.906188614305245610e-01
7.666000000000000000e+03 1.913087653315063696e-01
7.667000000000000000e+03 1.919727264502551767e-01
7.668000000000000000e+03 1.925997085611003690e-01
7.669000000000000000e+03 1.931794660837258537e-01
7.670000000000000000e+03 1.937031469044673826e-01
7.671000000000000000e+03 1.941637111394780568e-01
7.672000000000000000e+03 1.945561236286076079e-01
7.673000000000000000e+03 1.948772913724466371e-01
7.674000000000000000e+03 1.951258974657095191e-01
7.675000000000000000e+03 1.953022250595926879e-01
7.676000000000000000e+03 1.954080578704240345e-01
7.677000000000000000e+03 1.954466659463514056e-01
7.678000000000000000e+03 1.954229068592353846e-01
7.679000000000000000e+03 1.953433337365260147e-01
7.680000000000000000e+03 1.952161460405567595e-01
7.681000000000000000e+03 1.950508882852345915e-01
7.682000000000000000e+03 1.948578663293395186e-01
7.683000000000000000e+03 1.946474444030048545e-01
7.684000000000000000e+03 1.944293539281734817e-01
7.685000000000000000e+03 1.942121335979160035e-01
7.686000000000000000e+03 1.940027766425948264e-01
7.687000000000000000e+03 1.938065854673360899e-01
7.688000000000000000e+03 1.936271739199732778e-01
7.689000000000000000e+03 1.934665894197686586e-01
7.690000000000000000e+03 1.933255705703936789e-01
7.691000000000000000e+03 1.932038302025166354e-01
7.692000000000000000e+03 1.931003584505262272e-01
7.693000000000000000e+03 1.930137543109765041e-01
7.694000000000000000e+03 1.929425285560211201e-01
7.695000000000000000e+03 1.928853963079283362e-01
7.696000000000000000e+03 1.928415166095248101e-01
7.697000000000000000e+03 1.928106709219291337e-01
7.698000000000000000e+03 1.927933521836034392e-01
7.699000000000000000e+03 1.927907379356599560e-01
7.700000000000000000e+03 1.928045606339863216e-01
7.701000000000000000e+03 1.928368754864709933e-01
7.702000000000000000e+03 1.928898317875402113e-01
7.703000000000000000e+03 1.929654239061132093e-01
7.704000000000000000e+03 1.930653077178533517e-01
7.705000000000000000e+03 1.931907066004342477e-01
7.706000000000000000e+03 1.933424137523986897e-01
7.707000000000000000e+03 1.935207853787379584e-01
7.708000000000000000e+03 1.937257995733638882e-01
7.709000000000000000e+03 1.939570569216609308e-01
7.710000000000000000e+03 1.942137197274407256e-01
7.711000000000000000e+03 1.944943975044136908e-01
7.712000000000000000e+03 1.947970017134872944e-01
7.713000000000000000e+03 1.951186021708291585e-01
7.714000000000000000e+03 1.954552828101437656e-01
7.715000000000000000e+03 1.958020794059847081e-01
7.716000000000000000e+03 1.961529935865507779e-01
7.717000000000000000e+03 1.965011207463920884e-01
7.718000000000000000e+03 1.968389019857024747e-01
7.719000000000000000e+03 1.971584840220780566e-01
7.720000000000000000e+03 1.974521618115844812e-01
7.721000000000000000e+03 1.977128639348461614e-01
7.722000000000000000e+03 1.979346175893324511e-01
7.723000000000000000e+03 1.981129424106377601e-01
7.724000000000000000e+03 1.982451182837544346e-01
7.725000000000000000e+03 1.983302798439509629e-01
7.726000000000000000e+03 1.983693227533795123e-01
7.727000000000000000e+03 1.983646849037524196e-01
7.728000000000000000e+03 1.983199907491363101e-01
7.729000000000000000e+03 1.982396009689526561e-01
7.730000000000000000e+03 1.981281289085284059e-01
7.731000000000000000e+03 1.979900040900622882e-01
7.732000000000000000e+03 1.978291099668989250e-01
7.733000000000000000e+03 1.976485189553937039e-01
7.734000000000000000e+03 1.974503416239633546e-01
7.735000000000000000e+03 1.972357062428488350e-01
7.736000000000000000e+03 1.970048722015979581e-01
7.737000000000000000e+03 1.967574309431200930e-01
7.738000000000000000e+03 1.964925780182619763e-01
7.739000000000000000e+03 1.962094624133898235e-01
7.740000000000000000e+03 1.959075131989007623e-01
7.741000000000000000e+03 1.955867358787701238e-01
7.742000000000000000e+03 1.952479777302910668e-01
7.743000000000000000e+03 1.948931229430135859e-01
7.744000000000000000e+03 1.945252075033937489e-01
7.745000000000000000e+03 1.941484008878820444e-01
7.746000000000000000e+03 1.937679329869940459e-01
7.747000000000000000e+03 1.933899145366417827e-01
7.748000000000000000e+03 1.930211454084685141e-01
7.749000000000000000e+03 1.926688933499842160e-01
7.750000000000000000e+03 1.923406605912527934e-01
7.751000000000000000e+03 1.920439468100484104e-01
7.752000000000000000e+03 1.917859650002371463e-01
7.753000000000000000e+03 1.915733715160856665e-01
7.754000000000000000e+03 1.914118949566814554e-01
7.755000000000000000e+03 1.913060071653963079e-01
7.756000000000000000e+03 1.912586014832167169e-01
7.757000000000000000e+03 1.912707400372040123e-01
7.758000000000000000e+03 1.913414766439267001e-01
7.759000000000000000e+03 1.914678107940716578e-01
7.760000000000000000e+03 1.916447329212916384e-01
7.761000000000000000e+03 1.918653973046996475e-01
7.762000000000000000e+03 1.921213603611967580e-01
7.763000000000000000e+03 1.924029491981284479e-01
7.764000000000000000e+03 1.926997233684807076e-01
7.765000000000000000e+03 1.930009780136215380e-01
7.766000000000000000e+03 1.932962661276346195e-01
7.767000000000000000e+03 1.935759345353487704e-01
7.768000000000000000e+03 1.938315937126925126e-01
7.769000000000000000e+03 1.940564520853001740e-01
7.770000000000000000e+03 1.942455338235317686e-01
7.771000000000000000e+03 1.943957766436991419e-01
7.772000000000000000e+03 1.945059763572410672e-01
7.773000000000000000e+03 1.945766397147841720e-01
7.774000000000000000e+03 1.946097234620902949e-01
7.775000000000000000e+03 1.946083252403033870e-01
7.776000000000000000e+03 1.945763414567081295e-01
7.777000000000000000e+03 1.945180962415083148e-01
7.778000000000000000e+03 1.944379968139868242e-01
7.779000000000000000e+03 1.943402255035705517e-01
7.780000000000000000e+03 1.942285173000232179e-01
7.781000000000000000e+03 1.941060378602710301e-01
7.782000000000000000e+03 1.939753032234342589e-01
7.783000000000000000e+03 1.938381634345401061e-01
7.784000000000000000e+03 1.936958561052797012e-01
7.785000000000000000e+03 1.935491433372163450e-01
7.786000000000000000e+03 1.933985173496591270e-01
7.787000000000000000e+03 1.932445104108878597e-01
7.788000000000000000e+03 1.930880143372604163e-01
7.789000000000000000e+03 1.929305880016635999e-01
7.790000000000000000e+03 1.927746513586055255e-01
7.791000000000000000e+03 1.926234730950718566e-01
7.792000000000000000e+03 1.924809721669640816e-01
7.793000000000000000e+03 1.923513299672368060e-01
7.794000000000000000e+03 1.922385729777982832e-01
7.795000000000000000e+03 1.921461569589726359e-01
7.796000000000000000e+03 1.920766494787976009e-01
7.797000000000000000e+03 1.920315446350394084e-01
7.798000000000000000e+03 1.920111792555835306e-01
7.799000000000000000e+03 1.920146605337179901e-01
7.800000000000000000e+03 1.920397868522670803e-01
7.801000000000000000e+03 1.920830004824639892e-01
7.802000000000000000e+03 1.921394205714254400e-01
7.803000000000000000e+03 1.922030015560921012e-01
7.804000000000000000e+03 1.922668813544139155e-01
7.805000000000000000e+03 1.923239595505767119e-01
7.806000000000000000e+03 1.923676557039047941e-01
7.807000000000000000e+03 1.923926859354072039e-01
7.808000000000000000e+03 1.923956706539204919e-01
7.809000000000000000e+03 1.923753958123914920e-01
7.810000000000000000e+03 1.923326997172530584e-01
7.811000000000000000e+03 1.922700300727466782e-01
7.812000000000000000e+03 1.921908365722491130e-01
7.813000000000000000e+03 1.920990016152592239e-01
7.814000000000000000e+03 1.919983549279671020e-01
7.815000000000000000e+03 1.918923519092551599e-01
7.816000000000000000e+03 1.917839200078736983e-01
7.817000000000000000e+03 1.916754495421433280e-01
7.818000000000000000e+03 1.915689347605554760e-01
7.819000000000000000e+03 1.914661151005102313e-01
7.820000000000000000e+03 1.913686168580009950e-01
7.821000000000000000e+03 1.912780951759179282e-01
7.822000000000000000e+03 1.911962306708506754e-01
7.823000000000000000e+03 1.911246197418506876e-01
7.824000000000000000e+03 1.910646378816565627e-01
7.825000000000000000e+03 1.910172448932195288e-01
7.826000000000000000e+03 1.909828209181239633e-01
7.827000000000000000e+03 1.909611626383114769e-01
7.828000000000000000e+03 1.909516065095147042e-01
7.829000000000000000e+03 1.909532420725500723e-01
7.830000000000000000e+03 1.909650520238542759e-01
7.831000000000000000e+03 1.909858853786814414e-01
7.832000000000000000e+03 1.910141996961141342e-01
7.833000000000000000e+03 1.910477193053102263e-01
7.834000000000000000e+03 1.910832421274348270e-01
7.835000000000000000e+03 1.911167582222448591e-01
7.836000000000000000e+03 1.911438780861627329e-01
7.837000000000000000e+03 1.911604589545857213e-01
7.838000000000000000e+03 1.911632086267280317e-01
7.839000000000000000e+03 1.911500558294812468e-01
7.840000000000000000e+03 1.911203232603048141e-01
7.841000000000000000e+03 1.910746761818336303e-01
7.842000000000000000e+03 1.910149485335453923e-01
7.843000000000000000e+03 1.909438923117746656e-01
7.844000000000000000e+03 1.908648701806533177e-01
7.845000000000000000e+03 1.907815314575128096e-01
7.846000000000000000e+03 1.906975116479401322e-01
7.847000000000000000e+03 1.906162633177579113e-01
7.848000000000000000e+03 1.905409583190873501e-01
7.849000000000000000e+03 1.904744848377454836e-01
7.850000000000000000e+03 1.904195611601178229e-01
7.851000000000000000e+03 1.903787906846310940e-01
7.852000000000000000e+03 1.903546838968991628e-01
7.853000000000000000e+03 1.903495964591625511e-01
7.854000000000000000e+03 1.903655875684074628e-01
7.855000000000000000e+03 1.904042968786098244e-01
7.856000000000000000e+03 1.904668798358925830e-01
7.857000000000000000e+03 1.905541087356348029e-01
7.858000000000000000e+03 1.906665633541525795e-01
7.859000000000000000e+03 1.908049042525623018e-01
7.860000000000000000e+03 1.909700893135097277e-01
7.861000000000000000e+03 1.911634211386320781e-01
7.862000000000000000e+03 1.913864106738264459e-01
7.863000000000000000e+03 1.916404313607350252e-01
7.864000000000000000e+03 1.919262165518179630e-01
7.865000000000000000e+03 1.922433211252187191e-01
7.866000000000000000e+03 1.925896228441792424e-01
7.867000000000000000e+03 1.929610859121426714e-01
7.868000000000000000e+03 1.933519101674233409e-01
7.869000000000000000e+03 1.937551129395408134e-01
7.870000000000000000e+03 1.941635356849290006e-01
7.871000000000000000e+03 1.945710599406758612e-01
7.872000000000000000e+03 1.949735979854759216e-01
7.873000000000000000e+03 1.953695259451026789e-01
7.874000000000000000e+03 1.957595238244431712e-01
7.875000000000000000e+03 1.961459381521487855e-01
7.876000000000000000e+03 1.965319926435756814e-01
7.877000000000000000e+03 1.969211220435192478e-01
7.878000000000000000e+03 1.973164547261739010e-01
7.879000000000000000e+03 1.977205029327180896e-01
7.880000000000000000e+03 1.981349926991247123e-01
7.881000000000000000e+03 1.985608589784372824e-01
7.882000000000000000e+03 1.989982356340375680e-01
7.883000000000000000e+03 1.994464714251108217e-01
7.884000000000000000e+03 1.999041316516315392e-01
7.885000000000000000e+03 2.003689685323805370e-01
7.886000000000000000e+03 2.008378493328222547e-01
7.887000000000000000e+03 2.013066907346303391e-01
7.888000000000000000e+03 2.017704522862250327e-01
7.889000000000000000e+03 2.022232120971772518e-01
7.890000000000000000e+03 2.026584005271885591e-01
7.891000000000000000e+03 2.030691663649424328e-01
7.892000000000000000e+03 2.034488645545093344e-01
7.893000000000000000e+03 2.037915862718264193e-01
7.894000000000000000e+03 2.040926598526111579e-01
7.895000000000000000e+03 2.043490689393561155e-01
7.896000000000000000e+03 2.045596751571085448e-01
7.897000000000000000e+03 2.047252510106872814e-01
7.898000000000000000e+03 2.048483423087822664e-01
7.899000000000000000e+03 2.049330306163233417e-01
7.900000000000000000e+03 2.049845758739165524e-01
7.901000000000000000e+03 2.050090336390417156e-01
7.902000000000000000e+03 2.050128571230944163e-01
7.903000000000000000e+03 2.050025283298924084e-01
7.904000000000000000e+03 2.049842228310925774e-01
7.905000000000000000e+03 2.049635401727922801e-01
7.906000000000000000e+03 2.049453289089676056e-01
7.907000000000000000e+03 2.049335236996185916e-01
7.908000000000000000e+03 2.049310233532875558e-01
7.909000000000000000e+03 2.049396045734048211e-01
7.910000000000000000e+03 2.049598435649203632e-01
7.911000000000000000e+03 2.049911305334005118e-01
7.912000000000000000e+03 2.050317410378269534e-01
7.913000000000000000e+03 2.050789504180833556e-01
7.914000000000000000e+03 2.051292369614665378e-01
7.915000000000000000e+03 2.051784772060077922e-01
7.916000000000000000e+03 2.052221755246503854e-01
7.917000000000000000e+03 2.052556837521711253e-01
7.918000000000000000e+03 2.052743915704088318e-01
7.919000000000000000e+03 2.052738903341451981e-01
7.920000000000000000e+03 2.052501370067029707e-01
7.921000000000000000e+03 2.051996077112472339e-01
7.922000000000000000e+03 2.051194368250709998e-01
7.923000000000000000e+03 2.050075421218578164e-01
7.924000000000000000e+03 2.048627344761924929e-01
7.925000000000000000e+03 2.046848744023523348e-01
7.926000000000000000e+03 2.044750046701057644e-01
7.927000000000000000e+03 2.042354365043192732e-01
7.928000000000000000e+03 2.039698176187820511e-01
7.929000000000000000e+03 2.036830753062824906e-01
7.930000000000000000e+03 2.033812500942637769e-01
7.931000000000000000e+03 2.030712365644079531e-01
7.932000000000000000e+03 2.027604047599351478e-01
7.933000000000000000e+03 2.024561756435176441e-01
7.934000000000000000e+03 2.021655778860486086e-01
7.935000000000000000e+03 2.018948808342898582e-01
7.936000000000000000e+03 2.016493340551282487e-01
7.937000000000000000e+03 2.014329739194237745e-01
7.938000000000000000e+03 2.012485444103372101e-01
7.939000000000000000e+03 2.010975032596988843e-01
7.940000000000000000e+03 2.009801044280438431e-01
7.941000000000000000e+03 2.008954747049808698e-01
7.942000000000000000e+03 2.008417110899728686e-01
7.943000000000000000e+03 2.008159281859790146e-01
7.944000000000000000e+03 2.008143148692946300e-01
7.945000000000000000e+03 2.008322076805451328e-01
7.946000000000000000e+03 2.008642069816283238e-01
7.947000000000000000e+03 2.009043810425602261e-01
7.948000000000000000e+03 2.009465450037983270e-01
7.949000000000000000e+03 2.009845975633249848e-01
7.950000000000000000e+03 2.010128030095336971e-01
7.951000000000000000e+03 2.010260308155652764e-01
7.952000000000000000e+03 2.010198661261625164e-01
7.953000000000000000e+03 2.009905766730667454e-01
7.954000000000000000e+03 2.009349753092583568e-01
7.955000000000000000e+03 2.008502667765191263e-01
7.956000000000000000e+03 2.007338929358673529e-01
7.957000000000000000e+03 2.005834181308683850e-01
7.958000000000000000e+03 2.003964820408212499e-01
7.959000000000000000e+03 2.001707915202002586e-01
7.960000000000000000e+03 1.999041632553588688e-01
7.961000000000000000e+03 1.995946512693102248e-01
7.962000000000000000e+03 1.992407554617012799e-01
7.963000000000000000e+03 1.988417196109049101e-01
7.964000000000000000e+03 1.983978882553321665e-01
7.965000000000000000e+03 1.979110198370523932e-01
7.966000000000000000e+03 1.973845515248042193e-01
7.967000000000000000e+03 1.968237099154322989e-01
7.968000000000000000e+03 1.962353761431877008e-01
7.969000000000000000e+03 1.956277738119081011e-01
7.970000000000000000e+03 1.950100157550152535e-01
7.971000000000000000e+03 1.943915250356236801e-01
7.972000000000000000e+03 1.937814564581242516e-01
7.973000000000000000e+03 1.931881327080751387e-01
7.974000000000000000e+03 1.926185512674218892e-01
7.975000000000000000e+03 1.920779639485126200e-01
7.976000000000000000e+03 1.915695638553585045e-01
7.977000000000000000e+03 1.910943330512531457e-01
7.978000000000000000e+03 1.906510264669691868e-01
7.979000000000000000e+03 1.902363297076528070e-01
7.980000000000000000e+03 1.898452404588669984e-01
7.981000000000000000e+03 1.894716390396832817e-01
7.982000000000000000e+03 1.891089965654028926e-01
7.983000000000000000e+03 1.887511586008127351e-01
7.984000000000000000e+03 1.883930878612441462e-01
7.985000000000000000e+03 1.880314623214116576e-01
7.986000000000000000e+03 1.876650283845031630e-01
7.987000000000000000e+03 1.872946572456261616e-01
7.988000000000000000e+03 1.869230993103341565e-01
7.989000000000000000e+03 1.865544205509603870e-01
7.990000000000000000e+03 1.861932734790248123e-01
7.991000000000000000e+03 1.858440903769149888e-01
7.992000000000000000e+03 1.855103573302688547e-01
7.993000000000000000e+03 1.851941590768822199e-01
7.994000000000000000e+03 1.848960073518228775e-01
7.995000000000000000e+03 1.846149552919116310e-01
7.996000000000000000e+03 1.843489661158369264e-01
7.997000000000000000e+03 1.840954032555636999e-01
7.998000000000000000e+03 1.838514620794657328e-01
7.999000000000000000e+03 1.836144439807285145e-01
8.000000000000000000e+03 1.833817797299504559e-01
8.001000000000000000e+03 1.831508764490103747e-01
8.002000000000000000e+03 1.829188518705734123e-01
8.003000000000000000e+03 1.826824180015331756e-01
8.004000000000000000e+03 1.824379587491291588e-01
8.005000000000000000e+03 1.821818510938715274e-01
8.006000000000000000e+03 1.819109871270325751e-01
8.007000000000000000e+03 1.816233197211471473e-01
8.008000000000000000e+03 1.813183104332514173e-01
8.009000000000000000e+03 1.809970762875442452e-01
8.010000000000000000e+03 1.806622434993968296e-01
8.011000000000000000e+03 1.803176001294150566e-01
8.012000000000000000e+03 1.799676441387250969e-01
8.013000000000000000e+03 1.796172049811371463e-01
8.014000000000000000e+03 1.792711901840508826e-01
8.015000000000000000e+03 1.789344858709413788e-01
8.016000000000000000e+03 1.786119837241792463e-01
8.017000000000000000e+03 1.783086850308449600e-01
8.018000000000000000e+03 1.780298355377334385e-01
8.019000000000000000e+03 1.777809297919050180e-01
8.020000000000000000e+03 1.775675808759862861e-01
8.021000000000000000e+03 1.773952813118975791e-01
8.022000000000000000e+03 1.772691163654771807e-01
8.023000000000000000e+03 1.771934974444948074e-01
8.024000000000000000e+03 1.771719867991741193e-01
8.025000000000000000e+03 1.772071868649832682e-01
8.026000000000000000e+03 1.773006915738506162e-01
8.027000000000000000e+03 1.774530268646509479e-01
8.028000000000000000e+03 1.776635684756345257e-01
8.029000000000000000e+03 1.779304881782746151e-01
8.030000000000000000e+03 1.782506933628416057e-01
8.031000000000000000e+03 1.786198382532871443e-01
8.032000000000000000e+03 1.790324341049732981e-01
8.033000000000000000e+03 1.794819861383988580e-01
8.034000000000000000e+03 1.799611604415119193e-01
8.035000000000000000e+03 1.804619419384818069e-01
8.036000000000000000e+03 1.809757989435810677e-01
8.037000000000000000e+03 1.814938539011070051e-01
8.038000000000000000e+03 1.820070472829967700e-01
8.039000000000000000e+03 1.825063447729131372e-01
8.040000000000000000e+03 1.829830269139054999e-01
8.041000000000000000e+03 1.834290370923502833e-01
8.042000000000000000e+03 1.838374086633975946e-01
8.043000000000000000e+03 1.842026495554625609e-01
8.044000000000000000e+03 1.845210302562850235e-01
8.045000000000000000e+03 1.847907326270614159e-01
8.046000000000000000e+03 1.850118460699153311e-01
8.047000000000000000e+03 1.851862203282116925e-01
8.048000000000000000e+03 1.853173043830662892e-01
8.049000000000000000e+03 1.854099549337097086e-01
8.050000000000000000e+03 1.854702181776763659e-01
8.051000000000000000e+03 1.855050956418158314e-01
8.052000000000000000e+03 1.855222942483259474e-01
8.053000000000000000e+03 1.855298909641248106e-01
8.054000000000000000e+03 1.855359508347620423e-01
8.055000000000000000e+03 1.855480755028347251e-01
8.056000000000000000e+03 1.855729321097758511e-01
8.057000000000000000e+03 1.856157955428106854e-01
8.058000000000000000e+03 1.856801896606341540e-01
8.059000000000000000e+03 1.857676724444821126e-01
8.060000000000000000e+03 1.858778784427157216e-01
8.061000000000000000e+03 1.860087420796832647e-01
8.062000000000000000e+03 1.861569059033883478e-01
8.063000000000000000e+03 1.863182327091322810e-01
8.064000000000000000e+03 1.864883177790333524e-01
8.065000000000000000e+03 1.866628844198837123e-01
8.066000000000000000e+03 1.868379859853793179e-01
8.067000000000000000e+03 1.870100145041783679e-01
8.068000000000000000e+03 1.871755896239096217e-01
8.069000000000000000e+03 1.873314082156381233e-01
8.070000000000000000e+03 1.874741801691945375e-01
8.071000000000000000e+03 1.876006466447582843e-01
8.072000000000000000e+03 1.877076915650051081e-01
8.073000000000000000e+03 1.877924785651360340e-01
8.074000000000000000e+03 1.878526193428932400e-01
8.075000000000000000e+03 1.878863264402690081e-01
8.076000000000000000e+03 1.878925542911131230e-01
8.077000000000000000e+03 1.878710447390540828e-01
8.078000000000000000e+03 1.878223224166567507e-01
8.079000000000000000e+03 1.877475830685871871e-01
8.080000000000000000e+03 1.876485166351459233e-01
8.081000000000000000e+03 1.875270913961860075e-01
8.082000000000000000e+03 1.873853406086891382e-01
8.083000000000000000e+03 1.872252308701886081e-01
8.084000000000000000e+03 1.870485825138104019e-01
8.085000000000000000e+03 1.868570309865535961e-01
8.086000000000000000e+03 1.866520248883439537e-01
8.087000000000000000e+03 1.864348108044707464e-01
8.088000000000000000e+03 1.862064239412234146e-01
8.089000000000000000e+03 1.859677014013930152e-01
8.090000000000000000e+03 1.857193316701991614e-01
8.091000000000000000e+03 1.854618923633800931e-01
8.092000000000000000e+03 1.851958853258805493e-01
8.093000000000000000e+03 1.849217719001113869e-01
8.094000000000000000e+03 1.846400382162156628e-01
8.095000000000000000e+03 1.843513159409431168e-01
8.096000000000000000e+03 1.840566369161073801e-01
8.097000000000000000e+03 1.837577135427781450e-01
8.098000000000000000e+03 1.834571906207850822e-01
8.099000000000000000e+03 1.831587045523795088e-01
8.100000000000000000e+03 1.828666630356722833e-01
8.101000000000000000e+03 1.825858356920276038e-01
8.102000000000000000e+03 1.823209041940787589e-01
8.103000000000000000e+03 1.820761073415786968e-01
8.104000000000000000e+03 1.818550977169963445e-01
8.105000000000000000e+03 1.816610182229847492e-01
8.106000000000000000e+03 1.814967066290700259e-01
8.107000000000000000e+03 1.813649132753265558e-01
8.108000000000000000e+03 1.812684115330442935e-01
8.109000000000000000e+03 1.812099908707945906e-01
8.110000000000000000e+03 1.811923240502396060e-01
8.111000000000000000e+03 1.812177124050984300e-01
8.112000000000000000e+03 1.812877647511547119e-01
8.113000000000000000e+03 1.814031569094003704e-01
8.114000000000000000e+03 1.815633822694918964e-01
8.115000000000000000e+03 1.817666190943318383e-01
8.116000000000000000e+03 1.820097521332137980e-01
8.117000000000000000e+03 1.822885020259866207e-01
8.118000000000000000e+03 1.825976834792045200e-01
8.119000000000000000e+03 1.829315921409195855e-01
8.120000000000000000e+03 1.832843833716153170e-01
8.121000000000000000e+03 1.836504609094670448e-01
8.122000000000000000e+03 1.840247666021297968e-01
8.123000000000000000e+03 1.844029458043644487e-01
8.124000000000000000e+03 1.847814486146229229e-01
8.125000000000000000e+03 1.851575460731499922e-01
8.126000000000000000e+03 1.855293255011815634e-01
8.127000000000000000e+03 1.858956487511522759e-01
8.128000000000000000e+03 1.862560735296960313e-01
8.129000000000000000e+03 1.866107559435599139e-01
8.130000000000000000e+03 1.869603626852816003e-01
8.131000000000000000e+03 1.873059899934224060e-01
8.132000000000000000e+03 1.876490832624395089e-01
8.133000000000000000e+03 1.879913617410508553e-01
8.134000000000000000e+03 1.883347546574203335e-01
8.135000000000000000e+03 1.886813251490707111e-01
8.136000000000000000e+03 1.890331435867852461e-01
8.137000000000000000e+03 1.893921245544613607e-01
8.138000000000000000e+03 1.897597788962355758e-01
8.139000000000000000e+03 1.901369454707315942e-01
8.140000000000000000e+03 1.905235464109273913e-01
8.141000000000000000e+03 1.909183693775002577e-01
8.142000000000000000e+03 1.913189465621895624e-01
8.143000000000000000e+03 1.917215972586249761e-01
8.144000000000000000e+03 1.921215669158054251e-01
8.145000000000000000e+03 1.925132325775115172e-01
8.146000000000000000e+03 1.928904102535523857e-01
8.147000000000000000e+03 1.932467349551210689e-01
8.148000000000000000e+03 1.935761331657655238e-01
8.149000000000000000e+03 1.938733624049988891e-01
8.150000000000000000e+03 1.941345466147637033e-01
8.151000000000000000e+03 1.943575837666350892e-01
8.152000000000000000e+03 1.945423032115119188e-01
8.153000000000000000e+03 1.946903306337460227e-01
8.154000000000000000e+03 1.948047348445427485e-01
8.155000000000000000e+03 1.948895200540564365e-01
8.156000000000000000e+03 1.949491520531453637e-01
8.157000000000000000e+03 1.949881799126128301e-01
8.158000000000000000e+03 1.950109403986745316e-01
8.159000000000000000e+03 1.950213253538254365e-01
8.160000000000000000e+03 1.950226585269412560e-01
8.161000000000000000e+03 1.950176653085580469e-01
8.162000000000000000e+03 1.950085740561599279e-01
8.163000000000000000e+03 1.949972697035606550e-01
8.164000000000000000e+03 1.949855282889058350e-01
8.165000000000000000e+03 1.949752285313501032e-01
8.166000000000000000e+03 1.949685203528537802e-01
8.167000000000000000e+03 1.949678953405048765e-01
8.168000000000000000e+03 1.949761966784055167e-01
8.169000000000000000e+03 1.949964877238248018e-01
8.170000000000000000e+03 1.950318600678641601e-01
8.171000000000000000e+03 1.950851535640814594e-01
8.172000000000000000e+03 1.951586552526412555e-01
8.173000000000000000e+03 1.952538034045475934e-01
8.174000000000000000e+03 1.953709999658041763e-01
8.175000000000000000e+03 1.955095423991246584e-01
8.176000000000000000e+03 1.956677114407859852e-01
8.177000000000000000e+03 1.958429887021208293e-01
8.178000000000000000e+03 1.960324070461946511e-01
8.179000000000000000e+03 1.962328786913334344e-01
8.180000000000000000e+03 1.964415476897591883e-01
8.181000000000000000e+03 1.966560614265693563e-01
8.182000000000000000e+03 1.968747471260141602e-01
8.183000000000000000e+03 1.970966956413499893e-01
8.184000000000000000e+03 1.973217269347401770e-01
8.185000000000000000e+03 1.975502642211600102e-01
8.186000000000000000e+03 1.977831804781767511e-01
8.187000000000000000e+03 1.980216064289897493e-01
8.188000000000000000e+03 1.982667250259818048e-01
8.189000000000000000e+03 1.985196670039037214e-01
8.190000000000000000e+03 1.987814562920182659e-01
8.191000000000000000e+03 1.990530129733257270e-01
8.192000000000000000e+03 1.993352223686498670e-01
8.193000000000000000e+03 1.996289752133144080e-01
8.194000000000000000e+03 1.999351884070026952e-01
8.195000000000000000e+03 2.002548120414784638e-01
8.196000000000000000e+03 2.005888172072138598e-01
8.197000000000000000e+03 2.009381935047123702e-01
8.198000000000000000e+03 2.013040069619829731e-01
8.199000000000000000e+03 2.016874607855571044e-01
8.200000000000000000e+03 2.020899467776383629e-01
8.201000000000000000e+03 2.025130299796479572e-01
8.202000000000000000e+03 2.029584152376573136e-01
8.203000000000000000e+03 2.034278061635684809e-01
8.204000000000000000e+03 2.039226922564814082e-01
8.205000000000000000e+03 2.044441322455472498e-01
8.206000000000000000e+03 2.049925173872361173e-01
8.207000000000000000e+03 2.055674063074074964e-01
8.208000000000000000e+03 2.061674246593415971e-01
8.209000000000000000e+03 2.067902340540256623e-01
8.210000000000000000e+03 2.074325676480278102e-01
8.211000000000000000e+03 2.080904509495096755e-01
8.212000000000000000e+03 2.087595111030898787e-01
8.213000000000000000e+03 2.094353167249602132e-01
8.214000000000000000e+03 2.101137027603174057e-01
8.215000000000000000e+03 2.107909926378435939e-01
8.216000000000000000e+03 2.114641258458773154e-01
8.217000000000000000e+03 2.121306417190941263e-01
8.218000000000000000e+03 2.127884846914993022e-01
8.219000000000000000e+03 2.134356999177335346e-01
8.220000000000000000e+03 2.140700803909122985e-01
8.221000000000000000e+03 2.146888258080877354e-01
8.222000000000000000e+03 2.152883320947221735e-01
8.223000000000000000e+03 2.158641738604289428e-01
8.224000000000000000e+03 2.164113559758793215e-01
8.225000000000000000e+03 2.169247980648004448e-01
8.226000000000000000e+03 2.173998468743952306e-01
8.227000000000000000e+03 2.178326681115287933e-01
8.228000000000000000e+03 2.182204169885660905e-01
8.229000000000000000e+03 2.185612186876753626e-01
8.230000000000000000e+03 2.188540698444272070e-01
8.231000000000000000e+03 2.190987779318577522e-01
8.232000000000000000e+03 2.192959537735442443e-01
8.233000000000000000e+03 2.194469831057643816e-01
8.234000000000000000e+03 2.195539794129847122e-01
8.235000000000000000e+03 2.196196770676646093e-01
8.236000000000000000e+03 2.196473207821583729e-01
8.237000000000000000e+03 2.196405581175099597e-01
8.238000000000000000e+03 2.196032972005865780e-01
8.239000000000000000e+03 2.195395059298782814e-01
8.240000000000000000e+03 2.194529265985956934e-01
8.241000000000000000e+03 2.193467356346778807e-01
8.242000000000000000e+03 2.192232361161885745e-01
8.243000000000000000e+03 2.190836336658390504e-01
8.244000000000000000e+03 2.189279452590877084e-01
8.245000000000000000e+03 2.187551247395755905e-01
8.246000000000000000e+03 2.185632785921771126e-01
8.247000000000000000e+03 2.183499966066982656e-01
8.248000000000000000e+03 2.181127326169887970e-01
8.249000000000000000e+03 2.178491095860945470e-01
8.250000000000000000e+03 2.175571227325616697e-01
8.251000000000000000e+03 2.172352648737504444e-01
8.252000000000000000e+03 2.168825734634938218e-01
8.253000000000000000e+03 2.164986421228276003e-01
8.254000000000000000e+03 2.160835737414582292e-01
8.255000000000000000e+03 2.156378570998290223e-01
8.256000000000000000e+03 2.151621953563654377e-01
8.257000000000000000e+03 2.146572877929009693e-01
8.258000000000000000e+03 2.141235654374732955e-01
8.259000000000000000e+03 2.135610149019602222e-01
8.260000000000000000e+03 2.129690587784419109e-01
8.261000000000000000e+03 2.123466204855201656e-01
8.262000000000000000e+03 2.116923567654597216e-01
8.263000000000000000e+03 2.110049751733255319e-01
8.264000000000000000e+03 2.102835599364989705e-01
8.265000000000000000e+03 2.095278242718580097e-01
8.266000000000000000e+03 2.087381712703313685e-01
8.267000000000000000e+03 2.079155981847291557e-01
8.268000000000000000e+03 2.070615477735058274e-01
8.269000000000000000e+03 2.061777774643198669e-01
8.270000000000000000e+03 2.052664618366811800e-01
8.271000000000000000e+03 2.043305142440920985e-01
8.272000000000000000e+03 2.033739226754258111e-01
8.273000000000000000e+03 2.024020265033042998e-01
8.274000000000000000e+03 2.014215905768377834e-01
8.275000000000000000e+03 2.004405661404902728e-01
8.276000000000000000e+03 1.994676178710151904e-01
8.277000000000000000e+03 1.985115795082743051e-01
8.278000000000000000e+03 1.975809402190003006e-01
8.279000000000000000e+03 1.966834370910694185e-01
8.280000000000000000e+03 1.958257627274516133e-01
8.281000000000000000e+03 1.950134545073393122e-01
8.282000000000000000e+03 1.942508593445346210e-01
8.283000000000000000e+03 1.935411576644176512e-01
8.284000000000000000e+03 1.928864391052249050e-01
8.285000000000000000e+03 1.922877529751927939e-01
8.286000000000000000e+03 1.917451974275087567e-01
8.287000000000000000e+03 1.912579308365384700e-01
8.288000000000000000e+03 1.908242236862382757e-01
8.289000000000000000e+03 1.904414386167017081e-01
8.290000000000000000e+03 1.901059776537165069e-01
8.291000000000000000e+03 1.898132835728685852e-01
8.292000000000000000e+03 1.895578994004210593e-01
8.293000000000000000e+03 1.893335870061502724e-01
8.294000000000000000e+03 1.891335940139272087e-01
8.295000000000000000e+03 1.889510084242878585e-01
8.296000000000000000e+03 1.887792357427247880e-01
8.297000000000000000e+03 1.886125026347325595e-01
8.298000000000000000e+03 1.884463704062165346e-01
8.299000000000000000e+03 1.882781331768962618e-01
8.300000000000000000e+03 1.881070155078869988e-01
8.301000000000000000e+03 1.879341295071559892e-01
8.302000000000000000e+03 1.877621608344330895e-01
8.303000000000000000e+03 1.875949037975695177e-01
8.304000000000000000e+03 1.874367423908784303e-01
8.305000000000000000e+03 1.872921459345444628e-01
8.306000000000000000e+03 1.871652714684735597e-01
8.307000000000000000e+03 1.870596582611036562e-01
8.308000000000000000e+03 1.869780600125064418e-01
8.309000000000000000e+03 1.869223471143922899e-01
8.310000000000000000e+03 1.868935185275371058e-01
8.311000000000000000e+03 1.868917213523569321e-01
8.312000000000000000e+03 1.869163262007667581e-01
8.313000000000000000e+03 1.869660406346893566e-01
8.314000000000000000e+03 1.870390914221863043e-01
8.315000000000000000e+03 1.871333698916314847e-01
8.316000000000000000e+03 1.872465867231064562e-01
8.317000000000000000e+03 1.873764215476049766e-01
8.318000000000000000e+03 1.875205434075836175e-01
8.319000000000000000e+03 1.876765749125891558e-01
8.320000000000000000e+03 1.878419058494567584e-01
8.321000000000000000e+03 1.880135095659155597e-01
8.322000000000000000e+03 1.881877961519469733e-01
8.323000000000000000e+03 1.883605180940433610e-01
8.324000000000000000e+03 1.885268095890050843e-01
8.325000000000000000e+03 1.886814176651572805e-01
8.326000000000000000e+03 1.888190287728772065e-01
8.327000000000000000e+03 1.889347053915639840e-01
8.328000000000000000e+03 1.890243303215574655e-01
8.329000000000000000e+03 1.890850712855917104e-01
8.330000000000000000e+03 1.891157197418464608e-01
8.331000000000000000e+03 1.891168687672857285e-01
8.332000000000000000e+03 1.890909334908520145e-01
8.333000000000000000e+03 1.890419874950429735e-01
8.334000000000000000e+03 1.889754692113310708e-01
8.335000000000000000e+03 1.888978086211228202e-01
8.336000000000000000e+03 1.888159507069802623e-01
8.337000000000000000e+03 1.887369036994016036e-01
8.338000000000000000e+03 1.886672903187882611e-01
8.339000000000000000e+03 1.886128911375533901e-01
8.340000000000000000e+03 1.885783054148548743e-01
8.341000000000000000e+03 1.885666992031094225e-01
8.342000000000000000e+03 1.885797113328371577e-01
8.343000000000000000e+03 1.886174976171527407e-01
8.344000000000000000e+03 1.886788487868441555e-01
8.345000000000000000e+03 1.887614546914807012e-01
8.346000000000000000e+03 1.888622327368102427e-01
8.347000000000000000e+03 1.889776598270427321e-01
8.348000000000000000e+03 1.891041495524143357e-01
8.349000000000000000e+03 1.892383354440142773e-01
8.350000000000000000e+03 1.893772666999641863e-01
8.351000000000000000e+03 1.895184755737581994e-01
8.352000000000000000e+03 1.896599537231755117e-01
8.353000000000000000e+03 1.898000900228691279e-01
8.354000000000000000e+03 1.899376833694079170e-01
8.355000000000000000e+03 1.900721116920479903e-01
8.356000000000000000e+03 1.902035267013981179e-01
8.357000000000000000e+03 1.903329403555487631e-01
8.358000000000000000e+03 1.904621074983358642e-01
8.359000000000000000e+03 1.905930988810313198e-01
8.360000000000000000e+03 1.907276850703093496e-01
8.361000000000000000e+03 1.908667936550457744e-01
8.362000000000000000e+03 1.910101478392651764e-01
8.363000000000000000e+03 1.911561514966966802e-01
8.364000000000000000e+03 1.913020779153832840e-01
8.365000000000000000e+03 1.914443643165529285e-01
8.366000000000000000e+03 1.915790231370342322e-01
8.367000000000000000e+03 1.917020837218680607e-01
8.368000000000000000e+03 1.918100375190548157e-01
8.369000000000000000e+03 1.919001951899554637e-01
8.370000000000000000e+03 1.919708630780116720e-01
8.371000000000000000e+03 1.920213528810502113e-01
8.372000000000000000e+03 1.920517517708527910e-01
8.373000000000000000e+03 1.920626095445091830e-01
8.374000000000000000e+03 1.920545552052004834e-01
8.375000000000000000e+03 1.920279438944058614e-01
8.376000000000000000e+03 1.919826344814193342e-01
8.377000000000000000e+03 1.919179159733164775e-01
8.378000000000000000e+03 1.918325753361427854e-01
8.379000000000000000e+03 1.917251130177506924e-01
8.380000000000000000e+03 1.915940505113248593e-01
8.381000000000000000e+03 1.914383159242491472e-01
8.382000000000000000e+03 1.912576022733846748e-01
8.383000000000000000e+03 1.910526756223929201e-01
8.384000000000000000e+03 1.908255438062897991e-01
8.385000000000000000e+03 1.905794495711839454e-01
8.386000000000000000e+03 1.903186910063189852e-01
8.387000000000000000e+03 1.900482912961240778e-01
8.388000000000000000e+03 1.897735964155440047e-01
8.389000000000000000e+03 1.894998754172720346e-01
8.390000000000000000e+03 1.892319451818695875e-01
8.391000000000000000e+03 1.889738705935692376e-01
8.392000000000000000e+03 1.887287849956512387e-01
8.393000000000000000e+03 1.884988012571685023e-01
8.394000000000000000e+03 1.882850227527105291e-01
8.395000000000000000e+03 1.880876285881623866e-01
8.396000000000000000e+03 1.879060518507606747e-01
8.397000000000000000e+03 1.877392153365141092e-01
8.398000000000000000e+03 1.875858470535729239e-01
8.399000000000000000e+03 1.874447706752661036e-01
8.400000000000000000e+03 1.873152122575390266e-01
8.401000000000000000e+03 1.871970384542167576e-01
8.402000000000000000e+03 1.870909756426307746e-01
8.403000000000000000e+03 1.869987186276125257e-01
8.404000000000000000e+03 1.869229485814754288e-01
8.405000000000000000e+03 1.868673104433214160e-01
8.406000000000000000e+03 1.868362274555106506e-01
8.407000000000000000e+03 1.868345998365325000e-01
8.408000000000000000e+03 1.868673321737094051e-01
8.409000000000000000e+03 1.869387443715154751e-01
8.410000000000000000e+03 1.870520169955986745e-01
8.411000000000000000e+03 1.872087494917394346e-01
8.412000000000000000e+03 1.874087363110960580e-01
8.413000000000000000e+03 1.876499396271542330e-01
8.414000000000000000e+03 1.879286755263667730e-01
8.415000000000000000e+03 1.882398863989519777e-01
8.416000000000000000e+03 1.885774197254896922e-01
8.417000000000000000e+03 1.889342329918536345e-01
8.418000000000000000e+03 1.893025329666808143e-01
8.419000000000000000e+03 1.896738474816747066e-01
8.420000000000000000e+03 1.900390482855766616e-01
8.421000000000000000e+03 1.903884314516535170e-01
8.422000000000000000e+03 1.907119192761731197e-01
8.423000000000000000e+03 1.909994596024626734e-01
8.424000000000000000e+03 1.912416865833154733e-01
8.425000000000000000e+03 1.914307606846519794e-01
8.426000000000000000e+03 1.915612971873165704e-01
8.427000000000000000e+03 1.916311549105642331e-01
8.428000000000000000e+03 1.916418665389582054e-01
8.429000000000000000e+03 1.915985608142729280e-01
8.430000000000000000e+03 1.915093461650759499e-01
8.431000000000000000e+03 1.913842849213482911e-01
8.432000000000000000e+03 1.912341733629840113e-01
8.433000000000000000e+03 1.910693686043953288e-01
8.434000000000000000e+03 1.908989523859576098e-01
8.435000000000000000e+03 1.907302988516079156e-01
8.436000000000000000e+03 1.905690694400151985e-01
8.437000000000000000e+03 1.904195304593547799e-01
8.438000000000000000e+03 1.902849731662496213e-01
8.439000000000000000e+03 1.901680927822375078e-01
8.440000000000000000e+03 1.900711509252636655e-01
8.441000000000000000e+03 1.899959191096149691e-01
8.442000000000000000e+03 1.899434301742633502e-01
8.443000000000000000e+03 1.899136708140129748e-01
8.444000000000000000e+03 1.899053334711274243e-01
8.445000000000000000e+03 1.899157293538544788e-01
8.446000000000000000e+03 1.899409185722775173e-01
8.447000000000000000e+03 1.899760336337492084e-01
8.448000000000000000e+03 1.900157587780765267e-01
8.449000000000000000e+03 1.900548493044869058e-01
8.450000000000000000e+03 1.900886380935885855e-01
8.451000000000000000e+03 1.901134570536037738e-01
8.452000000000000000e+03 1.901269191694114902e-01
8.453000000000000000e+03 1.901280630198786958e-01
8.454000000000000000e+03 1.901173495986661077e-01
8.455000000000000000e+03 1.900965338873276678e-01
8.456000000000000000e+03 1.900684723277524246e-01
8.457000000000000000e+03 1.900368441659952556e-01
8.458000000000000000e+03 1.900058381169865973e-01
8.459000000000000000e+03 1.899798191293294858e-01
8.460000000000000000e+03 1.899630096375935773e-01
8.461000000000000000e+03 1.899591731068345779e-01
8.462000000000000000e+03 1.899714032940808817e-01
8.463000000000000000e+03 1.900019441091918559e-01
8.464000000000000000e+03 1.900521302259166878e-01
8.465000000000000000e+03 1.901223917084226001e-01
8.466000000000000000e+03 1.902123748087492794e-01
8.467000000000000000e+03 1.903211152586059551e-01
8.468000000000000000e+03 1.904472836365667943e-01
8.469000000000000000e+03 1.905894273246133697e-01
8.470000000000000000e+03 1.907461666034139802e-01
8.471000000000000000e+03 1.909163241352579421e-01
8.472000000000000000e+03 1.910990024352426930e-01
8.473000000000000000e+03 1.912935886966480314e-01
8.474000000000000000e+03 1.914996592178214996e-01
8.475000000000000000e+03 1.917168466046083319e-01
8.476000000000000000e+03 1.919447074354228011e-01
8.477000000000000000e+03 1.921825719737174365e-01
8.478000000000000000e+03 1.924294299324326163e-01
8.479000000000000000e+03 1.926838422929026406e-01
8.480000000000000000e+03 1.929439235942670139e-01
8.481000000000000000e+03 1.932074285834728955e-01
8.482000000000000000e+03 1.934719157813679646e-01
8.483000000000000000e+03 1.937349462988563198e-01
8.484000000000000000e+03 1.939942588982533911e-01
8.485000000000000000e+03 1.942479468932361286e-01
8.486000000000000000e+03 1.944945723936601090e-01
8.487000000000000000e+03 1.947332527173122052e-01
8.488000000000000000e+03 1.949637091715108739e-01
8.489000000000000000e+03 1.951863106974801587e-01
8.490000000000000000e+03 1.954020051956018578e-01
8.491000000000000000e+03 1.956121628177989735e-01
8.492000000000000000e+03 1.958182750442436504e-01
8.493000000000000000e+03 1.960215772669257062e-01
8.494000000000000000e+03 1.962226572235583610e-01
8.495000000000000000e+03 1.964210791443740389e-01
8.496000000000000000e+03 1.966151584271024211e-01
8.497000000000000000e+03 1.968018997494255240e-01
8.498000000000000000e+03 1.969771119705373275e-01
8.499000000000000000e+03 1.971357781946388443e-01
8.500000000000000000e+03 1.972725624377802411e-01
8.501000000000000000e+03 1.973824483461179280e-01
8.502000000000000000e+03 1.974613821811697645e-01
8.503000000000000000e+03 1.975067909373253439e-01
8.504000000000000000e+03 1.975178860940873526e-01
8.505000000000000000e+03 1.974956962706004848e-01
8.506000000000000000e+03 1.974428408643739696e-01
8.507000000000000000e+03 1.973630098858741300e-01
8.508000000000000000e+03 1.972602764263164110e-01
8.509000000000000000e+03 1.971383983662554074e-01
8.510000000000000000e+03 1.970002038456488691e-01
8.511000000000000000e+03 1.968471376216638369e-01
8.512000000000000000e+03 1.966790044150078520e-01
8.513000000000000000e+03 1.964939232729678298e-01
8.514000000000000000e+03 1.962884483601127772e-01
8.515000000000000000e+03 1.960578543614061031e-01
8.516000000000000000e+03 1.957966531918856612e-01
8.517000000000000000e+03 1.954992245013560392e-01
8.518000000000000000e+03 1.951605569938134055e-01
8.519000000000000000e+03 1.947769971838824721e-01
8.520000000000000000e+03 1.943467813091155905e-01
8.521000000000000000e+03 1.938702860518402848e-01
8.522000000000000000e+03 1.933499394695703533e-01
8.523000000000000000e+03 1.927898340036022506e-01
8.524000000000000000e+03 1.921952133723438538e-01
8.525000000000000000e+03 1.915719088848621687e-01
8.526000000000000000e+03 1.909258758231023867e-01
8.527000000000000000e+03 1.902628061317097052e-01
8.528000000000000000e+03 1.895878782423965625e-01
8.529000000000000000e+03 1.889056345534185777e-01
8.530000000000000000e+03 1.882199706856477195e-01
8.531000000000000000e+03 1.875341630580736885e-01
8.532000000000000000e+03 1.868509665890269456e-01
8.533000000000000000e+03 1.861727041081291112e-01
8.534000000000000000e+03 1.855013589758698345e-01
8.535000000000000000e+03 1.848386863661136137e-01
8.536000000000000000e+03 1.841862742655856755e-01
8.537000000000000000e+03 1.835455965614132268e-01
8.538000000000000000e+03 1.829179950025853763e-01
8.539000000000000000e+03 1.823046268203267206e-01
8.540000000000000000e+03 1.817064151023889962e-01
8.541000000000000000e+03 1.811239380694814605e-01
8.542000000000000000e+03 1.805573746892090714e-01
8.543000000000000000e+03 1.800064566503846997e-01
8.544000000000000000e+03 1.794704751889340533e-01
8.545000000000000000e+03 1.789483496787555028e-01
8.546000000000000000e+03 1.784387430231009486e-01
8.547000000000000000e+03 1.779402034106406238e-01
8.548000000000000000e+03 1.774513096545509983e-01
8.549000000000000000e+03 1.769708297889842907e-01
8.550000000000000000e+03 1.764978400985957319e-01
8.551000000000000000e+03 1.760317887930996916e-01
8.552000000000000000e+03 1.755724885840260485e-01
8.553000000000000000e+03 1.751200637812472261e-01
8.554000000000000000e+03 1.746748764271922605e-01
8.555000000000000000e+03 1.742374610627521192e-01
8.556000000000000000e+03 1.738085216956107293e-01
8.557000000000000000e+03 1.733890478264463741e-01
8.558000000000000000e+03 1.729805062408071858e-01
8.559000000000000000e+03 1.725850992293573305e-01
8.560000000000000000e+03 1.722059665334225165e-01
8.561000000000000000e+03 1.718472383176184448e-01
8.562000000000000000e+03 1.715139205808731138e-01
8.563000000000000000e+03 1.712115983110388262e-01
8.564000000000000000e+03 1.709459410071408336e-01
8.565000000000000000e+03 1.707221454039659636e-01
8.566000000000000000e+03 1.705443818752236107e-01
8.567000000000000000e+03 1.704153636358812229e-01
8.568000000000000000e+03 1.703361349063636787e-01
8.569000000000000000e+03 1.703060490840305197e-01
8.570000000000000000e+03 1.703229420788203163e-01
8.571000000000000000e+03 1.703834223609498322e-01
8.572000000000000000e+03 1.704831932390225013e-01
8.573000000000000000e+03 1.706173687426743579e-01
8.574000000000000000e+03 1.707807185931052574e-01
8.575000000000000000e+03 1.709678586860060301e-01
8.576000000000000000e+03 1.711733491075791980e-01
8.577000000000000000e+03 1.713918078745936269e-01
8.578000000000000000e+03 1.716180235048274660e-01
8.579000000000000000e+03 1.718471104716153275e-01
8.580000000000000000e+03 1.720747516537909361e-01
8.581000000000000000e+03 1.722974703061009583e-01
8.582000000000000000e+03 1.725129705944292158e-01
8.583000000000000000e+03 1.727204376437232458e-01
8.584000000000000000e+03 1.729207549425145762e-01
8.585000000000000000e+03 1.731165210616971151e-01
8.586000000000000000e+03 1.733118330055662404e-01
8.587000000000000000e+03 1.735117605757000303e-01
8.588000000000000000e+03 1.737216434266648513e-01
8.589000000000000000e+03 1.739462939510702799e-01
8.590000000000000000e+03 1.741892387754210292e-01
8.591000000000000000e+03 1.744521943503973271e-01
8.592000000000000000e+03 1.747348337155046893e-01
8.593000000000000000e+03 1.750348786088625763e-01
8.594000000000000000e+03 1.753484710728951956e-01
8.595000000000000000e+03 1.756707672861591574e-01
8.596000000000000000e+03 1.759965898121589323e-01
8.597000000000000000e+03 1.763210506692440560e-01
8.598000000000000000e+03 1.766400548776907442e-01
8.599000000000000000e+03 1.769505781835341018e-01
8.600000000000000000e+03 1.772507051516763465e-01
8.601000000000000000e+03 1.775394475463246413e-01
8.602000000000000000e+03 1.778164411038257176e-01
8.603000000000000000e+03 1.780815734286348706e-01
8.604000000000000000e+03 1.783346363966120118e-01
8.605000000000000000e+03 1.785750700514883715e-01
8.606000000000000000e+03 1.788018237481928674e-01
8.607000000000000000e+03 1.790133759954491977e-01
8.608000000000000000e+03 1.792078863089651974e-01
8.609000000000000000e+03 1.793834246444152014e-01
8.610000000000000000e+03 1.795382048336281455e-01
8.611000000000000000e+03 1.796708261655515226e-01
8.612000000000000000e+03 1.797804376233909374e-01
8.613000000000000000e+03 1.798668745854732909e-01
8.614000000000000000e+03 1.799307532398037035e-01
8.615000000000000000e+03 1.799735093837753763e-01
8.616000000000000000e+03 1.799974019195493824e-01
8.617000000000000000e+03 1.800053647058527106e-01
8.618000000000000000e+03 1.800007821156413557e-01
8.619000000000000000e+03 1.799871548889106776e-01
8.620000000000000000e+03 1.799677244404812304e-01
8.621000000000000000e+03 1.799450769459907395e-01
8.622000000000000000e+03 1.799208090675799565e-01
8.623000000000000000e+03 1.798952912228926060e-01
8.624000000000000000e+03 1.798675498486514424e-01
8.625000000000000000e+03 1.798352848741271437e-01
8.626000000000000000e+03 1.797951111721614037e-01
8.627000000000000000e+03 1.797429271756960378e-01
8.628000000000000000e+03 1.796744256630217196e-01
8.629000000000000000e+03 1.795856730906721932e-01
8.630000000000000000e+03 1.794736887319265672e-01
8.631000000000000000e+03 1.793369690493762103e-01
8.632000000000000000e+03 1.791758334209136438e-01
8.633000000000000000e+03 1.789925085566251017e-01
8.634000000000000000e+03 1.787909443990247094e-01
8.635000000000000000e+03 1.785763942521982339e-01
8.636000000000000000e+03 1.783548012713944975e-01
8.637000000000000000e+03 1.781321265772208839e-01
8.638000000000000000e+03 1.779137077495072938e-01
8.639000000000000000e+03 1.777037717710121811e-01
8.640000000000000000e+03 1.775051636608046546e-01
8.641000000000000000e+03 1.773193041285315852e-01
8.642000000000000000e+03 1.771463407117422062e-01
8.643000000000000000e+03 1.769854673695075986e-01
8.644000000000000000e+03 1.768353637859133576e-01
8.645000000000000000e+03 1.766946450460639695e-01
8.646000000000000000e+03 1.765622208842960172e-01
8.647000000000000000e+03 1.764374473421674305e-01
8.648000000000000000e+03 1.763200890486447681e-01
8.649000000000000000e+03 1.762101574578129326e-01
8.650000000000000000e+03 1.761076902930990284e-01
8.651000000000000000e+03 1.760126397352235750e-01
8.652000000000000000e+03 1.759248614515157016e-01
8.653000000000000000e+03 1.758442375020812798e-01
8.654000000000000000e+03 1.757708411951176553e-01
8.655000000000000000e+03 1.757050492898160898e-01
8.656000000000000000e+03 1.756475862358200524e-01
8.657000000000000000e+03 1.755995109706240120e-01
8.658000000000000000e+03 1.755621296678048504e-01
8.659000000000000000e+03 1.755368708738380690e-01
8.660000000000000000e+03 1.755251243129710148e-01
8.661000000000000000e+03 1.755281549695424104e-01
8.662000000000000000e+03 1.755470498901098575e-01
8.663000000000000000e+03 1.755827048293206183e-01
8.664000000000000000e+03 1.756358444405621555e-01
8.665000000000000000e+03 1.757070925040972176e-01
8.666000000000000000e+03 1.757970280936981822e-01
8.667000000000000000e+03 1.759062604382422568e-01
8.668000000000000000e+03 1.760355173031454556e-01
8.669000000000000000e+03 1.761857393938157101e-01
8.670000000000000000e+03 1.763581459651032413e-01
8.671000000000000000e+03 1.765542595585554153e-01
8.672000000000000000e+03 1.767758832751387399e-01
8.673000000000000000e+03 1.770250113257551827e-01
8.674000000000000000e+03 1.773037104976646627e-01
8.675000000000000000e+03 1.776139905975998579e-01
8.676000000000000000e+03 1.779576666890657910e-01
8.677000000000000000e+03 1.783361819721899777e-01
8.678000000000000000e+03 1.787504856569946954e-01
8.679000000000000000e+03 1.792009491122511511e-01
8.680000000000000000e+03 1.796872973085706926e-01
8.681000000000000000e+03 1.802085527696960787e-01
8.682000000000000000e+03 1.807629668564914027e-01
8.683000000000000000e+03 1.813479512020201578e-01
8.684000000000000000e+03 1.819599911528419489e-01
8.685000000000000000e+03 1.825945512351112576e-01
8.686000000000000000e+03 1.832460806514623064e-01
8.687000000000000000e+03 1.839081224798608527e-01
8.688000000000000000e+03 1.845735705968433726e-01
8.689000000000000000e+03 1.852351196863236682e-01
8.690000000000000000e+03 1.858858964673623104e-01
8.691000000000000000e+03 1.865201434055517304e-01
8.692000000000000000e+03 1.871338620467339897e-01
8.693000000000000000e+03 1.877252955686294078e-01
8.694000000000000000e+03 1.882951357128927750e-01
8.695000000000000000e+03 1.888464135600687599e-01
8.696000000000000000e+03 1.893841259972349200e-01
8.697000000000000000e+03 1.899146444940319756e-01
8.698000000000000000e+03 1.904450311643420268e-01
8.699000000000000000e+03 1.909823979797825033e-01
8.700000000000000000e+03 1.915333381362931131e-01
8.701000000000000000e+03 1.921034817137652062e-01
8.702000000000000000e+03 1.926971731015410527e-01
8.703000000000000000e+03 1.933172274522130252e-01
8.704000000000000000e+03 1.939647643709060676e-01
8.705000000000000000e+03 1.946390947059510323e-01
8.706000000000000000e+03 1.953376299163568364e-01
8.707000000000000000e+03 1.960558911264801418e-01
8.708000000000000000e+03 1.967876096294953192e-01
8.709000000000000000e+03 1.975248379698231194e-01
8.710000000000000000e+03 1.982581066269933356e-01
8.711000000000000000e+03 1.989766498607528078e-01
8.712000000000000000e+03 1.996687416663275871e-01
8.713000000000000000e+03 2.003221826118924964e-01
8.714000000000000000e+03 2.009249973111610910e-01
8.715000000000000000e+03 2.014663742909734157e-01
8.716000000000000000e+03 2.019376532032780558e-01
8.717000000000000000e+03 2.023331573831362029e-01
8.718000000000000000e+03 2.026506082942477471e-01
8.719000000000000000e+03 2.028909851000691988e-01
8.720000000000000000e+03 2.030578827061937930e-01
8.721000000000000000e+03 2.031565831178734904e-01
8.722000000000000000e+03 2.031930563290961500e-01
8.723000000000000000e+03 2.031731081649961190e-01
8.724000000000000000e+03 2.031017662288629178e-01
8.725000000000000000e+03 2.029829047249085416e-01
8.726000000000000000e+03 2.028191217017019654e-01
8.727000000000000000e+03 2.026117887357145597e-01
8.728000000000000000e+03 2.023611994000512337e-01
8.729000000000000000e+03 2.020668299369748344e-01
8.730000000000000000e+03 2.017276045087391667e-01
8.731000000000000000e+03 2.013421752821560884e-01
8.732000000000000000e+03 2.009091679700762967e-01
8.733000000000000000e+03 2.004274348290096541e-01
8.734000000000000000e+03 1.998962455389636239e-01
8.735000000000000000e+03 1.993154928618637856e-01
8.736000000000000000e+03 1.986858738468906815e-01
8.737000000000000000e+03 1.980090028926715928e-01
8.738000000000000000e+03 1.972875326176399269e-01
8.739000000000000000e+03 1.965252618339842772e-01
8.740000000000000000e+03 1.957272013392706844e-01
8.741000000000000000e+03 1.948996078631166640e-01
8.742000000000000000e+03 1.940498350876573297e-01
8.743000000000000000e+03 1.931859724874611106e-01
8.744000000000000000e+03 1.923163284824559172e-01
8.745000000000000000e+03 1.914488405567106033e-01
8.746000000000000000e+03 1.905905158219587114e-01
8.747000000000000000e+03 1.897470250620955645e-01
8.748000000000000000e+03 1.889224691412438872e-01
8.749000000000000000e+03 1.881193708559722455e-01
8.750000000000000000e+03 1.873388655646039402e-01
8.751000000000000000e+03 1.865810016059753496e-01
8.752000000000000000e+03 1.858451079889345547e-01
8.753000000000000000e+03 1.851302135751651812e-01
8.754000000000000000e+03 1.844354242541163813e-01
8.755000000000000000e+03 1.837602685161409122e-01
8.756000000000000000e+03 1.831049278994353879e-01
8.757000000000000000e+03 1.824703319561497561e-01
8.758000000000000000e+03 1.818580807317006220e-01
8.759000000000000000e+03 1.812702309239756504e-01
8.760000000000000000e+03 1.807089713503865491e-01
8.761000000000000000e+03 1.801762677687662739e-01
8.762000000000000000e+03 1.796735557045953668e-01
8.763000000000000000e+03 1.792015397595591031e-01
8.764000000000000000e+03 1.787600444783509213e-01
8.765000000000000000e+03 1.783479736202454036e-01
8.766000000000000000e+03 1.779633224034022354e-01
8.767000000000000000e+03 1.776032177729557071e-01
8.768000000000000000e+03 1.772639707078591531e-01
8.769000000000000000e+03 1.769411724833788724e-01
8.770000000000000000e+03 1.766298318761113650e-01
8.771000000000000000e+03 1.763246300921313958e-01
8.772000000000000000e+03 1.760203493239313466e-01
8.773000000000000000e+03 1.757124557391843700e-01
8.774000000000000000e+03 1.753977497427449406e-01
8.775000000000000000e+03 1.750749479867762526e-01
8.776000000000000000e+03 1.747450975333883771e-01
8.777000000000000000e+03 1.744116594928574737e-01
8.778000000000000000e+03 1.740802299101669448e-01
8.779000000000000000e+03 1.737579560647349586e-01
8.780000000000000000e+03 1.734527563572063058e-01
8.781000000000000000e+03 1.731725116087323157e-01
8.782000000000000000e+03 1.729243133953951017e-01
8.783000000000000000e+03 1.727139494041604606e-01
8.784000000000000000e+03 1.725456164039746998e-01
8.785000000000000000e+03 1.724218337357866504e-01
8.786000000000000000e+03 1.723435389511925042e-01
8.787000000000000000e+03 1.723102612385934429e-01
8.788000000000000000e+03 1.723203787273113186e-01
8.789000000000000000e+03 1.723714491714709585e-01
8.790000000000000000e+03 1.724606136489489905e-01
8.791000000000000000e+03 1.725850902493873407e-01
8.792000000000000000e+03 1.727426830323330886e-01
8.793000000000000000e+03 1.729321908316880374e-01
8.794000000000000000e+03 1.731536136495150646e-01
8.795000000000000000e+03 1.734080707950401146e-01
8.796000000000000000e+03 1.736974161480638601e-01
8.797000000000000000e+03 1.740237098083540768e-01
8.798000000000000000e+03 1.743887068782221106e-01
8.799000000000000000e+03 1.747934790476800559e-01
8.800000000000000000e+03 1.752382727615278690e-01
8.801000000000000000e+03 1.757225326471122673e-01
8.802000000000000000e+03 1.762450852284099256e-01
8.803000000000000000e+03 1.768044399045544113e-01
8.804000000000000000e+03 1.773991056240860065e-01
8.805000000000000000e+03 1.780278349185620002e-01
8.806000000000000000e+03 1.786897740977712590e-01
8.807000000000000000e+03 1.793844340548950145e-01
8.808000000000000000e+03 1.801115419950609919e-01
8.809000000000000000e+03 1.808707948724082026e-01
8.810000000000000000e+03 1.816615106818175451e-01
8.811000000000000000e+03 1.824822541595065295e-01
8.812000000000000000e+03 1.833305398096193306e-01
8.813000000000000000e+03 1.842026482853068581e-01
8.814000000000000000e+03 1.850936326825130540e-01
8.815000000000000000e+03 1.859975282925192541e-01
8.816000000000000000e+03 1.869077275117564385e-01
8.817000000000000000e+03 1.878174806130839536e-01
8.818000000000000000e+03 1.887203920567720739e-01
8.819000000000000000e+03 1.896107546539148037e-01
8.820000000000000000e+03 1.904836957375068696e-01
8.821000000000000000e+03 1.913350863669285029e-01
8.822000000000000000e+03 1.921612960473873255e-01
8.823000000000000000e+03 1.929589514531586392e-01
8.824000000000000000e+03 1.937247514078751509e-01
8.825000000000000000e+03 1.944554041224723917e-01
8.826000000000000000e+03 1.951476560104636881e-01
8.827000000000000000e+03 1.957983584024699519e-01
8.828000000000000000e+03 1.964046172325600303e-01
8.829000000000000000e+03 1.969639183450137276e-01
8.830000000000000000e+03 1.974742416592366046e-01
8.831000000000000000e+03 1.979340795410903242e-01
8.832000000000000000e+03 1.983423535213629518e-01
8.833000000000000000e+03 1.986982263231126533e-01
8.834000000000000000e+03 1.990007844373728463e-01
8.835000000000000000e+03 1.992487523557173734e-01
8.836000000000000000e+03 1.994402803707736593e-01
8.837000000000000000e+03 1.995729342088514158e-01
8.838000000000000000e+03 1.996439628011101031e-01
8.839000000000000000e+03 1.996506557376303559e-01
8.840000000000000000e+03 1.995907744558300390e-01
8.841000000000000000e+03 1.994628601306938087e-01
8.842000000000000000e+03 1.992664293094705830e-01
8.843000000000000000e+03 1.990020740143914335e-01
8.844000000000000000e+03 1.986714899933848255e-01
8.845000000000000000e+03 1.982774848613766960e-01
8.846000000000000000e+03 1.978238926619156623e-01
8.847000000000000000e+03 1.973154284072942133e-01
8.848000000000000000e+03 1.967573864651060711e-01
8.849000000000000000e+03 1.961552539006166662e-01
8.850000000000000000e+03 1.955143658528429862e-01
8.851000000000000000e+03 1.948396601040990328e-01
8.852000000000000000e+03 1.941356182071941050e-01
8.853000000000000000e+03 1.934063646776706114e-01
8.854000000000000000e+03 1.926558348756585992e-01
8.855000000000000000e+03 1.918879398323193319e-01
8.856000000000000000e+03 1.911066135819976530e-01
8.857000000000000000e+03 1.903157208688742719e-01
8.858000000000000000e+03 1.895189117254755806e-01
8.859000000000000000e+03 1.887194659130478347e-01
8.860000000000000000e+03 1.879203198134565267e-01
8.861000000000000000e+03 1.871243448448848823e-01
8.862000000000000000e+03 1.863348365197733947e-01
8.863000000000000000e+03 1.855561756994264788e-01
8.864000000000000000e+03 1.847944372094055820e-01
8.865000000000000000e+03 1.840576432184730937e-01
8.866000000000000000e+03 1.833554658738921761e-01
8.867000000000000000e+03 1.826983652565208893e-01
8.868000000000000000e+03 1.820963871350934071e-01
8.869000000000000000e+03 1.815579667117553642e-01
8.870000000000000000e+03 1.810890003447620522e-01
8.871000000000000000e+03 1.806923091753137034e-01
8.872000000000000000e+03 1.803675455091353075e-01
8.873000000000000000e+03 1.801114124371269165e-01
8.874000000000000000e+03 1.799181057771126468e-01
8.875000000000000000e+03 1.797798534501531820e-01
8.876000000000000000e+03 1.796875127438812281e-01
8.877000000000000000e+03 1.796310469883439231e-01
8.878000000000000000e+03 1.795999644500625991e-01
8.879000000000000000e+03 1.795836975770609689e-01
8.880000000000000000e+03 1.795720028422321257e-01
8.881000000000000000e+03 1.795554314267751583e-01
8.882000000000000000e+03 1.795259099302355388e-01
8.883000000000000000e+03 1.794772532844876589e-01
8.884000000000000000e+03 1.794055247015363952e-01
8.885000000000000000e+03 1.793091045717011278e-01
8.886000000000000000e+03 1.791884874272833550e-01
8.887000000000000000e+03 1.790459141962753020e-01
8.888000000000000000e+03 1.788849079731887337e-01
8.889000000000000000e+03 1.787098967100542724e-01
8.890000000000000000e+03 1.785259027414957123e-01
8.891000000000000000e+03 1.783383369692727594e-01
8.892000000000000000e+03 1.781528619099043698e-01
8.893000000000000000e+03 1.779751623180997888e-01
8.894000000000000000e+03 1.778107009276658768e-01
8.895000000000000000e+03 1.776644683579512995e-01
8.896000000000000000e+03 1.775407125905421601e-01
8.897000000000000000e+03 1.774427888888477356e-01
8.898000000000000000e+03 1.773731595497233526e-01
8.899000000000000000e+03 1.773335560215185125e-01
8.900000000000000000e+03 1.773252846376588143e-01
8.901000000000000000e+03 1.773495722745057346e-01
8.902000000000000000e+03 1.774077840934183414e-01
8.903000000000000000e+03 1.775013933428689072e-01
8.904000000000000000e+03 1.776316848260930392e-01
8.905000000000000000e+03 1.777993299124897564e-01
8.906000000000000000e+03 1.780039985923477508e-01
8.907000000000000000e+03 1.782442371707078088e-01
8.908000000000000000e+03 1.785175915774641631e-01
8.909000000000000000e+03 1.788209277609180692e-01
8.910000000000000000e+03 1.791508494459139733e-01
8.911000000000000000e+03 1.795041546016244716e-01
8.912000000000000000e+03 1.798781710853841753e-01
8.913000000000000000e+03 1.802709532652314595e-01
8.914000000000000000e+03 1.806813663253538094e-01
8.915000000000000000e+03 1.811090453920730647e-01
8.916000000000000000e+03 1.815542439730747359e-01
8.917000000000000000e+03 1.820177065257131965e-01
8.918000000000000000e+03 1.825005486838879865e-01
8.919000000000000000e+03 1.830041256049327880e-01
8.920000000000000000e+03 1.835298552056070509e-01
8.921000000000000000e+03 1.840789880915877363e-01
8.922000000000000000e+03 1.846523413373547251e-01
8.923000000000000000e+03 1.852500237281519968e-01
8.924000000000000000e+03 1.858711813325490680e-01
8.925000000000000000e+03 1.865138076820220814e-01
8.926000000000000000e+03 1.871746780240591823e-01
8.927000000000000000e+03 1.878493945285736322e-01
8.928000000000000000e+03 1.885325346665854829e-01
8.929000000000000000e+03 1.892179234525964704e-01
8.930000000000000000e+03 1.898989382060979336e-01
8.931000000000000000e+03 1.905688838310969357e-01
8.932000000000000000e+03 1.912213672777830498e-01
8.933000000000000000e+03 1.918506068610242310e-01
8.934000000000000000e+03 1.924516830934703826e-01
8.935000000000000000e+03 1.930207256060056942e-01
8.936000000000000000e+03 1.935550146569453012e-01
8.937000000000000000e+03 1.940530203703284828e-01
8.938000000000000000e+03 1.945143286180105180e-01
8.939000000000000000e+03 1.949394785273289854e-01
8.940000000000000000e+03 1.953297159138955297e-01
8.941000000000000000e+03 1.956866683857095834e-01
8.942000000000000000e+03 1.960120233663052713e-01
8.943000000000000000e+03 1.963071945821622255e-01
8.944000000000000000e+03 1.965730728747768774e-01
8.945000000000000000e+03 1.968099098055488549e-01
8.946000000000000000e+03 1.970173202634912801e-01
8.947000000000000000e+03 1.971944353685989859e-01
8.948000000000000000e+03 1.973400954772888682e-01
8.949000000000000000e+03 1.974530136376252965e-01
8.950000000000000000e+03 1.975319183641577880e-01
8.951000000000000000e+03 1.975755962825273548e-01
8.952000000000000000e+03 1.975828584954947287e-01
8.953000000000000000e+03 1.975525062792732323e-01
8.954000000000000000e+03 1.974833715064802930e-01
8.955000000000000000e+03 1.973743611169427314e-01
8.956000000000000000e+03 1.972246170805401766e-01
8.957000000000000000e+03 1.970336464355953165e-01
8.958000000000000000e+03 1.968014483120343883e-01
8.959000000000000000e+03 1.965286021508596825e-01
8.960000000000000000e+03 1.962163157260040924e-01
8.961000000000000000e+03 1.958664229807300927e-01
8.962000000000000000e+03 1.954813314250760103e-01
8.963000000000000000e+03 1.950639425583309550e-01
8.964000000000000000e+03 1.946175286014108496e-01
8.965000000000000000e+03 1.941455990701621559e-01
8.966000000000000000e+03 1.936518051893237335e-01
8.967000000000000000e+03 1.931398128851605500e-01
8.968000000000000000e+03 1.926132359389264304e-01
8.969000000000000000e+03 1.920756363733920336e-01
8.970000000000000000e+03 1.915305398608052323e-01
8.971000000000000000e+03 1.909814900820479833e-01
8.972000000000000000e+03 1.904321315887329558e-01
8.973000000000000000e+03 1.898863563035178004e-01
8.974000000000000000e+03 1.893484436409596516e-01
8.975000000000000000e+03 1.888231446205312358e-01
8.976000000000000000e+03 1.883156707302199306e-01
8.977000000000000000e+03 1.878315769858910911e-01
8.978000000000000000e+03 1.873764629197402776e-01
8.979000000000000000e+03 1.869555719058512144e-01
8.980000000000000000e+03 1.865734156252633058e-01
8.981000000000000000e+03 1.862334257539057791e-01
8.982000000000000000e+03 1.859376855645148985e-01
8.983000000000000000e+03 1.856867970246776911e-01
8.984000000000000000e+03 1.854799164276937917e-01
8.985000000000000000e+03 1.853148935590911428e-01
8.986000000000000000e+03 1.851885152657333777e-01
8.987000000000000000e+03 1.850968403584581368e-01
8.988000000000000000e+03 1.850355594079712285e-01
8.989000000000000000e+03 1.850003556745961619e-01
8.990000000000000000e+03 1.849872283482872359e-01
8.991000000000000000e+03 1.849927824614384653e-01
8.992000000000000000e+03 1.850144180784515924e-01
8.993000000000000000e+03 1.850504595144494835e-01
8.994000000000000000e+03 1.851001754854039449e-01
8.995000000000000000e+03 1.851637656788903130e-01
8.996000000000000000e+03 1.852422909708552057e-01
8.997000000000000000e+03 1.853375953901211792e-01
8.998000000000000000e+03 1.854521716973077661e-01
8.999000000000000000e+03 1.855890009065105095e-01
9.000000000000000000e+03 1.857513632289041206e-01
9.001000000000000000e+03 1.859426086984294346e-01
9.002000000000000000e+03 1.861659475796572094e-01
9.003000000000000000e+03 1.864242255237777424e-01
9.004000000000000000e+03 1.867197224580649517e-01
9.005000000000000000e+03 1.870540337213681958e-01
9.006000000000000000e+03 1.874280524716895879e-01
9.007000000000000000e+03 1.878420701337332743e-01
9.008000000000000000e+03 1.882959786060595664e-01
9.009000000000000000e+03 1.887895116678237062e-01
9.010000000000000000e+03 1.893224517440825205e-01
9.011000000000000000e+03 1.898947352907152109e-01
9.012000000000000000e+03 1.905063857202029254e-01
9.013000000000000000e+03 1.911573056589112862e-01
9.014000000000000000e+03 1.918469291875584126e-01
9.015000000000000000e+03 1.925738918008679246e-01
9.016000000000000000e+03 1.933357932370786403e-01
9.017000000000000000e+03 1.941290816006120135e-01
9.018000000000000000e+03 1.949491347458922053e-01
9.019000000000000000e+03 1.957904544566157201e-01
9.020000000000000000e+03 1.966469591805186656e-01
9.021000000000000000e+03 1.975123082423804188e-01
9.022000000000000000e+03 1.983801924660647531e-01
9.023000000000000000e+03 1.992446102865818025e-01
9.024000000000000000e+03 2.001000643880688212e-01
9.025000000000000000e+03 2.009416541180012450e-01
9.026000000000000000e+03 2.017651013069103327e-01
9.027000000000000000e+03 2.025667370412007617e-01
9.028000000000000000e+03 2.033434610964968137e-01
9.029000000000000000e+03 2.040927209339777337e-01
9.030000000000000000e+03 2.048125041772587140e-01
9.031000000000000000e+03 2.055013725932821611e-01
9.032000000000000000e+03 2.061584896842501291e-01
9.033000000000000000e+03 2.067836879027409314e-01
9.034000000000000000e+03 2.073775992708034033e-01
9.035000000000000000e+03 2.079418201473370864e-01
9.036000000000000000e+03 2.084790487599662012e-01
9.037000000000000000e+03 2.089931287821069628e-01
9.038000000000000000e+03 2.094888156717339966e-01
9.039000000000000000e+03 2.099712590679241875e-01
9.040000000000000000e+03 2.104452951725734322e-01
9.041000000000000000e+03 2.109147400149378737e-01
9.042000000000000000e+03 2.113818323125056797e-01
9.043000000000000000e+03 2.118470006674622041e-01
9.044000000000000000e+03 2.123089387986205334e-01
9.045000000000000000e+03 2.127649506677838365e-01
9.046000000000000000e+03 2.132114099672372531e-01
9.047000000000000000e+03 2.136441870042916635e-01
9.048000000000000000e+03 2.140589624724621720e-01
9.049000000000000000e+03 2.144513604320666955e-01
9.050000000000000000e+03 2.148169944627022487e-01
9.051000000000000000e+03 2.151514393138724557e-01
9.052000000000000000e+03 2.154502496351880791e-01
9.053000000000000000e+03 2.157090791159363141e-01
9.054000000000000000e+03 2.159239031122139885e-01
9.055000000000000000e+03 2.160913573898705919e-01
9.056000000000000000e+03 2.162091406117900017e-01
9.057000000000000000e+03 2.162764172486340009e-01
9.058000000000000000e+03 2.162940827276157441e-01
9.059000000000000000e+03 2.162647871553602386e-01
9.060000000000000000e+03 2.161926686463946645e-01
9.061000000000000000e+03 2.160828347584241027e-01
9.062000000000000000e+03 2.159406786889630225e-01
9.063000000000000000e+03 2.157712544957086087e-01
9.064000000000000000e+03 2.155787763235427201e-01
9.065000000000000000e+03 2.153664081808976116e-01
9.066000000000000000e+03 2.151363467426497533e-01
9.067000000000000000e+03 2.148901555735963087e-01
9.068000000000000000e+03 2.146291610033605468e-01
9.069000000000000000e+03 2.143548577441366232e-01
9.070000000000000000e+03 2.140691852575771770e-01
9.071000000000000000e+03 2.137746077855181281e-01
9.072000000000000000e+03 2.134740102562066588e-01
9.073000000000000000e+03 2.131704238756950698e-01
9.074000000000000000e+03 2.128667433735116354e-01
9.075000000000000000e+03 2.125654114585799337e-01
9.076000000000000000e+03 2.122681983571363951e-01
9.077000000000000000e+03 2.119760672920951439e-01
9.078000000000000000e+03 2.116891217930674252e-01
9.079000000000000000e+03 2.114066237398129489e-01
9.080000000000000000e+03 2.111269901279633487e-01
9.081000000000000000e+03 2.108478127011254311e-01
9.082000000000000000e+03 2.105658986890974749e-01
9.083000000000000000e+03 2.102773335152072764e-01
9.084000000000000000e+03 2.099775934795154453e-01
9.085000000000000000e+03 2.096616705515783330e-01
9.086000000000000000e+03 2.093242234920601463e-01
9.087000000000000000e+03 2.089598420050734484e-01
9.088000000000000000e+03 2.085633167833320645e-01
9.089000000000000000e+03 2.081300216018431848e-01
9.090000000000000000e+03 2.076563234669356328e-01
9.091000000000000000e+03 2.071399659072193367e-01
9.092000000000000000e+03 2.065803939857394356e-01
9.093000000000000000e+03 2.059789391464559583e-01
9.094000000000000000e+03 2.053387578103867406e-01
9.095000000000000000e+03 2.046646055416844190e-01
9.096000000000000000e+03 2.039624814853502333e-01
9.097000000000000000e+03 2.032392204152815851e-01
9.098000000000000000e+03 2.025021198456978255e-01
9.099000000000000000e+03 2.017586060391756697e-01
9.100000000000000000e+03 2.010159261212362547e-01
9.101000000000000000e+03 2.002808752666724312e-01
9.102000000000000000e+03 1.995595104277914644e-01
9.103000000000000000e+03 1.988568879262814781e-01
9.104000000000000000e+03 1.981768210692708421e-01
9.105000000000000000e+03 1.975216891408312636e-01
9.106000000000000000e+03 1.968923200583434785e-01
9.107000000000000000e+03 1.962879701695077472e-01
9.108000000000000000e+03 1.957064682587620619e-01
9.109000000000000000e+03 1.951444969224662984e-01
9.110000000000000000e+03 1.945980222693896589e-01
9.111000000000000000e+03 1.940627721889710555e-01
9.112000000000000000e+03 1.935347112134492287e-01
9.113000000000000000e+03 1.930104453443371726e-01
9.114000000000000000e+03 1.924875297127822127e-01
9.115000000000000000e+03 1.919646438809378686e-01
9.116000000000000000e+03 1.914417022681815794e-01
9.117000000000000000e+03 1.909198540355908635e-01
9.118000000000000000e+03 1.904013860523497415e-01
9.119000000000000000e+03 1.898895370114561387e-01
9.120000000000000000e+03 1.893882537615516892e-01
9.121000000000000000e+03 1.889019566395405136e-01
9.122000000000000000e+03 1.884352553249127593e-01
9.123000000000000000e+03 1.879927060531024208e-01
9.124000000000000000e+03 1.875785910994411665e-01
9.125000000000000000e+03 1.871966759070774755e-01
9.126000000000000000e+03 1.868500243253366222e-01
9.127000000000000000e+03 1.865408073799033617e-01
9.128000000000000000e+03 1.862701911523798326e-01
9.129000000000000000e+03 1.860383319801772184e-01
9.130000000000000000e+03 1.858444278742813482e-01
9.131000000000000000e+03 1.856868276974580900e-01
9.132000000000000000e+03 1.855631774002607648e-01
9.133000000000000000e+03 1.854705662627042506e-01
9.134000000000000000e+03 1.854056407804610118e-01
9.135000000000000000e+03 1.853647470728473357e-01
9.136000000000000000e+03 1.853440847164322669e-01
9.137000000000000000e+03 1.853399244532396017e-01
9.138000000000000000e+03 1.853488570893437049e-01
9.139000000000000000e+03 1.853680731803711568e-01
9.140000000000000000e+03 1.853956394875494462e-01
9.141000000000000000e+03 1.854306858491348575e-01
9.142000000000000000e+03 1.854734817040555594e-01
9.143000000000000000e+03 1.855253459787757075e-01
9.144000000000000000e+03 1.855884108171154123e-01
9.145000000000000000e+03 1.856652356404959736e-01
9.146000000000000000e+03 1.857583919542868667e-01
9.147000000000000000e+03 1.858700005188894666e-01
9.148000000000000000e+03 1.860014011203178774e-01
9.149000000000000000e+03 1.861528972724895148e-01
9.150000000000000000e+03 1.863235818529307974e-01
9.151000000000000000e+03 1.865112792395606511e-01
9.152000000000000000e+03 1.867125737595242141e-01
9.153000000000000000e+03 1.869228404677756861e-01
9.154000000000000000e+03 1.871363286290431693e-01
9.155000000000000000e+03 1.873462626732155800e-01
9.156000000000000000e+03 1.875449979113761878e-01
9.157000000000000000e+03 1.877242568059061811e-01
9.158000000000000000e+03 1.878754951518171179e-01
9.159000000000000000e+03 1.879903775129366794e-01
9.160000000000000000e+03 1.880613239555333494e-01
9.161000000000000000e+03 1.880820178518856078e-01
9.162000000000000000e+03 1.880478709742387511e-01
9.163000000000000000e+03 1.879563813055563082e-01
9.164000000000000000e+03 1.878072888664351070e-01
9.165000000000000000e+03 1.876025683627196572e-01
9.166000000000000000e+03 1.873462291315399486e-01
9.167000000000000000e+03 1.870440055526065848e-01
9.168000000000000000e+03 1.867029801679862822e-01
9.169000000000000000e+03 1.863312115755969278e-01
9.170000000000000000e+03 1.859374171094551609e-01
9.171000000000000000e+03 1.855307632416322849e-01
9.172000000000000000e+03 1.851207409477170773e-01
9.173000000000000000e+03 1.847170442820556535e-01
9.174000000000000000e+03 1.843294454275190009e-01
9.175000000000000000e+03 1.839675726599246941e-01
9.176000000000000000e+03 1.836405605550845976e-01
9.177000000000000000e+03 1.833565834690005780e-01
9.178000000000000000e+03 1.831223164066937970e-01
9.179000000000000000e+03 1.829424290211841830e-01
9.180000000000000000e+03 1.828192322320328911e-01
9.181000000000000000e+03 1.827525078930055114e-01
9.182000000000000000e+03 1.827395068365392783e-01
9.183000000000000000e+03 1.827751540471949099e-01
9.184000000000000000e+03 1.828524454202104521e-01
9.185000000000000000e+03 1.829629341208380833e-01
9.186000000000000000e+03 1.830973759586163041e-01
9.187000000000000000e+03 1.832464298451444429e-01
9.188000000000000000e+03 1.834013996223211318e-01
9.189000000000000000e+03 1.835549467075864027e-01
9.190000000000000000e+03 1.837016091725285905e-01
9.191000000000000000e+03 1.838380732537277240e-01
9.192000000000000000e+03 1.839632046671408339e-01
9.193000000000000000e+03 1.840777831661752628e-01
9.194000000000000000e+03 1.841841086684029571e-01
9.195000000000000000e+03 1.842855184196087459e-01
9.196000000000000000e+03 1.843858609993470621e-01
9.197000000000000000e+03 1.844890204289027225e-01
9.198000000000000000e+03 1.845984877836785720e-01
9.199000000000000000e+03 1.847170101231175865e-01
9.200000000000000000e+03 1.848463232000611134e-01
9.201000000000000000e+03 1.849870025352061409e-01
9.202000000000000000e+03 1.851384361782479337e-01
9.203000000000000000e+03 1.852989552957051700e-01
9.204000000000000000e+03 1.854660445289361137e-01
9.205000000000000000e+03 1.856366131805102793e-01
9.206000000000000000e+03 1.858073341231875619e-01
9.207000000000000000e+03 1.859749641511126428e-01
9.208000000000000000e+03 1.861365998667655619e-01
9.209000000000000000e+03 1.862899153708777455e-01
9.210000000000000000e+03 1.864333740812389451e-01
9.211000000000000000e+03 1.865664607751761905e-01
9.212000000000000000e+03 1.866898850946327459e-01
9.213000000000000000e+03 1.868057526318723793e-01
9.214000000000000000e+03 1.869176405456229317e-01
9.215000000000000000e+03 1.870305382098836899e-01
9.216000000000000000e+03 1.871506332281211160e-01
9.217000000000000000e+03 1.872849365185332848e-01
9.218000000000000000e+03 1.874407724897289851e-01
9.219000000000000000e+03 1.876251467762050651e-01
9.220000000000000000e+03 1.878440848111011252e-01
9.221000000000000000e+03 1.881020485293186939e-01
9.222000000000000000e+03 1.884015586710642287e-01
9.223000000000000000e+03 1.887430613666357671e-01
9.224000000000000000e+03 1.891250507271988734e-01
9.225000000000000000e+03 1.895444390167065896e-01
9.226000000000000000e+03 1.899970187208253058e-01
9.227000000000000000e+03 1.904779378912921373e-01
9.228000000000000000e+03 1.909820845084646279e-01
9.229000000000000000e+03 1.915042999875234409e-01
9.230000000000000000e+03 1.920394695830061893e-01
9.231000000000000000e+03 1.925824833768325917e-01
9.232000000000000000e+03 1.931282139811325571e-01
9.233000000000000000e+03 1.936715567282389361e-01
9.234000000000000000e+03 1.942075705780442751e-01
9.235000000000000000e+03 1.947317461989900855e-01
9.236000000000000000e+03 1.952403515999024397e-01
9.237000000000000000e+03 1.957307435923598682e-01
9.238000000000000000e+03 1.962015182647613987e-01
9.239000000000000000e+03 1.966525037869201742e-01
9.240000000000000000e+03 1.970845693834986367e-01
9.241000000000000000e+03 1.974992788012781275e-01
9.242000000000000000e+03 1.978984363365938748e-01
9.243000000000000000e+03 1.982836419832886832e-01
9.244000000000000000e+03 1.986559055379180649e-01
9.245000000000000000e+03 1.990153277394786646e-01
9.246000000000000000e+03 1.993609413064946212e-01
9.247000000000000000e+03 1.996906514698905677e-01
9.248000000000000000e+03 2.000013523371352853e-01
9.249000000000000000e+03 2.002891397350649583e-01
9.250000000000000000e+03 2.005496841334661884e-01
9.251000000000000000e+03 2.007787267732314418e-01
9.252000000000000000e+03 2.009726849954990846e-01
9.253000000000000000e+03 2.011292532755855622e-01
9.254000000000000000e+03 2.012479002790159011e-01
9.255000000000000000e+03 2.013301387710312307e-01
9.256000000000000000e+03 2.013794969050093364e-01
9.257000000000000000e+03 2.014011666530089728e-01
9.258000000000000000e+03 2.014014196036475468e-01
9.259000000000000000e+03 2.013869541098579630e-01
9.260000000000000000e+03 2.013643388619998087e-01
9.261000000000000000e+03 2.013395771280675761e-01
9.262000000000000000e+03 2.013178701371203250e-01
9.263000000000000000e+03 2.013035386443516317e-01
9.264000000000000000e+03 2.012999993669886412e-01
9.265000000000000000e+03 2.013097812377007412e-01
9.266000000000000000e+03 2.013345465503090237e-01
9.267000000000000000e+03 2.013751198321169222e-01
9.268000000000000000e+03 2.014315661497278198e-01
9.269000000000000000e+03 2.015033268585822990e-01
9.270000000000000000e+03 2.015894229781764468e-01
9.271000000000000000e+03 2.016887156373430579e-01
9.272000000000000000e+03 2.018002448815489625e-01
9.273000000000000000e+03 2.019234990827454834e-01
9.274000000000000000e+03 2.020585181352905768e-01
9.275000000000000000e+03 2.022057802705160001e-01
9.276000000000000000e+03 2.023658727693406489e-01
9.277000000000000000e+03 2.025391294664957986e-01
9.278000000000000000e+03 2.027252894731650934e-01
9.279000000000000000e+03 2.029233093874996952e-01
9.280000000000000000e+03 2.031312736561319554e-01
9.281000000000000000e+03 2.033463882995432681e-01
9.282000000000000000e+03 2.035650100813281849e-01
9.283000000000000000e+03 2.037827356224521658e-01
9.284000000000000000e+03 2.039945449055111104e-01
9.285000000000000000e+03 2.041950424013068144e-01
9.286000000000000000e+03 2.043788652171346920e-01
9.287000000000000000e+03 2.045412368408257020e-01
9.288000000000000000e+03 2.046785687734614667e-01
9.289000000000000000e+03 2.047889280338311135e-01
9.290000000000000000e+03 2.048723400547135531e-01
9.291000000000000000e+03 2.049307662420770948e-01
9.292000000000000000e+03 2.049678115268676326e-01
9.293000000000000000e+03 2.049882626247890860e-01
9.294000000000000000e+03 2.049975493361592127e-01
9.295000000000000000e+03 2.050012032361219205e-01
9.296000000000000000e+03 2.050043516399644994e-01
9.297000000000000000e+03 2.050113014593931415e-01
9.298000000000000000e+03 2.050252285158960519e-01
9.299000000000000000e+03 2.050479283479851589e-01
9.300000000000000000e+03 2.050796708887099307e-01
9.301000000000000000e+03 2.051191366267092198e-01
9.302000000000000000e+03 2.051634719528943884e-01
9.303000000000000000e+03 2.052085350623152338e-01
9.304000000000000000e+03 2.052492868309409024e-01
9.305000000000000000e+03 2.052803828826962329e-01
9.306000000000000000e+03 2.052968177310655895e-01
9.307000000000000000e+03 2.052945823227058375e-01
9.308000000000000000e+03 2.052712131152966690e-01
9.309000000000000000e+03 2.052261474642420591e-01
9.310000000000000000e+03 2.051607916996150416e-01
9.311000000000000000e+03 2.050783944244086721e-01
9.312000000000000000e+03 2.049836784115534882e-01
9.313000000000000000e+03 2.048823976023927407e-01
9.314000000000000000e+03 2.047808188283953557e-01
9.315000000000000000e+03 2.046852195574741518e-01
9.316000000000000000e+03 2.046014338347631467e-01
9.317000000000000000e+03 2.045344317806667700e-01
9.318000000000000000e+03 2.044880500153417324e-01
9.319000000000000000e+03 2.044648701722805162e-01
9.320000000000000000e+03 2.044662012267163820e-01
9.321000000000000000e+03 2.044922082749505154e-01
9.322000000000000000e+03 2.045421687013902201e-01
9.323000000000000000e+03 2.046147516589950921e-01
9.324000000000000000e+03 2.047082211006958641e-01
9.325000000000000000e+03 2.048206629518221078e-01
9.326000000000000000e+03 2.049501086360430990e-01
9.327000000000000000e+03 2.050945872290036165e-01
9.328000000000000000e+03 2.052521684344011943e-01
9.329000000000000000e+03 2.054210122551963225e-01
9.330000000000000000e+03 2.055993948542870209e-01
9.331000000000000000e+03 2.057857843701203227e-01
9.332000000000000000e+03 2.059789486103857925e-01
9.333000000000000000e+03 2.061779879480866440e-01
9.334000000000000000e+03 2.063822856937106431e-01
9.335000000000000000e+03 2.065913847336812159e-01
9.336000000000000000e+03 2.068047807954393746e-01
9.337000000000000000e+03 2.070217021039996719e-01
9.338000000000000000e+03 2.072409497476740969e-01
9.339000000000000000e+03 2.074608332169011193e-01
9.340000000000000000e+03 2.076792159552257044e-01
9.341000000000000000e+03 2.078935998366600590e-01
9.342000000000000000e+03 2.081012069868999614e-01
9.343000000000000000e+03 2.082990042183210377e-01
9.344000000000000000e+03 2.084836457410446098e-01
9.345000000000000000e+03 2.086514071634242573e-01
9.346000000000000000e+03 2.087981722447358468e-01
9.347000000000000000e+03 2.089195722301925573e-01
9.348000000000000000e+03 2.090113083749788880e-01
9.349000000000000000e+03 2.090695798159618590e-01
9.350000000000000000e+03 2.090914232549682950e-01
9.351000000000000000e+03 2.090748833758347414e-01
9.352000000000000000e+03 2.090189578792303327e-01
9.353000000000000000e+03 2.089233644567928816e-01
9.354000000000000000e+03 2.087882089846855860e-01
9.355000000000000000e+03 2.086137389664709518e-01
9.356000000000000000e+03 2.084001695877696902e-01
9.357000000000000000e+03 2.081476432796173781e-01
9.358000000000000000e+03 2.078562954904898397e-01
9.359000000000000000e+03 2.075263776041748054e-01
9.360000000000000000e+03 2.071584600274902765e-01
9.361000000000000000e+03 2.067536432444412042e-01
9.362000000000000000e+03 2.063137775193698009e-01
9.363000000000000000e+03 2.058416633521919226e-01
9.364000000000000000e+03 2.053411769166531287e-01
9.365000000000000000e+03 2.048172922287575526e-01
9.366000000000000000e+03 2.042759282828028600e-01
9.367000000000000000e+03 2.037236310458758748e-01
9.368000000000000000e+03 2.031671438572978938e-01
9.369000000000000000e+03 2.026129771988440242e-01
9.370000000000000000e+03 2.020670697208223343e-01
9.371000000000000000e+03 2.015346230206098155e-01
9.372000000000000000e+03 2.010201280689688230e-01
9.373000000000000000e+03 2.005275042091997362e-01
9.374000000000000000e+03 2.000601853921674111e-01
9.375000000000000000e+03 1.996212208727786153e-01
9.376000000000000000e+03 1.992133120310349836e-01
9.377000000000000000e+03 1.988388363847583551e-01
9.378000000000000000e+03 1.984999128641654620e-01
9.379000000000000000e+03 1.981984253027310183e-01
9.380000000000000000e+03 1.979360090236645664e-01
9.381000000000000000e+03 1.977139192899626252e-01
9.382000000000000000e+03 1.975328076421982715e-01
9.383000000000000000e+03 1.973924585629430184e-01
9.384000000000000000e+03 1.972915670427946022e-01
9.385000000000000000e+03 1.972276589887833054e-01
9.386000000000000000e+03 1.971971903390747904e-01
9.387000000000000000e+03 1.971957817270411084e-01
9.388000000000000000e+03 1.972185370238077606e-01
9.389000000000000000e+03 1.972603752405087674e-01
9.390000000000000000e+03 1.973163057810181642e-01
9.391000000000000000e+03 1.973815720392358419e-01
9.392000000000000000e+03 1.974517448791844876e-01
9.393000000000000000e+03 1.975227651968963216e-01
9.394000000000000000e+03 1.975909885396602284e-01
9.395000000000000000e+03 1.976532720507380714e-01
9.396000000000000000e+03 1.977071877260514199e-01
9.397000000000000000e+03 1.977513436971731764e-01
9.398000000000000000e+03 1.977856943899519715e-01
9.399000000000000000e+03 1.978117263024150585e-01
9.400000000000000000e+03 1.978324193100545192e-01
9.401000000000000000e+03 1.978519594078333166e-01
9.402000000000000000e+03 1.978752030553775632e-01
9.403000000000000000e+03 1.979070290789874675e-01
9.404000000000000000e+03 1.979517441546408130e-01
9.405000000000000000e+03 1.980126048369893477e-01
9.406000000000000000e+03 1.980914993127114165e-01
9.407000000000000000e+03 1.981888953810995169e-01
9.408000000000000000e+03 1.983039818928772624e-01
9.409000000000000000e+03 1.984349984460770933e-01
9.410000000000000000e+03 1.985796556858414053e-01
9.411000000000000000e+03 1.987356061857654677e-01
9.412000000000000000e+03 1.989008987460747502e-01
9.413000000000000000e+03 1.990742843274455054e-01
9.414000000000000000e+03 1.992553644285569581e-01
9.415000000000000000e+03 1.994445507323665823e-01
9.416000000000000000e+03 1.996428561528832968e-01
9.417000000000000000e+03 1.998515752654854150e-01
9.418000000000000000e+03 2.000718700002895867e-01
9.419000000000000000e+03 2.003043642859863582e-01
9.420000000000000000e+03 2.005487950077867731e-01
9.421000000000000000e+03 2.008037054322560633e-01
9.422000000000000000e+03 2.010662916919177812e-01
9.423000000000000000e+03 2.013323554944838334e-01
9.424000000000000000e+03 2.015963828064674113e-01
9.425000000000000000e+03 2.018517364561535077e-01
9.426000000000000000e+03 2.020909486636709163e-01
9.427000000000000000e+03 2.023061143019274644e-01
9.428000000000000000e+03 2.024893975650478573e-01
9.429000000000000000e+03 2.026336751112750023e-01
9.430000000000000000e+03 2.027332022806434264e-01
9.431000000000000000e+03 2.027842808046930734e-01
9.432000000000000000e+03 2.027857287083643656e-01
9.433000000000000000e+03 2.027390197363864444e-01
9.434000000000000000e+03 2.026479051161243772e-01
9.435000000000000000e+03 2.025176134542856499e-01
9.436000000000000000e+03 2.023538610294485229e-01
9.437000000000000000e+03 2.021619013391448838e-01
9.438000000000000000e+03 2.019458547919758540e-01
9.439000000000000000e+03 2.017083563139316360e-01
9.440000000000000000e+03 2.014505101693422062e-01
9.441000000000000000e+03 2.011720921892727332e-01
9.442000000000000000e+03 2.008719246346425680e-01
9.443000000000000000e+03 2.005483555924478245e-01
9.444000000000000000e+03 2.001997692673733731e-01
9.445000000000000000e+03 1.998249607981626985e-01
9.446000000000000000e+03 1.994233613663015936e-01
9.447000000000000000e+03 1.989949911547646000e-01
9.448000000000000000e+03 1.985401912839917515e-01
9.449000000000000000e+03 1.980592642879064336e-01
9.450000000000000000e+03 1.975521181253606928e-01
9.451000000000000000e+03 1.970181828544761427e-01
9.452000000000000000e+03 1.964565778865047241e-01
9.453000000000000000e+03 1.958665714488184717e-01
9.454000000000000000e+03 1.952481659818433579e-01
9.455000000000000000e+03 1.946026626413223659e-01
9.456000000000000000e+03 1.939330089793657730e-01
9.457000000000000000e+03 1.932438909908205105e-01
9.458000000000000000e+03 1.925415503698176822e-01
9.459000000000000000e+03 1.918333715449493937e-01
9.460000000000000000e+03 1.911273585419557275e-01
9.461000000000000000e+03 1.904315217786893832e-01
9.462000000000000000e+03 1.897532824982525734e-01
9.463000000000000000e+03 1.890989033028863953e-01
9.464000000000000000e+03 1.884730406734356489e-01
9.465000000000000000e+03 1.878784492432005182e-01
9.466000000000000000e+03 1.873158989880983338e-01
9.467000000000000000e+03 1.867843405295061820e-01
9.468000000000000000e+03 1.862812721549477746e-01
9.469000000000000000e+03 1.858032948514888316e-01
9.470000000000000000e+03 1.853467333790429494e-01
9.471000000000000000e+03 1.849082141085587050e-01
9.472000000000000000e+03 1.844851760311698174e-01
9.473000000000000000e+03 1.840762507311040908e-01
9.474000000000000000e+03 1.836814591073032132e-01
9.475000000000000000e+03 1.833021734351541199e-01
9.476000000000000000e+03 1.829407922480519311e-01
9.477000000000000000e+03 1.826001016575549696e-01
9.478000000000000000e+03 1.822825267694043738e-01
9.479000000000000000e+03 1.819894792225874025e-01
9.480000000000000000e+03 1.817209960154217985e-01
9.481000000000000000e+03 1.814757630693895618e-01
9.482000000000000000e+03 1.812514915756724410e-01
9.483000000000000000e+03 1.810455098304228350e-01
9.484000000000000000e+03 1.808553896926912985e-01
9.485000000000000000e+03 1.806794016567756789e-01
9.486000000000000000e+03 1.805167321313406181e-01
9.487000000000000000e+03 1.803674082327531569e-01
9.488000000000000000e+03 1.802319785153106979e-01
9.489000000000000000e+03 1.801110969422809183e-01
9.490000000000000000e+03 1.800050618274234293e-01
9.491000000000000000e+03 1.799134436072406529e-01
9.492000000000000000e+03 1.798348393527311739e-01
9.493000000000000000e+03 1.797667819715876858e-01
9.494000000000000000e+03 1.797058436309134644e-01
9.495000000000000000e+03 1.796478914608448940e-01
9.496000000000000000e+03 1.795885145847402053e-01
9.497000000000000000e+03 1.795235701097242786e-01
9.498000000000000000e+03 1.794497800360281836e-01
9.499000000000000000e+03 1.793652588982320717e-01
9.500000000000000000e+03 1.792698960040893796e-01
9.501000000000000000e+03 1.791655108515503581e-01
9.502000000000000000e+03 1.790558031363856384e-01
9.503000000000000000e+03 1.789460774882020710e-01
9.504000000000000000e+03 1.788428014439231162e-01
9.505000000000000000e+03 1.787530662479087928e-01
9.506000000000000000e+03 1.786840243869934897e-01
9.507000000000000000e+03 1.786424115386326394e-01
9.508000000000000000e+03 1.786341443359752978e-01
9.509000000000000000e+03 1.786640920312997372e-01
9.510000000000000000e+03 1.787359801079510535e-01
9.511000000000000000e+03 1.788523445741043993e-01
9.512000000000000000e+03 1.790145610368840123e-01
9.513000000000000000e+03 1.792228759707448216e-01
9.514000000000000000e+03 1.794764737587894177e-01
9.515000000000000000e+03 1.797735712160765664e-01
9.516000000000000000e+03 1.801116157975086174e-01
9.517000000000000000e+03 1.804875569145828473e-01
9.518000000000000000e+03 1.808981389074497681e-01
9.519000000000000000e+03 1.813401391163700915e-01
9.520000000000000000e+03 1.818105946233851966e-01
9.521000000000000000e+03 1.823069120760808237e-01
9.522000000000000000e+03 1.828268788328722971e-01
9.523000000000000000e+03 1.833685627777007776e-01
9.524000000000000000e+03 1.839301340748176750e-01
9.525000000000000000e+03 1.845096969876370285e-01
9.526000000000000000e+03 1.851051707205942642e-01
9.527000000000000000e+03 1.857142301970969855e-01
9.528000000000000000e+03 1.863342934675578655e-01
9.529000000000000000e+03 1.869625264059533443e-01
9.530000000000000000e+03 1.875958509679406250e-01
9.531000000000000000e+03 1.882309650047693239e-01
9.532000000000000000e+03 1.888643113170532795e-01
9.533000000000000000e+03 1.894920120083323500e-01
9.534000000000000000e+03 1.901098711515307182e-01
9.535000000000000000e+03 1.907133958959998377e-01
9.536000000000000000e+03 1.912978067170068575e-01
9.537000000000000000e+03 1.918581668686845931e-01
9.538000000000000000e+03 1.923895354278619962e-01
9.539000000000000000e+03 1.928871676639318800e-01
9.540000000000000000e+03 1.933467396126550275e-01
9.541000000000000000e+03 1.937645431028751641e-01
9.542000000000000000e+03 1.941376374162069041e-01
9.543000000000000000e+03 1.944639785573830104e-01
9.544000000000000000e+03 1.947424453130879862e-01
9.545000000000000000e+03 1.949727212301986534e-01
9.546000000000000000e+03 1.951550499960606200e-01
9.547000000000000000e+03 1.952899098467151817e-01
9.548000000000000000e+03 1.953777254308465827e-01
9.549000000000000000e+03 1.954187047501141083e-01
9.550000000000000000e+03 1.954128480303443660e-01
9.551000000000000000e+03 1.953602112721404271e-01
9.552000000000000000e+03 1.952613264878346466e-01
9.553000000000000000e+03 1.951176274567409941e-01
9.554000000000000000e+03 1.949317125451222876e-01
9.555000000000000000e+03 1.947073600799479887e-01
9.556000000000000000e+03 1.944493326627222407e-01
9.557000000000000000e+03 1.941629909796633302e-01
9.558000000000000000e+03 1.938538234991070697e-01
9.559000000000000000e+03 1.935269839453179486e-01
9.560000000000000000e+03 1.931868476551129032e-01
9.561000000000000000e+03 1.928366778230643508e-01
9.562000000000000000e+03 1.924784248516310803e-01
9.563000000000000000e+03 1.921127054538243339e-01
9.564000000000000000e+03 1.917389459722892431e-01
9.565000000000000000e+03 1.913557155519788611e-01
9.566000000000000000e+03 1.909611658425951486e-01
9.567000000000000000e+03 1.905535513812155191e-01
9.568000000000000000e+03 1.901317641768140443e-01
9.569000000000000000e+03 1.896957675873187921e-01
9.570000000000000000e+03 1.892469109990332909e-01
9.571000000000000000e+03 1.887881093541556587e-01
9.572000000000000000e+03 1.883238094553792152e-01
9.573000000000000000e+03 1.878598161740782091e-01
9.574000000000000000e+03 1.874030543012774053e-01
9.575000000000000000e+03 1.869612397251088631e-01
9.576000000000000000e+03 1.865425545085149794e-01
9.577000000000000000e+03 1.861553616442287451e-01
9.578000000000000000e+03 1.858079339191336388e-01
9.579000000000000000e+03 1.855081237810469463e-01
9.580000000000000000e+03 1.852629426024725579e-01
9.581000000000000000e+03 1.850780824718146200e-01
9.582000000000000000e+03 1.849575361225209158e-01
9.583000000000000000e+03 1.849034072523266514e-01
9.584000000000000000e+03 1.849160015775526134e-01
9.585000000000000000e+03 1.849941411145502590e-01
9.586000000000000000e+03 1.851356156279561072e-01
9.587000000000000000e+03 1.853376343840303364e-01
9.588000000000000000e+03 1.855971787224667546e-01
9.589000000000000000e+03 1.859112360866405356e-01
9.590000000000000000e+03 1.862769098484028940e-01
9.591000000000000000e+03 1.866914036146627431e-01
9.592000000000000000e+03 1.871519313812455287e-01
9.593000000000000000e+03 1.876555752210013750e-01
9.594000000000000000e+03 1.881991661236091240e-01
9.595000000000000000e+03 1.887792171649462225e-01
9.596000000000000000e+03 1.893918547755295001e-01
9.597000000000000000e+03 1.900328359804406009e-01
9.598000000000000000e+03 1.906975996305066978e-01
9.599000000000000000e+03 1.913813247417219809e-01
9.600000000000000000e+03 1.920790434066627916e-01
9.601000000000000000e+03 1.927857391743172943e-01
9.602000000000000000e+03 1.934964298569164798e-01
9.603000000000000000e+03 1.942062750561240614e-01
9.604000000000000000e+03 1.949106394565791600e-01
9.605000000000000000e+03 1.956051582636452180e-01
9.606000000000000000e+03 1.962858066528124779e-01
9.607000000000000000e+03 1.969489755310843693e-01
9.608000000000000000e+03 1.975915221859952942e-01
9.609000000000000000e+03 1.982108338986939278e-01
9.610000000000000000e+03 1.988048566519381444e-01
9.611000000000000000e+03 1.993720390291112421e-01
9.612000000000000000e+03 1.999112272570476023e-01
9.613000000000000000e+03 2.004214745315204549e-01
9.614000000000000000e+03 2.009018063872506921e-01
9.615000000000000000e+03 2.013510462916174304e-01
9.616000000000000000e+03 2.017676779229205519e-01
9.617000000000000000e+03 2.021498343978377354e-01
9.618000000000000000e+03 2.024953956357399276e-01
9.619000000000000000e+03 2.028021913281903843e-01
9.620000000000000000e+03 2.030682842857264025e-01
9.621000000000000000e+03 2.032922244564417391e-01
9.622000000000000000e+03 2.034732535467397851e-01
9.623000000000000000e+03 2.036113657622758977e-01
9.624000000000000000e+03 2.037072108264819659e-01
9.625000000000000000e+03 2.037618384284472506e-01
9.626000000000000000e+03 2.037763250475337073e-01
9.627000000000000000e+03 2.037514109330793022e-01
9.628000000000000000e+03 2.036872936228729669e-01
9.629000000000000000e+03 2.035836353165895729e-01
9.630000000000000000e+03 2.034398411624313008e-01
9.631000000000000000e+03 2.032555159138448031e-01
9.632000000000000000e+03 2.030310058022468667e-01
9.633000000000000000e+03 2.027678625311571392e-01
9.634000000000000000e+03 2.024691350575770488e-01
9.635000000000000000e+03 2.021393828069479870e-01
9.636000000000000000e+03 2.017843194507272231e-01
9.637000000000000000e+03 2.014101852865524678e-01
9.638000000000000000e+03 2.010229610466048034e-01
9.639000000000000000e+03 2.006275432833383165e-01
9.640000000000000000e+03 2.002270274998822486e-01
9.641000000000000000e+03 1.998222086762818650e-01
9.642000000000000000e+03 1.994114545025583163e-01
9.643000000000000000e+03 1.989909573783162633e-01
9.644000000000000000e+03 1.985554388310919183e-01
9.645000000000000000e+03 1.980992570317110513e-01
9.646000000000000000e+03 1.976177153816654208e-01
9.647000000000000000e+03 1.971082054594342214e-01
9.648000000000000000e+03 1.965708618967431098e-01
9.649000000000000000e+03 1.960084916635032315e-01
9.650000000000000000e+03 1.954258614244019365e-01
9.651000000000000000e+03 1.948287094916481554e-01
9.652000000000000000e+03 1.942228137528582699e-01
9.653000000000000000e+03 1.936133213598617009e-01
9.654000000000000000e+03 1.930043998379389891e-01
9.655000000000000000e+03 1.923991828295233408e-01
9.656000000000000000e+03 1.918000436738065972e-01
9.657000000000000000e+03 1.912091191889185859e-01
9.658000000000000000e+03 1.906289876396790595e-01
9.659000000000000000e+03 1.900632706157436291e-01
9.660000000000000000e+03 1.895169018254493354e-01
9.661000000000000000e+03 1.889959330077126132e-01
9.662000000000000000e+03 1.885069351407231419e-01
9.663000000000000000e+03 1.880562255273311445e-01
9.664000000000000000e+03 1.876491173288577785e-01
9.665000000000000000e+03 1.872894357280561750e-01
9.666000000000000000e+03 1.869793006430493509e-01
9.667000000000000000e+03 1.867191105562978903e-01
9.668000000000000000e+03 1.865076943184700853e-01
9.669000000000000000e+03 1.863425479776237292e-01
9.670000000000000000e+03 1.862201372050849568e-01
9.671000000000000000e+03 1.861362163605163322e-01
9.672000000000000000e+03 1.860861774442676975e-01
9.673000000000000000e+03 1.860653836422887786e-01
9.674000000000000000e+03 1.860694934395105138e-01
9.675000000000000000e+03 1.860947423970631120e-01
9.676000000000000000e+03 1.861381642329123787e-01
9.677000000000000000e+03 1.861976449592964156e-01
9.678000000000000000e+03 1.862718950517404382e-01
9.679000000000000000e+03 1.863602767179070863e-01
9.680000000000000000e+03 1.864625399758192137e-01
9.681000000000000000e+03 1.865785544283629638e-01
9.682000000000000000e+03 1.867080817589589214e-01
9.683000000000000000e+03 1.868505740642891488e-01
9.684000000000000000e+03 1.870050202120842608e-01
9.685000000000000000e+03 1.871698032189313132e-01
9.686000000000000000e+03 1.873425950548748276e-01
9.687000000000000000e+03 1.875202466165328818e-01
9.688000000000000000e+03 1.876987430924317857e-01
9.689000000000000000e+03 1.878732693070416793e-01
9.690000000000000000e+03 1.880384739688760187e-01
9.691000000000000000e+03 1.881888824510212777e-01
9.692000000000000000e+03 1.883195187166718798e-01
9.693000000000000000e+03 1.884266617434582902e-01
9.694000000000000000e+03 1.885084845483347149e-01
9.695000000000000000e+03 1.885654774891907248e-01
9.696000000000000000e+03 1.886004846524219070e-01
9.697000000000000000e+03 1.886184145620654617e-01
9.698000000000000000e+03 1.886256944885920939e-01
9.699000000000000000e+03 1.886296765760673289e-01
9.700000000000000000e+03 1.886380815254442289e-01
9.701000000000000000e+03 1.886585891608722754e-01
9.702000000000000000e+03 1.886984798799546392e-01
9.703000000000000000e+03 1.887643814084790095e-01
9.704000000000000000e+03 1.888620483238553638e-01
9.705000000000000000e+03 1.889962246435460402e-01
9.706000000000000000e+03 1.891705485147153754e-01
9.707000000000000000e+03 1.893875275274667924e-01
9.708000000000000000e+03 1.896485826427705135e-01
9.709000000000000000e+03 1.899541061433012712e-01
9.710000000000000000e+03 1.903034796185012756e-01
9.711000000000000000e+03 1.906950793764740915e-01
9.712000000000000000e+03 1.911262748408665835e-01
9.713000000000000000e+03 1.915934054657945640e-01
9.714000000000000000e+03 1.920917553799998956e-01
9.715000000000000000e+03 1.926155539856098109e-01
9.716000000000000000e+03 1.931579760993752948e-01
9.717000000000000000e+03 1.937111945203068841e-01
9.718000000000000000e+03 1.942664658246913145e-01
9.719000000000000000e+03 1.948143512586483217e-01
9.720000000000000000e+03 1.953450447788504518e-01
9.721000000000000000e+03 1.958488993760768015e-01
9.722000000000000000e+03 1.963171320998389480e-01
9.723000000000000000e+03 1.967426149010392811e-01
9.724000000000000000e+03 1.971206357083348237e-01
9.725000000000000000e+03 1.974494168525672833e-01
9.726000000000000000e+03 1.977302008691039226e-01
9.727000000000000000e+03 1.979668797735712471e-01
9.728000000000000000e+03 1.981652910602417217e-01
9.729000000000000000e+03 1.983323365586998621e-01
9.730000000000000000e+03 1.984751173855507367e-01
9.731000000000000000e+03 1.986001845862011006e-01
9.732000000000000000e+03 1.987129303625260190e-01
9.733000000000000000e+03 1.988172045051709580e-01
9.734000000000000000e+03 1.989151482892353162e-01
9.735000000000000000e+03 1.990072108538089024e-01
9.736000000000000000e+03 1.990922945089647345e-01
9.737000000000000000e+03 1.991679974305573531e-01
9.738000000000000000e+03 1.992308894257495966e-01
9.739000000000000000e+03 1.992768743437958734e-01
9.740000000000000000e+03 1.993016117141523103e-01
9.741000000000000000e+03 1.993010097113362689e-01
9.742000000000000000e+03 1.992717776502041516e-01
9.743000000000000000e+03 1.992119054948338630e-01
9.744000000000000000e+03 1.991210022122914536e-01
9.745000000000000000e+03 1.990003577883014962e-01
9.746000000000000000e+03 1.988527313043600420e-01
9.747000000000000000e+03 1.986819192371758191e-01
9.748000000000000000e+03 1.984923060979391363e-01
9.749000000000000000e+03 1.982884090190795423e-01
9.750000000000000000e+03 1.980745867412882222e-01
9.751000000000000000e+03 1.978548914377460388e-01
9.752000000000000000e+03 1.976330668293258541e-01
9.753000000000000000e+03 1.974125772268231493e-01
9.754000000000000000e+03 1.971965886800208234e-01
9.755000000000000000e+03 1.969878845513527987e-01
9.756000000000000000e+03 1.967886913184152542e-01
9.757000000000000000e+03 1.966004536971400485e-01
9.758000000000000000e+03 1.964236044865063091e-01
9.759000000000000000e+03 1.962573376348627496e-01
9.760000000000000000e+03 1.960995236263862740e-01
9.761000000000000000e+03 1.959467417215340901e-01
9.762000000000000000e+03 1.957945503044405400e-01
9.763000000000000000e+03 1.956379752030579233e-01
9.764000000000000000e+03 1.954722258455956208e-01
9.765000000000000000e+03 1.952934797591792393e-01
9.766000000000000000e+03 1.950995027637865420e-01
9.767000000000000000e+03 1.948898446268962914e-01
9.768000000000000000e+03 1.946655377837074319e-01
9.769000000000000000e+03 1.944284246881055611e-01
9.770000000000000000e+03 1.941803493177982620e-01
9.771000000000000000e+03 1.939225137464853366e-01
9.772000000000000000e+03 1.936550880745998293e-01
9.773000000000000000e+03 1.933771159742298518e-01
9.774000000000000000e+03 1.930866143962625681e-01
9.775000000000000000e+03 1.927808256878599247e-01
9.776000000000000000e+03 1.924565706325304104e-01
9.777000000000000000e+03 1.921106594719353411e-01
9.778000000000000000e+03 1.917403064480091568e-01
9.779000000000000000e+03 1.913435654441549283e-01
9.780000000000000000e+03 1.909196744916158983e-01
9.781000000000000000e+03 1.904693211124629526e-01
9.782000000000000000e+03 1.899947291469338273e-01
9.783000000000000000e+03 1.894996305072803033e-01
9.784000000000000000e+03 1.889890286753558302e-01
9.785000000000000000e+03 1.884688603928031392e-01
9.786000000000000000e+03 1.879455740650803897e-01
9.787000000000000000e+03 1.874256904729503792e-01
9.788000000000000000e+03 1.869154209497391750e-01
9.789000000000000000e+03 1.864203613734987663e-01
9.790000000000000000e+03 1.859452996841786110e-01
9.791000000000000000e+03 1.854941013024161145e-01
9.792000000000000000e+03 1.850696487442822780e-01
9.793000000000000000e+03 1.846738223293894476e-01
9.794000000000000000e+03 1.843075070570270590e-01
9.795000000000000000e+03 1.839706228727270299e-01
9.796000000000000000e+03 1.836622318129184361e-01
9.797000000000000000e+03 1.833807391286741972e-01
9.798000000000000000e+03 1.831241826980769538e-01
9.799000000000000000e+03 1.828906611213608757e-01
9.800000000000000000e+03 1.826787643722385113e-01
9.801000000000000000e+03 1.824879353733401821e-01
9.802000000000000000e+03 1.823186505207831098e-01
9.803000000000000000e+03 1.821723715275296862e-01
9.804000000000000000e+03 1.820512482720653968e-01
9.805000000000000000e+03 1.819576681270775320e-01
9.806000000000000000e+03 1.818937196805201495e-01
9.807000000000000000e+03 1.818607281558758393e-01
9.808000000000000000e+03 1.818589445072916755e-01
9.809000000000000000e+03 1.818874017385546105e-01
9.810000000000000000e+03 1.819440321101257751e-01
9.811000000000000000e+03 1.820259785116224438e-01
9.812000000000000000e+03 1.821299803201377743e-01
9.813000000000000000e+03 1.822527355937998972e-01
9.814000000000000000e+03 1.823911644095707052e-01
9.815000000000000000e+03 1.825425169278012127e-01
9.816000000000000000e+03 1.827043522505528705e-01
9.817000000000000000e+03 1.828744154775097941e-01
9.818000000000000000e+03 1.830505221384192138e-01
9.819000000000000000e+03 1.832304536323490218e-01
9.820000000000000000e+03 1.834118937887803946e-01
9.821000000000000000e+03 1.835924204806523297e-01
9.822000000000000000e+03 1.837695104605883145e-01
9.823000000000000000e+03 1.839405980530830487e-01
9.824000000000000000e+03 1.841031440338420089e-01
9.825000000000000000e+03 1.842548176315689790e-01
9.826000000000000000e+03 1.843937707132044523e-01
9.827000000000000000e+03 1.845189356377492096e-01
9.828000000000000000e+03 1.846302875855829195e-01
9.829000000000000000e+03 1.847289328367318906e-01
9.830000000000000000e+03 1.848169745184071178e-01
9.831000000000000000e+03 1.848971324394370064e-01
9.832000000000000000e+03 1.849722203614526106e-01
9.833000000000000000e+03 1.850445765991138858e-01
9.834000000000000000e+03 1.851155997440896428e-01
9.835000000000000000e+03 1.851854920005843175e-01
9.836000000000000000e+03 1.852532188220893383e-01
9.837000000000000000e+03 1.853167124630470952e-01
9.838000000000000000e+03 1.853731891026043910e-01
9.839000000000000000e+03 1.854195354922811290e-01
9.840000000000000000e+03 1.854526637751036655e-01
9.841000000000000000e+03 1.854697681867032988e-01
9.842000000000000000e+03 1.854684744557069664e-01
9.843000000000000000e+03 1.854469343912983348e-01
9.844000000000000000e+03 1.854038408000147631e-01
9.845000000000000000e+03 1.853384461525485749e-01
9.846000000000000000e+03 1.852505865942589702e-01
9.847000000000000000e+03 1.851406754657885789e-01
9.848000000000000000e+03 1.850096808638537760e-01
9.849000000000000000e+03 1.848591043685240964e-01
9.850000000000000000e+03 1.846909386075907822e-01
9.851000000000000000e+03 1.845076729561664353e-01
9.852000000000000000e+03 1.843123840112503575e-01
9.853000000000000000e+03 1.841089667973860033e-01
9.854000000000000000e+03 1.839023300847654196e-01
9.855000000000000000e+03 1.836984897969055897e-01
9.856000000000000000e+03 1.835044001766630017e-01
9.857000000000000000e+03 1.833274498323279322e-01
9.858000000000000000e+03 1.831747973007745167e-01
9.859000000000000000e+03 1.830526673951661243e-01
9.860000000000000000e+03 1.829657354704578021e-01
9.861000000000000000e+03 1.829168294997297606e-01
9.862000000000000000e+03 1.829069145376741312e-01
9.863000000000000000e+03 1.829353033376064641e-01
9.864000000000000000e+03 1.829999954742941581e-01
9.865000000000000000e+03 1.830980347020547128e-01
9.866000000000000000e+03 1.832258430239745439e-01
9.867000000000000000e+03 1.833795029191461756e-01
9.868000000000000000e+03 1.835549452534421810e-01
9.869000000000000000e+03 1.837481170223801974e-01
9.870000000000000000e+03 1.839551298000873247e-01
9.871000000000000000e+03 1.841723371517695884e-01
9.872000000000000000e+03 1.843963942134814737e-01
9.873000000000000000e+03 1.846243094321308176e-01
9.874000000000000000e+03 1.848535405913140917e-01
9.875000000000000000e+03 1.850821299522231178e-01
9.876000000000000000e+03 1.853088469203939548e-01
9.877000000000000000e+03 1.855333863844886022e-01
9.878000000000000000e+03 1.857565033662293419e-01
9.879000000000000000e+03 1.859800393338351676e-01
9.880000000000000000e+03 1.862067870869525410e-01
9.881000000000000000e+03 1.864402020324520126e-01
9.882000000000000000e+03 1.866840119959963795e-01
9.883000000000000000e+03 1.869417017191787600e-01
9.884000000000000000e+03 1.872159764906336510e-01
9.885000000000000000e+03 1.875083046938852416e-01
9.886000000000000000e+03 1.878186577455538409e-01
9.887000000000000000e+03 1.881454849393684459e-01
9.888000000000000000e+03 1.884859538642311427e-01
9.889000000000000000e+03 1.888364480236308651e-01
9.890000000000000000e+03 1.891931516097197508e-01
9.891000000000000000e+03 1.895525965947419400e-01
9.892000000000000000e+03 1.899120918689756188e-01
9.893000000000000000e+03 1.902699365467879489e-01
9.894000000000000000e+03 1.906254679620674186e-01
9.895000000000000000e+03 1.909790474685921779e-01
9.896000000000000000e+03 1.913320052081537992e-01
9.897000000000000000e+03 1.916865138814947134e-01
9.898000000000000000e+03 1.920454445901380591e-01
9.899000000000000000e+03 1.924121401584033553e-01
9.900000000000000000e+03 1.927901898951281945e-01
9.901000000000000000e+03 1.931831877730470493e-01
9.902000000000000000e+03 1.935945003808935416e-01
9.903000000000000000e+03 1.940270142842447920e-01
9.904000000000000000e+03 1.944829047825367696e-01
9.905000000000000000e+03 1.949634666488182511e-01
9.906000000000000000e+03 1.954690076320878545e-01
9.907000000000000000e+03 1.959988116432273275e-01
9.908000000000000000e+03 1.965511872654476244e-01
9.909000000000000000e+03 1.971236215078159548e-01
9.910000000000000000e+03 1.977129892776842146e-01
9.911000000000000000e+03 1.983157969087747385e-01
9.912000000000000000e+03 1.989284118672723645e-01
9.913000000000000000e+03 1.995473105981175888e-01
9.914000000000000000e+03 2.001692437999210705e-01
9.915000000000000000e+03 2.007913537700657947e-01
9.916000000000000000e+03 2.014112258257807486e-01
9.917000000000000000e+03 2.020268618853486298e-01
9.918000000000000000e+03 2.026366307425864488e-01
9.919000000000000000e+03 2.032391961059577257e-01
9.920000000000000000e+03 2.038334166683426762e-01
9.921000000000000000e+03 2.044182858743359699e-01
9.922000000000000000e+03 2.049929837012870459e-01
9.923000000000000000e+03 2.055569661770126899e-01
9.924000000000000000e+03 2.061101028263063462e-01
9.925000000000000000e+03 2.066528369901555473e-01
9.926000000000000000e+03 2.071862190008469107e-01
9.927000000000000000e+03 2.077117957831853545e-01
9.928000000000000000e+03 2.082314263175287228e-01
9.929000000000000000e+03 2.087470694993381337e-01
9.930000000000000000e+03 2.092606309386873531e-01
9.931000000000000000e+03 2.097739199111258446e-01
9.932000000000000000e+03 2.102887104905687421e-01
9.933000000000000000e+03 2.108067975992155008e-01
9.934000000000000000e+03 2.113300413087719765e-01
9.935000000000000000e+03 2.118603587198920613e-01
9.936000000000000000e+03 2.123995916343723867e-01
9.937000000000000000e+03 2.129493004057059213e-01
9.938000000000000000e+03 2.135104262258313290e-01
9.939000000000000000e+03 2.140828911988578720e-01
9.940000000000000000e+03 2.146651937665574605e-01
9.941000000000000000e+03 2.152541802753394351e-01
9.942000000000000000e+03 2.158450219851534846e-01
9.943000000000000000e+03 2.164314829887064306e-01
9.944000000000000000e+03 2.170064192747750975e-01
9.945000000000000000e+03 2.175625131463582718e-01
9.946000000000000000e+03 2.180931179145139676e-01
9.947000000000000000e+03 2.185929909826007378e-01
9.948000000000000000e+03 2.190588104781875378e-01
9.949000000000000000e+03 2.194893797860723028e-01
9.950000000000000000e+03 2.198855049239068493e-01
9.951000000000000000e+03 2.202495782508169520e-01
9.952000000000000000e+03 2.205850251179079513e-01
9.953000000000000000e+03 2.208956930924460271e-01
9.954000000000000000e+03 2.211852724062109976e-01
9.955000000000000000e+03 2.214568326727031355e-01
9.956000000000000000e+03 2.217125322418612432e-01
9.957000000000000000e+03 2.219535402830145054e-01
9.958000000000000000e+03 2.221801403179800016e-01
9.959000000000000000e+03 2.223920134208098864e-01
9.960000000000000000e+03 2.225886590601640624e-01
9.961000000000000000e+03 2.227698368541790597e-01
9.962000000000000000e+03 2.229359672279939697e-01
9.963000000000000000e+03 2.230883445053358505e-01
9.964000000000000000e+03 2.232291094829992051e-01
9.965000000000000000e+03 2.233610302714673645e-01
9.966000000000000000e+03 2.234871614240068749e-01
9.967000000000000000e+03 2.236104992910343536e-01
9.968000000000000000e+03 2.237336771513268596e-01
9.969000000000000000e+03 2.238587069664727536e-01
9.970000000000000000e+03 2.239867951244430277e-01
9.971000000000000000e+03 2.241181268462562048e-01
9.972000000000000000e+03 2.242516485654029723e-01
9.973000000000000000e+03 2.243848920820927240e-01
9.974000000000000000e+03 2.245139290762917794e-01
9.975000000000000000e+03 2.246335823809120225e-01
9.976000000000000000e+03 2.247379498174843504e-01
9.977000000000000000e+03 2.248212186522086098e-01
9.978000000000000000e+03 2.248785223734984795e-01
9.979000000000000000e+03 2.249065521682718227e-01
9.980000000000000000e+03 2.249036252831901339e-01
9.981000000000000000e+03 2.248693684273976034e-01
9.982000000000000000e+03 2.248043073000103309e-01
9.983000000000000000e+03 2.247096387361633973e-01
9.984000000000000000e+03 2.245872806525595344e-01
9.985000000000000000e+03 2.244400434639420572e-01
9.986000000000000000e+03 2.242717490889352128e-01
9.987000000000000000e+03 2.240871775835534818e-01
9.988000000000000000e+03 2.238918047341142137e-01
9.989000000000000000e+03 2.236913517884630553e-01
9.990000000000000000e+03 2.234913087510416174e-01
9.991000000000000000e+03 2.232965181354842343e-01
9.992000000000000000e+03 2.231108794023350939e-01
9.993000000000000000e+03 2.229372260992024957e-01
9.994000000000000000e+03 2.227773558430176937e-01
9.995000000000000000e+03 2.226321931931989906e-01
9.996000000000000000e+03 2.225019845572663302e-01
9.997000000000000000e+03 2.223864487691858682e-01
9.998000000000000000e+03 2.222847834308973314e-01
9.999000000000000000e+03 2.221955566258442816e-01
1.000000000000000000e+04 2.221165211789018212e-01
