# time_fs msd_A2
0.000000000000000000e+00 0.000000000000000000e+00
1.000000000000000000e+00 3.442180326796443401e-04
2.000000000000000000e+00 1.375330016910848718e-03
3.000000000000000000e+00 3.087113897461767932e-03
4.000000000000000000e+00 5.467950954832753729e-03
5.000000000000000000e+00 8.501179327303319197e-03
6.000000000000000000e+00 1.216550040090304263e-02
7.000000000000000000e+00 1.643494755888671999e-02
8.000000000000000000e+00 2.127842986262425129e-02
9.000000000000000000e+00 2.665926913070047061e-02
1.000000000000000000e+01 3.253525442525052880e-02
1.100000000000000000e+01 3.885938988734201349e-02
1.200000000000000000e+01 4.558095601721673384e-02
1.300000000000000000e+01 5.264651320694308662e-02
1.400000000000000000e+01 6.000091391115316281e-02
1.500000000000000000e+01 6.758858444224927209e-02
1.600000000000000000e+01 7.535510168580075718e-02
1.700000000000000000e+01 8.324882834505656359e-02
1.800000000000000000e+01 9.122248067018204343e-02
1.900000000000000000e+01 9.923463241003119273e-02
2.000000000000000000e+01 1.072507084628526036e-01
2.100000000000000000e+01 1.152430080099064308e-01
2.200000000000000000e+01 1.231895794577586023e-01
2.300000000000000000e+01 1.310725805321463211e-01
2.400000000000000000e+01 1.388770873200844691e-01
2.500000000000000000e+01 1.465910638760059559e-01
2.600000000000000000e+01 1.542063306849358328e-01
2.700000000000000000e+01 1.617196939772700404e-01
2.800000000000000000e+01 1.691330977512708333e-01
2.900000000000000000e+01 1.764521211581654148e-01
3.000000000000000000e+01 1.836830626876182204e-01
3.100000000000000000e+01 1.908296994830437909e-01
3.200000000000000000e+01 1.978910329339843011e-01
3.300000000000000000e+01 2.048605358916119334e-01
3.400000000000000000e+01 2.117270321420874346e-01
3.500000000000000000e+01 2.184772025877071144e-01
3.600000000000000000e+01 2.250995643974983140e-01
3.700000000000000000e+01 2.315893314045187334e-01
3.800000000000000000e+01 2.379522355188797289e-01
3.900000000000000000e+01 2.442051492373605859e-01
4.000000000000000000e+01 2.503729269091289344e-01
4.100000000000000000e+01 2.564833744505288227e-01
4.200000000000000000e+01 2.625626911764212257e-01
4.300000000000000000e+01 2.686325659290568213e-01
4.400000000000000000e+01 2.747091061112549859e-01
4.500000000000000000e+01 2.808032873299266541e-01
4.600000000000000000e+01 2.869226453923317544e-01
4.700000000000000000e+01 2.930736531942180756e-01
4.800000000000000000e+01 2.992639583281763160e-01
4.900000000000000000e+01 3.055034616514006318e-01
5.000000000000000000e+01 3.118039252629501989e-01
5.100000000000000000e+01 3.181775705909308249e-01
5.200000000000000000e+01 3.246354844474807488e-01
5.300000000000000000e+01 3.311864702240620573e-01
5.400000000000000000e+01 3.378364151344441790e-01
5.500000000000000000e+01 3.445877831067303276e-01
5.600000000000000000e+01 3.514390508474355412e-01
5.700000000000000000e+01 3.583840425150131015e-01
5.800000000000000000e+01 3.654116455998350776e-01
5.900000000000000000e+01 3.725065507863783987e-01
6.000000000000000000e+01 3.796513271129810518e-01
6.100000000000000000e+01 3.868292513162839841e-01
6.200000000000000000e+01 3.940269349269608923e-01
6.300000000000000000e+01 4.012358893111426239e-01
6.400000000000000000e+01 4.084525682566363392e-01
6.500000000000000000e+01 4.156773699067514150e-01
6.600000000000000000e+01 4.229131623592374822e-01
6.700000000000000000e+01 4.301637185798726781e-01
6.800000000000000000e+01 4.374325136306173589e-01
6.900000000000000000e+01 4.447222082165719903e-01
7.000000000000000000e+01 4.520346952218194936e-01
7.100000000000000000e+01 4.593717576081195464e-01
7.200000000000000000e+01 4.667360127708045647e-01
7.300000000000000000e+01 4.741315063075469127e-01
7.400000000000000000e+01 4.815636553095726802e-01
7.500000000000000000e+01 4.890384112045030873e-01
7.600000000000000000e+01 4.965608324207378965e-01
7.700000000000000000e+01 5.041336397762021804e-01
7.800000000000000000e+01 5.117561138166213386e-01
7.900000000000000000e+01 5.194234538238480248e-01
8.000000000000000000e+01 5.271265953778954128e-01
8.100000000000000000e+01 5.348522332419360925e-01
8.200000000000000000e+01 5.425833797229243638e-01
8.300000000000000000e+01 5.503004868227806545e-01
8.400000000000000000e+01 5.579832356819592887e-01
8.500000000000000000e+01 5.656127609361029096e-01
8.600000000000000000e+01 5.731741950274932274e-01
8.700000000000000000e+01 5.806589213549373518e-01
8.800000000000000000e+01 5.880660452878716526e-01
8.900000000000000000e+01 5.954025843857051470e-01
9.000000000000000000e+01 6.026821203365678725e-01
9.100000000000000000e+01 6.099220001555063497e-01
9.200000000000000000e+01 6.171398764840844153e-01
9.300000000000000000e+01 6.243505286546644495e-01
9.400000000000000000e+01 6.315636776220779902e-01
9.500000000000000000e+01 6.387828964140698229e-01
9.600000000000000000e+01 6.460055892430369706e-01
9.700000000000000000e+01 6.532241947637235091e-01
9.800000000000000000e+01 6.604284253092769230e-01
9.900000000000000000e+01 6.676077135185625178e-01
1.000000000000000000e+02 6.747534507918175883e-01
1.010000000000000000e+02 6.818604729704915712e-01
1.020000000000000000e+02 6.889278475972008264e-01
1.030000000000000000e+02 6.959593508523100880e-01
1.040000000000000000e+02 7.029638282224308643e-01
1.050000000000000000e+02 7.099549770265912718e-01
1.060000000000000000e+02 7.169501816211615308e-01
1.070000000000000000e+02 7.239682275311720705e-01
1.080000000000000000e+02 7.310262132111732258e-01
1.090000000000000000e+02 7.381364786113120413e-01
1.100000000000000000e+02 7.453043097621766533e-01
1.110000000000000000e+02 7.525271648266524949e-01
1.120000000000000000e+02 7.597955358328805087e-01
1.130000000000000000e+02 7.670950131921263626e-01
1.140000000000000000e+02 7.744088266025085376e-01
1.150000000000000000e+02 7.817202546487276305e-01
1.160000000000000000e+02 7.890146322291908820e-01
1.170000000000000000e+02 7.962810888948876897e-01
1.180000000000000000e+02 8.035139647650410000e-01
1.190000000000000000e+02 8.107136466793941620e-01
1.200000000000000000e+02 8.178866234520503209e-01
1.210000000000000000e+02 8.250445379818642788e-01
1.220000000000000000e+02 8.322022567554760997e-01
1.230000000000000000e+02 8.393756253436281956e-01
1.240000000000000000e+02 8.465794584222143815e-01
1.250000000000000000e+02 8.538264546752132311e-01
1.260000000000000000e+02 8.611269770996078377e-01
1.270000000000000000e+02 8.684895655673356973e-01
1.280000000000000000e+02 8.759215620492670773e-01
1.290000000000000000e+02 8.834297454869852739e-01
1.300000000000000000e+02 8.910206763040720013e-01
1.310000000000000000e+02 8.987003948781577822e-01
1.320000000000000000e+02 9.064738071092452998e-01
1.330000000000000000e+02 9.143437851020024265e-01
1.340000000000000000e+02 9.223103276386807048e-01
1.350000000000000000e+02 9.303700442806601689e-01
1.360000000000000000e+02 9.385162979396532990e-01
1.370000000000000000e+02 9.467399812610163279e-01
1.380000000000000000e+02 9.550309210551259920e-01
1.390000000000000000e+02 9.633794168795537516e-01
1.400000000000000000e+02 9.717774837152584055e-01
1.410000000000000000e+02 9.802193004225319140e-01
1.420000000000000000e+02 9.887010304505472469e-01
1.430000000000000000e+02 9.972201313635009612e-01
1.440000000000000000e+02 1.005774381717936761e+00
1.450000000000000000e+02 1.014360665664032934e+00
1.460000000000000000e+02 1.022973571579827823e+00
1.470000000000000000e+02 1.031604247460501167e+00
1.480000000000000000e+02 1.040240110410052043e+00
1.490000000000000000e+02 1.048865637227117009e+00
1.500000000000000000e+02 1.057464096804314524e+00
1.510000000000000000e+02 1.066019685145109364e+00
1.520000000000000000e+02 1.074519286168043930e+00
1.530000000000000000e+02 1.082953962294682437e+00
1.540000000000000000e+02 1.091320026205894855e+00
1.550000000000000000e+02 1.099619419973057788e+00
1.560000000000000000e+02 1.107859152904382416e+00
1.570000000000000000e+02 1.116049509016773689e+00
1.580000000000000000e+02 1.124201174679850590e+00
1.590000000000000000e+02 1.132322205157083594e+00
1.600000000000000000e+02 1.140415746696936905e+00
1.610000000000000000e+02 1.148478833470629956e+00
1.620000000000000000e+02 1.156502650248025121e+00
1.630000000000000000e+02 1.164474038670159084e+00
1.640000000000000000e+02 1.172377402999607243e+00
1.650000000000000000e+02 1.180196475857367755e+00
1.660000000000000000e+02 1.187915875960757539e+00
1.670000000000000000e+02 1.195522379489156739e+00
1.680000000000000000e+02 1.203006532322952626e+00
1.690000000000000000e+02 1.210364670062444636e+00
1.700000000000000000e+02 1.217601115022574065e+00
1.710000000000000000e+02 1.224729734362064448e+00
1.720000000000000000e+02 1.231773795727369114e+00
1.730000000000000000e+02 1.238763528366950029e+00
1.740000000000000000e+02 1.245731796775551903e+00
1.750000000000000000e+02 1.252709083588353867e+00
1.760000000000000000e+02 1.259719123674195584e+00
1.770000000000000000e+02 1.266775931671854760e+00
1.780000000000000000e+02 1.273882569615484073e+00
1.790000000000000000e+02 1.281031310323121453e+00
1.800000000000000000e+02 1.288204573413027187e+00
1.810000000000000000e+02 1.295376196148180892e+00
1.820000000000000000e+02 1.302512922059874789e+00
1.830000000000000000e+02 1.309576620776458755e+00
1.840000000000000000e+02 1.316527665655162771e+00
1.850000000000000000e+02 1.323329166993465922e+00
1.860000000000000000e+02 1.329950874132654226e+00
1.870000000000000000e+02 1.336371087603712038e+00
1.880000000000000000e+02 1.342576189674243192e+00
1.890000000000000000e+02 1.348559131662352861e+00
1.900000000000000000e+02 1.354318505729633193e+00
1.910000000000000000e+02 1.359859485369964371e+00
1.920000000000000000e+02 1.365195541161994708e+00
1.930000000000000000e+02 1.370349405130970144e+00
1.940000000000000000e+02 1.375351845760834468e+00
1.950000000000000000e+02 1.380238270106580512e+00
1.960000000000000000e+02 1.385044131394021161e+00
1.970000000000000000e+02 1.389800606478303280e+00
1.980000000000000000e+02 1.394531559342109261e+00
1.990000000000000000e+02 1.399252029565760225e+00
2.000000000000000000e+02 1.403968478512719553e+00
2.010000000000000000e+02 1.408680416437245730e+00
2.020000000000000000e+02 1.413382879777199008e+00
2.030000000000000000e+02 1.418069328030141518e+00
2.040000000000000000e+02 1.422733817447408455e+00
2.050000000000000000e+02 1.427371996480735206e+00
2.060000000000000000e+02 1.431980781277705006e+00
2.070000000000000000e+02 1.436557409833854493e+00
2.080000000000000000e+02 1.441098461303406575e+00
2.090000000000000000e+02 1.445599433921529453e+00
2.100000000000000000e+02 1.450055053844746533e+00
2.110000000000000000e+02 1.454460094455312769e+00
2.120000000000000000e+02 1.458810333889392741e+00
2.130000000000000000e+02 1.463103683654529474e+00
2.140000000000000000e+02 1.467341340042287001e+00
2.150000000000000000e+02 1.471528658941262169e+00
2.160000000000000000e+02 1.475675491123607630e+00
2.170000000000000000e+02 1.479795472796674449e+00
2.180000000000000000e+02 1.483904825304319441e+00
2.190000000000000000e+02 1.488021047825823562e+00
2.200000000000000000e+02 1.492161781476805338e+00
2.210000000000000000e+02 1.496343635508688763e+00
2.220000000000000000e+02 1.500580923614018181e+00
2.230000000000000000e+02 1.504884529482609867e+00
2.240000000000000000e+02 1.509261182748920405e+00
2.250000000000000000e+02 1.513713809792059495e+00
2.260000000000000000e+02 1.518242588639605817e+00
2.270000000000000000e+02 1.522846286968292162e+00
2.280000000000000000e+02 1.527523322530832228e+00
2.290000000000000000e+02 1.532272833670823342e+00
2.300000000000000000e+02 1.537095519421861400e+00
2.310000000000000000e+02 1.541993857207239138e+00
2.320000000000000000e+02 1.546971425441424408e+00
2.330000000000000000e+02 1.552031112382781908e+00
2.340000000000000000e+02 1.557172611746965973e+00
2.350000000000000000e+02 1.562389872352753173e+00
2.360000000000000000e+02 1.567669453964214199e+00
2.370000000000000000e+02 1.572990178761494828e+00
2.380000000000000000e+02 1.578323868667249830e+00
2.390000000000000000e+02 1.583636220643372505e+00
2.400000000000000000e+02 1.588887410215371165e+00
2.410000000000000000e+02 1.594033562005224836e+00
2.420000000000000000e+02 1.599030299809388822e+00
2.430000000000000000e+02 1.603837735927917230e+00
2.440000000000000000e+02 1.608425112900641274e+00
2.450000000000000000e+02 1.612773496906538595e+00
2.460000000000000000e+02 1.616876355108807672e+00
2.470000000000000000e+02 1.620738844413434743e+00
2.480000000000000000e+02 1.624377234124822156e+00
2.490000000000000000e+02 1.627818708763916877e+00
2.500000000000000000e+02 1.631100393143687821e+00
2.510000000000000000e+02 1.634266361959866298e+00
2.520000000000000000e+02 1.637362643541971030e+00
2.530000000000000000e+02 1.640431109032770118e+00
2.540000000000000000e+02 1.643503950789197976e+00
2.550000000000000000e+02 1.646600009560894140e+00
2.560000000000000000e+02 1.649723962509416442e+00
2.570000000000000000e+02 1.652868474784333408e+00
2.580000000000000000e+02 1.656018597345722654e+00
2.590000000000000000e+02 1.659156744960528229e+00
2.600000000000000000e+02 1.662266515772383269e+00
2.610000000000000000e+02 1.665335021562817097e+00
2.620000000000000000e+02 1.668354314567965346e+00
2.630000000000000000e+02 1.671322250726877900e+00
2.640000000000000000e+02 1.674242660832745866e+00
2.650000000000000000e+02 1.677124589347276817e+00
2.660000000000000000e+02 1.679981148999387219e+00
2.670000000000000000e+02 1.682828736195694619e+00
2.680000000000000000e+02 1.685687042503180910e+00
2.690000000000000000e+02 1.688579586385894338e+00
2.700000000000000000e+02 1.691533499351567160e+00
2.710000000000000000e+02 1.694577446667163922e+00
2.720000000000000000e+02 1.697738351517028121e+00
2.730000000000000000e+02 1.701038666644557829e+00
2.740000000000000000e+02 1.704495494904980202e+00
2.750000000000000000e+02 1.708121130901165685e+00
2.760000000000000000e+02 1.711924339612463264e+00
2.770000000000000000e+02 1.715911385752504348e+00
2.780000000000000000e+02 1.720086343120081462e+00
2.790000000000000000e+02 1.724450148855774856e+00
2.800000000000000000e+02 1.728998302041556689e+00
2.810000000000000000e+02 1.733718680326084449e+00
2.820000000000000000e+02 1.738590497528841761e+00
2.830000000000000000e+02 1.743585677105135012e+00
2.840000000000000000e+02 1.748673004407673925e+00
2.850000000000000000e+02 1.753824153062394586e+00
2.860000000000000000e+02 1.759019794366637246e+00
2.870000000000000000e+02 1.764253362535870506e+00
2.880000000000000000e+02 1.769531744638274118e+00
2.890000000000000000e+02 1.774873475793585786e+00
2.900000000000000000e+02 1.780305262880065964e+00
2.910000000000000000e+02 1.785857654183218957e+00
2.920000000000000000e+02 1.791560696985014189e+00
2.930000000000000000e+02 1.797439920839962291e+00
2.940000000000000000e+02 1.803513180363444768e+00
2.950000000000000000e+02 1.809788357306662654e+00
2.960000000000000000e+02 1.816261818955254181e+00
2.970000000000000000e+02 1.822917393104978689e+00
2.980000000000000000e+02 1.829726348568502914e+00
2.990000000000000000e+02 1.836648780532649905e+00
3.000000000000000000e+02 1.843636526383196639e+00
3.010000000000000000e+02 1.850637661283577540e+00
3.020000000000000000e+02 1.857601321487554635e+00
3.030000000000000000e+02 1.864481699030330786e+00
3.040000000000000000e+02 1.871240927805798204e+00
3.050000000000000000e+02 1.877850948527277408e+00
3.060000000000000000e+02 1.884294344331101101e+00
3.070000000000000000e+02 1.890564025392964531e+00
3.080000000000000000e+02 1.896661418417854073e+00
3.090000000000000000e+02 1.902593067508034252e+00
3.100000000000000000e+02 1.908366178968234683e+00
3.110000000000000000e+02 1.913984041411162407e+00
3.120000000000000000e+02 1.919442212306266216e+00
3.130000000000000000e+02 1.924726527891878813e+00
3.140000000000000000e+02 1.929813134231541660e+00
3.150000000000000000e+02 1.934670800300628546e+00
3.160000000000000000e+02 1.939265263090818925e+00
3.170000000000000000e+02 1.943564583942127832e+00
3.180000000000000000e+02 1.947543825685426722e+00
3.190000000000000000e+02 1.951187996529931468e+00
3.200000000000000000e+02 1.954493172591348360e+00
3.210000000000000000e+02 1.957466972203920186e+00
3.220000000000000000e+02 1.960129090244437045e+00
3.230000000000000000e+02 1.962511752205224891e+00
3.240000000000000000e+02 1.964659050067602220e+00
3.250000000000000000e+02 1.966624451091214087e+00
3.260000000000000000e+02 1.968466829858282141e+00
3.270000000000000000e+02 1.970245942550354012e+00
3.280000000000000000e+02 1.972018260413986646e+00
3.290000000000000000e+02 1.973833924194590139e+00
3.300000000000000000e+02 1.975734757502644046e+00
3.310000000000000000e+02 1.977753304370989840e+00
3.320000000000000000e+02 1.979912568281872787e+00
3.330000000000000000e+02 1.982226344637073812e+00
3.340000000000000000e+02 1.984700009293531187e+00
3.350000000000000000e+02 1.987331970687600258e+00
3.360000000000000000e+02 1.990115633674177431e+00
3.370000000000000000e+02 1.993041679101927643e+00
3.380000000000000000e+02 1.996100286254512302e+00
3.390000000000000000e+02 1.999282978650911646e+00
3.400000000000000000e+02 2.002583989012598487e+00
3.410000000000000000e+02 2.006000782112707714e+00
3.420000000000000000e+02 2.009533773402908619e+00
3.430000000000000000e+02 2.013185272494477651e+00
3.440000000000000000e+02 2.016958038892376237e+00
3.450000000000000000e+02 2.020853837809566400e+00
3.460000000000000000e+02 2.024872529538666477e+00
3.470000000000000000e+02 2.029011881468586687e+00
3.480000000000000000e+02 2.033268024008337616e+00
3.490000000000000000e+02 2.037636461424746415e+00
3.500000000000000000e+02 2.042113083694544251e+00
3.510000000000000000e+02 2.046695107097594502e+00
3.520000000000000000e+02 2.051381477380803897e+00
3.530000000000000000e+02 2.056173183858717390e+00
3.540000000000000000e+02 2.061073604030012607e+00
3.550000000000000000e+02 2.066088857937925738e+00
3.560000000000000000e+02 2.071227901253096526e+00
3.570000000000000000e+02 2.076501954318080045e+00
3.580000000000000000e+02 2.081923395308832525e+00
3.590000000000000000e+02 2.087503966433062352e+00
3.600000000000000000e+02 2.093252742732601757e+00
3.610000000000000000e+02 2.099173765712674111e+00
3.620000000000000000e+02 2.105263733600772458e+00
3.630000000000000000e+02 2.111510623656831065e+00
3.640000000000000000e+02 2.117894526558820711e+00
3.650000000000000000e+02 2.124390716673361545e+00
3.660000000000000000e+02 2.130973935502677996e+00
3.670000000000000000e+02 2.137622102890365916e+00
3.680000000000000000e+02 2.144318102278806037e+00
3.690000000000000000e+02 2.151049166257172018e+00
3.700000000000000000e+02 2.157804793731687987e+00
3.710000000000000000e+02 2.164574497849307555e+00
3.720000000000000000e+02 2.171346752063687990e+00
3.730000000000000000e+02 2.178109456491765350e+00
3.740000000000000000e+02 2.184851859368196703e+00
3.750000000000000000e+02 2.191566397119776965e+00
3.760000000000000000e+02 2.198249244774547861e+00
3.770000000000000000e+02 2.204898705014825655e+00
3.780000000000000000e+02 2.211512332542111103e+00
3.790000000000000000e+02 2.218084612419063184e+00
3.800000000000000000e+02 2.224606525722980788e+00
3.810000000000000000e+02 2.231066901342222852e+00
3.820000000000000000e+02 2.237454568147017930e+00
3.830000000000000000e+02 2.243760123030108744e+00
3.840000000000000000e+02 2.249977210989186460e+00
3.850000000000000000e+02 2.256103965272272305e+00
3.860000000000000000e+02 2.262144220238626602e+00
3.870000000000000000e+02 2.268107667442595954e+00
3.880000000000000000e+02 2.274008523588256558e+00
3.890000000000000000e+02 2.279863162129930565e+00
3.900000000000000000e+02 2.285687450396266751e+00
3.910000000000000000e+02 2.291494678279565544e+00
3.920000000000000000e+02 2.297294880646478354e+00
3.930000000000000000e+02 2.303095551774594796e+00
3.940000000000000000e+02 2.308904104512598643e+00
3.950000000000000000e+02 2.314731078924026964e+00
3.960000000000000000e+02 2.320592526571318537e+00
3.970000000000000000e+02 2.326510068858688385e+00
3.980000000000000000e+02 2.332508209075389249e+00
3.990000000000000000e+02 2.338609574927055235e+00
4.000000000000000000e+02 2.344829044581670630e+00
4.010000000000000000e+02 2.351169184356889374e+00
4.020000000000000000e+02 2.357619139383682949e+00
4.030000000000000000e+02 2.364158340184791207e+00
4.040000000000000000e+02 2.370764521387985546e+00
4.050000000000000000e+02 2.377421736943606589e+00
4.060000000000000000e+02 2.384122652588866131e+00
4.070000000000000000e+02 2.390863674429971830e+00
4.080000000000000000e+02 2.397636436381448632e+00
4.090000000000000000e+02 2.404420747060079577e+00
4.100000000000000000e+02 2.411181342640483116e+00
4.110000000000000000e+02 2.417868720396153748e+00
4.120000000000000000e+02 2.424423576190142704e+00
4.130000000000000000e+02 2.430783702747867370e+00
4.140000000000000000e+02 2.436891332285958001e+00
4.150000000000000000e+02 2.442699279204255447e+00
4.160000000000000000e+02 2.448174535939104501e+00
4.170000000000000000e+02 2.453299329974835796e+00
4.180000000000000000e+02 2.458070006779153882e+00
4.190000000000000000e+02 2.462494828688341020e+00
4.200000000000000000e+02 2.466591564423625371e+00
4.210000000000000000e+02 2.470385689539726481e+00
4.220000000000000000e+02 2.473909320909185361e+00
4.230000000000000000e+02 2.477199886271889362e+00
4.240000000000000000e+02 2.480297556914561774e+00
4.250000000000000000e+02 2.483241218822869634e+00
4.260000000000000000e+02 2.486063681770443345e+00
4.270000000000000000e+02 2.488787372709523993e+00
4.280000000000000000e+02 2.491421749093079896e+00
4.290000000000000000e+02 2.493963281919334030e+00
4.300000000000000000e+02 2.496398058486880789e+00
4.310000000000000000e+02 2.498706623403654792e+00
4.320000000000000000e+02 2.500869902674144551e+00
4.330000000000000000e+02 2.502874911327297003e+00
4.340000000000000000e+02 2.504718876956923523e+00
4.350000000000000000e+02 2.506411304115529592e+00
4.360000000000000000e+02 2.507973995241496112e+00
4.370000000000000000e+02 2.509439541811746111e+00
4.380000000000000000e+02 2.510848843197767799e+00
4.390000000000000000e+02 2.512247586589040349e+00
4.400000000000000000e+02 2.513682388717521032e+00
4.410000000000000000e+02 2.515197263027825869e+00
4.420000000000000000e+02 2.516830560596610589e+00
4.430000000000000000e+02 2.518612852861357609e+00
4.440000000000000000e+02 2.520565745976417915e+00
4.450000000000000000e+02 2.522701095974442254e+00
4.460000000000000000e+02 2.525020219898038043e+00
4.470000000000000000e+02 2.527513461266783779e+00
4.480000000000000000e+02 2.530160291932493699e+00
4.490000000000000000e+02 2.532930453713970742e+00
4.500000000000000000e+02 2.535786433759940728e+00
4.510000000000000000e+02 2.538687384686533655e+00
4.520000000000000000e+02 2.541593908932408663e+00
4.530000000000000000e+02 2.544473488714685594e+00
4.540000000000000000e+02 2.547305544495853447e+00
4.550000000000000000e+02 2.550084877672402328e+00
4.560000000000000000e+02 2.552822104678032389e+00
4.570000000000000000e+02 2.555540519157383450e+00
4.580000000000000000e+02 2.558271004335217924e+00
4.590000000000000000e+02 2.561047113681404586e+00
4.600000000000000000e+02 2.563901610178631607e+00
4.610000000000000000e+02 2.566864413911625675e+00
4.620000000000000000e+02 2.569961590357204173e+00
4.630000000000000000e+02 2.573215271056795928e+00
4.640000000000000000e+02 2.576643790084276908e+00
4.650000000000000000e+02 2.580261942029387079e+00
4.660000000000000000e+02 2.584080901922408469e+00
4.670000000000000000e+02 2.588107401887603132e+00
4.680000000000000000e+02 2.592342697469118828e+00
4.690000000000000000e+02 2.596781450023721849e+00
4.700000000000000000e+02 2.601410804591105297e+00
4.710000000000000000e+02 2.606209404038778654e+00
4.720000000000000000e+02 2.611146596056534541e+00
4.730000000000000000e+02 2.616182075695185461e+00
4.740000000000000000e+02 2.621266124819434218e+00
4.750000000000000000e+02 2.626340830157276596e+00
4.760000000000000000e+02 2.631342813193653374e+00
4.770000000000000000e+02 2.636207207170814470e+00
4.780000000000000000e+02 2.640872673799984582e+00
4.790000000000000000e+02 2.645286848863580342e+00
4.800000000000000000e+02 2.649411296299285290e+00
4.810000000000000000e+02 2.653224980743103867e+00
4.820000000000000000e+02 2.656725224908798921e+00
4.830000000000000000e+02 2.659925543253431890e+00
4.840000000000000000e+02 2.662851346996355062e+00
4.850000000000000000e+02 2.665535460481626373e+00
4.860000000000000000e+02 2.668014881675321970e+00
4.870000000000000000e+02 2.670329030289926298e+00
4.880000000000000000e+02 2.672518977266430174e+00
4.890000000000000000e+02 2.674626527691451816e+00
4.900000000000000000e+02 2.676692676140471239e+00
4.910000000000000000e+02 2.678755297361472554e+00
4.920000000000000000e+02 2.680846959737165136e+00
4.930000000000000000e+02 2.682993889812257837e+00
4.940000000000000000e+02 2.685216201860761043e+00
4.950000000000000000e+02 2.687528907103409637e+00
4.960000000000000000e+02 2.689942591504228986e+00
4.970000000000000000e+02 2.692462497452591919e+00
4.980000000000000000e+02 2.695086001791531238e+00
4.990000000000000000e+02 2.697800290850032034e+00
5.000000000000000000e+02 2.700582512464733131e+00
5.010000000000000000e+02 2.703403520126113069e+00
5.020000000000000000e+02 2.706234177187461398e+00
5.030000000000000000e+02 2.709051744727160926e+00
5.040000000000000000e+02 2.711844013642059181e+00
5.050000000000000000e+02 2.714610969889207581e+00
5.060000000000000000e+02 2.717363933631902206e+00
5.070000000000000000e+02 2.720122793812407735e+00
5.080000000000000000e+02 2.722912079614436820e+00
5.090000000000000000e+02 2.725757543978482467e+00
5.100000000000000000e+02 2.728684154270210271e+00
5.110000000000000000e+02 2.731715814824005495e+00
5.120000000000000000e+02 2.734876505868468755e+00
5.130000000000000000e+02 2.738192118601628255e+00
5.140000000000000000e+02 2.741692269030386875e+00
5.150000000000000000e+02 2.745411276257260447e+00
5.160000000000000000e+02 2.749387549961270771e+00
5.170000000000000000e+02 2.753661377165650848e+00
5.180000000000000000e+02 2.758271398667634600e+00
5.190000000000000000e+02 2.763250875969728959e+00
5.200000000000000000e+02 2.768624822703089627e+00
5.210000000000000000e+02 2.774408446439037057e+00
5.220000000000000000e+02 2.780606880058820618e+00
5.230000000000000000e+02 2.787215845993670893e+00
5.240000000000000000e+02 2.794222605977470852e+00
5.250000000000000000e+02 2.801606378157113220e+00
5.260000000000000000e+02 2.809338824542789048e+00
5.270000000000000000e+02 2.817384695169892872e+00
5.280000000000000000e+02 2.825702926972977203e+00
5.290000000000000000e+02 2.834248249156136268e+00
5.300000000000000000e+02 2.842973205775358281e+00
5.310000000000000000e+02 2.851830005050148387e+00
5.320000000000000000e+02 2.860771714779172470e+00
5.330000000000000000e+02 2.869753372745578179e+00
5.340000000000000000e+02 2.878733033211677395e+00
5.350000000000000000e+02 2.887673102145551507e+00
5.360000000000000000e+02 2.896542104668948348e+00
5.370000000000000000e+02 2.905316142469876795e+00
5.380000000000000000e+02 2.913979155014797318e+00
5.390000000000000000e+02 2.922521979332464603e+00
5.400000000000000000e+02 2.930940092430680988e+00
5.410000000000000000e+02 2.939230456054898966e+00
5.420000000000000000e+02 2.947388186193284909e+00
5.430000000000000000e+02 2.955404283710018731e+00
5.440000000000000000e+02 2.963264521235926097e+00
5.450000000000000000e+02 2.970949437154620565e+00
5.460000000000000000e+02 2.978435228877288399e+00
5.470000000000000000e+02 2.985695312759960807e+00
5.480000000000000000e+02 2.992702302596306652e+00
5.490000000000000000e+02 2.999430553286735801e+00
5.500000000000000000e+02 3.005858676860545309e+00
5.510000000000000000e+02 3.011971918192609454e+00
5.520000000000000000e+02 3.017763780230755088e+00
5.530000000000000000e+02 3.023236327311056293e+00
5.540000000000000000e+02 3.028399518885891872e+00
5.550000000000000000e+02 3.033269376158350017e+00
5.560000000000000000e+02 3.037865705783263870e+00
5.570000000000000000e+02 3.042209940878939811e+00
5.580000000000000000e+02 3.046323805916700600e+00
5.590000000000000000e+02 3.050228702877926246e+00
5.600000000000000000e+02 3.053946071815327734e+00
5.610000000000000000e+02 3.057498460065497525e+00
5.620000000000000000e+02 3.060910711553709973e+00
5.630000000000000000e+02 3.064210582393716020e+00
5.640000000000000000e+02 3.067428593850361374e+00
5.650000000000000000e+02 3.070597165533163864e+00
5.660000000000000000e+02 3.073749486950651644e+00
5.670000000000000000e+02 3.076918702224593627e+00
5.680000000000000000e+02 3.080136944132575216e+00
5.690000000000000000e+02 3.083434338097551297e+00
5.700000000000000000e+02 3.086837619435127245e+00
5.710000000000000000e+02 3.090368563147777081e+00
5.720000000000000000e+02 3.094042461540098543e+00
5.730000000000000000e+02 3.097866469386881594e+00
5.740000000000000000e+02 3.101839282864356839e+00
5.750000000000000000e+02 3.105952189738723668e+00
5.760000000000000000e+02 3.110191523668154545e+00
5.770000000000000000e+02 3.114542164134353808e+00
5.780000000000000000e+02 3.118991713641176666e+00
5.790000000000000000e+02 3.123534741892635136e+00
5.800000000000000000e+02 3.128174640841205445e+00
5.810000000000000000e+02 3.132921173514145341e+00
5.820000000000000000e+02 3.137785841230438244e+00
5.830000000000000000e+02 3.142778605644550360e+00
5.840000000000000000e+02 3.147906739027937384e+00
5.850000000000000000e+02 3.153174681277989500e+00
5.860000000000000000e+02 3.158584487863802970e+00
5.870000000000000000e+02 3.164136947913442022e+00
5.880000000000000000e+02 3.169832989165108916e+00
5.890000000000000000e+02 3.175675031159838735e+00
5.900000000000000000e+02 3.181668313131146064e+00
5.910000000000000000e+02 3.187821917937790239e+00
5.920000000000000000e+02 3.194148774068472196e+00
5.930000000000000000e+02 3.200663869159196651e+00
5.940000000000000000e+02 3.207380951123957935e+00
5.950000000000000000e+02 3.214308728003516968e+00
5.960000000000000000e+02 3.221447871862733514e+00
5.970000000000000000e+02 3.228789449465939931e+00
5.980000000000000000e+02 3.236315037732236277e+00
5.990000000000000000e+02 3.243998370486711025e+00
6.000000000000000000e+02 3.251808407451084904e+00
6.010000000000000000e+02 3.259712683425014745e+00
6.020000000000000000e+02 3.267680517535947793e+00
6.030000000000000000e+02 3.275685314788093550e+00
6.040000000000000000e+02 3.283705434796460043e+00
6.050000000000000000e+02 3.291723410871061350e+00
6.060000000000000000e+02 3.299724032659635320e+00
6.070000000000000000e+02 3.307691906528074099e+00
6.080000000000000000e+02 3.315610036674800920e+00
6.090000000000000000e+02 3.323460176714235992e+00
6.100000000000000000e+02 3.331224888998344902e+00
6.110000000000000000e+02 3.338891131280611102e+00
6.120000000000000000e+02 3.346453384382368057e+00
6.130000000000000000e+02 3.353913330976342699e+00
6.140000000000000000e+02 3.361275012214587132e+00
6.150000000000000000e+02 3.368537611054837733e+00
6.160000000000000000e+02 3.375690122330876619e+00
6.170000000000000000e+02 3.382710058931432062e+00
6.180000000000000000e+02 3.389565912069191445e+00
6.190000000000000000e+02 3.396221460029452910e+00
6.200000000000000000e+02 3.402640482987816739e+00
6.210000000000000000e+02 3.408791271848334858e+00
6.220000000000000000e+02 3.414650445187822569e+00
6.230000000000000000e+02 3.420205821792198897e+00
6.240000000000000000e+02 3.425457724780053503e+00
6.250000000000000000e+02 3.430418599211256137e+00
6.260000000000000000e+02 3.435111192337161778e+00
6.270000000000000000e+02 3.439566008217983750e+00
6.280000000000000000e+02 3.443818703019766225e+00
6.290000000000000000e+02 3.447908009566931220e+00
6.300000000000000000e+02 3.451874600431354523e+00
6.310000000000000000e+02 3.455760657419454152e+00
6.320000000000000000e+02 3.459609747232390120e+00
6.330000000000000000e+02 3.463466480599780795e+00
6.340000000000000000e+02 3.467375707485462311e+00
6.350000000000000000e+02 3.471381234891062206e+00
6.360000000000000000e+02 3.475524044588505834e+00
6.370000000000000000e+02 3.479840812554318763e+00
6.380000000000000000e+02 3.484362582810682341e+00
6.390000000000000000e+02 3.489113892507907266e+00
6.400000000000000000e+02 3.494112833694905884e+00
6.410000000000000000e+02 3.499371443456291253e+00
6.420000000000000000e+02 3.504896082643366384e+00
6.430000000000000000e+02 3.510687391502584020e+00
6.440000000000000000e+02 3.516739466669724923e+00
6.450000000000000000e+02 3.523039196581380317e+00
6.460000000000000000e+02 3.529566341610966163e+00
6.470000000000000000e+02 3.536294462150622930e+00
6.480000000000000000e+02 3.543192415865853651e+00
6.490000000000000000e+02 3.550225789712271762e+00
6.500000000000000000e+02 3.557358093769752649e+00
6.510000000000000000e+02 3.564551816917147953e+00
6.520000000000000000e+02 3.571770087251532111e+00
6.530000000000000000e+02 3.578978551948056364e+00
6.540000000000000000e+02 3.586146231232561377e+00
6.550000000000000000e+02 3.593244510451550688e+00
6.560000000000000000e+02 3.600244652707467630e+00
6.570000000000000000e+02 3.607115497018300587e+00
6.580000000000000000e+02 3.613822740018314050e+00
6.590000000000000000e+02 3.620329785458203276e+00
6.600000000000000000e+02 3.626599738620310376e+00
6.610000000000000000e+02 3.632598253419387468e+00
6.620000000000000000e+02 3.638297137664836978e+00
6.630000000000000000e+02 3.643677582075357080e+00
6.640000000000000000e+02 3.648732310386435085e+00
6.650000000000000000e+02 3.653465660858191466e+00
6.660000000000000000e+02 3.657891744251120958e+00
6.670000000000000000e+02 3.662032563480764669e+00
6.680000000000000000e+02 3.665917465188627489e+00
6.690000000000000000e+02 3.669584452791860407e+00
6.700000000000000000e+02 3.673080847726174269e+00
6.710000000000000000e+02 3.676460322179511131e+00
6.720000000000000000e+02 3.679777554768473458e+00
6.730000000000000000e+02 3.683083854663331103e+00
6.740000000000000000e+02 3.686426032115684315e+00
6.750000000000000000e+02 3.689847652161623248e+00
6.760000000000000000e+02 3.693390069954328503e+00
6.770000000000000000e+02 3.697092102286515747e+00
6.780000000000000000e+02 3.700988449948975578e+00
6.790000000000000000e+02 3.705107663598118162e+00
6.800000000000000000e+02 3.709470895845608851e+00
6.810000000000000000e+02 3.714091782740374104e+00
6.820000000000000000e+02 3.718977185720710565e+00
6.830000000000000000e+02 3.724127762792370788e+00
6.840000000000000000e+02 3.729538009006579724e+00
6.850000000000000000e+02 3.735195695375009173e+00
6.860000000000000000e+02 3.741081381764943536e+00
6.870000000000000000e+02 3.747168462140774814e+00
6.880000000000000000e+02 3.753423913991162042e+00
6.890000000000000000e+02 3.759810298119075078e+00
6.900000000000000000e+02 3.766288394582144594e+00
6.910000000000000000e+02 3.772820332709906133e+00
6.920000000000000000e+02 3.779371770618904502e+00
6.930000000000000000e+02 3.785912424182352076e+00
6.940000000000000000e+02 3.792414925255914504e+00
6.950000000000000000e+02 3.798852405704133517e+00
6.960000000000000000e+02 3.805196428156283783e+00
6.970000000000000000e+02 3.811415925385621684e+00
6.980000000000000000e+02 3.817477860999483497e+00
6.990000000000000000e+02 3.823349424575163358e+00
7.000000000000000000e+02 3.829000946141273509e+00
7.010000000000000000e+02 3.834408365347358849e+00
7.020000000000000000e+02 3.839554868585622671e+00
7.030000000000000000e+02 3.844431878428309357e+00
7.040000000000000000e+02 3.849040014303035662e+00
7.050000000000000000e+02 3.853389922043359839e+00
7.060000000000000000e+02 3.857502380023972055e+00
7.070000000000000000e+02 3.861407166174092964e+00
7.080000000000000000e+02 3.865140246881587416e+00
7.090000000000000000e+02 3.868740214698600965e+00
7.100000000000000000e+02 3.872244722549146978e+00
7.110000000000000000e+02 3.875687943277515757e+00
7.120000000000000000e+02 3.879099281917619102e+00
7.130000000000000000e+02 3.882503062085980172e+00
7.140000000000000000e+02 3.885919053994887129e+00
7.150000000000000000e+02 3.889363267651742451e+00
7.160000000000000000e+02 3.892848713345352873e+00
7.170000000000000000e+02 3.896386304366448172e+00
7.180000000000000000e+02 3.899985896572096156e+00
7.190000000000000000e+02 3.903657862572345039e+00
7.200000000000000000e+02 3.907414723040020021e+00
7.210000000000000000e+02 3.911272656517731150e+00
7.220000000000000000e+02 3.915252087078116450e+00
7.230000000000000000e+02 3.919376770489926276e+00
7.240000000000000000e+02 3.923671385033255632e+00
7.250000000000000000e+02 3.928158472467190521e+00
7.260000000000000000e+02 3.932856216715665987e+00
7.270000000000000000e+02 3.937777551329293857e+00
7.280000000000000000e+02 3.942930860921901370e+00
7.290000000000000000e+02 3.948322007838353187e+00
7.300000000000000000e+02 3.953955992708385381e+00
7.310000000000000000e+02 3.959837802585677746e+00
7.320000000000000000e+02 3.965971577757376743e+00
7.330000000000000000e+02 3.972358702561257005e+00
7.340000000000000000e+02 3.978995800413382966e+00
7.350000000000000000e+02 3.985873147665730087e+00
7.360000000000000000e+02 3.992973914445741457e+00
7.370000000000000000e+02 4.000273786907612816e+00
7.380000000000000000e+02 4.007741493296379076e+00
7.390000000000000000e+02 4.015339944435242003e+00
7.400000000000000000e+02 4.023028338082658806e+00
7.410000000000000000e+02 4.030765583719224665e+00
7.420000000000000000e+02 4.038514366001901834e+00
7.430000000000000000e+02 4.046244617630584628e+00
7.440000000000000000e+02 4.053935196303112498e+00
7.450000000000000000e+02 4.061573151998130626e+00
7.460000000000000000e+02 4.069150787653298629e+00
7.470000000000000000e+02 4.076661130294436219e+00
7.480000000000000000e+02 4.084093345880126513e+00
7.490000000000000000e+02 4.091429146830463992e+00
7.500000000000000000e+02 4.098640756564538634e+00
7.510000000000000000e+02 4.105691025133553218e+00
7.520000000000000000e+02 4.112535576347586819e+00
7.530000000000000000e+02 4.119126668876374353e+00
7.540000000000000000e+02 4.125417197839130523e+00
7.550000000000000000e+02 4.131364569953533739e+00
7.560000000000000000e+02 4.136933799043125859e+00
7.570000000000000000e+02 4.142099485031891071e+00
7.580000000000000000e+02 4.146846872458922917e+00
7.590000000000000000e+02 4.151171806926570618e+00
7.600000000000000000e+02 4.155080063734770235e+00
7.610000000000000000e+02 4.158586244452430414e+00
7.620000000000000000e+02 4.161712782239908037e+00
7.630000000000000000e+02 4.164488362877249550e+00
7.640000000000000000e+02 4.166945843518046644e+00
7.650000000000000000e+02 4.169119798657512810e+00
7.660000000000000000e+02 4.171044453804659824e+00
7.670000000000000000e+02 4.172752584159391986e+00
7.680000000000000000e+02 4.174275831086944777e+00
7.690000000000000000e+02 4.175646313881832938e+00
7.700000000000000000e+02 4.176898584064645092e+00
7.710000000000000000e+02 4.178071079650111486e+00
7.720000000000000000e+02 4.179206216389374617e+00
7.730000000000000000e+02 4.180349238934036649e+00
7.740000000000000000e+02 4.181546388106628598e+00
7.750000000000000000e+02 4.182843234241513386e+00
7.760000000000000000e+02 4.184283634721660761e+00
7.770000000000000000e+02 4.185908275751771157e+00
7.780000000000000000e+02 4.187752609660618575e+00
7.790000000000000000e+02 4.189844279518280423e+00
7.800000000000000000e+02 4.192201136050522692e+00
7.810000000000000000e+02 4.194830497080663356e+00
7.820000000000000000e+02 4.197729926569937930e+00
7.830000000000000000e+02 4.200888592204511163e+00
7.840000000000000000e+02 4.204289289226919912e+00
7.850000000000000000e+02 4.207911105794869044e+00
7.860000000000000000e+02 4.211732490250484240e+00
7.870000000000000000e+02 4.215734150817944226e+00
7.880000000000000000e+02 4.219901646300931120e+00
7.890000000000000000e+02 4.224226889126247109e+00
7.900000000000000000e+02 4.228707945374443611e+00
7.910000000000000000e+02 4.233347242956629231e+00
7.920000000000000000e+02 4.238148553189547307e+00
7.930000000000000000e+02 4.243113832373929029e+00
7.940000000000000000e+02 4.248240883242569765e+00
7.950000000000000000e+02 4.253522922416358654e+00
7.960000000000000000e+02 4.258950356296512751e+00
7.970000000000000000e+02 4.264513955909849940e+00
7.980000000000000000e+02 4.270208344114681864e+00
7.990000000000000000e+02 4.276034291572207380e+00
8.000000000000000000e+02 4.281998783146763188e+00
8.010000000000000000e+02 4.288113393946538565e+00
8.020000000000000000e+02 4.294390734162142564e+00
8.030000000000000000e+02 4.300840019853856333e+00
8.040000000000000000e+02 4.307462220898930383e+00
8.050000000000000000e+02 4.314245664500318433e+00
8.060000000000000000e+02 4.321162657286288677e+00
8.070000000000000000e+02 4.328168484757222600e+00
8.080000000000000000e+02 4.335203266640135666e+00
8.090000000000000000e+02 4.342196929903787250e+00
8.100000000000000000e+02 4.349076379677065063e+00
8.110000000000000000e+02 4.355773708832683333e+00
8.120000000000000000e+02 4.362233582191063164e+00
8.130000000000000000e+02 4.368418123163184674e+00
8.140000000000000000e+02 4.374308269630081014e+00
8.150000000000000000e+02 4.379902249130363856e+00
8.160000000000000000e+02 4.385213628236996897e+00
8.170000000000000000e+02 4.390269922593262208e+00
8.180000000000000000e+02 4.395111505844091937e+00
8.190000000000000000e+02 4.399789568447427968e+00
8.200000000000000000e+02 4.404361814972794775e+00
8.210000000000000000e+02 4.408886230857314459e+00
8.220000000000000000e+02 4.413414815508584610e+00
8.230000000000000000e+02 4.417988564124687656e+00
8.240000000000000000e+02 4.422634132026837861e+00
8.250000000000000000e+02 4.427362611879344989e+00
8.260000000000000000e+02 4.432170784935975050e+00
8.270000000000000000e+02 4.437044298139451115e+00
8.280000000000000000e+02 4.441962830082878178e+00
8.290000000000000000e+02 4.446906647539801583e+00
8.300000000000000000e+02 4.451862722809295292e+00
8.310000000000000000e+02 4.456829135376678686e+00
8.320000000000000000e+02 4.461815692310151960e+00
8.330000000000000000e+02 4.466840678527795205e+00
8.340000000000000000e+02 4.471926498858595167e+00
8.350000000000000000e+02 4.477096382024104315e+00
8.360000000000000000e+02 4.482373140121920230e+00
8.370000000000000000e+02 4.487777946824170527e+00
8.380000000000000000e+02 4.493327573543393072e+00
8.390000000000000000e+02 4.499030719716953008e+00
8.400000000000000000e+02 4.504884480352362885e+00
8.410000000000000000e+02 4.510872079187276285e+00
8.420000000000000000e+02 4.516962807168170002e+00
8.430000000000000000e+02 4.523114055996055427e+00
8.440000000000000000e+02 4.529274409590945183e+00
8.450000000000000000e+02 4.535387247742363570e+00
8.460000000000000000e+02 4.541394573025515413e+00
8.470000000000000000e+02 4.547240736908186420e+00
8.480000000000000000e+02 4.552876308754106205e+00
8.490000000000000000e+02 4.558262297992108358e+00
8.500000000000000000e+02 4.563374119974618282e+00
8.510000000000000000e+02 4.568204716184989245e+00
8.520000000000000000e+02 4.572765789641658252e+00
8.530000000000000000e+02 4.577086428840202004e+00
8.540000000000000000e+02 4.581209075207090642e+00
8.550000000000000000e+02 4.585183764422699149e+00
8.560000000000000000e+02 4.589061888750991969e+00
8.570000000000000000e+02 4.592890610947280905e+00
8.580000000000000000e+02 4.596709519191994886e+00
8.590000000000000000e+02 4.600549858893216104e+00
8.600000000000000000e+02 4.604435935220095644e+00
8.610000000000000000e+02 4.608388336990611123e+00
8.620000000000000000e+02 4.612427683890654606e+00
8.630000000000000000e+02 4.616577664066765507e+00
8.640000000000000000e+02 4.620866113993012725e+00
8.650000000000000000e+02 4.625323187952382398e+00
8.660000000000000000e+02 4.629977256925567275e+00
8.670000000000000000e+02 4.634849872059700893e+00
8.680000000000000000e+02 4.639951611498683626e+00
8.690000000000000000e+02 4.645280173713286942e+00
8.700000000000000000e+02 4.650821100148991860e+00
8.710000000000000000e+02 4.656550478726820153e+00
8.720000000000000000e+02 4.662438851614834512e+00
8.730000000000000000e+02 4.668455165421181441e+00
8.740000000000000000e+02 4.674570120640861859e+00
8.750000000000000000e+02 4.680759069208285439e+00
8.760000000000000000e+02 4.687003889549362867e+00
8.770000000000000000e+02 4.693293285248596902e+00
8.780000000000000000e+02 4.699620991964166272e+00
8.790000000000000000e+02 4.705981937286439987e+00
8.800000000000000000e+02 4.712367387197826218e+00
8.810000000000000000e+02 4.718760795650579709e+00
8.820000000000000000e+02 4.725136696966178107e+00
8.830000000000000000e+02 4.731463205245736603e+00
8.840000000000000000e+02 4.737708213947373181e+00
8.850000000000000000e+02 4.743847445205400248e+00
8.860000000000000000e+02 4.749871267671821329e+00
8.870000000000000000e+02 4.755787148566682276e+00
8.880000000000000000e+02 4.761616678360656607e+00
8.890000000000000000e+02 4.767388472707601466e+00
8.900000000000000000e+02 4.773129811068879569e+00
8.910000000000000000e+02 4.778859319538766748e+00
8.920000000000000000e+02 4.784582271201252013e+00
8.930000000000000000e+02 4.790289582777774058e+00
8.940000000000000000e+02 4.795961057471089362e+00
8.950000000000000000e+02 4.801572332054075964e+00
8.960000000000000000e+02 4.807104214538560960e+00
8.970000000000000000e+02 4.812551730532881322e+00
8.980000000000000000e+02 4.817929665274256479e+00
8.990000000000000000e+02 4.823272078603707769e+00
9.000000000000000000e+02 4.828626053725825429e+00
9.010000000000000000e+02 4.834042492494312171e+00
9.020000000000000000e+02 4.839567340594272515e+00
9.030000000000000000e+02 4.845235285443278528e+00
9.040000000000000000e+02 4.851067000730791889e+00
9.050000000000000000e+02 4.857068649670330807e+00
9.060000000000000000e+02 4.863231930334112718e+00
9.070000000000000000e+02 4.869534376031710465e+00
9.080000000000000000e+02 4.875940602305202987e+00
9.090000000000000000e+02 4.882405898098385322e+00
9.100000000000000000e+02 4.888882280966688754e+00
9.110000000000000000e+02 4.895325662208207973e+00
9.120000000000000000e+02 4.901702311039911386e+00
9.130000000000000000e+02 4.907992289885079629e+00
9.140000000000000000e+02 4.914188632794576961e+00
9.150000000000000000e+02 4.920293175528977159e+00
9.160000000000000000e+02 4.926311976242999435e+00
9.170000000000000000e+02 4.932252344915882603e+00
9.180000000000000000e+02 4.938121563634507716e+00
9.190000000000000000e+02 4.943926559224715689e+00
9.200000000000000000e+02 4.949674525577166584e+00
9.210000000000000000e+02 4.955374202386667370e+00
9.220000000000000000e+02 4.961036996940366706e+00
9.230000000000000000e+02 4.966677388604781918e+00
9.240000000000000000e+02 4.972312304154442586e+00
9.250000000000000000e+02 4.977959674915902966e+00
9.260000000000000000e+02 4.983636881714092581e+00
9.270000000000000000e+02 4.989359723711153549e+00
9.280000000000000000e+02 4.995141870678735607e+00
9.290000000000000000e+02 5.000995060573737661e+00
9.300000000000000000e+02 5.006929734291563072e+00
9.310000000000000000e+02 5.012956213851275322e+00
9.320000000000000000e+02 5.019085975875118955e+00
9.330000000000000000e+02 5.025332790841540387e+00
9.340000000000000000e+02 5.031712897053390421e+00
9.350000000000000000e+02 5.038244239840413030e+00
9.360000000000000000e+02 5.044945402376365351e+00
9.370000000000000000e+02 5.051835072332907295e+00
9.380000000000000000e+02 5.058932319047222848e+00
9.390000000000000000e+02 5.066257281525769152e+00
9.400000000000000000e+02 5.073831537168567607e+00
9.410000000000000000e+02 5.081677349142987410e+00
9.420000000000000000e+02 5.089816785637623298e+00
9.430000000000000000e+02 5.098272878812826647e+00
9.440000000000000000e+02 5.107072752276449634e+00
9.450000000000000000e+02 5.116249020072286768e+00
9.460000000000000000e+02 5.125835695652334323e+00
9.470000000000000000e+02 5.135861129367450317e+00
9.480000000000000000e+02 5.146342735534071622e+00
9.490000000000000000e+02 5.157285003790962108e+00
9.500000000000000000e+02 5.168680109388480659e+00
9.510000000000000000e+02 5.180509944780110843e+00
9.520000000000000000e+02 5.192748925706132113e+00
9.530000000000000000e+02 5.205366541804512970e+00
9.540000000000000000e+02 5.218329524223330296e+00
9.550000000000000000e+02 5.231602802697222110e+00
9.560000000000000000e+02 5.245149285087359559e+00
9.570000000000000000e+02 5.258928922165321040e+00
9.580000000000000000e+02 5.272897346510463379e+00
9.590000000000000000e+02 5.287004953038778154e+00
9.600000000000000000e+02 5.301196504821563238e+00
9.610000000000000000e+02 5.315411406689874774e+00
9.620000000000000000e+02 5.329584122169978677e+00
9.630000000000000000e+02 5.343644471380686767e+00
9.640000000000000000e+02 5.357517667952336637e+00
9.650000000000000000e+02 5.371124767246891807e+00
9.660000000000000000e+02 5.384385230058004623e+00
9.670000000000000000e+02 5.397222389231275841e+00
9.680000000000000000e+02 5.409570774068906296e+00
9.690000000000000000e+02 5.421381860663687213e+00
9.700000000000000000e+02 5.432625620399321065e+00
9.710000000000000000e+02 5.443287689372951377e+00
9.720000000000000000e+02 5.453363665317564113e+00
9.730000000000000000e+02 5.462853226060232714e+00
9.740000000000000000e+02 5.471756417872172484e+00
9.750000000000000000e+02 5.480073250434078780e+00
9.760000000000000000e+02 5.487806065811616563e+00
9.770000000000000000e+02 5.494963679730377137e+00
9.780000000000000000e+02 5.501565421933641176e+00
9.790000000000000000e+02 5.507643229453863754e+00
9.800000000000000000e+02 5.513241778611282840e+00
9.810000000000000000e+02 5.518417055536716020e+00
9.820000000000000000e+02 5.523234541978560230e+00
9.830000000000000000e+02 5.527768624117102014e+00
9.840000000000000000e+02 5.532103024841151573e+00
9.850000000000000000e+02 5.536330670296158551e+00
9.860000000000000000e+02 5.540551088681768377e+00
9.870000000000000000e+02 5.544865670579186556e+00
9.880000000000000000e+02 5.549370738774354272e+00
9.890000000000000000e+02 5.554150554398738393e+00
9.900000000000000000e+02 5.559272322663918686e+00
9.910000000000000000e+02 5.564784806521149818e+00
9.920000000000000000e+02 5.570720358332955868e+00
9.930000000000000000e+02 5.577098294982232751e+00
9.940000000000000000e+02 5.583927418130606668e+00
9.950000000000000000e+02 5.591207113517130622e+00
9.960000000000000000e+02 5.598927187220999357e+00
9.970000000000000000e+02 5.607066365553446730e+00
9.980000000000000000e+02 5.615590347802710269e+00
9.990000000000000000e+02 5.624450211171144076e+00
1.000000000000000000e+03 5.633582693615276860e+00
1.001000000000000000e+03 5.642913622974063514e+00
1.002000000000000000e+03 5.652364633696707052e+00
1.003000000000000000e+03 5.661861706661758475e+00
1.004000000000000000e+03 5.671342792598888849e+00
1.005000000000000000e+03 5.680762178090280834e+00
1.006000000000000000e+03 5.690090697081243931e+00
1.007000000000000000e+03 5.699312990271334201e+00
1.008000000000000000e+03 5.708424293775730796e+00
1.009000000000000000e+03 5.717427989128564647e+00
1.010000000000000000e+03 5.726334338476764430e+00
1.011000000000000000e+03 5.735159823044790883e+00
1.012000000000000000e+03 5.743925787478000977e+00
1.013000000000000000e+03 5.752656063746098170e+00
1.014000000000000000e+03 5.761374166747970094e+00
1.015000000000000000e+03 5.770100888387714733e+00
1.016000000000000000e+03 5.778852902222793020e+00
1.017000000000000000e+03 5.787642795242301297e+00
1.018000000000000000e+03 5.796479967182715853e+00
1.019000000000000000e+03 5.805371421388467290e+00
1.020000000000000000e+03 5.814322784158559188e+00
1.021000000000000000e+03 5.823338630380384018e+00
1.022000000000000000e+03 5.832422024730821164e+00
1.023000000000000000e+03 5.841572751829669841e+00
1.024000000000000000e+03 5.850784239050020652e+00
1.025000000000000000e+03 5.860039496060585051e+00
1.026000000000000000e+03 5.869307049976356438e+00
1.027000000000000000e+03 5.878538479339693978e+00
1.028000000000000000e+03 5.887668947299928845e+00
1.029000000000000000e+03 5.896622000800139318e+00
1.030000000000000000e+03 5.905318340121138654e+00
1.031000000000000000e+03 5.913686300934346107e+00
1.032000000000000000e+03 5.921670420262028500e+00
1.033000000000000000e+03 5.929235594010524579e+00
1.034000000000000000e+03 5.936366313419398466e+00
1.035000000000000000e+03 5.943062756516268585e+00
1.036000000000000000e+03 5.949335967245330536e+00
1.037000000000000000e+03 5.955203686524447093e+00
1.038000000000000000e+03 5.960687708544618602e+00
1.039000000000000000e+03 5.965812964149979969e+00
1.040000000000000000e+03 5.970607994433906107e+00
1.041000000000000000e+03 5.975105557632415909e+00
1.042000000000000000e+03 5.979342323643686008e+00
1.043000000000000000e+03 5.983356667365908876e+00
1.044000000000000000e+03 5.987185718682854763e+00
1.045000000000000000e+03 5.990863494339742523e+00
1.046000000000000000e+03 5.994421760191539938e+00
1.047000000000000000e+03 5.997893622405735314e+00
1.048000000000000000e+03 6.001317891381518166e+00
1.049000000000000000e+03 6.004742106070420249e+00
1.050000000000000000e+03 6.008221956260328511e+00
1.051000000000000000e+03 6.011817327813988143e+00
1.052000000000000000e+03 6.015587260239447787e+00
1.053000000000000000e+03 6.019585355467307330e+00
1.054000000000000000e+03 6.023856999810891288e+00
1.055000000000000000e+03 6.028437596155629130e+00
1.056000000000000000e+03 6.033351169518932799e+00
1.057000000000000000e+03 6.038609334260248929e+00
1.058000000000000000e+03 6.044211164383172630e+00
1.059000000000000000e+03 6.050144085858100595e+00
1.060000000000000000e+03 6.056385538031589633e+00
1.061000000000000000e+03 6.062905757740854717e+00
1.062000000000000000e+03 6.069670572938585806e+00
1.063000000000000000e+03 6.076642949801968285e+00
1.064000000000000000e+03 6.083782519527385801e+00
1.065000000000000000e+03 6.091043892435650697e+00
1.066000000000000000e+03 6.098376056432307735e+00
1.067000000000000000e+03 6.105724317314338734e+00
1.068000000000000000e+03 6.113032539425712564e+00
1.069000000000000000e+03 6.120243968398870749e+00
1.070000000000000000e+03 6.127300637728987809e+00
1.071000000000000000e+03 6.134143787192718911e+00
1.072000000000000000e+03 6.140716345726655589e+00
1.073000000000000000e+03 6.146967109509448690e+00
1.074000000000000000e+03 6.152855157385108242e+00
1.075000000000000000e+03 6.158352592718475016e+00
1.076000000000000000e+03 6.163445482607015968e+00
1.077000000000000000e+03 6.168133380922147246e+00
1.078000000000000000e+03 6.172428676888021215e+00
1.079000000000000000e+03 6.176356176516923924e+00
1.080000000000000000e+03 6.179953795135475936e+00
1.081000000000000000e+03 6.183272830712190249e+00
1.082000000000000000e+03 6.186376936392424142e+00
1.083000000000000000e+03 6.189338469823381317e+00
1.084000000000000000e+03 6.192232391831561600e+00
1.085000000000000000e+03 6.195128570717816530e+00
1.086000000000000000e+03 6.198084895714540465e+00
1.087000000000000000e+03 6.201142955866712825e+00
1.088000000000000000e+03 6.204327603162676397e+00
1.089000000000000000e+03 6.207649659441321077e+00
1.090000000000000000e+03 6.211110138580620443e+00
1.091000000000000000e+03 6.214703743111401835e+00
1.092000000000000000e+03 6.218419880845898362e+00
1.093000000000000000e+03 6.222241567822183406e+00
1.094000000000000000e+03 6.226142907431834850e+00
1.095000000000000000e+03 6.230087959813301879e+00
1.096000000000000000e+03 6.234032645049358834e+00
1.097000000000000000e+03 6.237929816928081905e+00
1.098000000000000000e+03 6.241736940841150272e+00
1.099000000000000000e+03 6.245423970049989393e+00
1.100000000000000000e+03 6.248978406293589138e+00
1.101000000000000000e+03 6.252405083462830859e+00
1.102000000000000000e+03 6.255720843542702525e+00
1.103000000000000000e+03 6.258948262832650933e+00
1.104000000000000000e+03 6.262112079747870652e+00
1.105000000000000000e+03 6.265238689948727568e+00
1.106000000000000000e+03 6.268357160210811685e+00
1.107000000000000000e+03 6.271498920912339514e+00
1.108000000000000000e+03 6.274694960815063283e+00
1.109000000000000000e+03 6.277970659513097296e+00
1.110000000000000000e+03 6.281339475567911279e+00
1.111000000000000000e+03 6.284797473380407951e+00
1.112000000000000000e+03 6.288320892172285070e+00
1.113000000000000000e+03 6.291867499520877871e+00
1.114000000000000000e+03 6.295381309584551666e+00
1.115000000000000000e+03 6.298799148856473629e+00
1.116000000000000000e+03 6.302056877428347192e+00
1.117000000000000000e+03 6.305094626973328786e+00
1.118000000000000000e+03 6.307861234793808336e+00
1.119000000000000000e+03 6.310317814103821199e+00
1.120000000000000000e+03 6.312440128081797219e+00
1.121000000000000000e+03 6.314219645696690364e+00
1.122000000000000000e+03 6.315663165060845685e+00
1.123000000000000000e+03 6.316792303839216416e+00
1.124000000000000000e+03 6.317643273357788303e+00
1.125000000000000000e+03 6.318267585702454170e+00
1.126000000000000000e+03 6.318732869362341020e+00
1.127000000000000000e+03 6.319123062048430661e+00
1.128000000000000000e+03 6.319535920912096039e+00
1.129000000000000000e+03 6.320077452248606065e+00
1.130000000000000000e+03 6.320854607661861024e+00
1.131000000000000000e+03 6.321967778690028794e+00
1.132000000000000000e+03 6.323505211738824627e+00
1.133000000000000000e+03 6.325540281404524734e+00
1.134000000000000000e+03 6.328131434171416103e+00
1.135000000000000000e+03 6.331323932186331938e+00
1.136000000000000000e+03 6.335151483381090465e+00
1.137000000000000000e+03 6.339636936338880702e+00
1.138000000000000000e+03 6.344791778357213197e+00
1.139000000000000000e+03 6.350615138421958683e+00
1.140000000000000000e+03 6.357092535811696976e+00
1.141000000000000000e+03 6.364195447908077341e+00
1.142000000000000000e+03 6.371881680656505509e+00
1.143000000000000000e+03 6.380097176851069918e+00
1.144000000000000000e+03 6.388779076028880510e+00
1.145000000000000000e+03 6.397860286592036871e+00
1.146000000000000000e+03 6.407274525877010518e+00
1.147000000000000000e+03 6.416960200318287733e+00
1.148000000000000000e+03 6.426861889945408635e+00
1.149000000000000000e+03 6.436927481382081595e+00
1.150000000000000000e+03 6.447101723510431093e+00
1.151000000000000000e+03 6.457318704399832576e+00
1.152000000000000000e+03 6.467497348477035501e+00
1.153000000000000000e+03 6.477542986268501224e+00
1.154000000000000000e+03 6.487353851140947647e+00
1.155000000000000000e+03 6.496828907415913790e+00
1.156000000000000000e+03 6.505875410375640655e+00
1.157000000000000000e+03 6.514415563970317180e+00
1.158000000000000000e+03 6.522392219510185996e+00
1.159000000000000000e+03 6.529772453010417088e+00
1.160000000000000000e+03 6.536547345041199719e+00
1.161000000000000000e+03 6.542728154058304213e+00
1.162000000000000000e+03 6.548340217936957863e+00
1.163000000000000000e+03 6.553417339775857720e+00
1.164000000000000000e+03 6.557998224412213695e+00
1.165000000000000000e+03 6.562124826667878885e+00
1.166000000000000000e+03 6.565841579058068866e+00
1.167000000000000000e+03 6.569193807801807061e+00
1.168000000000000000e+03 6.572225722688891381e+00
1.169000000000000000e+03 6.574978681899249722e+00
1.170000000000000000e+03 6.577490586385193794e+00
1.171000000000000000e+03 6.579796871007462578e+00
1.172000000000000000e+03 6.581932138546819466e+00
1.173000000000000000e+03 6.583931029232333643e+00
1.174000000000000000e+03 6.585827435831141941e+00
1.175000000000000000e+03 6.587653235371433880e+00
1.176000000000000000e+03 6.589437105314938314e+00
1.177000000000000000e+03 6.591204468482788847e+00
1.178000000000000000e+03 6.592979781617577473e+00
1.179000000000000000e+03 6.594789901383407482e+00
1.180000000000000000e+03 6.596666205209724687e+00
1.181000000000000000e+03 6.598643096109189088e+00
1.182000000000000000e+03 6.600752562617810071e+00
1.183000000000000000e+03 6.603017513443998787e+00
1.184000000000000000e+03 6.605446290303264689e+00
1.185000000000000000e+03 6.608030262230665031e+00
1.186000000000000000e+03 6.610745433863835174e+00
1.187000000000000000e+03 6.613556276213213181e+00
1.188000000000000000e+03 6.616420749033004256e+00
1.189000000000000000e+03 6.619295647478089073e+00
1.190000000000000000e+03 6.622142303740058189e+00
1.191000000000000000e+03 6.624931956244894948e+00
1.192000000000000000e+03 6.627648743118234265e+00
1.193000000000000000e+03 6.630288632969554286e+00
1.194000000000000000e+03 6.632855505223764325e+00
1.195000000000000000e+03 6.635356419926932148e+00
1.196000000000000000e+03 6.637799449916023775e+00
1.197000000000000000e+03 6.640195245405168478e+00
1.198000000000000000e+03 6.642560927596255382e+00
1.199000000000000000e+03 6.644923802511882194e+00
1.200000000000000000e+03 6.647322187522615167e+00
1.201000000000000000e+03 6.649802671627197626e+00
1.202000000000000000e+03 6.652413835643651296e+00
1.203000000000000000e+03 6.655198759441907086e+00
1.204000000000000000e+03 6.658188586974020495e+00
1.205000000000000000e+03 6.661399526735034549e+00
1.206000000000000000e+03 6.664834170292868620e+00
1.207000000000000000e+03 6.668486742754184959e+00
1.208000000000000000e+03 6.672349250823627287e+00
1.209000000000000000e+03 6.676415916100023829e+00
1.210000000000000000e+03 6.680684280484455506e+00
1.211000000000000000e+03 6.685153167754188885e+00
1.212000000000000000e+03 6.689818989469626942e+00
1.213000000000000000e+03 6.694672431083092512e+00
1.214000000000000000e+03 6.699696538010574187e+00
1.215000000000000000e+03 6.704866648571000454e+00
1.216000000000000000e+03 6.710152320129838088e+00
1.217000000000000000e+03 6.715520032794329630e+00
1.218000000000000000e+03 6.720935903374755327e+00
1.219000000000000000e+03 6.726367627957397843e+00
1.220000000000000000e+03 6.731785364779681480e+00
1.221000000000000000e+03 6.737161962411104987e+00
1.222000000000000000e+03 6.742472502262648604e+00
1.223000000000000000e+03 6.747693811621761739e+00
1.224000000000000000e+03 6.752804601570094434e+00
1.225000000000000000e+03 6.757785485885934307e+00
1.226000000000000000e+03 6.762618762081883617e+00
1.227000000000000000e+03 6.767288195332856304e+00
1.228000000000000000e+03 6.771779825549277376e+00
1.229000000000000000e+03 6.776084766288391847e+00
1.230000000000000000e+03 6.780204745783194653e+00
1.231000000000000000e+03 6.784158851456149719e+00
1.232000000000000000e+03 6.787988443349218137e+00
1.233000000000000000e+03 6.791757371521651265e+00
1.234000000000000000e+03 6.795546483360099366e+00
1.235000000000000000e+03 6.799444523994909062e+00
1.236000000000000000e+03 6.803539214311323136e+00
1.237000000000000000e+03 6.807911218165791922e+00
1.238000000000000000e+03 6.812630714307524649e+00
1.239000000000000000e+03 6.817755638770623960e+00
1.240000000000000000e+03 6.823330889151375089e+00
1.241000000000000000e+03 6.829388142489732694e+00
1.242000000000000000e+03 6.835946034187696085e+00
1.243000000000000000e+03 6.843010117823224547e+00
1.244000000000000000e+03 6.850571944454725504e+00
1.245000000000000000e+03 6.858607252667496823e+00
1.246000000000000000e+03 6.867074082558892734e+00
1.247000000000000000e+03 6.875912493567979844e+00
1.248000000000000000e+03 6.885046807340662767e+00
1.249000000000000000e+03 6.894389770346666779e+00
1.250000000000000000e+03 6.903847082951060976e+00
1.251000000000000000e+03 6.913321225863647612e+00
1.252000000000000000e+03 6.922714838135521020e+00
1.253000000000000000e+03 6.931933958275765306e+00
1.254000000000000000e+03 6.940891683522059097e+00
1.255000000000000000e+03 6.949512303140261693e+00
1.256000000000000000e+03 6.957734500508363951e+00
1.257000000000000000e+03 6.965511804536365759e+00
1.258000000000000000e+03 6.972809805880917366e+00
1.259000000000000000e+03 6.979602260452099749e+00
1.260000000000000000e+03 6.985868963080027250e+00
1.261000000000000000e+03 6.991596001588417764e+00
1.262000000000000000e+03 6.996776509596635663e+00
1.263000000000000000e+03 7.001410289818057464e+00
1.264000000000000000e+03 7.005501341941483773e+00
1.265000000000000000e+03 7.009054313175317574e+00
1.266000000000000000e+03 7.012071080772069642e+00
1.267000000000000000e+03 7.014549363397126314e+00
1.268000000000000000e+03 7.016484926197106731e+00
1.269000000000000000e+03 7.017876863170024571e+00
1.270000000000000000e+03 7.018734451734689905e+00
1.271000000000000000e+03 7.019082647972322064e+00
1.272000000000000000e+03 7.018963269319234755e+00
1.273000000000000000e+03 7.018432082390099858e+00
1.274000000000000000e+03 7.017554008643347885e+00
1.275000000000000000e+03 7.016398560105590931e+00
1.276000000000000000e+03 7.015037091161993033e+00
1.277000000000000000e+03 7.013541542842158805e+00
1.278000000000000000e+03 7.011983645700763823e+00
1.279000000000000000e+03 7.010434514114113114e+00
1.280000000000000000e+03 7.008964345329528278e+00
1.281000000000000000e+03 7.007641876437225470e+00
1.282000000000000000e+03 7.006532236484553700e+00
1.283000000000000000e+03 7.005692826055681444e+00
1.284000000000000000e+03 7.005167502613745434e+00
1.285000000000000000e+03 7.004980308825079049e+00
1.286000000000000000e+03 7.005131051776134932e+00
1.287000000000000000e+03 7.005595493898587378e+00
1.288000000000000000e+03 7.006332033646947011e+00
1.289000000000000000e+03 7.007294272768597843e+00
1.290000000000000000e+03 7.008445285990424267e+00
1.291000000000000000e+03 7.009766206744577843e+00
1.292000000000000000e+03 7.011254641161823287e+00
1.293000000000000000e+03 7.012916412567061997e+00
1.294000000000000000e+03 7.014758027574076849e+00
1.295000000000000000e+03 7.016784351731493174e+00
1.296000000000000000e+03 7.019000320869258402e+00
1.297000000000000000e+03 7.021411737942313991e+00
1.298000000000000000e+03 7.024022637515281886e+00
1.299000000000000000e+03 7.026829578045592939e+00
1.300000000000000000e+03 7.029817581842868535e+00
1.301000000000000000e+03 7.032960058543613613e+00
1.302000000000000000e+03 7.036222408080701207e+00
1.303000000000000000e+03 7.039566710180538145e+00
1.304000000000000000e+03 7.042956209214075614e+00
1.305000000000000000e+03 7.046359693347020503e+00
1.306000000000000000e+03 7.049755283206787126e+00
1.307000000000000000e+03 7.053133141973417786e+00
1.308000000000000000e+03 7.056496468082221085e+00
1.309000000000000000e+03 7.059861176314843334e+00
1.310000000000000000e+03 7.063254989504494041e+00
1.311000000000000000e+03 7.066716202117232726e+00
1.312000000000000000e+03 7.070292127382932890e+00
1.313000000000000000e+03 7.074036426945198741e+00
1.314000000000000000e+03 7.078004663754827064e+00
1.315000000000000000e+03 7.082247696559830885e+00
1.316000000000000000e+03 7.086804522160501385e+00
1.317000000000000000e+03 7.091697178177327920e+00
1.318000000000000000e+03 7.096929806275607433e+00
1.319000000000000000e+03 7.102492165669298529e+00
1.320000000000000000e+03 7.108365413905046282e+00
1.321000000000000000e+03 7.114527473293067672e+00
1.322000000000000000e+03 7.120955325694955818e+00
1.323000000000000000e+03 7.127625257132944370e+00
1.324000000000000000e+03 7.134512257980330396e+00
1.325000000000000000e+03 7.141589991781661872e+00
1.326000000000000000e+03 7.148831177319844521e+00
1.327000000000000000e+03 7.156208136411297716e+00
1.328000000000000000e+03 7.163692762601831632e+00
1.329000000000000000e+03 7.171256011070746617e+00
1.330000000000000000e+03 7.178867067275130687e+00
1.331000000000000000e+03 7.186493389282038180e+00
1.332000000000000000e+03 7.194101754439490293e+00
1.333000000000000000e+03 7.201660008461676199e+00
1.334000000000000000e+03 7.209139167634798007e+00
1.335000000000000000e+03 7.216514932048570863e+00
1.336000000000000000e+03 7.223768338201205452e+00
1.337000000000000000e+03 7.230885345363718741e+00
1.338000000000000000e+03 7.237855310986485158e+00
1.339000000000000000e+03 7.244669130786928868e+00
1.340000000000000000e+03 7.251318369801511565e+00
1.341000000000000000e+03 7.257795800309090772e+00
1.342000000000000000e+03 7.264097560373050655e+00
1.343000000000000000e+03 7.270225622872207083e+00
1.344000000000000000e+03 7.276188790084603397e+00
1.345000000000000000e+03 7.282002133300414570e+00
1.346000000000000000e+03 7.287685138760145342e+00
1.347000000000000000e+03 7.293259340273767322e+00
1.348000000000000000e+03 7.298746449366487532e+00
1.349000000000000000e+03 7.304166620504520147e+00
1.350000000000000000e+03 7.309537641843006028e+00
1.351000000000000000e+03 7.314874306171502916e+00
1.352000000000000000e+03 7.320187393658508235e+00
1.353000000000000000e+03 7.325482600174469283e+00
1.354000000000000000e+03 7.330759542506491755e+00
1.355000000000000000e+03 7.336012015216882176e+00
1.356000000000000000e+03 7.341229550691529937e+00
1.357000000000000000e+03 7.346401011788707081e+00
1.358000000000000000e+03 7.351518786815306683e+00
1.359000000000000000e+03 7.356582324386137017e+00
1.360000000000000000e+03 7.361599844390698699e+00
1.361000000000000000e+03 7.366588454437580147e+00
1.362000000000000000e+03 7.371573516385028668e+00
1.363000000000000000e+03 7.376587560275813971e+00
1.364000000000000000e+03 7.381669499138952872e+00
1.365000000000000000e+03 7.386863273080708225e+00
1.366000000000000000e+03 7.392215759025539512e+00
1.367000000000000000e+03 7.397773315017617257e+00
1.368000000000000000e+03 7.403577854018312365e+00
1.369000000000000000e+03 7.409662912988047800e+00
1.370000000000000000e+03 7.416050145704732088e+00
1.371000000000000000e+03 7.422747332875649917e+00
1.372000000000000000e+03 7.429748479343852630e+00
1.373000000000000000e+03 7.437036213394508266e+00
1.374000000000000000e+03 7.444585533863529392e+00
1.375000000000000000e+03 7.452367281837265267e+00
1.376000000000000000e+03 7.460350981637017043e+00
1.377000000000000000e+03 7.468507405732772497e+00
1.378000000000000000e+03 7.476812561719642147e+00
1.379000000000000000e+03 7.485253036103841850e+00
1.380000000000000000e+03 7.493830218872139959e+00
1.381000000000000000e+03 7.502559857786250674e+00
1.382000000000000000e+03 7.511465328082287840e+00
1.383000000000000000e+03 7.520567992322559903e+00
1.384000000000000000e+03 7.529878927151580470e+00
1.385000000000000000e+03 7.539394205353402434e+00
1.386000000000000000e+03 7.549093346099246205e+00
1.387000000000000000e+03 7.558940802154341831e+00
1.388000000000000000e+03 7.568889495849290938e+00
1.389000000000000000e+03 7.578885714627087822e+00
1.390000000000000000e+03 7.588874976858088317e+00
1.391000000000000000e+03 7.598807664857519129e+00
1.392000000000000000e+03 7.608643910108164654e+00
1.393000000000000000e+03 7.618357318048640359e+00
1.394000000000000000e+03 7.627936926287437913e+00
1.395000000000000000e+03 7.637386020699362454e+00
1.396000000000000000e+03 7.646717738304673162e+00
1.397000000000000000e+03 7.655948088694083609e+00
1.398000000000000000e+03 7.665088166489676169e+00
1.399000000000000000e+03 7.674136834238263205e+00
1.400000000000000000e+03 7.683075792628065948e+00
1.401000000000000000e+03 7.691867606646754396e+00
1.402000000000000000e+03 7.700457315335708763e+00
1.403000000000000000e+03 7.708777558567022403e+00
1.404000000000000000e+03 7.716757355677451358e+00
1.405000000000000000e+03 7.724333987932141987e+00
1.406000000000000000e+03 7.731465322736957191e+00
1.407000000000000000e+03 7.738138450383623024e+00
1.408000000000000000e+03 7.744371299491200844e+00
1.409000000000000000e+03 7.750207658871745231e+00
1.410000000000000000e+03 7.755708787812579885e+00
1.411000000000000000e+03 7.760944343845093130e+00
1.412000000000000000e+03 7.765984419540844286e+00
1.413000000000000000e+03 7.770894001039946986e+00
1.414000000000000000e+03 7.775729643267479396e+00
1.415000000000000000e+03 7.780537785892905234e+00
1.416000000000000000e+03 7.785354466280755226e+00
1.417000000000000000e+03 7.790205193956202478e+00
1.418000000000000000e+03 7.795104492067596702e+00
1.419000000000000000e+03 7.800054749228120698e+00
1.420000000000000000e+03 7.805044954787114797e+00
1.421000000000000000e+03 7.810051210424457935e+00
1.422000000000000000e+03 7.815040746748145750e+00
1.423000000000000000e+03 7.819977950589402482e+00
1.424000000000000000e+03 7.824830203394963490e+00
1.425000000000000000e+03 7.829571748704093004e+00
1.426000000000000000e+03 7.834185099482529502e+00
1.427000000000000000e+03 7.838659374759341603e+00
1.428000000000000000e+03 7.842985901085396172e+00
1.429000000000000000e+03 7.847152215121072416e+00
1.430000000000000000e+03 7.851135915146470801e+00
1.431000000000000000e+03 7.854901489823516769e+00
1.432000000000000000e+03 7.858401608407460159e+00
1.433000000000000000e+03 7.861582669428450743e+00
1.434000000000000000e+03 7.864393158838075770e+00
1.435000000000000000e+03 7.866792563141085992e+00
1.436000000000000000e+03 7.868757416694346141e+00
1.437000000000000000e+03 7.870283124283329990e+00
1.438000000000000000e+03 7.871380755706487875e+00
1.439000000000000000e+03 7.872070623814444446e+00
1.440000000000000000e+03 7.872374905717717475e+00
1.441000000000000000e+03 7.872312200708908136e+00
1.442000000000000000e+03 7.871896370546576094e+00
1.443000000000000000e+03 7.871139235331540362e+00
1.444000000000000000e+03 7.870055499687223843e+00
1.445000000000000000e+03 7.868667695139316187e+00
1.446000000000000000e+03 7.867009175601898718e+00
1.447000000000000000e+03 7.865123872767413538e+00
1.448000000000000000e+03 7.863063981024408733e+00
1.449000000000000000e+03 7.860886258740315213e+00
1.450000000000000000e+03 7.858648232478918416e+00
1.451000000000000000e+03 7.856405626282137789e+00
1.452000000000000000e+03 7.854210650045956754e+00
1.453000000000000000e+03 7.852111310573725689e+00
1.454000000000000000e+03 7.850150538377226539e+00
1.455000000000000000e+03 7.848364980194800999e+00
1.456000000000000000e+03 7.846783905040202178e+00
1.457000000000000000e+03 7.845428835171969872e+00
1.458000000000000000e+03 7.844314177285171219e+00
1.459000000000000000e+03 7.843448611526257608e+00
1.460000000000000000e+03 7.842836886471532765e+00
1.461000000000000000e+03 7.842482400999678305e+00
1.462000000000000000e+03 7.842390705687399155e+00
1.463000000000000000e+03 7.842573591401424515e+00
1.464000000000000000e+03 7.843051989090588094e+00
1.465000000000000000e+03 7.843856259238929596e+00
1.466000000000000000e+03 7.845023857781416865e+00
1.467000000000000000e+03 7.846595287756899850e+00
1.468000000000000000e+03 7.848609853961125538e+00
1.469000000000000000e+03 7.851102091738463074e+00
1.470000000000000000e+03 7.854098238282718469e+00
1.471000000000000000e+03 7.857612388042123364e+00
1.472000000000000000e+03 7.861642746399398085e+00
1.473000000000000000e+03 7.866167951129570568e+00
1.474000000000000000e+03 7.871144673403478009e+00
1.475000000000000000e+03 7.876507862239748192e+00
1.476000000000000000e+03 7.882173974830037011e+00
1.477000000000000000e+03 7.888047711266550799e+00
1.478000000000000000e+03 7.894031692884494689e+00
1.479000000000000000e+03 7.900037679158010917e+00
1.480000000000000000e+03 7.905997203451468280e+00
1.481000000000000000e+03 7.911869171182404514e+00
1.482000000000000000e+03 7.917642158063745939e+00
1.483000000000000000e+03 7.923330783208130335e+00
1.484000000000000000e+03 7.928968217011894914e+00
1.485000000000000000e+03 7.934597294814068391e+00
1.486000000000000000e+03 7.940262613265189451e+00
1.487000000000000000e+03 7.946004243853795224e+00
1.488000000000000000e+03 7.951853035601999409e+00
1.489000000000000000e+03 7.957828006084104011e+00
1.490000000000000000e+03 7.963935536699982443e+00
1.491000000000000000e+03 7.970169837463981111e+00
1.492000000000000000e+03 7.976514265908936530e+00
1.493000000000000000e+03 7.982942881377589117e+00
1.494000000000000000e+03 7.989421526651114824e+00
1.495000000000000000e+03 7.995910066249647841e+00
1.496000000000000000e+03 8.002366360367247466e+00
1.497000000000000000e+03 8.008751929275501169e+00
1.498000000000000000e+03 8.015036936162891479e+00
1.499000000000000000e+03 8.021202867188014451e+00
1.500000000000000000e+03 8.027242158205059042e+00
1.501000000000000000e+03 8.033155029528767699e+00
1.502000000000000000e+03 8.038945562678236456e+00
1.503000000000000000e+03 8.044617885230064047e+00
1.504000000000000000e+03 8.050173685231428067e+00
1.505000000000000000e+03 8.055611093105710552e+00
1.506000000000000000e+03 8.060925018346146942e+00
1.507000000000000000e+03 8.066107883087445529e+00
1.508000000000000000e+03 8.071149799758380539e+00
1.509000000000000000e+03 8.076038516401585099e+00
1.510000000000000000e+03 8.080758688892359487e+00
1.511000000000000000e+03 8.085290760688755185e+00
1.512000000000000000e+03 8.089610754945805837e+00
1.513000000000000000e+03 8.093691124053934871e+00
1.514000000000000000e+03 8.097504097890432462e+00
1.515000000000000000e+03 8.101027627281311538e+00
1.516000000000000000e+03 8.104251232633565394e+00
1.517000000000000000e+03 8.107178284435768489e+00
1.518000000000000000e+03 8.109822625499568005e+00
1.519000000000000000e+03 8.112202057711664693e+00
1.520000000000000000e+03 8.114333783890529617e+00
1.521000000000000000e+03 8.116234161139193048e+00
1.522000000000000000e+03 8.117921684831102880e+00
1.523000000000000000e+03 8.119420590659487402e+00
1.524000000000000000e+03 8.120763161527330354e+00
1.525000000000000000e+03 8.121989896429646194e+00
1.526000000000000000e+03 8.123148040825959981e+00
1.527000000000000000e+03 8.124289248177722911e+00
1.528000000000000000e+03 8.125465811012809070e+00
1.529000000000000000e+03 8.126725957277283641e+00
1.530000000000000000e+03 8.128109726699790372e+00
1.531000000000000000e+03 8.129647847785541614e+00
1.532000000000000000e+03 8.131365300483372138e+00
1.533000000000000000e+03 8.133288557452981848e+00
1.534000000000000000e+03 8.135452780546064133e+00
1.535000000000000000e+03 8.137903980701420181e+00
1.536000000000000000e+03 8.140694506142393649e+00
1.537000000000000000e+03 8.143875249434138652e+00
1.538000000000000000e+03 8.147489013545364145e+00
1.539000000000000000e+03 8.151565537113532045e+00
1.540000000000000000e+03 8.156117366199296725e+00
1.541000000000000000e+03 8.161135562034779412e+00
1.542000000000000000e+03 8.166586302058826519e+00
1.543000000000000000e+03 8.172410754058796911e+00
1.544000000000000000e+03 8.178530950009349709e+00
1.545000000000000000e+03 8.184861837031624177e+00
1.546000000000000000e+03 8.191324290958174714e+00
1.547000000000000000e+03 8.197851995206329789e+00
1.548000000000000000e+03 8.204391577546752856e+00
1.549000000000000000e+03 8.210901055508223578e+00
1.550000000000000000e+03 8.217350695305052355e+00
1.551000000000000000e+03 8.223726008974661994e+00
1.552000000000000000e+03 8.230029743783791929e+00
1.553000000000000000e+03 8.236281138220984843e+00
1.554000000000000000e+03 8.242512187066846963e+00
1.555000000000000000e+03 8.248761982753052280e+00
1.556000000000000000e+03 8.255071517079787924e+00
1.557000000000000000e+03 8.261480340648894583e+00
1.558000000000000000e+03 8.268024260066484388e+00
1.559000000000000000e+03 8.274733710336359849e+00
1.560000000000000000e+03 8.281631403154023019e+00
1.561000000000000000e+03 8.288729983567822757e+00
1.562000000000000000e+03 8.296030377927451127e+00
1.563000000000000000e+03 8.303522169088079607e+00
1.564000000000000000e+03 8.311185873004443891e+00
1.565000000000000000e+03 8.318996551524305616e+00
1.566000000000000000e+03 8.326927697177742616e+00
1.567000000000000000e+03 8.334953809414200165e+00
1.568000000000000000e+03 8.343051788814040748e+00
1.569000000000000000e+03 8.351202360497845589e+00
1.570000000000000000e+03 8.359392459957977195e+00
1.571000000000000000e+03 8.367618948273179313e+00
1.572000000000000000e+03 8.375892635042704981e+00
1.573000000000000000e+03 8.384240415488136478e+00
1.574000000000000000e+03 8.392704171607125119e+00
1.575000000000000000e+03 8.401336327948461857e+00
1.576000000000000000e+03 8.410193867092768727e+00
1.577000000000000000e+03 8.419332747526498295e+00
1.578000000000000000e+03 8.428803592337692052e+00
1.579000000000000000e+03 8.438648398239790183e+00
1.580000000000000000e+03 8.448897548240728028e+00
1.581000000000000000e+03 8.459566908539811081e+00
1.582000000000000000e+03 8.470656025745785911e+00
1.583000000000000000e+03 8.482147877071980702e+00
1.584000000000000000e+03 8.494011367897218889e+00
1.585000000000000000e+03 8.506206736642116795e+00
1.586000000000000000e+03 8.518692389219683747e+00
1.587000000000000000e+03 8.531430720737901652e+00
1.588000000000000000e+03 8.544390423681086588e+00
1.589000000000000000e+03 8.557545834874641599e+00
1.590000000000000000e+03 8.570874048668493117e+00
1.591000000000000000e+03 8.584351591922519731e+00
1.592000000000000000e+03 8.597951528227532947e+00
1.593000000000000000e+03 8.611641452187893009e+00
1.594000000000000000e+03 8.625382747234240810e+00
1.595000000000000000e+03 8.639131062875652134e+00
1.596000000000000000e+03 8.652837964202218402e+00
1.597000000000000000e+03 8.666452982427585994e+00
1.598000000000000000e+03 8.679925703914097568e+00
1.599000000000000000e+03 8.693208371933277334e+00
1.600000000000000000e+03 8.706259533529607353e+00
1.601000000000000000e+03 8.719048768205023947e+00
1.602000000000000000e+03 8.731561171715810588e+00
1.603000000000000000e+03 8.743799649732203250e+00
1.604000000000000000e+03 8.755783872869123741e+00
1.605000000000000000e+03 8.767546693081214926e+00
1.606000000000000000e+03 8.779129337402359567e+00
1.607000000000000000e+03 8.790576744674357457e+00
1.608000000000000000e+03 8.801933481182359742e+00
1.609000000000000000e+03 8.813241016458256638e+00
1.610000000000000000e+03 8.824537341093638076e+00
1.611000000000000000e+03 8.835858479495628970e+00
1.612000000000000000e+03 8.847240629552441504e+00
1.613000000000000000e+03 8.858721941809825751e+00
1.614000000000000000e+03 8.870341873802075838e+00
1.615000000000000000e+03 8.882138438185084084e+00
1.616000000000000000e+03 8.894143666438562690e+00
1.617000000000000000e+03 8.906379344709876023e+00
1.618000000000000000e+03 8.918853139390424900e+00
1.619000000000000000e+03 8.931555584960765515e+00
1.620000000000000000e+03 8.944457506267646352e+00
1.621000000000000000e+03 8.957508381039113843e+00
1.622000000000000000e+03 8.970636487715600182e+00
1.623000000000000000e+03 8.983752143452871763e+00
1.624000000000000000e+03 8.996753771569204972e+00
1.625000000000000000e+03 9.009535757042190340e+00
1.626000000000000000e+03 9.021996606402673535e+00
1.627000000000000000e+03 9.034046480371372922e+00
1.628000000000000000e+03 9.045613858736757606e+00
1.629000000000000000e+03 9.056649439754488995e+00
1.630000000000000000e+03 9.067126775567137642e+00
1.631000000000000000e+03 9.077039407521354519e+00
1.632000000000000000e+03 9.086396511688143107e+00
1.633000000000000000e+03 9.095219323432546688e+00
1.634000000000000000e+03 9.103540223142331911e+00
1.635000000000000000e+03 9.111404849489908031e+00
1.636000000000000000e+03 9.118875226094067088e+00
1.637000000000000000e+03 9.126031415887769782e+00
1.638000000000000000e+03 9.132968839111248016e+00
1.639000000000000000e+03 9.139790773786295119e+00
1.640000000000000000e+03 9.146597330447043817e+00
1.641000000000000000e+03 9.153474040066271300e+00
1.642000000000000000e+03 9.160483441848704445e+00
1.643000000000000000e+03 9.167660927922771208e+00
1.644000000000000000e+03 9.175015214622076698e+00
1.645000000000000000e+03 9.182533055309267667e+00
1.646000000000000000e+03 9.190186047535458869e+00
1.647000000000000000e+03 9.197938818911534753e+00
1.648000000000000000e+03 9.205756908016063278e+00
1.649000000000000000e+03 9.213612864516814938e+00
1.650000000000000000e+03 9.221488858723672521e+00
1.651000000000000000e+03 9.229375818223932271e+00
1.652000000000000000e+03 9.237269494740534270e+00
1.653000000000000000e+03 9.245165221260123189e+00
1.654000000000000000e+03 9.253053026129792968e+00
1.655000000000000000e+03 9.260915077411787877e+00
1.656000000000000000e+03 9.268725178465729186e+00
1.657000000000000000e+03 9.276450228960884559e+00
1.658000000000000000e+03 9.284052853426192797e+00
1.659000000000000000e+03 9.291494662794530512e+00
1.660000000000000000e+03 9.298739882629073250e+00
1.661000000000000000e+03 9.305758008455402575e+00
1.662000000000000000e+03 9.312525031260783237e+00
1.663000000000000000e+03 9.319023383352067924e+00
1.664000000000000000e+03 9.325240710650806619e+00
1.665000000000000000e+03 9.331168164642152263e+00
1.666000000000000000e+03 9.336799262057720483e+00
1.667000000000000000e+03 9.342130543691908429e+00
1.668000000000000000e+03 9.347163611756842627e+00
1.669000000000000000e+03 9.351907486379056778e+00
1.670000000000000000e+03 9.356380169029417715e+00
1.671000000000000000e+03 9.360607566157920445e+00
1.672000000000000000e+03 9.364619493091527858e+00
1.673000000000000000e+03 9.368443607633835768e+00
1.674000000000000000e+03 9.372099974631202812e+00
1.675000000000000000e+03 9.375600807769075118e+00
1.676000000000000000e+03 9.378956623368926770e+00
1.677000000000000000e+03 9.382184810903503092e+00
1.678000000000000000e+03 9.385315533694157608e+00
1.679000000000000000e+03 9.388392858648423100e+00
1.680000000000000000e+03 9.391471139631144993e+00
1.681000000000000000e+03 9.394608832527509890e+00
1.682000000000000000e+03 9.397861644828218175e+00
1.683000000000000000e+03 9.401276701763864097e+00
1.684000000000000000e+03 9.404889441824543894e+00
1.685000000000000000e+03 9.408723084566815942e+00
1.686000000000000000e+03 9.412790339357290037e+00
1.687000000000000000e+03 9.417097109505213837e+00
1.688000000000000000e+03 9.421646355031750630e+00
1.689000000000000000e+03 9.426441319312937495e+00
1.690000000000000000e+03 9.431487419186751708e+00
1.691000000000000000e+03 9.436792639710478880e+00
1.692000000000000000e+03 9.442366632294330486e+00
1.693000000000000000e+03 9.448217973005245796e+00
1.694000000000000000e+03 9.454349734817272477e+00
1.695000000000000000e+03 9.460754664303950179e+00
1.696000000000000000e+03 9.467411586801205203e+00
1.697000000000000000e+03 9.474285352579411068e+00
1.698000000000000000e+03 9.481330906318291341e+00
1.699000000000000000e+03 9.488499800222722769e+00
1.700000000000000000e+03 9.495746433131207809e+00
1.701000000000000000e+03 9.503031416290852462e+00
1.702000000000000000e+03 9.510321445737183410e+00
1.703000000000000000e+03 9.517586536932608254e+00
1.704000000000000000e+03 9.524797260213251349e+00
1.705000000000000000e+03 9.531923418703685869e+00
1.706000000000000000e+03 9.538935709826860787e+00
1.707000000000000000e+03 9.545810209672012547e+00
1.708000000000000000e+03 9.552533851703248757e+00
1.709000000000000000e+03 9.559108591567566648e+00
1.710000000000000000e+03 9.565553128710829967e+00
1.711000000000000000e+03 9.571902004211171544e+00
1.712000000000000000e+03 9.578203168264536771e+00
1.713000000000000000e+03 9.584514467768652679e+00
1.714000000000000000e+03 9.590899513327883597e+00
1.715000000000000000e+03 9.597423062239695213e+00
1.716000000000000000e+03 9.604146516920778254e+00
1.717000000000000000e+03 9.611124286080624302e+00
1.718000000000000000e+03 9.618401011977375958e+00
1.719000000000000000e+03 9.626009549960986789e+00
1.720000000000000000e+03 9.633969634041976704e+00
1.721000000000000000e+03 9.642287538475105890e+00
1.722000000000000000e+03 9.650956094330439328e+00
1.723000000000000000e+03 9.659955026577351944e+00
1.724000000000000000e+03 9.669251776843188040e+00
1.725000000000000000e+03 9.678802377677522273e+00
1.726000000000000000e+03 9.688552439758755241e+00
1.727000000000000000e+03 9.698437576016027961e+00
1.728000000000000000e+03 9.708382900546059346e+00
1.729000000000000000e+03 9.718302055370109827e+00
1.730000000000000000e+03 9.728098178573926447e+00
1.731000000000000000e+03 9.737669767088188877e+00
1.732000000000000000e+03 9.746923547205694760e+00
1.733000000000000000e+03 9.755790412885239959e+00
1.734000000000000000e+03 9.764235368547392824e+00
1.735000000000000000e+03 9.772255262361461803e+00
1.736000000000000000e+03 9.779866831915338565e+00
1.737000000000000000e+03 9.787094196796630285e+00
1.738000000000000000e+03 9.793960551530636494e+00
1.739000000000000000e+03 9.800484979483790937e+00
1.740000000000000000e+03 9.806683780816758400e+00
1.741000000000000000e+03 9.812574715233044031e+00
1.742000000000000000e+03 9.818182050586273135e+00
1.743000000000000000e+03 9.823539538368029511e+00
1.744000000000000000e+03 9.828690640148105118e+00
1.745000000000000000e+03 9.833687077248129071e+00
1.746000000000000000e+03 9.838587248920507733e+00
1.747000000000000000e+03 9.843454955599266754e+00
1.748000000000000000e+03 9.848357660872622432e+00
1.749000000000000000e+03 9.853364214041114622e+00
1.750000000000000000e+03 9.858541587772034376e+00
1.751000000000000000e+03 9.863951007016630967e+00
1.752000000000000000e+03 9.869644197898466587e+00
1.753000000000000000e+03 9.875659997495695563e+00
1.754000000000000000e+03 9.882022586294551658e+00
1.755000000000000000e+03 9.888741436584892242e+00
1.756000000000000000e+03 9.895811671431363976e+00
1.757000000000000000e+03 9.903213769012545242e+00
1.758000000000000000e+03 9.910912105139164652e+00
1.759000000000000000e+03 9.918853830231803670e+00
1.760000000000000000e+03 9.926970195864454283e+00
1.761000000000000000e+03 9.935180721685490823e+00
1.762000000000000000e+03 9.943398694816078631e+00
1.763000000000000000e+03 9.951535980368923617e+00
1.764000000000000000e+03 9.959505927257907842e+00
1.765000000000000000e+03 9.967225227835571744e+00
1.766000000000000000e+03 9.974614964178876164e+00
1.767000000000000000e+03 9.981601533206980292e+00
1.768000000000000000e+03 9.988118440534041298e+00
1.769000000000000000e+03 9.994109202103054201e+00
1.770000000000000000e+03 9.999531225075877217e+00
1.771000000000000000e+03 1.000436012257315532e+01
1.772000000000000000e+03 1.000859252786648135e+01
1.773000000000000000e+03 1.001224556101679042e+01
1.774000000000000000e+03 1.001535252813885180e+01
1.775000000000000000e+03 1.001795638231798335e+01
1.776000000000000000e+03 1.002010316375644550e+01
1.777000000000000000e+03 1.002183800433573779e+01
1.778000000000000000e+03 1.002320437752018201e+01
1.779000000000000000e+03 1.002424687554296767e+01
1.780000000000000000e+03 1.002501554441372456e+01
1.781000000000000000e+03 1.002557020106795704e+01
1.782000000000000000e+03 1.002598312236531974e+01
1.783000000000000000e+03 1.002633904651132468e+01
1.784000000000000000e+03 1.002673236443450122e+01
1.785000000000000000e+03 1.002726207439915029e+01
1.786000000000000000e+03 1.002802514430783987e+01
1.787000000000000000e+03 1.002910881270668852e+01
1.788000000000000000e+03 1.003058380432520913e+01
1.789000000000000000e+03 1.003249968452037066e+01
1.790000000000000000e+03 1.003488288313574017e+01
1.791000000000000000e+03 1.003773746743485162e+01
1.792000000000000000e+03 1.004104795374384906e+01
1.793000000000000000e+03 1.004478254971976803e+01
1.794000000000000000e+03 1.004889617744304964e+01
1.795000000000000000e+03 1.005333264770335511e+01
1.796000000000000000e+03 1.005802597217518368e+01
1.797000000000000000e+03 1.006290152291274609e+01
1.798000000000000000e+03 1.006787770091762013e+01
1.799000000000000000e+03 1.007286875664948944e+01
1.800000000000000000e+03 1.007778832889329834e+01
1.801000000000000000e+03 1.008255365182966656e+01
1.802000000000000000e+03 1.008708896346228201e+01
1.803000000000000000e+03 1.009132764529862669e+01
1.804000000000000000e+03 1.009521332042242570e+01
1.805000000000000000e+03 1.009870017602299264e+01
1.806000000000000000e+03 1.010175196786445007e+01
1.807000000000000000e+03 1.010433910539006419e+01
1.808000000000000000e+03 1.010643534126877618e+01
1.809000000000000000e+03 1.010801658363299182e+01
1.810000000000000000e+03 1.010906377151495406e+01
1.811000000000000000e+03 1.010956936945592410e+01
1.812000000000000000e+03 1.010954364891407131e+01
1.813000000000000000e+03 1.010901748898978525e+01
1.814000000000000000e+03 1.010804090392008270e+01
1.815000000000000000e+03 1.010667915584329180e+01
1.816000000000000000e+03 1.010500867714015349e+01
1.817000000000000000e+03 1.010311548169013385e+01
1.818000000000000000e+03 1.010109515247377665e+01
1.819000000000000000e+03 1.009905423552381976e+01
1.820000000000000000e+03 1.009711096154196852e+01
1.821000000000000000e+03 1.009539424510009553e+01
1.822000000000000000e+03 1.009403995490914419e+01
1.823000000000000000e+03 1.009318388741599826e+01
1.824000000000000000e+03 1.009295172726973533e+01
1.825000000000000000e+03 1.009344755272887717e+01
1.826000000000000000e+03 1.009474312631193982e+01
1.827000000000000000e+03 1.009687012995760469e+01
1.828000000000000000e+03 1.009981647638512570e+01
1.829000000000000000e+03 1.010352743997402669e+01
1.830000000000000000e+03 1.010791190388309957e+01
1.831000000000000000e+03 1.011285300728939163e+01
1.832000000000000000e+03 1.011822159914338570e+01
1.833000000000000000e+03 1.012388897588829195e+01
1.834000000000000000e+03 1.012973675185161859e+01
1.835000000000000000e+03 1.013566237839804884e+01
1.836000000000000000e+03 1.014158118426477451e+01
1.837000000000000000e+03 1.014742580421919449e+01
1.838000000000000000e+03 1.015314474738548256e+01
1.839000000000000000e+03 1.015870252955324204e+01
1.840000000000000000e+03 1.016408215320830877e+01
1.841000000000000000e+03 1.016928990144310774e+01
1.842000000000000000e+03 1.017436031033837374e+01
1.843000000000000000e+03 1.017935916060011259e+01
1.844000000000000000e+03 1.018438135479245865e+01
1.845000000000000000e+03 1.018954364388089218e+01
1.846000000000000000e+03 1.019497292818306633e+01
1.847000000000000000e+03 1.020079247509976739e+01
1.848000000000000000e+03 1.020710997876171433e+01
1.849000000000000000e+03 1.021400849640129493e+01
1.850000000000000000e+03 1.022154101486980871e+01
1.851000000000000000e+03 1.022972759485899452e+01
1.852000000000000000e+03 1.023855403719079682e+01
1.853000000000000000e+03 1.024797155324030484e+01
1.854000000000000000e+03 1.025789702018688132e+01
1.855000000000000000e+03 1.026821455199785937e+01
1.856000000000000000e+03 1.027877981459561774e+01
1.857000000000000000e+03 1.028942733310812230e+01
1.858000000000000000e+03 1.029998155922213599e+01
1.859000000000000000e+03 1.031027016281841391e+01
1.860000000000000000e+03 1.032013694647365476e+01
1.861000000000000000e+03 1.032945092594487413e+01
1.862000000000000000e+03 1.033811134288926681e+01
1.863000000000000000e+03 1.034604865087498737e+01
1.864000000000000000e+03 1.035322285559518818e+01
1.865000000000000000e+03 1.035962104517712490e+01
1.866000000000000000e+03 1.036525440939931642e+01
1.867000000000000000e+03 1.037015575351486874e+01
1.868000000000000000e+03 1.037437648889841668e+01
1.869000000000000000e+03 1.037798170070214354e+01
1.870000000000000000e+03 1.038104307716401919e+01
1.871000000000000000e+03 1.038363067573046372e+01
1.872000000000000000e+03 1.038580594563741144e+01
1.873000000000000000e+03 1.038761795184273140e+01
1.874000000000000000e+03 1.038910344376009220e+01
1.875000000000000000e+03 1.039028994791769556e+01
1.876000000000000000e+03 1.039120030597513988e+01
1.877000000000000000e+03 1.039185705218702260e+01
1.878000000000000000e+03 1.039228584067959815e+01
1.879000000000000000e+03 1.039251696646693901e+01
1.880000000000000000e+03 1.039258471456872002e+01
1.881000000000000000e+03 1.039252495229641582e+01
1.882000000000000000e+03 1.039237188733546091e+01
1.883000000000000000e+03 1.039215528494625929e+01
1.884000000000000000e+03 1.039189991889136877e+01
1.885000000000000000e+03 1.039162809664928133e+01
1.886000000000000000e+03 1.039136451281724938e+01
1.887000000000000000e+03 1.039114185346940999e+01
1.888000000000000000e+03 1.039100539870625006e+01
1.889000000000000000e+03 1.039101473603324521e+01
1.890000000000000000e+03 1.039124085806065168e+01
1.891000000000000000e+03 1.039175909921630847e+01
1.892000000000000000e+03 1.039264022006535271e+01
1.893000000000000000e+03 1.039394264317704852e+01
1.894000000000000000e+03 1.039570861296832582e+01
1.895000000000000000e+03 1.039796428652315718e+01
1.896000000000000000e+03 1.040072207186663178e+01
1.897000000000000000e+03 1.040398433244995857e+01
1.898000000000000000e+03 1.040774694161691372e+01
1.899000000000000000e+03 1.041200198022579393e+01
1.900000000000000000e+03 1.041673943782493161e+01
1.901000000000000000e+03 1.042194722470110868e+01
1.902000000000000000e+03 1.042760961619667093e+01
1.903000000000000000e+03 1.043370506168549028e+01
1.904000000000000000e+03 1.044020391242472989e+01
1.905000000000000000e+03 1.044706664718779621e+01
1.906000000000000000e+03 1.045424278373855032e+01
1.907000000000000000e+03 1.046167111879170264e+01
1.908000000000000000e+03 1.046928194835861348e+01
1.909000000000000000e+03 1.047700186011751988e+01
1.910000000000000000e+03 1.048476129891983888e+01
1.911000000000000000e+03 1.049250386420187908e+01
1.912000000000000000e+03 1.050019421455083446e+01
1.913000000000000000e+03 1.050782106862170906e+01
1.914000000000000000e+03 1.051539523189418723e+01
1.915000000000000000e+03 1.052294492240835311e+01
1.916000000000000000e+03 1.053050939049748003e+01
1.917000000000000000e+03 1.053813233535969118e+01
1.918000000000000000e+03 1.054585581410565531e+01
1.919000000000000000e+03 1.055371551052926904e+01
1.920000000000000000e+03 1.056173711139291171e+01
1.921000000000000000e+03 1.056993273276006207e+01
1.922000000000000000e+03 1.057829786292103869e+01
1.923000000000000000e+03 1.058681053729990573e+01
1.924000000000000000e+03 1.059543469069546795e+01
1.925000000000000000e+03 1.060412755934931894e+01
1.926000000000000000e+03 1.061284919247612279e+01
1.927000000000000000e+03 1.062157133558082656e+01
1.928000000000000000e+03 1.063028365368820616e+01
1.929000000000000000e+03 1.063899632715062182e+01
1.930000000000000000e+03 1.064773961885597231e+01
1.931000000000000000e+03 1.065656156791199294e+01
1.932000000000000000e+03 1.066552341876599996e+01
1.933000000000000000e+03 1.067469263547274672e+01
1.934000000000000000e+03 1.068413486081003327e+01
1.935000000000000000e+03 1.069390514235020007e+01
1.936000000000000000e+03 1.070404082664996537e+01
1.937000000000000000e+03 1.071455557517162305e+01
1.938000000000000000e+03 1.072543519325546413e+01
1.939000000000000000e+03 1.073663560148746221e+01
1.940000000000000000e+03 1.074808336842663259e+01
1.941000000000000000e+03 1.075967972888044066e+01
1.942000000000000000e+03 1.077130797552492503e+01
1.943000000000000000e+03 1.078284329554645637e+01
1.944000000000000000e+03 1.079416332474662710e+01
1.945000000000000000e+03 1.080515763506658189e+01
1.946000000000000000e+03 1.081573439898993882e+01
1.947000000000000000e+03 1.082582358615863605e+01
1.948000000000000000e+03 1.083537632350257596e+01
1.949000000000000000e+03 1.084436181758427153e+01
1.950000000000000000e+03 1.085276354858893377e+01
1.951000000000000000e+03 1.086057679963867884e+01
1.952000000000000000e+03 1.086780929569682641e+01
1.953000000000000000e+03 1.087448448038963811e+01
1.954000000000000000e+03 1.088064525670054117e+01
1.955000000000000000e+03 1.088635646286356184e+01
1.956000000000000000e+03 1.089170463227014984e+01
1.957000000000000000e+03 1.089679409002857291e+01
1.958000000000000000e+03 1.090173905413390898e+01
1.959000000000000000e+03 1.090665319187231219e+01
1.960000000000000000e+03 1.091163971850598813e+01
1.961000000000000000e+03 1.091678447262217944e+01
1.962000000000000000e+03 1.092215303166381801e+01
1.963000000000000000e+03 1.092779124598035345e+01
1.964000000000000000e+03 1.093372675347134049e+01
1.965000000000000000e+03 1.093997062834547407e+01
1.966000000000000000e+03 1.094651943770922919e+01
1.967000000000000000e+03 1.095335795939264223e+01
1.968000000000000000e+03 1.096046181473636771e+01
1.969000000000000000e+03 1.096779931415538911e+01
1.970000000000000000e+03 1.097533220241977325e+01
1.971000000000000000e+03 1.098301427217549886e+01
1.972000000000000000e+03 1.099078848906828476e+01
1.973000000000000000e+03 1.099858447230141145e+01
1.974000000000000000e+03 1.100631840399578820e+01
1.975000000000000000e+03 1.101389626400512434e+01
1.976000000000000000e+03 1.102122059166981138e+01
1.977000000000000000e+03 1.102820070074782066e+01
1.978000000000000000e+03 1.103476511253611747e+01
1.979000000000000000e+03 1.104087265756731995e+01
1.980000000000000000e+03 1.104651890265750858e+01
1.981000000000000000e+03 1.105173574589076679e+01
1.982000000000000000e+03 1.105658456040962712e+01
1.983000000000000000e+03 1.106114642469593790e+01
1.984000000000000000e+03 1.106551200777223087e+01
1.985000000000000000e+03 1.106977389704614190e+01
1.986000000000000000e+03 1.107402159644427542e+01
1.987000000000000000e+03 1.107833882519582502e+01
1.988000000000000000e+03 1.108280269785885075e+01
1.989000000000000000e+03 1.108748358926156286e+01
1.990000000000000000e+03 1.109244400005339060e+01
1.991000000000000000e+03 1.109773795298188226e+01
1.992000000000000000e+03 1.110341104767623222e+01
1.993000000000000000e+03 1.110950263866754639e+01
1.994000000000000000e+03 1.111604919539760061e+01
1.995000000000000000e+03 1.112308639122446152e+01
1.996000000000000000e+03 1.113064790231751644e+01
1.997000000000000000e+03 1.113875932390722845e+01
1.998000000000000000e+03 1.114742910139917598e+01
1.999000000000000000e+03 1.115664021808074757e+01
2.000000000000000000e+03 1.116634712195755696e+01
2.001000000000000000e+03 1.117647900483978951e+01
2.002000000000000000e+03 1.118694684682944640e+01
2.003000000000000000e+03 1.119765151806292636e+01
2.004000000000000000e+03 1.120849164567418299e+01
2.005000000000000000e+03 1.121937198363755783e+01
2.006000000000000000e+03 1.123021119637173726e+01
2.007000000000000000e+03 1.124094721954120502e+01
2.008000000000000000e+03 1.125153778518613734e+01
2.009000000000000000e+03 1.126195595438423780e+01
2.010000000000000000e+03 1.127218242814841176e+01
2.011000000000000000e+03 1.128219768611756990e+01
2.012000000000000000e+03 1.129197646952248135e+01
2.013000000000000000e+03 1.130148593969851945e+01
2.014000000000000000e+03 1.131068841325519614e+01
2.015000000000000000e+03 1.131954892419111403e+01
2.016000000000000000e+03 1.132804409768575482e+01
2.017000000000000000e+03 1.133616919016501079e+01
2.018000000000000000e+03 1.134393958505626010e+01
2.019000000000000000e+03 1.135138711383301846e+01
2.020000000000000000e+03 1.135855454542223697e+01
2.021000000000000000e+03 1.136549118636163236e+01
2.022000000000000000e+03 1.137225086359591586e+01
2.023000000000000000e+03 1.137889126589765532e+01
2.024000000000000000e+03 1.138547348417430349e+01
2.025000000000000000e+03 1.139206017412598904e+01
2.026000000000000000e+03 1.139871285194128347e+01
2.027000000000000000e+03 1.140548857146176687e+01
2.028000000000000000e+03 1.141243706041061401e+01
2.029000000000000000e+03 1.141959845474370638e+01
2.030000000000000000e+03 1.142700206696592424e+01
2.031000000000000000e+03 1.143466595009895492e+01
2.032000000000000000e+03 1.144259723924188066e+01
2.033000000000000000e+03 1.145079357214050475e+01
2.034000000000000000e+03 1.145924625072647629e+01
2.035000000000000000e+03 1.146794381493635839e+01
2.036000000000000000e+03 1.147687532189526749e+01
2.037000000000000000e+03 1.148603238346058042e+01
2.038000000000000000e+03 1.149540945087283106e+01
2.039000000000000000e+03 1.150500339420134033e+01
2.040000000000000000e+03 1.151481271026412223e+01
2.041000000000000000e+03 1.152483585013135325e+01
2.042000000000000000e+03 1.153506903903437575e+01
2.043000000000000000e+03 1.154550298752528370e+01
2.044000000000000000e+03 1.155611756184628547e+01
2.045000000000000000e+03 1.156687498839172079e+01
2.046000000000000000e+03 1.157771318238911462e+01
2.047000000000000000e+03 1.158854147152265668e+01
2.048000000000000000e+03 1.159924122167981508e+01
2.049000000000000000e+03 1.160967287256545433e+01
2.050000000000000000e+03 1.161969042409288200e+01
2.051000000000000000e+03 1.162916274762095981e+01
2.052000000000000000e+03 1.163799787220163395e+01
2.053000000000000000e+03 1.164616421336207353e+01
2.054000000000000000e+03 1.165370116140650047e+01
2.055000000000000000e+03 1.166071485016193421e+01
2.056000000000000000e+03 1.166736080356379723e+01
2.057000000000000000e+03 1.167382171531347446e+01
2.058000000000000000e+03 1.168028714249013689e+01
2.059000000000000000e+03 1.168693790768825913e+01
2.060000000000000000e+03 1.169393533594125145e+01
2.061000000000000000e+03 1.170141438710576942e+01
2.062000000000000000e+03 1.170948010830895214e+01
2.063000000000000000e+03 1.171820514183024109e+01
2.064000000000000000e+03 1.172762548637395774e+01
2.065000000000000000e+03 1.173773360808393207e+01
2.066000000000000000e+03 1.174847158792468171e+01
2.067000000000000000e+03 1.175973088520855114e+01
2.068000000000000000e+03 1.177136319308327117e+01
2.069000000000000000e+03 1.178319915212265201e+01
2.070000000000000000e+03 1.179506749549917544e+01
2.071000000000000000e+03 1.180680753085965051e+01
2.072000000000000000e+03 1.181827408639849253e+01
2.073000000000000000e+03 1.182933757848332768e+01
2.074000000000000000e+03 1.183988258398314919e+01
2.075000000000000000e+03 1.184980737376866777e+01
2.076000000000000000e+03 1.185902565344975024e+01
2.077000000000000000e+03 1.186747067658331289e+01
2.078000000000000000e+03 1.187510009116155274e+01
2.079000000000000000e+03 1.188189958167893145e+01
2.080000000000000000e+03 1.188788407609550646e+01
2.081000000000000000e+03 1.189309564178314460e+01
2.082000000000000000e+03 1.189759847354649835e+01
2.083000000000000000e+03 1.190147157403009714e+01
2.084000000000000000e+03 1.190480037676156222e+01
2.085000000000000000e+03 1.190766945495381357e+01
2.086000000000000000e+03 1.191015759038993060e+01
2.087000000000000000e+03 1.191233639492633856e+01
2.088000000000000000e+03 1.191427234810348423e+01
2.089000000000000000e+03 1.191603107954148655e+01
2.090000000000000000e+03 1.191768247713224227e+01
2.091000000000000000e+03 1.191930489389694969e+01
2.092000000000000000e+03 1.192098825178615229e+01
2.093000000000000000e+03 1.192283505628180684e+01
2.094000000000000000e+03 1.192495998263480317e+01
2.095000000000000000e+03 1.192748754911756848e+01
2.096000000000000000e+03 1.193054553409697149e+01
2.097000000000000000e+03 1.193425452386207652e+01
2.098000000000000000e+03 1.193871551030470002e+01
2.099000000000000000e+03 1.194399892875384062e+01
2.100000000000000000e+03 1.195013893674003214e+01
2.101000000000000000e+03 1.195713491401769346e+01
2.102000000000000000e+03 1.196495904114191333e+01
2.103000000000000000e+03 1.197356651096652413e+01
2.104000000000000000e+03 1.198290412953052453e+01
2.105000000000000000e+03 1.199291398453233271e+01
2.106000000000000000e+03 1.200353224745186509e+01
2.107000000000000000e+03 1.201468509050227595e+01
2.108000000000000000e+03 1.202628379540207604e+01
2.109000000000000000e+03 1.203822180803373243e+01
2.110000000000000000e+03 1.205037429211873601e+01
2.111000000000000000e+03 1.206260123067548662e+01
2.112000000000000000e+03 1.207475313798198968e+01
2.113000000000000000e+03 1.208667881915029163e+01
2.114000000000000000e+03 1.209823368293859502e+01
2.115000000000000000e+03 1.210928597004438956e+01
2.116000000000000000e+03 1.211971896338191179e+01
2.117000000000000000e+03 1.212942950553603083e+01
2.118000000000000000e+03 1.213832418233051236e+01
2.119000000000000000e+03 1.214631576080307696e+01
2.120000000000000000e+03 1.215332219422949045e+01
2.121000000000000000e+03 1.215926934552594219e+01
2.122000000000000000e+03 1.216409628514257335e+01
2.123000000000000000e+03 1.216776245413066171e+01
2.124000000000000000e+03 1.217025436410671801e+01
2.125000000000000000e+03 1.217158934131167491e+01
2.126000000000000000e+03 1.217181675324367163e+01
2.127000000000000000e+03 1.217101678883146931e+01
2.128000000000000000e+03 1.216929909827625167e+01
2.129000000000000000e+03 1.216680106539050321e+01
2.130000000000000000e+03 1.216368407537742158e+01
2.131000000000000000e+03 1.216012610178394659e+01
2.132000000000000000e+03 1.215631065595576743e+01
2.133000000000000000e+03 1.215241480142672970e+01
2.134000000000000000e+03 1.214859953489321498e+01
2.135000000000000000e+03 1.214500382925852406e+01
2.136000000000000000e+03 1.214174227173399956e+01
2.137000000000000000e+03 1.213890515686108884e+01
2.138000000000000000e+03 1.213655949963900227e+01
2.139000000000000000e+03 1.213475011057299291e+01
2.140000000000000000e+03 1.213350141188145059e+01
2.141000000000000000e+03 1.213281985135361474e+01
2.142000000000000000e+03 1.213269668253828826e+01
2.143000000000000000e+03 1.213311111658265773e+01
2.144000000000000000e+03 1.213403348642649604e+01
2.145000000000000000e+03 1.213542842913207664e+01
2.146000000000000000e+03 1.213725724547908591e+01
2.147000000000000000e+03 1.213947917322250092e+01
2.148000000000000000e+03 1.214205160743437339e+01
2.149000000000000000e+03 1.214493022619018348e+01
2.150000000000000000e+03 1.214806961012846109e+01
2.151000000000000000e+03 1.215142475366716468e+01
2.152000000000000000e+03 1.215495367469772603e+01
2.153000000000000000e+03 1.215862020433699087e+01
2.154000000000000000e+03 1.216239717863290792e+01
2.155000000000000000e+03 1.216626963669775918e+01
2.156000000000000000e+03 1.217023642835831154e+01
2.157000000000000000e+03 1.217430788564576183e+01
2.158000000000000000e+03 1.217849965023023984e+01
2.159000000000000000e+03 1.218282506778450625e+01
2.160000000000000000e+03 1.218728979982789085e+01
2.161000000000000000e+03 1.219189058928817637e+01
2.162000000000000000e+03 1.219661831781044015e+01
2.163000000000000000e+03 1.220146450841891195e+01
2.164000000000000000e+03 1.220642971282010691e+01
2.165000000000000000e+03 1.221153299545825277e+01
2.166000000000000000e+03 1.221681918126936139e+01
2.167000000000000000e+03 1.222236046874171933e+01
2.168000000000000000e+03 1.222825010821885350e+01
2.169000000000000000e+03 1.223458862563641603e+01
2.170000000000000000e+03 1.224146615467470767e+01
2.171000000000000000e+03 1.224894610880938473e+01
2.172000000000000000e+03 1.225705339085785184e+01
2.173000000000000000e+03 1.226577024045370479e+01
2.174000000000000000e+03 1.227503927662218430e+01
2.175000000000000000e+03 1.228477183201913547e+01
2.176000000000000000e+03 1.229485850221245080e+01
2.177000000000000000e+03 1.230517939783045911e+01
2.178000000000000000e+03 1.231561260051486428e+01
2.179000000000000000e+03 1.232604028626041881e+01
2.180000000000000000e+03 1.233635296560493444e+01
2.181000000000000000e+03 1.234645316348825617e+01
2.182000000000000000e+03 1.235625889752597217e+01
2.183000000000000000e+03 1.236570740065684859e+01
2.184000000000000000e+03 1.237475785579902166e+01
2.185000000000000000e+03 1.238339092331685265e+01
2.186000000000000000e+03 1.239160472653263412e+01
2.187000000000000000e+03 1.239940835326650337e+01
2.188000000000000000e+03 1.240681522402695691e+01
2.189000000000000000e+03 1.241383788281194356e+01
2.190000000000000000e+03 1.242048484468931591e+01
2.191000000000000000e+03 1.242675930996355049e+01
2.192000000000000000e+03 1.243265914314262766e+01
2.193000000000000000e+03 1.243817813311658327e+01
2.194000000000000000e+03 1.244330939279622328e+01
2.195000000000000000e+03 1.244805009783733318e+01
2.196000000000000000e+03 1.245240599157559380e+01
2.197000000000000000e+03 1.245639380714916555e+01
2.198000000000000000e+03 1.246004174317102198e+01
2.199000000000000000e+03 1.246338791576374838e+01
2.200000000000000000e+03 1.246647731894143973e+01
2.201000000000000000e+03 1.246935817531390001e+01
2.202000000000000000e+03 1.247207795688402854e+01
2.203000000000000000e+03 1.247468055471215820e+01
2.204000000000000000e+03 1.247720562798877708e+01
2.205000000000000000e+03 1.247969006032894868e+01
2.206000000000000000e+03 1.248216964538996265e+01
2.207000000000000000e+03 1.248467943017317339e+01
2.208000000000000000e+03 1.248725252258908824e+01
2.209000000000000000e+03 1.248991715787935597e+01
2.210000000000000000e+03 1.249269331776602066e+01
2.211000000000000000e+03 1.249558894305113554e+01
2.212000000000000000e+03 1.249859653351189870e+01
2.213000000000000000e+03 1.250169234944523566e+01
2.214000000000000000e+03 1.250483884956013014e+01
2.215000000000000000e+03 1.250799078960374011e+01
2.216000000000000000e+03 1.251110358730010041e+01
2.217000000000000000e+03 1.251414227185899719e+01
2.218000000000000000e+03 1.251708931877714370e+01
2.219000000000000000e+03 1.251995024690528879e+01
2.220000000000000000e+03 1.252275670699204113e+01
2.221000000000000000e+03 1.252556857750463948e+01
2.222000000000000000e+03 1.252847333980856348e+01
2.223000000000000000e+03 1.253157781532864412e+01
2.224000000000000000e+03 1.253499302613589350e+01
2.225000000000000000e+03 1.253881789247668621e+01
2.226000000000000000e+03 1.254312733589678608e+01
2.227000000000000000e+03 1.254796752243869307e+01
2.228000000000000000e+03 1.255335691085849170e+01
2.229000000000000000e+03 1.255929086100983838e+01
2.230000000000000000e+03 1.256574763044324605e+01
2.231000000000000000e+03 1.257269348518732954e+01
2.232000000000000000e+03 1.258008511728961309e+01
2.233000000000000000e+03 1.258786952704350526e+01
2.234000000000000000e+03 1.259598272588236512e+01
2.235000000000000000e+03 1.260434974479955805e+01
2.236000000000000000e+03 1.261288787125293709e+01
2.237000000000000000e+03 1.262151403964932150e+01
2.238000000000000000e+03 1.263015410355820123e+01
2.239000000000000000e+03 1.263875019266039779e+01
2.240000000000000000e+03 1.264726209205320018e+01
2.241000000000000000e+03 1.265566151331242750e+01
2.242000000000000000e+03 1.266392205123653447e+01
2.243000000000000000e+03 1.267201050505585513e+01
2.244000000000000000e+03 1.267988292107724746e+01
2.245000000000000000e+03 1.268748618580423937e+01
2.246000000000000000e+03 1.269476388355208840e+01
2.247000000000000000e+03 1.270166336396780338e+01
2.248000000000000000e+03 1.270814066884637406e+01
2.249000000000000000e+03 1.271416226333583666e+01
2.250000000000000000e+03 1.271970427483637778e+01
2.251000000000000000e+03 1.272475131276975269e+01
2.252000000000000000e+03 1.272929600906754111e+01
2.253000000000000000e+03 1.273334028836798737e+01
2.254000000000000000e+03 1.273689806524554058e+01
2.255000000000000000e+03 1.273999767858680876e+01
2.256000000000000000e+03 1.274268274818831514e+01
2.257000000000000000e+03 1.274500945412362540e+01
2.258000000000000000e+03 1.274704090049431393e+01
2.259000000000000000e+03 1.274884045813347910e+01
2.260000000000000000e+03 1.275046470050368974e+01
2.261000000000000000e+03 1.275195698574826508e+01
2.262000000000000000e+03 1.275334479783506936e+01
2.263000000000000000e+03 1.275464276817142562e+01
2.264000000000000000e+03 1.275585929230920534e+01
2.265000000000000000e+03 1.275700340783363629e+01
2.266000000000000000e+03 1.275808993459713037e+01
2.267000000000000000e+03 1.275914348052440772e+01
2.268000000000000000e+03 1.276020100950034575e+01
2.269000000000000000e+03 1.276131247817005310e+01
2.270000000000000000e+03 1.276253964771709448e+01
2.271000000000000000e+03 1.276395358184613826e+01
2.272000000000000000e+03 1.276563097187905527e+01
2.273000000000000000e+03 1.276764873287588209e+01
2.274000000000000000e+03 1.277007753711733251e+01
2.275000000000000000e+03 1.277297673427399261e+01
2.276000000000000000e+03 1.277639254386255097e+01
2.277000000000000000e+03 1.278035912335749913e+01
2.278000000000000000e+03 1.278490124816596563e+01
2.279000000000000000e+03 1.279003515124699319e+01
2.280000000000000000e+03 1.279576585061956528e+01
2.281000000000000000e+03 1.280208238491363915e+01
2.282000000000000000e+03 1.280895496583674564e+01
2.283000000000000000e+03 1.281633810776425797e+01
2.284000000000000000e+03 1.282417723363538364e+01
2.285000000000000000e+03 1.283241255631316768e+01
2.286000000000000000e+03 1.284097439747298708e+01
2.287000000000000000e+03 1.284977276076575947e+01
2.288000000000000000e+03 1.285869064814866292e+01
2.289000000000000000e+03 1.286758747712236683e+01
2.290000000000000000e+03 1.287631241337221155e+01
2.291000000000000000e+03 1.288472259635778627e+01
2.292000000000000000e+03 1.289270100039358269e+01
2.293000000000000000e+03 1.290016803013872604e+01
2.294000000000000000e+03 1.290708351338356330e+01
2.295000000000000000e+03 1.291343819818384731e+01
2.296000000000000000e+03 1.291923944594468665e+01
2.297000000000000000e+03 1.292449777848107928e+01
2.298000000000000000e+03 1.292921908341120130e+01
2.299000000000000000e+03 1.293340225814079147e+01
2.300000000000000000e+03 1.293704143943562990e+01
2.301000000000000000e+03 1.294013082053822039e+01
2.302000000000000000e+03 1.294267004734679638e+01
2.303000000000000000e+03 1.294466870840365402e+01
2.304000000000000000e+03 1.294614875309979496e+01
2.305000000000000000e+03 1.294714492299664421e+01
2.306000000000000000e+03 1.294770385546515890e+01
2.307000000000000000e+03 1.294788287927835313e+01
2.308000000000000000e+03 1.294774903309906122e+01
2.309000000000000000e+03 1.294737828061155760e+01
2.310000000000000000e+03 1.294685406968953245e+01
2.311000000000000000e+03 1.294626483636198522e+01
2.312000000000000000e+03 1.294570035273306630e+01
2.313000000000000000e+03 1.294524740046864153e+01
2.314000000000000000e+03 1.294498496048113800e+01
2.315000000000000000e+03 1.294498040362863378e+01
2.316000000000000000e+03 1.294528668217491862e+01
2.317000000000000000e+03 1.294594093141869706e+01
2.318000000000000000e+03 1.294696531123393157e+01
2.319000000000000000e+03 1.294837065602261461e+01
2.320000000000000000e+03 1.295016128198121663e+01
2.321000000000000000e+03 1.295234049788426134e+01
2.322000000000000000e+03 1.295491507153269772e+01
2.323000000000000000e+03 1.295789814090771230e+01
2.324000000000000000e+03 1.296131028875533886e+01
2.325000000000000000e+03 1.296517911311884674e+01
2.326000000000000000e+03 1.296953691148734933e+01
2.327000000000000000e+03 1.297441676703467017e+01
2.328000000000000000e+03 1.297984886062999976e+01
2.329000000000000000e+03 1.298585725313663097e+01
2.330000000000000000e+03 1.299245812480497086e+01
2.331000000000000000e+03 1.299966002679962251e+01
2.332000000000000000e+03 1.300746454413893005e+01
2.333000000000000000e+03 1.301586672551498580e+01
2.334000000000000000e+03 1.302485507472687942e+01
2.335000000000000000e+03 1.303441186330926627e+01
2.336000000000000000e+03 1.304451373782902124e+01
2.337000000000000000e+03 1.305513301100057078e+01
2.338000000000000000e+03 1.306623894751365178e+01
2.339000000000000000e+03 1.307779960621889259e+01
2.340000000000000000e+03 1.308978368075965371e+01
2.341000000000000000e+03 1.310216230093329237e+01
2.342000000000000000e+03 1.311491147558812465e+01
2.343000000000000000e+03 1.312801521496548141e+01
2.344000000000000000e+03 1.314146828463815453e+01
2.345000000000000000e+03 1.315527798663000780e+01
2.346000000000000000e+03 1.316946420298774179e+01
2.347000000000000000e+03 1.318405745069889790e+01
2.348000000000000000e+03 1.319909497728408532e+01
2.349000000000000000e+03 1.321461600090179189e+01
2.350000000000000000e+03 1.323065694699905315e+01
2.351000000000000000e+03 1.324724704521284835e+01
2.352000000000000000e+03 1.326440445685698322e+01
2.353000000000000000e+03 1.328213300374734729e+01
2.354000000000000000e+03 1.330041917967776577e+01
2.355000000000000000e+03 1.331923006688407085e+01
2.356000000000000000e+03 1.333851157159261192e+01
2.357000000000000000e+03 1.335818776529220386e+01
2.358000000000000000e+03 1.337816266289834743e+01
2.359000000000000000e+03 1.339832424389459931e+01
2.360000000000000000e+03 1.341855094145930316e+01
2.361000000000000000e+03 1.343871795876485820e+01
2.362000000000000000e+03 1.345870276673858967e+01
2.363000000000000000e+03 1.347838880060259470e+01
2.364000000000000000e+03 1.349766810882174184e+01
2.365000000000000000e+03 1.351644408898545180e+01
2.366000000000000000e+03 1.353463336637372549e+01
2.367000000000000000e+03 1.355216547602338828e+01
2.368000000000000000e+03 1.356897992815354925e+01
2.369000000000000000e+03 1.358502145197288513e+01
2.370000000000000000e+03 1.360023632062875087e+01
2.371000000000000000e+03 1.361457288955676503e+01
2.372000000000000000e+03 1.362798627571618582e+01
2.373000000000000000e+03 1.364044455311960746e+01
2.374000000000000000e+03 1.365193344772872308e+01
2.375000000000000000e+03 1.366245676043136115e+01
2.376000000000000000e+03 1.367203162698853092e+01
2.377000000000000000e+03 1.368067935110564370e+01
2.378000000000000000e+03 1.368841511094232466e+01
2.379000000000000000e+03 1.369524059847416808e+01
2.380000000000000000e+03 1.370114303222960928e+01
2.381000000000000000e+03 1.370610152113613367e+01
2.382000000000000000e+03 1.371009830377489713e+01
2.383000000000000000e+03 1.371313059344550567e+01
2.384000000000000000e+03 1.371522066992897138e+01
2.385000000000000000e+03 1.371642198693754011e+01
2.386000000000000000e+03 1.371682146080520681e+01
2.387000000000000000e+03 1.371653735546910902e+01
2.388000000000000000e+03 1.371571226621401962e+01
2.389000000000000000e+03 1.371450184348064738e+01
2.390000000000000000e+03 1.371306164116287007e+01
2.391000000000000000e+03 1.371153422275733647e+01
2.392000000000000000e+03 1.371003892160535642e+01
2.393000000000000000e+03 1.370866587819019244e+01
2.394000000000000000e+03 1.370747452317499970e+01
2.395000000000000000e+03 1.370649623407249962e+01
2.396000000000000000e+03 1.370574032078693349e+01
2.397000000000000000e+03 1.370520326170231229e+01
2.398000000000000000e+03 1.370487970602743566e+01
2.399000000000000000e+03 1.370477243904436548e+01
2.400000000000000000e+03 1.370489934455718029e+01
2.401000000000000000e+03 1.370529494369902856e+01
2.402000000000000000e+03 1.370600777952885707e+01
2.403000000000000000e+03 1.370709522700089167e+01
2.404000000000000000e+03 1.370861659983702907e+01
2.405000000000000000e+03 1.371062520065335022e+01
2.406000000000000000e+03 1.371315981455419752e+01
2.407000000000000000e+03 1.371623758962282835e+01
2.408000000000000000e+03 1.371984934629831088e+01
2.409000000000000000e+03 1.372395962547238923e+01
2.410000000000000000e+03 1.372851108695608247e+01
2.411000000000000000e+03 1.373343185089866836e+01
2.412000000000000000e+03 1.373864317986244643e+01
2.413000000000000000e+03 1.374406520855118785e+01
2.414000000000000000e+03 1.374961965789639606e+01
2.415000000000000000e+03 1.375523069853129954e+01
2.416000000000000000e+03 1.376082513573093991e+01
2.417000000000000000e+03 1.376633377584578355e+01
2.418000000000000000e+03 1.377169296468462356e+01
2.419000000000000000e+03 1.377684486961269883e+01
2.420000000000000000e+03 1.378173691717628913e+01
2.421000000000000000e+03 1.378632144222142486e+01
2.422000000000000000e+03 1.379055614472161828e+01
2.423000000000000000e+03 1.379440599670860301e+01
2.424000000000000000e+03 1.379784570093620033e+01
2.425000000000000000e+03 1.380086140949931739e+01
2.426000000000000000e+03 1.380345091331607321e+01
2.427000000000000000e+03 1.380562185252830609e+01
2.428000000000000000e+03 1.380738845941663939e+01
2.429000000000000000e+03 1.380876829175784160e+01
2.430000000000000000e+03 1.380978077026954054e+01
2.431000000000000000e+03 1.381044839478881769e+01
2.432000000000000000e+03 1.381079948868498875e+01
2.433000000000000000e+03 1.381086979373833223e+01
2.434000000000000000e+03 1.381070116448163176e+01
2.435000000000000000e+03 1.381033859526038832e+01
2.436000000000000000e+03 1.380982651361008884e+01
2.437000000000000000e+03 1.380920574440070858e+01
2.438000000000000000e+03 1.380851254548813145e+01
2.439000000000000000e+03 1.380777801372052416e+01
2.440000000000000000e+03 1.380702742596420762e+01
2.441000000000000000e+03 1.380628004618373872e+01
2.442000000000000000e+03 1.380554916822936207e+01
2.443000000000000000e+03 1.380484266140780392e+01
2.444000000000000000e+03 1.380416417134014573e+01
2.445000000000000000e+03 1.380351457118346126e+01
2.446000000000000000e+03 1.380289264490954437e+01
2.447000000000000000e+03 1.380229473725433564e+01
2.448000000000000000e+03 1.380171442856302555e+01
2.449000000000000000e+03 1.380114396986640202e+01
2.450000000000000000e+03 1.380057751685383316e+01
2.451000000000000000e+03 1.380001493751746366e+01
2.452000000000000000e+03 1.379946411424686303e+01
2.453000000000000000e+03 1.379894052453953357e+01
2.454000000000000000e+03 1.379846403934786636e+01
2.455000000000000000e+03 1.379805358953578320e+01
2.456000000000000000e+03 1.379772127517973246e+01
2.457000000000000000e+03 1.379746813877108380e+01
2.458000000000000000e+03 1.379728198206184153e+01
2.459000000000000000e+03 1.379713772687456164e+01
2.460000000000000000e+03 1.379699950492300964e+01
2.461000000000000000e+03 1.379682462408586652e+01
2.462000000000000000e+03 1.379656985178242401e+01
2.463000000000000000e+03 1.379620133009447791e+01
2.464000000000000000e+03 1.379570687295038312e+01
2.465000000000000000e+03 1.379510479539171008e+01
2.466000000000000000e+03 1.379444402449249196e+01
2.467000000000000000e+03 1.379379467253384917e+01
2.468000000000000000e+03 1.379323439013237440e+01
2.469000000000000000e+03 1.379283693572466873e+01
2.470000000000000000e+03 1.379266540230880977e+01
2.471000000000000000e+03 1.379276887468967061e+01
2.472000000000000000e+03 1.379318041284075136e+01
2.473000000000000000e+03 1.379391521579550961e+01
2.474000000000000000e+03 1.379496964894976685e+01
2.475000000000000000e+03 1.379632178803588793e+01
2.476000000000000000e+03 1.379793411691586513e+01
2.477000000000000000e+03 1.379975808980131902e+01
2.478000000000000000e+03 1.380174015863520864e+01
2.479000000000000000e+03 1.380382808574716336e+01
2.480000000000000000e+03 1.380597528530014984e+01
2.481000000000000000e+03 1.380814348089854526e+01
2.482000000000000000e+03 1.381030320805493261e+01
2.483000000000000000e+03 1.381243291478615909e+01
2.484000000000000000e+03 1.381451676333315959e+01
2.485000000000000000e+03 1.381654154817794122e+01
2.486000000000000000e+03 1.381849288384049501e+01
2.487000000000000000e+03 1.382035182694026254e+01
2.488000000000000000e+03 1.382209284950883088e+01
2.489000000000000000e+03 1.382368301612351935e+01
2.490000000000000000e+03 1.382508275468220660e+01
2.491000000000000000e+03 1.382624738400017961e+01
2.492000000000000000e+03 1.382712941527058348e+01
2.493000000000000000e+03 1.382768207422242845e+01
2.494000000000000000e+03 1.382786489580198008e+01
2.495000000000000000e+03 1.382765188476489016e+01
2.496000000000000000e+03 1.382703963500845035e+01
2.497000000000000000e+03 1.382605248113954843e+01
2.498000000000000000e+03 1.382474148588902096e+01
2.499000000000000000e+03 1.382317730876548190e+01
2.500000000000000000e+03 1.382143963957035915e+01
2.501000000000000000e+03 1.381960753526108121e+01
2.502000000000000000e+03 1.381775365846641002e+01
2.503000000000000000e+03 1.381594343680129455e+01
2.504000000000000000e+03 1.381423777662907426e+01
2.505000000000000000e+03 1.381269610938376857e+01
2.506000000000000000e+03 1.381137815753685238e+01
2.507000000000000000e+03 1.381034215254798170e+01
2.508000000000000000e+03 1.380964125835465239e+01
2.509000000000000000e+03 1.380932061723624393e+01
2.510000000000000000e+03 1.380941698454278921e+01
2.511000000000000000e+03 1.380996343171742424e+01
2.512000000000000000e+03 1.381099624009505256e+01
2.513000000000000000e+03 1.381255888396572473e+01
2.514000000000000000e+03 1.381469821310415114e+01
2.515000000000000000e+03 1.381745254493216102e+01
2.516000000000000000e+03 1.382083892527106705e+01
2.517000000000000000e+03 1.382484565999506287e+01
2.518000000000000000e+03 1.382943351224128392e+01
2.519000000000000000e+03 1.383454295846405024e+01
2.520000000000000000e+03 1.384010364059932208e+01
2.521000000000000000e+03 1.384604256275374112e+01
2.522000000000000000e+03 1.385229040502886555e+01
2.523000000000000000e+03 1.385878574630208959e+01
2.524000000000000000e+03 1.386547719069277740e+01
2.525000000000000000e+03 1.387232134953348250e+01
2.526000000000000000e+03 1.387927701538028380e+01
2.527000000000000000e+03 1.388629608646485991e+01
2.528000000000000000e+03 1.389331622677721612e+01
2.529000000000000000e+03 1.390025960731601273e+01
2.530000000000000000e+03 1.390703936369217963e+01
2.531000000000000000e+03 1.391357069895381215e+01
2.532000000000000000e+03 1.391978107804344234e+01
2.533000000000000000e+03 1.392561649132338886e+01
2.534000000000000000e+03 1.393104347974359847e+01
2.535000000000000000e+03 1.393604711500761439e+01
2.536000000000000000e+03 1.394062581912372423e+01
2.537000000000000000e+03 1.394478383647023456e+01
2.538000000000000000e+03 1.394852340113155975e+01
2.539000000000000000e+03 1.395183769460023981e+01
2.540000000000000000e+03 1.395470639532096335e+01
2.541000000000000000e+03 1.395709509215570776e+01
2.542000000000000000e+03 1.395895969367429856e+01
2.543000000000000000e+03 1.396025630555287833e+01
2.544000000000000000e+03 1.396095515487614946e+01
2.545000000000000000e+03 1.396105560555944436e+01
2.546000000000000000e+03 1.396059608117418804e+01
2.547000000000000000e+03 1.395965491946155446e+01
2.548000000000000000e+03 1.395834184603834061e+01
2.549000000000000000e+03 1.395678402173836474e+01
2.550000000000000000e+03 1.395511124551684112e+01
2.551000000000000000e+03 1.395344417701772954e+01
2.552000000000000000e+03 1.395188743188394476e+01
2.553000000000000000e+03 1.395052731608320329e+01
2.554000000000000000e+03 1.394943264184196252e+01
2.555000000000000000e+03 1.394865609994038458e+01
2.556000000000000000e+03 1.394823327869201179e+01
2.557000000000000000e+03 1.394817886229954951e+01
2.558000000000000000e+03 1.394848293704947828e+01
2.559000000000000000e+03 1.394911185895316308e+01
2.560000000000000000e+03 1.395001474731315838e+01
2.561000000000000000e+03 1.395113205739387219e+01
2.562000000000000000e+03 1.395240308200587620e+01
2.563000000000000000e+03 1.395377154819205145e+01
2.564000000000000000e+03 1.395519033163105149e+01
2.565000000000000000e+03 1.395662611130035557e+01
2.566000000000000000e+03 1.395806289242330323e+01
2.567000000000000000e+03 1.395950389081509968e+01
2.568000000000000000e+03 1.396097079565022092e+01
2.569000000000000000e+03 1.396250108541019586e+01
2.570000000000000000e+03 1.396414413923095665e+01
2.571000000000000000e+03 1.396595757825377682e+01
2.572000000000000000e+03 1.396800330184405148e+01
2.573000000000000000e+03 1.397034323854205695e+01
2.574000000000000000e+03 1.397303514059559149e+01
2.575000000000000000e+03 1.397612892997897660e+01
2.576000000000000000e+03 1.397966409281650613e+01
2.577000000000000000e+03 1.398366845660091151e+01
2.578000000000000000e+03 1.398815859772464520e+01
2.579000000000000000e+03 1.399314150035774063e+01
2.580000000000000000e+03 1.399861588670185952e+01
2.581000000000000000e+03 1.400457319365164999e+01
2.582000000000000000e+03 1.401099732199764958e+01
2.583000000000000000e+03 1.401786448242874528e+01
2.584000000000000000e+03 1.402514396942201813e+01
2.585000000000000000e+03 1.403279944032556159e+01
2.586000000000000000e+03 1.404079045735871034e+01
2.587000000000000000e+03 1.404907408993973661e+01
2.588000000000000000e+03 1.405760560292589290e+01
2.589000000000000000e+03 1.406633897228534025e+01
2.590000000000000000e+03 1.407522730297727520e+01
2.591000000000000000e+03 1.408422369228305904e+01
2.592000000000000000e+03 1.409328241863997278e+01
2.593000000000000000e+03 1.410235992402057548e+01
2.594000000000000000e+03 1.411141529486702240e+01
2.595000000000000000e+03 1.412041062633734967e+01
2.596000000000000000e+03 1.412931273179109581e+01
2.597000000000000000e+03 1.413809599049996280e+01
2.598000000000000000e+03 1.414674646505208067e+01
2.599000000000000000e+03 1.415526548153201603e+01
2.600000000000000000e+03 1.416367080365940545e+01
2.601000000000000000e+03 1.417199296254610630e+01
2.602000000000000000e+03 1.418026567626139212e+01
2.603000000000000000e+03 1.418851188291742460e+01
2.604000000000000000e+03 1.419673039612194643e+01
2.605000000000000000e+03 1.420489062499930455e+01
2.606000000000000000e+03 1.421293874780203836e+01
2.607000000000000000e+03 1.422081119719143061e+01
2.608000000000000000e+03 1.422844818234918307e+01
2.609000000000000000e+03 1.423580223621020302e+01
2.610000000000000000e+03 1.424284045545138255e+01
2.611000000000000000e+03 1.424954083385044257e+01
2.612000000000000000e+03 1.425588618216333714e+01
2.613000000000000000e+03 1.426185794968904830e+01
2.614000000000000000e+03 1.426743401682157142e+01
2.615000000000000000e+03 1.427259281338154651e+01
2.616000000000000000e+03 1.427732263236492116e+01
2.617000000000000000e+03 1.428163069765382787e+01
2.618000000000000000e+03 1.428554564464499066e+01
2.619000000000000000e+03 1.428911266458604246e+01
2.620000000000000000e+03 1.429238492583310105e+01
2.621000000000000000e+03 1.429541605634879531e+01
2.622000000000000000e+03 1.429825557741519759e+01
2.623000000000000000e+03 1.430094642739107869e+01
2.624000000000000000e+03 1.430352316789591782e+01
2.625000000000000000e+03 1.430601141252861552e+01
2.626000000000000000e+03 1.430842849135025929e+01
2.627000000000000000e+03 1.431078542856606362e+01
2.628000000000000000e+03 1.431308953347599733e+01
2.629000000000000000e+03 1.431534659860265890e+01
2.630000000000000000e+03 1.431756240120113688e+01
2.631000000000000000e+03 1.431974404585938743e+01
2.632000000000000000e+03 1.432190198820315885e+01
2.633000000000000000e+03 1.432405403579389969e+01
2.634000000000000000e+03 1.432623094680878140e+01
2.635000000000000000e+03 1.432848172752005489e+01
2.636000000000000000e+03 1.433087591580795817e+01
2.637000000000000000e+03 1.433350187600134973e+01
2.638000000000000000e+03 1.433646131665597245e+01
2.639000000000000000e+03 1.433985994732675806e+01
2.640000000000000000e+03 1.434379574258760925e+01
2.641000000000000000e+03 1.434834748180392872e+01
2.642000000000000000e+03 1.435356529956060356e+01
2.643000000000000000e+03 1.435946358826442548e+01
2.644000000000000000e+03 1.436601699272973676e+01
2.645000000000000000e+03 1.437316075048054920e+01
2.646000000000000000e+03 1.438079738260730700e+01
2.647000000000000000e+03 1.438880930192643248e+01
2.648000000000000000e+03 1.439707542856769251e+01
2.649000000000000000e+03 1.440548808232985323e+01
2.650000000000000000e+03 1.441396639971595484e+01
2.651000000000000000e+03 1.442246409897159154e+01
2.652000000000000000e+03 1.443096923892801797e+01
2.653000000000000000e+03 1.443949740374624824e+01
2.654000000000000000e+03 1.444808215101118165e+01
2.655000000000000000e+03 1.445676683187127409e+01
2.656000000000000000e+03 1.446559990826726150e+01
2.657000000000000000e+03 1.447463296948142997e+01
2.658000000000000000e+03 1.448392062852344964e+01
2.659000000000000000e+03 1.449352001171910231e+01
2.660000000000000000e+03 1.450348927087294726e+01
2.661000000000000000e+03 1.451388495100800569e+01
2.662000000000000000e+03 1.452475882440731070e+01
2.663000000000000000e+03 1.453615548347390884e+01
2.664000000000000000e+03 1.454811270515334343e+01
2.665000000000000000e+03 1.456066461956453750e+01
2.666000000000000000e+03 1.457384583734002348e+01
2.667000000000000000e+03 1.458769289000942493e+01
2.668000000000000000e+03 1.460224162704488826e+01
2.669000000000000000e+03 1.461752181858476263e+01
2.670000000000000000e+03 1.463355095705833619e+01
2.671000000000000000e+03 1.465032890457521120e+01
2.672000000000000000e+03 1.466783260561570401e+01
2.673000000000000000e+03 1.468601085932849770e+01
2.674000000000000000e+03 1.470477874638869054e+01
2.675000000000000000e+03 1.472401301494539183e+01
2.676000000000000000e+03 1.474355087983097867e+01
2.677000000000000000e+03 1.476319549041011570e+01
2.678000000000000000e+03 1.478273196657798749e+01
2.679000000000000000e+03 1.480195203253489566e+01
2.680000000000000000e+03 1.482067615524688620e+01
2.681000000000000000e+03 1.483876258280264615e+01
2.682000000000000000e+03 1.485610465215198772e+01
2.683000000000000000e+03 1.487262624662248633e+01
2.684000000000000000e+03 1.488828011316481081e+01
2.685000000000000000e+03 1.490304695233907850e+01
2.686000000000000000e+03 1.491693228692881767e+01
2.687000000000000000e+03 1.492996178473700297e+01
2.688000000000000000e+03 1.494217694004302643e+01
2.689000000000000000e+03 1.495363116570353412e+01
2.690000000000000000e+03 1.496438606658285231e+01
2.691000000000000000e+03 1.497450733731702321e+01
2.692000000000000000e+03 1.498406109538116837e+01
2.693000000000000000e+03 1.499310974804035723e+01
2.694000000000000000e+03 1.500170787554383445e+01
2.695000000000000000e+03 1.500989799769111599e+01
2.696000000000000000e+03 1.501770684787414467e+01
2.697000000000000000e+03 1.502514365018017273e+01
2.698000000000000000e+03 1.503220310006242322e+01
2.699000000000000000e+03 1.503887381265851175e+01
2.700000000000000000e+03 1.504514989048598039e+01
2.701000000000000000e+03 1.505104007156217172e+01
2.702000000000000000e+03 1.505656930466126830e+01
2.703000000000000000e+03 1.506177219929697486e+01
2.704000000000000000e+03 1.506668239858055003e+01
2.705000000000000000e+03 1.507132358893343138e+01
2.706000000000000000e+03 1.507570470802777507e+01
2.707000000000000000e+03 1.507982051351071817e+01
2.708000000000000000e+03 1.508365744757913340e+01
2.709000000000000000e+03 1.508720445323861803e+01
2.710000000000000000e+03 1.509046610670577948e+01
2.711000000000000000e+03 1.509347308913595853e+01
2.712000000000000000e+03 1.509628548192856456e+01
2.713000000000000000e+03 1.509898694278732378e+01
2.714000000000000000e+03 1.510167274655715275e+01
2.715000000000000000e+03 1.510443580321925339e+01
2.716000000000000000e+03 1.510735642292958403e+01
2.717000000000000000e+03 1.511049778245736874e+01
2.718000000000000000e+03 1.511390661526677626e+01
2.719000000000000000e+03 1.511761569793255511e+01
2.720000000000000000e+03 1.512164598008312311e+01
2.721000000000000000e+03 1.512600702299647892e+01
2.722000000000000000e+03 1.513069703640314145e+01
2.723000000000000000e+03 1.513570358102317925e+01
2.724000000000000000e+03 1.514100651242412887e+01
2.725000000000000000e+03 1.514658227008122893e+01
2.726000000000000000e+03 1.515240784682132968e+01
2.727000000000000000e+03 1.515846324226250985e+01
2.728000000000000000e+03 1.516473200004461219e+01
2.729000000000000000e+03 1.517120059227250550e+01
2.730000000000000000e+03 1.517717285376346936e+01
2.731000000000000000e+03 1.518346662768863453e+01
2.732000000000000000e+03 1.519011247365460449e+01
2.733000000000000000e+03 1.519709735201338496e+01
2.734000000000000000e+03 1.520440568587792463e+01
2.735000000000000000e+03 1.521202124406496914e+01
2.736000000000000000e+03 1.521993075943445106e+01
2.737000000000000000e+03 1.522812732966640326e+01
2.738000000000000000e+03 1.523661211210380451e+01
2.739000000000000000e+03 1.524474439320018959e+01
2.740000000000000000e+03 1.525296745554934752e+01
2.741000000000000000e+03 1.526140653281726500e+01
2.742000000000000000e+03 1.527006971816075875e+01
2.743000000000000000e+03 1.527895108056236673e+01
2.744000000000000000e+03 1.528802976552958626e+01
2.745000000000000000e+03 1.529727058382285065e+01
2.746000000000000000e+03 1.530662581972730152e+01
2.747000000000000000e+03 1.531603693290781010e+01
2.748000000000000000e+03 1.532543613097275426e+01
2.749000000000000000e+03 1.533474719664188513e+01
2.750000000000000000e+03 1.534388616724607424e+01
2.751000000000000000e+03 1.535276285370582983e+01
2.752000000000000000e+03 1.536128596658725343e+01
2.753000000000000000e+03 1.536937385121596478e+01
2.754000000000000000e+03 1.537696815468031630e+01
2.755000000000000000e+03 1.538404493813469998e+01
2.756000000000000000e+03 1.539061650341967535e+01
2.757000000000000000e+03 1.539672197144790644e+01
2.758000000000000000e+03 1.540241225802455993e+01
2.759000000000000000e+03 1.540773678513951594e+01
2.760000000000000000e+03 1.541273648260724727e+01
2.761000000000000000e+03 1.541744279272657536e+01
2.762000000000000000e+03 1.542187930039303367e+01
2.763000000000000000e+03 1.542606351500025141e+01
2.764000000000000000e+03 1.543000836903266304e+01
2.765000000000000000e+03 1.543372546330329342e+01
2.766000000000000000e+03 1.543723112300947164e+01
2.767000000000000000e+03 1.544055263446920279e+01
2.768000000000000000e+03 1.544373161227607305e+01
2.769000000000000000e+03 1.544682410053315991e+01
2.770000000000000000e+03 1.544989827049079700e+01
2.771000000000000000e+03 1.545230286357235272e+01
2.772000000000000000e+03 1.545301359370185068e+01
2.773000000000000000e+03 1.545385522993109007e+01
2.774000000000000000e+03 1.545493453718496113e+01
2.775000000000000000e+03 1.545635162837751508e+01
2.776000000000000000e+03 1.545819504905950303e+01
2.777000000000000000e+03 1.546053772327017128e+01
2.778000000000000000e+03 1.546343339558804608e+01
2.779000000000000000e+03 1.546691534409329627e+01
2.780000000000000000e+03 1.547099788672728060e+01
2.781000000000000000e+03 1.547568042705943725e+01
2.782000000000000000e+03 1.548095391885363625e+01
2.783000000000000000e+03 1.548680649731269376e+01
2.784000000000000000e+03 1.549322680263416174e+01
2.785000000000000000e+03 1.550020398465849070e+01
2.786000000000000000e+03 1.550772612853913657e+01
2.787000000000000000e+03 1.551577810260820200e+01
2.788000000000000000e+03 1.552433982521283973e+01
2.789000000000000000e+03 1.553338555568734591e+01
2.790000000000000000e+03 1.554288272839732699e+01
2.791000000000000000e+03 1.555279113167524230e+01
2.792000000000000000e+03 1.556306345887409393e+01
2.793000000000000000e+03 1.557364796099787085e+01
2.794000000000000000e+03 1.558449301716522051e+01
2.795000000000000000e+03 1.559555173704303677e+01
2.796000000000000000e+03 1.560678468793624774e+01
2.797000000000000000e+03 1.561815817525655881e+01
2.798000000000000000e+03 1.562963816172707432e+01
2.799000000000000000e+03 1.564118285686633492e+01
2.800000000000000000e+03 1.565273780810683313e+01
2.801000000000000000e+03 1.566423613604942489e+01
2.802000000000000000e+03 1.567560523390530314e+01
2.803000000000000000e+03 1.568677821649692028e+01
2.804000000000000000e+03 1.569770698605421622e+01
2.805000000000000000e+03 1.570837232201619393e+01
2.806000000000000000e+03 1.571878788555368445e+01
2.807000000000000000e+03 1.572899610309225871e+01
2.808000000000000000e+03 1.573905628535578494e+01
2.809000000000000000e+03 1.574903014795588696e+01
2.810000000000000000e+03 1.575896995426069935e+01
2.811000000000000000e+03 1.576891206648641131e+01
2.812000000000000000e+03 1.577887467201947125e+01
2.813000000000000000e+03 1.578885689590103425e+01
2.814000000000000000e+03 1.579883793873916531e+01
2.815000000000000000e+03 1.580877956693998776e+01
2.816000000000000000e+03 1.581863439528448012e+01
2.817000000000000000e+03 1.582836193937071201e+01
2.818000000000000000e+03 1.583794565400734911e+01
2.819000000000000000e+03 1.584740119506566991e+01
2.820000000000000000e+03 1.585677211874307702e+01
2.821000000000000000e+03 1.586611626353816895e+01
2.822000000000000000e+03 1.587548884815207018e+01
2.823000000000000000e+03 1.588492645019337246e+01
2.824000000000000000e+03 1.589443553131596687e+01
2.825000000000000000e+03 1.590398735122333029e+01
2.826000000000000000e+03 1.591352148630806695e+01
2.827000000000000000e+03 1.592295650242361660e+01
2.828000000000000000e+03 1.593220432854690216e+01
2.829000000000000000e+03 1.594118384745132921e+01
2.830000000000000000e+03 1.594983047157883504e+01
2.831000000000000000e+03 1.595810078405261478e+01
2.832000000000000000e+03 1.596597162158680305e+01
2.833000000000000000e+03 1.597343539139927771e+01
2.834000000000000000e+03 1.598049326886536292e+01
2.835000000000000000e+03 1.598714816393607308e+01
2.836000000000000000e+03 1.599340026484025401e+01
2.837000000000000000e+03 1.599924723329442600e+01
2.838000000000000000e+03 1.600468872464269054e+01
2.839000000000000000e+03 1.600973274279244407e+01
2.840000000000000000e+03 1.601440120608567597e+01
2.841000000000000000e+03 1.601873252636698908e+01
2.842000000000000000e+03 1.602278175769845348e+01
2.843000000000000000e+03 1.602661786408938838e+01
2.844000000000000000e+03 1.603031770291985580e+01
2.845000000000000000e+03 1.603395827133806506e+01
2.846000000000000000e+03 1.603708175860731444e+01
2.847000000000000000e+03 1.603860797248707115e+01
2.848000000000000000e+03 1.604025170907512887e+01
2.849000000000000000e+03 1.604201756017177871e+01
2.850000000000000000e+03 1.604388737165884748e+01
2.851000000000000000e+03 1.604582951888171394e+01
2.852000000000000000e+03 1.604780920488003915e+01
2.853000000000000000e+03 1.604979744181225243e+01
2.854000000000000000e+03 1.605177628483637875e+01
2.855000000000000000e+03 1.605373953374672880e+01
2.856000000000000000e+03 1.605569043274578434e+01
2.857000000000000000e+03 1.605763862784020901e+01
2.858000000000000000e+03 1.605959702045818460e+01
2.859000000000000000e+03 1.606157936229513439e+01
2.860000000000000000e+03 1.606359830188657867e+01
2.861000000000000000e+03 1.606566390449151527e+01
2.862000000000000000e+03 1.606694475319670801e+01
2.863000000000000000e+03 1.606775514772454727e+01
2.864000000000000000e+03 1.606867596220562788e+01
2.865000000000000000e+03 1.606970968276310785e+01
2.866000000000000000e+03 1.607085332990762083e+01
2.867000000000000000e+03 1.607209768154278606e+01
2.868000000000000000e+03 1.607342753841367511e+01
2.869000000000000000e+03 1.607482305200725392e+01
2.870000000000000000e+03 1.607626204040897022e+01
2.871000000000000000e+03 1.607772284855552414e+01
2.872000000000000000e+03 1.607918617749768941e+01
2.873000000000000000e+03 1.608063506627596695e+01
2.874000000000000000e+03 1.608205349779686699e+01
2.875000000000000000e+03 1.608342365208200420e+01
2.876000000000000000e+03 1.608472192576640580e+01
2.877000000000000000e+03 1.608591536215467244e+01
2.878000000000000000e+03 1.608695914520856007e+01
2.879000000000000000e+03 1.608779625119209200e+01
2.880000000000000000e+03 1.608835958596779392e+01
2.881000000000000000e+03 1.608857576444138715e+01
2.882000000000000000e+03 1.608836926153460212e+01
2.883000000000000000e+03 1.608766638283280059e+01
2.884000000000000000e+03 1.608640032537256559e+01
2.885000000000000000e+03 1.608451738131568476e+01
2.886000000000000000e+03 1.608198340371937718e+01
2.887000000000000000e+03 1.607878802040349342e+01
2.888000000000000000e+03 1.607494344348573634e+01
2.889000000000000000e+03 1.607047883965099544e+01
2.890000000000000000e+03 1.606543398603668749e+01
2.891000000000000000e+03 1.605985585583167108e+01
2.892000000000000000e+03 1.605379954945451715e+01
2.893000000000000000e+03 1.604733243325708258e+01
2.894000000000000000e+03 1.604053899162318331e+01
2.895000000000000000e+03 1.603352455119122055e+01
2.896000000000000000e+03 1.602641659678608477e+01
2.897000000000000000e+03 1.601936312934521922e+01
2.898000000000000000e+03 1.601252797847331166e+01
2.899000000000000000e+03 1.600608385505607956e+01
2.900000000000000000e+03 1.600020411255789199e+01
2.901000000000000000e+03 1.599505412037194141e+01
2.902000000000000000e+03 1.599078258584139789e+01
2.903000000000000000e+03 1.598750500893409487e+01
2.904000000000000000e+03 1.598533706042046809e+01
2.905000000000000000e+03 1.598430899051399123e+01
2.906000000000000000e+03 1.598444715348642120e+01
2.907000000000000000e+03 1.598573646945303217e+01
2.908000000000000000e+03 1.598813396443468804e+01
2.909000000000000000e+03 1.599157395451535990e+01
2.910000000000000000e+03 1.599597131895726321e+01
2.911000000000000000e+03 1.600122258670268849e+01
2.912000000000000000e+03 1.600720597673585743e+01
2.913000000000000000e+03 1.601378299779607062e+01
2.914000000000000000e+03 1.602080388795285160e+01
2.915000000000000000e+03 1.602811621215179017e+01
2.916000000000000000e+03 1.603557435524602681e+01
2.917000000000000000e+03 1.604304792155546266e+01
2.918000000000000000e+03 1.605042799016104738e+01
2.919000000000000000e+03 1.605762981044497195e+01
2.920000000000000000e+03 1.606459275738955839e+01
2.921000000000000000e+03 1.607127843493553598e+01
2.922000000000000000e+03 1.607766835574069830e+01
2.923000000000000000e+03 1.608376182154284706e+01
2.924000000000000000e+03 1.608957402554685245e+01
2.925000000000000000e+03 1.609513415696257610e+01
2.926000000000000000e+03 1.610048339507449100e+01
2.927000000000000000e+03 1.610567229889292307e+01
2.928000000000000000e+03 1.611075634642829613e+01
2.929000000000000000e+03 1.611578999292397540e+01
2.930000000000000000e+03 1.612082042434427365e+01
2.931000000000000000e+03 1.612588003513922530e+01
2.932000000000000000e+03 1.613097785584046306e+01
2.933000000000000000e+03 1.613609584408467512e+01
2.934000000000000000e+03 1.614119771713411566e+01
2.935000000000000000e+03 1.614624946084387247e+01
2.936000000000000000e+03 1.615124002373232415e+01
2.937000000000000000e+03 1.615619080368479388e+01
2.938000000000000000e+03 1.616115279120920079e+01
2.939000000000000000e+03 1.616619642864668549e+01
2.940000000000000000e+03 1.617139889774696115e+01
2.941000000000000000e+03 1.617683168200404253e+01
2.942000000000000000e+03 1.618255032538247207e+01
2.943000000000000000e+03 1.618858878735508711e+01
2.944000000000000000e+03 1.619495878729146909e+01
2.945000000000000000e+03 1.620165324415358654e+01
2.946000000000000000e+03 1.620865232070012141e+01
2.947000000000000000e+03 1.621592990655867084e+01
2.948000000000000000e+03 1.622345951117464224e+01
2.949000000000000000e+03 1.623121905192403602e+01
2.950000000000000000e+03 1.623919375985764191e+01
2.951000000000000000e+03 1.624737760831993327e+01
2.952000000000000000e+03 1.625577304021259550e+01
2.953000000000000000e+03 1.626438838590618730e+01
2.954000000000000000e+03 1.627323257577507221e+01
2.955000000000000000e+03 1.628230901541937925e+01
2.956000000000000000e+03 1.629161022937741166e+01
2.957000000000000000e+03 1.630111460529138512e+01
2.958000000000000000e+03 1.631078558851038807e+01
2.959000000000000000e+03 1.632057163524502741e+01
2.960000000000000000e+03 1.633040615297433362e+01
2.961000000000000000e+03 1.634020705261814044e+01
2.962000000000000000e+03 1.634987584954482998e+01
2.963000000000000000e+03 1.635929673631127557e+01
2.964000000000000000e+03 1.636833689876140596e+01
2.965000000000000000e+03 1.637684951485817919e+01
2.966000000000000000e+03 1.638467935954557575e+01
2.967000000000000000e+03 1.639167090476265543e+01
2.968000000000000000e+03 1.639767709744278434e+01
2.969000000000000000e+03 1.640256761814880804e+01
2.970000000000000000e+03 1.640623676839992839e+01
2.971000000000000000e+03 1.640861270050672971e+01
2.972000000000000000e+03 1.640966790944275289e+01
2.973000000000000000e+03 1.640942961790166521e+01
2.974000000000000000e+03 1.640798387065336783e+01
2.975000000000000000e+03 1.640546807996324574e+01
2.976000000000000000e+03 1.640205166740097553e+01
2.977000000000000000e+03 1.639791296493122275e+01
2.978000000000000000e+03 1.639322186334809572e+01
2.979000000000000000e+03 1.638813219325609438e+01
2.980000000000000000e+03 1.638278325327873475e+01
2.981000000000000000e+03 1.637730597930542586e+01
2.982000000000000000e+03 1.637182940160506917e+01
2.983000000000000000e+03 1.636648422006224024e+01
2.984000000000000000e+03 1.636140322851432316e+01
2.985000000000000000e+03 1.635671973442251215e+01
2.986000000000000000e+03 1.635256365301769677e+01
2.987000000000000000e+03 1.634905673706924745e+01
2.988000000000000000e+03 1.634630730349850936e+01
2.989000000000000000e+03 1.634440543350629937e+01
2.990000000000000000e+03 1.634342051598648027e+01
2.991000000000000000e+03 1.634340243449339880e+01
2.992000000000000000e+03 1.634438675063815438e+01
2.993000000000000000e+03 1.634640212684606198e+01
2.994000000000000000e+03 1.634947593733167537e+01
2.995000000000000000e+03 1.635363563795872821e+01
2.996000000000000000e+03 1.635890615356813527e+01
2.997000000000000000e+03 1.636530649794035952e+01
2.998000000000000000e+03 1.637284894370901611e+01
2.999000000000000000e+03 1.638154027601626694e+01
3.000000000000000000e+03 1.639138254790454852e+01
3.001000000000000000e+03 1.640237016182786789e+01
3.002000000000000000e+03 1.641448264764475695e+01
3.003000000000000000e+03 1.642767500104206135e+01
3.004000000000000000e+03 1.644186869278836838e+01
3.005000000000000000e+03 1.645694680208915628e+01
3.006000000000000000e+03 1.647275460950853798e+01
3.007000000000000000e+03 1.648910618867674671e+01
3.008000000000000000e+03 1.650579483250538715e+01
3.009000000000000000e+03 1.652260645915812987e+01
3.010000000000000000e+03 1.653933309686361497e+01
3.011000000000000000e+03 1.655578506500111047e+01
3.012000000000000000e+03 1.657179968486732591e+01
3.013000000000000000e+03 1.658724425036180605e+01
3.014000000000000000e+03 1.660201355226502073e+01
3.015000000000000000e+03 1.661602359717871380e+01
3.016000000000000000e+03 1.662920539098723083e+01
3.017000000000000000e+03 1.664150075583781785e+01
3.018000000000000000e+03 1.665286040317465677e+01
3.019000000000000000e+03 1.666324230353979630e+01
3.020000000000000000e+03 1.667260789823256317e+01
3.021000000000000000e+03 1.668091515765620869e+01
3.022000000000000000e+03 1.668811213741090071e+01
3.023000000000000000e+03 1.669413367295132034e+01
3.024000000000000000e+03 1.669890411651304163e+01
3.025000000000000000e+03 1.670234678120593941e+01
3.026000000000000000e+03 1.670439743273668398e+01
3.027000000000000000e+03 1.670501726753863281e+01
3.028000000000000000e+03 1.670420017458616257e+01
3.029000000000000000e+03 1.670197232473212168e+01
3.030000000000000000e+03 1.669838720202390192e+01
3.031000000000000000e+03 1.669351979728698865e+01
3.032000000000000000e+03 1.668746295884048791e+01
3.033000000000000000e+03 1.668032718630280442e+01
3.034000000000000000e+03 1.667224248707259804e+01
3.035000000000000000e+03 1.666336106452296306e+01
3.036000000000000000e+03 1.665385996801414592e+01
3.037000000000000000e+03 1.664394281209904136e+01
3.038000000000000000e+03 1.663383725144753456e+01
3.039000000000000000e+03 1.662378630560343140e+01
3.040000000000000000e+03 1.661403411817839526e+01
3.041000000000000000e+03 1.660480910104558561e+01
3.042000000000000000e+03 1.659630949782217613e+01
3.043000000000000000e+03 1.658869374357648496e+01
3.044000000000000000e+03 1.658207520376507915e+01
3.045000000000000000e+03 1.657652113509414704e+01
3.046000000000000000e+03 1.657205412520465160e+01
3.047000000000000000e+03 1.656865512892705894e+01
3.048000000000000000e+03 1.656626773417735876e+01
3.049000000000000000e+03 1.656480198344204169e+01
3.050000000000000000e+03 1.656413908588013939e+01
3.051000000000000000e+03 1.656413923032046753e+01
3.052000000000000000e+03 1.656465401446158836e+01
3.053000000000000000e+03 1.656554116403243881e+01
3.054000000000000000e+03 1.656667696552524660e+01
3.055000000000000000e+03 1.656796357177722712e+01
3.056000000000000000e+03 1.656933192566135915e+01
3.057000000000000000e+03 1.657074221761919830e+01
3.058000000000000000e+03 1.657218133489717360e+01
3.059000000000000000e+03 1.657365729013428179e+01
3.060000000000000000e+03 1.657519052165142526e+01
3.061000000000000000e+03 1.657680417569148190e+01
3.062000000000000000e+03 1.657851649540318562e+01
3.063000000000000000e+03 1.658033688675469364e+01
3.064000000000000000e+03 1.658226607168844779e+01
3.065000000000000000e+03 1.658429859511327109e+01
3.066000000000000000e+03 1.658642615420747291e+01
3.067000000000000000e+03 1.658863960521611247e+01
3.068000000000000000e+03 1.659092988415953229e+01
3.069000000000000000e+03 1.659328790393514197e+01
3.070000000000000000e+03 1.659570518903566949e+01
3.071000000000000000e+03 1.659817427053349448e+01
3.072000000000000000e+03 1.660068861220833369e+01
3.073000000000000000e+03 1.660324126790344934e+01
3.074000000000000000e+03 1.660582161111640431e+01
3.075000000000000000e+03 1.660841183818201472e+01
3.076000000000000000e+03 1.661098462349442073e+01
3.077000000000000000e+03 1.661350303233837167e+01
3.078000000000000000e+03 1.661592274969430605e+01
3.079000000000000000e+03 1.661819648455928089e+01
3.080000000000000000e+03 1.662027834452660358e+01
3.081000000000000000e+03 1.662212746652425466e+01
3.082000000000000000e+03 1.662371019607828515e+01
3.083000000000000000e+03 1.662500213922099235e+01
3.084000000000000000e+03 1.662599141655343260e+01
3.085000000000000000e+03 1.662668335674894493e+01
3.086000000000000000e+03 1.662710439664798656e+01
3.087000000000000000e+03 1.662730322941660432e+01
3.088000000000000000e+03 1.662734777084937576e+01
3.089000000000000000e+03 1.662731786851156457e+01
3.090000000000000000e+03 1.662729601833372328e+01
3.091000000000000000e+03 1.662735821808261250e+01
3.092000000000000000e+03 1.662756670664560588e+01
3.093000000000000000e+03 1.662796664328490337e+01
3.094000000000000000e+03 1.662858657121579142e+01
3.095000000000000000e+03 1.662944205839462697e+01
3.096000000000000000e+03 1.663054120860050134e+01
3.097000000000000000e+03 1.663189155593632051e+01
3.098000000000000000e+03 1.663350678403299199e+01
3.099000000000000000e+03 1.663541287025488913e+01
3.100000000000000000e+03 1.663765178402359979e+01
3.101000000000000000e+03 1.664028141968716312e+01
3.102000000000000000e+03 1.664337071999713302e+01
3.103000000000000000e+03 1.664699030605451924e+01
3.104000000000000000e+03 1.665120068254282515e+01
3.105000000000000000e+03 1.665604069605995718e+01
3.106000000000000000e+03 1.666151752472485725e+01
3.107000000000000000e+03 1.666759945817570454e+01
3.108000000000000000e+03 1.667421187394729998e+01
3.109000000000000000e+03 1.668123701026063799e+01
3.110000000000000000e+03 1.668851772355096585e+01
3.111000000000000000e+03 1.669586584020054687e+01
3.112000000000000000e+03 1.670307622631676026e+01
3.113000000000000000e+03 1.670994636238870257e+01
3.114000000000000000e+03 1.671629836676109804e+01
3.115000000000000000e+03 1.672199823565934196e+01
3.116000000000000000e+03 1.672696742548574633e+01
3.117000000000000000e+03 1.673118396221070370e+01
3.118000000000000000e+03 1.673467321350477022e+01
3.119000000000000000e+03 1.673749147908397106e+01
3.120000000000000000e+03 1.673970736520344360e+01
3.121000000000000000e+03 1.674138595573154475e+01
3.122000000000000000e+03 1.674257883790080825e+01
3.123000000000000000e+03 1.674331998976257552e+01
3.124000000000000000e+03 1.674362669549633864e+01
3.125000000000000000e+03 1.674350126234187641e+01
3.126000000000000000e+03 1.674293180628101396e+01
3.127000000000000000e+03 1.674189118259260312e+01
3.128000000000000000e+03 1.674033434927113362e+01
3.129000000000000000e+03 1.673819603797279143e+01
3.130000000000000000e+03 1.673539244510999069e+01
3.131000000000000000e+03 1.673182869109340132e+01
3.132000000000000000e+03 1.672741232887102925e+01
3.133000000000000000e+03 1.672206963692128667e+01
3.134000000000000000e+03 1.671575995600046127e+01
3.135000000000000000e+03 1.670848351111601460e+01
3.136000000000000000e+03 1.670028199968707483e+01
3.137000000000000000e+03 1.669123345613112974e+01
3.138000000000000000e+03 1.668144467678248333e+01
3.139000000000000000e+03 1.667104331898384828e+01
3.140000000000000000e+03 1.666016933350604745e+01
3.141000000000000000e+03 1.664896611847140662e+01
3.142000000000000000e+03 1.663757270710189573e+01
3.143000000000000000e+03 1.662611856026518709e+01
3.144000000000000000e+03 1.661472183126925728e+01
3.145000000000000000e+03 1.660349017618574408e+01
3.146000000000000000e+03 1.659252153365972760e+01
3.147000000000000000e+03 1.658190331622115110e+01
3.148000000000000000e+03 1.657170992691887790e+01
3.149000000000000000e+03 1.656200185368474465e+01
3.150000000000000000e+03 1.655282755545693618e+01
3.151000000000000000e+03 1.654422608896608438e+01
3.152000000000000000e+03 1.653622840481131817e+01
3.153000000000000000e+03 1.652885680820204684e+01
3.154000000000000000e+03 1.652212250594671161e+01
3.155000000000000000e+03 1.651602221862546571e+01
3.156000000000000000e+03 1.651053492492221153e+01
3.157000000000000000e+03 1.650561997184821905e+01
3.158000000000000000e+03 1.650121851847241317e+01
3.159000000000000000e+03 1.649725761727650308e+01
3.160000000000000000e+03 1.649365438779687665e+01
3.161000000000000000e+03 1.649031929562952925e+01
3.162000000000000000e+03 1.648715916927562475e+01
3.163000000000000000e+03 1.648408041878664321e+01
3.164000000000000000e+03 1.648099273918164798e+01
3.165000000000000000e+03 1.647781240736411590e+01
3.166000000000000000e+03 1.647446520063363096e+01
3.167000000000000000e+03 1.647088858619338225e+01
3.168000000000000000e+03 1.646703421284795255e+01
3.169000000000000000e+03 1.646287010343827006e+01
3.170000000000000000e+03 1.645838223208775730e+01
3.171000000000000000e+03 1.645357499409060864e+01
3.172000000000000000e+03 1.644847064492424948e+01
3.173000000000000000e+03 1.644310870888331166e+01
3.174000000000000000e+03 1.643754663151478823e+01
3.175000000000000000e+03 1.643186206074864231e+01
3.176000000000000000e+03 1.642615528727894514e+01
3.177000000000000000e+03 1.642054704519157582e+01
3.178000000000000000e+03 1.641516699896268605e+01
3.179000000000000000e+03 1.641013155761885400e+01
3.180000000000000000e+03 1.640551808722197080e+01
3.181000000000000000e+03 1.640134462718717856e+01
3.182000000000000000e+03 1.639756078147978968e+01
3.183000000000000000e+03 1.639405073078597752e+01
3.184000000000000000e+03 1.639064613278703675e+01
3.185000000000000000e+03 1.638714607700468306e+01
3.186000000000000000e+03 1.638334166381403634e+01
3.187000000000000000e+03 1.637904278908404621e+01
3.188000000000000000e+03 1.637410317133067039e+01
3.189000000000000000e+03 1.636844032463458021e+01
3.190000000000000000e+03 1.636204733797469046e+01
3.191000000000000000e+03 1.635499277721699229e+01
3.192000000000000000e+03 1.634740934837957838e+01
3.193000000000000000e+03 1.633947440211691315e+01
3.194000000000000000e+03 1.633138759937213536e+01
3.195000000000000000e+03 1.632335107055057932e+01
3.196000000000000000e+03 1.631555454660139048e+01
3.197000000000000000e+03 1.630816593555061189e+01
3.198000000000000000e+03 1.630132649805909040e+01
3.199000000000000000e+03 1.629514950523025618e+01
3.200000000000000000e+03 1.628972148951122989e+01
3.201000000000000000e+03 1.628510543780468112e+01
3.202000000000000000e+03 1.628134540710982137e+01
3.203000000000000000e+03 1.627847330148114935e+01
3.204000000000000000e+03 1.627651690695381248e+01
3.205000000000000000e+03 1.627550751184037026e+01
3.206000000000000000e+03 1.627548459652238577e+01
3.207000000000000000e+03 1.627649532457282788e+01
3.208000000000000000e+03 1.627859004668395926e+01
3.209000000000000000e+03 1.628181608628412036e+01
3.210000000000000000e+03 1.628621281790606545e+01
3.211000000000000000e+03 1.629180875880131651e+01
3.212000000000000000e+03 1.629862114777626658e+01
3.213000000000000000e+03 1.630665586666874844e+01
3.214000000000000000e+03 1.631590564760918838e+01
3.215000000000000000e+03 1.632634584259339761e+01
3.216000000000000000e+03 1.633792769920976085e+01
3.217000000000000000e+03 1.635057173918406548e+01
3.218000000000000000e+03 1.636416462694923624e+01
3.219000000000000000e+03 1.637856123382316298e+01
3.220000000000000000e+03 1.639359200291841745e+01
3.221000000000000000e+03 1.640907353097409782e+01
3.222000000000000000e+03 1.642482018666365917e+01
3.223000000000000000e+03 1.644065162165209415e+01
3.224000000000000000e+03 1.645639558161801830e+01
3.225000000000000000e+03 1.647188982791161749e+01
3.226000000000000000e+03 1.648698549244959821e+01
3.227000000000000000e+03 1.650155241777023818e+01
3.228000000000000000e+03 1.651548514256543143e+01
3.229000000000000000e+03 1.652870763149075017e+01
3.230000000000000000e+03 1.654117573529890706e+01
3.231000000000000000e+03 1.655287796609674444e+01
3.232000000000000000e+03 1.656383276683031980e+01
3.233000000000000000e+03 1.657408095993299213e+01
3.234000000000000000e+03 1.658367647744065465e+01
3.235000000000000000e+03 1.659267804255136269e+01
3.236000000000000000e+03 1.660114461267641062e+01
3.237000000000000000e+03 1.660913431283521646e+01
3.238000000000000000e+03 1.661670576962566770e+01
3.239000000000000000e+03 1.662392075192905949e+01
3.240000000000000000e+03 1.663084642144451664e+01
3.241000000000000000e+03 1.663755568521108685e+01
3.242000000000000000e+03 1.664412498691868336e+01
3.243000000000000000e+03 1.665062984391928325e+01
3.244000000000000000e+03 1.665713922664817659e+01
3.245000000000000000e+03 1.666371035639122056e+01
3.246000000000000000e+03 1.667038427007052093e+01
3.247000000000000000e+03 1.667718342654647756e+01
3.248000000000000000e+03 1.668411153779944911e+01
3.249000000000000000e+03 1.669115595584136713e+01
3.250000000000000000e+03 1.669829284315046891e+01
3.251000000000000000e+03 1.670549442867845968e+01
3.252000000000000000e+03 1.671273697795062319e+01
3.253000000000000000e+03 1.672000615846465621e+01
3.254000000000000000e+03 1.672729851129635392e+01
3.255000000000000000e+03 1.673462000791659676e+01
3.256000000000000000e+03 1.674198352672627266e+01
3.257000000000000000e+03 1.674940798218352711e+01
3.258000000000000000e+03 1.675691924119456289e+01
3.259000000000000000e+03 1.676455156600997043e+01
3.260000000000000000e+03 1.677234786638007691e+01
3.261000000000000000e+03 1.678035675441849151e+01
3.262000000000000000e+03 1.678862749987093395e+01
3.263000000000000000e+03 1.679720472092303041e+01
3.264000000000000000e+03 1.680612473499342130e+01
3.265000000000000000e+03 1.681541401848890871e+01
3.266000000000000000e+03 1.682508764534814460e+01
3.267000000000000000e+03 1.683514597802571444e+01
3.268000000000000000e+03 1.684557165220479646e+01
3.269000000000000000e+03 1.685632955454143556e+01
3.270000000000000000e+03 1.686737043377901557e+01
3.271000000000000000e+03 1.687863770227521343e+01
3.272000000000000000e+03 1.689007597053574727e+01
3.273000000000000000e+03 1.690163876407560650e+01
3.274000000000000000e+03 1.691329301944571029e+01
3.275000000000000000e+03 1.692501780832596125e+01
3.276000000000000000e+03 1.693679716100917787e+01
3.277000000000000000e+03 1.694861007623294213e+01
3.278000000000000000e+03 1.696042172135043202e+01
3.279000000000000000e+03 1.697217849055615702e+01
3.280000000000000000e+03 1.698380888888596729e+01
3.281000000000000000e+03 1.699522926213855101e+01
3.282000000000000000e+03 1.700635228284118128e+01
3.283000000000000000e+03 1.701709526037537046e+01
3.284000000000000000e+03 1.702738635677810919e+01
3.285000000000000000e+03 1.703716744278505502e+01
3.286000000000000000e+03 1.704639194535103996e+01
3.287000000000000000e+03 1.705501886682164070e+01
3.288000000000000000e+03 1.706300698898461832e+01
3.289000000000000000e+03 1.707031429373131104e+01
3.290000000000000000e+03 1.707690290425048474e+01
3.291000000000000000e+03 1.708274409275732708e+01
3.292000000000000000e+03 1.708781886127980343e+01
3.293000000000000000e+03 1.709211335407627530e+01
3.294000000000000000e+03 1.709561144589892834e+01
3.295000000000000000e+03 1.709828836756370052e+01
3.296000000000000000e+03 1.710010815741258483e+01
3.297000000000000000e+03 1.710102686358214186e+01
3.298000000000000000e+03 1.710100204859570994e+01
3.299000000000000000e+03 1.710000604871374463e+01
3.300000000000000000e+03 1.709803986157483280e+01
3.301000000000000000e+03 1.709514240609588498e+01
3.302000000000000000e+03 1.709139293153699413e+01
3.303000000000000000e+03 1.708690603461535318e+01
3.304000000000000000e+03 1.708182065441395636e+01
3.305000000000000000e+03 1.707628741658115956e+01
3.306000000000000000e+03 1.707045831370264821e+01
3.307000000000000000e+03 1.706448002808698305e+01
3.308000000000000000e+03 1.705849087827673571e+01
3.309000000000000000e+03 1.705261944100921312e+01
3.310000000000000000e+03 1.704698217002226457e+01
3.311000000000000000e+03 1.704168071592544109e+01
3.312000000000000000e+03 1.703680044765429358e+01
3.313000000000000000e+03 1.703241111055680079e+01
3.314000000000000000e+03 1.702857109788548939e+01
3.315000000000000000e+03 1.702533470976706909e+01
3.316000000000000000e+03 1.702276021211428514e+01
3.317000000000000000e+03 1.702091422216990679e+01
3.318000000000000000e+03 1.701986996740841107e+01
3.319000000000000000e+03 1.701969772210064846e+01
3.320000000000000000e+03 1.702044879625802665e+01
3.321000000000000000e+03 1.702213896921348635e+01
3.322000000000000000e+03 1.702473865915147400e+01
3.323000000000000000e+03 1.702817349335554553e+01
3.324000000000000000e+03 1.703233394220458763e+01
3.325000000000000000e+03 1.703708680344893267e+01
3.326000000000000000e+03 1.704228509651083456e+01
3.327000000000000000e+03 1.704777559588571734e+01
3.328000000000000000e+03 1.705340551347262945e+01
3.329000000000000000e+03 1.705902798163863210e+01
3.330000000000000000e+03 1.706450606519605273e+01
3.331000000000000000e+03 1.706971509522487196e+01
3.332000000000000000e+03 1.707454305378333004e+01
3.333000000000000000e+03 1.707889181092689768e+01
3.334000000000000000e+03 1.708267941261996725e+01
3.335000000000000000e+03 1.708584119531188605e+01
3.336000000000000000e+03 1.708832786965731998e+01
3.337000000000000000e+03 1.709010118909533560e+01
3.338000000000000000e+03 1.709113251876546968e+01
3.339000000000000000e+03 1.709140557003872374e+01
3.340000000000000000e+03 1.709092229450944700e+01
3.341000000000000000e+03 1.708970881743091041e+01
3.342000000000000000e+03 1.708781865420514379e+01
3.343000000000000000e+03 1.708533140405461381e+01
3.344000000000000000e+03 1.708234866208162472e+01
3.345000000000000000e+03 1.707899026991490388e+01
3.346000000000000000e+03 1.707539399926290002e+01
3.347000000000000000e+03 1.707171663871296730e+01
3.348000000000000000e+03 1.706813212355880083e+01
3.349000000000000000e+03 1.706482424581093582e+01
3.350000000000000000e+03 1.706197525520170188e+01
3.351000000000000000e+03 1.705926741447058603e+01
3.352000000000000000e+03 1.705722466187983954e+01
3.353000000000000000e+03 1.705610460856137323e+01
3.354000000000000000e+03 1.705598870367482789e+01
3.355000000000000000e+03 1.705692673655636327e+01
3.356000000000000000e+03 1.705894188737191541e+01
3.357000000000000000e+03 1.706138600309711251e+01
3.358000000000000000e+03 1.706307844845679256e+01
3.359000000000000000e+03 1.706579900796364768e+01
3.360000000000000000e+03 1.706952617050689014e+01
3.361000000000000000e+03 1.707423282441359191e+01
3.362000000000000000e+03 1.707988749817266694e+01
3.363000000000000000e+03 1.708645516242976825e+01
3.364000000000000000e+03 1.709389893092886936e+01
3.365000000000000000e+03 1.710218272344091872e+01
3.366000000000000000e+03 1.711127359352067501e+01
3.367000000000000000e+03 1.712114206072535438e+01
3.368000000000000000e+03 1.713175887225122551e+01
3.369000000000000000e+03 1.714308761250427438e+01
3.370000000000000000e+03 1.715507379355515738e+01
3.371000000000000000e+03 1.716763350542401412e+01
3.372000000000000000e+03 1.718018418802484604e+01
3.373000000000000000e+03 1.719256248170524515e+01
3.374000000000000000e+03 1.720496717788642371e+01
3.375000000000000000e+03 1.721717809146830547e+01
3.376000000000000000e+03 1.722896651007432212e+01
3.377000000000000000e+03 1.724011733371993671e+01
3.378000000000000000e+03 1.725045470534132974e+01
3.379000000000000000e+03 1.725986750708953110e+01
3.380000000000000000e+03 1.726832572804118016e+01
3.381000000000000000e+03 1.727587694558254583e+01
3.382000000000000000e+03 1.728262228380059540e+01
3.383000000000000000e+03 1.728868598085429653e+01
3.384000000000000000e+03 1.729419203494060753e+01
3.385000000000000000e+03 1.729925303772181167e+01
3.386000000000000000e+03 1.730396879428507617e+01
3.387000000000000000e+03 1.730842947590683778e+01
3.388000000000000000e+03 1.731271930789616675e+01
3.389000000000000000e+03 1.731691912226912677e+01
3.390000000000000000e+03 1.732110766030301008e+01
3.391000000000000000e+03 1.732536212150344568e+01
3.392000000000000000e+03 1.732975740670612552e+01
3.393000000000000000e+03 1.733436192190200131e+01
3.394000000000000000e+03 1.733922851310855862e+01
3.395000000000000000e+03 1.734438253227336446e+01
3.396000000000000000e+03 1.734981252662394979e+01
3.397000000000000000e+03 1.735547019701936122e+01
3.398000000000000000e+03 1.736128010154727264e+01
3.399000000000000000e+03 1.736715390488414101e+01
3.400000000000000000e+03 1.737300373737640058e+01
3.401000000000000000e+03 1.737875201302750128e+01
3.402000000000000000e+03 1.738433996755219013e+01
3.403000000000000000e+03 1.738973665251307210e+01
3.404000000000000000e+03 1.739494915054323343e+01
3.405000000000000000e+03 1.740003093361288933e+01
3.406000000000000000e+03 1.740508504357400454e+01
3.407000000000000000e+03 1.741025872310411415e+01
3.408000000000000000e+03 1.741463888889686373e+01
3.409000000000000000e+03 1.741926896247401046e+01
3.410000000000000000e+03 1.742465467954378866e+01
3.411000000000000000e+03 1.743094927279858553e+01
3.412000000000000000e+03 1.743825720270002222e+01
3.413000000000000000e+03 1.744662822988404471e+01
3.414000000000000000e+03 1.745605896079676356e+01
3.415000000000000000e+03 1.746650047340195044e+01
3.416000000000000000e+03 1.747786899416466611e+01
3.417000000000000000e+03 1.749005769115440145e+01
3.418000000000000000e+03 1.750294767979454491e+01
3.419000000000000000e+03 1.751641752182766965e+01
3.420000000000000000e+03 1.753034913127109817e+01
3.421000000000000000e+03 1.754462991820521012e+01
3.422000000000000000e+03 1.755915239793418436e+01
3.423000000000000000e+03 1.757381255332813197e+01
3.424000000000000000e+03 1.758850922735343403e+01
3.425000000000000000e+03 1.760314478010531047e+01
3.426000000000000000e+03 1.761762736926562667e+01
3.427000000000000000e+03 1.763187329606726905e+01
3.428000000000000000e+03 1.764580758837922758e+01
3.429000000000000000e+03 1.765936115233518322e+01
3.430000000000000000e+03 1.767246483902292908e+01
3.431000000000000000e+03 1.768504298957147469e+01
3.432000000000000000e+03 1.769701084437100747e+01
3.433000000000000000e+03 1.770827831453481593e+01
3.434000000000000000e+03 1.771876083816887260e+01
3.435000000000000000e+03 1.772839273662285819e+01
3.436000000000000000e+03 1.773713871495620964e+01
3.437000000000000000e+03 1.774500017311935807e+01
3.438000000000000000e+03 1.775201431186690826e+01
3.439000000000000000e+03 1.775824574305685388e+01
3.440000000000000000e+03 1.776377356498116100e+01
3.441000000000000000e+03 1.776867751797447426e+01
3.442000000000000000e+03 1.777302788631982722e+01
3.443000000000000000e+03 1.777688171458063593e+01
3.444000000000000000e+03 1.778028443494557465e+01
3.445000000000000000e+03 1.778327427988556053e+01
3.446000000000000000e+03 1.778588679405502759e+01
3.447000000000000000e+03 1.778815787391000214e+01
3.448000000000000000e+03 1.779012621749354395e+01
3.449000000000000000e+03 1.779183474579458135e+01
3.450000000000000000e+03 1.779333108603862001e+01
3.451000000000000000e+03 1.779466665461042396e+01
3.452000000000000000e+03 1.779589254584261226e+01
3.453000000000000000e+03 1.779705340085689258e+01
3.454000000000000000e+03 1.779789115376710384e+01
3.455000000000000000e+03 1.779756491455055212e+01
3.456000000000000000e+03 1.779737697406441654e+01
3.457000000000000000e+03 1.779734710362665595e+01
3.458000000000000000e+03 1.779750029472491946e+01
3.459000000000000000e+03 1.779787451332745363e+01
3.460000000000000000e+03 1.779852535058657281e+01
3.461000000000000000e+03 1.779952693475757286e+01
3.462000000000000000e+03 1.780096871944915549e+01
3.463000000000000000e+03 1.780294915118324184e+01
3.464000000000000000e+03 1.780556606195109026e+01
3.465000000000000000e+03 1.780890689238731994e+01
3.466000000000000000e+03 1.781273408337351327e+01
3.467000000000000000e+03 1.781674627425685031e+01
3.468000000000000000e+03 1.782162413875689566e+01
3.469000000000000000e+03 1.782739241299235999e+01
3.470000000000000000e+03 1.783406411954914006e+01
3.471000000000000000e+03 1.784164284786757548e+01
3.472000000000000000e+03 1.784871515197666270e+01
3.473000000000000000e+03 1.785640692529563367e+01
3.474000000000000000e+03 1.786485179819236535e+01
3.475000000000000000e+03 1.787402048281088085e+01
3.476000000000000000e+03 1.788386653446350039e+01
3.477000000000000000e+03 1.789432610025038173e+01
3.478000000000000000e+03 1.790532082130186708e+01
3.479000000000000000e+03 1.791676363346536149e+01
3.480000000000000000e+03 1.792856648531740049e+01
3.481000000000000000e+03 1.794064910096535925e+01
3.482000000000000000e+03 1.795294731712967007e+01
3.483000000000000000e+03 1.796541997770088983e+01
3.484000000000000000e+03 1.797805251152700023e+01
3.485000000000000000e+03 1.799085624312121112e+01
3.486000000000000000e+03 1.800386267164168430e+01
3.487000000000000000e+03 1.801711492357042488e+01
3.488000000000000000e+03 1.803065835945549367e+01
3.489000000000000000e+03 1.804453221415641906e+01
3.490000000000000000e+03 1.805876279393380202e+01
3.491000000000000000e+03 1.807335945726376991e+01
3.492000000000000000e+03 1.808831291999468860e+01
3.493000000000000000e+03 1.810359619722719060e+01
3.494000000000000000e+03 1.811916802716280372e+01
3.495000000000000000e+03 1.813497625190609952e+01
3.496000000000000000e+03 1.814976297617804946e+01
3.497000000000000000e+03 1.816382682819481431e+01
3.498000000000000000e+03 1.817668475000979100e+01
3.499000000000000000e+03 1.818946572892504321e+01
3.500000000000000000e+03 1.820207915796023812e+01
3.501000000000000000e+03 1.821443102037802930e+01
3.502000000000000000e+03 1.822573634423259392e+01
3.503000000000000000e+03 1.823621229866714089e+01
3.504000000000000000e+03 1.824618188772162597e+01
3.505000000000000000e+03 1.825560133467721613e+01
3.506000000000000000e+03 1.826444413971953651e+01
3.507000000000000000e+03 1.827270187904517229e+01
3.508000000000000000e+03 1.828038646302846004e+01
3.509000000000000000e+03 1.828753172872839627e+01
3.510000000000000000e+03 1.829419167629504983e+01
3.511000000000000000e+03 1.830043478379636213e+01
3.512000000000000000e+03 1.830633566214393326e+01
3.513000000000000000e+03 1.831196747960443005e+01
3.514000000000000000e+03 1.831739628521277297e+01
3.515000000000000000e+03 1.832267631946368880e+01
3.516000000000000000e+03 1.832784589951801735e+01
3.517000000000000000e+03 1.833292415351009197e+01
3.518000000000000000e+03 1.833791011623195288e+01
3.519000000000000000e+03 1.834278549276002934e+01
3.520000000000000000e+03 1.834752063480795670e+01
3.521000000000000000e+03 1.835208058875846504e+01
3.522000000000000000e+03 1.835643046841285297e+01
3.523000000000000000e+03 1.836053976864711501e+01
3.524000000000000000e+03 1.836438684164016877e+01
3.525000000000000000e+03 1.836796528806278417e+01
3.526000000000000000e+03 1.837129175469105036e+01
3.527000000000000000e+03 1.837440965467102671e+01
3.528000000000000000e+03 1.837738527812957301e+01
3.529000000000000000e+03 1.838029582794384353e+01
3.530000000000000000e+03 1.838321396416178288e+01
3.531000000000000000e+03 1.838619599383140724e+01
3.532000000000000000e+03 1.838927567904304539e+01
3.533000000000000000e+03 1.839246370625345861e+01
3.534000000000000000e+03 1.839575306252221765e+01
3.535000000000000000e+03 1.839913039857012578e+01
3.536000000000000000e+03 1.840259076477495270e+01
3.537000000000000000e+03 1.840614973416549560e+01
3.538000000000000000e+03 1.840984700103048510e+01
3.539000000000000000e+03 1.841373901979729055e+01
3.540000000000000000e+03 1.841788717083102966e+01
3.541000000000000000e+03 1.842234850403272617e+01
3.542000000000000000e+03 1.842717181167171958e+01
3.543000000000000000e+03 1.843239848493042743e+01
3.544000000000000000e+03 1.843806508556845358e+01
3.545000000000000000e+03 1.844420555572328624e+01
3.546000000000000000e+03 1.845085066132103435e+01
3.547000000000000000e+03 1.845802464001373977e+01
3.548000000000000000e+03 1.846574030447582970e+01
3.549000000000000000e+03 1.847399372688077079e+01
3.550000000000000000e+03 1.848276028034884888e+01
3.551000000000000000e+03 1.849199286170525625e+01
3.552000000000000000e+03 1.850162212823940422e+01
3.553000000000000000e+03 1.851104559995513199e+01
3.554000000000000000e+03 1.851901007185091430e+01
3.555000000000000000e+03 1.852699403852637872e+01
3.556000000000000000e+03 1.853493236446358949e+01
3.557000000000000000e+03 1.854276518515759520e+01
3.558000000000000000e+03 1.855044280359775399e+01
3.559000000000000000e+03 1.855792803726739848e+01
3.560000000000000000e+03 1.856519612967127131e+01
3.561000000000000000e+03 1.857223334901491540e+01
3.562000000000000000e+03 1.857903546893583524e+01
3.563000000000000000e+03 1.858560710722578335e+01
3.564000000000000000e+03 1.859196390636125074e+01
3.565000000000000000e+03 1.859811177101052593e+01
3.566000000000000000e+03 1.860334685461857873e+01
3.567000000000000000e+03 1.860878937503566277e+01
3.568000000000000000e+03 1.861453068995182747e+01
3.569000000000000000e+03 1.862066745286059444e+01
3.570000000000000000e+03 1.862728673881495212e+01
3.571000000000000000e+03 1.863445091238484963e+01
3.572000000000000000e+03 1.864218673074479327e+01
3.573000000000000000e+03 1.864942883400258111e+01
3.574000000000000000e+03 1.865691280329658142e+01
3.575000000000000000e+03 1.866455662424122863e+01
3.576000000000000000e+03 1.867224995194306558e+01
3.577000000000000000e+03 1.867987181731467672e+01
3.578000000000000000e+03 1.868650279862424668e+01
3.579000000000000000e+03 1.869246876219062869e+01
3.580000000000000000e+03 1.869810698936891313e+01
3.581000000000000000e+03 1.870336468437670518e+01
3.582000000000000000e+03 1.870821355007785058e+01
3.583000000000000000e+03 1.871264613262907162e+01
3.584000000000000000e+03 1.871667024072106145e+01
3.585000000000000000e+03 1.872029998364272529e+01
3.586000000000000000e+03 1.872354392895413255e+01
3.587000000000000000e+03 1.872639411671178067e+01
3.588000000000000000e+03 1.872881917048081846e+01
3.589000000000000000e+03 1.873076565670214677e+01
3.590000000000000000e+03 1.873216729167271666e+01
3.591000000000000000e+03 1.873295869379571599e+01
3.592000000000000000e+03 1.873309008547342103e+01
3.593000000000000000e+03 1.873253911203803312e+01
3.594000000000000000e+03 1.873131783117970883e+01
3.595000000000000000e+03 1.872947552117933867e+01
3.596000000000000000e+03 1.872709679200858091e+01
3.597000000000000000e+03 1.872429542267913405e+01
3.598000000000000000e+03 1.872120440797534258e+01
3.599000000000000000e+03 1.871796207486323738e+01
3.600000000000000000e+03 1.871469650200283752e+01
3.601000000000000000e+03 1.871151166767433693e+01
3.602000000000000000e+03 1.870847959224062151e+01
3.603000000000000000e+03 1.870564111964746701e+01
3.604000000000000000e+03 1.870301296480771924e+01
3.605000000000000000e+03 1.870059683222573099e+01
3.606000000000000000e+03 1.869838865223654523e+01
3.607000000000000000e+03 1.869638639263106938e+01
3.608000000000000000e+03 1.869459605257208779e+01
3.609000000000000000e+03 1.869303462324475618e+01
3.610000000000000000e+03 1.869172932639459006e+01
3.611000000000000000e+03 1.869071353216332909e+01
3.612000000000000000e+03 1.868745549675281126e+01
3.613000000000000000e+03 1.868400870342679809e+01
3.614000000000000000e+03 1.868090460805706599e+01
3.615000000000000000e+03 1.867817647707521189e+01
3.616000000000000000e+03 1.867585187364686661e+01
3.617000000000000000e+03 1.867395520816574006e+01
3.618000000000000000e+03 1.867250995916554501e+01
3.619000000000000000e+03 1.867154048268217537e+01
3.620000000000000000e+03 1.867107216110524703e+01
3.621000000000000000e+03 1.867113128377842202e+01
3.622000000000000000e+03 1.867174478221664913e+01
3.623000000000000000e+03 1.867293957618306166e+01
3.624000000000000000e+03 1.867474133545111670e+01
3.625000000000000000e+03 1.867717147340586337e+01
3.626000000000000000e+03 1.868024261442560885e+01
3.627000000000000000e+03 1.868395402183259080e+01
3.628000000000000000e+03 1.868828922499741196e+01
3.629000000000000000e+03 1.869321761730483189e+01
3.630000000000000000e+03 1.869870056038424266e+01
3.631000000000000000e+03 1.870469976556304204e+01
3.632000000000000000e+03 1.871118488140383107e+01
3.633000000000000000e+03 1.871813573672796593e+01
3.634000000000000000e+03 1.872553787285188420e+01
3.635000000000000000e+03 1.873337341617078877e+01
3.636000000000000000e+03 1.874161171711335072e+01
3.637000000000000000e+03 1.875020492767690072e+01
3.638000000000000000e+03 1.875909198939567801e+01
3.639000000000000000e+03 1.876820899562093814e+01
3.640000000000000000e+03 1.877750269301231612e+01
3.641000000000000000e+03 1.878694300042387511e+01
3.642000000000000000e+03 1.879653164028611201e+01
3.643000000000000000e+03 1.880630500980105779e+01
3.644000000000000000e+03 1.881633014780681634e+01
3.645000000000000000e+03 1.882669548830385509e+01
3.646000000000000000e+03 1.883749947006946712e+01
3.647000000000000000e+03 1.884884077757770626e+01
3.648000000000000000e+03 1.886080936476839298e+01
3.649000000000000000e+03 1.887347824666045426e+01
3.650000000000000000e+03 1.888689597923406183e+01
3.651000000000000000e+03 1.890108054694935547e+01
3.652000000000000000e+03 1.891601433322048820e+01
3.653000000000000000e+03 1.893164167336109216e+01
3.654000000000000000e+03 1.894786866524625424e+01
3.655000000000000000e+03 1.896456587812371453e+01
3.656000000000000000e+03 1.898157453554656371e+01
3.657000000000000000e+03 1.899871651144136209e+01
3.658000000000000000e+03 1.901580927889269645e+01
3.659000000000000000e+03 1.903268357052743553e+01
3.660000000000000000e+03 1.904919933344626415e+01
3.661000000000000000e+03 1.906525466270748836e+01
3.662000000000000000e+03 1.908078539800196793e+01
3.663000000000000000e+03 1.909575845486428136e+01
3.664000000000000000e+03 1.911016315911515306e+01
3.665000000000000000e+03 1.912400538556476093e+01
3.666000000000000000e+03 1.913730456957821247e+01
3.667000000000000000e+03 1.915009195371960260e+01
3.668000000000000000e+03 1.916240894677516948e+01
3.669000000000000000e+03 1.917312693028934234e+01
3.670000000000000000e+03 1.918280723863295023e+01
3.671000000000000000e+03 1.919216855388307152e+01
3.672000000000000000e+03 1.920015931942835863e+01
3.673000000000000000e+03 1.920672743718224851e+01
3.674000000000000000e+03 1.921201917260182057e+01
3.675000000000000000e+03 1.921739558564764039e+01
3.676000000000000000e+03 1.922297509626465484e+01
3.677000000000000000e+03 1.922886926868302737e+01
3.678000000000000000e+03 1.923517491604613738e+01
3.679000000000000000e+03 1.924196783912134379e+01
3.680000000000000000e+03 1.924929829820295879e+01
3.681000000000000000e+03 1.925718791466400859e+01
3.682000000000000000e+03 1.926562767705607726e+01
3.683000000000000000e+03 1.927457705270298760e+01
3.684000000000000000e+03 1.928264685164239367e+01
3.685000000000000000e+03 1.929058940365828079e+01
3.686000000000000000e+03 1.929865232966348287e+01
3.687000000000000000e+03 1.930671363456778522e+01
3.688000000000000000e+03 1.931464830677675337e+01
3.689000000000000000e+03 1.932233714019292137e+01
3.690000000000000000e+03 1.932967137001686098e+01
3.691000000000000000e+03 1.933655390992547041e+01
3.692000000000000000e+03 1.934289693945870781e+01
3.693000000000000000e+03 1.934861839256534211e+01
3.694000000000000000e+03 1.935363965056597024e+01
3.695000000000000000e+03 1.935788780836173828e+01
3.696000000000000000e+03 1.936130445650283249e+01
3.697000000000000000e+03 1.936385963136798338e+01
3.698000000000000000e+03 1.936556581046254166e+01
3.699000000000000000e+03 1.936648390620936766e+01
3.700000000000000000e+03 1.936671864066997983e+01
3.701000000000000000e+03 1.936640630257740270e+01
3.702000000000000000e+03 1.936570057811825762e+01
3.703000000000000000e+03 1.936396607595950670e+01
3.704000000000000000e+03 1.936174304752852748e+01
3.705000000000000000e+03 1.935973775698221999e+01
3.706000000000000000e+03 1.935808152184140596e+01
3.707000000000000000e+03 1.935688634054604051e+01
3.708000000000000000e+03 1.935508300884288246e+01
3.709000000000000000e+03 1.935338875728007935e+01
3.710000000000000000e+03 1.935235787394847051e+01
3.711000000000000000e+03 1.935206592732568964e+01
3.712000000000000000e+03 1.935257379997182170e+01
3.713000000000000000e+03 1.935392254455474159e+01
3.714000000000000000e+03 1.935612961159571910e+01
3.715000000000000000e+03 1.935888426345798763e+01
3.716000000000000000e+03 1.936108549826591130e+01
3.717000000000000000e+03 1.936393776482296758e+01
3.718000000000000000e+03 1.936740921380385316e+01
3.719000000000000000e+03 1.937144948772375841e+01
3.720000000000000000e+03 1.937599839719121775e+01
3.721000000000000000e+03 1.938099540780180519e+01
3.722000000000000000e+03 1.938638713250811918e+01
3.723000000000000000e+03 1.939213036362389175e+01
3.724000000000000000e+03 1.939819148451775632e+01
3.725000000000000000e+03 1.940454476166964071e+01
3.726000000000000000e+03 1.941117145517577214e+01
3.727000000000000000e+03 1.941806083853046516e+01
3.728000000000000000e+03 1.942521130507644500e+01
3.729000000000000000e+03 1.943263049973193901e+01
3.730000000000000000e+03 1.944033369572347425e+01
3.731000000000000000e+03 1.944834118847682802e+01
3.732000000000000000e+03 1.945667655488236747e+01
3.733000000000000000e+03 1.946536607776343430e+01
3.734000000000000000e+03 1.947444105372386858e+01
3.735000000000000000e+03 1.948322369534196241e+01
3.736000000000000000e+03 1.949082061031241864e+01
3.737000000000000000e+03 1.949767414584523806e+01
3.738000000000000000e+03 1.950515631261053784e+01
3.739000000000000000e+03 1.951332528410718936e+01
3.740000000000000000e+03 1.952222063237429239e+01
3.741000000000000000e+03 1.953186533838690764e+01
3.742000000000000000e+03 1.954227060301477081e+01
3.743000000000000000e+03 1.955344053036134611e+01
3.744000000000000000e+03 1.956537498300984268e+01
3.745000000000000000e+03 1.957478640500095324e+01
3.746000000000000000e+03 1.958421541433691004e+01
3.747000000000000000e+03 1.959447937894353942e+01
3.748000000000000000e+03 1.960558377373287442e+01
3.749000000000000000e+03 1.961752635732359806e+01
3.750000000000000000e+03 1.963029568685515613e+01
3.751000000000000000e+03 1.964386994996695535e+01
3.752000000000000000e+03 1.965821356657102115e+01
3.753000000000000000e+03 1.967327134844961023e+01
3.754000000000000000e+03 1.968896198367433570e+01
3.755000000000000000e+03 1.970517707599385204e+01
3.756000000000000000e+03 1.972178912399911255e+01
3.757000000000000000e+03 1.973866652346501382e+01
3.758000000000000000e+03 1.975568807921021630e+01
3.759000000000000000e+03 1.977275234733168929e+01
3.760000000000000000e+03 1.978978025664741480e+01
3.761000000000000000e+03 1.980565177892832196e+01
3.762000000000000000e+03 1.982112895173529310e+01
3.763000000000000000e+03 1.983647384766108246e+01
3.764000000000000000e+03 1.985164438155808142e+01
3.765000000000000000e+03 1.986658713206522364e+01
3.766000000000000000e+03 1.988123494838870542e+01
3.767000000000000000e+03 1.989550753310232523e+01
3.768000000000000000e+03 1.990931334349308202e+01
3.769000000000000000e+03 1.992255253689245365e+01
3.770000000000000000e+03 1.993466682093351494e+01
3.771000000000000000e+03 1.994510904864536371e+01
3.772000000000000000e+03 1.995468032453285190e+01
3.773000000000000000e+03 1.996332644873807993e+01
3.774000000000000000e+03 1.996956591534970826e+01
3.775000000000000000e+03 1.997396701817349296e+01
3.776000000000000000e+03 1.997732230071747495e+01
3.777000000000000000e+03 1.997970843624391790e+01
3.778000000000000000e+03 1.998121267214928309e+01
3.779000000000000000e+03 1.998192367855859430e+01
3.780000000000000000e+03 1.998192355521879904e+01
3.781000000000000000e+03 1.998050686997729031e+01
3.782000000000000000e+03 1.997659682430899508e+01
3.783000000000000000e+03 1.997205624858880313e+01
3.784000000000000000e+03 1.996694124237598089e+01
3.785000000000000000e+03 1.996131823636984493e+01
3.786000000000000000e+03 1.995527740116754600e+01
3.787000000000000000e+03 1.994894184243984725e+01
3.788000000000000000e+03 1.994246684098846245e+01
3.789000000000000000e+03 1.993602984994674188e+01
3.790000000000000000e+03 1.992981522281639073e+01
3.791000000000000000e+03 1.992399933025440717e+01
3.792000000000000000e+03 1.991873859803746427e+01
3.793000000000000000e+03 1.991416148059378344e+01
3.794000000000000000e+03 1.991036437306443929e+01
3.795000000000000000e+03 1.990741165645057720e+01
3.796000000000000000e+03 1.990533888213357017e+01
3.797000000000000000e+03 1.990415857727465010e+01
3.798000000000000000e+03 1.990386812853778764e+01
3.799000000000000000e+03 1.990445689609415325e+01
3.800000000000000000e+03 1.990591197039416471e+01
3.801000000000000000e+03 1.990822127041847978e+01
3.802000000000000000e+03 1.991137371445340776e+01
3.803000000000000000e+03 1.991535802266454525e+01
3.804000000000000000e+03 1.992016122922064270e+01
3.805000000000000000e+03 1.992576889296820042e+01
3.806000000000000000e+03 1.993188015040832539e+01
3.807000000000000000e+03 1.993835494647873929e+01
3.808000000000000000e+03 1.994560515086899954e+01
3.809000000000000000e+03 1.995362884113300694e+01
3.810000000000000000e+03 1.996242687278563821e+01
3.811000000000000000e+03 1.997200654990527369e+01
3.812000000000000000e+03 1.998238750363094951e+01
3.813000000000000000e+03 1.999333052755006079e+01
3.814000000000000000e+03 2.000456468436384938e+01
3.815000000000000000e+03 2.001673345307430907e+01
3.816000000000000000e+03 2.002989881694690411e+01
3.817000000000000000e+03 2.004411167096314017e+01
3.818000000000000000e+03 2.005828072442778165e+01
3.819000000000000000e+03 2.007287094764176771e+01
3.820000000000000000e+03 2.008858048922969530e+01
3.821000000000000000e+03 2.010537579134300756e+01
3.822000000000000000e+03 2.012319810252163776e+01
3.823000000000000000e+03 2.014196480954095847e+01
3.824000000000000000e+03 2.016157119198471293e+01
3.825000000000000000e+03 2.018189235025035089e+01
3.826000000000000000e+03 2.020278485512849187e+01
3.827000000000000000e+03 2.022408799411260460e+01
3.828000000000000000e+03 2.024562542143338106e+01
3.829000000000000000e+03 2.026720745181319927e+01
3.830000000000000000e+03 2.028863462090838965e+01
3.831000000000000000e+03 2.030970146942084398e+01
3.832000000000000000e+03 2.033020004411642034e+01
3.833000000000000000e+03 2.034992242335631119e+01
3.834000000000000000e+03 2.036866244150143856e+01
3.835000000000000000e+03 2.038529321535800776e+01
3.836000000000000000e+03 2.039989781615017606e+01
3.837000000000000000e+03 2.041240496781443881e+01
3.838000000000000000e+03 2.042309308402131762e+01
3.839000000000000000e+03 2.043188162355538751e+01
3.840000000000000000e+03 2.043875112897872270e+01
3.841000000000000000e+03 2.044374614601277784e+01
3.842000000000000000e+03 2.044697288580637462e+01
3.843000000000000000e+03 2.044859286366476425e+01
3.844000000000000000e+03 2.044881209409776801e+01
3.845000000000000000e+03 2.044786588491182400e+01
3.846000000000000000e+03 2.044600209453031425e+01
3.847000000000000000e+03 2.044346508788796513e+01
3.848000000000000000e+03 2.044048324897480029e+01
3.849000000000000000e+03 2.043726104857864101e+01
3.850000000000000000e+03 2.043397440305367141e+01
3.851000000000000000e+03 2.043076975431321074e+01
3.852000000000000000e+03 2.042776609297268209e+01
3.853000000000000000e+03 2.042505924918646798e+01
3.854000000000000000e+03 2.042272760213041138e+01
3.855000000000000000e+03 2.042083690663507412e+01
3.856000000000000000e+03 2.041876759485815995e+01
3.857000000000000000e+03 2.041650613932357317e+01
3.858000000000000000e+03 2.041479760116230224e+01
3.859000000000000000e+03 2.041369718915174758e+01
3.860000000000000000e+03 2.041325002326368576e+01
3.861000000000000000e+03 2.041349147460262259e+01
3.862000000000000000e+03 2.041444674006093152e+01
3.863000000000000000e+03 2.041612866299827544e+01
3.864000000000000000e+03 2.041853318232388403e+01
3.865000000000000000e+03 2.042163429178713585e+01
3.866000000000000000e+03 2.042538448985256494e+01
3.867000000000000000e+03 2.042972520862628016e+01
3.868000000000000000e+03 2.043460280426116071e+01
3.869000000000000000e+03 2.043998110942355595e+01
3.870000000000000000e+03 2.044584540715688092e+01
3.871000000000000000e+03 2.045219616618221181e+01
3.872000000000000000e+03 2.045903857135278514e+01
3.873000000000000000e+03 2.046637345817823572e+01
3.874000000000000000e+03 2.047419237374759859e+01
3.875000000000000000e+03 2.048247839230284484e+01
3.876000000000000000e+03 2.049121116589597591e+01
3.877000000000000000e+03 2.050037373367094773e+01
3.878000000000000000e+03 2.050995974571361558e+01
3.879000000000000000e+03 2.051997673592071791e+01
3.880000000000000000e+03 2.052914410481281138e+01
3.881000000000000000e+03 2.053835678784271579e+01
3.882000000000000000e+03 2.054813335005718500e+01
3.883000000000000000e+03 2.055849325380676618e+01
3.884000000000000000e+03 2.056943096814808669e+01
3.885000000000000000e+03 2.058091984079181458e+01
3.886000000000000000e+03 2.059291880521745810e+01
3.887000000000000000e+03 2.060538009412104898e+01
3.888000000000000000e+03 2.061825502507882746e+01
3.889000000000000000e+03 2.062947033322235413e+01
3.890000000000000000e+03 2.063982671806362390e+01
3.891000000000000000e+03 2.065052108055313695e+01
3.892000000000000000e+03 2.066154019963639499e+01
3.893000000000000000e+03 2.067285798275239728e+01
3.894000000000000000e+03 2.068443210762896811e+01
3.895000000000000000e+03 2.069620315643042119e+01
3.896000000000000000e+03 2.070809730788460712e+01
3.897000000000000000e+03 2.072003149443229475e+01
3.898000000000000000e+03 2.073191911709627888e+01
3.899000000000000000e+03 2.074289445216420802e+01
3.900000000000000000e+03 2.075214273377368102e+01
3.901000000000000000e+03 2.076104222241603026e+01
3.902000000000000000e+03 2.076955846712997911e+01
3.903000000000000000e+03 2.077766350837326570e+01
3.904000000000000000e+03 2.078533742590952116e+01
3.905000000000000000e+03 2.078971321311173881e+01
3.906000000000000000e+03 2.079327476427007326e+01
3.907000000000000000e+03 2.079652878905614344e+01
3.908000000000000000e+03 2.079951982380542219e+01
3.909000000000000000e+03 2.080230073472771579e+01
3.910000000000000000e+03 2.080493028052993054e+01
3.911000000000000000e+03 2.080747120692711150e+01
3.912000000000000000e+03 2.080998971160589406e+01
3.913000000000000000e+03 2.081255612721384551e+01
3.914000000000000000e+03 2.081524468087420843e+01
3.915000000000000000e+03 2.081813073578662099e+01
3.916000000000000000e+03 2.082128582809425410e+01
3.917000000000000000e+03 2.082477317009108475e+01
3.918000000000000000e+03 2.082847270881631729e+01
3.919000000000000000e+03 2.083155199727344709e+01
3.920000000000000000e+03 2.083520418846659439e+01
3.921000000000000000e+03 2.083943990442986660e+01
3.922000000000000000e+03 2.084425715638300147e+01
3.923000000000000000e+03 2.084964038896261584e+01
3.924000000000000000e+03 2.085556010112455638e+01
3.925000000000000000e+03 2.086197356221869370e+01
3.926000000000000000e+03 2.086882838569442100e+01
3.927000000000000000e+03 2.087606956522655111e+01
3.928000000000000000e+03 2.088364939816763410e+01
3.929000000000000000e+03 2.089153805471057268e+01
3.930000000000000000e+03 2.089928874046226781e+01
3.931000000000000000e+03 2.090539428034315961e+01
3.932000000000000000e+03 2.091176525731009406e+01
3.933000000000000000e+03 2.091845110659698292e+01
3.934000000000000000e+03 2.092547665772445953e+01
3.935000000000000000e+03 2.093282899233664196e+01
3.936000000000000000e+03 2.094045658063012638e+01
3.937000000000000000e+03 2.094827876379536491e+01
3.938000000000000000e+03 2.095619845805581605e+01
3.939000000000000000e+03 2.096411384196208161e+01
3.940000000000000000e+03 2.097192715259676987e+01
3.941000000000000000e+03 2.097955217767145086e+01
3.942000000000000000e+03 2.098692239105123747e+01
3.943000000000000000e+03 2.099299179158724726e+01
3.944000000000000000e+03 2.099779683962293220e+01
3.945000000000000000e+03 2.100242993878341480e+01
3.946000000000000000e+03 2.100700118963103336e+01
3.947000000000000000e+03 2.101165368644884524e+01
3.948000000000000000e+03 2.101654226019041971e+01
3.949000000000000000e+03 2.102181009886008312e+01
3.950000000000000000e+03 2.102757122466434225e+01
3.951000000000000000e+03 2.103390281515614646e+01
3.952000000000000000e+03 2.104084497976597490e+01
3.953000000000000000e+03 2.104840423355030765e+01
3.954000000000000000e+03 2.105653921968139031e+01
3.955000000000000000e+03 2.106483709160128726e+01
3.956000000000000000e+03 2.107362050721149416e+01
3.957000000000000000e+03 2.108281426181537199e+01
3.958000000000000000e+03 2.109234255542853731e+01
3.959000000000000000e+03 2.110214215630899304e+01
3.960000000000000000e+03 2.111217772288416228e+01
3.961000000000000000e+03 2.112169345860430525e+01
3.962000000000000000e+03 2.113095640544084475e+01
3.963000000000000000e+03 2.114053880122674656e+01
3.964000000000000000e+03 2.115052515088469676e+01
3.965000000000000000e+03 2.116097375709347972e+01
3.966000000000000000e+03 2.117190377042746263e+01
3.967000000000000000e+03 2.118329498863085547e+01
3.968000000000000000e+03 2.119509484192056092e+01
3.969000000000000000e+03 2.120722761164476111e+01
3.970000000000000000e+03 2.121960189461979951e+01
3.971000000000000000e+03 2.123211519867106034e+01
3.972000000000000000e+03 2.124465834236829664e+01
3.973000000000000000e+03 2.125712172753411622e+01
3.974000000000000000e+03 2.126940325643634466e+01
3.975000000000000000e+03 2.128141774972796441e+01
3.976000000000000000e+03 2.129310508317112038e+01
3.977000000000000000e+03 2.130443355268189620e+01
3.978000000000000000e+03 2.131539791958172358e+01
3.979000000000000000e+03 2.132601329328860373e+01
3.980000000000000000e+03 2.133630784580660844e+01
3.981000000000000000e+03 2.134604394677506889e+01
3.982000000000000000e+03 2.135291371924583359e+01
3.983000000000000000e+03 2.135901561921347280e+01
3.984000000000000000e+03 2.136492521678637502e+01
3.985000000000000000e+03 2.137067413150650097e+01
3.986000000000000000e+03 2.137628513232820637e+01
3.987000000000000000e+03 2.138177428392874191e+01
3.988000000000000000e+03 2.138715415456717395e+01
3.989000000000000000e+03 2.139243700674517612e+01
3.990000000000000000e+03 2.139763672443611853e+01
3.991000000000000000e+03 2.140276798365225375e+01
3.992000000000000000e+03 2.140740295084502520e+01
3.993000000000000000e+03 2.141162196677272789e+01
3.994000000000000000e+03 2.141583925758133944e+01
3.995000000000000000e+03 2.142002631359873988e+01
3.996000000000000000e+03 2.142415315995975789e+01
3.997000000000000000e+03 2.142819839018693528e+01
3.998000000000000000e+03 2.143215696149758642e+01
3.999000000000000000e+03 2.143604492384608307e+01
4.000000000000000000e+03 2.143990154982763841e+01
4.001000000000000000e+03 2.144378772396766664e+01
4.002000000000000000e+03 2.144778129712683779e+01
4.003000000000000000e+03 2.145196887423040266e+01
4.004000000000000000e+03 2.145643289811862431e+01
4.005000000000000000e+03 2.146123455660031354e+01
4.006000000000000000e+03 2.146639587421589468e+01
4.007000000000000000e+03 2.147188841366194723e+01
4.008000000000000000e+03 2.147763594182175240e+01
4.009000000000000000e+03 2.148352952727816501e+01
4.010000000000000000e+03 2.148944593561676442e+01
4.011000000000000000e+03 2.149526271998248461e+01
4.012000000000000000e+03 2.150086855696816457e+01
4.013000000000000000e+03 2.150617090385665620e+01
4.014000000000000000e+03 2.151110245869992710e+01
4.015000000000000000e+03 2.151562594611723256e+01
4.016000000000000000e+03 2.151973605918298915e+01
4.017000000000000000e+03 2.152345905492488498e+01
4.018000000000000000e+03 2.152405661547154381e+01
4.019000000000000000e+03 2.152428497682520359e+01
4.020000000000000000e+03 2.152433592654856298e+01
4.021000000000000000e+03 2.152432244317401455e+01
4.022000000000000000e+03 2.152434005250795934e+01
4.023000000000000000e+03 2.152323544245178510e+01
4.024000000000000000e+03 2.152247487988519481e+01
4.025000000000000000e+03 2.152022091313035901e+01
4.026000000000000000e+03 2.151864923528998474e+01
4.027000000000000000e+03 2.151773000692646320e+01
4.028000000000000000e+03 2.151653454997043013e+01
4.029000000000000000e+03 2.151615073457391247e+01
4.030000000000000000e+03 2.151660663521803940e+01
4.031000000000000000e+03 2.151791531947534963e+01
4.032000000000000000e+03 2.152007669392017419e+01
4.033000000000000000e+03 2.152307781827359179e+01
4.034000000000000000e+03 2.152689048656687376e+01
4.035000000000000000e+03 2.153146751513518709e+01
4.036000000000000000e+03 2.153673909912064843e+01
4.037000000000000000e+03 2.154261248953037011e+01
4.038000000000000000e+03 2.154897573993418902e+01
4.039000000000000000e+03 2.155570453649142593e+01
4.040000000000000000e+03 2.156267012098129499e+01
4.041000000000000000e+03 2.156974485528913377e+01
4.042000000000000000e+03 2.157680479828894704e+01
4.043000000000000000e+03 2.158373005762672037e+01
4.044000000000000000e+03 2.159040629604868400e+01
4.045000000000000000e+03 2.159672972936335356e+01
4.046000000000000000e+03 2.160261527983183072e+01
4.047000000000000000e+03 2.160800415541225661e+01
4.048000000000000000e+03 2.161286767889190941e+01
4.049000000000000000e+03 2.161720705337973669e+01
4.050000000000000000e+03 2.162069993800417933e+01
4.051000000000000000e+03 2.162351002880486561e+01
4.052000000000000000e+03 2.162608633209737974e+01
4.053000000000000000e+03 2.162853968478080802e+01
4.054000000000000000e+03 2.163098996833087995e+01
4.055000000000000000e+03 2.163255877258552218e+01
4.056000000000000000e+03 2.163329381355966774e+01
4.057000000000000000e+03 2.163427413799555765e+01
4.058000000000000000e+03 2.163562586840915003e+01
4.059000000000000000e+03 2.163581189377343250e+01
4.060000000000000000e+03 2.163559131935130608e+01
4.061000000000000000e+03 2.163602323152705509e+01
4.062000000000000000e+03 2.163719132224914787e+01
4.063000000000000000e+03 2.163914574584401862e+01
4.064000000000000000e+03 2.164189887821700609e+01
4.065000000000000000e+03 2.164542717393692683e+01
4.066000000000000000e+03 2.164968150688159909e+01
4.067000000000000000e+03 2.165460416476536665e+01
4.068000000000000000e+03 2.166014811649772653e+01
4.069000000000000000e+03 2.166629232144248363e+01
4.070000000000000000e+03 2.167304974751994706e+01
4.071000000000000000e+03 2.168046754174994817e+01
4.072000000000000000e+03 2.168861975445541646e+01
4.073000000000000000e+03 2.169759459401202406e+01
4.074000000000000000e+03 2.170747755881511409e+01
4.075000000000000000e+03 2.171833281702619800e+01
4.076000000000000000e+03 2.173018668181407875e+01
4.077000000000000000e+03 2.174071860075780904e+01
4.078000000000000000e+03 2.175165120016873033e+01
4.079000000000000000e+03 2.176339736975312533e+01
4.080000000000000000e+03 2.177582750127325184e+01
4.081000000000000000e+03 2.178879732375759914e+01
4.082000000000000000e+03 2.180215900823924002e+01
4.083000000000000000e+03 2.181576688284791743e+01
4.084000000000000000e+03 2.182824154822156615e+01
4.085000000000000000e+03 2.183933407976178742e+01
4.086000000000000000e+03 2.185029821295923114e+01
4.087000000000000000e+03 2.186101713884092845e+01
4.088000000000000000e+03 2.187137951788121626e+01
4.089000000000000000e+03 2.188128795779751812e+01
4.090000000000000000e+03 2.189066675952399521e+01
4.091000000000000000e+03 2.189946533563589526e+01
4.092000000000000000e+03 2.190765566043583235e+01
4.093000000000000000e+03 2.191522564992587263e+01
4.094000000000000000e+03 2.192217199430447749e+01
4.095000000000000000e+03 2.192849689426586934e+01
4.096000000000000000e+03 2.193420947705041968e+01
4.097000000000000000e+03 2.193933025351404353e+01
4.098000000000000000e+03 2.194389355751776094e+01
4.099000000000000000e+03 2.194794652651051337e+01
4.100000000000000000e+03 2.195154534831839399e+01
4.101000000000000000e+03 2.195475079968494114e+01
4.102000000000000000e+03 2.195762410018359390e+01
4.103000000000000000e+03 2.196022423279520197e+01
4.104000000000000000e+03 2.196260619289546412e+01
4.105000000000000000e+03 2.196482049127401837e+01
4.106000000000000000e+03 2.196691367228331160e+01
4.107000000000000000e+03 2.196820723619610050e+01
4.108000000000000000e+03 2.196899341307982922e+01
4.109000000000000000e+03 2.196971491928724873e+01
4.110000000000000000e+03 2.197040988163015740e+01
4.111000000000000000e+03 2.197111769740005727e+01
4.112000000000000000e+03 2.197188159924141360e+01
4.113000000000000000e+03 2.197274717475374572e+01
4.114000000000000000e+03 2.197375652188597428e+01
4.115000000000000000e+03 2.197494234889545339e+01
4.116000000000000000e+03 2.197632453851965550e+01
4.117000000000000000e+03 2.197791053881411472e+01
4.118000000000000000e+03 2.197969967544409542e+01
4.119000000000000000e+03 2.198168963711980695e+01
4.120000000000000000e+03 2.198388258232524350e+01
4.121000000000000000e+03 2.198628867839975598e+01
4.122000000000000000e+03 2.198705801894450929e+01
4.123000000000000000e+03 2.198777046932144685e+01
4.124000000000000000e+03 2.198872863155095914e+01
4.125000000000000000e+03 2.198997236827361590e+01
4.126000000000000000e+03 2.199154547861064657e+01
4.127000000000000000e+03 2.199349551002161007e+01
4.128000000000000000e+03 2.199587170690780269e+01
4.129000000000000000e+03 2.199872087268040133e+01
4.130000000000000000e+03 2.200208317399354740e+01
4.131000000000000000e+03 2.200598889371109834e+01
4.132000000000000000e+03 2.201045670451613390e+01
4.133000000000000000e+03 2.201549189738958034e+01
4.134000000000000000e+03 2.202108218427056130e+01
4.135000000000000000e+03 2.202492563240357981e+01
4.136000000000000000e+03 2.202910578745191117e+01
4.137000000000000000e+03 2.203330965218813731e+01
4.138000000000000000e+03 2.203737691096350915e+01
4.139000000000000000e+03 2.204181646991911947e+01
4.140000000000000000e+03 2.204663151543436328e+01
4.141000000000000000e+03 2.205184746570013488e+01
4.142000000000000000e+03 2.205750625181931568e+01
4.143000000000000000e+03 2.206365632507792895e+01
4.144000000000000000e+03 2.207034099530475402e+01
4.145000000000000000e+03 2.207647622194491177e+01
4.146000000000000000e+03 2.208120628729735557e+01
4.147000000000000000e+03 2.208649409765995841e+01
4.148000000000000000e+03 2.209231987315892454e+01
4.149000000000000000e+03 2.209867192959024962e+01
4.150000000000000000e+03 2.210555487575890510e+01
4.151000000000000000e+03 2.211299142746785407e+01
4.152000000000000000e+03 2.212101768845906236e+01
4.153000000000000000e+03 2.212967275086116103e+01
4.154000000000000000e+03 2.213898676532705778e+01
4.155000000000000000e+03 2.214896935967838942e+01
4.156000000000000000e+03 2.215960144393027065e+01
4.157000000000000000e+03 2.217083032070038584e+01
4.158000000000000000e+03 2.218256865387516896e+01
4.159000000000000000e+03 2.219469575917414872e+01
4.160000000000000000e+03 2.220706039858459135e+01
4.161000000000000000e+03 2.221948514179536005e+01
4.162000000000000000e+03 2.223177374568927789e+01
4.163000000000000000e+03 2.224372240376084164e+01
4.164000000000000000e+03 2.225484117761864766e+01
4.165000000000000000e+03 2.226406950266198592e+01
4.166000000000000000e+03 2.227264628910370448e+01
4.167000000000000000e+03 2.228047411325987781e+01
4.168000000000000000e+03 2.228748069569551404e+01
4.169000000000000000e+03 2.229361734773081594e+01
4.170000000000000000e+03 2.229885431379923588e+01
4.171000000000000000e+03 2.230317414115474151e+01
4.172000000000000000e+03 2.230656431299725639e+01
4.173000000000000000e+03 2.230901308992726939e+01
4.174000000000000000e+03 2.231051049446890033e+01
4.175000000000000000e+03 2.230985721618764472e+01
4.176000000000000000e+03 2.230793308366445160e+01
4.177000000000000000e+03 2.230511553741630593e+01
4.178000000000000000e+03 2.230144935702814379e+01
4.179000000000000000e+03 2.229699426160804165e+01
4.180000000000000000e+03 2.229164477618678220e+01
4.181000000000000000e+03 2.228487130760313661e+01
4.182000000000000000e+03 2.227760452921135226e+01
4.183000000000000000e+03 2.227001331082582425e+01
4.184000000000000000e+03 2.226228767478636428e+01
4.185000000000000000e+03 2.225462626544231881e+01
4.186000000000000000e+03 2.224722003556517791e+01
4.187000000000000000e+03 2.224023764422463501e+01
4.188000000000000000e+03 2.223381751050346367e+01
4.189000000000000000e+03 2.222806825905367845e+01
4.190000000000000000e+03 2.222307293485365065e+01
4.191000000000000000e+03 2.221889386266066424e+01
4.192000000000000000e+03 2.221395559979454148e+01
4.193000000000000000e+03 2.220950753647233711e+01
4.194000000000000000e+03 2.220619413081075066e+01
4.195000000000000000e+03 2.220406141301416270e+01
4.196000000000000000e+03 2.220314094011391859e+01
4.197000000000000000e+03 2.220344768320633122e+01
4.198000000000000000e+03 2.220497590823177703e+01
4.199000000000000000e+03 2.220769658263294133e+01
4.200000000000000000e+03 2.221125848376733813e+01
4.201000000000000000e+03 2.221425623455545661e+01
4.202000000000000000e+03 2.221820856990780868e+01
4.203000000000000000e+03 2.222307238542999386e+01
4.204000000000000000e+03 2.222880388588585987e+01
4.205000000000000000e+03 2.223536314927730473e+01
4.206000000000000000e+03 2.224159808205842737e+01
4.207000000000000000e+03 2.224514106497873911e+01
4.208000000000000000e+03 2.224824623071664220e+01
4.209000000000000000e+03 2.225237454098835954e+01
4.210000000000000000e+03 2.225751022992227846e+01
4.211000000000000000e+03 2.226361331032276070e+01
4.212000000000000000e+03 2.226897670432430232e+01
4.213000000000000000e+03 2.227445560751959164e+01
4.214000000000000000e+03 2.228053781103021791e+01
4.215000000000000000e+03 2.228631844737159895e+01
4.216000000000000000e+03 2.229171497720687256e+01
4.217000000000000000e+03 2.229732186993707899e+01
4.218000000000000000e+03 2.230316313076610157e+01
4.219000000000000000e+03 2.230927051199028455e+01
4.220000000000000000e+03 2.231560418155766712e+01
4.221000000000000000e+03 2.232222391196911104e+01
4.222000000000000000e+03 2.232927426131378468e+01
4.223000000000000000e+03 2.233679350454303858e+01
4.224000000000000000e+03 2.234481735279717896e+01
4.225000000000000000e+03 2.235238764080735763e+01
4.226000000000000000e+03 2.235845032064585780e+01
4.227000000000000000e+03 2.236502650373424572e+01
4.228000000000000000e+03 2.237209877581720363e+01
4.229000000000000000e+03 2.237958807957667773e+01
4.230000000000000000e+03 2.238733569276999091e+01
4.231000000000000000e+03 2.239533253200536578e+01
4.232000000000000000e+03 2.240346969946865130e+01
4.233000000000000000e+03 2.241164186056699492e+01
4.234000000000000000e+03 2.241976064024302673e+01
4.235000000000000000e+03 2.242776423536439978e+01
4.236000000000000000e+03 2.243561948235358727e+01
4.237000000000000000e+03 2.244331671996569355e+01
4.238000000000000000e+03 2.245086106157985384e+01
4.239000000000000000e+03 2.245826656696622337e+01
4.240000000000000000e+03 2.246555564267005423e+01
4.241000000000000000e+03 2.247276046599457544e+01
4.242000000000000000e+03 2.247992329999572547e+01
4.243000000000000000e+03 2.248709355835558910e+01
4.244000000000000000e+03 2.249432193279882597e+01
4.245000000000000000e+03 2.250165226323933609e+01
4.246000000000000000e+03 2.250687640025338254e+01
4.247000000000000000e+03 2.251046035528641198e+01
4.248000000000000000e+03 2.251416282165168070e+01
4.249000000000000000e+03 2.251798769866220340e+01
4.250000000000000000e+03 2.252193691125251362e+01
4.251000000000000000e+03 2.252602270801627427e+01
4.252000000000000000e+03 2.253027094650449413e+01
4.253000000000000000e+03 2.253471441289778454e+01
4.254000000000000000e+03 2.253938272225508044e+01
4.255000000000000000e+03 2.254429792560070211e+01
4.256000000000000000e+03 2.254947839012294963e+01
4.257000000000000000e+03 2.255494735613496005e+01
4.258000000000000000e+03 2.256074024499378083e+01
4.259000000000000000e+03 2.256690658562854424e+01
4.260000000000000000e+03 2.257350605010762834e+01
4.261000000000000000e+03 2.258060259831896133e+01
4.262000000000000000e+03 2.258825927670669387e+01
4.263000000000000000e+03 2.259653369088807651e+01
4.264000000000000000e+03 2.260547446172705577e+01
4.265000000000000000e+03 2.261511729069687604e+01
4.266000000000000000e+03 2.262548125298008728e+01
4.267000000000000000e+03 2.263656707516741307e+01
4.268000000000000000e+03 2.264743457932833337e+01
4.269000000000000000e+03 2.265889762249056361e+01
4.270000000000000000e+03 2.267095942862582092e+01
4.271000000000000000e+03 2.268358836668932810e+01
4.272000000000000000e+03 2.269674718201901342e+01
4.273000000000000000e+03 2.271039816785172860e+01
4.274000000000000000e+03 2.272451026471400581e+01
4.275000000000000000e+03 2.273906480309287303e+01
4.276000000000000000e+03 2.275405442449081761e+01
4.277000000000000000e+03 2.276947573603161601e+01
4.278000000000000000e+03 2.278531907880561036e+01
4.279000000000000000e+03 2.280155938598614540e+01
4.280000000000000000e+03 2.281815124821879692e+01
4.281000000000000000e+03 2.283502854717712438e+01
4.282000000000000000e+03 2.285210765876689010e+01
4.283000000000000000e+03 2.286929451003483038e+01
4.284000000000000000e+03 2.288649387629300946e+01
4.285000000000000000e+03 2.290361988100505641e+01
4.286000000000000000e+03 2.292060522911386755e+01
4.287000000000000000e+03 2.293740559421604530e+01
4.288000000000000000e+03 2.295399852816658282e+01
4.289000000000000000e+03 2.297037785677395405e+01
4.290000000000000000e+03 2.298654496060675712e+01
4.291000000000000000e+03 2.300249956346185343e+01
4.292000000000000000e+03 2.301823211891809251e+01
4.293000000000000000e+03 2.303371857429718617e+01
4.294000000000000000e+03 2.304891984266226856e+01
4.295000000000000000e+03 2.306378675505415288e+01
4.296000000000000000e+03 2.307826811660932265e+01
4.297000000000000000e+03 2.309232001290698122e+01
4.298000000000000000e+03 2.310591283363137904e+01
4.299000000000000000e+03 2.311903529448111527e+01
4.300000000000000000e+03 2.313169454975117389e+01
4.301000000000000000e+03 2.314391363620624986e+01
4.302000000000000000e+03 2.315572712634157782e+01
4.303000000000000000e+03 2.316717538519731079e+01
4.304000000000000000e+03 2.317829824728772792e+01
4.305000000000000000e+03 2.318912883640360079e+01
4.306000000000000000e+03 2.319968942797845557e+01
4.307000000000000000e+03 2.320999002729871563e+01
4.308000000000000000e+03 2.322002968649105981e+01
4.309000000000000000e+03 2.322979865908865094e+01
4.310000000000000000e+03 2.323872478065250391e+01
4.311000000000000000e+03 2.324747249572757113e+01
4.312000000000000000e+03 2.325603455020258181e+01
4.313000000000000000e+03 2.326438975433966760e+01
4.314000000000000000e+03 2.327251890596973283e+01
4.315000000000000000e+03 2.328040900263906465e+01
4.316000000000000000e+03 2.328805627433441572e+01
4.317000000000000000e+03 2.329546578481140529e+01
4.318000000000000000e+03 2.330230433593384021e+01
4.319000000000000000e+03 2.330851474092825271e+01
4.320000000000000000e+03 2.331438973290829253e+01
4.321000000000000000e+03 2.331992312625884267e+01
4.322000000000000000e+03 2.332509166124916788e+01
4.323000000000000000e+03 2.332893827737462189e+01
4.324000000000000000e+03 2.333207318475905012e+01
4.325000000000000000e+03 2.333464851522617423e+01
4.326000000000000000e+03 2.333657957470953548e+01
4.327000000000000000e+03 2.333699940871808920e+01
4.328000000000000000e+03 2.333633372843965859e+01
4.329000000000000000e+03 2.333485124504381503e+01
4.330000000000000000e+03 2.333250585180856262e+01
4.331000000000000000e+03 2.332928916714699241e+01
4.332000000000000000e+03 2.332523324402901821e+01
4.333000000000000000e+03 2.331987947523774807e+01
4.334000000000000000e+03 2.331322331530445169e+01
4.335000000000000000e+03 2.330609806474310375e+01
4.336000000000000000e+03 2.329866874165908541e+01
4.337000000000000000e+03 2.329111692988849569e+01
4.338000000000000000e+03 2.328363178280946855e+01
4.339000000000000000e+03 2.327640106939158215e+01
4.340000000000000000e+03 2.326960383216805184e+01
4.341000000000000000e+03 2.326340376472695226e+01
4.342000000000000000e+03 2.325794385878907633e+01
4.343000000000000000e+03 2.325334198286645915e+01
4.344000000000000000e+03 2.324968763259407822e+01
4.345000000000000000e+03 2.324704003874331448e+01
4.346000000000000000e+03 2.324542666246666656e+01
4.347000000000000000e+03 2.324484322697517058e+01
4.348000000000000000e+03 2.324525412248770095e+01
4.349000000000000000e+03 2.324659341956112257e+01
4.350000000000000000e+03 2.324876618330020506e+01
4.351000000000000000e+03 2.325021498157562405e+01
4.352000000000000000e+03 2.325121065843276824e+01
4.353000000000000000e+03 2.325256567842824751e+01
4.354000000000000000e+03 2.325412707722309591e+01
4.355000000000000000e+03 2.325574571262657741e+01
4.356000000000000000e+03 2.325729199797855529e+01
4.357000000000000000e+03 2.325866986078094456e+01
4.358000000000000000e+03 2.325982572062545728e+01
4.359000000000000000e+03 2.326074985865699674e+01
4.360000000000000000e+03 2.326147030541284266e+01
4.361000000000000000e+03 2.326204213059506998e+01
4.362000000000000000e+03 2.326253611258665899e+01
4.363000000000000000e+03 2.326303060135590783e+01
4.364000000000000000e+03 2.326360872664257329e+01
4.365000000000000000e+03 2.326435933923481514e+01
4.366000000000000000e+03 2.326537655372216662e+01
4.367000000000000000e+03 2.326675245501382250e+01
4.368000000000000000e+03 2.326856359725452705e+01
4.369000000000000000e+03 2.327085676148202964e+01
4.370000000000000000e+03 2.327364277649343904e+01
4.371000000000000000e+03 2.327556128163228166e+01
4.372000000000000000e+03 2.327756508740731789e+01
4.373000000000000000e+03 2.327995211482459226e+01
4.374000000000000000e+03 2.328254235038673059e+01
4.375000000000000000e+03 2.328529114710088521e+01
4.376000000000000000e+03 2.328836536148040182e+01
4.377000000000000000e+03 2.329138135572483748e+01
4.378000000000000000e+03 2.329414814604032458e+01
4.379000000000000000e+03 2.329717769152497908e+01
4.380000000000000000e+03 2.330042164186462372e+01
4.381000000000000000e+03 2.330381935468898646e+01
4.382000000000000000e+03 2.330730655009214303e+01
4.383000000000000000e+03 2.331082690536963753e+01
4.384000000000000000e+03 2.331434139680161621e+01
4.385000000000000000e+03 2.331783324149171932e+01
4.386000000000000000e+03 2.332130915467019605e+01
4.387000000000000000e+03 2.332479785113139314e+01
4.388000000000000000e+03 2.332834656500046577e+01
4.389000000000000000e+03 2.333188567231846022e+01
4.390000000000000000e+03 2.333521920514118619e+01
4.391000000000000000e+03 2.333895952725415768e+01
4.392000000000000000e+03 2.334314437472377080e+01
4.393000000000000000e+03 2.334779457081821619e+01
4.394000000000000000e+03 2.335291225761247347e+01
4.395000000000000000e+03 2.335647736465746505e+01
4.396000000000000000e+03 2.336032267718021416e+01
4.397000000000000000e+03 2.336453163423447066e+01
4.398000000000000000e+03 2.336904537436541318e+01
4.399000000000000000e+03 2.337380703322978803e+01
4.400000000000000000e+03 2.337877422624810109e+01
4.401000000000000000e+03 2.338392779388724563e+01
4.402000000000000000e+03 2.338904638589966467e+01
4.403000000000000000e+03 2.339413689247136929e+01
4.404000000000000000e+03 2.339943703668908270e+01
4.405000000000000000e+03 2.340499427280966671e+01
4.406000000000000000e+03 2.341086229915628891e+01
4.407000000000000000e+03 2.341709697295725690e+01
4.408000000000000000e+03 2.342375149978731130e+01
4.409000000000000000e+03 2.343087211801589120e+01
4.410000000000000000e+03 2.343823919087856567e+01
4.411000000000000000e+03 2.344608819519083909e+01
4.412000000000000000e+03 2.345444403548593471e+01
4.413000000000000000e+03 2.346329773575299527e+01
4.414000000000000000e+03 2.347262229558863922e+01
4.415000000000000000e+03 2.348230571263448496e+01
4.416000000000000000e+03 2.349119026143401356e+01
4.417000000000000000e+03 2.350034494873760593e+01
4.418000000000000000e+03 2.350964922212261499e+01
4.419000000000000000e+03 2.351896349121977892e+01
4.420000000000000000e+03 2.352814046625660893e+01
4.421000000000000000e+03 2.353703878676191863e+01
4.422000000000000000e+03 2.354553529139443668e+01
4.423000000000000000e+03 2.355353332600139993e+01
4.424000000000000000e+03 2.356096451722655516e+01
4.425000000000000000e+03 2.356778622559648184e+01
4.426000000000000000e+03 2.357397717719572228e+01
4.427000000000000000e+03 2.357953522872066898e+01
4.428000000000000000e+03 2.358447772737225634e+01
4.429000000000000000e+03 2.358858582297204265e+01
4.430000000000000000e+03 2.359012774775851540e+01
4.431000000000000000e+03 2.358950068995921612e+01
4.432000000000000000e+03 2.358649220918065836e+01
4.433000000000000000e+03 2.358224242824604744e+01
4.434000000000000000e+03 2.357783230012764619e+01
4.435000000000000000e+03 2.357341586683952528e+01
4.436000000000000000e+03 2.356913572003767499e+01
4.437000000000000000e+03 2.356512007082423210e+01
4.438000000000000000e+03 2.356147883246642749e+01
4.439000000000000000e+03 2.355829974571454244e+01
4.440000000000000000e+03 2.355564648135194261e+01
4.441000000000000000e+03 2.355356089437439593e+01
4.442000000000000000e+03 2.355206872351954672e+01
4.443000000000000000e+03 2.355118638024312716e+01
4.444000000000000000e+03 2.355092607973321250e+01
4.445000000000000000e+03 2.355129724134445723e+01
4.446000000000000000e+03 2.355230393049613724e+01
4.447000000000000000e+03 2.355394084727598880e+01
4.448000000000000000e+03 2.355559792478370440e+01
4.449000000000000000e+03 2.355711480557609860e+01
4.450000000000000000e+03 2.355941299196121008e+01
4.451000000000000000e+03 2.356249203855580987e+01
4.452000000000000000e+03 2.356633883283923581e+01
4.453000000000000000e+03 2.357092972379188112e+01
4.454000000000000000e+03 2.357623039409264365e+01
4.455000000000000000e+03 2.358219403685552606e+01
4.456000000000000000e+03 2.358875982230829038e+01
4.457000000000000000e+03 2.359585349617319139e+01
4.458000000000000000e+03 2.360339029591390414e+01
4.459000000000000000e+03 2.361128136495225860e+01
4.460000000000000000e+03 2.361823032113625942e+01
4.461000000000000000e+03 2.362444863888374869e+01
4.462000000000000000e+03 2.363083832708172594e+01
4.463000000000000000e+03 2.363739682437551437e+01
4.464000000000000000e+03 2.364415727560976421e+01
4.465000000000000000e+03 2.364952636173395462e+01
4.466000000000000000e+03 2.365535834231855006e+01
4.467000000000000000e+03 2.366180166973857268e+01
4.468000000000000000e+03 2.366900334403621287e+01
4.469000000000000000e+03 2.367709053562005295e+01
4.470000000000000000e+03 2.368615659173892496e+01
4.471000000000000000e+03 2.369394848177044466e+01
4.472000000000000000e+03 2.370274757407227639e+01
4.473000000000000000e+03 2.371267215304374787e+01
4.474000000000000000e+03 2.372367124951443174e+01
4.475000000000000000e+03 2.373566645611350268e+01
4.476000000000000000e+03 2.374856053405527234e+01
4.477000000000000000e+03 2.376224459241156950e+01
4.478000000000000000e+03 2.377660410893539478e+01
4.479000000000000000e+03 2.379152412888660351e+01
4.480000000000000000e+03 2.380689313298269383e+01
4.481000000000000000e+03 2.382260530757124428e+01
4.482000000000000000e+03 2.383855992951768954e+01
4.483000000000000000e+03 2.385465878179751087e+01
4.484000000000000000e+03 2.386893047544479884e+01
4.485000000000000000e+03 2.388313043340922448e+01
4.486000000000000000e+03 2.389720313525592132e+01
4.487000000000000000e+03 2.391106174400121986e+01
4.488000000000000000e+03 2.392462880428425720e+01
4.489000000000000000e+03 2.393783596206897712e+01
4.490000000000000000e+03 2.395062205856071813e+01
4.491000000000000000e+03 2.396057463018026112e+01
4.492000000000000000e+03 2.396634846637629579e+01
4.493000000000000000e+03 2.396985478683406967e+01
4.494000000000000000e+03 2.397290334365531450e+01
4.495000000000000000e+03 2.397566095052331647e+01
4.496000000000000000e+03 2.397816154489463969e+01
4.497000000000000000e+03 2.398044666050064677e+01
4.498000000000000000e+03 2.398256541760569860e+01
4.499000000000000000e+03 2.398457218684896475e+01
4.500000000000000000e+03 2.398652307700068675e+01
4.501000000000000000e+03 2.398847204602360961e+01
4.502000000000000000e+03 2.399046837978033153e+01
4.503000000000000000e+03 2.399255613217863115e+01
4.504000000000000000e+03 2.399470532540716761e+01
4.505000000000000000e+03 2.399646393713620540e+01
4.506000000000000000e+03 2.399845750104925912e+01
4.507000000000000000e+03 2.400073603536958444e+01
4.508000000000000000e+03 2.400335586864795800e+01
4.509000000000000000e+03 2.400637544364245457e+01
4.510000000000000000e+03 2.400984788821530458e+01
4.511000000000000000e+03 2.401381288215395315e+01
4.512000000000000000e+03 2.401828880820050216e+01
4.513000000000000000e+03 2.402326855193715005e+01
4.514000000000000000e+03 2.402872120784190457e+01
4.515000000000000000e+03 2.403459936405599251e+01
4.516000000000000000e+03 2.404085027647771611e+01
4.517000000000000000e+03 2.404742537651654999e+01
4.518000000000000000e+03 2.405428482373831756e+01
4.519000000000000000e+03 2.406139800959658004e+01
4.520000000000000000e+03 2.406874337867337488e+01
4.521000000000000000e+03 2.407630644446568979e+01
4.522000000000000000e+03 2.408407600183634045e+01
4.523000000000000000e+03 2.409203729673543393e+01
4.524000000000000000e+03 2.410016296956010251e+01
4.525000000000000000e+03 2.410840461197392415e+01
4.526000000000000000e+03 2.411668884682868708e+01
4.527000000000000000e+03 2.412491913256392451e+01
4.528000000000000000e+03 2.413298169511575963e+01
4.529000000000000000e+03 2.414075222432076728e+01
4.530000000000000000e+03 2.414738263423843279e+01
4.531000000000000000e+03 2.415350405095036024e+01
4.532000000000000000e+03 2.415828441217941958e+01
4.533000000000000000e+03 2.416189371063680724e+01
4.534000000000000000e+03 2.416480683288149578e+01
4.535000000000000000e+03 2.416701553263970226e+01
4.536000000000000000e+03 2.416854295280369058e+01
4.537000000000000000e+03 2.416944630528600158e+01
4.538000000000000000e+03 2.416981598793640984e+01
4.539000000000000000e+03 2.416976975069905009e+01
4.540000000000000000e+03 2.416944209952765732e+01
4.541000000000000000e+03 2.416897079416617089e+01
4.542000000000000000e+03 2.416787171986207383e+01
4.543000000000000000e+03 2.416635803417680606e+01
4.544000000000000000e+03 2.416498526232181376e+01
4.545000000000000000e+03 2.416381502072528775e+01
4.546000000000000000e+03 2.416222481229343089e+01
4.547000000000000000e+03 2.416033392882170716e+01
4.548000000000000000e+03 2.415872587533596416e+01
4.549000000000000000e+03 2.415748531620659989e+01
4.550000000000000000e+03 2.415667995179231298e+01
4.551000000000000000e+03 2.415634726771946816e+01
4.552000000000000000e+03 2.415648872210293874e+01
4.553000000000000000e+03 2.415707085568581647e+01
4.554000000000000000e+03 2.415803151147839145e+01
4.555000000000000000e+03 2.415929058551864728e+01
4.556000000000000000e+03 2.416076280737769721e+01
4.557000000000000000e+03 2.416236930485427692e+01
4.558000000000000000e+03 2.416404435316520960e+01
4.559000000000000000e+03 2.416573804057608044e+01
4.560000000000000000e+03 2.416741736778455873e+01
4.561000000000000000e+03 2.416906471905263487e+01
4.562000000000000000e+03 2.417067236385194562e+01
4.563000000000000000e+03 2.417223225515049378e+01
4.564000000000000000e+03 2.417372555030036452e+01
4.565000000000000000e+03 2.417511736455016802e+01
4.566000000000000000e+03 2.417635948975224380e+01
4.567000000000000000e+03 2.417740139174327396e+01
4.568000000000000000e+03 2.417820704973868828e+01
4.569000000000000000e+03 2.417877110317188993e+01
4.570000000000000000e+03 2.417912627704426498e+01
4.571000000000000000e+03 2.417933812954726847e+01
4.572000000000000000e+03 2.417949279177841504e+01
4.573000000000000000e+03 2.417968424985174281e+01
4.574000000000000000e+03 2.418000349408788452e+01
4.575000000000000000e+03 2.417955728637898716e+01
4.576000000000000000e+03 2.417909421756166566e+01
4.577000000000000000e+03 2.417899692473975648e+01
4.578000000000000000e+03 2.417811263884532025e+01
4.579000000000000000e+03 2.417706817257179708e+01
4.580000000000000000e+03 2.417648055555152098e+01
4.581000000000000000e+03 2.417639163199519459e+01
4.582000000000000000e+03 2.417620253669674213e+01
4.583000000000000000e+03 2.417624769051699829e+01
4.584000000000000000e+03 2.417700480924085937e+01
4.585000000000000000e+03 2.417856257057085401e+01
4.586000000000000000e+03 2.418099466794259200e+01
4.587000000000000000e+03 2.418435005317519071e+01
4.588000000000000000e+03 2.418864878256994544e+01
4.589000000000000000e+03 2.419238037352416981e+01
4.590000000000000000e+03 2.419635400906737033e+01
4.591000000000000000e+03 2.420123790158223187e+01
4.592000000000000000e+03 2.420701232307172290e+01
4.593000000000000000e+03 2.421366703430737033e+01
4.594000000000000000e+03 2.422119379608118095e+01
4.595000000000000000e+03 2.422957020066561995e+01
4.596000000000000000e+03 2.423874246369485519e+01
4.597000000000000000e+03 2.424861402073863559e+01
4.598000000000000000e+03 2.425904517667235183e+01
4.599000000000000000e+03 2.426986311514614769e+01
4.600000000000000000e+03 2.427973977870289701e+01
4.601000000000000000e+03 2.428932120878813095e+01
4.602000000000000000e+03 2.429755086993972668e+01
4.603000000000000000e+03 2.430529269819303906e+01
4.604000000000000000e+03 2.431265540170076278e+01
4.605000000000000000e+03 2.431962485022679132e+01
4.606000000000000000e+03 2.432622017552840532e+01
4.607000000000000000e+03 2.433248834215096323e+01
4.608000000000000000e+03 2.433850044319245143e+01
4.609000000000000000e+03 2.434434970701884282e+01
4.610000000000000000e+03 2.435014835801241162e+01
4.611000000000000000e+03 2.435602121284022914e+01
4.612000000000000000e+03 2.436209585853016080e+01
4.613000000000000000e+03 2.436849121733362367e+01
4.614000000000000000e+03 2.437530688186219407e+01
4.615000000000000000e+03 2.438261647813699895e+01
4.616000000000000000e+03 2.439046798930552029e+01
4.617000000000000000e+03 2.439889172481476010e+01
4.618000000000000000e+03 2.440790908080249721e+01
4.619000000000000000e+03 2.441753416091082229e+01
4.620000000000000000e+03 2.442776821228717665e+01
4.621000000000000000e+03 2.443859445638862127e+01
4.622000000000000000e+03 2.444997800930758913e+01
4.623000000000000000e+03 2.446113562910109351e+01
4.624000000000000000e+03 2.447170296737422035e+01
4.625000000000000000e+03 2.448262375465121821e+01
4.626000000000000000e+03 2.449387074087979599e+01
4.627000000000000000e+03 2.450543282460678185e+01
4.628000000000000000e+03 2.451731413040191754e+01
4.629000000000000000e+03 2.452895241578978869e+01
4.630000000000000000e+03 2.453927691326301286e+01
4.631000000000000000e+03 2.455001678094412654e+01
4.632000000000000000e+03 2.456119813906481397e+01
4.633000000000000000e+03 2.457284420932568025e+01
4.634000000000000000e+03 2.458497164930460954e+01
4.635000000000000000e+03 2.459758797307229017e+01
4.636000000000000000e+03 2.461069029529229013e+01
4.637000000000000000e+03 2.462426433172026918e+01
4.638000000000000000e+03 2.463828332790613729e+01
4.639000000000000000e+03 2.465270713762308219e+01
4.640000000000000000e+03 2.466748161512586179e+01
4.641000000000000000e+03 2.468253917065064940e+01
4.642000000000000000e+03 2.469779999535609250e+01
4.643000000000000000e+03 2.471317354354757256e+01
4.644000000000000000e+03 2.472856121076769398e+01
4.645000000000000000e+03 2.474386056681784751e+01
4.646000000000000000e+03 2.475897194501573040e+01
4.647000000000000000e+03 2.477380506732467325e+01
4.648000000000000000e+03 2.478828304295894824e+01
4.649000000000000000e+03 2.480234147440757297e+01
4.650000000000000000e+03 2.481592215649011024e+01
4.651000000000000000e+03 2.482737855026694973e+01
4.652000000000000000e+03 2.483815710975744651e+01
4.653000000000000000e+03 2.484705078813350809e+01
4.654000000000000000e+03 2.485495307303903800e+01
4.655000000000000000e+03 2.486200636170291389e+01
4.656000000000000000e+03 2.486819221226474141e+01
4.657000000000000000e+03 2.487352349112682859e+01
4.658000000000000000e+03 2.487804110992561135e+01
4.659000000000000000e+03 2.488180591686434084e+01
4.660000000000000000e+03 2.488489053593548661e+01
4.661000000000000000e+03 2.488737432787151249e+01
4.662000000000000000e+03 2.488934207947404786e+01
4.663000000000000000e+03 2.488944062854139361e+01
4.664000000000000000e+03 2.488888935556726878e+01
4.665000000000000000e+03 2.488815383123212044e+01
4.666000000000000000e+03 2.488734998335711879e+01
4.667000000000000000e+03 2.488658912272831003e+01
4.668000000000000000e+03 2.488597335068234173e+01
4.669000000000000000e+03 2.488559234291779987e+01
4.670000000000000000e+03 2.488552021040719353e+01
4.671000000000000000e+03 2.488581201760007389e+01
4.672000000000000000e+03 2.488650054997307137e+01
4.673000000000000000e+03 2.488759305298725266e+01
4.674000000000000000e+03 2.488906942694429958e+01
4.675000000000000000e+03 2.489088073567516091e+01
4.676000000000000000e+03 2.489223986821006918e+01
4.677000000000000000e+03 2.489392524853582245e+01
4.678000000000000000e+03 2.489582784610825428e+01
4.679000000000000000e+03 2.489756541350998376e+01
4.680000000000000000e+03 2.489926472995518836e+01
4.681000000000000000e+03 2.490100566701100604e+01
4.682000000000000000e+03 2.490273274347945431e+01
4.683000000000000000e+03 2.490442199637644549e+01
4.684000000000000000e+03 2.490608385397669267e+01
4.685000000000000000e+03 2.490775965619955201e+01
4.686000000000000000e+03 2.490949409593484276e+01
4.687000000000000000e+03 2.491086591897977343e+01
4.688000000000000000e+03 2.491233808585021592e+01
4.689000000000000000e+03 2.491380370009470013e+01
4.690000000000000000e+03 2.491530870783365970e+01
4.691000000000000000e+03 2.491713595021645489e+01
4.692000000000000000e+03 2.491935002154859546e+01
4.693000000000000000e+03 2.492191083315356082e+01
4.694000000000000000e+03 2.492298767178388630e+01
4.695000000000000000e+03 2.492457199571282089e+01
4.696000000000000000e+03 2.492672837323349455e+01
4.697000000000000000e+03 2.492951712754181770e+01
4.698000000000000000e+03 2.493299222741659804e+01
4.699000000000000000e+03 2.493719889040923476e+01
4.700000000000000000e+03 2.494155084093183206e+01
4.701000000000000000e+03 2.494553383155776061e+01
4.702000000000000000e+03 2.494985765406006095e+01
4.703000000000000000e+03 2.495509868428179345e+01
4.704000000000000000e+03 2.496127793998237721e+01
4.705000000000000000e+03 2.496842517642613402e+01
4.706000000000000000e+03 2.497658299792823300e+01
4.707000000000000000e+03 2.498407604607133692e+01
4.708000000000000000e+03 2.499219346370227512e+01
4.709000000000000000e+03 2.500167727119383798e+01
4.710000000000000000e+03 2.501247778598965255e+01
4.711000000000000000e+03 2.502329064123666313e+01
4.712000000000000000e+03 2.503495313970510594e+01
4.713000000000000000e+03 2.504710989274432364e+01
4.714000000000000000e+03 2.505738341456095597e+01
4.715000000000000000e+03 2.506876950047222152e+01
4.716000000000000000e+03 2.508127091675686415e+01
4.717000000000000000e+03 2.509474669557875615e+01
4.718000000000000000e+03 2.510904041509134998e+01
4.719000000000000000e+03 2.512398665766200168e+01
4.720000000000000000e+03 2.513941477754778830e+01
4.721000000000000000e+03 2.515515148202009499e+01
4.722000000000000000e+03 2.517102304531213974e+01
4.723000000000000000e+03 2.518685755508107604e+01
4.724000000000000000e+03 2.520248641361182962e+01
4.725000000000000000e+03 2.521774496018588252e+01
4.726000000000000000e+03 2.523247299387715969e+01
4.727000000000000000e+03 2.524651485389499328e+01
4.728000000000000000e+03 2.525971984358627509e+01
4.729000000000000000e+03 2.527194241542027342e+01
4.730000000000000000e+03 2.528304378869644964e+01
4.731000000000000000e+03 2.529289665563717193e+01
4.732000000000000000e+03 2.530139621478227241e+01
4.733000000000000000e+03 2.530742019990933755e+01
4.734000000000000000e+03 2.531144707874024391e+01
4.735000000000000000e+03 2.531422600857734295e+01
4.736000000000000000e+03 2.531593792066598070e+01
4.737000000000000000e+03 2.531483072800233813e+01
4.738000000000000000e+03 2.531321993405905602e+01
4.739000000000000000e+03 2.531144063350884110e+01
4.740000000000000000e+03 2.530971194358626164e+01
4.741000000000000000e+03 2.530823172751114924e+01
4.742000000000000000e+03 2.530717425888238736e+01
4.743000000000000000e+03 2.530652575673014937e+01
4.744000000000000000e+03 2.530594206256362000e+01
4.745000000000000000e+03 2.530542020705370732e+01
4.746000000000000000e+03 2.530574504243921297e+01
4.747000000000000000e+03 2.530693398995570931e+01
4.748000000000000000e+03 2.530897366517435643e+01
4.749000000000000000e+03 2.531182175121586297e+01
4.750000000000000000e+03 2.531540994027185576e+01
4.751000000000000000e+03 2.531962717064170931e+01
4.752000000000000000e+03 2.532254765990948187e+01
4.753000000000000000e+03 2.532460866709889302e+01
4.754000000000000000e+03 2.532698106487146816e+01
4.755000000000000000e+03 2.532958808743863699e+01
4.756000000000000000e+03 2.533237298066478616e+01
4.757000000000000000e+03 2.533530137176331110e+01
4.758000000000000000e+03 2.533835548102959478e+01
4.759000000000000000e+03 2.534152071268636774e+01
4.760000000000000000e+03 2.534476879166079044e+01
4.761000000000000000e+03 2.534804771738034646e+01
4.762000000000000000e+03 2.535128562693959609e+01
4.763000000000000000e+03 2.535440505920919207e+01
4.764000000000000000e+03 2.535733963959800974e+01
4.765000000000000000e+03 2.536004647558106484e+01
4.766000000000000000e+03 2.536251461647918859e+01
4.767000000000000000e+03 2.536476974590850375e+01
4.768000000000000000e+03 2.536570935655752024e+01
4.769000000000000000e+03 2.536627001226357692e+01
4.770000000000000000e+03 2.536693074046747398e+01
4.771000000000000000e+03 2.536782777848989667e+01
4.772000000000000000e+03 2.536908291837737295e+01
4.773000000000000000e+03 2.537078714668289336e+01
4.774000000000000000e+03 2.537299054471592186e+01
4.775000000000000000e+03 2.537570293875327820e+01
4.776000000000000000e+03 2.537890538923436878e+01
4.777000000000000000e+03 2.538256747625375453e+01
4.778000000000000000e+03 2.538666383759766987e+01
4.779000000000000000e+03 2.539118395010920537e+01
4.780000000000000000e+03 2.539613444275312304e+01
4.781000000000000000e+03 2.540153782617782241e+01
4.782000000000000000e+03 2.540742907752103008e+01
4.783000000000000000e+03 2.541385273996982974e+01
4.784000000000000000e+03 2.542085962787205844e+01
4.785000000000000000e+03 2.542850245407708343e+01
4.786000000000000000e+03 2.543655928867605809e+01
4.787000000000000000e+03 2.544480159940619757e+01
4.788000000000000000e+03 2.545364449541976271e+01
4.789000000000000000e+03 2.546109051633222009e+01
4.790000000000000000e+03 2.546942686136697631e+01
4.791000000000000000e+03 2.547871152823433860e+01
4.792000000000000000e+03 2.548899206482486335e+01
4.793000000000000000e+03 2.550030035075079127e+01
4.794000000000000000e+03 2.551264566059746031e+01
4.795000000000000000e+03 2.552600742878697559e+01
4.796000000000000000e+03 2.554032991762917248e+01
4.797000000000000000e+03 2.555552297820519669e+01
4.798000000000000000e+03 2.557146934412148909e+01
4.799000000000000000e+03 2.558803606313995616e+01
4.800000000000000000e+03 2.560377193737021884e+01
4.801000000000000000e+03 2.561976902592820338e+01
4.802000000000000000e+03 2.563593823390895210e+01
4.803000000000000000e+03 2.565213529567704143e+01
4.804000000000000000e+03 2.566821195482052431e+01
4.805000000000000000e+03 2.568402459968693918e+01
4.806000000000000000e+03 2.569944996254226055e+01
4.807000000000000000e+03 2.571439908183191037e+01
4.808000000000000000e+03 2.572882211798012975e+01
4.809000000000000000e+03 2.574270648663758720e+01
4.810000000000000000e+03 2.575607083782811912e+01
4.811000000000000000e+03 2.576895855706928273e+01
4.812000000000000000e+03 2.578143044392522398e+01
4.813000000000000000e+03 2.579355657799812462e+01
4.814000000000000000e+03 2.580307800581626765e+01
4.815000000000000000e+03 2.581113744709504232e+01
4.816000000000000000e+03 2.581766705140551110e+01
4.817000000000000000e+03 2.582435829296432317e+01
4.818000000000000000e+03 2.583127234080133050e+01
4.819000000000000000e+03 2.583846053487386740e+01
4.820000000000000000e+03 2.584596329089708888e+01
4.821000000000000000e+03 2.585380617935517478e+01
4.822000000000000000e+03 2.586199522293962261e+01
4.823000000000000000e+03 2.587051110866507742e+01
4.824000000000000000e+03 2.587930305400026754e+01
4.825000000000000000e+03 2.588828421897837728e+01
4.826000000000000000e+03 2.589733239170231371e+01
4.827000000000000000e+03 2.590629850710283222e+01
4.828000000000000000e+03 2.591502332766405559e+01
4.829000000000000000e+03 2.592336013357284230e+01
4.830000000000000000e+03 2.593025207247231734e+01
4.831000000000000000e+03 2.593624547234964695e+01
4.832000000000000000e+03 2.594184223064350547e+01
4.833000000000000000e+03 2.594709944543782143e+01
4.834000000000000000e+03 2.595209239063454731e+01
4.835000000000000000e+03 2.595689483834805245e+01
4.836000000000000000e+03 2.596156685854654000e+01
4.837000000000000000e+03 2.596614835215765282e+01
4.838000000000000000e+03 2.597065543699605072e+01
4.839000000000000000e+03 2.597475103796069362e+01
4.840000000000000000e+03 2.597853175063382025e+01
4.841000000000000000e+03 2.598215338334529534e+01
4.842000000000000000e+03 2.598491116493472930e+01
4.843000000000000000e+03 2.598706404091810995e+01
4.844000000000000000e+03 2.598735042983069832e+01
4.845000000000000000e+03 2.598712836391203496e+01
4.846000000000000000e+03 2.598635204875613169e+01
4.847000000000000000e+03 2.598501907557676560e+01
4.848000000000000000e+03 2.598318567126894507e+01
4.849000000000000000e+03 2.598038309806359081e+01
4.850000000000000000e+03 2.597588395305614739e+01
4.851000000000000000e+03 2.597046889316214546e+01
4.852000000000000000e+03 2.596534170096229133e+01
4.853000000000000000e+03 2.596077521034818147e+01
4.854000000000000000e+03 2.595702364475509683e+01
4.855000000000000000e+03 2.595430600747071637e+01
4.856000000000000000e+03 2.595279628358660773e+01
4.857000000000000000e+03 2.595261953619957040e+01
4.858000000000000000e+03 2.595385154036756603e+01
4.859000000000000000e+03 2.595652042752708155e+01
4.860000000000000000e+03 2.596060951324134436e+01
4.861000000000000000e+03 2.596543886618443864e+01
4.862000000000000000e+03 2.597093684316599393e+01
4.863000000000000000e+03 2.597749049186585779e+01
4.864000000000000000e+03 2.598497274577820093e+01
4.865000000000000000e+03 2.599325043885794884e+01
4.866000000000000000e+03 2.600219500730865008e+01
4.867000000000000000e+03 2.601169056676291547e+01
4.868000000000000000e+03 2.602163714543276285e+01
4.869000000000000000e+03 2.603194933156598978e+01
4.870000000000000000e+03 2.604255164388841592e+01
4.871000000000000000e+03 2.605337301883344736e+01
4.872000000000000000e+03 2.606434149851770599e+01
4.873000000000000000e+03 2.607537945365704957e+01
4.874000000000000000e+03 2.608639900756489283e+01
4.875000000000000000e+03 2.609730033162761487e+01
4.876000000000000000e+03 2.610797453567629134e+01
4.877000000000000000e+03 2.611831092854613701e+01
4.878000000000000000e+03 2.612718340547593243e+01
4.879000000000000000e+03 2.613520834873254728e+01
4.880000000000000000e+03 2.614256704312566626e+01
4.881000000000000000e+03 2.614925024143243348e+01
4.882000000000000000e+03 2.615527988582587682e+01
4.883000000000000000e+03 2.616070252838175492e+01
4.884000000000000000e+03 2.616557853728929928e+01
4.885000000000000000e+03 2.616996982433597552e+01
4.886000000000000000e+03 2.617312452256623700e+01
4.887000000000000000e+03 2.617557297903718450e+01
4.888000000000000000e+03 2.617761490529858648e+01
4.889000000000000000e+03 2.617927397092734054e+01
4.890000000000000000e+03 2.618057947166385802e+01
4.891000000000000000e+03 2.618157586439468432e+01
4.892000000000000000e+03 2.618233017397508178e+01
4.893000000000000000e+03 2.618222114697290337e+01
4.894000000000000000e+03 2.618050281837594184e+01
4.895000000000000000e+03 2.617889976093593418e+01
4.896000000000000000e+03 2.617757503388958185e+01
4.897000000000000000e+03 2.617633332384817635e+01
4.898000000000000000e+03 2.617417732869320091e+01
4.899000000000000000e+03 2.617154227086033558e+01
4.900000000000000000e+03 2.616861776586315713e+01
4.901000000000000000e+03 2.616661328425060162e+01
4.902000000000000000e+03 2.616557870917481665e+01
4.903000000000000000e+03 2.616552190983001580e+01
4.904000000000000000e+03 2.616640795106828676e+01
4.905000000000000000e+03 2.616816346663068771e+01
4.906000000000000000e+03 2.617068530416791106e+01
4.907000000000000000e+03 2.617385094287216774e+01
4.908000000000000000e+03 2.617646623019243179e+01
4.909000000000000000e+03 2.617922670359108395e+01
4.910000000000000000e+03 2.618242070422445877e+01
4.911000000000000000e+03 2.618584097817689837e+01
4.912000000000000000e+03 2.618930106227348986e+01
4.913000000000000000e+03 2.619282785483621012e+01
4.914000000000000000e+03 2.619639870731243292e+01
4.915000000000000000e+03 2.620001228874629007e+01
4.916000000000000000e+03 2.620368085216091103e+01
4.917000000000000000e+03 2.620742167518610444e+01
4.918000000000000000e+03 2.621042159825613638e+01
4.919000000000000000e+03 2.621330669736419239e+01
4.920000000000000000e+03 2.621647904823850439e+01
4.921000000000000000e+03 2.621993442993311874e+01
4.922000000000000000e+03 2.622365310781520975e+01
4.923000000000000000e+03 2.622759965022439843e+01
4.924000000000000000e+03 2.623172377888850804e+01
4.925000000000000000e+03 2.623596295852815530e+01
4.926000000000000000e+03 2.624024610493824738e+01
4.927000000000000000e+03 2.624449688489292498e+01
4.928000000000000000e+03 2.624863424553895186e+01
4.929000000000000000e+03 2.625256985031424861e+01
4.930000000000000000e+03 2.625620595757424525e+01
4.931000000000000000e+03 2.625943684667149114e+01
4.932000000000000000e+03 2.626117625645462539e+01
4.933000000000000000e+03 2.626093747746884688e+01
4.934000000000000000e+03 2.625867185185326491e+01
4.935000000000000000e+03 2.625538098746680760e+01
4.936000000000000000e+03 2.625135323477226024e+01
4.937000000000000000e+03 2.624656992447359016e+01
4.938000000000000000e+03 2.624100230106768805e+01
4.939000000000000000e+03 2.623460750763623395e+01
4.940000000000000000e+03 2.622732823692297544e+01
4.941000000000000000e+03 2.621909715485009329e+01
4.942000000000000000e+03 2.620984480673733685e+01
4.943000000000000000e+03 2.619951208105371521e+01
4.944000000000000000e+03 2.618806812948147922e+01
4.945000000000000000e+03 2.617553123308625729e+01
4.946000000000000000e+03 2.616198486049955108e+01
4.947000000000000000e+03 2.614757922801344847e+01
4.948000000000000000e+03 2.613251589724507440e+01
4.949000000000000000e+03 2.611702208176411943e+01
4.950000000000000000e+03 2.609999151663278738e+01
4.951000000000000000e+03 2.608297689538274966e+01
4.952000000000000000e+03 2.606619973375291721e+01
4.953000000000000000e+03 2.604983826719074003e+01
4.954000000000000000e+03 2.603343663591090973e+01
4.955000000000000000e+03 2.601680831344106082e+01
4.956000000000000000e+03 2.599967534265190494e+01
4.957000000000000000e+03 2.598346527365951886e+01
4.958000000000000000e+03 2.596841015937813779e+01
4.959000000000000000e+03 2.595458939187879110e+01
4.960000000000000000e+03 2.594041492192249621e+01
4.961000000000000000e+03 2.592709794972703463e+01
4.962000000000000000e+03 2.591508499596179860e+01
4.963000000000000000e+03 2.590432376690901606e+01
4.964000000000000000e+03 2.589425623280814648e+01
4.965000000000000000e+03 2.588489013229044033e+01
4.966000000000000000e+03 2.587646965953347689e+01
4.967000000000000000e+03 2.586888664089489964e+01
4.968000000000000000e+03 2.586206171220285910e+01
4.969000000000000000e+03 2.585595021751104383e+01
4.970000000000000000e+03 2.585053660508823370e+01
4.971000000000000000e+03 2.584582188192911545e+01
4.972000000000000000e+03 2.584181047279270160e+01
4.973000000000000000e+03 2.583850197204765209e+01
4.974000000000000000e+03 2.583588866448139498e+01
4.975000000000000000e+03 2.583395546340277349e+01
4.976000000000000000e+03 2.583267818914390546e+01
4.977000000000000000e+03 2.583201844098122280e+01
4.978000000000000000e+03 2.583048351830928624e+01
4.979000000000000000e+03 2.582884706446665746e+01
4.980000000000000000e+03 2.582750295103918248e+01
4.981000000000000000e+03 2.582632782486296463e+01
4.982000000000000000e+03 2.582517802220289127e+01
4.983000000000000000e+03 2.582390034400750523e+01
4.984000000000000000e+03 2.582234568405815267e+01
4.985000000000000000e+03 2.582038324679964347e+01
4.986000000000000000e+03 2.581791252690465299e+01
4.987000000000000000e+03 2.581391699822144403e+01
4.988000000000000000e+03 2.580909262657773695e+01
4.989000000000000000e+03 2.580384555313458605e+01
4.990000000000000000e+03 2.579825762677517531e+01
4.991000000000000000e+03 2.579244380546743542e+01
4.992000000000000000e+03 2.578653813023766617e+01
4.993000000000000000e+03 2.578067494420766081e+01
4.994000000000000000e+03 2.577496828007305751e+01
4.995000000000000000e+03 2.576949645403317390e+01
4.996000000000000000e+03 2.576429657508234783e+01
4.997000000000000000e+03 2.575936874996278192e+01
4.998000000000000000e+03 2.575468631313190571e+01
4.999000000000000000e+03 2.575020669459172495e+01
5.000000000000000000e+03 2.574587958478715777e+01
5.001000000000000000e+03 2.574165128719039330e+01
5.002000000000000000e+03 2.573647991901646748e+01
5.003000000000000000e+03 2.573028568902813618e+01
5.004000000000000000e+03 2.572346587015049479e+01
5.005000000000000000e+03 2.571654122990225488e+01
5.006000000000000000e+03 2.570950707894360932e+01
5.007000000000000000e+03 2.570237881523660661e+01
5.008000000000000000e+03 2.569519163175089105e+01
5.009000000000000000e+03 2.568799603406414178e+01
5.010000000000000000e+03 2.568084975427272809e+01
5.011000000000000000e+03 2.567380825966450431e+01
5.012000000000000000e+03 2.566691782284270573e+01
5.013000000000000000e+03 2.565957801982049347e+01
5.014000000000000000e+03 2.565009146368070958e+01
5.015000000000000000e+03 2.564102727940240811e+01
5.016000000000000000e+03 2.563191621018307131e+01
5.017000000000000000e+03 2.562145522333619141e+01
5.018000000000000000e+03 2.561105807548219104e+01
5.019000000000000000e+03 2.560126085059749457e+01
5.020000000000000000e+03 2.559211236751746554e+01
5.021000000000000000e+03 2.558363197399715716e+01
5.022000000000000000e+03 2.557581529462210312e+01
5.023000000000000000e+03 2.556864295222122507e+01
5.024000000000000000e+03 2.556208547745655935e+01
5.025000000000000000e+03 2.555534152311179596e+01
5.026000000000000000e+03 2.554796562791966608e+01
5.027000000000000000e+03 2.554104052885082865e+01
5.028000000000000000e+03 2.553454644155675624e+01
5.029000000000000000e+03 2.552849039792737074e+01
5.030000000000000000e+03 2.552292285616807277e+01
5.031000000000000000e+03 2.551793031648916710e+01
5.032000000000000000e+03 2.551360992444814002e+01
5.033000000000000000e+03 2.551004330323764435e+01
5.034000000000000000e+03 2.550728088043877051e+01
5.035000000000000000e+03 2.550497131222366676e+01
5.036000000000000000e+03 2.550270454577557899e+01
5.037000000000000000e+03 2.550123374632493167e+01
5.038000000000000000e+03 2.550050917229627601e+01
5.039000000000000000e+03 2.550047521213731727e+01
5.040000000000000000e+03 2.550107824503767517e+01
5.041000000000000000e+03 2.550227187073027224e+01
5.042000000000000000e+03 2.550401788728115093e+01
5.043000000000000000e+03 2.550628349656628302e+01
5.044000000000000000e+03 2.550903524952813228e+01
5.045000000000000000e+03 2.551223215624121465e+01
5.046000000000000000e+03 2.551582094007816437e+01
5.047000000000000000e+03 2.551973592981832439e+01
5.048000000000000000e+03 2.552390413126530433e+01
5.049000000000000000e+03 2.552825412897645663e+01
5.050000000000000000e+03 2.553272611754085020e+01
5.051000000000000000e+03 2.553727979448301966e+01
5.052000000000000000e+03 2.554131009673161401e+01
5.053000000000000000e+03 2.554525736123690649e+01
5.054000000000000000e+03 2.554939548933943883e+01
5.055000000000000000e+03 2.555374250124536673e+01
5.056000000000000000e+03 2.555831436280382718e+01
5.057000000000000000e+03 2.556311763330286624e+01
5.058000000000000000e+03 2.556814308465758856e+01
5.059000000000000000e+03 2.557336031131962528e+01
5.060000000000000000e+03 2.557871472233352961e+01
5.061000000000000000e+03 2.558229952031319954e+01
5.062000000000000000e+03 2.558526935329101093e+01
5.063000000000000000e+03 2.558794803259238648e+01
5.064000000000000000e+03 2.559026338651246490e+01
5.065000000000000000e+03 2.559216152256919230e+01
5.066000000000000000e+03 2.559361360998305202e+01
5.067000000000000000e+03 2.559462245139625836e+01
5.068000000000000000e+03 2.559522736462315606e+01
5.069000000000000000e+03 2.559550393696628845e+01
5.070000000000000000e+03 2.559555432391332630e+01
5.071000000000000000e+03 2.559548733792397712e+01
5.072000000000000000e+03 2.559454527749169728e+01
5.073000000000000000e+03 2.559310114804501524e+01
5.074000000000000000e+03 2.559176863754139220e+01
5.075000000000000000e+03 2.559057585144093849e+01
5.076000000000000000e+03 2.558956441199739018e+01
5.077000000000000000e+03 2.558879775271623913e+01
5.078000000000000000e+03 2.558835701615082314e+01
5.079000000000000000e+03 2.558832936053329377e+01
5.080000000000000000e+03 2.558845009778230661e+01
5.081000000000000000e+03 2.558761027123416909e+01
5.082000000000000000e+03 2.558725659247965467e+01
5.083000000000000000e+03 2.558739975149070389e+01
5.084000000000000000e+03 2.558803024471828280e+01
5.085000000000000000e+03 2.558912399813123528e+01
5.086000000000000000e+03 2.559064716980365972e+01
5.087000000000000000e+03 2.559255802570105587e+01
5.088000000000000000e+03 2.559480729919464892e+01
5.089000000000000000e+03 2.559703838772394491e+01
5.090000000000000000e+03 2.559869208294121634e+01
5.091000000000000000e+03 2.560043948173127504e+01
5.092000000000000000e+03 2.560224895930583955e+01
5.093000000000000000e+03 2.560409724110643026e+01
5.094000000000000000e+03 2.560596732701162281e+01
5.095000000000000000e+03 2.560784920048513058e+01
5.096000000000000000e+03 2.560974386403523084e+01
5.097000000000000000e+03 2.561166917061606441e+01
5.098000000000000000e+03 2.561366529735478181e+01
5.099000000000000000e+03 2.561579804494749979e+01
5.100000000000000000e+03 2.561815836727838303e+01
5.101000000000000000e+03 2.562085921741768502e+01
5.102000000000000000e+03 2.562402833424125248e+01
5.103000000000000000e+03 2.562779715533609703e+01
5.104000000000000000e+03 2.563228528366761338e+01
5.105000000000000000e+03 2.563758293176925207e+01
5.106000000000000000e+03 2.564373437963327973e+01
5.107000000000000000e+03 2.565072691530065541e+01
5.108000000000000000e+03 2.565848898892586405e+01
5.109000000000000000e+03 2.566689806334748170e+01
5.110000000000000000e+03 2.567579647893889927e+01
5.111000000000000000e+03 2.568501212912115506e+01
5.112000000000000000e+03 2.569438043631262758e+01
5.113000000000000000e+03 2.570313690124070760e+01
5.114000000000000000e+03 2.571136452391796468e+01
5.115000000000000000e+03 2.571950930850118056e+01
5.116000000000000000e+03 2.572753597846934781e+01
5.117000000000000000e+03 2.573542693466123765e+01
5.118000000000000000e+03 2.574264140196912720e+01
5.119000000000000000e+03 2.574945613193015959e+01
5.120000000000000000e+03 2.575601089818413669e+01
5.121000000000000000e+03 2.576224466525125933e+01
5.122000000000000000e+03 2.576808402105764273e+01
5.123000000000000000e+03 2.577345154512498482e+01
5.124000000000000000e+03 2.577827434697874054e+01
5.125000000000000000e+03 2.578249214480533169e+01
5.126000000000000000e+03 2.578606479306598231e+01
5.127000000000000000e+03 2.578898005915575098e+01
5.128000000000000000e+03 2.579126057037657560e+01
5.129000000000000000e+03 2.579296769780285814e+01
5.130000000000000000e+03 2.579419947324588591e+01
5.131000000000000000e+03 2.579508255475452216e+01
5.132000000000000000e+03 2.579576024754751273e+01
5.133000000000000000e+03 2.579638090114418247e+01
5.134000000000000000e+03 2.579646127110787290e+01
5.135000000000000000e+03 2.579582125560952477e+01
5.136000000000000000e+03 2.579545767956135194e+01
5.137000000000000000e+03 2.579543210364191452e+01
5.138000000000000000e+03 2.579576339628705028e+01
5.139000000000000000e+03 2.579642389514733480e+01
5.140000000000000000e+03 2.579734450119702416e+01
5.141000000000000000e+03 2.579842860743879029e+01
5.142000000000000000e+03 2.579957110901504791e+01
5.143000000000000000e+03 2.580067620524296501e+01
5.144000000000000000e+03 2.580166944000134066e+01
5.145000000000000000e+03 2.580250017233832693e+01
5.146000000000000000e+03 2.580313467974560737e+01
5.147000000000000000e+03 2.580354342163620984e+01
5.148000000000000000e+03 2.580368770878637363e+01
5.149000000000000000e+03 2.580351155637385929e+01
5.150000000000000000e+03 2.580264817415929812e+01
5.151000000000000000e+03 2.580096020933449097e+01
5.152000000000000000e+03 2.579903806246128539e+01
5.153000000000000000e+03 2.579684276915872232e+01
5.154000000000000000e+03 2.579436239284233068e+01
5.155000000000000000e+03 2.579162955021423898e+01
5.156000000000000000e+03 2.578868237416408959e+01
5.157000000000000000e+03 2.578414145295174009e+01
5.158000000000000000e+03 2.577948234869072763e+01
5.159000000000000000e+03 2.577500662373989471e+01
5.160000000000000000e+03 2.577087748883016616e+01
5.161000000000000000e+03 2.576721977719810752e+01
5.162000000000000000e+03 2.576147393324525936e+01
5.163000000000000000e+03 2.575604850553166614e+01
5.164000000000000000e+03 2.575139170957571011e+01
5.165000000000000000e+03 2.574754894641061753e+01
5.166000000000000000e+03 2.574456759571195619e+01
5.167000000000000000e+03 2.574250935532233342e+01
5.168000000000000000e+03 2.574145595665433461e+01
5.169000000000000000e+03 2.574150544974570209e+01
5.170000000000000000e+03 2.574276128145933740e+01
5.171000000000000000e+03 2.574531950813608461e+01
5.172000000000000000e+03 2.574925788053198872e+01
5.173000000000000000e+03 2.575462911165456248e+01
5.174000000000000000e+03 2.576145691285359973e+01
5.175000000000000000e+03 2.576973393833541337e+01
5.176000000000000000e+03 2.577942031816242618e+01
5.177000000000000000e+03 2.579044310058701583e+01
5.178000000000000000e+03 2.580269775471209215e+01
5.179000000000000000e+03 2.581605023817212441e+01
5.180000000000000000e+03 2.583033902942456450e+01
5.181000000000000000e+03 2.584537844206113277e+01
5.182000000000000000e+03 2.586096478997121295e+01
5.183000000000000000e+03 2.587688473368026365e+01
5.184000000000000000e+03 2.589292428642936983e+01
5.185000000000000000e+03 2.590887609478510001e+01
5.186000000000000000e+03 2.592454583932495282e+01
5.187000000000000000e+03 2.593975731746611046e+01
5.188000000000000000e+03 2.595435636075777808e+01
5.189000000000000000e+03 2.596821185128236209e+01
5.190000000000000000e+03 2.598121452241894858e+01
5.191000000000000000e+03 2.599327532217921188e+01
5.192000000000000000e+03 2.600432657358607003e+01
5.193000000000000000e+03 2.601432722946652021e+01
5.194000000000000000e+03 2.602327020602598395e+01
5.195000000000000000e+03 2.603118910975294398e+01
5.196000000000000000e+03 2.603816186806801269e+01
5.197000000000000000e+03 2.604430840506811862e+01
5.198000000000000000e+03 2.604978163661701274e+01
5.199000000000000000e+03 2.605475395069649025e+01
5.200000000000000000e+03 2.605940254467707717e+01
5.201000000000000000e+03 2.606389612295279790e+01
5.202000000000000000e+03 2.606838563215579185e+01
5.203000000000000000e+03 2.607299947829898557e+01
5.204000000000000000e+03 2.607784297294765707e+01
5.205000000000000000e+03 2.608300118867725104e+01
5.206000000000000000e+03 2.608854425195988469e+01
5.207000000000000000e+03 2.609453145114980543e+01
5.208000000000000000e+03 2.610101350937491560e+01
5.209000000000000000e+03 2.610803200963039927e+01
5.210000000000000000e+03 2.611561619144889335e+01
5.211000000000000000e+03 2.612377828591112916e+01
5.212000000000000000e+03 2.613250934656803537e+01
5.213000000000000000e+03 2.614177794583452652e+01
5.214000000000000000e+03 2.615153268450432122e+01
5.215000000000000000e+03 2.616170664064471651e+01
5.216000000000000000e+03 2.617222141239680511e+01
5.217000000000000000e+03 2.618298921934561108e+01
5.218000000000000000e+03 2.619391383388640548e+01
5.219000000000000000e+03 2.620429524917850728e+01
5.220000000000000000e+03 2.621458642329457334e+01
5.221000000000000000e+03 2.622476421217549003e+01
5.222000000000000000e+03 2.623474512624884625e+01
5.223000000000000000e+03 2.624445829589792467e+01
5.224000000000000000e+03 2.625384561502345804e+01
5.225000000000000000e+03 2.626286170023333000e+01
5.226000000000000000e+03 2.627147615618382304e+01
5.227000000000000000e+03 2.627967863233052270e+01
5.228000000000000000e+03 2.628748454830081371e+01
5.229000000000000000e+03 2.629493858417778895e+01
5.230000000000000000e+03 2.630211299546683179e+01
5.231000000000000000e+03 2.630910044612857490e+01
5.232000000000000000e+03 2.631600149585784010e+01
5.233000000000000000e+03 2.632291023174065359e+01
5.234000000000000000e+03 2.632989978916214824e+01
5.235000000000000000e+03 2.633701107761085680e+01
5.236000000000000000e+03 2.634424759225120027e+01
5.237000000000000000e+03 2.635157669939643910e+01
5.238000000000000000e+03 2.635893657380780297e+01
5.239000000000000000e+03 2.636587711345602969e+01
5.240000000000000000e+03 2.637232108963094390e+01
5.241000000000000000e+03 2.637853110211091945e+01
5.242000000000000000e+03 2.638438832778130205e+01
5.243000000000000000e+03 2.638791590650456342e+01
5.244000000000000000e+03 2.639114303954128715e+01
5.245000000000000000e+03 2.639408346049566489e+01
5.246000000000000000e+03 2.639677516922679956e+01
5.247000000000000000e+03 2.639927331471668026e+01
5.248000000000000000e+03 2.640154487208726053e+01
5.249000000000000000e+03 2.640284154338683820e+01
5.250000000000000000e+03 2.640413705002885081e+01
5.251000000000000000e+03 2.640543805451364534e+01
5.252000000000000000e+03 2.640670650208298298e+01
5.253000000000000000e+03 2.640786006233204120e+01
5.254000000000000000e+03 2.640878243644513290e+01
5.255000000000000000e+03 2.640934241515292769e+01
5.256000000000000000e+03 2.640941803941365862e+01
5.257000000000000000e+03 2.640892003337595995e+01
5.258000000000000000e+03 2.640780635260677656e+01
5.259000000000000000e+03 2.640588743629518831e+01
5.260000000000000000e+03 2.640233802120285844e+01
5.261000000000000000e+03 2.639828723578033376e+01
5.262000000000000000e+03 2.639382660041449924e+01
5.263000000000000000e+03 2.638847926652627152e+01
5.264000000000000000e+03 2.638163175783294889e+01
5.265000000000000000e+03 2.637455736453779309e+01
5.266000000000000000e+03 2.636738433287038319e+01
5.267000000000000000e+03 2.636025656439569076e+01
5.268000000000000000e+03 2.635333600129924392e+01
5.269000000000000000e+03 2.634608201450759424e+01
5.270000000000000000e+03 2.633836243211410277e+01
5.271000000000000000e+03 2.632997443187541364e+01
5.272000000000000000e+03 2.632244400139054008e+01
5.273000000000000000e+03 2.631592595107984067e+01
5.274000000000000000e+03 2.631054269582977767e+01
5.275000000000000000e+03 2.630638737303667796e+01
5.276000000000000000e+03 2.630352374778238556e+01
5.277000000000000000e+03 2.630198663281012017e+01
5.278000000000000000e+03 2.630178189201331662e+01
5.279000000000000000e+03 2.630288659752595137e+01
5.280000000000000000e+03 2.630524959458241341e+01
5.281000000000000000e+03 2.630879318490467966e+01
5.282000000000000000e+03 2.631341654659755847e+01
5.283000000000000000e+03 2.631900173930561238e+01
5.284000000000000000e+03 2.632542130674031000e+01
5.285000000000000000e+03 2.633254659906515371e+01
5.286000000000000000e+03 2.633941159216478667e+01
5.287000000000000000e+03 2.634534619171276404e+01
5.288000000000000000e+03 2.635179315797302380e+01
5.289000000000000000e+03 2.635873734483112685e+01
5.290000000000000000e+03 2.636614488263839107e+01
5.291000000000000000e+03 2.637399231810017852e+01
5.292000000000000000e+03 2.638226496568301371e+01
5.293000000000000000e+03 2.639095020030944383e+01
5.294000000000000000e+03 2.640002646843006673e+01
5.295000000000000000e+03 2.640945382021040544e+01
5.296000000000000000e+03 2.641916976275456008e+01
5.297000000000000000e+03 2.642843158614867960e+01
5.298000000000000000e+03 2.643685907148120862e+01
5.299000000000000000e+03 2.644530564640683323e+01
5.300000000000000000e+03 2.645369488080779874e+01
5.301000000000000000e+03 2.646130139398216485e+01
5.302000000000000000e+03 2.646830332465699342e+01
5.303000000000000000e+03 2.647524349461918547e+01
5.304000000000000000e+03 2.648211742150487424e+01
5.305000000000000000e+03 2.648893028576971886e+01
5.306000000000000000e+03 2.649569211140801883e+01
5.307000000000000000e+03 2.650241422805614988e+01
5.308000000000000000e+03 2.650910857297689205e+01
5.309000000000000000e+03 2.651578974339747674e+01
5.310000000000000000e+03 2.652247741418840477e+01
5.311000000000000000e+03 2.652919769069010414e+01
5.312000000000000000e+03 2.653598035278444911e+01
5.313000000000000000e+03 2.654271637688702157e+01
5.314000000000000000e+03 2.654872899408246312e+01
5.315000000000000000e+03 2.655508515146970439e+01
5.316000000000000000e+03 2.656178289519597513e+01
5.317000000000000000e+03 2.656879712036346319e+01
5.318000000000000000e+03 2.657607669502662873e+01
5.319000000000000000e+03 2.658154459937593117e+01
5.320000000000000000e+03 2.658701534875825701e+01
5.321000000000000000e+03 2.659256441938965310e+01
5.322000000000000000e+03 2.659788993612799501e+01
5.323000000000000000e+03 2.660198937016775744e+01
5.324000000000000000e+03 2.660571958155148309e+01
5.325000000000000000e+03 2.660909924651088687e+01
5.326000000000000000e+03 2.661219603773057685e+01
5.327000000000000000e+03 2.661512872281947395e+01
5.328000000000000000e+03 2.661687357794539111e+01
5.329000000000000000e+03 2.661814032375227157e+01
5.330000000000000000e+03 2.661939472603932444e+01
5.331000000000000000e+03 2.662064538414824000e+01
5.332000000000000000e+03 2.662301825780446762e+01
5.333000000000000000e+03 2.662676461240029724e+01
5.334000000000000000e+03 2.663207745633774692e+01
5.335000000000000000e+03 2.663907442684159577e+01
5.336000000000000000e+03 2.664779122636941366e+01
5.337000000000000000e+03 2.665818758779721875e+01
5.338000000000000000e+03 2.666965386303937180e+01
5.339000000000000000e+03 2.668007026695018169e+01
5.340000000000000000e+03 2.669164841133819621e+01
5.341000000000000000e+03 2.670326994696627665e+01
5.342000000000000000e+03 2.671553450107674621e+01
5.343000000000000000e+03 2.672857305779357873e+01
5.344000000000000000e+03 2.674228948334704725e+01
5.345000000000000000e+03 2.675661185243333762e+01
5.346000000000000000e+03 2.677150004150064788e+01
5.347000000000000000e+03 2.678694833045116042e+01
5.348000000000000000e+03 2.680297953708737779e+01
5.349000000000000000e+03 2.681963102266244903e+01
5.350000000000000000e+03 2.683693572941670169e+01
5.351000000000000000e+03 2.685490555519955080e+01
5.352000000000000000e+03 2.687352210263605912e+01
5.353000000000000000e+03 2.689273744238434460e+01
5.354000000000000000e+03 2.691116738863342306e+01
5.355000000000000000e+03 2.692932853763737810e+01
5.356000000000000000e+03 2.694784630810199388e+01
5.357000000000000000e+03 2.696667251979381419e+01
5.358000000000000000e+03 2.698576524965846701e+01
5.359000000000000000e+03 2.700508024269861096e+01
5.360000000000000000e+03 2.702456450635195750e+01
5.361000000000000000e+03 2.704415443360876736e+01
5.362000000000000000e+03 2.706377897909148444e+01
5.363000000000000000e+03 2.708336392450235053e+01
5.364000000000000000e+03 2.710283434476451703e+01
5.365000000000000000e+03 2.712211289838000638e+01
5.366000000000000000e+03 2.714111533244219743e+01
5.367000000000000000e+03 2.715974689601251413e+01
5.368000000000000000e+03 2.717790244684545797e+01
5.369000000000000000e+03 2.719547267515541833e+01
5.370000000000000000e+03 2.721235667903276934e+01
5.371000000000000000e+03 2.722847470018801985e+01
5.372000000000000000e+03 2.724377551061265734e+01
5.373000000000000000e+03 2.725823497377487215e+01
5.374000000000000000e+03 2.727184671813153471e+01
5.375000000000000000e+03 2.728461059584432391e+01
5.376000000000000000e+03 2.729652287844174907e+01
5.377000000000000000e+03 2.730757031591095085e+01
5.378000000000000000e+03 2.731772909246216585e+01
5.379000000000000000e+03 2.732696741880383229e+01
5.380000000000000000e+03 2.733525057841078620e+01
5.381000000000000000e+03 2.734254772621135388e+01
5.382000000000000000e+03 2.734884039693804780e+01
5.383000000000000000e+03 2.735413390912727394e+01
5.384000000000000000e+03 2.735846776185780271e+01
5.385000000000000000e+03 2.736192191445399402e+01
5.386000000000000000e+03 2.736461390163998786e+01
5.387000000000000000e+03 2.736668684759258241e+01
5.388000000000000000e+03 2.736829201183140370e+01
5.389000000000000000e+03 2.736957178495612553e+01
5.390000000000000000e+03 2.737064696601910185e+01
5.391000000000000000e+03 2.737160976486545039e+01
5.392000000000000000e+03 2.737252153903502006e+01
5.393000000000000000e+03 2.737207736861953578e+01
5.394000000000000000e+03 2.737031171915833383e+01
5.395000000000000000e+03 2.736832362164994592e+01
5.396000000000000000e+03 2.736610465228738320e+01
5.397000000000000000e+03 2.736360829777173009e+01
5.398000000000000000e+03 2.736079696687824736e+01
5.399000000000000000e+03 2.735765486663088808e+01
5.400000000000000000e+03 2.735419150678974987e+01
5.401000000000000000e+03 2.735043750957987285e+01
5.402000000000000000e+03 2.734586793477385669e+01
5.403000000000000000e+03 2.734096335544931122e+01
5.404000000000000000e+03 2.733596560442259715e+01
5.405000000000000000e+03 2.733070819699508291e+01
5.406000000000000000e+03 2.732525105115065145e+01
5.407000000000000000e+03 2.731995291531455905e+01
5.408000000000000000e+03 2.731490172538314454e+01
5.409000000000000000e+03 2.731019031851851508e+01
5.410000000000000000e+03 2.730590820010948150e+01
5.411000000000000000e+03 2.730212975014077159e+01
5.412000000000000000e+03 2.729855136172156449e+01
5.413000000000000000e+03 2.729394864010578203e+01
5.414000000000000000e+03 2.728936404523429005e+01
5.415000000000000000e+03 2.728397431482679281e+01
5.416000000000000000e+03 2.727907474926068332e+01
5.417000000000000000e+03 2.727460811988086675e+01
5.418000000000000000e+03 2.727054072277927688e+01
5.419000000000000000e+03 2.726680114553482071e+01
5.420000000000000000e+03 2.726148583508407341e+01
5.421000000000000000e+03 2.725567078407893007e+01
5.422000000000000000e+03 2.725033545967355764e+01
5.423000000000000000e+03 2.724555099980005934e+01
5.424000000000000000e+03 2.724137981256321694e+01
5.425000000000000000e+03 2.723787351274601320e+01
5.426000000000000000e+03 2.723507173121714331e+01
5.427000000000000000e+03 2.723300180952048777e+01
5.428000000000000000e+03 2.723167851362661196e+01
5.429000000000000000e+03 2.723110159352947335e+01
5.430000000000000000e+03 2.723125190416165253e+01
5.431000000000000000e+03 2.723208684759352138e+01
5.432000000000000000e+03 2.723353681368136137e+01
5.433000000000000000e+03 2.723398897501890303e+01
5.434000000000000000e+03 2.723426973282814956e+01
5.435000000000000000e+03 2.723477352868135171e+01
5.436000000000000000e+03 2.723538768361866147e+01
5.437000000000000000e+03 2.723602387587692419e+01
5.438000000000000000e+03 2.723662891974813860e+01
5.439000000000000000e+03 2.723703705136431097e+01
5.440000000000000000e+03 2.723582114872979787e+01
5.441000000000000000e+03 2.723424161984803504e+01
5.442000000000000000e+03 2.723280315900091253e+01
5.443000000000000000e+03 2.723157160983737768e+01
5.444000000000000000e+03 2.723060419937750254e+01
5.445000000000000000e+03 2.722994967619782258e+01
5.446000000000000000e+03 2.722942547046862316e+01
5.447000000000000000e+03 2.722762264852740088e+01
5.448000000000000000e+03 2.722635666278399924e+01
5.449000000000000000e+03 2.722567361005706488e+01
5.450000000000000000e+03 2.722560914304064994e+01
5.451000000000000000e+03 2.722618729562507411e+01
5.452000000000000000e+03 2.722742242165334403e+01
5.453000000000000000e+03 2.722932388233975587e+01
5.454000000000000000e+03 2.723156947571204967e+01
5.455000000000000000e+03 2.723401383459981417e+01
5.456000000000000000e+03 2.723714639926164693e+01
5.457000000000000000e+03 2.724096698082488643e+01
5.458000000000000000e+03 2.724470183110436139e+01
5.459000000000000000e+03 2.724860162442315215e+01
5.460000000000000000e+03 2.725304936305122538e+01
5.461000000000000000e+03 2.725796035858224542e+01
5.462000000000000000e+03 2.726325311191927625e+01
5.463000000000000000e+03 2.726675779843002445e+01
5.464000000000000000e+03 2.726961527887567627e+01
5.465000000000000000e+03 2.727268960788738639e+01
5.466000000000000000e+03 2.727595617395334671e+01
5.467000000000000000e+03 2.727940330110710221e+01
5.468000000000000000e+03 2.728303135080609820e+01
5.469000000000000000e+03 2.728685191350743366e+01
5.470000000000000000e+03 2.729088851931779658e+01
5.471000000000000000e+03 2.729517877428300920e+01
5.472000000000000000e+03 2.729946653051121785e+01
5.473000000000000000e+03 2.730236323066537452e+01
5.474000000000000000e+03 2.730584785216273502e+01
5.475000000000000000e+03 2.731009015027451170e+01
5.476000000000000000e+03 2.731525610037285290e+01
5.477000000000000000e+03 2.732149006671233948e+01
5.478000000000000000e+03 2.732857483388534803e+01
5.479000000000000000e+03 2.733407121343798352e+01
5.480000000000000000e+03 2.734060603482035745e+01
5.481000000000000000e+03 2.734816541762321407e+01
5.482000000000000000e+03 2.735666700060341228e+01
5.483000000000000000e+03 2.736262950438218411e+01
5.484000000000000000e+03 2.736873289490185357e+01
5.485000000000000000e+03 2.737533179518682402e+01
5.486000000000000000e+03 2.738164757694782736e+01
5.487000000000000000e+03 2.738628479353437584e+01
5.488000000000000000e+03 2.739113368487752354e+01
5.489000000000000000e+03 2.739620943952536436e+01
5.490000000000000000e+03 2.740152491235624765e+01
5.491000000000000000e+03 2.740707999236508385e+01
5.492000000000000000e+03 2.741284956514231652e+01
5.493000000000000000e+03 2.741877514929920068e+01
5.494000000000000000e+03 2.742476366545412247e+01
5.495000000000000000e+03 2.743069537401038360e+01
5.496000000000000000e+03 2.743584057184123637e+01
5.497000000000000000e+03 2.744028285774597009e+01
5.498000000000000000e+03 2.744436541090340853e+01
5.499000000000000000e+03 2.744802873085131623e+01
5.500000000000000000e+03 2.745125580526785924e+01
5.501000000000000000e+03 2.745406433322806805e+01
5.502000000000000000e+03 2.745648944296785388e+01
5.503000000000000000e+03 2.745856370226372434e+01
5.504000000000000000e+03 2.746029908720068846e+01
5.505000000000000000e+03 2.746167668790682370e+01
5.506000000000000000e+03 2.746264492573818217e+01
5.507000000000000000e+03 2.746312464673111009e+01
5.508000000000000000e+03 2.746301823973474399e+01
5.509000000000000000e+03 2.746222065900381892e+01
5.510000000000000000e+03 2.746028927561526700e+01
5.511000000000000000e+03 2.745510633151873492e+01
5.512000000000000000e+03 2.744916098859281561e+01
5.513000000000000000e+03 2.744248983965414368e+01
5.514000000000000000e+03 2.743427367278341933e+01
5.515000000000000000e+03 2.742511013163078459e+01
5.516000000000000000e+03 2.741549753276309076e+01
5.517000000000000000e+03 2.740556046358507913e+01
5.518000000000000000e+03 2.739542694778447185e+01
5.519000000000000000e+03 2.738522897481546892e+01
5.520000000000000000e+03 2.737510348506852864e+01
5.521000000000000000e+03 2.736519110574451119e+01
5.522000000000000000e+03 2.735563253558704133e+01
5.523000000000000000e+03 2.734656284435119034e+01
5.524000000000000000e+03 2.733810475897793424e+01
5.525000000000000000e+03 2.733036181590874492e+01
5.526000000000000000e+03 2.732341293957576056e+01
5.527000000000000000e+03 2.731566865395538457e+01
5.528000000000000000e+03 2.730697407895623030e+01
5.529000000000000000e+03 2.729928895141351930e+01
5.530000000000000000e+03 2.729264203913236742e+01
5.531000000000000000e+03 2.728706638471070534e+01
5.532000000000000000e+03 2.728261296446465423e+01
5.533000000000000000e+03 2.727936087671147902e+01
5.534000000000000000e+03 2.727742157180083993e+01
5.535000000000000000e+03 2.727693499274753464e+01
5.536000000000000000e+03 2.727805510412560608e+01
5.537000000000000000e+03 2.728092274777127102e+01
5.538000000000000000e+03 2.728562973100733302e+01
5.539000000000000000e+03 2.729218724374750948e+01
5.540000000000000000e+03 2.730051408307301486e+01
5.541000000000000000e+03 2.731044709145749039e+01
5.542000000000000000e+03 2.732137713379116661e+01
5.543000000000000000e+03 2.733337590361418989e+01
5.544000000000000000e+03 2.734625630754870684e+01
5.545000000000000000e+03 2.735974968368616800e+01
5.546000000000000000e+03 2.737360008819993240e+01
5.547000000000000000e+03 2.738757768726659947e+01
5.548000000000000000e+03 2.740148705863462908e+01
5.549000000000000000e+03 2.741366025758231473e+01
5.550000000000000000e+03 2.742399781718663831e+01
5.551000000000000000e+03 2.743394751370083640e+01
5.552000000000000000e+03 2.744344111092058114e+01
5.553000000000000000e+03 2.745240744396966903e+01
5.554000000000000000e+03 2.746005841385991531e+01
5.555000000000000000e+03 2.746591747188592691e+01
5.556000000000000000e+03 2.747100597448418924e+01
5.557000000000000000e+03 2.747522288491593301e+01
5.558000000000000000e+03 2.747733444286481230e+01
5.559000000000000000e+03 2.747576392035277593e+01
5.560000000000000000e+03 2.747279039506910792e+01
5.561000000000000000e+03 2.746899053664618862e+01
5.562000000000000000e+03 2.746208284361514984e+01
5.563000000000000000e+03 2.745314002683127086e+01
5.564000000000000000e+03 2.744379994527256628e+01
5.565000000000000000e+03 2.743425431939364856e+01
5.566000000000000000e+03 2.742467769650908238e+01
5.567000000000000000e+03 2.741522394946851193e+01
5.568000000000000000e+03 2.740603024565682944e+01
5.569000000000000000e+03 2.739722522473252297e+01
5.570000000000000000e+03 2.738893714625540809e+01
5.571000000000000000e+03 2.738129625630504904e+01
5.572000000000000000e+03 2.737443111996446987e+01
5.573000000000000000e+03 2.736845926941518670e+01
5.574000000000000000e+03 2.736347505799503921e+01
5.575000000000000000e+03 2.735953814856098631e+01
5.576000000000000000e+03 2.735666612462319591e+01
5.577000000000000000e+03 2.735483408461375276e+01
5.578000000000000000e+03 2.735398091113211905e+01
5.579000000000000000e+03 2.735304097165192161e+01
5.580000000000000000e+03 2.735259779347339304e+01
5.581000000000000000e+03 2.735284077587461837e+01
5.582000000000000000e+03 2.735368438213786391e+01
5.583000000000000000e+03 2.735280010043482690e+01
5.584000000000000000e+03 2.735234194215419379e+01
5.585000000000000000e+03 2.735238938050019897e+01
5.586000000000000000e+03 2.735287978387790275e+01
5.587000000000000000e+03 2.735243987074539262e+01
5.588000000000000000e+03 2.735234760087377737e+01
5.589000000000000000e+03 2.735265689038012127e+01
5.590000000000000000e+03 2.735339017212225343e+01
5.591000000000000000e+03 2.735459505119116130e+01
5.592000000000000000e+03 2.735633894341052041e+01
5.593000000000000000e+03 2.735869997823895972e+01
5.594000000000000000e+03 2.736175946641193590e+01
5.595000000000000000e+03 2.736560163978938576e+01
5.596000000000000000e+03 2.737031916251387287e+01
5.597000000000000000e+03 2.737566823037839470e+01
5.598000000000000000e+03 2.737942771229140959e+01
5.599000000000000000e+03 2.738446580142665709e+01
5.600000000000000000e+03 2.739083602877296642e+01
5.601000000000000000e+03 2.739661939956411629e+01
5.602000000000000000e+03 2.740289340182780720e+01
5.603000000000000000e+03 2.741019519388806458e+01
5.604000000000000000e+03 2.741834894300293257e+01
5.605000000000000000e+03 2.742716490816579977e+01
5.606000000000000000e+03 2.743528423401819438e+01
5.607000000000000000e+03 2.744242418479252166e+01
5.608000000000000000e+03 2.744966757163346927e+01
5.609000000000000000e+03 2.745685234167603994e+01
5.610000000000000000e+03 2.746367443635123351e+01
5.611000000000000000e+03 2.746702373947292841e+01
5.612000000000000000e+03 2.747008229998435525e+01
5.613000000000000000e+03 2.747278388168937369e+01
5.614000000000000000e+03 2.747510805420973057e+01
5.615000000000000000e+03 2.747708317130857125e+01
5.616000000000000000e+03 2.747826709792659727e+01
5.617000000000000000e+03 2.747838428109467657e+01
5.618000000000000000e+03 2.747868008571363063e+01
5.619000000000000000e+03 2.747891829558166776e+01
5.620000000000000000e+03 2.747926923455091597e+01
5.621000000000000000e+03 2.748024980039853560e+01
5.622000000000000000e+03 2.748197469529943149e+01
5.623000000000000000e+03 2.748452851183995449e+01
5.624000000000000000e+03 2.748797279511978786e+01
5.625000000000000000e+03 2.749137751870593860e+01
5.626000000000000000e+03 2.749428059472634800e+01
5.627000000000000000e+03 2.749830223306502930e+01
5.628000000000000000e+03 2.750340313486930199e+01
5.629000000000000000e+03 2.750935433910743555e+01
5.630000000000000000e+03 2.751660611725784733e+01
5.631000000000000000e+03 2.752520275016925666e+01
5.632000000000000000e+03 2.753514473320399958e+01
5.633000000000000000e+03 2.754637783285240715e+01
5.634000000000000000e+03 2.755878872239814115e+01
5.635000000000000000e+03 2.757220890770715016e+01
5.636000000000000000e+03 2.758642699695237255e+01
5.637000000000000000e+03 2.760112917201758620e+01
5.638000000000000000e+03 2.761104555490102186e+01
5.639000000000000000e+03 2.762008166890764116e+01
5.640000000000000000e+03 2.762869021557325766e+01
5.641000000000000000e+03 2.763686697557026051e+01
5.642000000000000000e+03 2.764452281708005899e+01
5.643000000000000000e+03 2.765081399753658076e+01
5.644000000000000000e+03 2.765652771983010894e+01
5.645000000000000000e+03 2.766149244960478981e+01
5.646000000000000000e+03 2.766515310666456884e+01
5.647000000000000000e+03 2.766853646987819104e+01
5.648000000000000000e+03 2.767176508250059186e+01
5.649000000000000000e+03 2.767438097628639682e+01
5.650000000000000000e+03 2.767583798240077897e+01
5.651000000000000000e+03 2.767676167089206984e+01
5.652000000000000000e+03 2.767712365521262186e+01
5.653000000000000000e+03 2.767784238132888674e+01
5.654000000000000000e+03 2.767891206417210626e+01
5.655000000000000000e+03 2.767936001365611531e+01
5.656000000000000000e+03 2.767932285976561602e+01
5.657000000000000000e+03 2.767953494131301895e+01
5.658000000000000000e+03 2.767996520801359139e+01
5.659000000000000000e+03 2.768020444210517184e+01
5.660000000000000000e+03 2.768035829704995621e+01
5.661000000000000000e+03 2.768076118613529246e+01
5.662000000000000000e+03 2.768145389897712505e+01
5.663000000000000000e+03 2.768249051648736625e+01
5.664000000000000000e+03 2.768363014740133110e+01
5.665000000000000000e+03 2.768356884707166543e+01
5.666000000000000000e+03 2.768432511956825692e+01
5.667000000000000000e+03 2.768602736110976537e+01
5.668000000000000000e+03 2.768880481841105734e+01
5.669000000000000000e+03 2.769134329838452047e+01
5.670000000000000000e+03 2.769328296072245621e+01
5.671000000000000000e+03 2.769607474494513255e+01
5.672000000000000000e+03 2.770012837280746965e+01
5.673000000000000000e+03 2.770544876619989338e+01
5.674000000000000000e+03 2.771201754555557883e+01
5.675000000000000000e+03 2.771851672963433089e+01
5.676000000000000000e+03 2.772618089272672037e+01
5.677000000000000000e+03 2.773493159897686056e+01
5.678000000000000000e+03 2.774463780658983580e+01
5.679000000000000000e+03 2.775513606878569917e+01
5.680000000000000000e+03 2.776624514653598652e+01
5.681000000000000000e+03 2.777778554256647681e+01
5.682000000000000000e+03 2.778959935716362040e+01
5.683000000000000000e+03 2.780156254209637012e+01
5.684000000000000000e+03 2.781358212902581784e+01
5.685000000000000000e+03 2.782557995200841461e+01
5.686000000000000000e+03 2.783730481124633371e+01
5.687000000000000000e+03 2.784611197322891840e+01
5.688000000000000000e+03 2.785442175398519993e+01
5.689000000000000000e+03 2.786231446539063938e+01
5.690000000000000000e+03 2.786971973438086536e+01
5.691000000000000000e+03 2.787661130071979443e+01
5.692000000000000000e+03 2.788261298594235171e+01
5.693000000000000000e+03 2.788735145343193267e+01
5.694000000000000000e+03 2.789181541782344809e+01
5.695000000000000000e+03 2.789615609913305150e+01
5.696000000000000000e+03 2.790051556528596421e+01
5.697000000000000000e+03 2.790124208314272991e+01
5.698000000000000000e+03 2.790177893277575194e+01
5.699000000000000000e+03 2.790198950749110196e+01
5.700000000000000000e+03 2.790162495673239818e+01
5.701000000000000000e+03 2.790157172306412647e+01
5.702000000000000000e+03 2.790182836539913325e+01
5.703000000000000000e+03 2.790237998911527839e+01
5.704000000000000000e+03 2.790260659042390401e+01
5.705000000000000000e+03 2.790132908247956323e+01
5.706000000000000000e+03 2.789980416177552769e+01
5.707000000000000000e+03 2.789698223155471979e+01
5.708000000000000000e+03 2.789363628714115251e+01
5.709000000000000000e+03 2.789049816482374311e+01
5.710000000000000000e+03 2.788765875949063400e+01
5.711000000000000000e+03 2.788523547792947355e+01
5.712000000000000000e+03 2.788336831492939893e+01
5.713000000000000000e+03 2.788123006441249885e+01
5.714000000000000000e+03 2.788013934671363359e+01
5.715000000000000000e+03 2.788033605327592213e+01
5.716000000000000000e+03 2.788203320945099151e+01
5.717000000000000000e+03 2.788543576238137334e+01
5.718000000000000000e+03 2.789072885766541532e+01
5.719000000000000000e+03 2.789806752007933355e+01
5.720000000000000000e+03 2.790756871091944191e+01
5.721000000000000000e+03 2.791930637173123841e+01
5.722000000000000000e+03 2.793330884973229900e+01
5.723000000000000000e+03 2.794876435420221128e+01
5.724000000000000000e+03 2.796586720128782488e+01
5.725000000000000000e+03 2.798488485389186309e+01
5.726000000000000000e+03 2.800567632480979796e+01
5.727000000000000000e+03 2.802805655805147467e+01
5.728000000000000000e+03 2.805179771024206303e+01
5.729000000000000000e+03 2.807662795662346156e+01
5.730000000000000000e+03 2.810207741834041073e+01
5.731000000000000000e+03 2.812674917869315294e+01
5.732000000000000000e+03 2.815150700004486595e+01
5.733000000000000000e+03 2.817563802423728703e+01
5.734000000000000000e+03 2.819913590095305267e+01
5.735000000000000000e+03 2.822194328495221427e+01
5.736000000000000000e+03 2.824383947477271306e+01
5.737000000000000000e+03 2.826321261583154154e+01
5.738000000000000000e+03 2.828074390029334495e+01
5.739000000000000000e+03 2.829693784964381820e+01
5.740000000000000000e+03 2.831196259473149013e+01
5.741000000000000000e+03 2.832608171779408224e+01
5.742000000000000000e+03 2.833962104380298541e+01
5.743000000000000000e+03 2.835292883922703311e+01
5.744000000000000000e+03 2.836531108199280737e+01
5.745000000000000000e+03 2.837790254706844451e+01
5.746000000000000000e+03 2.839114109093679872e+01
5.747000000000000000e+03 2.840522488148284452e+01
5.748000000000000000e+03 2.842029764053569352e+01
5.749000000000000000e+03 2.843644797765207954e+01
5.750000000000000000e+03 2.845370639158118564e+01
5.751000000000000000e+03 2.847140415101050692e+01
5.752000000000000000e+03 2.848793148130931385e+01
5.753000000000000000e+03 2.850398803996401043e+01
5.754000000000000000e+03 2.852041852374881614e+01
5.755000000000000000e+03 2.853701565963471865e+01
5.756000000000000000e+03 2.855355967556524632e+01
5.757000000000000000e+03 2.856983293715897076e+01
5.758000000000000000e+03 2.858563130005283170e+01
5.759000000000000000e+03 2.860077378124971403e+01
5.760000000000000000e+03 2.861511057625524757e+01
5.761000000000000000e+03 2.862853061179015413e+01
5.762000000000000000e+03 2.864096618720747145e+01
5.763000000000000000e+03 2.865239317587799306e+01
5.764000000000000000e+03 2.866282519770425097e+01
5.765000000000000000e+03 2.867230208636427236e+01
5.766000000000000000e+03 2.868087724025057383e+01
5.767000000000000000e+03 2.868860820773688047e+01
5.768000000000000000e+03 2.869555226011078020e+01
5.769000000000000000e+03 2.870176715171482940e+01
5.770000000000000000e+03 2.870731276749597072e+01
5.771000000000000000e+03 2.871225164990686096e+01
5.772000000000000000e+03 2.871664750846445813e+01
5.773000000000000000e+03 2.872056294630935724e+01
5.774000000000000000e+03 2.872405877272598218e+01
5.775000000000000000e+03 2.872719584436487139e+01
5.776000000000000000e+03 2.873003842510660988e+01
5.777000000000000000e+03 2.873265727136485026e+01
5.778000000000000000e+03 2.873513211850249149e+01
5.779000000000000000e+03 2.873755275106312723e+01
5.780000000000000000e+03 2.874001840700414689e+01
5.781000000000000000e+03 2.874263578397670216e+01
5.782000000000000000e+03 2.874551510407423649e+01
5.783000000000000000e+03 2.874876486601994685e+01
5.784000000000000000e+03 2.875248751850072537e+01
5.785000000000000000e+03 2.875677627588296303e+01
5.786000000000000000e+03 2.876171284813275975e+01
5.787000000000000000e+03 2.876736645492754718e+01
5.788000000000000000e+03 2.877379228774030295e+01
5.789000000000000000e+03 2.878102860448155553e+01
5.790000000000000000e+03 2.878909459380656699e+01
5.791000000000000000e+03 2.879731116517406875e+01
5.792000000000000000e+03 2.880582567910062153e+01
5.793000000000000000e+03 2.881519206493165797e+01
5.794000000000000000e+03 2.882535373392458666e+01
5.795000000000000000e+03 2.883623196538195543e+01
5.796000000000000000e+03 2.884772504025999851e+01
5.797000000000000000e+03 2.885970907008783470e+01
5.798000000000000000e+03 2.887204180133612752e+01
5.799000000000000000e+03 2.888456976211611149e+01
5.800000000000000000e+03 2.889575804999253705e+01
5.801000000000000000e+03 2.890585335147584445e+01
5.802000000000000000e+03 2.891564022001459477e+01
5.803000000000000000e+03 2.892503835290705183e+01
5.804000000000000000e+03 2.893399313865630162e+01
5.805000000000000000e+03 2.894246607917315472e+01
5.806000000000000000e+03 2.895042424426540961e+01
5.807000000000000000e+03 2.895783285706187371e+01
5.808000000000000000e+03 2.896373887776545075e+01
5.809000000000000000e+03 2.896894401797602114e+01
5.810000000000000000e+03 2.897355488742159224e+01
5.811000000000000000e+03 2.897755486905846567e+01
5.812000000000000000e+03 2.898094799570173308e+01
5.813000000000000000e+03 2.898377156564061607e+01
5.814000000000000000e+03 2.898610160264445668e+01
5.815000000000000000e+03 2.898804707113519896e+01
5.816000000000000000e+03 2.898973392614447775e+01
5.817000000000000000e+03 2.899128712246441353e+01
5.818000000000000000e+03 2.899281697803448665e+01
5.819000000000000000e+03 2.899441270414128269e+01
5.820000000000000000e+03 2.899532679056698115e+01
5.821000000000000000e+03 2.899611147724857574e+01
5.822000000000000000e+03 2.899710835847630008e+01
5.823000000000000000e+03 2.899834596359233529e+01
5.824000000000000000e+03 2.899975168965293904e+01
5.825000000000000000e+03 2.899932994323359026e+01
5.826000000000000000e+03 2.899826764287452363e+01
5.827000000000000000e+03 2.899733715133788792e+01
5.828000000000000000e+03 2.899655856527457232e+01
5.829000000000000000e+03 2.899596010191181250e+01
5.830000000000000000e+03 2.899558511423008866e+01
5.831000000000000000e+03 2.899549307365617068e+01
5.832000000000000000e+03 2.899575361679224272e+01
5.833000000000000000e+03 2.899643635383691631e+01
5.834000000000000000e+03 2.899729021132733209e+01
5.835000000000000000e+03 2.899744488828193667e+01
5.836000000000000000e+03 2.899815745356649543e+01
5.837000000000000000e+03 2.899939396630985300e+01
5.838000000000000000e+03 2.900107826993013660e+01
5.839000000000000000e+03 2.900309728334810089e+01
5.840000000000000000e+03 2.900531368096394402e+01
5.841000000000000000e+03 2.900758187036288049e+01
5.842000000000000000e+03 2.900976178489745294e+01
5.843000000000000000e+03 2.901172907031148185e+01
5.844000000000000000e+03 2.901338198060551576e+01
5.845000000000000000e+03 2.901464717362237877e+01
5.846000000000000000e+03 2.901548505831156177e+01
5.847000000000000000e+03 2.901589273986355266e+01
5.848000000000000000e+03 2.901590302255238996e+01
5.849000000000000000e+03 2.901557725957989220e+01
5.850000000000000000e+03 2.901499289767063061e+01
5.851000000000000000e+03 2.901422966920723567e+01
5.852000000000000000e+03 2.901290351233617315e+01
5.853000000000000000e+03 2.901075550957574478e+01
5.854000000000000000e+03 2.900877099965309469e+01
5.855000000000000000e+03 2.900699250294246667e+01
5.856000000000000000e+03 2.900545262232931520e+01
5.857000000000000000e+03 2.900418241758075411e+01
5.858000000000000000e+03 2.900321808737493967e+01
5.859000000000000000e+03 2.900260447181845080e+01
5.860000000000000000e+03 2.900239476304837893e+01
5.861000000000000000e+03 2.900264535125117504e+01
5.862000000000000000e+03 2.900340630987941992e+01
5.863000000000000000e+03 2.900470999928592164e+01
5.864000000000000000e+03 2.900652814264048374e+01
5.865000000000000000e+03 2.900739747534963797e+01
5.866000000000000000e+03 2.900757189727495700e+01
5.867000000000000000e+03 2.900808254049515966e+01
5.868000000000000000e+03 2.900888157784535437e+01
5.869000000000000000e+03 2.900991852655410241e+01
5.870000000000000000e+03 2.901114436410504638e+01
5.871000000000000000e+03 2.901251328356391213e+01
5.872000000000000000e+03 2.901398311307820421e+01
5.873000000000000000e+03 2.901551447413574536e+01
5.874000000000000000e+03 2.901707063018019639e+01
5.875000000000000000e+03 2.901861825519353744e+01
5.876000000000000000e+03 2.902012911018478292e+01
5.877000000000000000e+03 2.902158278892371257e+01
5.878000000000000000e+03 2.902296819861427224e+01
5.879000000000000000e+03 2.902428267374091675e+01
5.880000000000000000e+03 2.902552753494782678e+01
5.881000000000000000e+03 2.902670017329827346e+01
5.882000000000000000e+03 2.902778329531284029e+01
5.883000000000000000e+03 2.902873643042536855e+01
5.884000000000000000e+03 2.902949382263359013e+01
5.885000000000000000e+03 2.902997297961493928e+01
5.886000000000000000e+03 2.903009125652965849e+01
5.887000000000000000e+03 2.902958583409663262e+01
5.888000000000000000e+03 2.902680116619696449e+01
5.889000000000000000e+03 2.902366338650659827e+01
5.890000000000000000e+03 2.902021843365918130e+01
5.891000000000000000e+03 2.901648830287207304e+01
5.892000000000000000e+03 2.901249100940778192e+01
5.893000000000000000e+03 2.900823886157433762e+01
5.894000000000000000e+03 2.900374312398744792e+01
5.895000000000000000e+03 2.899902195825552553e+01
5.896000000000000000e+03 2.899410852868891197e+01
5.897000000000000000e+03 2.898905623762355077e+01
5.898000000000000000e+03 2.898393840523944931e+01
5.899000000000000000e+03 2.897848207464364378e+01
5.900000000000000000e+03 2.897290132646352490e+01
5.901000000000000000e+03 2.896749719632169118e+01
5.902000000000000000e+03 2.896235113037598552e+01
5.903000000000000000e+03 2.895752266677122932e+01
5.904000000000000000e+03 2.895304733938022679e+01
5.905000000000000000e+03 2.894893889342219495e+01
5.906000000000000000e+03 2.894474723687156725e+01
5.907000000000000000e+03 2.894069487122650486e+01
5.908000000000000000e+03 2.893701018519926293e+01
5.909000000000000000e+03 2.893369598354742322e+01
5.910000000000000000e+03 2.893076331001241286e+01
5.911000000000000000e+03 2.892822728510949304e+01
5.912000000000000000e+03 2.892610012118458940e+01
5.913000000000000000e+03 2.892438277041440386e+01
5.914000000000000000e+03 2.892305696440504903e+01
5.915000000000000000e+03 2.892207892791022061e+01
5.916000000000000000e+03 2.892137904034179741e+01
5.917000000000000000e+03 2.892086926308127204e+01
5.918000000000000000e+03 2.892045775448287515e+01
5.919000000000000000e+03 2.892006578478808621e+01
5.920000000000000000e+03 2.891964300380138653e+01
5.921000000000000000e+03 2.891917780316570585e+01
5.922000000000000000e+03 2.891870238996105513e+01
5.923000000000000000e+03 2.891691486632616659e+01
5.924000000000000000e+03 2.891467113260036825e+01
5.925000000000000000e+03 2.891255738891826610e+01
5.926000000000000000e+03 2.891080881536247915e+01
5.927000000000000000e+03 2.890956362703510152e+01
5.928000000000000000e+03 2.890800442086018052e+01
5.929000000000000000e+03 2.890770687337368372e+01
5.930000000000000000e+03 2.890876372289835317e+01
5.931000000000000000e+03 2.891116161455955691e+01
5.932000000000000000e+03 2.891437300817702294e+01
5.933000000000000000e+03 2.891778891477972735e+01
5.934000000000000000e+03 2.892190564336307190e+01
5.935000000000000000e+03 2.892678585008811964e+01
5.936000000000000000e+03 2.893221802446593571e+01
5.937000000000000000e+03 2.893800601859367916e+01
5.938000000000000000e+03 2.894398174106495603e+01
5.939000000000000000e+03 2.894960485904695346e+01
5.940000000000000000e+03 2.895436033446179636e+01
5.941000000000000000e+03 2.895905750833126291e+01
5.942000000000000000e+03 2.896369048785949118e+01
5.943000000000000000e+03 2.896828620787167807e+01
5.944000000000000000e+03 2.897247188113980698e+01
5.945000000000000000e+03 2.897630589122207567e+01
5.946000000000000000e+03 2.898022623239961604e+01
5.947000000000000000e+03 2.898430841528968926e+01
5.948000000000000000e+03 2.898850115088363566e+01
5.949000000000000000e+03 2.899154475904994754e+01
5.950000000000000000e+03 2.899471414505276812e+01
5.951000000000000000e+03 2.899804919961057337e+01
5.952000000000000000e+03 2.900158294747210874e+01
5.953000000000000000e+03 2.900534125398158736e+01
5.954000000000000000e+03 2.900934439869917014e+01
5.955000000000000000e+03 2.901361106399289369e+01
5.956000000000000000e+03 2.901816501032669393e+01
5.957000000000000000e+03 2.902304142071233173e+01
5.958000000000000000e+03 2.902828920950332403e+01
5.959000000000000000e+03 2.903396778203110173e+01
5.960000000000000000e+03 2.903980430640368127e+01
5.961000000000000000e+03 2.904602030542502789e+01
5.962000000000000000e+03 2.905273701688542332e+01
5.963000000000000000e+03 2.905997146341863768e+01
5.964000000000000000e+03 2.906771768198583672e+01
5.965000000000000000e+03 2.907594700191109638e+01
5.966000000000000000e+03 2.908461158278785774e+01
5.967000000000000000e+03 2.909364884077290725e+01
5.968000000000000000e+03 2.910298513515000707e+01
5.969000000000000000e+03 2.911253870591822590e+01
5.970000000000000000e+03 2.912222224605217491e+01
5.971000000000000000e+03 2.913194565253994028e+01
5.972000000000000000e+03 2.914117348888533243e+01
5.973000000000000000e+03 2.914961435219311525e+01
5.974000000000000000e+03 2.915788408953265787e+01
5.975000000000000000e+03 2.916592950217738434e+01
5.976000000000000000e+03 2.917371588384727232e+01
5.977000000000000000e+03 2.918123128028099700e+01
5.978000000000000000e+03 2.918848604749409503e+01
5.979000000000000000e+03 2.919550771171957848e+01
5.980000000000000000e+03 2.920089659756729006e+01
5.981000000000000000e+03 2.920545320509224752e+01
5.982000000000000000e+03 2.920980105914978253e+01
5.983000000000000000e+03 2.921413205789689016e+01
5.984000000000000000e+03 2.921853322877217707e+01
5.985000000000000000e+03 2.922310814899034526e+01
5.986000000000000000e+03 2.922797034099891533e+01
5.987000000000000000e+03 2.923323410605877370e+01
5.988000000000000000e+03 2.923900422059248072e+01
5.989000000000000000e+03 2.924536657179928767e+01
5.990000000000000000e+03 2.925238116229726870e+01
5.991000000000000000e+03 2.926007868241566356e+01
5.992000000000000000e+03 2.926747417178135180e+01
5.993000000000000000e+03 2.927506528766926763e+01
5.994000000000000000e+03 2.928322528273041314e+01
5.995000000000000000e+03 2.929191773903393425e+01
5.996000000000000000e+03 2.930110834682327692e+01
5.997000000000000000e+03 2.931077181161499112e+01
5.998000000000000000e+03 2.932010654614554568e+01
5.999000000000000000e+03 2.932992282577043852e+01
6.000000000000000000e+03 2.934027136305189032e+01
6.001000000000000000e+03 2.935100016383001531e+01
6.002000000000000000e+03 2.936142656614905633e+01
6.003000000000000000e+03 2.937225691853124232e+01
6.004000000000000000e+03 2.938337653147631201e+01
6.005000000000000000e+03 2.939467758493226768e+01
6.006000000000000000e+03 2.940606580182931751e+01
6.007000000000000000e+03 2.941746081041627647e+01
6.008000000000000000e+03 2.942879172469318760e+01
6.009000000000000000e+03 2.943999018204259244e+01
6.010000000000000000e+03 2.945034918418482661e+01
6.011000000000000000e+03 2.945994856041777865e+01
6.012000000000000000e+03 2.946901092725848770e+01
6.013000000000000000e+03 2.947747102186592727e+01
6.014000000000000000e+03 2.948528167272644751e+01
6.015000000000000000e+03 2.949167852142040758e+01
6.016000000000000000e+03 2.949679843849671812e+01
6.017000000000000000e+03 2.950102532070789607e+01
6.018000000000000000e+03 2.950437387524144128e+01
6.019000000000000000e+03 2.950687830271054324e+01
6.020000000000000000e+03 2.950860006694534832e+01
6.021000000000000000e+03 2.950963506057205521e+01
6.022000000000000000e+03 2.951011655558957258e+01
6.023000000000000000e+03 2.951021357253783606e+01
6.024000000000000000e+03 2.951012378541904013e+01
6.025000000000000000e+03 2.951006117526900852e+01
6.026000000000000000e+03 2.951023906598860691e+01
6.027000000000000000e+03 2.951085258420820523e+01
6.028000000000000000e+03 2.951206562357920049e+01
6.029000000000000000e+03 2.951400645096218511e+01
6.030000000000000000e+03 2.951540664457486329e+01
6.031000000000000000e+03 2.951697986450911770e+01
6.032000000000000000e+03 2.951961438141612248e+01
6.033000000000000000e+03 2.952340852856750075e+01
6.034000000000000000e+03 2.952844080810213967e+01
6.035000000000000000e+03 2.953474917174459691e+01
6.036000000000000000e+03 2.954231608748996152e+01
6.037000000000000000e+03 2.955106419851221844e+01
6.038000000000000000e+03 2.956071707588731456e+01
6.039000000000000000e+03 2.957027033175500819e+01
6.040000000000000000e+03 2.958011380057993023e+01
6.041000000000000000e+03 2.959047328388005837e+01
6.042000000000000000e+03 2.960113373604565368e+01
6.043000000000000000e+03 2.961187961587233275e+01
6.044000000000000000e+03 2.962103844297102029e+01
6.045000000000000000e+03 2.962862646695946012e+01
6.046000000000000000e+03 2.963580060382724568e+01
6.047000000000000000e+03 2.964247132789531136e+01
6.048000000000000000e+03 2.964860246694550483e+01
6.049000000000000000e+03 2.965420243323840310e+01
6.050000000000000000e+03 2.965930542165515860e+01
6.051000000000000000e+03 2.966394774207488183e+01
6.052000000000000000e+03 2.966814787108034324e+01
6.053000000000000000e+03 2.967189657785332102e+01
6.054000000000000000e+03 2.967481812912812700e+01
6.055000000000000000e+03 2.967645161464110970e+01
6.056000000000000000e+03 2.967745712853493245e+01
6.057000000000000000e+03 2.967782484913817243e+01
6.058000000000000000e+03 2.967756227504104061e+01
6.059000000000000000e+03 2.967669208654062984e+01
6.060000000000000000e+03 2.967524607510117818e+01
6.061000000000000000e+03 2.967045512369333693e+01
6.062000000000000000e+03 2.966392034800652056e+01
6.063000000000000000e+03 2.965598809049379980e+01
6.064000000000000000e+03 2.964749081733132741e+01
6.065000000000000000e+03 2.963885868167633930e+01
6.066000000000000000e+03 2.963013085898062116e+01
6.067000000000000000e+03 2.962029327159520520e+01
6.068000000000000000e+03 2.960997740198223127e+01
6.069000000000000000e+03 2.959971088610888756e+01
6.070000000000000000e+03 2.958956734000420496e+01
6.071000000000000000e+03 2.957962670168686614e+01
6.072000000000000000e+03 2.956997191816703463e+01
6.073000000000000000e+03 2.956068515059276436e+01
6.074000000000000000e+03 2.955184295729065980e+01
6.075000000000000000e+03 2.954179514558480690e+01
6.076000000000000000e+03 2.953214772245794961e+01
6.077000000000000000e+03 2.952302714360983771e+01
6.078000000000000000e+03 2.951381980408526928e+01
6.079000000000000000e+03 2.950415362148870457e+01
6.080000000000000000e+03 2.949513489391168974e+01
6.081000000000000000e+03 2.948565888511810940e+01
6.082000000000000000e+03 2.947592275922187710e+01
6.083000000000000000e+03 2.946691605257451130e+01
6.084000000000000000e+03 2.945870848143713161e+01
6.085000000000000000e+03 2.945136067938530999e+01
6.086000000000000000e+03 2.944491938200379977e+01
6.087000000000000000e+03 2.943877130830505706e+01
6.088000000000000000e+03 2.943347222076963376e+01
6.089000000000000000e+03 2.942914726970504802e+01
6.090000000000000000e+03 2.942580470187192532e+01
6.091000000000000000e+03 2.942345731005117671e+01
6.092000000000000000e+03 2.942212260025967652e+01
6.093000000000000000e+03 2.942181712983325781e+01
6.094000000000000000e+03 2.942254814089655213e+01
6.095000000000000000e+03 2.942430636486935214e+01
6.096000000000000000e+03 2.942706311437795819e+01
6.097000000000000000e+03 2.943077222203989862e+01
6.098000000000000000e+03 2.943537663718497299e+01
6.099000000000000000e+03 2.943939632056648747e+01
6.100000000000000000e+03 2.944398578647183484e+01
6.101000000000000000e+03 2.944934048185115927e+01
6.102000000000000000e+03 2.945546457107259641e+01
6.103000000000000000e+03 2.946237401748366835e+01
6.104000000000000000e+03 2.947008931219712480e+01
6.105000000000000000e+03 2.947765982813722729e+01
6.106000000000000000e+03 2.948548609782957897e+01
6.107000000000000000e+03 2.949418692792033170e+01
6.108000000000000000e+03 2.950370173009051911e+01
6.109000000000000000e+03 2.951395082488325983e+01
6.110000000000000000e+03 2.952484139442298527e+01
6.111000000000000000e+03 2.953624898771637675e+01
6.112000000000000000e+03 2.954718086456189496e+01
6.113000000000000000e+03 2.955855783570955708e+01
6.114000000000000000e+03 2.957029700057252697e+01
6.115000000000000000e+03 2.958231596404522179e+01
6.116000000000000000e+03 2.959453391142890766e+01
6.117000000000000000e+03 2.960687694904999390e+01
6.118000000000000000e+03 2.961887216796746713e+01
6.119000000000000000e+03 2.962982330604771164e+01
6.120000000000000000e+03 2.963993737255223948e+01
6.121000000000000000e+03 2.965011129005662127e+01
6.122000000000000000e+03 2.965926270833421086e+01
6.123000000000000000e+03 2.966847942014482697e+01
6.124000000000000000e+03 2.967779400097879616e+01
6.125000000000000000e+03 2.968719892775123270e+01
6.126000000000000000e+03 2.969669168566151285e+01
6.127000000000000000e+03 2.970606394437367470e+01
6.128000000000000000e+03 2.971341214218756832e+01
6.129000000000000000e+03 2.972091327541314243e+01
6.130000000000000000e+03 2.972859177405223363e+01
6.131000000000000000e+03 2.973647414131090372e+01
6.132000000000000000e+03 2.974458990900892275e+01
6.133000000000000000e+03 2.975297243009097059e+01
6.134000000000000000e+03 2.976159044724155578e+01
6.135000000000000000e+03 2.976994488936592020e+01
6.136000000000000000e+03 2.977796911884384912e+01
6.137000000000000000e+03 2.978565888396552452e+01
6.138000000000000000e+03 2.979387675315986428e+01
6.139000000000000000e+03 2.980220694179137197e+01
6.140000000000000000e+03 2.981040455169314995e+01
6.141000000000000000e+03 2.981902958776512591e+01
6.142000000000000000e+03 2.982801497980211991e+01
6.143000000000000000e+03 2.983726709215891404e+01
6.144000000000000000e+03 2.984573999294399727e+01
6.145000000000000000e+03 2.985330825121776144e+01
6.146000000000000000e+03 2.986006612751261358e+01
6.147000000000000000e+03 2.986522376016110769e+01
6.148000000000000000e+03 2.987012438709073692e+01
6.149000000000000000e+03 2.987473781677835660e+01
6.150000000000000000e+03 2.987906519512056391e+01
6.151000000000000000e+03 2.988313461964228068e+01
6.152000000000000000e+03 2.988687440307051446e+01
6.153000000000000000e+03 2.989018515492802308e+01
6.154000000000000000e+03 2.989348278616188281e+01
6.155000000000000000e+03 2.989685067158647058e+01
6.156000000000000000e+03 2.990020682850951772e+01
6.157000000000000000e+03 2.990266009273206294e+01
6.158000000000000000e+03 2.990537676441557124e+01
6.159000000000000000e+03 2.990758662837940562e+01
6.160000000000000000e+03 2.991041002238649327e+01
6.161000000000000000e+03 2.991393964508101178e+01
6.162000000000000000e+03 2.991826674129176311e+01
6.163000000000000000e+03 2.992347996639891150e+01
6.164000000000000000e+03 2.992966185961987335e+01
6.165000000000000000e+03 2.993497480543791767e+01
6.166000000000000000e+03 2.994050846476233119e+01
6.167000000000000000e+03 2.994645187052380919e+01
6.168000000000000000e+03 2.995311978037614864e+01
6.169000000000000000e+03 2.996050692138468463e+01
6.170000000000000000e+03 2.996859876949574897e+01
6.171000000000000000e+03 2.997737269023424034e+01
6.172000000000000000e+03 2.998679775816651372e+01
6.173000000000000000e+03 2.999683358329523486e+01
6.174000000000000000e+03 3.000742785900285270e+01
6.175000000000000000e+03 3.001773633276510012e+01
6.176000000000000000e+03 3.002814995649750074e+01
6.177000000000000000e+03 3.003891637111485124e+01
6.178000000000000000e+03 3.004994090547391750e+01
6.179000000000000000e+03 3.005991485324464918e+01
6.180000000000000000e+03 3.006953276118238705e+01
6.181000000000000000e+03 3.007747616480700970e+01
6.182000000000000000e+03 3.008507462363522222e+01
6.183000000000000000e+03 3.009159132269343928e+01
6.184000000000000000e+03 3.009792084239966670e+01
6.185000000000000000e+03 3.010412338542376887e+01
6.186000000000000000e+03 3.011027409012420719e+01
6.187000000000000000e+03 3.011644565603536705e+01
6.188000000000000000e+03 3.012269655794419521e+01
6.189000000000000000e+03 3.012906910309697395e+01
6.190000000000000000e+03 3.013559595532241886e+01
6.191000000000000000e+03 3.014230881822549435e+01
6.192000000000000000e+03 3.014924492597809191e+01
6.193000000000000000e+03 3.015644935907875634e+01
6.194000000000000000e+03 3.016397165237646050e+01
6.195000000000000000e+03 3.017185870982253704e+01
6.196000000000000000e+03 3.018014528038009203e+01
6.197000000000000000e+03 3.018797217846160663e+01
6.198000000000000000e+03 3.019490227098727075e+01
6.199000000000000000e+03 3.020192177810347189e+01
6.200000000000000000e+03 3.020921902328858621e+01
6.201000000000000000e+03 3.021672789565896977e+01
6.202000000000000000e+03 3.022437751338598133e+01
6.203000000000000000e+03 3.023210243840955158e+01
6.204000000000000000e+03 3.023984836238197360e+01
6.205000000000000000e+03 3.024757286994661598e+01
6.206000000000000000e+03 3.025524231243844753e+01
6.207000000000000000e+03 3.026282631358679964e+01
6.208000000000000000e+03 3.026987101939950975e+01
6.209000000000000000e+03 3.027507571912020978e+01
6.210000000000000000e+03 3.028041090657674062e+01
6.211000000000000000e+03 3.028599887386313583e+01
6.212000000000000000e+03 3.029121842835436240e+01
6.213000000000000000e+03 3.029554343897841306e+01
6.214000000000000000e+03 3.029973117834417451e+01
6.215000000000000000e+03 3.030367685046252291e+01
6.216000000000000000e+03 3.030656270858557733e+01
6.217000000000000000e+03 3.030541721110867570e+01
6.218000000000000000e+03 3.030349738659297998e+01
6.219000000000000000e+03 3.030047314850263618e+01
6.220000000000000000e+03 3.029673298566498474e+01
6.221000000000000000e+03 3.029192324524041524e+01
6.222000000000000000e+03 3.028626720376759351e+01
6.223000000000000000e+03 3.027941461614732788e+01
6.224000000000000000e+03 3.027197883934919531e+01
6.225000000000000000e+03 3.026430561248808004e+01
6.226000000000000000e+03 3.025665411065210009e+01
6.227000000000000000e+03 3.024871326934707838e+01
6.228000000000000000e+03 3.024030109028025493e+01
6.229000000000000000e+03 3.023273787520822609e+01
6.230000000000000000e+03 3.022622736434798441e+01
6.231000000000000000e+03 3.022089407059182165e+01
6.232000000000000000e+03 3.021489220507555018e+01
6.233000000000000000e+03 3.020854193699326373e+01
6.234000000000000000e+03 3.020344204588307946e+01
6.235000000000000000e+03 3.019953457976971123e+01
6.236000000000000000e+03 3.019673738844599953e+01
6.237000000000000000e+03 3.019495810714855821e+01
6.238000000000000000e+03 3.019410571448458924e+01
6.239000000000000000e+03 3.019409878215829934e+01
6.240000000000000000e+03 3.019486898096594985e+01
6.241000000000000000e+03 3.019635940940202445e+01
6.242000000000000000e+03 3.019852156053567427e+01
6.243000000000000000e+03 3.020073963787270799e+01
6.244000000000000000e+03 3.020298549155928924e+01
6.245000000000000000e+03 3.020579435556593140e+01
6.246000000000000000e+03 3.020922010027165072e+01
6.247000000000000000e+03 3.021311152556047830e+01
6.248000000000000000e+03 3.021722630063542425e+01
6.249000000000000000e+03 3.022217845769174716e+01
6.250000000000000000e+03 3.022806711420530945e+01
6.251000000000000000e+03 3.023479435257446113e+01
6.252000000000000000e+03 3.024097911670821759e+01
6.253000000000000000e+03 3.024816485344226180e+01
6.254000000000000000e+03 3.025635633920596490e+01
6.255000000000000000e+03 3.026553874913926023e+01
6.256000000000000000e+03 3.027539876501670335e+01
6.257000000000000000e+03 3.028532376554264260e+01
6.258000000000000000e+03 3.029432967563621304e+01
6.259000000000000000e+03 3.030349904609573741e+01
6.260000000000000000e+03 3.031313800373999356e+01
6.261000000000000000e+03 3.032328043231691339e+01
6.262000000000000000e+03 3.033324756327343152e+01
6.263000000000000000e+03 3.034231764742854764e+01
6.264000000000000000e+03 3.035146766380485062e+01
6.265000000000000000e+03 3.036055789702663787e+01
6.266000000000000000e+03 3.036948456862782564e+01
6.267000000000000000e+03 3.037818341694843127e+01
6.268000000000000000e+03 3.038662761724219763e+01
6.269000000000000000e+03 3.039482491661769359e+01
6.270000000000000000e+03 3.040264104232287323e+01
6.271000000000000000e+03 3.040825213894661161e+01
6.272000000000000000e+03 3.041381291795642738e+01
6.273000000000000000e+03 3.041943820214302718e+01
6.274000000000000000e+03 3.042507488721047793e+01
6.275000000000000000e+03 3.043043520287677239e+01
6.276000000000000000e+03 3.043631628560954994e+01
6.277000000000000000e+03 3.044276160964740896e+01
6.278000000000000000e+03 3.044980217610088147e+01
6.279000000000000000e+03 3.045746185881259294e+01
6.280000000000000000e+03 3.046521373161293411e+01
6.281000000000000000e+03 3.047329274130480314e+01
6.282000000000000000e+03 3.048208638559395212e+01
6.283000000000000000e+03 3.049154909603011987e+01
6.284000000000000000e+03 3.050158605247503374e+01
6.285000000000000000e+03 3.051165687307705809e+01
6.286000000000000000e+03 3.052207111598828249e+01
6.287000000000000000e+03 3.053266297547693142e+01
6.288000000000000000e+03 3.054326522063740867e+01
6.289000000000000000e+03 3.055371961233663569e+01
6.290000000000000000e+03 3.056388068076150688e+01
6.291000000000000000e+03 3.057361435839178299e+01
6.292000000000000000e+03 3.058223078362022207e+01
6.293000000000000000e+03 3.058926541773286090e+01
6.294000000000000000e+03 3.059533560772098326e+01
6.295000000000000000e+03 3.060037420679502418e+01
6.296000000000000000e+03 3.060434466086676508e+01
6.297000000000000000e+03 3.060724612816187218e+01
6.298000000000000000e+03 3.060754158288194304e+01
6.299000000000000000e+03 3.060587883586134694e+01
6.300000000000000000e+03 3.060222320320530187e+01
6.301000000000000000e+03 3.059727201421868870e+01
6.302000000000000000e+03 3.059147046939230918e+01
6.303000000000000000e+03 3.058488535529115637e+01
6.304000000000000000e+03 3.057757528503740474e+01
6.305000000000000000e+03 3.056916162971192108e+01
6.306000000000000000e+03 3.056006401812297923e+01
6.307000000000000000e+03 3.055037772336258683e+01
6.308000000000000000e+03 3.054016311180599530e+01
6.309000000000000000e+03 3.052935023655654234e+01
6.310000000000000000e+03 3.051723749989574586e+01
6.311000000000000000e+03 3.050499046378988055e+01
6.312000000000000000e+03 3.049268805494406820e+01
6.313000000000000000e+03 3.048042021544556235e+01
6.314000000000000000e+03 3.046828168848959351e+01
6.315000000000000000e+03 3.045636395025519505e+01
6.316000000000000000e+03 3.044475012517033718e+01
6.317000000000000000e+03 3.043300598360148257e+01
6.318000000000000000e+03 3.042094794844456374e+01
6.319000000000000000e+03 3.040924689221116139e+01
6.320000000000000000e+03 3.039800360047397021e+01
6.321000000000000000e+03 3.038731197510277582e+01
6.322000000000000000e+03 3.037724923548872624e+01
6.323000000000000000e+03 3.036787002641355571e+01
6.324000000000000000e+03 3.035920597258275677e+01
6.325000000000000000e+03 3.035127077596294498e+01
6.326000000000000000e+03 3.034406744030570735e+01
6.327000000000000000e+03 3.033759615714793512e+01
6.328000000000000000e+03 3.033027797616999877e+01
6.329000000000000000e+03 3.032343127515741088e+01
6.330000000000000000e+03 3.031704536055168120e+01
6.331000000000000000e+03 3.031063072007264481e+01
6.332000000000000000e+03 3.030479567397013341e+01
6.333000000000000000e+03 3.029954399395239051e+01
6.334000000000000000e+03 3.029487553585271797e+01
6.335000000000000000e+03 3.029079008088450564e+01
6.336000000000000000e+03 3.028728850209623857e+01
6.337000000000000000e+03 3.028437075992657768e+01
6.338000000000000000e+03 3.028203289727539271e+01
6.339000000000000000e+03 3.028026532203275067e+01
6.340000000000000000e+03 3.027905417308268454e+01
6.341000000000000000e+03 3.027755281636213169e+01
6.342000000000000000e+03 3.027641062414003414e+01
6.343000000000000000e+03 3.027576796087532074e+01
6.344000000000000000e+03 3.027563273208199135e+01
6.345000000000000000e+03 3.027517072663621178e+01
6.346000000000000000e+03 3.027435093546134226e+01
6.347000000000000000e+03 3.027366419068950876e+01
6.348000000000000000e+03 3.027361346224171257e+01
6.349000000000000000e+03 3.027418086791339391e+01
6.350000000000000000e+03 3.027531991723740745e+01
6.351000000000000000e+03 3.027419699903908068e+01
6.352000000000000000e+03 3.027200692885019961e+01
6.353000000000000000e+03 3.026820759411215533e+01
6.354000000000000000e+03 3.026304825622349171e+01
6.355000000000000000e+03 3.025820823173012997e+01
6.356000000000000000e+03 3.025360588836750253e+01
6.357000000000000000e+03 3.024914071154101691e+01
6.358000000000000000e+03 3.024470526222723876e+01
6.359000000000000000e+03 3.024020561188774536e+01
6.360000000000000000e+03 3.023558242360791581e+01
6.361000000000000000e+03 3.023082355569344770e+01
6.362000000000000000e+03 3.022596575130788921e+01
6.363000000000000000e+03 3.022108674350503321e+01
6.364000000000000000e+03 3.021629313212708823e+01
6.365000000000000000e+03 3.021170924693829818e+01
6.366000000000000000e+03 3.020746750903246181e+01
6.367000000000000000e+03 3.020370101307582900e+01
6.368000000000000000e+03 3.020053703717346849e+01
6.369000000000000000e+03 3.019723484906094058e+01
6.370000000000000000e+03 3.019333991823462071e+01
6.371000000000000000e+03 3.019040462527344104e+01
6.372000000000000000e+03 3.018850836274619809e+01
6.373000000000000000e+03 3.018770734361412877e+01
6.374000000000000000e+03 3.018803339613045722e+01
6.375000000000000000e+03 3.018950134715223754e+01
6.376000000000000000e+03 3.019212703138768461e+01
6.377000000000000000e+03 3.019447552506212062e+01
6.378000000000000000e+03 3.019695568682603692e+01
6.379000000000000000e+03 3.020086534405542977e+01
6.380000000000000000e+03 3.020431966271154778e+01
6.381000000000000000e+03 3.020910857358511237e+01
6.382000000000000000e+03 3.021545345967759033e+01
6.383000000000000000e+03 3.022327308066462592e+01
6.384000000000000000e+03 3.023239929871052567e+01
6.385000000000000000e+03 3.024115182738406560e+01
6.386000000000000000e+03 3.024702267944222811e+01
6.387000000000000000e+03 3.025160221248647474e+01
6.388000000000000000e+03 3.025646466304566928e+01
6.389000000000000000e+03 3.026137568416653068e+01
6.390000000000000000e+03 3.026615930752782191e+01
6.391000000000000000e+03 3.027069703309490478e+01
6.392000000000000000e+03 3.027491685055876047e+01
6.393000000000000000e+03 3.027846457422577586e+01
6.394000000000000000e+03 3.028154027109836477e+01
6.395000000000000000e+03 3.028423105710372454e+01
6.396000000000000000e+03 3.028649183976134651e+01
6.397000000000000000e+03 3.028826868661208138e+01
6.398000000000000000e+03 3.028949961610108232e+01
6.399000000000000000e+03 3.029011855175266987e+01
6.400000000000000000e+03 3.029006163115000305e+01
6.401000000000000000e+03 3.028927353486008656e+01
6.402000000000000000e+03 3.028771178994746194e+01
6.403000000000000000e+03 3.028405214177559657e+01
6.404000000000000000e+03 3.027703915282778979e+01
6.405000000000000000e+03 3.026793963634071361e+01
6.406000000000000000e+03 3.025856053166843651e+01
6.407000000000000000e+03 3.024829397644841222e+01
6.408000000000000000e+03 3.023703646846621140e+01
6.409000000000000000e+03 3.022597382276013889e+01
6.410000000000000000e+03 3.021531281511282430e+01
6.411000000000000000e+03 3.020518778824665773e+01
6.412000000000000000e+03 3.019572488647463615e+01
6.413000000000000000e+03 3.018704895237183550e+01
6.414000000000000000e+03 3.017832776977760290e+01
6.415000000000000000e+03 3.016949838708109155e+01
6.416000000000000000e+03 3.016072374275759671e+01
6.417000000000000000e+03 3.015244080360296408e+01
6.418000000000000000e+03 3.014543948124375561e+01
6.419000000000000000e+03 3.013849107876762190e+01
6.420000000000000000e+03 3.013173115359468568e+01
6.421000000000000000e+03 3.012604500070352742e+01
6.422000000000000000e+03 3.012140996896200207e+01
6.423000000000000000e+03 3.011761597313418548e+01
6.424000000000000000e+03 3.011368237188675678e+01
6.425000000000000000e+03 3.011060237552729291e+01
6.426000000000000000e+03 3.010836758217691056e+01
6.427000000000000000e+03 3.010684915900152703e+01
6.428000000000000000e+03 3.010580910005599975e+01
6.429000000000000000e+03 3.010573143102304172e+01
6.430000000000000000e+03 3.010668249537237529e+01
6.431000000000000000e+03 3.010874217095189564e+01
6.432000000000000000e+03 3.011199213964698629e+01
6.433000000000000000e+03 3.011649850248010551e+01
6.434000000000000000e+03 3.012229296789580957e+01
6.435000000000000000e+03 3.012935845799169599e+01
6.436000000000000000e+03 3.013762377370297330e+01
6.437000000000000000e+03 3.014696724589297361e+01
6.438000000000000000e+03 3.015722756294540119e+01
6.439000000000000000e+03 3.016821942910073062e+01
6.440000000000000000e+03 3.017975199143729270e+01
6.441000000000000000e+03 3.019164530080654885e+01
6.442000000000000000e+03 3.020374038264586147e+01
6.443000000000000000e+03 3.021590079051867406e+01
6.444000000000000000e+03 3.022800764025070563e+01
6.445000000000000000e+03 3.023995243063019345e+01
6.446000000000000000e+03 3.025163111154653706e+01
6.447000000000000000e+03 3.026294204893035911e+01
6.448000000000000000e+03 3.027094586530436260e+01
6.449000000000000000e+03 3.027609659457380076e+01
6.450000000000000000e+03 3.028002173736069480e+01
6.451000000000000000e+03 3.028333995653822441e+01
6.452000000000000000e+03 3.028603399051847589e+01
6.453000000000000000e+03 3.028811091421878388e+01
6.454000000000000000e+03 3.028960806524557370e+01
6.455000000000000000e+03 3.029059706292623133e+01
6.456000000000000000e+03 3.029118238894296411e+01
6.457000000000000000e+03 3.029149226217207769e+01
6.458000000000000000e+03 3.029166334894550516e+01
6.459000000000000000e+03 3.029182158461970786e+01
6.460000000000000000e+03 3.029156246712913259e+01
6.461000000000000000e+03 3.029024137829425456e+01
6.462000000000000000e+03 3.028881046272524458e+01
6.463000000000000000e+03 3.028714916542121927e+01
6.464000000000000000e+03 3.028555057786481086e+01
6.465000000000000000e+03 3.028395399355900253e+01
6.466000000000000000e+03 3.028225997349273158e+01
6.467000000000000000e+03 3.027971729485889085e+01
6.468000000000000000e+03 3.027699027129369114e+01
6.469000000000000000e+03 3.027410477624012231e+01
6.470000000000000000e+03 3.027113459908228066e+01
6.471000000000000000e+03 3.026819463673027144e+01
6.472000000000000000e+03 3.026542581954960198e+01
6.473000000000000000e+03 3.026297543743861951e+01
6.474000000000000000e+03 3.026001279505747732e+01
6.475000000000000000e+03 3.025640737396895474e+01
6.476000000000000000e+03 3.025328420008557373e+01
6.477000000000000000e+03 3.025063819134174636e+01
6.478000000000000000e+03 3.024839513573110139e+01
6.479000000000000000e+03 3.024641997373682756e+01
6.480000000000000000e+03 3.024453586498895064e+01
6.481000000000000000e+03 3.024255169437859081e+01
6.482000000000000000e+03 3.024029562523087122e+01
6.483000000000000000e+03 3.023764606366233920e+01
6.484000000000000000e+03 3.023454955156514501e+01
6.485000000000000000e+03 3.023101856611494753e+01
6.486000000000000000e+03 3.022711393882633502e+01
6.487000000000000000e+03 3.022292566798933677e+01
6.488000000000000000e+03 3.021810754977024516e+01
6.489000000000000000e+03 3.021159268749081406e+01
6.490000000000000000e+03 3.020545147899031946e+01
6.491000000000000000e+03 3.019885583343374336e+01
6.492000000000000000e+03 3.019200985582889629e+01
6.493000000000000000e+03 3.018596461242335494e+01
6.494000000000000000e+03 3.018080659608797944e+01
6.495000000000000000e+03 3.017457807970152217e+01
6.496000000000000000e+03 3.016800680524024258e+01
6.497000000000000000e+03 3.016250051848995639e+01
6.498000000000000000e+03 3.015707607754089992e+01
6.499000000000000000e+03 3.015218554818415697e+01
6.500000000000000000e+03 3.014825991948184480e+01
6.501000000000000000e+03 3.014530622246024194e+01
6.502000000000000000e+03 3.014322423647480775e+01
6.503000000000000000e+03 3.014150498154955571e+01
6.504000000000000000e+03 3.014089713785717350e+01
6.505000000000000000e+03 3.014143961697166674e+01
6.506000000000000000e+03 3.014313056452071748e+01
6.507000000000000000e+03 3.014592529798805742e+01
6.508000000000000000e+03 3.014974533815266255e+01
6.509000000000000000e+03 3.015449545786164620e+01
6.510000000000000000e+03 3.016008108572966862e+01
6.511000000000000000e+03 3.016642020338576913e+01
6.512000000000000000e+03 3.017344786984311611e+01
6.513000000000000000e+03 3.018111602583641684e+01
6.514000000000000000e+03 3.018939015414711236e+01
6.515000000000000000e+03 3.019819400659189057e+01
6.516000000000000000e+03 3.020673349101871707e+01
6.517000000000000000e+03 3.021582210804237434e+01
6.518000000000000000e+03 3.022378478168216986e+01
6.519000000000000000e+03 3.023206412123895959e+01
6.520000000000000000e+03 3.024085658645279295e+01
6.521000000000000000e+03 3.024945830341105335e+01
6.522000000000000000e+03 3.025795500468880661e+01
6.523000000000000000e+03 3.026676449545626824e+01
6.524000000000000000e+03 3.027570511312711687e+01
6.525000000000000000e+03 3.028453952350849576e+01
6.526000000000000000e+03 3.029297454688333602e+01
6.527000000000000000e+03 3.030067287599129600e+01
6.528000000000000000e+03 3.030727688050339097e+01
6.529000000000000000e+03 3.031110320443917772e+01
6.530000000000000000e+03 3.031305881413815229e+01
6.531000000000000000e+03 3.031302629275489124e+01
6.532000000000000000e+03 3.031092746490738321e+01
6.533000000000000000e+03 3.030657615464086518e+01
6.534000000000000000e+03 3.030018383426230244e+01
6.535000000000000000e+03 3.029063303389932216e+01
6.536000000000000000e+03 3.027814584786391094e+01
6.537000000000000000e+03 3.026430044712352441e+01
6.538000000000000000e+03 3.024951992745998197e+01
6.539000000000000000e+03 3.023408065376504084e+01
6.540000000000000000e+03 3.021828846254478762e+01
6.541000000000000000e+03 3.020247377729003802e+01
6.542000000000000000e+03 3.018697373226169844e+01
6.543000000000000000e+03 3.017210679904863468e+01
6.544000000000000000e+03 3.015814997832806199e+01
6.545000000000000000e+03 3.014532781706817488e+01
6.546000000000000000e+03 3.013381261511694831e+01
6.547000000000000000e+03 3.012373065138875461e+01
6.548000000000000000e+03 3.011335950058926869e+01
6.549000000000000000e+03 3.010420083654045342e+01
6.550000000000000000e+03 3.009605854651208645e+01
6.551000000000000000e+03 3.008860997198935294e+01
6.552000000000000000e+03 3.008260241573537996e+01
6.553000000000000000e+03 3.007641708229202493e+01
6.554000000000000000e+03 3.007191477239217647e+01
6.555000000000000000e+03 3.006912663679441167e+01
6.556000000000000000e+03 3.006807005011155098e+01
6.557000000000000000e+03 3.006874720122540623e+01
6.558000000000000000e+03 3.007114653333862719e+01
6.559000000000000000e+03 3.007524368614468457e+01
6.560000000000000000e+03 3.008100026056433407e+01
6.561000000000000000e+03 3.008618670435193110e+01
6.562000000000000000e+03 3.009184506417337346e+01
6.563000000000000000e+03 3.009887275113253580e+01
6.564000000000000000e+03 3.010716753840559434e+01
6.565000000000000000e+03 3.011660476878102344e+01
6.566000000000000000e+03 3.012704465097841577e+01
6.567000000000000000e+03 3.013834136017567289e+01
6.568000000000000000e+03 3.015035336725986070e+01
6.569000000000000000e+03 3.016243227760880075e+01
6.570000000000000000e+03 3.017485893944929387e+01
6.571000000000000000e+03 3.018606893250056444e+01
6.572000000000000000e+03 3.019763885632894684e+01
6.573000000000000000e+03 3.020954410400167944e+01
6.574000000000000000e+03 3.022173776544723722e+01
6.575000000000000000e+03 3.023418100249001483e+01
6.576000000000000000e+03 3.024602831579060336e+01
6.577000000000000000e+03 3.025816477738244004e+01
6.578000000000000000e+03 3.027054502588332241e+01
6.579000000000000000e+03 3.028309839295401673e+01
6.580000000000000000e+03 3.029572768451522080e+01
6.581000000000000000e+03 3.030831185048008791e+01
6.582000000000000000e+03 3.032071729811237759e+01
6.583000000000000000e+03 3.033206691454627446e+01
6.584000000000000000e+03 3.034277961394746370e+01
6.585000000000000000e+03 3.035189628867899714e+01
6.586000000000000000e+03 3.035840962584727620e+01
6.587000000000000000e+03 3.036435710787444719e+01
6.588000000000000000e+03 3.036979413689493867e+01
6.589000000000000000e+03 3.037481861988134924e+01
6.590000000000000000e+03 3.037956530831766599e+01
6.591000000000000000e+03 3.038414015543598623e+01
6.592000000000000000e+03 3.038805951466840582e+01
6.593000000000000000e+03 3.039219881395297307e+01
6.594000000000000000e+03 3.039676292890886344e+01
6.595000000000000000e+03 3.040194517815115205e+01
6.596000000000000000e+03 3.040791541182175806e+01
6.597000000000000000e+03 3.041480766241480183e+01
6.598000000000000000e+03 3.042186893114971014e+01
6.599000000000000000e+03 3.042866228821086239e+01
6.600000000000000000e+03 3.043643599981718140e+01
6.601000000000000000e+03 3.044365627885790104e+01
6.602000000000000000e+03 3.045176413910333579e+01
6.603000000000000000e+03 3.046064855500701540e+01
6.604000000000000000e+03 3.047018691235611243e+01
6.605000000000000000e+03 3.048026142425919005e+01
6.606000000000000000e+03 3.049077325383462522e+01
6.607000000000000000e+03 3.050165234063764075e+01
6.608000000000000000e+03 3.051286122504779286e+01
6.609000000000000000e+03 3.052439145685712418e+01
6.610000000000000000e+03 3.053625274306860149e+01
6.611000000000000000e+03 3.054845842619231888e+01
6.612000000000000000e+03 3.056101287937572408e+01
6.613000000000000000e+03 3.057390406521157900e+01
6.614000000000000000e+03 3.058710325705492394e+01
6.615000000000000000e+03 3.060056979472151895e+01
6.616000000000000000e+03 3.061425976555070250e+01
6.617000000000000000e+03 3.062813723745765770e+01
6.618000000000000000e+03 3.064218501602333333e+01
6.619000000000000000e+03 3.065491349430883616e+01
6.620000000000000000e+03 3.066708028737747682e+01
6.621000000000000000e+03 3.067948756441481706e+01
6.622000000000000000e+03 3.069145237110652857e+01
6.623000000000000000e+03 3.070377650709508544e+01
6.624000000000000000e+03 3.071548998233466676e+01
6.625000000000000000e+03 3.072747276058629495e+01
6.626000000000000000e+03 3.073729136647953908e+01
6.627000000000000000e+03 3.074616658361883026e+01
6.628000000000000000e+03 3.075416410879332219e+01
6.629000000000000000e+03 3.076214133785405380e+01
6.630000000000000000e+03 3.076980783950588716e+01
6.631000000000000000e+03 3.077688649087123451e+01
6.632000000000000000e+03 3.078314717917632137e+01
6.633000000000000000e+03 3.078842650283900539e+01
6.634000000000000000e+03 3.079262906980251913e+01
6.635000000000000000e+03 3.079571521591241634e+01
6.636000000000000000e+03 3.079768414372625074e+01
6.637000000000000000e+03 3.079856208723699851e+01
6.638000000000000000e+03 3.079839572323851371e+01
6.639000000000000000e+03 3.079725010563885590e+01
6.640000000000000000e+03 3.079520761907184578e+01
6.641000000000000000e+03 3.079236430199775043e+01
6.642000000000000000e+03 3.078882279217395279e+01
6.643000000000000000e+03 3.078468347580275122e+01
6.644000000000000000e+03 3.078003703507349087e+01
6.645000000000000000e+03 3.077496189130499715e+01
6.646000000000000000e+03 3.076912350944994046e+01
6.647000000000000000e+03 3.076132768461508959e+01
6.648000000000000000e+03 3.075264115808273147e+01
6.649000000000000000e+03 3.074384862101018001e+01
6.650000000000000000e+03 3.073511607616263319e+01
6.651000000000000000e+03 3.072662096444330260e+01
6.652000000000000000e+03 3.071854057667415816e+01
6.653000000000000000e+03 3.071104143582279988e+01
6.654000000000000000e+03 3.070426907719805598e+01
6.655000000000000000e+03 3.069819965555831232e+01
6.656000000000000000e+03 3.069221794552214888e+01
6.657000000000000000e+03 3.068718031123707135e+01
6.658000000000000000e+03 3.068308412845869526e+01
6.659000000000000000e+03 3.067988849210118474e+01
6.660000000000000000e+03 3.067752696295925219e+01
6.661000000000000000e+03 3.067592431499092243e+01
6.662000000000000000e+03 3.067501167078913937e+01
6.663000000000000000e+03 3.067473676606784494e+01
6.664000000000000000e+03 3.067313602975137243e+01
6.665000000000000000e+03 3.067122826974006600e+01
6.666000000000000000e+03 3.067001756433672455e+01
6.667000000000000000e+03 3.066953903480285248e+01
6.668000000000000000e+03 3.066983380285092053e+01
6.669000000000000000e+03 3.067094246480557729e+01
6.670000000000000000e+03 3.067130015581217961e+01
6.671000000000000000e+03 3.067229358348130575e+01
6.672000000000000000e+03 3.067419914551715010e+01
6.673000000000000000e+03 3.067701622609374823e+01
6.674000000000000000e+03 3.068073239832789767e+01
6.675000000000000000e+03 3.068532632809905181e+01
6.676000000000000000e+03 3.069076995001100983e+01
6.677000000000000000e+03 3.069702922119275001e+01
6.678000000000000000e+03 3.070406293839404910e+01
6.679000000000000000e+03 3.071182165475488901e+01
6.680000000000000000e+03 3.072024514262841066e+01
6.681000000000000000e+03 3.072823633674682497e+01
6.682000000000000000e+03 3.073527721690798131e+01
6.683000000000000000e+03 3.074282846798313784e+01
6.684000000000000000e+03 3.075023089054363723e+01
6.685000000000000000e+03 3.075807864344498910e+01
6.686000000000000000e+03 3.076629009673181159e+01
6.687000000000000000e+03 3.077477920904438946e+01
6.688000000000000000e+03 3.078345870288940489e+01
6.689000000000000000e+03 3.079224642335898210e+01
6.690000000000000000e+03 3.080107499197122678e+01
6.691000000000000000e+03 3.080990202812105494e+01
6.692000000000000000e+03 3.081871831394572325e+01
6.693000000000000000e+03 3.082754936759712905e+01
6.694000000000000000e+03 3.083645005587883858e+01
6.695000000000000000e+03 3.084442381761788354e+01
6.696000000000000000e+03 3.085262691033214821e+01
6.697000000000000000e+03 3.086117747201273787e+01
6.698000000000000000e+03 3.087016187154585367e+01
6.699000000000000000e+03 3.087965062660382642e+01
6.700000000000000000e+03 3.088969874978890573e+01
6.701000000000000000e+03 3.090034348629608019e+01
6.702000000000000000e+03 3.091160050509143531e+01
6.703000000000000000e+03 3.092346027572513023e+01
6.704000000000000000e+03 3.093588699210097914e+01
6.705000000000000000e+03 3.094841563368064641e+01
6.706000000000000000e+03 3.095995776593029092e+01
6.707000000000000000e+03 3.097055206833807617e+01
6.708000000000000000e+03 3.098136224168924002e+01
6.709000000000000000e+03 3.099232439665200900e+01
6.710000000000000000e+03 3.100338437367681266e+01
6.711000000000000000e+03 3.101449863875988910e+01
6.712000000000000000e+03 3.102563465092890382e+01
6.713000000000000000e+03 3.103677133656053400e+01
6.714000000000000000e+03 3.104789847057758578e+01
6.715000000000000000e+03 3.105875674712497769e+01
6.716000000000000000e+03 3.106941353760555202e+01
6.717000000000000000e+03 3.108015756668850571e+01
6.718000000000000000e+03 3.109061912951274920e+01
6.719000000000000000e+03 3.109949261388163677e+01
6.720000000000000000e+03 3.110799655884291326e+01
6.721000000000000000e+03 3.111651207559799559e+01
6.722000000000000000e+03 3.112499104018369422e+01
6.723000000000000000e+03 3.113335819285987327e+01
6.724000000000000000e+03 3.114152778227710883e+01
6.725000000000000000e+03 3.114942843173998455e+01
6.726000000000000000e+03 3.115702679735094804e+01
6.727000000000000000e+03 3.116433822829041844e+01
6.728000000000000000e+03 3.117141928846388055e+01
6.729000000000000000e+03 3.117834778460526479e+01
6.730000000000000000e+03 3.118520160375619810e+01
6.731000000000000000e+03 3.119204395486261916e+01
6.732000000000000000e+03 3.119891814901416183e+01
6.733000000000000000e+03 3.120584896135297726e+01
6.734000000000000000e+03 3.121284117797372915e+01
6.735000000000000000e+03 3.121985849188931894e+01
6.736000000000000000e+03 3.122700352264446622e+01
6.737000000000000000e+03 3.123429797455710855e+01
6.738000000000000000e+03 3.124172659520517215e+01
6.739000000000000000e+03 3.124850123800787571e+01
6.740000000000000000e+03 3.125549817194723445e+01
6.741000000000000000e+03 3.126289303937699060e+01
6.742000000000000000e+03 3.127072128870180734e+01
6.743000000000000000e+03 3.127897013014883498e+01
6.744000000000000000e+03 3.128758485488842567e+01
6.745000000000000000e+03 3.129648812718868811e+01
6.746000000000000000e+03 3.130559818114283388e+01
6.747000000000000000e+03 3.131483731900873124e+01
6.748000000000000000e+03 3.132196318129605572e+01
6.749000000000000000e+03 3.132890904384892750e+01
6.750000000000000000e+03 3.133582104109847322e+01
6.751000000000000000e+03 3.134261599184296898e+01
6.752000000000000000e+03 3.134919848917512297e+01
6.753000000000000000e+03 3.135546541997140935e+01
6.754000000000000000e+03 3.136131340703440884e+01
6.755000000000000000e+03 3.136456752873766263e+01
6.756000000000000000e+03 3.136590814847478725e+01
6.757000000000000000e+03 3.136492212971516125e+01
6.758000000000000000e+03 3.136168944809107728e+01
6.759000000000000000e+03 3.135770132821042111e+01
6.760000000000000000e+03 3.135305921505813131e+01
6.761000000000000000e+03 3.134790957034452674e+01
6.762000000000000000e+03 3.134243680108388475e+01
6.763000000000000000e+03 3.133684514293417323e+01
6.764000000000000000e+03 3.133133239331976938e+01
6.765000000000000000e+03 3.132606369293465676e+01
6.766000000000000000e+03 3.132115697301145119e+01
6.767000000000000000e+03 3.131668298286078311e+01
6.768000000000000000e+03 3.131267526029769499e+01
6.769000000000000000e+03 3.130914338962180210e+01
6.770000000000000000e+03 3.130608642129125485e+01
6.771000000000000000e+03 3.130350587037055732e+01
6.772000000000000000e+03 3.130141630617585591e+01
6.773000000000000000e+03 3.129916446281863074e+01
6.774000000000000000e+03 3.129544929347002125e+01
6.775000000000000000e+03 3.129240924100707844e+01
6.776000000000000000e+03 3.129010910692967684e+01
6.777000000000000000e+03 3.128859296451120287e+01
6.778000000000000000e+03 3.128788055626035458e+01
6.779000000000000000e+03 3.128796963718529867e+01
6.780000000000000000e+03 3.128884073853477332e+01
6.781000000000000000e+03 3.129046209949448354e+01
6.782000000000000000e+03 3.129279411240960229e+01
6.783000000000000000e+03 3.129579259634170896e+01
6.784000000000000000e+03 3.129941182919354858e+01
6.785000000000000000e+03 3.130360811041756364e+01
6.786000000000000000e+03 3.130669947061827685e+01
6.787000000000000000e+03 3.130953877238571437e+01
6.788000000000000000e+03 3.131210867490529637e+01
6.789000000000000000e+03 3.131327837332626629e+01
6.790000000000000000e+03 3.131367113988436301e+01
6.791000000000000000e+03 3.131474738020870063e+01
6.792000000000000000e+03 3.131653570116212393e+01
6.793000000000000000e+03 3.131904283000175582e+01
6.794000000000000000e+03 3.132179774255400417e+01
6.795000000000000000e+03 3.132325665607503851e+01
6.796000000000000000e+03 3.132513142232033232e+01
6.797000000000000000e+03 3.132735561227931953e+01
6.798000000000000000e+03 3.132983485110666777e+01
6.799000000000000000e+03 3.133245510718181137e+01
6.800000000000000000e+03 3.133509544468010688e+01
6.801000000000000000e+03 3.133764424287189243e+01
6.802000000000000000e+03 3.134001560592803770e+01
6.803000000000000000e+03 3.134216362999924144e+01
6.804000000000000000e+03 3.134409175745316034e+01
6.805000000000000000e+03 3.134375879259042463e+01
6.806000000000000000e+03 3.134196771382294955e+01
6.807000000000000000e+03 3.134023983207745445e+01
6.808000000000000000e+03 3.133850765140343242e+01
6.809000000000000000e+03 3.133600903199774734e+01
6.810000000000000000e+03 3.133392175094594023e+01
6.811000000000000000e+03 3.133237151144528454e+01
6.812000000000000000e+03 3.133146762586952150e+01
6.813000000000000000e+03 3.133067937980004558e+01
6.814000000000000000e+03 3.133066043388992483e+01
6.815000000000000000e+03 3.133150654072844787e+01
6.816000000000000000e+03 3.133223408182540126e+01
6.817000000000000000e+03 3.133404256891787298e+01
6.818000000000000000e+03 3.133694778996553509e+01
6.819000000000000000e+03 3.133993565495060096e+01
6.820000000000000000e+03 3.134363936660467687e+01
6.821000000000000000e+03 3.134837632309666589e+01
6.822000000000000000e+03 3.135405606618773788e+01
6.823000000000000000e+03 3.136042955433779156e+01
6.824000000000000000e+03 3.136553695852445145e+01
6.825000000000000000e+03 3.137079403745347150e+01
6.826000000000000000e+03 3.137619270478462141e+01
6.827000000000000000e+03 3.138172385456039848e+01
6.828000000000000000e+03 3.138721330982862412e+01
6.829000000000000000e+03 3.139251604714493027e+01
6.830000000000000000e+03 3.139753345033278009e+01
6.831000000000000000e+03 3.140222253049965317e+01
6.832000000000000000e+03 3.140659483482964731e+01
6.833000000000000000e+03 3.141070667697604435e+01
6.834000000000000000e+03 3.141464636255907550e+01
6.835000000000000000e+03 3.141852077935821086e+01
6.836000000000000000e+03 3.142244380572376983e+01
6.837000000000000000e+03 3.142652509900211300e+01
6.838000000000000000e+03 3.143085857278472872e+01
6.839000000000000000e+03 3.143551069656045982e+01
6.840000000000000000e+03 3.144051037019735517e+01
6.841000000000000000e+03 3.144466316756181001e+01
6.842000000000000000e+03 3.144828339211449020e+01
6.843000000000000000e+03 3.145219606759748388e+01
6.844000000000000000e+03 3.145493502421617649e+01
6.845000000000000000e+03 3.145566268044445835e+01
6.846000000000000000e+03 3.145578234592530364e+01
6.847000000000000000e+03 3.145521052109172899e+01
6.848000000000000000e+03 3.145468952013326813e+01
6.849000000000000000e+03 3.145433777683413012e+01
6.850000000000000000e+03 3.145430036253336326e+01
6.851000000000000000e+03 3.145473325545756182e+01
6.852000000000000000e+03 3.145578853873939806e+01
6.853000000000000000e+03 3.145560591501151393e+01
6.854000000000000000e+03 3.145355856461488386e+01
6.855000000000000000e+03 3.145251417324917753e+01
6.856000000000000000e+03 3.145257180561458910e+01
6.857000000000000000e+03 3.145380488998840107e+01
6.858000000000000000e+03 3.145626436615110322e+01
6.859000000000000000e+03 3.145998349376371195e+01
6.860000000000000000e+03 3.146498500740334592e+01
6.861000000000000000e+03 3.147128978574831848e+01
6.862000000000000000e+03 3.147892254015798130e+01
6.863000000000000000e+03 3.148681675319789264e+01
6.864000000000000000e+03 3.149467639203936997e+01
6.865000000000000000e+03 3.150378350027188290e+01
6.866000000000000000e+03 3.151409018818478813e+01
6.867000000000000000e+03 3.152340206595100014e+01
6.868000000000000000e+03 3.153273340130744629e+01
6.869000000000000000e+03 3.154271487236181315e+01
6.870000000000000000e+03 3.155313132560966949e+01
6.871000000000000000e+03 3.156377146342882156e+01
6.872000000000000000e+03 3.157444871825010324e+01
6.873000000000000000e+03 3.158501632161427253e+01
6.874000000000000000e+03 3.159537323170616574e+01
6.875000000000000000e+03 3.160546075287029311e+01
6.876000000000000000e+03 3.161525130201422940e+01
6.877000000000000000e+03 3.162473418812416881e+01
6.878000000000000000e+03 3.163170467542612130e+01
6.879000000000000000e+03 3.163832816921601676e+01
6.880000000000000000e+03 3.164482117247197479e+01
6.881000000000000000e+03 3.165119065001826471e+01
6.882000000000000000e+03 3.165744111767377689e+01
6.883000000000000000e+03 3.166358158592574767e+01
6.884000000000000000e+03 3.166962689906534933e+01
6.885000000000000000e+03 3.167559219373026735e+01
6.886000000000000000e+03 3.168148340839791999e+01
6.887000000000000000e+03 3.168701538552053876e+01
6.888000000000000000e+03 3.169061582951662359e+01
6.889000000000000000e+03 3.169413677100395788e+01
6.890000000000000000e+03 3.169752641458584463e+01
6.891000000000000000e+03 3.170072346727668133e+01
6.892000000000000000e+03 3.170367213489299019e+01
6.893000000000000000e+03 3.170634200687850424e+01
6.894000000000000000e+03 3.170874576115406995e+01
6.895000000000000000e+03 3.171094652162582861e+01
6.896000000000000000e+03 3.171304874672732765e+01
6.897000000000000000e+03 3.171431505500942194e+01
6.898000000000000000e+03 3.171476117452847632e+01
6.899000000000000000e+03 3.171400705343802784e+01
6.900000000000000000e+03 3.171270114690610953e+01
6.901000000000000000e+03 3.171134539682322639e+01
6.902000000000000000e+03 3.170993257329208959e+01
6.903000000000000000e+03 3.170841794880562148e+01
6.904000000000000000e+03 3.170673461690417128e+01
6.905000000000000000e+03 3.170481419445786742e+01
6.906000000000000000e+03 3.170260959088085428e+01
6.907000000000000000e+03 3.170011474238026494e+01
6.908000000000000000e+03 3.169737478763725136e+01
6.909000000000000000e+03 3.169448173395155166e+01
6.910000000000000000e+03 3.169155513249165423e+01
6.911000000000000000e+03 3.168871778397642203e+01
6.912000000000000000e+03 3.168607623110638727e+01
6.913000000000000000e+03 3.168371003055647250e+01
6.914000000000000000e+03 3.168167067508278834e+01
6.915000000000000000e+03 3.167998672796180415e+01
6.916000000000000000e+03 3.167867392573464258e+01
6.917000000000000000e+03 3.167698222162406552e+01
6.918000000000000000e+03 3.167535794354267864e+01
6.919000000000000000e+03 3.167365235840173199e+01
6.920000000000000000e+03 3.167211078797674162e+01
6.921000000000000000e+03 3.167099764075504709e+01
6.922000000000000000e+03 3.167020559483136921e+01
6.923000000000000000e+03 3.166958803760079277e+01
6.924000000000000000e+03 3.166897701618322714e+01
6.925000000000000000e+03 3.166820423436065113e+01
6.926000000000000000e+03 3.166712017318005223e+01
6.927000000000000000e+03 3.166560724044996533e+01
6.928000000000000000e+03 3.166358507714711479e+01
6.929000000000000000e+03 3.166101027982430338e+01
6.930000000000000000e+03 3.165757914689203645e+01
6.931000000000000000e+03 3.165261425053082434e+01
6.932000000000000000e+03 3.164736957309567345e+01
6.933000000000000000e+03 3.164193638320672619e+01
6.934000000000000000e+03 3.163642366678765683e+01
6.935000000000000000e+03 3.163095801119080619e+01
6.936000000000000000e+03 3.162568302929330599e+01
6.937000000000000000e+03 3.162047178956519389e+01
6.938000000000000000e+03 3.161554914560448992e+01
6.939000000000000000e+03 3.161127174072972323e+01
6.940000000000000000e+03 3.160777787337313072e+01
6.941000000000000000e+03 3.160517289077827030e+01
6.942000000000000000e+03 3.160274856957930467e+01
6.943000000000000000e+03 3.160048789027063165e+01
6.944000000000000000e+03 3.159903881761198363e+01
6.945000000000000000e+03 3.159836980441207999e+01
6.946000000000000000e+03 3.159840698318918228e+01
6.947000000000000000e+03 3.159903581430129904e+01
6.948000000000000000e+03 3.160010854707628880e+01
6.949000000000000000e+03 3.160145899959324822e+01
6.950000000000000000e+03 3.160292228169742046e+01
6.951000000000000000e+03 3.160435481886696607e+01
6.952000000000000000e+03 3.160564883199937469e+01
6.953000000000000000e+03 3.160673859968431287e+01
6.954000000000000000e+03 3.160759840880442795e+01
6.955000000000000000e+03 3.160823385091077498e+01
6.956000000000000000e+03 3.160867090458147644e+01
6.957000000000000000e+03 3.160894412089584904e+01
6.958000000000000000e+03 3.160908502970455558e+01
6.959000000000000000e+03 3.160911190229887424e+01
6.960000000000000000e+03 3.160902192975383684e+01
6.961000000000000000e+03 3.160878716734394089e+01
6.962000000000000000e+03 3.160835537809203899e+01
6.963000000000000000e+03 3.160765696672996938e+01
6.964000000000000000e+03 3.160661737720347375e+01
6.965000000000000000e+03 3.160517494327815413e+01
6.966000000000000000e+03 3.160329898764925360e+01
6.967000000000000000e+03 3.160100220839484919e+01
6.968000000000000000e+03 3.159834189213633948e+01
6.969000000000000000e+03 3.159540884458137810e+01
6.970000000000000000e+03 3.159230763220297789e+01
6.971000000000000000e+03 3.158913781264080711e+01
6.972000000000000000e+03 3.158598604531874798e+01
6.973000000000000000e+03 3.158292884265355127e+01
6.974000000000000000e+03 3.158003805686863075e+01
6.975000000000000000e+03 3.157738101347928961e+01
6.976000000000000000e+03 3.157501421865946156e+01
6.977000000000000000e+03 3.157297415029339049e+01
6.978000000000000000e+03 3.157127146551924568e+01
6.979000000000000000e+03 3.156988985292135652e+01
6.980000000000000000e+03 3.156794008469177371e+01
6.981000000000000000e+03 3.156585406331813815e+01
6.982000000000000000e+03 3.156382993702610662e+01
6.983000000000000000e+03 3.156182205247430517e+01
6.984000000000000000e+03 3.155979500415911332e+01
6.985000000000000000e+03 3.155772428387732020e+01
6.986000000000000000e+03 3.155559323407244676e+01
6.987000000000000000e+03 3.155339001233835461e+01
6.988000000000000000e+03 3.155110527196616488e+01
6.989000000000000000e+03 3.154873141698713823e+01
6.990000000000000000e+03 3.154626173617138107e+01
6.991000000000000000e+03 3.154368643657932836e+01
6.992000000000000000e+03 3.154098665404474389e+01
6.993000000000000000e+03 3.153813057798558717e+01
6.994000000000000000e+03 3.153507504810872675e+01
6.995000000000000000e+03 3.153177686094856114e+01
6.996000000000000000e+03 3.152821179882089808e+01
6.997000000000000000e+03 3.152439340744133744e+01
6.998000000000000000e+03 3.152038241273745456e+01
6.999000000000000000e+03 3.151628342656498205e+01
7.000000000000000000e+03 3.151223311515774839e+01
7.001000000000000000e+03 3.150838781182319082e+01
7.002000000000000000e+03 3.150491579983100365e+01
7.003000000000000000e+03 3.150199346344439988e+01
7.004000000000000000e+03 3.149980344708152913e+01
7.005000000000000000e+03 3.149700945606081959e+01
7.006000000000000000e+03 3.149450816232199202e+01
7.007000000000000000e+03 3.149324538133722484e+01
7.008000000000000000e+03 3.149334630519284417e+01
7.009000000000000000e+03 3.149486898588532569e+01
7.010000000000000000e+03 3.149670715955717881e+01
7.011000000000000000e+03 3.149892818390864591e+01
7.012000000000000000e+03 3.150176448737411050e+01
7.013000000000000000e+03 3.150553754213596491e+01
7.014000000000000000e+03 3.151000958465470347e+01
7.015000000000000000e+03 3.151494298479454770e+01
7.016000000000000000e+03 3.151988978527022311e+01
7.017000000000000000e+03 3.152285516964308698e+01
7.018000000000000000e+03 3.152565485744692353e+01
7.019000000000000000e+03 3.152819211705616453e+01
7.020000000000000000e+03 3.153039446511503030e+01
7.021000000000000000e+03 3.153220289675207511e+01
7.022000000000000000e+03 3.153340516940134108e+01
7.023000000000000000e+03 3.153382906359834337e+01
7.024000000000000000e+03 3.153384640604522815e+01
7.025000000000000000e+03 3.153347704120894335e+01
7.026000000000000000e+03 3.153277013511237215e+01
7.027000000000000000e+03 3.153179727887510353e+01
7.028000000000000000e+03 3.153064577667034030e+01
7.029000000000000000e+03 3.152941489458297042e+01
7.030000000000000000e+03 3.152779461029812325e+01
7.031000000000000000e+03 3.152587504536854723e+01
7.032000000000000000e+03 3.152394657292198943e+01
7.033000000000000000e+03 3.152181805882516841e+01
7.034000000000000000e+03 3.151991356736724725e+01
7.035000000000000000e+03 3.151755448121404157e+01
7.036000000000000000e+03 3.151227535902854981e+01
7.037000000000000000e+03 3.150669008928161929e+01
7.038000000000000000e+03 3.150130074610139630e+01
7.039000000000000000e+03 3.149606091805833330e+01
7.040000000000000000e+03 3.149092181707310800e+01
7.041000000000000000e+03 3.148583473272369915e+01
7.042000000000000000e+03 3.148075038200146736e+01
7.043000000000000000e+03 3.147561860724437821e+01
7.044000000000000000e+03 3.147039123315825293e+01
7.045000000000000000e+03 3.146502986347916320e+01
7.046000000000000000e+03 3.145951911327374617e+01
7.047000000000000000e+03 3.145387975561579808e+01
7.048000000000000000e+03 3.144817666902681452e+01
7.049000000000000000e+03 3.144252061264861098e+01
7.050000000000000000e+03 3.143706339910696101e+01
7.051000000000000000e+03 3.143198739844562439e+01
7.052000000000000000e+03 3.142748949594402319e+01
7.053000000000000000e+03 3.142375744709847396e+01
7.054000000000000000e+03 3.142094165281307738e+01
7.055000000000000000e+03 3.141868645620381528e+01
7.056000000000000000e+03 3.141666667504097177e+01
7.057000000000000000e+03 3.141562743381971501e+01
7.058000000000000000e+03 3.141554383554160168e+01
7.059000000000000000e+03 3.141637986566385266e+01
7.060000000000000000e+03 3.141809181360742542e+01
7.061000000000000000e+03 3.142062602502693380e+01
7.062000000000000000e+03 3.142391598770911543e+01
7.063000000000000000e+03 3.142788210236223279e+01
7.064000000000000000e+03 3.143243464779718011e+01
7.065000000000000000e+03 3.143747862648743308e+01
7.066000000000000000e+03 3.144291854859647373e+01
7.067000000000000000e+03 3.144866144011952969e+01
7.068000000000000000e+03 3.145461759442407867e+01
7.069000000000000000e+03 3.146070081279998476e+01
7.070000000000000000e+03 3.146682849957726802e+01
7.071000000000000000e+03 3.147285257681736681e+01
7.072000000000000000e+03 3.147716793808117330e+01
7.073000000000000000e+03 3.148126835600207585e+01
7.074000000000000000e+03 3.148514868668001299e+01
7.075000000000000000e+03 3.148884118688511791e+01
7.076000000000000000e+03 3.149074968240544337e+01
7.077000000000000000e+03 3.149248354604566913e+01
7.078000000000000000e+03 3.149434475405072931e+01
7.079000000000000000e+03 3.149643852763656326e+01
7.080000000000000000e+03 3.149884373435044793e+01
7.081000000000000000e+03 3.150159900353875031e+01
7.082000000000000000e+03 3.150427981623512608e+01
7.083000000000000000e+03 3.150684914922945268e+01
7.084000000000000000e+03 3.150967036869030835e+01
7.085000000000000000e+03 3.151266543516927143e+01
7.086000000000000000e+03 3.151575592011639770e+01
7.087000000000000000e+03 3.151886654279065425e+01
7.088000000000000000e+03 3.152192339266265009e+01
7.089000000000000000e+03 3.152485161310713835e+01
7.090000000000000000e+03 3.152757544458376060e+01
7.091000000000000000e+03 3.153002373895117216e+01
7.092000000000000000e+03 3.153214022832529650e+01
7.093000000000000000e+03 3.153389569805787573e+01
7.094000000000000000e+03 3.153529617009195363e+01
7.095000000000000000e+03 3.153638052970658023e+01
7.096000000000000000e+03 3.153720618785308005e+01
7.097000000000000000e+03 3.153782750426197978e+01
7.098000000000000000e+03 3.153827581027857718e+01
7.099000000000000000e+03 3.153854645877733986e+01
7.100000000000000000e+03 3.153859580100653304e+01
7.101000000000000000e+03 3.153834769525764159e+01
7.102000000000000000e+03 3.153770980755020048e+01
7.103000000000000000e+03 3.153659538365241133e+01
7.104000000000000000e+03 3.153494338760616955e+01
7.105000000000000000e+03 3.153190820763708402e+01
7.106000000000000000e+03 3.152681145652137928e+01
7.107000000000000000e+03 3.152124789999720633e+01
7.108000000000000000e+03 3.151533066983924058e+01
7.109000000000000000e+03 3.150919574505109466e+01
7.110000000000000000e+03 3.150299107255111153e+01
7.111000000000000000e+03 3.149686525068156229e+01
7.112000000000000000e+03 3.149095737579703069e+01
7.113000000000000000e+03 3.148538858987991773e+01
7.114000000000000000e+03 3.147910678940966278e+01
7.115000000000000000e+03 3.147259456584890103e+01
7.116000000000000000e+03 3.146656066632356641e+01
7.117000000000000000e+03 3.145957802856894858e+01
7.118000000000000000e+03 3.145306088894685814e+01
7.119000000000000000e+03 3.144705918719377280e+01
7.120000000000000000e+03 3.144152827889923785e+01
7.121000000000000000e+03 3.143639768003659185e+01
7.122000000000000000e+03 3.143159038425216067e+01
7.123000000000000000e+03 3.142704102240457331e+01
7.124000000000000000e+03 3.142270571962961156e+01
7.125000000000000000e+03 3.141856105897371521e+01
7.126000000000000000e+03 3.141459648279479566e+01
7.127000000000000000e+03 3.141080659213534432e+01
7.128000000000000000e+03 3.140718786742170465e+01
7.129000000000000000e+03 3.140328442025295885e+01
7.130000000000000000e+03 3.139877489482126549e+01
7.131000000000000000e+03 3.139277107256417665e+01
7.132000000000000000e+03 3.138541739957496191e+01
7.133000000000000000e+03 3.137848277805128916e+01
7.134000000000000000e+03 3.137200841621993419e+01
7.135000000000000000e+03 3.136601228077013559e+01
7.136000000000000000e+03 3.136048066734252870e+01
7.137000000000000000e+03 3.135536709389502619e+01
7.138000000000000000e+03 3.135059927683487757e+01
7.139000000000000000e+03 3.134609259319075392e+01
7.140000000000000000e+03 3.134176742963772355e+01
7.141000000000000000e+03 3.133623597392426774e+01
7.142000000000000000e+03 3.132893147147193247e+01
7.143000000000000000e+03 3.132168706136724268e+01
7.144000000000000000e+03 3.131453249755224988e+01
7.145000000000000000e+03 3.130750724622684089e+01
7.146000000000000000e+03 3.130065490719707810e+01
7.147000000000000000e+03 3.129401892108298000e+01
7.148000000000000000e+03 3.128763899191216069e+01
7.149000000000000000e+03 3.127969094512010173e+01
7.150000000000000000e+03 3.127103741004819071e+01
7.151000000000000000e+03 3.126288238900668404e+01
7.152000000000000000e+03 3.125528822266755924e+01
7.153000000000000000e+03 3.124830684186285623e+01
7.154000000000000000e+03 3.124197417759015849e+01
7.155000000000000000e+03 3.123593364441429543e+01
7.156000000000000000e+03 3.122978463075607891e+01
7.157000000000000000e+03 3.122429158444897013e+01
7.158000000000000000e+03 3.121940114302573477e+01
7.159000000000000000e+03 3.121489939018336202e+01
7.160000000000000000e+03 3.121004061546852526e+01
7.161000000000000000e+03 3.120565029297730320e+01
7.162000000000000000e+03 3.120170708925511960e+01
7.163000000000000000e+03 3.119820974200596098e+01
7.164000000000000000e+03 3.119480079895231839e+01
7.165000000000000000e+03 3.119103439423642854e+01
7.166000000000000000e+03 3.118798976540661982e+01
7.167000000000000000e+03 3.118572789894266606e+01
7.168000000000000000e+03 3.118397846837218168e+01
7.169000000000000000e+03 3.118080021044802663e+01
7.170000000000000000e+03 3.117839087050243307e+01
7.171000000000000000e+03 3.117674993060164823e+01
7.172000000000000000e+03 3.117586802321629591e+01
7.173000000000000000e+03 3.117573451831174225e+01
7.174000000000000000e+03 3.117634231573570958e+01
7.175000000000000000e+03 3.117769083302375677e+01
7.176000000000000000e+03 3.117925620279423882e+01
7.177000000000000000e+03 3.118076424118275369e+01
7.178000000000000000e+03 3.118330160075580437e+01
7.179000000000000000e+03 3.118634080665314201e+01
7.180000000000000000e+03 3.118864166444275554e+01
7.181000000000000000e+03 3.119211657377520197e+01
7.182000000000000000e+03 3.119678932116582715e+01
7.183000000000000000e+03 3.120267127902952353e+01
7.184000000000000000e+03 3.120975550284283884e+01
7.185000000000000000e+03 3.121800931657664080e+01
7.186000000000000000e+03 3.122736676498973907e+01
7.187000000000000000e+03 3.123772367927569960e+01
7.188000000000000000e+03 3.124893872478019929e+01
7.189000000000000000e+03 3.126084381440140803e+01
7.190000000000000000e+03 3.127207747669801563e+01
7.191000000000000000e+03 3.128203837132772236e+01
7.192000000000000000e+03 3.129180025173375412e+01
7.193000000000000000e+03 3.130166332651513272e+01
7.194000000000000000e+03 3.131159898999356628e+01
7.195000000000000000e+03 3.132158910283596498e+01
7.196000000000000000e+03 3.133160970027351055e+01
7.197000000000000000e+03 3.134162009488201406e+01
7.198000000000000000e+03 3.135155942318507272e+01
7.199000000000000000e+03 3.136135056265037235e+01
7.200000000000000000e+03 3.137090801004182339e+01
7.201000000000000000e+03 3.138014831347727807e+01
7.202000000000000000e+03 3.138900048413091071e+01
7.203000000000000000e+03 3.139677368624044007e+01
7.204000000000000000e+03 3.140083023940391627e+01
7.205000000000000000e+03 3.140392529499275298e+01
7.206000000000000000e+03 3.140699691001821492e+01
7.207000000000000000e+03 3.141016716500528361e+01
7.208000000000000000e+03 3.141161888511962275e+01
7.209000000000000000e+03 3.141303723524205083e+01
7.210000000000000000e+03 3.141489324870171629e+01
7.211000000000000000e+03 3.141727496709377832e+01
7.212000000000000000e+03 3.142024404042569330e+01
7.213000000000000000e+03 3.142383407923821892e+01
7.214000000000000000e+03 3.142805418361544056e+01
7.215000000000000000e+03 3.143289542963947270e+01
7.216000000000000000e+03 3.143833536488500613e+01
7.217000000000000000e+03 3.144335247374492326e+01
7.218000000000000000e+03 3.144670242815695715e+01
7.219000000000000000e+03 3.145038371721097903e+01
7.220000000000000000e+03 3.145434780528878704e+01
7.221000000000000000e+03 3.145852949818744548e+01
7.222000000000000000e+03 3.146285511756567388e+01
7.223000000000000000e+03 3.146725201767585389e+01
7.224000000000000000e+03 3.147165661898872457e+01
7.225000000000000000e+03 3.147512222761793055e+01
7.226000000000000000e+03 3.147737755417042393e+01
7.227000000000000000e+03 3.147946999078854091e+01
7.228000000000000000e+03 3.148141551004265182e+01
7.229000000000000000e+03 3.148324221062225092e+01
7.230000000000000000e+03 3.148498849212026585e+01
7.231000000000000000e+03 3.148669701882764116e+01
7.232000000000000000e+03 3.148840510994747532e+01
7.233000000000000000e+03 3.149013404397910421e+01
7.234000000000000000e+03 3.149188340658159291e+01
7.235000000000000000e+03 3.149363553349967049e+01
7.236000000000000000e+03 3.149537217428093427e+01
7.237000000000000000e+03 3.149692026776197196e+01
7.238000000000000000e+03 3.149829002015499668e+01
7.239000000000000000e+03 3.149976341758281251e+01
7.240000000000000000e+03 3.150137845311018481e+01
7.241000000000000000e+03 3.150314357738032811e+01
7.242000000000000000e+03 3.150503200949381011e+01
7.243000000000000000e+03 3.150698897518671515e+01
7.244000000000000000e+03 3.150755706394251376e+01
7.245000000000000000e+03 3.150769792331461616e+01
7.246000000000000000e+03 3.150814798630994318e+01
7.247000000000000000e+03 3.150881292182695859e+01
7.248000000000000000e+03 3.150798246591305229e+01
7.249000000000000000e+03 3.150606821012019765e+01
7.250000000000000000e+03 3.150416332652554274e+01
7.251000000000000000e+03 3.150235322025950779e+01
7.252000000000000000e+03 3.150076185771803239e+01
7.253000000000000000e+03 3.149954273641300873e+01
7.254000000000000000e+03 3.149886672090156026e+01
7.255000000000000000e+03 3.149890504065972507e+01
7.256000000000000000e+03 3.149925629083804779e+01
7.257000000000000000e+03 3.149902437102674924e+01
7.258000000000000000e+03 3.149892774192244715e+01
7.259000000000000000e+03 3.149971946579106330e+01
7.260000000000000000e+03 3.150141334577819663e+01
7.261000000000000000e+03 3.150215464118388198e+01
7.262000000000000000e+03 3.150191750153827996e+01
7.263000000000000000e+03 3.150254983269060816e+01
7.264000000000000000e+03 3.150358442949242033e+01
7.265000000000000000e+03 3.150405457147120458e+01
7.266000000000000000e+03 3.150544565151875531e+01
7.267000000000000000e+03 3.150777691848701068e+01
7.268000000000000000e+03 3.151103357891512147e+01
7.269000000000000000e+03 3.151516093283477815e+01
7.270000000000000000e+03 3.152006069871980998e+01
7.271000000000000000e+03 3.152559105488324676e+01
7.272000000000000000e+03 3.153157175223789821e+01
7.273000000000000000e+03 3.153779536223813196e+01
7.274000000000000000e+03 3.154404334498417839e+01
7.275000000000000000e+03 3.155010314551234885e+01
7.276000000000000000e+03 3.155578265906307323e+01
7.277000000000000000e+03 3.156091890812207623e+01
7.278000000000000000e+03 3.156538009522683907e+01
7.279000000000000000e+03 3.156906164206638365e+01
7.280000000000000000e+03 3.157188031144428919e+01
7.281000000000000000e+03 3.157377037378332219e+01
7.282000000000000000e+03 3.157468435585810340e+01
7.283000000000000000e+03 3.157459724535755186e+01
7.284000000000000000e+03 3.157121441199394951e+01
7.285000000000000000e+03 3.156592234931165208e+01
7.286000000000000000e+03 3.155989857287290690e+01
7.287000000000000000e+03 3.155323909647375302e+01
7.288000000000000000e+03 3.154606046068234093e+01
7.289000000000000000e+03 3.153849606650496895e+01
7.290000000000000000e+03 3.153068985932534218e+01
7.291000000000000000e+03 3.152278821530499542e+01
7.292000000000000000e+03 3.151493224977605578e+01
7.293000000000000000e+03 3.150703572203642722e+01
7.294000000000000000e+03 3.149805479565070243e+01
7.295000000000000000e+03 3.148968733560710831e+01
7.296000000000000000e+03 3.148069390485644448e+01
7.297000000000000000e+03 3.147235538073183392e+01
7.298000000000000000e+03 3.146477474497991267e+01
7.299000000000000000e+03 3.145521614827015355e+01
7.300000000000000000e+03 3.144436380195650926e+01
7.301000000000000000e+03 3.143290409613120318e+01
7.302000000000000000e+03 3.142185927888060348e+01
7.303000000000000000e+03 3.141195467163738897e+01
7.304000000000000000e+03 3.140324674365538726e+01
7.305000000000000000e+03 3.139575570266578097e+01
7.306000000000000000e+03 3.138806913596605952e+01
7.307000000000000000e+03 3.138106869777680430e+01
7.308000000000000000e+03 3.137487731384072021e+01
7.309000000000000000e+03 3.136854759041561991e+01
7.310000000000000000e+03 3.136266157852256953e+01
7.311000000000000000e+03 3.135690693481722136e+01
7.312000000000000000e+03 3.135219820368124388e+01
7.313000000000000000e+03 3.134853934774818995e+01
7.314000000000000000e+03 3.134593916994145246e+01
7.315000000000000000e+03 3.134440575545299623e+01
7.316000000000000000e+03 3.134394005862331056e+01
7.317000000000000000e+03 3.134452918768716501e+01
7.318000000000000000e+03 3.134614036187728203e+01
7.319000000000000000e+03 3.134871501469375232e+01
7.320000000000000000e+03 3.135216370882674042e+01
7.321000000000000000e+03 3.135613394903838724e+01
7.322000000000000000e+03 3.135886544442124801e+01
7.323000000000000000e+03 3.136030891523284936e+01
7.324000000000000000e+03 3.136172604931393693e+01
7.325000000000000000e+03 3.136352109791797105e+01
7.326000000000000000e+03 3.136552875531194218e+01
7.327000000000000000e+03 3.136760132508356236e+01
7.328000000000000000e+03 3.136956541882039673e+01
7.329000000000000000e+03 3.136977456692217814e+01
7.330000000000000000e+03 3.136858531923139282e+01
7.331000000000000000e+03 3.136545403319483682e+01
7.332000000000000000e+03 3.136232285614076076e+01
7.333000000000000000e+03 3.135941251268036467e+01
7.334000000000000000e+03 3.135578435259024488e+01
7.335000000000000000e+03 3.135262335409709777e+01
7.336000000000000000e+03 3.134931638837908707e+01
7.337000000000000000e+03 3.134612040430643987e+01
7.338000000000000000e+03 3.134293014974339542e+01
7.339000000000000000e+03 3.134112731389500084e+01
7.340000000000000000e+03 3.134074595963546628e+01
7.341000000000000000e+03 3.134173611187387820e+01
7.342000000000000000e+03 3.134397075514679543e+01
7.343000000000000000e+03 3.134726907315587141e+01
7.344000000000000000e+03 3.135143174343055605e+01
7.345000000000000000e+03 3.135627539624835691e+01
7.346000000000000000e+03 3.136017488724298730e+01
7.347000000000000000e+03 3.136381476935101631e+01
7.348000000000000000e+03 3.136582210141096638e+01
7.349000000000000000e+03 3.136772720288842820e+01
7.350000000000000000e+03 3.136999993764246852e+01
7.351000000000000000e+03 3.137263939597708173e+01
7.352000000000000000e+03 3.137563883547646881e+01
7.353000000000000000e+03 3.137898886816376987e+01
7.354000000000000000e+03 3.138268454300791888e+01
7.355000000000000000e+03 3.138673353543854461e+01
7.356000000000000000e+03 3.139116171933772748e+01
7.357000000000000000e+03 3.139601349092165350e+01
7.358000000000000000e+03 3.140134722446178372e+01
7.359000000000000000e+03 3.140697604573570700e+01
7.360000000000000000e+03 3.141180043536435562e+01
7.361000000000000000e+03 3.141740029297805137e+01
7.362000000000000000e+03 3.142378163838059635e+01
7.363000000000000000e+03 3.143092125397623704e+01
7.364000000000000000e+03 3.143877180785337799e+01
7.365000000000000000e+03 3.144727210157796549e+01
7.366000000000000000e+03 3.145636186104227150e+01
7.367000000000000000e+03 3.146599842712904405e+01
7.368000000000000000e+03 3.147617100586222350e+01
7.369000000000000000e+03 3.148600102603726469e+01
7.370000000000000000e+03 3.149426091789127469e+01
7.371000000000000000e+03 3.150327614437803447e+01
7.372000000000000000e+03 3.151317149234426296e+01
7.373000000000000000e+03 3.152404924571743550e+01
7.374000000000000000e+03 3.153597169604463346e+01
7.375000000000000000e+03 3.154825445742145007e+01
7.376000000000000000e+03 3.156111365330328766e+01
7.377000000000000000e+03 3.157498162895779359e+01
7.378000000000000000e+03 3.158979193152011433e+01
7.379000000000000000e+03 3.160546939986715387e+01
7.380000000000000000e+03 3.162193657495812360e+01
7.381000000000000000e+03 3.163911624277618273e+01
7.382000000000000000e+03 3.165693057645319186e+01
7.383000000000000000e+03 3.167530042014598735e+01
7.384000000000000000e+03 3.169414621214777839e+01
7.385000000000000000e+03 3.171339105792547741e+01
7.386000000000000000e+03 3.173296431164174436e+01
7.387000000000000000e+03 3.175280272417512606e+01
7.388000000000000000e+03 3.177284919556489484e+01
7.389000000000000000e+03 3.179173310321020551e+01
7.390000000000000000e+03 3.180996537837242144e+01
7.391000000000000000e+03 3.182823554184925285e+01
7.392000000000000000e+03 3.184653252689054170e+01
7.393000000000000000e+03 3.186485042939297330e+01
7.394000000000000000e+03 3.188171599013826096e+01
7.395000000000000000e+03 3.189852934399763740e+01
7.396000000000000000e+03 3.191530626966769546e+01
7.397000000000000000e+03 3.193199371603220982e+01
7.398000000000000000e+03 3.194850902511331725e+01
7.399000000000000000e+03 3.196473799431664986e+01
7.400000000000000000e+03 3.197997932609558447e+01
7.401000000000000000e+03 3.199318397078858567e+01
7.402000000000000000e+03 3.200529424042593973e+01
7.403000000000000000e+03 3.201632655822815110e+01
7.404000000000000000e+03 3.202614388848664362e+01
7.405000000000000000e+03 3.203464275952133278e+01
7.406000000000000000e+03 3.204087186744241933e+01
7.407000000000000000e+03 3.204468377029471071e+01
7.408000000000000000e+03 3.204606560369585821e+01
7.409000000000000000e+03 3.204272580293212513e+01
7.410000000000000000e+03 3.203796880834946137e+01
7.411000000000000000e+03 3.203190246096205129e+01
7.412000000000000000e+03 3.202464689653001528e+01
7.413000000000000000e+03 3.201523995851835025e+01
7.414000000000000000e+03 3.200284055728119625e+01
7.415000000000000000e+03 3.198955172828534899e+01
7.416000000000000000e+03 3.197547878972289226e+01
7.417000000000000000e+03 3.196072363734082700e+01
7.418000000000000000e+03 3.194539271364256905e+01
7.419000000000000000e+03 3.192960736716767656e+01
7.420000000000000000e+03 3.191351370140848331e+01
7.421000000000000000e+03 3.189728930004733343e+01
7.422000000000000000e+03 3.188114358705390217e+01
7.423000000000000000e+03 3.186531255874026058e+01
7.424000000000000000e+03 3.185004824470439644e+01
7.425000000000000000e+03 3.183560350320725618e+01
7.426000000000000000e+03 3.182221225543541721e+01
7.427000000000000000e+03 3.181006565457731483e+01
7.428000000000000000e+03 3.179928884231276953e+01
7.429000000000000000e+03 3.178941323472573544e+01
7.430000000000000000e+03 3.178051024988552697e+01
7.431000000000000000e+03 3.177295661866852683e+01
7.432000000000000000e+03 3.176660419355565779e+01
7.433000000000000000e+03 3.176128455692643371e+01
7.434000000000000000e+03 3.175682442614590428e+01
7.435000000000000000e+03 3.175305445971551421e+01
7.436000000000000000e+03 3.174981526167737655e+01
7.437000000000000000e+03 3.174696339304070847e+01
7.438000000000000000e+03 3.174437849897066855e+01
7.439000000000000000e+03 3.174196930963891816e+01
7.440000000000000000e+03 3.173967665064431998e+01
7.441000000000000000e+03 3.173746997640337497e+01
7.442000000000000000e+03 3.173533827307818456e+01
7.443000000000000000e+03 3.173327957762072771e+01
7.444000000000000000e+03 3.173129343939236691e+01
7.445000000000000000e+03 3.172937859425428542e+01
7.446000000000000000e+03 3.172676059871679044e+01
7.447000000000000000e+03 3.172259940411543511e+01
7.448000000000000000e+03 3.171719324910691284e+01
7.449000000000000000e+03 3.170891856274052145e+01
7.450000000000000000e+03 3.170098744128454626e+01
7.451000000000000000e+03 3.169346117159301812e+01
7.452000000000000000e+03 3.168638804443523327e+01
7.453000000000000000e+03 3.167979625251692966e+01
7.454000000000000000e+03 3.167369162242267322e+01
7.455000000000000000e+03 3.166806074468460608e+01
7.456000000000000000e+03 3.166287827936025678e+01
7.457000000000000000e+03 3.165811425021564318e+01
7.458000000000000000e+03 3.165373929700724176e+01
7.459000000000000000e+03 3.164972608084566019e+01
7.460000000000000000e+03 3.164604706689099345e+01
7.461000000000000000e+03 3.164083925460361257e+01
7.462000000000000000e+03 3.163572656306799757e+01
7.463000000000000000e+03 3.163015343503681720e+01
7.464000000000000000e+03 3.162399163495472720e+01
7.465000000000000000e+03 3.161809605307186644e+01
7.466000000000000000e+03 3.161241562635170155e+01
7.467000000000000000e+03 3.160688578043968988e+01
7.468000000000000000e+03 3.160144212556851429e+01
7.469000000000000000e+03 3.159488032011319092e+01
7.470000000000000000e+03 3.158621144580237683e+01
7.471000000000000000e+03 3.157642905285738522e+01
7.472000000000000000e+03 3.156658909628132648e+01
7.473000000000000000e+03 3.155698293740033833e+01
7.474000000000000000e+03 3.154776132353576656e+01
7.475000000000000000e+03 3.153908318944204225e+01
7.476000000000000000e+03 3.153110483337924208e+01
7.477000000000000000e+03 3.152397238708881844e+01
7.478000000000000000e+03 3.151781669630204163e+01
7.479000000000000000e+03 3.151274821997892417e+01
7.480000000000000000e+03 3.150842880510248989e+01
7.481000000000000000e+03 3.150401702126457337e+01
7.482000000000000000e+03 3.150080226418193163e+01
7.483000000000000000e+03 3.149877629519605904e+01
7.484000000000000000e+03 3.149789065397779098e+01
7.485000000000000000e+03 3.149805633234818458e+01
7.486000000000000000e+03 3.149914715877611826e+01
7.487000000000000000e+03 3.150100584309833351e+01
7.488000000000000000e+03 3.150345175806740627e+01
7.489000000000000000e+03 3.150628952234389146e+01
7.490000000000000000e+03 3.150928010643448829e+01
7.491000000000000000e+03 3.151054071579808280e+01
7.492000000000000000e+03 3.151168679517456539e+01
7.493000000000000000e+03 3.151101247154328178e+01
7.494000000000000000e+03 3.151010943751618143e+01
7.495000000000000000e+03 3.150889889001165756e+01
7.496000000000000000e+03 3.150732148768615204e+01
7.497000000000000000e+03 3.150533827458050951e+01
7.498000000000000000e+03 3.150293399303958353e+01
7.499000000000000000e+03 3.150012318282423252e+01
7.500000000000000000e+03 3.149695686910147430e+01
7.501000000000000000e+03 3.149352609012617421e+01
7.502000000000000000e+03 3.148995874340337764e+01
7.503000000000000000e+03 3.148640720892797873e+01
7.504000000000000000e+03 3.148302690290162076e+01
7.505000000000000000e+03 3.147995149515842428e+01
7.506000000000000000e+03 3.147727292806648691e+01
7.507000000000000000e+03 3.147503190634382264e+01
7.508000000000000000e+03 3.147322106821746246e+01
7.509000000000000000e+03 3.147180021336090761e+01
7.510000000000000000e+03 3.146989551231536808e+01
7.511000000000000000e+03 3.146767243316388019e+01
7.512000000000000000e+03 3.146571216476117172e+01
7.513000000000000000e+03 3.146406112218669548e+01
7.514000000000000000e+03 3.146279159544342008e+01
7.515000000000000000e+03 3.146198706039596615e+01
7.516000000000000000e+03 3.146172817936956889e+01
7.517000000000000000e+03 3.146208331307125405e+01
7.518000000000000000e+03 3.146310396309375790e+01
7.519000000000000000e+03 3.146482542761777879e+01
7.520000000000000000e+03 3.146726911258821957e+01
7.521000000000000000e+03 3.147044507074162922e+01
7.522000000000000000e+03 3.147435382000611526e+01
7.523000000000000000e+03 3.147843979568477124e+01
7.524000000000000000e+03 3.148194950519639335e+01
7.525000000000000000e+03 3.148612794579278429e+01
7.526000000000000000e+03 3.149096192331076338e+01
7.527000000000000000e+03 3.149643825449053125e+01
7.528000000000000000e+03 3.150254392837261008e+01
7.529000000000000000e+03 3.150926639347354552e+01
7.530000000000000000e+03 3.151443220754669738e+01
7.531000000000000000e+03 3.151979990717127578e+01
7.532000000000000000e+03 3.152581921955307465e+01
7.533000000000000000e+03 3.153250528789952511e+01
7.534000000000000000e+03 3.153776527411164210e+01
7.535000000000000000e+03 3.154323081823716279e+01
7.536000000000000000e+03 3.154945658965804256e+01
7.537000000000000000e+03 3.155652418780294965e+01
7.538000000000000000e+03 3.156450846036955582e+01
7.539000000000000000e+03 3.157346399653447477e+01
7.540000000000000000e+03 3.158341020013660838e+01
7.541000000000000000e+03 3.159431758939449253e+01
7.542000000000000000e+03 3.160609879048170257e+01
7.543000000000000000e+03 3.161860539044896967e+01
7.544000000000000000e+03 3.163163251753075400e+01
7.545000000000000000e+03 3.164493212868597283e+01
7.546000000000000000e+03 3.165823708825367078e+01
7.547000000000000000e+03 3.167116877237512540e+01
7.548000000000000000e+03 3.168333014403548731e+01
7.549000000000000000e+03 3.169390129180326454e+01
7.550000000000000000e+03 3.170393733865737573e+01
7.551000000000000000e+03 3.171344468264695848e+01
7.552000000000000000e+03 3.172248679174980168e+01
7.553000000000000000e+03 3.173108854072220453e+01
7.554000000000000000e+03 3.173941474168274368e+01
7.555000000000000000e+03 3.174765134212097450e+01
7.556000000000000000e+03 3.175594891917736362e+01
7.557000000000000000e+03 3.176444844010650570e+01
7.558000000000000000e+03 3.177327132313874358e+01
7.559000000000000000e+03 3.177998292106822831e+01
7.560000000000000000e+03 3.178601509427752703e+01
7.561000000000000000e+03 3.179249430662212461e+01
7.562000000000000000e+03 3.179945122750310915e+01
7.563000000000000000e+03 3.180687353395989447e+01
7.564000000000000000e+03 3.181367832519413952e+01
7.565000000000000000e+03 3.181953583581861622e+01
7.566000000000000000e+03 3.182568677884109576e+01
7.567000000000000000e+03 3.183204018430795657e+01
7.568000000000000000e+03 3.183850208832220119e+01
7.569000000000000000e+03 3.184497314076629948e+01
7.570000000000000000e+03 3.185134379980080865e+01
7.571000000000000000e+03 3.185726810861699931e+01
7.572000000000000000e+03 3.186012319437811868e+01
7.573000000000000000e+03 3.186217692681687552e+01
7.574000000000000000e+03 3.186337260491172430e+01
7.575000000000000000e+03 3.186371504351956929e+01
7.576000000000000000e+03 3.186287891026237062e+01
7.577000000000000000e+03 3.186126835759437981e+01
7.578000000000000000e+03 3.185908953640169727e+01
7.579000000000000000e+03 3.185650852917147802e+01
7.580000000000000000e+03 3.185369280529378599e+01
7.581000000000000000e+03 3.185080689729419845e+01
7.582000000000000000e+03 3.184801613373640805e+01
7.583000000000000000e+03 3.184549398711818924e+01
7.584000000000000000e+03 3.184342870315137475e+01
7.585000000000000000e+03 3.184202484173814085e+01
7.586000000000000000e+03 3.184149665026779985e+01
7.587000000000000000e+03 3.184205443585130269e+01
7.588000000000000000e+03 3.184388775786904802e+01
7.589000000000000000e+03 3.184715062096967841e+01
7.590000000000000000e+03 3.185195226864043150e+01
7.591000000000000000e+03 3.185835414526815512e+01
7.592000000000000000e+03 3.186637024664828033e+01
7.593000000000000000e+03 3.187597079598122463e+01
7.594000000000000000e+03 3.188709000635724067e+01
7.595000000000000000e+03 3.189963657491468041e+01
7.596000000000000000e+03 3.191350576184364485e+01
7.597000000000000000e+03 3.192858941582100485e+01
7.598000000000000000e+03 3.194478232529340644e+01
7.599000000000000000e+03 3.196198474274449453e+01
7.600000000000000000e+03 3.198010131001501222e+01
7.601000000000000000e+03 3.199903609905879165e+01
7.602000000000000000e+03 3.201868575265811501e+01
7.603000000000000000e+03 3.203893363462213983e+01
7.604000000000000000e+03 3.205964720978410298e+01
7.605000000000000000e+03 3.208067925705189083e+01
7.606000000000000000e+03 3.210187194412614531e+01
7.607000000000000000e+03 3.212274156960842930e+01
7.608000000000000000e+03 3.214346346585221426e+01
7.609000000000000000e+03 3.216372546244494401e+01
7.610000000000000000e+03 3.218272470609907998e+01
7.611000000000000000e+03 3.220124960135417780e+01
7.612000000000000000e+03 3.221915493235842121e+01
7.613000000000000000e+03 3.223630849466391624e+01
7.614000000000000000e+03 3.225260271164302139e+01
7.615000000000000000e+03 3.226718531179987082e+01
7.616000000000000000e+03 3.228029580709228696e+01
7.617000000000000000e+03 3.229216998189997412e+01
7.618000000000000000e+03 3.230085267567316976e+01
7.619000000000000000e+03 3.230902909938443912e+01
7.620000000000000000e+03 3.231674100138957328e+01
7.621000000000000000e+03 3.232426058685504699e+01
7.622000000000000000e+03 3.233174329526114121e+01
7.623000000000000000e+03 3.233927105208669417e+01
7.624000000000000000e+03 3.234688083155828053e+01
7.625000000000000000e+03 3.235456968972840741e+01
7.626000000000000000e+03 3.236230278307511554e+01
7.627000000000000000e+03 3.237002033697011427e+01
7.628000000000000000e+03 3.237719967338697558e+01
7.629000000000000000e+03 3.238354719657218794e+01
7.630000000000000000e+03 3.238955140925813936e+01
7.631000000000000000e+03 3.239503559267679123e+01
7.632000000000000000e+03 3.240011324661676184e+01
7.633000000000000000e+03 3.240397115295523633e+01
7.634000000000000000e+03 3.240562409264180843e+01
7.635000000000000000e+03 3.240670666288823298e+01
7.636000000000000000e+03 3.240733866562828069e+01
7.637000000000000000e+03 3.240767156832080076e+01
7.638000000000000000e+03 3.240774291440194332e+01
7.639000000000000000e+03 3.240778984361260484e+01
7.640000000000000000e+03 3.240803314633404142e+01
7.641000000000000000e+03 3.240812433938744164e+01
7.642000000000000000e+03 3.240869310202738518e+01
7.643000000000000000e+03 3.240994648966225355e+01
7.644000000000000000e+03 3.241199551662128897e+01
7.645000000000000000e+03 3.241492739711708282e+01
7.646000000000000000e+03 3.241813072343579449e+01
7.647000000000000000e+03 3.242180699322119608e+01
7.648000000000000000e+03 3.242654973767270121e+01
7.649000000000000000e+03 3.243237957600044297e+01
7.650000000000000000e+03 3.243929351346675105e+01
7.651000000000000000e+03 3.244635697203244007e+01
7.652000000000000000e+03 3.245373609514820146e+01
7.653000000000000000e+03 3.246118384529520284e+01
7.654000000000000000e+03 3.246904895297535631e+01
7.655000000000000000e+03 3.247564186770152617e+01
7.656000000000000000e+03 3.248123348495784057e+01
7.657000000000000000e+03 3.248583928500170259e+01
7.658000000000000000e+03 3.249012117964951329e+01
7.659000000000000000e+03 3.249359168190611058e+01
7.660000000000000000e+03 3.249726992949837978e+01
7.661000000000000000e+03 3.250114437455589922e+01
7.662000000000000000e+03 3.250519291395843879e+01
7.663000000000000000e+03 3.250937630191019423e+01
7.664000000000000000e+03 3.251202715005839394e+01
7.665000000000000000e+03 3.251409265718947950e+01
7.666000000000000000e+03 3.251590527366754202e+01
7.667000000000000000e+03 3.251739612298548110e+01
7.668000000000000000e+03 3.251851643016105697e+01
7.669000000000000000e+03 3.251924922981210386e+01
7.670000000000000000e+03 3.251947568152390033e+01
7.671000000000000000e+03 3.251759031761797303e+01
7.672000000000000000e+03 3.251543083094645681e+01
7.673000000000000000e+03 3.251305016057320074e+01
7.674000000000000000e+03 3.251048752378157758e+01
7.675000000000000000e+03 3.250776173272813452e+01
7.676000000000000000e+03 3.250486840154569990e+01
7.677000000000000000e+03 3.250178112085332316e+01
7.678000000000000000e+03 3.249756705069616203e+01
7.679000000000000000e+03 3.249248196825280388e+01
7.680000000000000000e+03 3.248726726440936119e+01
7.681000000000000000e+03 3.248188921206508439e+01
7.682000000000000000e+03 3.247631696060979323e+01
7.683000000000000000e+03 3.247052779075797702e+01
7.684000000000000000e+03 3.246451450855269627e+01
7.685000000000000000e+03 3.245829478480590069e+01
7.686000000000000000e+03 3.245012099782580606e+01
7.687000000000000000e+03 3.244134281512211260e+01
7.688000000000000000e+03 3.243207492159282879e+01
7.689000000000000000e+03 3.242314169290175130e+01
7.690000000000000000e+03 3.241473534916293886e+01
7.691000000000000000e+03 3.240578243601052577e+01
7.692000000000000000e+03 3.239716328854498784e+01
7.693000000000000000e+03 3.238955563504821100e+01
7.694000000000000000e+03 3.238318036468322703e+01
7.695000000000000000e+03 3.237823711950113648e+01
7.696000000000000000e+03 3.237489674659819627e+01
7.697000000000000000e+03 3.237329111504274692e+01
7.698000000000000000e+03 3.237350269102326905e+01
7.699000000000000000e+03 3.237555605402236836e+01
7.700000000000000000e+03 3.237941652586223995e+01
7.701000000000000000e+03 3.238499431473501033e+01
7.702000000000000000e+03 3.239215324013468233e+01
7.703000000000000000e+03 3.240072202025859127e+01
7.704000000000000000e+03 3.241050652526284637e+01
7.705000000000000000e+03 3.242090829996030266e+01
7.706000000000000000e+03 3.243107320543984429e+01
7.707000000000000000e+03 3.244180664967607441e+01
7.708000000000000000e+03 3.245061088785906378e+01
7.709000000000000000e+03 3.245801267091486864e+01
7.710000000000000000e+03 3.246445507635701233e+01
7.711000000000000000e+03 3.246984253104070461e+01
7.712000000000000000e+03 3.247470217370230472e+01
7.713000000000000000e+03 3.247706550123766078e+01
7.714000000000000000e+03 3.247954937317721402e+01
7.715000000000000000e+03 3.248216718642358813e+01
7.716000000000000000e+03 3.248494823110360130e+01
7.717000000000000000e+03 3.248793906757349959e+01
7.718000000000000000e+03 3.249120465003122149e+01
7.719000000000000000e+03 3.249482761717807477e+01
7.720000000000000000e+03 3.249890424569385061e+01
7.721000000000000000e+03 3.250353836071088409e+01
7.722000000000000000e+03 3.250883239048249607e+01
7.723000000000000000e+03 3.251487540279336486e+01
7.724000000000000000e+03 3.252173095640517886e+01
7.725000000000000000e+03 3.252942658184580438e+01
7.726000000000000000e+03 3.253794882869011218e+01
7.727000000000000000e+03 3.254724597338073977e+01
7.728000000000000000e+03 3.255723664418982821e+01
7.729000000000000000e+03 3.256781994274246017e+01
7.730000000000000000e+03 3.257888449230713945e+01
7.731000000000000000e+03 3.259031525028214560e+01
7.732000000000000000e+03 3.260200204149882097e+01
7.733000000000000000e+03 3.261149091562407420e+01
7.734000000000000000e+03 3.262038964997262269e+01
7.735000000000000000e+03 3.262935297444305860e+01
7.736000000000000000e+03 3.263791112294799035e+01
7.737000000000000000e+03 3.264295458689281304e+01
7.738000000000000000e+03 3.264712929833805788e+01
7.739000000000000000e+03 3.265160451471034975e+01
7.740000000000000000e+03 3.265482748295742965e+01
7.741000000000000000e+03 3.265799182787485933e+01
7.742000000000000000e+03 3.266164251618846492e+01
7.743000000000000000e+03 3.266571009837490180e+01
7.744000000000000000e+03 3.266937534304700819e+01
7.745000000000000000e+03 3.267379691029711353e+01
7.746000000000000000e+03 3.267905076663201669e+01
7.747000000000000000e+03 3.268520209331103388e+01
7.748000000000000000e+03 3.269229122029817347e+01
7.749000000000000000e+03 3.269989703644343138e+01
7.750000000000000000e+03 3.270766099664048454e+01
7.751000000000000000e+03 3.271544269802707561e+01
7.752000000000000000e+03 3.272369841114175415e+01
7.753000000000000000e+03 3.273271245995304923e+01
7.754000000000000000e+03 3.274082430688825696e+01
7.755000000000000000e+03 3.274770716664056636e+01
7.756000000000000000e+03 3.275485201361512821e+01
7.757000000000000000e+03 3.276152672953103462e+01
7.758000000000000000e+03 3.276526237890129067e+01
7.759000000000000000e+03 3.276949945157674904e+01
7.760000000000000000e+03 3.277430040892210172e+01
7.761000000000000000e+03 3.277974673993864485e+01
7.762000000000000000e+03 3.278592120229770046e+01
7.763000000000000000e+03 3.279204269465731159e+01
7.764000000000000000e+03 3.279784423672730043e+01
7.765000000000000000e+03 3.280426068433499154e+01
7.766000000000000000e+03 3.281129726048252593e+01
7.767000000000000000e+03 3.281894638082115989e+01
7.768000000000000000e+03 3.282720393181914176e+01
7.769000000000000000e+03 3.283607885609490040e+01
7.770000000000000000e+03 3.284489615229614401e+01
7.771000000000000000e+03 3.285342141897325519e+01
7.772000000000000000e+03 3.286204894375738661e+01
7.773000000000000000e+03 3.287125387912740848e+01
7.774000000000000000e+03 3.288101281762302364e+01
7.775000000000000000e+03 3.289124880117883976e+01
7.776000000000000000e+03 3.290141433205251076e+01
7.777000000000000000e+03 3.291019233025984647e+01
7.778000000000000000e+03 3.291887760304549460e+01
7.779000000000000000e+03 3.292722647976377459e+01
7.780000000000000000e+03 3.293500009350140090e+01
7.781000000000000000e+03 3.294198959936669269e+01
7.782000000000000000e+03 3.294732092425610404e+01
7.783000000000000000e+03 3.295083543288551198e+01
7.784000000000000000e+03 3.295328180462981038e+01
7.785000000000000000e+03 3.295468061872684018e+01
7.786000000000000000e+03 3.295509141703641376e+01
7.787000000000000000e+03 3.295459900454625313e+01
7.788000000000000000e+03 3.295330315102724228e+01
7.789000000000000000e+03 3.295131081945073248e+01
7.790000000000000000e+03 3.294873047743664074e+01
7.791000000000000000e+03 3.294566869471275794e+01
7.792000000000000000e+03 3.294222980643783671e+01
7.793000000000000000e+03 3.293851841450874218e+01
7.794000000000000000e+03 3.293421349685345945e+01
7.795000000000000000e+03 3.292843640624428048e+01
7.796000000000000000e+03 3.292202111230973571e+01
7.797000000000000000e+03 3.291583868082455666e+01
7.798000000000000000e+03 3.291007142808141595e+01
7.799000000000000000e+03 3.290490408886354601e+01
7.800000000000000000e+03 3.290051535553890005e+01
7.801000000000000000e+03 3.289706788193747400e+01
7.802000000000000000e+03 3.289469882375762921e+01
7.803000000000000000e+03 3.289309254128328774e+01
7.804000000000000000e+03 3.289264598132224648e+01
7.805000000000000000e+03 3.289347866387434749e+01
7.806000000000000000e+03 3.289555561523116012e+01
7.807000000000000000e+03 3.289878849127672567e+01
7.808000000000000000e+03 3.290303897191479621e+01
7.809000000000000000e+03 3.290813468245966789e+01
7.810000000000000000e+03 3.291293668853683840e+01
7.811000000000000000e+03 3.291693262276849907e+01
7.812000000000000000e+03 3.292134875571645125e+01
7.813000000000000000e+03 3.292610319100116101e+01
7.814000000000000000e+03 3.293114108327912959e+01
7.815000000000000000e+03 3.293641702599414600e+01
7.816000000000000000e+03 3.294187825715760454e+01
7.817000000000000000e+03 3.294745248632496981e+01
7.818000000000000000e+03 3.295304525558385933e+01
7.819000000000000000e+03 3.295854945248559176e+01
7.820000000000000000e+03 3.296386644463541415e+01
7.821000000000000000e+03 3.296893113719531243e+01
7.822000000000000000e+03 3.297372704871463611e+01
7.823000000000000000e+03 3.297716608690802076e+01
7.824000000000000000e+03 3.297983480517952870e+01
7.825000000000000000e+03 3.298209506988578710e+01
7.826000000000000000e+03 3.298424758040516025e+01
7.827000000000000000e+03 3.298509899671524437e+01
7.828000000000000000e+03 3.298603162716557335e+01
7.829000000000000000e+03 3.298703414944188239e+01
7.830000000000000000e+03 3.298779467811829846e+01
7.831000000000000000e+03 3.298703781959460457e+01
7.832000000000000000e+03 3.298623196816899394e+01
7.833000000000000000e+03 3.298541348135362483e+01
7.834000000000000000e+03 3.298460744623928065e+01
7.835000000000000000e+03 3.298383016136234147e+01
7.836000000000000000e+03 3.298308536006261704e+01
7.837000000000000000e+03 3.298236473286387849e+01
7.838000000000000000e+03 3.298165327279102144e+01
7.839000000000000000e+03 3.298093759912919865e+01
7.840000000000000000e+03 3.298021430602820203e+01
7.841000000000000000e+03 3.297949384032691000e+01
7.842000000000000000e+03 3.297879910329618980e+01
7.843000000000000000e+03 3.297816160958456777e+01
7.844000000000000000e+03 3.297761825889193688e+01
7.845000000000000000e+03 3.297721147441279044e+01
7.846000000000000000e+03 3.297698921531274863e+01
7.847000000000000000e+03 3.297700293503770297e+01
7.848000000000000000e+03 3.297730219018598774e+01
7.849000000000000000e+03 3.297792871026243233e+01
7.850000000000000000e+03 3.297891215370915319e+01
7.851000000000000000e+03 3.298026917003655001e+01
7.852000000000000000e+03 3.298200668655208290e+01
7.853000000000000000e+03 3.298412894743756851e+01
7.854000000000000000e+03 3.298664456064948070e+01
7.855000000000000000e+03 3.298957205443542762e+01
7.856000000000000000e+03 3.299294203809463255e+01
7.857000000000000000e+03 3.299679615093130280e+01
7.858000000000000000e+03 3.300118340828377228e+01
7.859000000000000000e+03 3.300615683842148229e+01
7.860000000000000000e+03 3.301177079333380249e+01
7.861000000000000000e+03 3.301807887995430235e+01
7.862000000000000000e+03 3.302512917131723214e+01
7.863000000000000000e+03 3.303295699617827808e+01
7.864000000000000000e+03 3.304157498485756150e+01
7.865000000000000000e+03 3.305096412736290290e+01
7.866000000000000000e+03 3.306106975934556402e+01
7.867000000000000000e+03 3.307180645814471376e+01
7.868000000000000000e+03 3.308267130664908962e+01
7.869000000000000000e+03 3.309217641983805436e+01
7.870000000000000000e+03 3.310202165560346543e+01
7.871000000000000000e+03 3.311211474611369709e+01
7.872000000000000000e+03 3.312229748357607662e+01
7.873000000000000000e+03 3.313077812896695207e+01
7.874000000000000000e+03 3.313928895077640391e+01
7.875000000000000000e+03 3.314773519409493474e+01
7.876000000000000000e+03 3.315602238499101873e+01
7.877000000000000000e+03 3.316406190344115146e+01
7.878000000000000000e+03 3.317177526380434927e+01
7.879000000000000000e+03 3.317873761581851255e+01
7.880000000000000000e+03 3.318529445919516263e+01
7.881000000000000000e+03 3.319150630897053134e+01
7.882000000000000000e+03 3.319738357019537034e+01
7.883000000000000000e+03 3.320294987067990178e+01
7.884000000000000000e+03 3.320822955687653177e+01
7.885000000000000000e+03 3.321323331920905986e+01
7.886000000000000000e+03 3.321794656855556127e+01
7.887000000000000000e+03 3.322203629690739035e+01
7.888000000000000000e+03 3.322544530609707181e+01
7.889000000000000000e+03 3.322830432975522541e+01
7.890000000000000000e+03 3.323055371689866888e+01
7.891000000000000000e+03 3.323021901024681313e+01
7.892000000000000000e+03 3.322805759642120904e+01
7.893000000000000000e+03 3.322529881872336688e+01
7.894000000000000000e+03 3.322206266117466100e+01
7.895000000000000000e+03 3.321850021924557694e+01
7.896000000000000000e+03 3.321477445763638769e+01
7.897000000000000000e+03 3.321104321379164048e+01
7.898000000000000000e+03 3.320744570550961328e+01
7.899000000000000000e+03 3.320409295678167894e+01
7.900000000000000000e+03 3.320106110052247317e+01
7.901000000000000000e+03 3.319775532537503437e+01
7.902000000000000000e+03 3.319405932683423543e+01
7.903000000000000000e+03 3.319092329666000296e+01
7.904000000000000000e+03 3.318832614448807306e+01
7.905000000000000000e+03 3.318622169952723766e+01
7.906000000000000000e+03 3.318336207511087821e+01
7.907000000000000000e+03 3.318021115421537104e+01
7.908000000000000000e+03 3.317658412459228856e+01
7.909000000000000000e+03 3.317325250307565199e+01
7.910000000000000000e+03 3.317020180266653284e+01
7.911000000000000000e+03 3.316745076711103479e+01
7.912000000000000000e+03 3.316504482492948114e+01
7.913000000000000000e+03 3.316173013257564151e+01
7.914000000000000000e+03 3.315810521708505831e+01
7.915000000000000000e+03 3.315482189568241012e+01
7.916000000000000000e+03 3.315190745172451869e+01
7.917000000000000000e+03 3.314936132032023863e+01
7.918000000000000000e+03 3.314716157051211098e+01
7.919000000000000000e+03 3.314527402549144597e+01
7.920000000000000000e+03 3.314272395228432799e+01
7.921000000000000000e+03 3.314002834784432849e+01
7.922000000000000000e+03 3.313751298347449392e+01
7.923000000000000000e+03 3.313517206862884734e+01
7.924000000000000000e+03 3.313301568280841991e+01
7.925000000000000000e+03 3.313107494299925548e+01
7.926000000000000000e+03 3.312941084191960073e+01
7.927000000000000000e+03 3.312812344457081792e+01
7.928000000000000000e+03 3.312735687729598055e+01
7.929000000000000000e+03 3.312699409109631432e+01
7.930000000000000000e+03 3.312588073731638616e+01
7.931000000000000000e+03 3.312465051651366821e+01
7.932000000000000000e+03 3.312450395084142940e+01
7.933000000000000000e+03 3.312582703094428638e+01
7.934000000000000000e+03 3.312872886618210089e+01
7.935000000000000000e+03 3.313325189428390161e+01
7.936000000000000000e+03 3.313937287354038119e+01
7.937000000000000000e+03 3.314700814046186395e+01
7.938000000000000000e+03 3.315602218988667005e+01
7.939000000000000000e+03 3.316502562604073034e+01
7.940000000000000000e+03 3.317457798413767733e+01
7.941000000000000000e+03 3.318465961763862992e+01
7.942000000000000000e+03 3.319516509536362037e+01
7.943000000000000000e+03 3.320531716268095579e+01
7.944000000000000000e+03 3.321469597509045002e+01
7.945000000000000000e+03 3.322399182967567555e+01
7.946000000000000000e+03 3.323298387441316493e+01
7.947000000000000000e+03 3.324081685224334848e+01
7.948000000000000000e+03 3.324678638935448305e+01
7.949000000000000000e+03 3.325205548198184857e+01
7.950000000000000000e+03 3.325661108950262701e+01
7.951000000000000000e+03 3.325923841334636677e+01
7.952000000000000000e+03 3.325954636744904747e+01
7.953000000000000000e+03 3.325916855684172901e+01
7.954000000000000000e+03 3.325861863250810302e+01
7.955000000000000000e+03 3.325800368637364102e+01
7.956000000000000000e+03 3.325742434985213691e+01
7.957000000000000000e+03 3.325697084202021614e+01
7.958000000000000000e+03 3.325672198372780031e+01
7.959000000000000000e+03 3.325674597882090922e+01
7.960000000000000000e+03 3.325710013446324353e+01
7.961000000000000000e+03 3.325782866662952841e+01
7.962000000000000000e+03 3.325856622288034714e+01
7.963000000000000000e+03 3.325933942551692013e+01
7.964000000000000000e+03 3.326020500410896830e+01
7.965000000000000000e+03 3.325905911302818652e+01
7.966000000000000000e+03 3.325755036669458775e+01
7.967000000000000000e+03 3.325542521107344385e+01
7.968000000000000000e+03 3.325357720238888959e+01
7.969000000000000000e+03 3.325204854231541418e+01
7.970000000000000000e+03 3.325081984336554797e+01
7.971000000000000000e+03 3.324989391553538809e+01
7.972000000000000000e+03 3.324951894355879745e+01
7.973000000000000000e+03 3.324954124251156884e+01
7.974000000000000000e+03 3.324978106860477567e+01
7.975000000000000000e+03 3.325029826158262836e+01
7.976000000000000000e+03 3.325122939634358943e+01
7.977000000000000000e+03 3.325251402422874492e+01
7.978000000000000000e+03 3.325385521348118090e+01
7.979000000000000000e+03 3.325422955228933120e+01
7.980000000000000000e+03 3.325469738797871599e+01
7.981000000000000000e+03 3.325513885210510523e+01
7.982000000000000000e+03 3.325544585796887986e+01
7.983000000000000000e+03 3.325553088375028210e+01
7.984000000000000000e+03 3.325533153129840969e+01
7.985000000000000000e+03 3.325404204413965203e+01
7.986000000000000000e+03 3.325208773721620048e+01
7.987000000000000000e+03 3.324972311901501598e+01
7.988000000000000000e+03 3.324696022446850918e+01
7.989000000000000000e+03 3.324381010436029982e+01
7.990000000000000000e+03 3.324028431182774312e+01
7.991000000000000000e+03 3.323636963859108562e+01
7.992000000000000000e+03 3.323104306950904174e+01
7.993000000000000000e+03 3.322548412655957861e+01
7.994000000000000000e+03 3.321981235977356306e+01
7.995000000000000000e+03 3.321415578537038016e+01
7.996000000000000000e+03 3.320756088095318859e+01
7.997000000000000000e+03 3.320130392031861533e+01
7.998000000000000000e+03 3.319551864266642838e+01
7.999000000000000000e+03 3.319031858111071642e+01
8.000000000000000000e+03 3.318580166794434660e+01
8.001000000000000000e+03 3.318205439137376800e+01
8.002000000000000000e+03 3.317892306362764998e+01
8.003000000000000000e+03 3.317663461201419040e+01
8.004000000000000000e+03 3.317532129621106662e+01
8.005000000000000000e+03 3.317498923604427574e+01
8.006000000000000000e+03 3.317562403628930667e+01
8.007000000000000000e+03 3.317528817835191290e+01
8.008000000000000000e+03 3.317449125254267273e+01
8.009000000000000000e+03 3.317473593464814741e+01
8.010000000000000000e+03 3.317605527104814911e+01
8.011000000000000000e+03 3.317848826014171237e+01
8.012000000000000000e+03 3.318207457564339080e+01
8.013000000000000000e+03 3.318684697032439601e+01
8.014000000000000000e+03 3.319146415909496284e+01
8.015000000000000000e+03 3.319635430051208402e+01
8.016000000000000000e+03 3.320237508025422102e+01
8.017000000000000000e+03 3.320947096742341387e+01
8.018000000000000000e+03 3.321755733505511898e+01
8.019000000000000000e+03 3.322652648250053176e+01
8.020000000000000000e+03 3.323625557952685483e+01
8.021000000000000000e+03 3.324661499371232765e+01
8.022000000000000000e+03 3.325747601515391949e+01
8.023000000000000000e+03 3.326832747758260211e+01
8.024000000000000000e+03 3.327795887200001346e+01
8.025000000000000000e+03 3.328709457651707737e+01
8.026000000000000000e+03 3.329491045644691383e+01
8.027000000000000000e+03 3.330260615101364863e+01
8.028000000000000000e+03 3.331009776983512438e+01
8.029000000000000000e+03 3.331731005255292644e+01
8.030000000000000000e+03 3.332110082866601175e+01
8.031000000000000000e+03 3.332456771388255845e+01
8.032000000000000000e+03 3.332723115712549600e+01
8.033000000000000000e+03 3.332946746588476117e+01
8.034000000000000000e+03 3.333145801767757632e+01
8.035000000000000000e+03 3.333320909264037368e+01
8.036000000000000000e+03 3.333472145588293500e+01
8.037000000000000000e+03 3.333599677467488220e+01
8.038000000000000000e+03 3.333704679944794691e+01
8.039000000000000000e+03 3.333789777966307355e+01
8.040000000000000000e+03 3.333859018906549920e+01
8.041000000000000000e+03 3.333862648649179050e+01
8.042000000000000000e+03 3.333806686199730507e+01
8.043000000000000000e+03 3.333754689567712859e+01
8.044000000000000000e+03 3.333719757144878315e+01
8.045000000000000000e+03 3.333716320876513350e+01
8.046000000000000000e+03 3.333758670588329664e+01
8.047000000000000000e+03 3.333859424128177551e+01
8.048000000000000000e+03 3.334028422703626404e+01
8.049000000000000000e+03 3.334272084075029596e+01
8.050000000000000000e+03 3.334593350009018309e+01
8.051000000000000000e+03 3.334992246204032540e+01
8.052000000000000000e+03 3.335467133160248210e+01
8.053000000000000000e+03 3.336004348312536649e+01
8.054000000000000000e+03 3.336576731367360793e+01
8.055000000000000000e+03 3.337227000140759969e+01
8.056000000000000000e+03 3.337963727135934278e+01
8.057000000000000000e+03 3.338796278987572208e+01
8.058000000000000000e+03 3.339731724560652282e+01
8.059000000000000000e+03 3.340772958832179995e+01
8.060000000000000000e+03 3.341918736348835495e+01
8.061000000000000000e+03 3.343165217626713570e+01
8.062000000000000000e+03 3.344507718919842176e+01
8.063000000000000000e+03 3.345941839730639344e+01
8.064000000000000000e+03 3.347463843948697360e+01
8.065000000000000000e+03 3.348751984445824803e+01
8.066000000000000000e+03 3.350118811260634999e+01
8.067000000000000000e+03 3.351569692172323300e+01
8.068000000000000000e+03 3.353099057535302308e+01
8.069000000000000000e+03 3.354699275261567948e+01
8.070000000000000000e+03 3.356360585445830225e+01
8.071000000000000000e+03 3.358071575577143619e+01
8.072000000000000000e+03 3.359820019672083902e+01
8.073000000000000000e+03 3.361594043813381205e+01
8.074000000000000000e+03 3.363383277201030808e+01
8.075000000000000000e+03 3.365176753848700741e+01
8.076000000000000000e+03 3.366779342505898853e+01
8.077000000000000000e+03 3.368325058928354565e+01
8.078000000000000000e+03 3.369613997925100080e+01
8.079000000000000000e+03 3.370925558279046186e+01
8.080000000000000000e+03 3.372267190951289706e+01
8.081000000000000000e+03 3.373644291076197987e+01
8.082000000000000000e+03 3.375059588297877866e+01
8.083000000000000000e+03 3.376513269502201808e+01
8.084000000000000000e+03 3.378003680386667895e+01
8.085000000000000000e+03 3.379528205061837554e+01
8.086000000000000000e+03 3.381083805699606870e+01
8.087000000000000000e+03 3.382667123754262661e+01
8.088000000000000000e+03 3.384036483050556399e+01
8.089000000000000000e+03 3.385276981418483899e+01
8.090000000000000000e+03 3.386361503703734854e+01
8.091000000000000000e+03 3.387449699770850486e+01
8.092000000000000000e+03 3.388543341030564449e+01
8.093000000000000000e+03 3.389561389527223412e+01
8.094000000000000000e+03 3.390566642445689638e+01
8.095000000000000000e+03 3.391603662803935748e+01
8.096000000000000000e+03 3.392681897857094953e+01
8.097000000000000000e+03 3.393807932992427112e+01
8.098000000000000000e+03 3.394983261025565469e+01
8.099000000000000000e+03 3.396203148458765497e+01
8.100000000000000000e+03 3.397456943370276861e+01
8.101000000000000000e+03 3.398729733808826836e+01
8.102000000000000000e+03 3.400005023499761592e+01
8.103000000000000000e+03 3.401267660676779769e+01
8.104000000000000000e+03 3.402506080576771552e+01
8.105000000000000000e+03 3.403713200672434880e+01
8.106000000000000000e+03 3.404885773410385497e+01
8.107000000000000000e+03 3.406022733897589205e+01
8.108000000000000000e+03 3.407123354553736050e+01
8.109000000000000000e+03 3.408185930489015902e+01
8.110000000000000000e+03 3.409207189932315174e+01
8.111000000000000000e+03 3.410182483483265514e+01
8.112000000000000000e+03 3.411106651187280647e+01
8.113000000000000000e+03 3.411975645574730720e+01
8.114000000000000000e+03 3.412788652747649110e+01
8.115000000000000000e+03 3.413549624846054087e+01
8.116000000000000000e+03 3.414267226527771726e+01
8.117000000000000000e+03 3.414382039150662251e+01
8.118000000000000000e+03 3.414341350266276720e+01
8.119000000000000000e+03 3.414213669718470356e+01
8.120000000000000000e+03 3.414002513904937075e+01
8.121000000000000000e+03 3.413655298579749342e+01
8.122000000000000000e+03 3.413371437465001179e+01
8.123000000000000000e+03 3.412914307121214108e+01
8.124000000000000000e+03 3.412522563746132676e+01
8.125000000000000000e+03 3.412189269287252813e+01
8.126000000000000000e+03 3.411905137100941943e+01
8.127000000000000000e+03 3.411659536287426420e+01
8.128000000000000000e+03 3.411441408887405657e+01
8.129000000000000000e+03 3.411240099889884192e+01
8.130000000000000000e+03 3.411046137425640268e+01
8.131000000000000000e+03 3.410851384848029966e+01
8.132000000000000000e+03 3.410500872092107727e+01
8.133000000000000000e+03 3.410132855074789404e+01
8.134000000000000000e+03 3.409658111594782781e+01
8.135000000000000000e+03 3.409078810437420515e+01
8.136000000000000000e+03 3.408484771706723393e+01
8.137000000000000000e+03 3.407881648237780325e+01
8.138000000000000000e+03 3.407114640384334336e+01
8.139000000000000000e+03 3.406310729427709560e+01
8.140000000000000000e+03 3.405514437523909521e+01
8.141000000000000000e+03 3.404730673401956409e+01
8.142000000000000000e+03 3.403964818317629693e+01
8.143000000000000000e+03 3.403222993790932094e+01
8.144000000000000000e+03 3.402512088284228753e+01
8.145000000000000000e+03 3.401839666744093194e+01
8.146000000000000000e+03 3.401213879344447832e+01
8.147000000000000000e+03 3.400643357303486169e+01
8.148000000000000000e+03 3.400137110657124140e+01
8.149000000000000000e+03 3.399704400108081614e+01
8.150000000000000000e+03 3.399354422000259746e+01
8.151000000000000000e+03 3.399095795949216381e+01
8.152000000000000000e+03 3.398935913378564067e+01
8.153000000000000000e+03 3.398880157016373715e+01
8.154000000000000000e+03 3.398931050226836703e+01
8.155000000000000000e+03 3.399087431281940042e+01
8.156000000000000000e+03 3.399015607186141352e+01
8.157000000000000000e+03 3.398962516091783925e+01
8.158000000000000000e+03 3.398979728130407096e+01
8.159000000000000000e+03 3.399057518593137672e+01
8.160000000000000000e+03 3.399186755026663320e+01
8.161000000000000000e+03 3.399360060498483449e+01
8.162000000000000000e+03 3.399572352519857077e+01
8.163000000000000000e+03 3.399820839014635965e+01
8.164000000000000000e+03 3.400104653086662410e+01
8.165000000000000000e+03 3.400281513018622093e+01
8.166000000000000000e+03 3.400471800549861712e+01
8.167000000000000000e+03 3.400699000576779696e+01
8.168000000000000000e+03 3.400872919291825269e+01
8.169000000000000000e+03 3.400999450478509800e+01
8.170000000000000000e+03 3.401165337804771127e+01
8.171000000000000000e+03 3.401370475427114570e+01
8.172000000000000000e+03 3.401330862983257930e+01
8.173000000000000000e+03 3.401322777359537497e+01
8.174000000000000000e+03 3.401355215488009520e+01
8.175000000000000000e+03 3.401428034092978692e+01
8.176000000000000000e+03 3.401541925170844394e+01
8.177000000000000000e+03 3.401698416302965455e+01
8.178000000000000000e+03 3.401899711819989847e+01
8.179000000000000000e+03 3.402148503450558792e+01
8.180000000000000000e+03 3.402435419939262573e+01
8.181000000000000000e+03 3.402687037394609604e+01
8.182000000000000000e+03 3.403001191249529001e+01
8.183000000000000000e+03 3.403381640483475223e+01
8.184000000000000000e+03 3.403831865790230893e+01
8.185000000000000000e+03 3.404355538660502134e+01
8.186000000000000000e+03 3.404957368432816622e+01
8.187000000000000000e+03 3.405643881950026497e+01
8.188000000000000000e+03 3.406423686817867491e+01
8.189000000000000000e+03 3.407306917064123297e+01
8.190000000000000000e+03 3.408041004505021476e+01
8.191000000000000000e+03 3.408716324001590436e+01
8.192000000000000000e+03 3.409544161035121590e+01
8.193000000000000000e+03 3.410529785615176479e+01
8.194000000000000000e+03 3.411674547019055836e+01
8.195000000000000000e+03 3.412975685710497942e+01
8.196000000000000000e+03 3.414426429095359339e+01
8.197000000000000000e+03 3.416016392565473581e+01
8.198000000000000000e+03 3.417732173568461462e+01
8.199000000000000000e+03 3.419558031440454471e+01
8.200000000000000000e+03 3.421476557090473847e+01
8.201000000000000000e+03 3.423438727192392150e+01
8.202000000000000000e+03 3.425263885899603622e+01
8.203000000000000000e+03 3.426994563229668245e+01
8.204000000000000000e+03 3.428740194754952597e+01
8.205000000000000000e+03 3.430455623579040036e+01
8.206000000000000000e+03 3.432014920268515823e+01
8.207000000000000000e+03 3.433469135964199381e+01
8.208000000000000000e+03 3.434830146025346664e+01
8.209000000000000000e+03 3.436156261769667708e+01
8.210000000000000000e+03 3.437440806204975274e+01
8.211000000000000000e+03 3.438636771942100978e+01
8.212000000000000000e+03 3.439744384805916866e+01
8.213000000000000000e+03 3.440701291966037445e+01
8.214000000000000000e+03 3.441504522679544920e+01
8.215000000000000000e+03 3.442264191944266116e+01
8.216000000000000000e+03 3.442980637173054959e+01
8.217000000000000000e+03 3.443654654635667356e+01
8.218000000000000000e+03 3.444287881074999547e+01
8.219000000000000000e+03 3.444882559216023310e+01
8.220000000000000000e+03 3.445440685177392481e+01
8.221000000000000000e+03 3.445962925327921056e+01
8.222000000000000000e+03 3.446447887426818113e+01
8.223000000000000000e+03 3.446880422910190589e+01
8.224000000000000000e+03 3.447106918513365059e+01
8.225000000000000000e+03 3.447109674287364101e+01
8.226000000000000000e+03 3.447027785207278328e+01
8.227000000000000000e+03 3.446856204973416027e+01
8.228000000000000000e+03 3.446592134847285394e+01
8.229000000000000000e+03 3.446192245757259798e+01
8.230000000000000000e+03 3.445659794392548747e+01
8.231000000000000000e+03 3.445026714197504702e+01
8.232000000000000000e+03 3.444332522570843480e+01
8.233000000000000000e+03 3.443581923258033584e+01
8.234000000000000000e+03 3.442762201636448083e+01
8.235000000000000000e+03 3.441903009748267550e+01
8.236000000000000000e+03 3.441021691312280240e+01
8.237000000000000000e+03 3.440137514677665820e+01
8.238000000000000000e+03 3.439271855469215211e+01
8.239000000000000000e+03 3.438448140195668401e+01
8.240000000000000000e+03 3.437690986761990786e+01
8.241000000000000000e+03 3.437024419418105481e+01
8.242000000000000000e+03 3.436470061739686344e+01
8.243000000000000000e+03 3.436046132325542146e+01
8.244000000000000000e+03 3.435767510925565205e+01
8.245000000000000000e+03 3.435646348363317060e+01
8.246000000000000000e+03 3.435692539794493428e+01
8.247000000000000000e+03 3.435909625148484281e+01
8.248000000000000000e+03 3.436102148700629755e+01
8.249000000000000000e+03 3.436271173095298082e+01
8.250000000000000000e+03 3.436625046337026390e+01
8.251000000000000000e+03 3.437150332437892075e+01
8.252000000000000000e+03 3.437830007279995925e+01
8.253000000000000000e+03 3.438645620321041463e+01
8.254000000000000000e+03 3.439578775975628133e+01
8.255000000000000000e+03 3.440612123639857600e+01
8.256000000000000000e+03 3.441730169769713399e+01
8.257000000000000000e+03 3.442919965213653199e+01
8.258000000000000000e+03 3.444027863290246216e+01
8.259000000000000000e+03 3.445062062098082833e+01
8.260000000000000000e+03 3.446143930904851516e+01
8.261000000000000000e+03 3.447231053517464261e+01
8.262000000000000000e+03 3.448289540336168102e+01
8.263000000000000000e+03 3.449391702185155850e+01
8.264000000000000000e+03 3.450538958673966050e+01
8.265000000000000000e+03 3.451731861977494020e+01
8.266000000000000000e+03 3.452969506969338909e+01
8.267000000000000000e+03 3.454249175869346544e+01
8.268000000000000000e+03 3.455566132362280030e+01
8.269000000000000000e+03 3.456913397090434614e+01
8.270000000000000000e+03 3.458180659674363255e+01
8.271000000000000000e+03 3.459397148775234143e+01
8.272000000000000000e+03 3.460555854787300234e+01
8.273000000000000000e+03 3.461719456087880076e+01
8.274000000000000000e+03 3.462893051858627302e+01
8.275000000000000000e+03 3.464077265586104204e+01
8.276000000000000000e+03 3.465275353951091120e+01
8.277000000000000000e+03 3.466492694546985831e+01
8.278000000000000000e+03 3.467736111666840770e+01
8.279000000000000000e+03 3.469013243736918639e+01
8.280000000000000000e+03 3.470271238062068164e+01
8.281000000000000000e+03 3.471423285252441104e+01
8.282000000000000000e+03 3.472627295944965908e+01
8.283000000000000000e+03 3.473885904017743798e+01
8.284000000000000000e+03 3.475197552023693248e+01
8.285000000000000000e+03 3.476484481593044507e+01
8.286000000000000000e+03 3.477450311613080203e+01
8.287000000000000000e+03 3.478422703396016402e+01
8.288000000000000000e+03 3.479411400466085524e+01
8.289000000000000000e+03 3.480404085767438005e+01
8.290000000000000000e+03 3.481389338043229031e+01
8.291000000000000000e+03 3.482356931472205019e+01
8.292000000000000000e+03 3.483297568769037866e+01
8.293000000000000000e+03 3.484202281555081981e+01
8.294000000000000000e+03 3.485061832722342956e+01
8.295000000000000000e+03 3.485844156387206283e+01
8.296000000000000000e+03 3.486534251422271069e+01
8.297000000000000000e+03 3.487149696933153820e+01
8.298000000000000000e+03 3.487683385490907995e+01
8.299000000000000000e+03 3.488131783413432885e+01
8.300000000000000000e+03 3.488495692021325567e+01
8.301000000000000000e+03 3.488780209206632321e+01
8.302000000000000000e+03 3.488994097580895470e+01
8.303000000000000000e+03 3.489149002063923888e+01
8.304000000000000000e+03 3.489258458682100184e+01
8.305000000000000000e+03 3.489330140887211229e+01
8.306000000000000000e+03 3.489249387025080296e+01
8.307000000000000000e+03 3.489181349715252622e+01
8.308000000000000000e+03 3.489141125136137589e+01
8.309000000000000000e+03 3.489004826836863060e+01
8.310000000000000000e+03 3.488845610978607681e+01
8.311000000000000000e+03 3.488741645251955958e+01
8.312000000000000000e+03 3.488705016411250170e+01
8.313000000000000000e+03 3.488745362611890499e+01
8.314000000000000000e+03 3.488869759360385103e+01
8.315000000000000000e+03 3.489082588825586839e+01
8.316000000000000000e+03 3.489269822037694269e+01
8.317000000000000000e+03 3.489423027405656086e+01
8.318000000000000000e+03 3.489634370862557233e+01
8.319000000000000000e+03 3.489904270588560564e+01
8.320000000000000000e+03 3.490231341534745724e+01
8.321000000000000000e+03 3.490613193188133323e+01
8.322000000000000000e+03 3.491047740277015521e+01
8.323000000000000000e+03 3.491534468622407417e+01
8.324000000000000000e+03 3.492075026368075896e+01
8.325000000000000000e+03 3.492672840528857847e+01
8.326000000000000000e+03 3.493331994925459583e+01
8.327000000000000000e+03 3.494056022911901493e+01
8.328000000000000000e+03 3.494786568603373667e+01
8.329000000000000000e+03 3.495527504853591694e+01
8.330000000000000000e+03 3.496082412588444299e+01
8.331000000000000000e+03 3.496527663097182170e+01
8.332000000000000000e+03 3.496862386935423928e+01
8.333000000000000000e+03 3.497243108348565244e+01
8.334000000000000000e+03 3.497760122015468198e+01
8.335000000000000000e+03 3.498424406819820831e+01
8.336000000000000000e+03 3.499243307961890537e+01
8.337000000000000000e+03 3.500220058744792340e+01
8.338000000000000000e+03 3.501295987936684639e+01
8.339000000000000000e+03 3.502282347304694810e+01
8.340000000000000000e+03 3.503372716719331947e+01
8.341000000000000000e+03 3.504614252780756800e+01
8.342000000000000000e+03 3.506004170653459795e+01
8.343000000000000000e+03 3.507422278487305078e+01
8.344000000000000000e+03 3.508962016266267625e+01
8.345000000000000000e+03 3.510619918849297960e+01
8.346000000000000000e+03 3.512324623637250909e+01
8.347000000000000000e+03 3.514014953085549564e+01
8.348000000000000000e+03 3.515745774567803039e+01
8.349000000000000000e+03 3.517583298901880084e+01
8.350000000000000000e+03 3.519374063187505897e+01
8.351000000000000000e+03 3.521236553090829347e+01
8.352000000000000000e+03 3.523176948248764262e+01
8.353000000000000000e+03 3.525177436526269759e+01
8.354000000000000000e+03 3.527139236234420139e+01
8.355000000000000000e+03 3.528808217738689734e+01
8.356000000000000000e+03 3.530243124132347532e+01
8.357000000000000000e+03 3.531669854600912828e+01
8.358000000000000000e+03 3.533082684861982159e+01
8.359000000000000000e+03 3.534478431593559833e+01
8.360000000000000000e+03 3.535856079331681201e+01
8.361000000000000000e+03 3.537216403117991348e+01
8.362000000000000000e+03 3.538561663840309279e+01
8.363000000000000000e+03 3.539722060628678690e+01
8.364000000000000000e+03 3.540855204551638025e+01
8.365000000000000000e+03 3.541980575813186505e+01
8.366000000000000000e+03 3.543097128483728397e+01
8.367000000000000000e+03 3.544201442272276381e+01
8.368000000000000000e+03 3.545289012901514525e+01
8.369000000000000000e+03 3.546262600278215871e+01
8.370000000000000000e+03 3.546949305862493418e+01
8.371000000000000000e+03 3.547475967665322116e+01
8.372000000000000000e+03 3.547867542071083591e+01
8.373000000000000000e+03 3.548241493132975677e+01
8.374000000000000000e+03 3.548596849211961057e+01
8.375000000000000000e+03 3.548932390972120743e+01
8.376000000000000000e+03 3.549203235617971330e+01
8.377000000000000000e+03 3.549374029231116623e+01
8.378000000000000000e+03 3.549280556547371646e+01
8.379000000000000000e+03 3.549181916372639023e+01
8.380000000000000000e+03 3.549079719659332000e+01
8.381000000000000000e+03 3.548975232609865316e+01
8.382000000000000000e+03 3.548847830192917741e+01
8.383000000000000000e+03 3.548633803686274746e+01
8.384000000000000000e+03 3.548426806674082457e+01
8.385000000000000000e+03 3.548072571955299281e+01
8.386000000000000000e+03 3.547280879470616810e+01
8.387000000000000000e+03 3.546459818643967310e+01
8.388000000000000000e+03 3.545624644478267840e+01
8.389000000000000000e+03 3.544784408167739542e+01
8.390000000000000000e+03 3.543953659489154973e+01
8.391000000000000000e+03 3.542975799575177831e+01
8.392000000000000000e+03 3.541798993369834392e+01
8.393000000000000000e+03 3.540633930019761522e+01
8.394000000000000000e+03 3.539456749222344456e+01
8.395000000000000000e+03 3.538374080358684637e+01
8.396000000000000000e+03 3.537442738163797173e+01
8.397000000000000000e+03 3.536490302731973401e+01
8.398000000000000000e+03 3.535725299044178627e+01
8.399000000000000000e+03 3.535162676293349193e+01
8.400000000000000000e+03 3.534810514527227099e+01
8.401000000000000000e+03 3.534594010251614549e+01
8.402000000000000000e+03 3.534501449846359122e+01
8.403000000000000000e+03 3.534342490765374123e+01
8.404000000000000000e+03 3.534271311148824424e+01
8.405000000000000000e+03 3.534301937485926715e+01
8.406000000000000000e+03 3.534496346060693384e+01
8.407000000000000000e+03 3.534833833628147204e+01
8.408000000000000000e+03 3.535209977038532259e+01
8.409000000000000000e+03 3.535478603409080733e+01
8.410000000000000000e+03 3.535833678817470371e+01
8.411000000000000000e+03 3.536100371012590671e+01
8.412000000000000000e+03 3.536288374540725243e+01
8.413000000000000000e+03 3.536509766448807568e+01
8.414000000000000000e+03 3.536745968183544164e+01
8.415000000000000000e+03 3.536980746592007563e+01
8.416000000000000000e+03 3.537180822526541135e+01
8.417000000000000000e+03 3.537193329362320071e+01
8.418000000000000000e+03 3.537177284730378091e+01
8.419000000000000000e+03 3.537133197685626840e+01
8.420000000000000000e+03 3.537063163104726016e+01
8.421000000000000000e+03 3.536969939723501000e+01
8.422000000000000000e+03 3.536856407820262405e+01
8.423000000000000000e+03 3.536724979185351003e+01
8.424000000000000000e+03 3.536576829595624361e+01
8.425000000000000000e+03 3.536411114793012445e+01
8.426000000000000000e+03 3.536224389259055556e+01
8.427000000000000000e+03 3.536010403056707219e+01
8.428000000000000000e+03 3.535760431622805555e+01
8.429000000000000000e+03 3.535464130034429786e+01
8.430000000000000000e+03 3.535110781776056399e+01
8.431000000000000000e+03 3.534650213520968265e+01
8.432000000000000000e+03 3.534029411133451504e+01
8.433000000000000000e+03 3.533338225681808353e+01
8.434000000000000000e+03 3.532474500460051559e+01
8.435000000000000000e+03 3.531541440987075475e+01
8.436000000000000000e+03 3.530603215520395111e+01
8.437000000000000000e+03 3.529686098859463073e+01
8.438000000000000000e+03 3.528816968597553227e+01
8.439000000000000000e+03 3.528021181750775526e+01
8.440000000000000000e+03 3.527321026112186075e+01
8.441000000000000000e+03 3.526734754279029715e+01
8.442000000000000000e+03 3.526276118547513505e+01
8.443000000000000000e+03 3.525954302491349779e+01
8.444000000000000000e+03 3.525598189466094823e+01
8.445000000000000000e+03 3.525241887723702661e+01
8.446000000000000000e+03 3.524926739127329256e+01
8.447000000000000000e+03 3.524720983748328251e+01
8.448000000000000000e+03 3.524649342801195218e+01
8.449000000000000000e+03 3.524558897497909982e+01
8.450000000000000000e+03 3.524517055496034601e+01
8.451000000000000000e+03 3.524617884300848658e+01
8.452000000000000000e+03 3.524869695461784858e+01
8.453000000000000000e+03 3.525280939598727059e+01
8.454000000000000000e+03 3.525781227572816334e+01
8.455000000000000000e+03 3.526288696843734982e+01
8.456000000000000000e+03 3.526971108575867930e+01
8.457000000000000000e+03 3.527821766907852918e+01
8.458000000000000000e+03 3.528717044690090177e+01
8.459000000000000000e+03 3.529683013596763885e+01
8.460000000000000000e+03 3.530739646509080387e+01
8.461000000000000000e+03 3.531857444277262914e+01
8.462000000000000000e+03 3.532935508217165932e+01
8.463000000000000000e+03 3.533861881394616944e+01
8.464000000000000000e+03 3.534767657648681194e+01
8.465000000000000000e+03 3.535649024384890282e+01
8.466000000000000000e+03 3.536504012467555214e+01
8.467000000000000000e+03 3.537340517408244267e+01
8.468000000000000000e+03 3.538174221091416172e+01
8.469000000000000000e+03 3.539025341439753447e+01
8.470000000000000000e+03 3.539915031569300652e+01
8.471000000000000000e+03 3.540802350926603026e+01
8.472000000000000000e+03 3.541585957364988246e+01
8.473000000000000000e+03 3.542413280538777087e+01
8.474000000000000000e+03 3.543305309909236200e+01
8.475000000000000000e+03 3.544297262101903812e+01
8.476000000000000000e+03 3.545361947750571829e+01
8.477000000000000000e+03 3.546326932684560518e+01
8.478000000000000000e+03 3.547348497078750285e+01
8.479000000000000000e+03 3.548212100239288702e+01
8.480000000000000000e+03 3.548884532339419451e+01
8.481000000000000000e+03 3.549520555499668717e+01
8.482000000000000000e+03 3.550122061542361962e+01
8.483000000000000000e+03 3.550694512827695348e+01
8.484000000000000000e+03 3.551245576941002469e+01
8.485000000000000000e+03 3.551783295956553843e+01
8.486000000000000000e+03 3.552314112705228411e+01
8.487000000000000000e+03 3.552841395178283790e+01
8.488000000000000000e+03 3.553114857962377471e+01
8.489000000000000000e+03 3.553245544718711102e+01
8.490000000000000000e+03 3.553374670921402867e+01
8.491000000000000000e+03 3.553513295440068021e+01
8.492000000000000000e+03 3.553430877855860359e+01
8.493000000000000000e+03 3.553365215750516626e+01
8.494000000000000000e+03 3.553340223713627211e+01
8.495000000000000000e+03 3.553366244515279959e+01
8.496000000000000000e+03 3.553455663691809718e+01
8.497000000000000000e+03 3.553502894538266332e+01
8.498000000000000000e+03 3.553645585666089346e+01
8.499000000000000000e+03 3.553900881359908226e+01
8.500000000000000000e+03 3.554276827319654330e+01
8.501000000000000000e+03 3.554776445127072293e+01
8.502000000000000000e+03 3.555398165370140617e+01
8.503000000000000000e+03 3.556058166987898517e+01
8.504000000000000000e+03 3.556723644154965314e+01
8.505000000000000000e+03 3.557486580403843135e+01
8.506000000000000000e+03 3.558340412442609590e+01
8.507000000000000000e+03 3.559277814705222909e+01
8.508000000000000000e+03 3.560290438594221030e+01
8.509000000000000000e+03 3.561368631494129744e+01
8.510000000000000000e+03 3.562501422396124440e+01
8.511000000000000000e+03 3.563550742327335286e+01
8.512000000000000000e+03 3.564577906853592992e+01
8.513000000000000000e+03 3.565625506924946109e+01
8.514000000000000000e+03 3.566688202105421368e+01
8.515000000000000000e+03 3.567761140017486099e+01
8.516000000000000000e+03 3.568839720305632568e+01
8.517000000000000000e+03 3.569919721205850749e+01
8.518000000000000000e+03 3.570997840932783163e+01
8.519000000000000000e+03 3.571906788426106516e+01
8.520000000000000000e+03 3.572774853055415889e+01
8.521000000000000000e+03 3.573645599949917084e+01
8.522000000000000000e+03 3.574525343532224753e+01
8.523000000000000000e+03 3.575406921172260155e+01
8.524000000000000000e+03 3.576088597128023139e+01
8.525000000000000000e+03 3.576807679554241304e+01
8.526000000000000000e+03 3.577454243081444218e+01
8.527000000000000000e+03 3.578072021880259257e+01
8.528000000000000000e+03 3.578752183450050239e+01
8.529000000000000000e+03 3.579402488232909718e+01
8.530000000000000000e+03 3.580135718440389780e+01
8.531000000000000000e+03 3.580897685669572184e+01
8.532000000000000000e+03 3.581659918790492014e+01
8.533000000000000000e+03 3.582481669053451867e+01
8.534000000000000000e+03 3.583343809213664599e+01
8.535000000000000000e+03 3.584224105640819147e+01
8.536000000000000000e+03 3.585098625951573581e+01
8.537000000000000000e+03 3.585879483675862645e+01
8.538000000000000000e+03 3.586521307904352796e+01
8.539000000000000000e+03 3.587081796383543519e+01
8.540000000000000000e+03 3.587545952988796927e+01
8.541000000000000000e+03 3.587903040510134645e+01
8.542000000000000000e+03 3.588146569974057343e+01
8.543000000000000000e+03 3.588273948730641649e+01
8.544000000000000000e+03 3.588285976859303616e+01
8.545000000000000000e+03 3.588186403418308856e+01
8.546000000000000000e+03 3.587981811839068769e+01
8.547000000000000000e+03 3.587681574211258351e+01
8.548000000000000000e+03 3.587297468949297752e+01
8.549000000000000000e+03 3.586842682765361445e+01
8.550000000000000000e+03 3.586330452877800923e+01
8.551000000000000000e+03 3.585772891582919897e+01
8.552000000000000000e+03 3.585180489508988444e+01
8.553000000000000000e+03 3.584501208396934402e+01
8.554000000000000000e+03 3.583697165087997405e+01
8.555000000000000000e+03 3.582635919952964798e+01
8.556000000000000000e+03 3.581489762215386463e+01
8.557000000000000000e+03 3.580340691750055271e+01
8.558000000000000000e+03 3.579206695456731779e+01
8.559000000000000000e+03 3.578107731708902861e+01
8.560000000000000000e+03 3.577065367516135552e+01
8.561000000000000000e+03 3.576102324225841755e+01
8.562000000000000000e+03 3.575241858705847875e+01
8.563000000000000000e+03 3.574421385492168213e+01
8.564000000000000000e+03 3.573659562436384363e+01
8.565000000000000000e+03 3.573048223387357325e+01
8.566000000000000000e+03 3.572609117205615092e+01
8.567000000000000000e+03 3.572348214086002827e+01
8.568000000000000000e+03 3.572265464689921544e+01
8.569000000000000000e+03 3.572356371153560417e+01
8.570000000000000000e+03 3.572613902978892497e+01
8.571000000000000000e+03 3.572825542550472733e+01
8.572000000000000000e+03 3.573027926794149067e+01
8.573000000000000000e+03 3.573321876796255481e+01
8.574000000000000000e+03 3.573760399518813102e+01
8.575000000000000000e+03 3.574331419915272079e+01
8.576000000000000000e+03 3.575020462358865814e+01
8.577000000000000000e+03 3.575804102585617272e+01
8.578000000000000000e+03 3.576460178923459665e+01
8.579000000000000000e+03 3.577097575136605911e+01
8.580000000000000000e+03 3.577790337707799040e+01
8.581000000000000000e+03 3.578526238267602366e+01
8.582000000000000000e+03 3.579294005708239013e+01
8.583000000000000000e+03 3.580083343753230452e+01
8.584000000000000000e+03 3.580884894194808510e+01
8.585000000000000000e+03 3.581690345067833903e+01
8.586000000000000000e+03 3.582492855443052804e+01
8.587000000000000000e+03 3.583287681824239712e+01
8.588000000000000000e+03 3.584072770045993650e+01
8.589000000000000000e+03 3.584848789812478032e+01
8.590000000000000000e+03 3.585618611266512801e+01
8.591000000000000000e+03 3.586290203440785263e+01
8.592000000000000000e+03 3.586848021617836224e+01
8.593000000000000000e+03 3.587409051198716270e+01
8.594000000000000000e+03 3.587976091116297539e+01
8.595000000000000000e+03 3.588550012449609028e+01
8.596000000000000000e+03 3.589120729645991048e+01
8.597000000000000000e+03 3.589680201156107131e+01
8.598000000000000000e+03 3.590258149487063122e+01
8.599000000000000000e+03 3.590853625370235847e+01
8.600000000000000000e+03 3.591467459546130669e+01
8.601000000000000000e+03 3.592102486413510576e+01
8.602000000000000000e+03 3.592763368429817206e+01
8.603000000000000000e+03 3.593436889541533219e+01
8.604000000000000000e+03 3.594135277414250140e+01
8.605000000000000000e+03 3.594874639975298436e+01
8.606000000000000000e+03 3.595661768105810552e+01
8.607000000000000000e+03 3.596438560175963062e+01
8.608000000000000000e+03 3.597016904640214818e+01
8.609000000000000000e+03 3.597622666781737166e+01
8.610000000000000000e+03 3.598242676616406044e+01
8.611000000000000000e+03 3.598831011323731843e+01
8.612000000000000000e+03 3.599080417558938905e+01
8.613000000000000000e+03 3.599230919430760878e+01
8.614000000000000000e+03 3.599354279099481602e+01
8.615000000000000000e+03 3.599435289771859914e+01
8.616000000000000000e+03 3.599460723127440076e+01
8.617000000000000000e+03 3.599421169626805295e+01
8.618000000000000000e+03 3.599312350814665962e+01
8.619000000000000000e+03 3.599135611681602143e+01
8.620000000000000000e+03 3.598897539096559228e+01
8.621000000000000000e+03 3.598608692723789204e+01
8.622000000000000000e+03 3.598186503095568156e+01
8.623000000000000000e+03 3.597703097842919817e+01
8.624000000000000000e+03 3.597211648500154979e+01
8.625000000000000000e+03 3.596721140665756877e+01
8.626000000000000000e+03 3.596228388730221326e+01
8.627000000000000000e+03 3.595567931539733308e+01
8.628000000000000000e+03 3.594878868661431426e+01
8.629000000000000000e+03 3.594211178822341424e+01
8.630000000000000000e+03 3.593565717213392219e+01
8.631000000000000000e+03 3.592942540113280359e+01
8.632000000000000000e+03 3.592341259243171692e+01
8.633000000000000000e+03 3.591761355607832229e+01
8.634000000000000000e+03 3.591183491577769615e+01
8.635000000000000000e+03 3.590253924116946393e+01
8.636000000000000000e+03 3.589070365610517399e+01
8.637000000000000000e+03 3.587820563514106453e+01
8.638000000000000000e+03 3.586537369840249312e+01
8.639000000000000000e+03 3.585354577917440366e+01
8.640000000000000000e+03 3.584295570209516768e+01
8.641000000000000000e+03 3.583382009832634196e+01
8.642000000000000000e+03 3.582632792061770743e+01
8.643000000000000000e+03 3.582064095369592138e+01
8.644000000000000000e+03 3.581536437376389159e+01
8.645000000000000000e+03 3.581193573012735953e+01
8.646000000000000000e+03 3.581058374505474262e+01
8.647000000000000000e+03 3.581138634415979993e+01
8.648000000000000000e+03 3.581436932410383633e+01
8.649000000000000000e+03 3.581948232601308746e+01
8.650000000000000000e+03 3.582660005886092591e+01
8.651000000000000000e+03 3.583466436386215292e+01
8.652000000000000000e+03 3.584407447287250648e+01
8.653000000000000000e+03 3.585371234152907505e+01
8.654000000000000000e+03 3.586472708249899455e+01
8.655000000000000000e+03 3.587722348641877801e+01
8.656000000000000000e+03 3.588820566720050920e+01
8.657000000000000000e+03 3.590066984219233603e+01
8.658000000000000000e+03 3.591456882044516163e+01
8.659000000000000000e+03 3.592936677236806986e+01
8.660000000000000000e+03 3.594488833145449291e+01
8.661000000000000000e+03 3.596148581806312450e+01
8.662000000000000000e+03 3.597894784180998329e+01
8.663000000000000000e+03 3.599703392183239004e+01
8.664000000000000000e+03 3.601548705058065991e+01
8.665000000000000000e+03 3.603404953796735555e+01
8.666000000000000000e+03 3.605247908495981335e+01
8.667000000000000000e+03 3.607056233041606674e+01
8.668000000000000000e+03 3.608704244482559886e+01
8.669000000000000000e+03 3.610292788175836165e+01
8.670000000000000000e+03 3.611816112803023771e+01
8.671000000000000000e+03 3.613195668540957683e+01
8.672000000000000000e+03 3.614475500901114913e+01
8.673000000000000000e+03 3.615689768290192774e+01
8.674000000000000000e+03 3.616824999792889628e+01
8.675000000000000000e+03 3.617711650609916774e+01
8.676000000000000000e+03 3.618531747065128457e+01
8.677000000000000000e+03 3.619208584205623680e+01
8.678000000000000000e+03 3.619668039665499037e+01
8.679000000000000000e+03 3.619990815786995597e+01
8.680000000000000000e+03 3.620241614138159747e+01
8.681000000000000000e+03 3.620338071437051042e+01
8.682000000000000000e+03 3.620410942309779756e+01
8.683000000000000000e+03 3.620472597116807378e+01
8.684000000000000000e+03 3.620505837434690477e+01
8.685000000000000000e+03 3.620431902018850678e+01
8.686000000000000000e+03 3.620254679417419652e+01
8.687000000000000000e+03 3.619952481779581888e+01
8.688000000000000000e+03 3.619688883158968906e+01
8.689000000000000000e+03 3.619477451585182592e+01
8.690000000000000000e+03 3.619330745308004538e+01
8.691000000000000000e+03 3.619259144618265367e+01
8.692000000000000000e+03 3.619269707573536721e+01
8.693000000000000000e+03 3.619352009691115057e+01
8.694000000000000000e+03 3.619457675264339969e+01
8.695000000000000000e+03 3.619467478755132106e+01
8.696000000000000000e+03 3.619317749353120206e+01
8.697000000000000000e+03 3.618992960904459011e+01
8.698000000000000000e+03 3.618746064293929976e+01
8.699000000000000000e+03 3.618577116820448936e+01
8.700000000000000000e+03 3.618484000548708934e+01
8.701000000000000000e+03 3.618391179172500927e+01
8.702000000000000000e+03 3.618263810696090133e+01
8.703000000000000000e+03 3.618041896345735609e+01
8.704000000000000000e+03 3.617867954453704016e+01
8.705000000000000000e+03 3.617737118305254285e+01
8.706000000000000000e+03 3.617492337792425872e+01
8.707000000000000000e+03 3.617111553955340497e+01
8.708000000000000000e+03 3.616634547338066596e+01
8.709000000000000000e+03 3.616202464289358431e+01
8.710000000000000000e+03 3.615823796496270859e+01
8.711000000000000000e+03 3.615409466827401275e+01
8.712000000000000000e+03 3.614864104126048971e+01
8.713000000000000000e+03 3.614406624350108643e+01
8.714000000000000000e+03 3.613947932679833741e+01
8.715000000000000000e+03 3.613536055480815889e+01
8.716000000000000000e+03 3.613227001131586036e+01
8.717000000000000000e+03 3.613021119003791881e+01
8.718000000000000000e+03 3.612916517316268994e+01
8.719000000000000000e+03 3.612909121452607764e+01
8.720000000000000000e+03 3.612992642468203996e+01
8.721000000000000000e+03 3.613158653717573543e+01
8.722000000000000000e+03 3.613396781059708474e+01
8.723000000000000000e+03 3.613695070428935452e+01
8.724000000000000000e+03 3.614040509614115138e+01
8.725000000000000000e+03 3.614419636590857010e+01
8.726000000000000000e+03 3.614687710791000086e+01
8.727000000000000000e+03 3.614885970196215226e+01
8.728000000000000000e+03 3.615095546929438797e+01
8.729000000000000000e+03 3.615314213932457932e+01
8.730000000000000000e+03 3.615541511951849429e+01
8.731000000000000000e+03 3.615777523086075007e+01
8.732000000000000000e+03 3.616021231003985292e+01
8.733000000000000000e+03 3.616269174614156157e+01
8.734000000000000000e+03 3.616514903457047581e+01
8.735000000000000000e+03 3.616743027267710886e+01
8.736000000000000000e+03 3.616943707490510462e+01
8.737000000000000000e+03 3.617113370278269713e+01
8.738000000000000000e+03 3.617177698098746674e+01
8.739000000000000000e+03 3.617052257985014307e+01
8.740000000000000000e+03 3.616864176480259374e+01
8.741000000000000000e+03 3.616452217979718853e+01
8.742000000000000000e+03 3.616003015649835106e+01
8.743000000000000000e+03 3.615426203529703741e+01
8.744000000000000000e+03 3.614588859749159155e+01
8.745000000000000000e+03 3.613670563183296736e+01
8.746000000000000000e+03 3.612819206374796011e+01
8.747000000000000000e+03 3.612055987804355084e+01
8.748000000000000000e+03 3.611398950208258185e+01
8.749000000000000000e+03 3.610849547904751944e+01
8.750000000000000000e+03 3.610414896042329502e+01
8.751000000000000000e+03 3.610111115929596792e+01
8.752000000000000000e+03 3.609935857438570395e+01
8.753000000000000000e+03 3.609822784893573555e+01
8.754000000000000000e+03 3.609661311374851778e+01
8.755000000000000000e+03 3.609575444197945160e+01
8.756000000000000000e+03 3.609427988595323455e+01
8.757000000000000000e+03 3.609384293821951672e+01
8.758000000000000000e+03 3.609421875615910835e+01
8.759000000000000000e+03 3.609513058461705981e+01
8.760000000000000000e+03 3.609626346944766340e+01
8.761000000000000000e+03 3.609729129258381874e+01
8.762000000000000000e+03 3.609790883638000025e+01
8.763000000000000000e+03 3.609785782513841212e+01
8.764000000000000000e+03 3.609694164307492059e+01
8.765000000000000000e+03 3.609503032446750126e+01
8.766000000000000000e+03 3.609205872268816506e+01
8.767000000000000000e+03 3.608801967060664850e+01
8.768000000000000000e+03 3.608295482695670842e+01
8.769000000000000000e+03 3.607694598837980493e+01
8.770000000000000000e+03 3.607010816107130324e+01
8.771000000000000000e+03 3.606186782510032174e+01
8.772000000000000000e+03 3.605268074385607235e+01
8.773000000000000000e+03 3.604320177445508477e+01
8.774000000000000000e+03 3.603363974333053932e+01
8.775000000000000000e+03 3.602336398497187986e+01
8.776000000000000000e+03 3.601300448706298596e+01
8.777000000000000000e+03 3.600314311792305944e+01
8.778000000000000000e+03 3.599396983667104877e+01
8.779000000000000000e+03 3.598565379446722545e+01
8.780000000000000000e+03 3.597833856737486258e+01
8.781000000000000000e+03 3.597213754248215878e+01
8.782000000000000000e+03 3.596626274288935576e+01
8.783000000000000000e+03 3.595932609036670158e+01
8.784000000000000000e+03 3.595135140705944821e+01
8.785000000000000000e+03 3.594404365183625316e+01
8.786000000000000000e+03 3.593699468730283542e+01
8.787000000000000000e+03 3.593022851662461647e+01
8.788000000000000000e+03 3.592343452558029071e+01
8.789000000000000000e+03 3.591584624218609889e+01
8.790000000000000000e+03 3.590855772373426191e+01
8.791000000000000000e+03 3.590062827107612975e+01
8.792000000000000000e+03 3.589071482822650694e+01
8.793000000000000000e+03 3.587913015667723471e+01
8.794000000000000000e+03 3.586723110683058735e+01
8.795000000000000000e+03 3.585537097293304498e+01
8.796000000000000000e+03 3.584369405843625600e+01
8.797000000000000000e+03 3.583236374909822786e+01
8.798000000000000000e+03 3.582154513270494078e+01
8.799000000000000000e+03 3.581139266279127042e+01
8.800000000000000000e+03 3.580204158610069243e+01
8.801000000000000000e+03 3.579359924801599391e+01
8.802000000000000000e+03 3.578613629818504904e+01
8.803000000000000000e+03 3.577967983832735399e+01
8.804000000000000000e+03 3.577421083593175410e+01
8.805000000000000000e+03 3.576966611175178201e+01
8.806000000000000000e+03 3.576594376138187670e+01
8.807000000000000000e+03 3.576290960730665347e+01
8.808000000000000000e+03 3.576040493013442756e+01
8.809000000000000000e+03 3.575825571550641513e+01
8.810000000000000000e+03 3.575628503154252513e+01
8.811000000000000000e+03 3.575432970728141413e+01
8.812000000000000000e+03 3.575132967858300503e+01
8.813000000000000000e+03 3.574713730955986080e+01
8.814000000000000000e+03 3.574271709171431155e+01
8.815000000000000000e+03 3.573811290783166328e+01
8.816000000000000000e+03 3.573341525792090323e+01
8.817000000000000000e+03 3.572874447127560416e+01
8.818000000000000000e+03 3.572423462360235646e+01
8.819000000000000000e+03 3.572002400997416771e+01
8.820000000000000000e+03 3.571625378517461513e+01
8.821000000000000000e+03 3.571307213349597021e+01
8.822000000000000000e+03 3.571063822977465918e+01
8.823000000000000000e+03 3.570912222715486450e+01
8.824000000000000000e+03 3.570869866277619309e+01
8.825000000000000000e+03 3.570953388671234308e+01
8.826000000000000000e+03 3.571177033845118132e+01
8.827000000000000000e+03 3.571483045201617301e+01
8.828000000000000000e+03 3.571756473237227425e+01
8.829000000000000000e+03 3.572034647559517850e+01
8.830000000000000000e+03 3.572473516277933925e+01
8.831000000000000000e+03 3.572991190479196177e+01
8.832000000000000000e+03 3.573633115450032705e+01
8.833000000000000000e+03 3.574414343467208255e+01
8.834000000000000000e+03 3.575323175869122849e+01
8.835000000000000000e+03 3.576056314376455703e+01
8.836000000000000000e+03 3.576880033743721299e+01
8.837000000000000000e+03 3.577783818792923398e+01
8.838000000000000000e+03 3.578747439889340853e+01
8.839000000000000000e+03 3.579750968828372493e+01
8.840000000000000000e+03 3.580776157063067444e+01
8.841000000000000000e+03 3.581807562958900348e+01
8.842000000000000000e+03 3.582833398414769732e+01
8.843000000000000000e+03 3.583846205156724807e+01
8.844000000000000000e+03 3.584826546412200798e+01
8.845000000000000000e+03 3.585699755829929813e+01
8.846000000000000000e+03 3.586555122759574488e+01
8.847000000000000000e+03 3.587260902557041220e+01
8.848000000000000000e+03 3.587970163769557530e+01
8.849000000000000000e+03 3.588693531185451491e+01
8.850000000000000000e+03 3.589440547364939960e+01
8.851000000000000000e+03 3.590218709111653084e+01
8.852000000000000000e+03 3.591032899482810592e+01
8.853000000000000000e+03 3.591885396559871424e+01
8.854000000000000000e+03 3.592776387494745904e+01
8.855000000000000000e+03 3.593602630679965415e+01
8.856000000000000000e+03 3.594404892818187136e+01
8.857000000000000000e+03 3.595245667859099115e+01
8.858000000000000000e+03 3.596126880305436657e+01
8.859000000000000000e+03 3.596989165773198494e+01
8.860000000000000000e+03 3.597841005989580765e+01
8.861000000000000000e+03 3.598734738695495139e+01
8.862000000000000000e+03 3.599535633164857984e+01
8.863000000000000000e+03 3.600348358026712958e+01
8.864000000000000000e+03 3.601203699113995071e+01
8.865000000000000000e+03 3.602096642198085874e+01
8.866000000000000000e+03 3.603019403937832266e+01
8.867000000000000000e+03 3.603961419599358607e+01
8.868000000000000000e+03 3.604909993261024681e+01
8.869000000000000000e+03 3.605851379073761365e+01
8.870000000000000000e+03 3.606771797232350707e+01
8.871000000000000000e+03 3.607657956599383908e+01
8.872000000000000000e+03 3.608381471617286707e+01
8.873000000000000000e+03 3.608990091616597340e+01
8.874000000000000000e+03 3.609537655070674589e+01
8.875000000000000000e+03 3.610009284946966091e+01
8.876000000000000000e+03 3.610389578748615236e+01
8.877000000000000000e+03 3.610663912233451356e+01
8.878000000000000000e+03 3.610820438575442637e+01
8.879000000000000000e+03 3.610824713317799706e+01
8.880000000000000000e+03 3.610701800347293755e+01
8.881000000000000000e+03 3.610462461762463704e+01
8.882000000000000000e+03 3.610120346438097982e+01
8.883000000000000000e+03 3.609694350820428355e+01
8.884000000000000000e+03 3.609206798384128945e+01
8.885000000000000000e+03 3.608681573305054968e+01
8.886000000000000000e+03 3.608142476683093491e+01
8.887000000000000000e+03 3.607454534825445336e+01
8.888000000000000000e+03 3.606642482999635035e+01
8.889000000000000000e+03 3.605872207232914661e+01
8.890000000000000000e+03 3.605157841737849367e+01
8.891000000000000000e+03 3.604511882766188791e+01
8.892000000000000000e+03 3.603946215039588452e+01
8.893000000000000000e+03 3.603472717890646493e+01
8.894000000000000000e+03 3.603103142737850817e+01
8.895000000000000000e+03 3.602848327644019832e+01
8.896000000000000000e+03 3.602662400425893452e+01
8.897000000000000000e+03 3.602504641108853178e+01
8.898000000000000000e+03 3.602319531808279152e+01
8.899000000000000000e+03 3.602253802169720132e+01
8.900000000000000000e+03 3.602307654896149813e+01
8.901000000000000000e+03 3.602479088715472244e+01
8.902000000000000000e+03 3.602713993633439316e+01
8.903000000000000000e+03 3.602942818904252675e+01
8.904000000000000000e+03 3.603274954545889841e+01
8.905000000000000000e+03 3.603700348287524946e+01
8.906000000000000000e+03 3.604205815045176564e+01
8.907000000000000000e+03 3.604775051880224623e+01
8.908000000000000000e+03 3.605389273586069265e+01
8.909000000000000000e+03 3.605970394741796525e+01
8.910000000000000000e+03 3.606312461678346892e+01
8.911000000000000000e+03 3.606632268998762214e+01
8.912000000000000000e+03 3.606945925627383787e+01
8.913000000000000000e+03 3.607219115827709288e+01
8.914000000000000000e+03 3.607389127105949456e+01
8.915000000000000000e+03 3.607538619411408121e+01
8.916000000000000000e+03 3.607626067907898459e+01
8.917000000000000000e+03 3.607474583769842269e+01
8.918000000000000000e+03 3.607228612643470456e+01
8.919000000000000000e+03 3.607008745068050359e+01
8.920000000000000000e+03 3.606739163408556692e+01
8.921000000000000000e+03 3.606515316906813240e+01
8.922000000000000000e+03 3.606363768734836128e+01
8.923000000000000000e+03 3.606294847131903936e+01
8.924000000000000000e+03 3.606086422004506176e+01
8.925000000000000000e+03 3.605913626909168812e+01
8.926000000000000000e+03 3.605846792197826289e+01
8.927000000000000000e+03 3.605887345746669581e+01
8.928000000000000000e+03 3.606034050130134005e+01
8.929000000000000000e+03 3.606157244606325207e+01
8.930000000000000000e+03 3.606391497705814686e+01
8.931000000000000000e+03 3.606732181600964537e+01
8.932000000000000000e+03 3.607101992901449705e+01
8.933000000000000000e+03 3.607537740052265463e+01
8.934000000000000000e+03 3.608078803931253731e+01
8.935000000000000000e+03 3.608725486384234671e+01
8.936000000000000000e+03 3.609378437756777913e+01
8.937000000000000000e+03 3.610112577096508346e+01
8.938000000000000000e+03 3.610870475684400560e+01
8.939000000000000000e+03 3.611723229140089586e+01
8.940000000000000000e+03 3.612663849510857972e+01
8.941000000000000000e+03 3.613678011405791324e+01
8.942000000000000000e+03 3.614749266958859408e+01
8.943000000000000000e+03 3.615860053450606415e+01
8.944000000000000000e+03 3.616837528017940429e+01
8.945000000000000000e+03 3.617729002097982516e+01
8.946000000000000000e+03 3.618604343224921394e+01
8.947000000000000000e+03 3.619454220713348036e+01
8.948000000000000000e+03 3.620273808066075105e+01
8.949000000000000000e+03 3.620928164996145426e+01
8.950000000000000000e+03 3.621526619843144346e+01
8.951000000000000000e+03 3.622110672248093977e+01
8.952000000000000000e+03 3.622695377103272563e+01
8.953000000000000000e+03 3.623296112780951717e+01
8.954000000000000000e+03 3.623893385640832321e+01
8.955000000000000000e+03 3.624402551228570246e+01
8.956000000000000000e+03 3.624941145129572817e+01
8.957000000000000000e+03 3.625511388382341238e+01
8.958000000000000000e+03 3.626114541345316411e+01
8.959000000000000000e+03 3.626752466738599168e+01
8.960000000000000000e+03 3.627427943689195899e+01
8.961000000000000000e+03 3.628143942569358416e+01
8.962000000000000000e+03 3.628895135104508540e+01
8.963000000000000000e+03 3.629640952242594665e+01
8.964000000000000000e+03 3.630452836506869119e+01
8.965000000000000000e+03 3.631332444899747713e+01
8.966000000000000000e+03 3.632145015646446495e+01
8.967000000000000000e+03 3.632966108270229455e+01
8.968000000000000000e+03 3.633846699223094134e+01
8.969000000000000000e+03 3.634785238583363309e+01
8.970000000000000000e+03 3.635724984426477846e+01
8.971000000000000000e+03 3.636692549970432253e+01
8.972000000000000000e+03 3.637691489301134595e+01
8.973000000000000000e+03 3.638709744423492509e+01
8.974000000000000000e+03 3.639460647416344585e+01
8.975000000000000000e+03 3.640219177535612971e+01
8.976000000000000000e+03 3.640981259678681425e+01
8.977000000000000000e+03 3.641745819158016673e+01
8.978000000000000000e+03 3.642411460487364394e+01
8.979000000000000000e+03 3.643081828202659267e+01
8.980000000000000000e+03 3.643731169080787424e+01
8.981000000000000000e+03 3.644286822810049387e+01
8.982000000000000000e+03 3.644842887539780918e+01
8.983000000000000000e+03 3.645301536451194835e+01
8.984000000000000000e+03 3.645692469674212077e+01
8.985000000000000000e+03 3.646066119028894548e+01
8.986000000000000000e+03 3.646340920795482532e+01
8.987000000000000000e+03 3.646506367222898604e+01
8.988000000000000000e+03 3.646449624824713709e+01
8.989000000000000000e+03 3.646280533158883941e+01
8.990000000000000000e+03 3.646100430382963253e+01
8.991000000000000000e+03 3.645926396729171159e+01
8.992000000000000000e+03 3.645779206136300843e+01
8.993000000000000000e+03 3.645682173874602938e+01
8.994000000000000000e+03 3.645659192974530072e+01
8.995000000000000000e+03 3.645731795533517072e+01
8.996000000000000000e+03 3.645915607772703027e+01
8.997000000000000000e+03 3.646217471688436973e+01
8.998000000000000000e+03 3.646585740759477545e+01
8.999000000000000000e+03 3.647008592879040378e+01
9.000000000000000000e+03 3.647516220380674667e+01
9.001000000000000000e+03 3.647976052278940529e+01
9.002000000000000000e+03 3.648490913102061484e+01
9.003000000000000000e+03 3.649037887457858886e+01
9.004000000000000000e+03 3.649592917193984221e+01
9.005000000000000000e+03 3.650132649269733065e+01
9.006000000000000000e+03 3.650636860435740516e+01
9.007000000000000000e+03 3.651079099111709780e+01
9.008000000000000000e+03 3.651433269521311331e+01
9.009000000000000000e+03 3.651737095653612641e+01
9.010000000000000000e+03 3.651997708855669345e+01
9.011000000000000000e+03 3.652142474006269879e+01
9.012000000000000000e+03 3.652219256756569621e+01
9.013000000000000000e+03 3.652284490668582606e+01
9.014000000000000000e+03 3.652335766841970610e+01
9.015000000000000000e+03 3.652403124682837188e+01
9.016000000000000000e+03 3.652502480109068017e+01
9.017000000000000000e+03 3.652641193811177800e+01
9.018000000000000000e+03 3.652823055330948421e+01
9.019000000000000000e+03 3.653048826636121760e+01
9.020000000000000000e+03 3.653316748180555606e+01
9.021000000000000000e+03 3.653599314080464211e+01
9.022000000000000000e+03 3.653749696966459481e+01
9.023000000000000000e+03 3.653930285163824010e+01
9.024000000000000000e+03 3.654089036394929479e+01
9.025000000000000000e+03 3.654249170994802398e+01
9.026000000000000000e+03 3.654398234102337994e+01
9.027000000000000000e+03 3.654522225959319570e+01
9.028000000000000000e+03 3.654606611673732885e+01
9.029000000000000000e+03 3.654638210258030995e+01
9.030000000000000000e+03 3.654607367374585181e+01
9.031000000000000000e+03 3.654509709834292153e+01
9.032000000000000000e+03 3.654330403783031045e+01
9.033000000000000000e+03 3.654085439565391624e+01
9.034000000000000000e+03 3.653791796852777196e+01
9.035000000000000000e+03 3.653384028817191620e+01
9.036000000000000000e+03 3.652930869328778130e+01
9.037000000000000000e+03 3.652462867473501262e+01
9.038000000000000000e+03 3.651950387407070764e+01
9.039000000000000000e+03 3.651399393637550617e+01
9.040000000000000000e+03 3.650846553816978002e+01
9.041000000000000000e+03 3.650291689750380186e+01
9.042000000000000000e+03 3.649728984707890334e+01
9.043000000000000000e+03 3.649148515615368638e+01
9.044000000000000000e+03 3.648539657380241152e+01
9.045000000000000000e+03 3.647895013150314014e+01
9.046000000000000000e+03 3.647213513775789551e+01
9.047000000000000000e+03 3.646502006617033231e+01
9.048000000000000000e+03 3.645775252466346927e+01
9.049000000000000000e+03 3.644996733886011953e+01
9.050000000000000000e+03 3.644240503349955418e+01
9.051000000000000000e+03 3.643534347374270510e+01
9.052000000000000000e+03 3.642905958756976048e+01
9.053000000000000000e+03 3.642253715541389170e+01
9.054000000000000000e+03 3.641671112180775083e+01
9.055000000000000000e+03 3.641243912675464145e+01
9.056000000000000000e+03 3.640985846285482808e+01
9.057000000000000000e+03 3.640903600383927596e+01
9.058000000000000000e+03 3.640996269643761707e+01
9.059000000000000000e+03 3.641255876122342272e+01
9.060000000000000000e+03 3.641668885903736452e+01
9.061000000000000000e+03 3.642049666031719823e+01
9.062000000000000000e+03 3.642517765523427897e+01
9.063000000000000000e+03 3.643075363986093862e+01
9.064000000000000000e+03 3.643492634549041043e+01
9.065000000000000000e+03 3.643981130167263416e+01
9.066000000000000000e+03 3.644529728610795161e+01
9.067000000000000000e+03 3.645126362399322772e+01
9.068000000000000000e+03 3.645728243585314488e+01
9.069000000000000000e+03 3.646344207694124862e+01
9.070000000000000000e+03 3.646871389974236877e+01
9.071000000000000000e+03 3.647201615231027461e+01
9.072000000000000000e+03 3.647516378138945470e+01
9.073000000000000000e+03 3.647794079879335527e+01
9.074000000000000000e+03 3.647987296979641059e+01
9.075000000000000000e+03 3.648032754678170875e+01
9.076000000000000000e+03 3.647965596920821696e+01
9.077000000000000000e+03 3.647782215125296545e+01
9.078000000000000000e+03 3.647486155746746306e+01
9.079000000000000000e+03 3.647087528988374316e+01
9.080000000000000000e+03 3.646596384610127473e+01
9.081000000000000000e+03 3.645933037953329858e+01
9.082000000000000000e+03 3.645230627075387275e+01
9.083000000000000000e+03 3.644458844051251845e+01
9.084000000000000000e+03 3.643586526057806907e+01
9.085000000000000000e+03 3.642764127823548392e+01
9.086000000000000000e+03 3.642014503418008076e+01
9.087000000000000000e+03 3.641356595182705291e+01
9.088000000000000000e+03 3.640805095028859029e+01
9.089000000000000000e+03 3.640370778704921406e+01
9.090000000000000000e+03 3.639925198231169645e+01
9.091000000000000000e+03 3.639420637773477551e+01
9.092000000000000000e+03 3.639042785820461745e+01
9.093000000000000000e+03 3.638798603056773118e+01
9.094000000000000000e+03 3.638692512273709667e+01
9.095000000000000000e+03 3.638720230308896930e+01
9.096000000000000000e+03 3.638826139788542946e+01
9.097000000000000000e+03 3.639004358749781431e+01
9.098000000000000000e+03 3.639267306342403430e+01
9.099000000000000000e+03 3.639636843763532426e+01
9.100000000000000000e+03 3.640092457156690386e+01
9.101000000000000000e+03 3.640610640510595175e+01
9.102000000000000000e+03 3.641075846440111974e+01
9.103000000000000000e+03 3.641492385236334428e+01
9.104000000000000000e+03 3.641904288112699106e+01
9.105000000000000000e+03 3.642310241047793795e+01
9.106000000000000000e+03 3.642661950506696655e+01
9.107000000000000000e+03 3.642910463939894328e+01
9.108000000000000000e+03 3.643074911142890926e+01
9.109000000000000000e+03 3.643016136058864163e+01
9.110000000000000000e+03 3.642702971469226725e+01
9.111000000000000000e+03 3.642312197047748157e+01
9.112000000000000000e+03 3.641850539940830345e+01
9.113000000000000000e+03 3.641327527624939364e+01
9.114000000000000000e+03 3.640755232466086966e+01
9.115000000000000000e+03 3.640147749958326528e+01
9.116000000000000000e+03 3.639520291889584769e+01
9.117000000000000000e+03 3.638888049194127206e+01
9.118000000000000000e+03 3.638265062457494992e+01
9.119000000000000000e+03 3.637586055093160553e+01
9.120000000000000000e+03 3.636919374033742258e+01
9.121000000000000000e+03 3.636300297947038018e+01
9.122000000000000000e+03 3.635734533566112958e+01
9.123000000000000000e+03 3.635225859355450950e+01
9.124000000000000000e+03 3.634708133145409192e+01
9.125000000000000000e+03 3.634022489657215260e+01
9.126000000000000000e+03 3.633157074338597425e+01
9.127000000000000000e+03 3.631976896166360547e+01
9.128000000000000000e+03 3.630742893568148588e+01
9.129000000000000000e+03 3.629534557639692594e+01
9.130000000000000000e+03 3.628242989552446573e+01
9.131000000000000000e+03 3.627012082982513164e+01
9.132000000000000000e+03 3.625842293885949630e+01
9.133000000000000000e+03 3.624623609367240817e+01
9.134000000000000000e+03 3.623327933626006825e+01
9.135000000000000000e+03 3.622095865690951655e+01
9.136000000000000000e+03 3.620932319782716036e+01
9.137000000000000000e+03 3.619834667789560712e+01
9.138000000000000000e+03 3.618799158148688377e+01
9.139000000000000000e+03 3.617822172244299139e+01
9.140000000000000000e+03 3.616901502196728302e+01
9.141000000000000000e+03 3.616037320968906243e+01
9.142000000000000000e+03 3.615232691431288004e+01
9.143000000000000000e+03 3.614493481704722200e+01
9.144000000000000000e+03 3.613827513021576010e+01
9.145000000000000000e+03 3.613242993545529202e+01
9.146000000000000000e+03 3.612641319984433608e+01
9.147000000000000000e+03 3.612091881284663941e+01
9.148000000000000000e+03 3.611440606403235876e+01
9.149000000000000000e+03 3.610850718753420097e+01
9.150000000000000000e+03 3.610333102158170959e+01
9.151000000000000000e+03 3.609879444907598867e+01
9.152000000000000000e+03 3.609482000628430853e+01
9.153000000000000000e+03 3.609134531995462680e+01
9.154000000000000000e+03 3.608832303774789807e+01
9.155000000000000000e+03 3.608571566161134569e+01
9.156000000000000000e+03 3.608348956219338532e+01
9.157000000000000000e+03 3.608123835004766988e+01
9.158000000000000000e+03 3.607605428744946607e+01
9.159000000000000000e+03 3.606946390263920676e+01
9.160000000000000000e+03 3.606339325421070185e+01
9.161000000000000000e+03 3.605785451523382790e+01
9.162000000000000000e+03 3.605285053129605899e+01
9.163000000000000000e+03 3.604833170210285687e+01
9.164000000000000000e+03 3.604302747971938459e+01
9.165000000000000000e+03 3.603819187458221762e+01
9.166000000000000000e+03 3.603381576699035804e+01
9.167000000000000000e+03 3.602910105519288919e+01
9.168000000000000000e+03 3.602386119184821212e+01
9.169000000000000000e+03 3.601907994899705301e+01
9.170000000000000000e+03 3.601481415449572410e+01
9.171000000000000000e+03 3.601112101455210279e+01
9.172000000000000000e+03 3.600804764408042757e+01
9.173000000000000000e+03 3.600533654706445219e+01
9.174000000000000000e+03 3.600169993027915183e+01
9.175000000000000000e+03 3.599863767021003014e+01
9.176000000000000000e+03 3.599613741816946799e+01
9.177000000000000000e+03 3.599417776324284546e+01
9.178000000000000000e+03 3.599273524256992118e+01
9.179000000000000000e+03 3.599179057126818293e+01
9.180000000000000000e+03 3.599133680658661660e+01
9.181000000000000000e+03 3.599138960164351886e+01
9.182000000000000000e+03 3.599095472086025893e+01
9.183000000000000000e+03 3.599072801599076854e+01
9.184000000000000000e+03 3.599111291286247649e+01
9.185000000000000000e+03 3.599221130440361094e+01
9.186000000000000000e+03 3.599410726396499882e+01
9.187000000000000000e+03 3.599623310134448673e+01
9.188000000000000000e+03 3.599922708316848485e+01
9.189000000000000000e+03 3.600307376595568343e+01
9.190000000000000000e+03 3.600769659178017434e+01
9.191000000000000000e+03 3.601299169819614576e+01
9.192000000000000000e+03 3.601883336336724284e+01
9.193000000000000000e+03 3.602507741362742877e+01
9.194000000000000000e+03 3.603036033527733650e+01
9.195000000000000000e+03 3.603453035629361523e+01
9.196000000000000000e+03 3.603787858348233897e+01
9.197000000000000000e+03 3.604082030290528138e+01
9.198000000000000000e+03 3.604333352173605931e+01
9.199000000000000000e+03 3.604544505912567587e+01
9.200000000000000000e+03 3.604717375631761911e+01
9.201000000000000000e+03 3.604714650193581349e+01
9.202000000000000000e+03 3.604698727528214164e+01
9.203000000000000000e+03 3.604682001969879934e+01
9.204000000000000000e+03 3.604677446848080535e+01
9.205000000000000000e+03 3.604697597160100031e+01
9.206000000000000000e+03 3.604753363079242945e+01
9.207000000000000000e+03 3.604853046056454957e+01
9.208000000000000000e+03 3.604938752606878438e+01
9.209000000000000000e+03 3.604916853533453036e+01
9.210000000000000000e+03 3.604908253119925376e+01
9.211000000000000000e+03 3.604668670099469807e+01
9.212000000000000000e+03 3.604394974454947942e+01
9.213000000000000000e+03 3.604081641778395806e+01
9.214000000000000000e+03 3.603821832393965963e+01
9.215000000000000000e+03 3.603630534242702765e+01
9.216000000000000000e+03 3.603516780660924468e+01
9.217000000000000000e+03 3.603489042999811431e+01
9.218000000000000000e+03 3.603553200297338321e+01
9.219000000000000000e+03 3.603711519199278257e+01
9.220000000000000000e+03 3.603962794422327676e+01
9.221000000000000000e+03 3.604303296686143909e+01
9.222000000000000000e+03 3.604727872624282270e+01
9.223000000000000000e+03 3.605230847561126950e+01
9.224000000000000000e+03 3.605806499186130765e+01
9.225000000000000000e+03 3.606449182899621775e+01
9.226000000000000000e+03 3.607153254219215910e+01
9.227000000000000000e+03 3.607860089340404386e+01
9.228000000000000000e+03 3.608554182253918441e+01
9.229000000000000000e+03 3.609273108598760160e+01
9.230000000000000000e+03 3.610036619118233148e+01
9.231000000000000000e+03 3.610842550649675786e+01
9.232000000000000000e+03 3.611687667095527843e+01
9.233000000000000000e+03 3.612566837667760922e+01
9.234000000000000000e+03 3.613472586135685560e+01
9.235000000000000000e+03 3.614395129892417202e+01
9.236000000000000000e+03 3.615203393364077300e+01
9.237000000000000000e+03 3.615972946637172925e+01
9.238000000000000000e+03 3.616635890643465245e+01
9.239000000000000000e+03 3.617220627228626739e+01
9.240000000000000000e+03 3.617312489955543242e+01
9.241000000000000000e+03 3.617341263042163035e+01
9.242000000000000000e+03 3.617339904355497993e+01
9.243000000000000000e+03 3.617317132435674409e+01
9.244000000000000000e+03 3.617284720302676249e+01
9.245000000000000000e+03 3.617257017836062971e+01
9.246000000000000000e+03 3.617250120189470408e+01
9.247000000000000000e+03 3.617280823289016212e+01
9.248000000000000000e+03 3.617365617543043754e+01
9.249000000000000000e+03 3.617519944462498671e+01
9.250000000000000000e+03 3.617757576859641233e+01
9.251000000000000000e+03 3.618089951851013808e+01
9.252000000000000000e+03 3.618525583387931022e+01
9.253000000000000000e+03 3.619069818858439902e+01
9.254000000000000000e+03 3.619725000861762254e+01
9.255000000000000000e+03 3.620490926889777228e+01
9.256000000000000000e+03 3.621365137169610193e+01
9.257000000000000000e+03 3.622342881813125359e+01
9.258000000000000000e+03 3.623327010254143943e+01
9.259000000000000000e+03 3.624302577276218074e+01
9.260000000000000000e+03 3.625353117890110610e+01
9.261000000000000000e+03 3.626464848972346999e+01
9.262000000000000000e+03 3.627622485864132074e+01
9.263000000000000000e+03 3.628809962640950459e+01
9.264000000000000000e+03 3.629987760549170162e+01
9.265000000000000000e+03 3.631115894531108523e+01
9.266000000000000000e+03 3.632235724207878036e+01
9.267000000000000000e+03 3.633338016886664690e+01
9.268000000000000000e+03 3.634416252484020049e+01
9.269000000000000000e+03 3.635466294729165071e+01
9.270000000000000000e+03 3.636486082025251676e+01
9.271000000000000000e+03 3.637475272583731112e+01
9.272000000000000000e+03 3.638434810192558189e+01
9.273000000000000000e+03 3.639366558647532202e+01
9.274000000000000000e+03 3.640273135129583437e+01
9.275000000000000000e+03 3.641157740549009958e+01
9.276000000000000000e+03 3.642023708815894878e+01
9.277000000000000000e+03 3.642762190803687616e+01
9.278000000000000000e+03 3.643275653565424221e+01
9.279000000000000000e+03 3.643606984172396324e+01
9.280000000000000000e+03 3.643940471290056138e+01
9.281000000000000000e+03 3.644281265362101152e+01
9.282000000000000000e+03 3.644605486017630369e+01
9.283000000000000000e+03 3.644683322592257468e+01
9.284000000000000000e+03 3.644731118599874264e+01
9.285000000000000000e+03 3.644796402272044133e+01
9.286000000000000000e+03 3.644883835647769388e+01
9.287000000000000000e+03 3.644997903150159857e+01
9.288000000000000000e+03 3.645142162060292890e+01
9.289000000000000000e+03 3.645318447103437620e+01
9.290000000000000000e+03 3.645526343796142044e+01
9.291000000000000000e+03 3.645763003612627529e+01
9.292000000000000000e+03 3.646023493104048896e+01
9.293000000000000000e+03 3.646301446416487835e+01
9.294000000000000000e+03 3.646589823915070383e+01
9.295000000000000000e+03 3.646881594929849513e+01
9.296000000000000000e+03 3.647170352285765205e+01
9.297000000000000000e+03 3.647450808149706347e+01
9.298000000000000000e+03 3.647719030911061111e+01
9.299000000000000000e+03 3.647962996740592700e+01
9.300000000000000000e+03 3.648150027691410457e+01
9.301000000000000000e+03 3.648170903102096929e+01
9.302000000000000000e+03 3.648189691765091425e+01
9.303000000000000000e+03 3.648185049172711558e+01
9.304000000000000000e+03 3.648161988812755396e+01
9.305000000000000000e+03 3.648126083735711234e+01
9.306000000000000000e+03 3.648080772659322690e+01
9.307000000000000000e+03 3.648029641976240356e+01
9.308000000000000000e+03 3.647941900554847905e+01
9.309000000000000000e+03 3.647530971395680410e+01
9.310000000000000000e+03 3.647109722188469760e+01
9.311000000000000000e+03 3.646672855786077605e+01
9.312000000000000000e+03 3.646213590083819156e+01
9.313000000000000000e+03 3.645725297626941597e+01
9.314000000000000000e+03 3.645202506177641766e+01
9.315000000000000000e+03 3.644641167522776470e+01
9.316000000000000000e+03 3.644038415863926872e+01
9.317000000000000000e+03 3.643392321290899361e+01
9.318000000000000000e+03 3.642702160347973717e+01
9.319000000000000000e+03 3.641820889042809029e+01
9.320000000000000000e+03 3.640878584463767709e+01
9.321000000000000000e+03 3.639906468309469290e+01
9.322000000000000000e+03 3.638918511788332921e+01
9.323000000000000000e+03 3.637931236251129263e+01
9.324000000000000000e+03 3.636961698059896975e+01
9.325000000000000000e+03 3.636025477824988172e+01
9.326000000000000000e+03 3.635135303861967060e+01
9.327000000000000000e+03 3.634300524277365696e+01
9.328000000000000000e+03 3.633384203224126452e+01
9.329000000000000000e+03 3.632355448745421711e+01
9.330000000000000000e+03 3.631285558261307500e+01
9.331000000000000000e+03 3.630306496460414678e+01
9.332000000000000000e+03 3.629434202650944030e+01
9.333000000000000000e+03 3.628686553979234475e+01
9.334000000000000000e+03 3.627849993959708286e+01
9.335000000000000000e+03 3.626911717376431454e+01
9.336000000000000000e+03 3.626132302068084812e+01
9.337000000000000000e+03 3.625518744201001198e+01
9.338000000000000000e+03 3.625072626912113094e+01
9.339000000000000000e+03 3.624791409674699594e+01
9.340000000000000000e+03 3.624669984826864066e+01
9.341000000000000000e+03 3.624702020607855957e+01
9.342000000000000000e+03 3.624881012789045798e+01
9.343000000000000000e+03 3.625201115587742606e+01
9.344000000000000000e+03 3.625657723059204329e+01
9.345000000000000000e+03 3.626247534111847415e+01
9.346000000000000000e+03 3.626887571483771922e+01
9.347000000000000000e+03 3.627461013129496337e+01
9.348000000000000000e+03 3.628135686979673835e+01
9.349000000000000000e+03 3.628897294289642161e+01
9.350000000000000000e+03 3.629723215509027057e+01
9.351000000000000000e+03 3.630521894752824608e+01
9.352000000000000000e+03 3.631072206660110169e+01
9.353000000000000000e+03 3.631519664096895639e+01
9.354000000000000000e+03 3.631812197301234590e+01
9.355000000000000000e+03 3.631955879680839416e+01
9.356000000000000000e+03 3.632058601680850529e+01
9.357000000000000000e+03 3.632117091218223948e+01
9.358000000000000000e+03 3.632134171825224200e+01
9.359000000000000000e+03 3.632118746483384086e+01
9.360000000000000000e+03 3.632085983528344286e+01
9.361000000000000000e+03 3.632057304190907132e+01
9.362000000000000000e+03 3.632059812039949520e+01
9.363000000000000000e+03 3.632125053950829852e+01
9.364000000000000000e+03 3.632210891957306842e+01
9.365000000000000000e+03 3.632311596244460361e+01
9.366000000000000000e+03 3.632514537589486991e+01
9.367000000000000000e+03 3.632901028246622843e+01
9.368000000000000000e+03 3.633482092852423051e+01
9.369000000000000000e+03 3.634261042686836163e+01
9.370000000000000000e+03 3.635236517459672001e+01
9.371000000000000000e+03 3.636404930717495887e+01
9.372000000000000000e+03 3.637520367824639322e+01
9.373000000000000000e+03 3.638677015618013399e+01
9.374000000000000000e+03 3.639990529013738296e+01
9.375000000000000000e+03 3.641455384971176557e+01
9.376000000000000000e+03 3.642954606061273637e+01
9.377000000000000000e+03 3.644530143532416844e+01
9.378000000000000000e+03 3.646220737788151212e+01
9.379000000000000000e+03 3.648008529376608067e+01
9.380000000000000000e+03 3.649778162069321041e+01
9.381000000000000000e+03 3.651580271397094180e+01
9.382000000000000000e+03 3.653420761511890191e+01
9.383000000000000000e+03 3.655283587794983191e+01
9.384000000000000000e+03 3.657154269562062865e+01
9.385000000000000000e+03 3.659019183126633834e+01
9.386000000000000000e+03 3.660865248628203972e+01
9.387000000000000000e+03 3.662509126184038166e+01
9.388000000000000000e+03 3.663918036583466886e+01
9.389000000000000000e+03 3.665042632572977510e+01
9.390000000000000000e+03 3.666088605561130009e+01
9.391000000000000000e+03 3.667056465758641792e+01
9.392000000000000000e+03 3.667947717749781589e+01
9.393000000000000000e+03 3.668764289026858449e+01
9.394000000000000000e+03 3.669507725038545232e+01
9.395000000000000000e+03 3.670178729653130034e+01
9.396000000000000000e+03 3.670777615140214323e+01
9.397000000000000000e+03 3.671305475635762150e+01
9.398000000000000000e+03 3.671765664243279303e+01
9.399000000000000000e+03 3.672164930777076108e+01
9.400000000000000000e+03 3.672513877229188495e+01
9.401000000000000000e+03 3.672826677180937338e+01
9.402000000000000000e+03 3.673120363521221776e+01
9.403000000000000000e+03 3.673413987332175168e+01
9.404000000000000000e+03 3.673727888024993149e+01
9.405000000000000000e+03 3.674065117711753459e+01
9.406000000000000000e+03 3.674333642065151651e+01
9.407000000000000000e+03 3.674683639430168114e+01
9.408000000000000000e+03 3.674903722786235960e+01
9.409000000000000000e+03 3.675210269270846197e+01
9.410000000000000000e+03 3.675643226101615824e+01
9.411000000000000000e+03 3.676209703710287613e+01
9.412000000000000000e+03 3.676911881336090460e+01
9.413000000000000000e+03 3.677747910664993469e+01
9.414000000000000000e+03 3.678409079733084042e+01
9.415000000000000000e+03 3.679069908099441477e+01
9.416000000000000000e+03 3.679836370720125416e+01
9.417000000000000000e+03 3.680701190795668509e+01
9.418000000000000000e+03 3.681657335261071751e+01
9.419000000000000000e+03 3.682698356055637845e+01
9.420000000000000000e+03 3.683798379729773842e+01
9.421000000000000000e+03 3.684871008148029148e+01
9.422000000000000000e+03 3.686012614193893455e+01
9.423000000000000000e+03 3.687219320673064260e+01
9.424000000000000000e+03 3.688487618433099158e+01
9.425000000000000000e+03 3.689814261605816625e+01
9.426000000000000000e+03 3.691195920310792644e+01
9.427000000000000000e+03 3.692628554971304311e+01
9.428000000000000000e+03 3.694106680939373888e+01
9.429000000000000000e+03 3.695622738809507268e+01
9.430000000000000000e+03 3.697166985638919101e+01
9.431000000000000000e+03 3.698727958487265255e+01
9.432000000000000000e+03 3.700293509899198341e+01
9.433000000000000000e+03 3.701735966931110511e+01
9.434000000000000000e+03 3.703003808907090644e+01
9.435000000000000000e+03 3.704233987467262068e+01
9.436000000000000000e+03 3.705425565835687252e+01
9.437000000000000000e+03 3.706580915392864739e+01
9.438000000000000000e+03 3.707586396042907495e+01
9.439000000000000000e+03 3.708483793304210963e+01
9.440000000000000000e+03 3.709281997082609905e+01
9.441000000000000000e+03 3.710006045460292512e+01
9.442000000000000000e+03 3.710654748312942530e+01
9.443000000000000000e+03 3.711270402650077216e+01
9.444000000000000000e+03 3.711825172765077241e+01
9.445000000000000000e+03 3.712217165447944467e+01
9.446000000000000000e+03 3.712585936644575213e+01
9.447000000000000000e+03 3.712885707764249332e+01
9.448000000000000000e+03 3.712966910660020403e+01
9.449000000000000000e+03 3.713034274837757920e+01
9.450000000000000000e+03 3.713089600063990758e+01
9.451000000000000000e+03 3.713134278444925940e+01
9.452000000000000000e+03 3.713169789056545511e+01
9.453000000000000000e+03 3.713198708463548314e+01
9.454000000000000000e+03 3.713225805595401852e+01
9.455000000000000000e+03 3.713258689152764447e+01
9.456000000000000000e+03 3.713307366749218374e+01
9.457000000000000000e+03 3.713382733873915953e+01
9.458000000000000000e+03 3.713494477993831566e+01
9.459000000000000000e+03 3.713649576079872361e+01
9.460000000000000000e+03 3.713852207271609984e+01
9.461000000000000000e+03 3.714105000637955811e+01
9.462000000000000000e+03 3.714278008610868653e+01
9.463000000000000000e+03 3.714495907610442771e+01
9.464000000000000000e+03 3.714749247829570322e+01
9.465000000000000000e+03 3.715001727048877456e+01
9.466000000000000000e+03 3.715348679627334860e+01
9.467000000000000000e+03 3.715801153360737885e+01
9.468000000000000000e+03 3.716367524586651427e+01
9.469000000000000000e+03 3.717051886320622600e+01
9.470000000000000000e+03 3.717836991176834260e+01
9.471000000000000000e+03 3.718578361162907697e+01
9.472000000000000000e+03 3.719387081923186855e+01
9.473000000000000000e+03 3.720271714264377039e+01
9.474000000000000000e+03 3.721217182476924279e+01
9.475000000000000000e+03 3.722207850416045005e+01
9.476000000000000000e+03 3.723228541168026595e+01
9.477000000000000000e+03 3.724265189750978777e+01
9.478000000000000000e+03 3.725305114971216369e+01
9.479000000000000000e+03 3.726336876206198667e+01
9.480000000000000000e+03 3.727349731448826020e+01
9.481000000000000000e+03 3.728332923448261482e+01
9.482000000000000000e+03 3.729275009091718829e+01
9.483000000000000000e+03 3.730163546101589844e+01
9.484000000000000000e+03 3.730890324734468777e+01
9.485000000000000000e+03 3.731441934380031000e+01
9.486000000000000000e+03 3.731909161011812159e+01
9.487000000000000000e+03 3.732285148430573685e+01
9.488000000000000000e+03 3.732567194229444851e+01
9.489000000000000000e+03 3.732734543826337870e+01
9.490000000000000000e+03 3.732714593974782247e+01
9.491000000000000000e+03 3.732479924936362181e+01
9.492000000000000000e+03 3.731993173602067060e+01
9.493000000000000000e+03 3.731265227065280499e+01
9.494000000000000000e+03 3.730501988662363999e+01
9.495000000000000000e+03 3.729534732295017108e+01
9.496000000000000000e+03 3.728365397320442298e+01
9.497000000000000000e+03 3.727134424013915748e+01
9.498000000000000000e+03 3.725883233094176461e+01
9.499000000000000000e+03 3.724617639718110240e+01
9.500000000000000000e+03 3.723292083494239790e+01
9.501000000000000000e+03 3.721889906961324357e+01
9.502000000000000000e+03 3.720371281575028632e+01
9.503000000000000000e+03 3.718872766662427409e+01
9.504000000000000000e+03 3.717417227951048631e+01
9.505000000000000000e+03 3.716026602343679031e+01
9.506000000000000000e+03 3.714721396615981064e+01
9.507000000000000000e+03 3.713520406032013454e+01
9.508000000000000000e+03 3.712440423011948099e+01
9.509000000000000000e+03 3.711496075114341409e+01
9.510000000000000000e+03 3.710699763521473216e+01
9.511000000000000000e+03 3.710061429674161104e+01
9.512000000000000000e+03 3.709588086849051081e+01
9.513000000000000000e+03 3.709282831336614095e+01
9.514000000000000000e+03 3.709019621459715665e+01
9.515000000000000000e+03 3.708925087026948120e+01
9.516000000000000000e+03 3.708991584310869882e+01
9.517000000000000000e+03 3.709209484312788163e+01
9.518000000000000000e+03 3.709514238023626831e+01
9.519000000000000000e+03 3.709873372149866810e+01
9.520000000000000000e+03 3.710359910983297027e+01
9.521000000000000000e+03 3.710967461094152497e+01
9.522000000000000000e+03 3.711690801194292533e+01
9.523000000000000000e+03 3.712526084448431618e+01
9.524000000000000000e+03 3.713471102507183730e+01
9.525000000000000000e+03 3.714525470096464232e+01
9.526000000000000000e+03 3.715690730349537318e+01
9.527000000000000000e+03 3.716970219089630234e+01
9.528000000000000000e+03 3.718368709378399473e+01
9.529000000000000000e+03 3.719814548761372919e+01
9.530000000000000000e+03 3.721114620190227384e+01
9.531000000000000000e+03 3.722303809689115184e+01
9.532000000000000000e+03 3.723631093622161359e+01
9.533000000000000000e+03 3.725094605408494886e+01
9.534000000000000000e+03 3.726687178515623344e+01
9.535000000000000000e+03 3.728396808350669289e+01
9.536000000000000000e+03 3.730207888449388776e+01
9.537000000000000000e+03 3.732102740561558818e+01
9.538000000000000000e+03 3.734062951772713745e+01
9.539000000000000000e+03 3.736070251480447268e+01
9.540000000000000000e+03 3.738107054744706659e+01
9.541000000000000000e+03 3.740156810886128369e+01
9.542000000000000000e+03 3.742204407503857766e+01
9.543000000000000000e+03 3.744225236396718515e+01
9.544000000000000000e+03 3.745882950585156834e+01
9.545000000000000000e+03 3.747437385501631013e+01
9.546000000000000000e+03 3.748981229314842523e+01
9.547000000000000000e+03 3.750500469412671833e+01
9.548000000000000000e+03 3.751872361544045731e+01
9.549000000000000000e+03 3.753244268622835733e+01
9.550000000000000000e+03 3.754619993389108146e+01
9.551000000000000000e+03 3.755858488678268259e+01
9.552000000000000000e+03 3.757033040628903109e+01
9.553000000000000000e+03 3.758231352262248492e+01
9.554000000000000000e+03 3.759465481668230780e+01
9.555000000000000000e+03 3.760746716628974440e+01
9.556000000000000000e+03 3.762084092389028456e+01
9.557000000000000000e+03 3.763483171678340966e+01
9.558000000000000000e+03 3.764945352577191073e+01
9.559000000000000000e+03 3.766464349240632004e+01
9.560000000000000000e+03 3.767938270352383512e+01
9.561000000000000000e+03 3.769333096540981387e+01
9.562000000000000000e+03 3.770709080418343007e+01
9.563000000000000000e+03 3.772063408858956279e+01
9.564000000000000000e+03 3.773305475839576673e+01
9.565000000000000000e+03 3.774464286492008824e+01
9.566000000000000000e+03 3.775615863853974474e+01
9.567000000000000000e+03 3.776646064611668407e+01
9.568000000000000000e+03 3.777567975697890290e+01
9.569000000000000000e+03 3.778457027909563237e+01
9.570000000000000000e+03 3.779313445818745265e+01
9.571000000000000000e+03 3.780141619096918504e+01
9.572000000000000000e+03 3.780868850441815709e+01
9.573000000000000000e+03 3.781469918557699117e+01
9.574000000000000000e+03 3.781977679024206651e+01
9.575000000000000000e+03 3.782471383289561118e+01
9.576000000000000000e+03 3.782964864676871741e+01
9.577000000000000000e+03 3.783470803808671690e+01
9.578000000000000000e+03 3.783999516815098474e+01
9.579000000000000000e+03 3.784558104552401403e+01
9.580000000000000000e+03 3.785150160630768568e+01
9.581000000000000000e+03 3.785436825019935014e+01
9.582000000000000000e+03 3.785737188506097084e+01
9.583000000000000000e+03 3.786055681474157808e+01
9.584000000000000000e+03 3.786199853918201796e+01
9.585000000000000000e+03 3.786300623513621133e+01
9.586000000000000000e+03 3.786273715402342077e+01
9.587000000000000000e+03 3.786233487978502410e+01
9.588000000000000000e+03 3.786198111781573061e+01
9.589000000000000000e+03 3.786186058346714844e+01
9.590000000000000000e+03 3.786197281339996579e+01
9.591000000000000000e+03 3.786231442244141476e+01
9.592000000000000000e+03 3.786287109399164308e+01
9.593000000000000000e+03 3.786360906467022147e+01
9.594000000000000000e+03 3.786447075029455789e+01
9.595000000000000000e+03 3.786537507238691092e+01
9.596000000000000000e+03 3.786622123891491043e+01
9.597000000000000000e+03 3.786526826302450388e+01
9.598000000000000000e+03 3.786317116467863286e+01
9.599000000000000000e+03 3.786093221033306122e+01
9.600000000000000000e+03 3.785847021914071320e+01
9.601000000000000000e+03 3.785570397496886130e+01
9.602000000000000000e+03 3.785255778177581476e+01
9.603000000000000000e+03 3.784896812499477647e+01
9.604000000000000000e+03 3.784488995152200630e+01
9.605000000000000000e+03 3.784030293917899712e+01
9.606000000000000000e+03 3.783424686108040191e+01
9.607000000000000000e+03 3.782755859047389890e+01
9.608000000000000000e+03 3.782055164113772605e+01
9.609000000000000000e+03 3.781336630202022064e+01
9.610000000000000000e+03 3.780617120709042922e+01
9.611000000000000000e+03 3.779915775400764488e+01
9.612000000000000000e+03 3.779170571718982785e+01
9.613000000000000000e+03 3.778418109502625555e+01
9.614000000000000000e+03 3.777763773870657360e+01
9.615000000000000000e+03 3.777234166259253811e+01
9.616000000000000000e+03 3.776855487677934775e+01
9.617000000000000000e+03 3.776509086726466080e+01
9.618000000000000000e+03 3.776260662934568302e+01
9.619000000000000000e+03 3.776128599167844868e+01
9.620000000000000000e+03 3.776066156725681111e+01
9.621000000000000000e+03 3.775992666734717318e+01
9.622000000000000000e+03 3.776164152031488186e+01
9.623000000000000000e+03 3.776572590417391950e+01
9.624000000000000000e+03 3.777200757976570600e+01
9.625000000000000000e+03 3.778018118179895879e+01
9.626000000000000000e+03 3.778830982372031144e+01
9.627000000000000000e+03 3.779679815901376827e+01
9.628000000000000000e+03 3.780629585581354490e+01
9.629000000000000000e+03 3.781654240401989142e+01
9.630000000000000000e+03 3.782730412514821694e+01
9.631000000000000000e+03 3.783684936984508340e+01
9.632000000000000000e+03 3.784545865671100984e+01
9.633000000000000000e+03 3.785311012889178528e+01
9.634000000000000000e+03 3.785988772549433179e+01
9.635000000000000000e+03 3.786664703502598428e+01
9.636000000000000000e+03 3.787190333053117541e+01
9.637000000000000000e+03 3.787725091525832966e+01
9.638000000000000000e+03 3.788231964048809886e+01
9.639000000000000000e+03 3.788770241796417793e+01
9.640000000000000000e+03 3.789250136285109249e+01
9.641000000000000000e+03 3.789738059683403293e+01
9.642000000000000000e+03 3.790275597490519743e+01
9.643000000000000000e+03 3.790868661021342234e+01
9.644000000000000000e+03 3.791522170277946913e+01
9.645000000000000000e+03 3.792240094842608755e+01
9.646000000000000000e+03 3.792890428165189576e+01
9.647000000000000000e+03 3.793552719701604303e+01
9.648000000000000000e+03 3.794320447112001204e+01
9.649000000000000000e+03 3.795201159268683000e+01
9.650000000000000000e+03 3.796201122570914066e+01
9.651000000000000000e+03 3.797324301900779631e+01
9.652000000000000000e+03 3.798571408416100326e+01
9.653000000000000000e+03 3.799939285521536192e+01
9.654000000000000000e+03 3.801420493586859095e+01
9.655000000000000000e+03 3.803003202335278843e+01
9.656000000000000000e+03 3.804181757664256480e+01
9.657000000000000000e+03 3.805421805995648299e+01
9.658000000000000000e+03 3.806707832808584158e+01
9.659000000000000000e+03 3.808014264693093764e+01
9.660000000000000000e+03 3.809313603040924079e+01
9.661000000000000000e+03 3.810538750991995016e+01
9.662000000000000000e+03 3.811601790499076259e+01
9.663000000000000000e+03 3.812587851235322489e+01
9.664000000000000000e+03 3.813485955050423115e+01
9.665000000000000000e+03 3.814292203346627730e+01
9.666000000000000000e+03 3.814916439216900557e+01
9.667000000000000000e+03 3.815435125865172949e+01
9.668000000000000000e+03 3.815907152220059118e+01
9.669000000000000000e+03 3.816348028212235732e+01
9.670000000000000000e+03 3.816774140851630648e+01
9.671000000000000000e+03 3.817173597086589609e+01
9.672000000000000000e+03 3.817431096015592118e+01
9.673000000000000000e+03 3.817701353676135057e+01
9.674000000000000000e+03 3.818028166740203488e+01
9.675000000000000000e+03 3.818428367239621934e+01
9.676000000000000000e+03 3.818917944766820938e+01
9.677000000000000000e+03 3.819511539663348287e+01
9.678000000000000000e+03 3.820053096883589205e+01
9.679000000000000000e+03 3.820731617021714044e+01
9.680000000000000000e+03 3.821570881939570086e+01
9.681000000000000000e+03 3.822575587010572207e+01
9.682000000000000000e+03 3.823698262034256601e+01
9.683000000000000000e+03 3.824980953984902499e+01
9.684000000000000000e+03 3.826437171361308742e+01
9.685000000000000000e+03 3.828058637248025775e+01
9.686000000000000000e+03 3.829833957213641327e+01
9.687000000000000000e+03 3.831749635344827709e+01
9.688000000000000000e+03 3.833791405749172299e+01
9.689000000000000000e+03 3.835803567905690414e+01
9.690000000000000000e+03 3.837757149335528339e+01
9.691000000000000000e+03 3.839700819293464207e+01
9.692000000000000000e+03 3.841671222986505541e+01
9.693000000000000000e+03 3.843472678954272226e+01
9.694000000000000000e+03 3.845328331153676515e+01
9.695000000000000000e+03 3.847241964660548774e+01
9.696000000000000000e+03 3.849217836837259199e+01
9.697000000000000000e+03 3.851259453304407998e+01
9.698000000000000000e+03 3.853368413414402482e+01
9.699000000000000000e+03 3.855543693116389647e+01
9.700000000000000000e+03 3.857781652541819284e+01
9.701000000000000000e+03 3.859659943061174658e+01
9.702000000000000000e+03 3.861577739240671292e+01
9.703000000000000000e+03 3.863538960748300610e+01
9.704000000000000000e+03 3.865540882046381910e+01
9.705000000000000000e+03 3.867520379939478659e+01
9.706000000000000000e+03 3.868976863244338915e+01
9.707000000000000000e+03 3.870458609502652081e+01
9.708000000000000000e+03 3.871676341930653109e+01
9.709000000000000000e+03 3.872923103206606754e+01
9.710000000000000000e+03 3.874203514817776295e+01
9.711000000000000000e+03 3.875520804755927173e+01
9.712000000000000000e+03 3.876876028535909313e+01
9.713000000000000000e+03 3.878267530866611423e+01
9.714000000000000000e+03 3.879690693358320175e+01
9.715000000000000000e+03 3.881137914743399620e+01
9.716000000000000000e+03 3.882598802366804591e+01
9.717000000000000000e+03 3.884060822903654042e+01
9.718000000000000000e+03 3.885510490974695585e+01
9.719000000000000000e+03 3.886934992621139884e+01
9.720000000000000000e+03 3.888323919567440612e+01
9.721000000000000000e+03 3.889670680966622029e+01
9.722000000000000000e+03 3.890973198470584293e+01
9.723000000000000000e+03 3.892097277952754553e+01
9.724000000000000000e+03 3.893015073294488104e+01
9.725000000000000000e+03 3.893914669416741958e+01
9.726000000000000000e+03 3.894804267437483247e+01
9.727000000000000000e+03 3.895598478644895124e+01
9.728000000000000000e+03 3.896212933457545091e+01
9.729000000000000000e+03 3.896710128545920071e+01
9.730000000000000000e+03 3.897231486627558183e+01
9.731000000000000000e+03 3.897705279111923460e+01
9.732000000000000000e+03 3.898205904874966166e+01
9.733000000000000000e+03 3.898731142509856795e+01
9.734000000000000000e+03 3.899264722378558901e+01
9.735000000000000000e+03 3.899730359707405114e+01
9.736000000000000000e+03 3.900195236242966246e+01
9.737000000000000000e+03 3.900645226119792142e+01
9.738000000000000000e+03 3.901066501750796789e+01
9.739000000000000000e+03 3.901447197855471671e+01
9.740000000000000000e+03 3.901778432206256753e+01
9.741000000000000000e+03 3.902054650457549911e+01
9.742000000000000000e+03 3.902273567568028056e+01
9.743000000000000000e+03 3.902435885019914963e+01
9.744000000000000000e+03 3.902342888863908854e+01
9.745000000000000000e+03 3.902002131251465755e+01
9.746000000000000000e+03 3.901416163512156032e+01
9.747000000000000000e+03 3.900801035590251331e+01
9.748000000000000000e+03 3.900173273758539949e+01
9.749000000000000000e+03 3.899550256607712839e+01
9.750000000000000000e+03 3.898949537443405688e+01
9.751000000000000000e+03 3.898387975850194209e+01
9.752000000000000000e+03 3.897770299255250137e+01
9.753000000000000000e+03 3.897197728032804775e+01
9.754000000000000000e+03 3.896699704193871838e+01
9.755000000000000000e+03 3.896256630088115003e+01
9.756000000000000000e+03 3.895824318473501080e+01
9.757000000000000000e+03 3.895282246423232664e+01
9.758000000000000000e+03 3.894697414203025687e+01
9.759000000000000000e+03 3.894182706008403727e+01
9.760000000000000000e+03 3.893584005112469981e+01
9.761000000000000000e+03 3.893024849481281535e+01
9.762000000000000000e+03 3.892516029381771148e+01
9.763000000000000000e+03 3.892072586326550976e+01
9.764000000000000000e+03 3.891652650724827822e+01
9.765000000000000000e+03 3.891088072370004625e+01
9.766000000000000000e+03 3.890451681933669903e+01
9.767000000000000000e+03 3.889788719716094079e+01
9.768000000000000000e+03 3.889145784268236383e+01
9.769000000000000000e+03 3.888546825192562295e+01
9.770000000000000000e+03 3.887977952836306628e+01
9.771000000000000000e+03 3.887478058953657722e+01
9.772000000000000000e+03 3.886903212233534077e+01
9.773000000000000000e+03 3.886424142938317772e+01
9.774000000000000000e+03 3.886013368149926350e+01
9.775000000000000000e+03 3.885725832554402359e+01
9.776000000000000000e+03 3.885574111358011606e+01
9.777000000000000000e+03 3.885549366167992247e+01
9.778000000000000000e+03 3.885637370287103209e+01
9.779000000000000000e+03 3.885701184385834495e+01
9.780000000000000000e+03 3.885724900769939438e+01
9.781000000000000000e+03 3.885811255275723397e+01
9.782000000000000000e+03 3.885941857202226402e+01
9.783000000000000000e+03 3.885962875759096136e+01
9.784000000000000000e+03 3.885767848300694993e+01
9.785000000000000000e+03 3.885529936446810950e+01
9.786000000000000000e+03 3.885260383988423172e+01
9.787000000000000000e+03 3.884966782711235567e+01
9.788000000000000000e+03 3.884661490837876130e+01
9.789000000000000000e+03 3.884317197852949732e+01
9.790000000000000000e+03 3.883953023375988778e+01
9.791000000000000000e+03 3.883492805485178678e+01
9.792000000000000000e+03 3.883069039885617713e+01
9.793000000000000000e+03 3.882685363627719255e+01
9.794000000000000000e+03 3.882339092158362348e+01
9.795000000000000000e+03 3.882021639927775425e+01
9.796000000000000000e+03 3.881683854838772163e+01
9.797000000000000000e+03 3.880893032271148257e+01
9.798000000000000000e+03 3.880071301098470116e+01
9.799000000000000000e+03 3.879175462491060955e+01
9.800000000000000000e+03 3.878232415199150296e+01
9.801000000000000000e+03 3.877235286479697152e+01
9.802000000000000000e+03 3.876012934528624498e+01
9.803000000000000000e+03 3.874749101751838509e+01
9.804000000000000000e+03 3.873451776808263247e+01
9.805000000000000000e+03 3.872134503151048079e+01
9.806000000000000000e+03 3.870814936258083350e+01
9.807000000000000000e+03 3.869513003832362585e+01
9.808000000000000000e+03 3.868249122563096165e+01
9.809000000000000000e+03 3.867042743029643503e+01
9.810000000000000000e+03 3.865911444882284798e+01
9.811000000000000000e+03 3.864870592775170621e+01
9.812000000000000000e+03 3.863933432100986920e+01
9.813000000000000000e+03 3.863111395017133276e+01
9.814000000000000000e+03 3.862414188855625952e+01
9.815000000000000000e+03 3.861759299894008279e+01
9.816000000000000000e+03 3.861163959321141448e+01
9.817000000000000000e+03 3.860707602250927550e+01
9.818000000000000000e+03 3.860391631109521171e+01
9.819000000000000000e+03 3.860079640825644276e+01
9.820000000000000000e+03 3.859870189371780214e+01
9.821000000000000000e+03 3.859784286007965193e+01
9.822000000000000000e+03 3.859815651701816819e+01
9.823000000000000000e+03 3.859513300425292925e+01
9.824000000000000000e+03 3.859168818576009130e+01
9.825000000000000000e+03 3.858940453332639464e+01
9.826000000000000000e+03 3.858828380568346006e+01
9.827000000000000000e+03 3.858798854267751466e+01
9.828000000000000000e+03 3.858671974430748719e+01
9.829000000000000000e+03 3.858611723462895782e+01
9.830000000000000000e+03 3.858610845572921733e+01
9.831000000000000000e+03 3.858622654752723236e+01
9.832000000000000000e+03 3.858634202640708111e+01
9.833000000000000000e+03 3.858669997112011174e+01
9.834000000000000000e+03 3.858717497907036886e+01
9.835000000000000000e+03 3.858763975774428445e+01
9.836000000000000000e+03 3.858797620722936017e+01
9.837000000000000000e+03 3.858808890437566674e+01
9.838000000000000000e+03 3.858791683677111450e+01
9.839000000000000000e+03 3.858744020647871764e+01
9.840000000000000000e+03 3.858668046782496930e+01
9.841000000000000000e+03 3.858569330081549253e+01
9.842000000000000000e+03 3.858455657064528310e+01
9.843000000000000000e+03 3.858335662496850915e+01
9.844000000000000000e+03 3.858217500442937364e+01
9.845000000000000000e+03 3.858107794534591051e+01
9.846000000000000000e+03 3.858011044900782593e+01
9.847000000000000000e+03 3.857784599314356910e+01
9.848000000000000000e+03 3.857498968944301510e+01
9.849000000000000000e+03 3.857225447870966661e+01
9.850000000000000000e+03 3.856960300788575324e+01
9.851000000000000000e+03 3.856698736726520593e+01
9.852000000000000000e+03 3.856329088911785874e+01
9.853000000000000000e+03 3.855898801754523930e+01
9.854000000000000000e+03 3.855375723546790567e+01
9.855000000000000000e+03 3.854732736325799181e+01
9.856000000000000000e+03 3.853953160497410124e+01
9.857000000000000000e+03 3.853204550086235258e+01
9.858000000000000000e+03 3.852532262661182472e+01
9.859000000000000000e+03 3.851833014679593248e+01
9.860000000000000000e+03 3.851213824598383439e+01
9.861000000000000000e+03 3.850583226434177675e+01
9.862000000000000000e+03 3.849981621916866459e+01
9.863000000000000000e+03 3.849483790068059363e+01
9.864000000000000000e+03 3.849079863528180567e+01
9.865000000000000000e+03 3.848522465951909055e+01
9.866000000000000000e+03 3.848052024269809124e+01
9.867000000000000000e+03 3.847671114927958058e+01
9.868000000000000000e+03 3.847143630327377650e+01
9.869000000000000000e+03 3.846651177246322106e+01
9.870000000000000000e+03 3.846250921281082924e+01
9.871000000000000000e+03 3.845818590604838505e+01
9.872000000000000000e+03 3.845493560326747939e+01
9.873000000000000000e+03 3.845289117097144072e+01
9.874000000000000000e+03 3.845216237876489629e+01
9.875000000000000000e+03 3.845284149822150965e+01
9.876000000000000000e+03 3.845499029847479733e+01
9.877000000000000000e+03 3.845833124380528290e+01
9.878000000000000000e+03 3.845962129201050317e+01
9.879000000000000000e+03 3.846025021159503865e+01
9.880000000000000000e+03 3.846225857580491692e+01
9.881000000000000000e+03 3.846551564693263003e+01
9.882000000000000000e+03 3.846986955587399137e+01
9.883000000000000000e+03 3.847516214396021894e+01
9.884000000000000000e+03 3.848123972376316715e+01
9.885000000000000000e+03 3.848795897617899442e+01
9.886000000000000000e+03 3.849435055902803526e+01
9.887000000000000000e+03 3.849868585215280348e+01
9.888000000000000000e+03 3.850249998454683009e+01
9.889000000000000000e+03 3.850717143064447612e+01
9.890000000000000000e+03 3.851250030862948392e+01
9.891000000000000000e+03 3.851826149938817423e+01
9.892000000000000000e+03 3.852306389087695493e+01
9.893000000000000000e+03 3.852676069888030952e+01
9.894000000000000000e+03 3.852937746246122686e+01
9.895000000000000000e+03 3.853157877122318808e+01
9.896000000000000000e+03 3.853289789829646139e+01
9.897000000000000000e+03 3.853276150723761617e+01
9.898000000000000000e+03 3.853106767383653875e+01
9.899000000000000000e+03 3.852834122537745998e+01
9.900000000000000000e+03 3.852482968849183464e+01
9.901000000000000000e+03 3.852057277387601175e+01
9.902000000000000000e+03 3.851562064292032517e+01
9.903000000000000000e+03 3.851003190126719744e+01
9.904000000000000000e+03 3.850386908824624754e+01
9.905000000000000000e+03 3.849719007378234181e+01
9.906000000000000000e+03 3.849003487890358599e+01
9.907000000000000000e+03 3.848241354637242750e+01
9.908000000000000000e+03 3.847430317347637896e+01
9.909000000000000000e+03 3.846566279963004575e+01
9.910000000000000000e+03 3.845647074647648367e+01
9.911000000000000000e+03 3.844634465091243669e+01
9.912000000000000000e+03 3.843477146495788332e+01
9.913000000000000000e+03 3.842295033783398139e+01
9.914000000000000000e+03 3.841106904665424082e+01
9.915000000000000000e+03 3.839928592845686239e+01
9.916000000000000000e+03 3.838772808849254403e+01
9.917000000000000000e+03 3.837651007045765539e+01
9.918000000000000000e+03 3.836549548891761674e+01
9.919000000000000000e+03 3.835262288637137829e+01
9.920000000000000000e+03 3.834042494557118630e+01
9.921000000000000000e+03 3.832802454816184934e+01
9.922000000000000000e+03 3.831679878789879723e+01
9.923000000000000000e+03 3.830688248113268912e+01
9.924000000000000000e+03 3.829836702867511633e+01
9.925000000000000000e+03 3.829129655667340160e+01
9.926000000000000000e+03 3.828566469129835070e+01
9.927000000000000000e+03 3.828141588168070797e+01
9.928000000000000000e+03 3.827845355521436943e+01
9.929000000000000000e+03 3.827447195901238786e+01
9.930000000000000000e+03 3.827123632921141905e+01
9.931000000000000000e+03 3.826856141804979927e+01
9.932000000000000000e+03 3.826505845092155766e+01
9.933000000000000000e+03 3.826295556010261123e+01
9.934000000000000000e+03 3.826235812402080683e+01
9.935000000000000000e+03 3.826334268229319946e+01
9.936000000000000000e+03 3.826588088746120775e+01
9.937000000000000000e+03 3.826973691235805575e+01
9.938000000000000000e+03 3.827332119281690836e+01
9.939000000000000000e+03 3.827620594129513165e+01
9.940000000000000000e+03 3.828075757501783016e+01
9.941000000000000000e+03 3.828705953720983501e+01
9.942000000000000000e+03 3.829518264500849511e+01
9.943000000000000000e+03 3.830517827633664751e+01
9.944000000000000000e+03 3.831707032398682600e+01
9.945000000000000000e+03 3.833084698535901680e+01
9.946000000000000000e+03 3.834599682985739122e+01
9.947000000000000000e+03 3.836226237637704628e+01
9.948000000000000000e+03 3.838012860804539628e+01
9.949000000000000000e+03 3.839943714793130880e+01
9.950000000000000000e+03 3.841999907437944728e+01
9.951000000000000000e+03 3.844160275704662411e+01
9.952000000000000000e+03 3.846402014827715732e+01
9.953000000000000000e+03 3.848701177857095956e+01
9.954000000000000000e+03 3.850420978935433425e+01
9.955000000000000000e+03 3.851989467855477756e+01
9.956000000000000000e+03 3.853566379493454974e+01
9.957000000000000000e+03 3.855094108689365839e+01
9.958000000000000000e+03 3.856587685106713081e+01
9.959000000000000000e+03 3.858077628683635396e+01
9.960000000000000000e+03 3.859485878471462428e+01
9.961000000000000000e+03 3.860865668346951196e+01
9.962000000000000000e+03 3.862196865477109498e+01
9.963000000000000000e+03 3.863466476810090455e+01
9.964000000000000000e+03 3.864772766242755608e+01
9.965000000000000000e+03 3.866174346957215846e+01
9.966000000000000000e+03 3.867689853967995361e+01
9.967000000000000000e+03 3.869335962003862761e+01
9.968000000000000000e+03 3.871126317971575759e+01
9.969000000000000000e+03 3.873070549126651940e+01
9.970000000000000000e+03 3.875146167191675772e+01
9.971000000000000000e+03 3.877274829423267022e+01
9.972000000000000000e+03 3.879478143558890224e+01
9.973000000000000000e+03 3.881784172689864931e+01
9.974000000000000000e+03 3.884157162763615645e+01
9.975000000000000000e+03 3.886616435195868036e+01
9.976000000000000000e+03 3.889190932303084480e+01
9.977000000000000000e+03 3.891883233854983359e+01
9.978000000000000000e+03 3.894680146920744335e+01
9.979000000000000000e+03 3.897566972978388122e+01
9.980000000000000000e+03 3.900527467697347106e+01
9.981000000000000000e+03 3.903363334127829631e+01
9.982000000000000000e+03 3.906058878907380461e+01
9.983000000000000000e+03 3.908755421257927765e+01
9.984000000000000000e+03 3.911302629420919885e+01
9.985000000000000000e+03 3.913722951131668992e+01
9.986000000000000000e+03 3.916081334097292910e+01
9.987000000000000000e+03 3.918296458685074413e+01
9.988000000000000000e+03 3.920507030092908707e+01
9.989000000000000000e+03 3.922534552880870251e+01
9.990000000000000000e+03 3.924504337642702723e+01
9.991000000000000000e+03 3.926444697692382135e+01
9.992000000000000000e+03 3.928348106136306939e+01
9.993000000000000000e+03 3.930206146055675021e+01
9.994000000000000000e+03 3.931928672117975054e+01
9.995000000000000000e+03 3.933533539957290515e+01
9.996000000000000000e+03 3.935039049738340111e+01
9.997000000000000000e+03 3.936438498342482717e+01
9.998000000000000000e+03 3.937726555645660653e+01
9.999000000000000000e+03 3.938899790596799733e+01
1.000000000000000000e+04 3.939957203781973760e+01
